-2.959659261064438329e+00 -2.959659261064438329e+00 -2.959659261064438329e+00 -2.959659261064438329e+00 -2.959659261064438329e+00 -2.959659261064438329e+00 -2.959659261064438329e+00 -2.959659261064438329e+00 -2.959659261064438329e+00 -2.959659261064438329e+00 -2.959659261064438329e+00 -2.959659261064438329e+00 -2.959659261064438329e+00 -2.959659261064438329e+00 -2.959659261064438329e+00 -2.959659261064438329e+00 -2.959659261064438329e+00 -2.959659261064438329e+00 -2.959659261064438329e+00 -2.959659261064438329e+00 -2.959659261064438329e+00 -2.959659261064438329e+00 -2.959659261064438329e+00 -2.959659261064438329e+00 -2.959659261064438329e+00 -2.959659261064438329e+00 -2.959659261064438329e+00 -2.959659261064438329e+00 -2.959659261064438329e+00 -2.959659261064438329e+00 -2.959659261064438329e+00 -2.959659261064438329e+00 -2.959659261064438329e+00 -2.959659261064438329e+00 -2.959659261064438329e+00 -2.959659261064438329e+00 -2.959659261064438329e+00 -2.959659261064438329e+00 -2.959659261064438329e+00 -2.959659261064438329e+00 -2.959659261064438329e+00 -2.959659261064438329e+00 -2.959659261064438329e+00 -2.959659261064438329e+00 -2.959659261064438329e+00 -2.959659261064438329e+00 -2.959659261064438329e+00 -2.959659261064438329e+00 -2.959659261064438329e+00 -2.959659261064438329e+00 -2.959659261064438329e+00 -2.959659261064438329e+00 -2.959659261064438329e+00 -2.959659261064438329e+00 -2.959659261064438329e+00 -2.959659261064438329e+00 -2.959659261064438329e+00 -2.959659261064438329e+00 -2.959659261064438329e+00 -2.959659261064438329e+00 -2.959659261064438329e+00 -2.959659261064438329e+00 -2.959659261064438329e+00 -2.959659261064438329e+00 -2.959659261064438329e+00 -2.959659261064438329e+00 -2.959659261064438329e+00 -2.959659261064438329e+00 -2.959659261064438329e+00 -2.959659261064438329e+00 -2.959659261064438329e+00 -2.959659261064438329e+00 -2.959659261064438329e+00 -2.959659261064438329e+00 -2.959659261064438329e+00 -2.959659261064438329e+00 -2.959659261064438329e+00 -2.959659261064438329e+00 -2.959659261064438329e+00 -2.959659261064438329e+00 -2.959659261064438329e+00 -2.959659261064438329e+00 -2.959659261064438329e+00 -2.959659261064438329e+00 -2.959659261064438329e+00 -2.959659261064438329e+00 -2.959659261064438329e+00 -2.959659261064438329e+00 -2.959659261064438329e+00 -2.959659261064438329e+00 -2.959659261064438329e+00 -2.959659261064438329e+00 -2.959659261064438329e+00 -2.959659261064438329e+00 -2.959659261064438329e+00
-2.959659261064438329e+00 -2.959659261064438329e+00 -2.959659261064438329e+00 -2.959659261064438329e+00 -2.959659261064438329e+00 -2.959659261064438329e+00 -2.959659261064438329e+00 -2.959659261064438329e+00 -2.959659261064438329e+00 -2.959659261064438329e+00 -2.959659261064438329e+00 -2.959659261064438329e+00 -2.959659261064438329e+00 -2.959659261064438329e+00 -2.959659261064438329e+00 -2.959659261064438329e+00 -2.959659261064438329e+00 -2.959659261064438329e+00 -2.959659261064438329e+00 -2.959659261064438329e+00 -2.959659261064438329e+00 -2.959659261064438329e+00 -2.959659261064438329e+00 -2.959659261064438329e+00 -2.959659261064438329e+00 -2.959659261064438329e+00 -2.959659261064438329e+00 -2.959659261064438329e+00 -2.959659261064438329e+00 -2.959659261064438329e+00 -2.959659261064438329e+00 -2.959659261064438329e+00 -2.959659261064438329e+00 -2.959659261064438329e+00 -2.959659261064438329e+00 -2.959659261064438329e+00 -2.959659261064438329e+00 -2.959659261064438329e+00 -2.959659261064438329e+00 -2.959659261064438329e+00 -2.959659261064438329e+00 -2.959659261064438329e+00 -2.959659261064438329e+00 -2.959659261064438329e+00 -2.959659261064438329e+00 -2.959659261064438329e+00 -2.959659261064438329e+00 -2.959659261064438329e+00 -2.959659261064438329e+00 -2.959659261064438329e+00 -2.959659261064438329e+00 -2.959659261064438329e+00 -2.959659261064438329e+00 -2.959659261064438329e+00 -2.959659261064438329e+00 -2.959659261064438329e+00 -2.959659261064438329e+00 -2.959659261064438329e+00 -2.959659261064438329e+00 -2.959659261064438329e+00 -2.959659261064438329e+00 -2.959659261064438329e+00 -2.959659261064438329e+00 -2.959659261064438329e+00 -2.959659261064438329e+00 -2.959659261064438329e+00 -2.959659261064438329e+00 -2.959659261064438329e+00 -2.959659261064438329e+00 -2.959659261064438329e+00 -2.959659261064438329e+00 -2.959659261064438329e+00 -2.959659261064438329e+00 -2.959659261064438329e+00 -2.959659261064438329e+00 -2.959659261064438329e+00 -2.959659261064438329e+00 -2.959659261064438329e+00 -2.959659261064438329e+00 -2.959659261064438329e+00 -2.959659261064438329e+00 -2.959659261064438329e+00 -2.959659261064438329e+00 -2.959659261064438329e+00 -2.959659261064438329e+00 -2.959659261064438329e+00 -2.959659261064438329e+00 -2.959659261064438329e+00 -2.959659261064438329e+00 -2.959659261064438329e+00 -2.959659261064438329e+00 -2.959659261064438329e+00 -2.959659261064438329e+00 -2.959659261064438329e+00 -2.959659261064438329e+00
-2.959659261064438329e+00 -2.959659261064438329e+00 -2.959659261064438329e+00 -2.959659261064438329e+00 -2.959659261064438329e+00 -2.959659261064438329e+00 -2.959659261064438329e+00 -2.959659261064438329e+00 -2.959659261064438329e+00 -2.959659261064438329e+00 -2.959659261064438329e+00 -2.959659261064438329e+00 -2.959659261064438329e+00 -2.959659261064438329e+00 -2.959659261064438329e+00 -2.959659261064438329e+00 -2.959659261064438329e+00 -2.959659261064438329e+00 -2.959659261064438329e+00 -2.959659261064438329e+00 -2.959659261064438329e+00 -2.959659261064438329e+00 -2.959659261064438329e+00 -2.959659261064438329e+00 -2.959659261064438329e+00 -2.959659261064438329e+00 -2.959659261064438329e+00 -2.959659261064438329e+00 -2.959659261064438329e+00 -2.959659261064438329e+00 -2.959659261064438329e+00 -2.959659261064438329e+00 -2.959659261064438329e+00 -2.959659261064438329e+00 -2.959659261064438329e+00 -2.959659261064438329e+00 -2.959659261064438329e+00 -2.959659261064438329e+00 -2.959659261064438329e+00 -2.959659261064438329e+00 -2.959659261064438329e+00 -2.959659261064438329e+00 -2.959659261064438329e+00 -2.959659261064438329e+00 -2.959659261064438329e+00 -2.959659261064438329e+00 -2.959659261064438329e+00 -2.959659261064438329e+00 -2.959659261064438329e+00 -2.959659261064438329e+00 -2.959659261064438329e+00 -2.959659261064438329e+00 -2.959659261064438329e+00 -2.959659261064438329e+00 -2.959659261064438329e+00 -2.959659261064438329e+00 -2.959659261064438329e+00 -2.959659261064438329e+00 -2.959659261064438329e+00 -2.959659261064438329e+00 -2.959659261064438329e+00 -2.959659261064438329e+00 -2.959659261064438329e+00 -2.959659261064438329e+00 -2.959659261064438329e+00 -2.959659261064438329e+00 -2.959659261064438329e+00 -2.959659261064438329e+00 -2.959659261064438329e+00 -2.959659261064438329e+00 -2.959659261064438329e+00 -2.959659261064438329e+00 -2.959659261064438329e+00 -2.959659261064438329e+00 -2.959659261064438329e+00 -2.959659261064438329e+00 -2.959659261064438329e+00 -2.959659261064438329e+00 -2.959659261064438329e+00 -2.959659261064438329e+00 -2.959659261064438329e+00 -2.959659261064438329e+00 -2.959659261064438329e+00 -2.959659261064438329e+00 -2.959659261064438329e+00 -2.959659261064438329e+00 -2.959659261064438329e+00 -2.959659261064438329e+00 -2.959659261064438329e+00 -2.959659261064438329e+00 -2.959659261064438329e+00 -2.959659261064438329e+00 -2.959659261064438329e+00 -2.959659261064438329e+00 -2.959659261064438329e+00
-2.959659261064438329e+00 -2.959659261064438329e+00 -2.959659261064438329e+00 -2.959659261064438329e+00 -2.959659261064438329e+00 -2.959659261064438329e+00 -2.959659261064438329e+00 -2.959659261064438329e+00 -2.959659261064438329e+00 -2.959659261064438329e+00 -2.959659261064438329e+00 -2.959659261064438329e+00 -2.959659261064438329e+00 -2.959659261064438329e+00 -2.959659261064438329e+00 -2.959659261064438329e+00 -2.959659261064438329e+00 -2.959659261064438329e+00 -2.959659261064438329e+00 -2.959659261064438329e+00 -2.959659261064438329e+00 -2.959659261064438329e+00 -2.959659261064438329e+00 -2.959659261064438329e+00 -2.959659261064438329e+00 -2.959659261064438329e+00 -2.959659261064438329e+00 -2.959659261064438329e+00 -2.959659261064438329e+00 -2.959659261064438329e+00 -2.959659261064438329e+00 -2.959659261064438329e+00 -2.959659261064438329e+00 -2.959659261064438329e+00 -2.959659261064438329e+00 -2.959659261064438329e+00 -2.959659261064438329e+00 -2.959659261064438329e+00 -2.959659261064438329e+00 -2.959659261064438329e+00 -2.959659261064438329e+00 -2.959659261064438329e+00 -2.959659261064438329e+00 -2.959659261064438329e+00 -2.959659261064438329e+00 -2.959659261064438329e+00 -2.959659261064438329e+00 -2.959659261064438329e+00 -2.959659261064438329e+00 -2.959659261064438329e+00 -2.959659261064438329e+00 -2.959659261064438329e+00 -2.959659261064438329e+00 -2.959659261064438329e+00 -2.959659261064438329e+00 -2.959659261064438329e+00 -2.959659261064438329e+00 -2.959659261064438329e+00 -2.959659261064438329e+00 -2.959659261064438329e+00 -2.959659261064438329e+00 -2.959659261064438329e+00 -2.959659261064438329e+00 -2.959659261064438329e+00 -2.959659261064438329e+00 -2.959659261064438329e+00 -2.959659261064438329e+00 -2.959659261064438329e+00 -2.959659261064438329e+00 -2.959659261064438329e+00 -2.959659261064438329e+00 -2.959659261064438329e+00 -2.959659261064438329e+00 -2.959659261064438329e+00 -2.959659261064438329e+00 -2.959659261064438329e+00 -2.959659261064438329e+00 -2.959659261064438329e+00 -2.959659261064438329e+00 -2.959659261064438329e+00 -2.959659261064438329e+00 -2.959659261064438329e+00 -2.959659261064438329e+00 -2.959659261064438329e+00 -2.959659261064438329e+00 -2.959659261064438329e+00 -2.959659261064438329e+00 -2.959659261064438329e+00 -2.959659261064438329e+00 -2.959659261064438329e+00 -2.959659261064438329e+00 -2.959659261064438329e+00 -2.959659261064438329e+00 -2.959659261064438329e+00 -2.959659261064438329e+00
-2.959659261064438329e+00 -2.959659261064438329e+00 -2.959659261064438329e+00 -2.959659261064438329e+00 -2.959659261064438329e+00 -2.959659261064438329e+00 -2.959659261064438329e+00 -2.959659261064438329e+00 -2.959659261064438329e+00 -2.959659261064438329e+00 -2.959659261064438329e+00 -2.959659261064438329e+00 -2.959659261064438329e+00 -2.959659261064438329e+00 -2.959659261064438329e+00 -2.959659261064438329e+00 -2.959659261064438329e+00 -2.959659261064438329e+00 -2.959659261064438329e+00 -2.959659261064438329e+00 -2.959659261064438329e+00 -2.959659261064438329e+00 -2.959659261064438329e+00 -2.959659261064438329e+00 -2.959659261064438329e+00 -2.959659261064438329e+00 -2.959659261064438329e+00 -2.959659261064438329e+00 -2.959659261064438329e+00 -2.959659261064438329e+00 -2.959659261064438329e+00 -2.959659261064438329e+00 -2.959659261064438329e+00 -2.959659261064438329e+00 -2.959659261064438329e+00 -2.959659261064438329e+00 -2.959659261064438329e+00 -2.959659261064438329e+00 -2.959659261064438329e+00 -2.959659261064438329e+00 -2.959659261064438329e+00 -2.959659261064438329e+00 -2.959659261064438329e+00 -2.959659261064438329e+00 -2.959659261064438329e+00 -2.959659261064438329e+00 -2.959659261064438329e+00 -2.959659261064438329e+00 -2.959659261064438329e+00 -2.959659261064438329e+00 -2.959659261064438329e+00 -2.959659261064438329e+00 -2.959659261064438329e+00 -2.959659261064438329e+00 -2.959659261064438329e+00 -2.959659261064438329e+00 -2.959659261064438329e+00 -2.959659261064438329e+00 -2.959659261064438329e+00 -2.959659261064438329e+00 -2.959659261064438329e+00 -2.959659261064438329e+00 -2.959659261064438329e+00 -2.959659261064438329e+00 -2.959659261064438329e+00 -2.959659261064438329e+00 -2.959659261064438329e+00 -2.959659261064438329e+00 -2.959659261064438329e+00 -2.959659261064438329e+00 -2.959659261064438329e+00 -2.959659261064438329e+00 -2.959659261064438329e+00 -2.959659261064438329e+00 -2.959659261064438329e+00 -2.959659261064438329e+00 -2.959659261064438329e+00 -2.959659261064438329e+00 -2.959659261064438329e+00 -2.959659261064438329e+00 -2.959659261064438329e+00 -2.959659261064438329e+00 -2.959659261064438329e+00 -2.959659261064438329e+00 -2.959659261064438329e+00 -2.959659261064438329e+00 -2.959659261064438329e+00 -2.959659261064438329e+00 -2.959659261064438329e+00 -2.959659261064438329e+00 -2.959659261064438329e+00 -2.959659261064438329e+00 -2.959659261064438329e+00 -2.959659261064438329e+00 -2.959659261064438329e+00
-2.959659261064438329e+00 -2.959659261064438329e+00 -2.959659261064438329e+00 -2.959659261064438329e+00 -2.959659261064438329e+00 -2.959659261064438329e+00 -2.959659261064438329e+00 -2.959659261064438329e+00 -2.959659261064438329e+00 -2.959659261064438329e+00 -2.959659261064438329e+00 -2.959659261064438329e+00 -2.959659261064438329e+00 -2.959659261064438329e+00 -2.959659261064438329e+00 -2.959659261064438329e+00 -2.959659261064438329e+00 -2.959659261064438329e+00 -2.959659261064438329e+00 -2.959659261064438329e+00 -2.959659261064438329e+00 -2.959659261064438329e+00 -2.959659261064438329e+00 -2.959659261064438329e+00 -2.959659261064438329e+00 -2.959659261064438329e+00 -2.959659261064438329e+00 -2.959659261064438329e+00 -2.959659261064438329e+00 -2.959659261064438329e+00 -2.959659261064438329e+00 -2.959659261064438329e+00 -2.959659261064438329e+00 -2.959659261064438329e+00 -2.959659261064438329e+00 -2.959659261064438329e+00 -2.959659261064438329e+00 -2.959659261064438329e+00 -2.959659261064438329e+00 -2.959659261064438329e+00 -2.959659261064438329e+00 -2.959659261064438329e+00 -2.959659261064438329e+00 -2.959659261064438329e+00 -2.959659261064438329e+00 -2.959659261064438329e+00 -2.959659261064438329e+00 -2.959659261064438329e+00 -2.959659261064438329e+00 -2.959659261064438329e+00 -2.959659261064438329e+00 -2.959659261064438329e+00 -2.959659261064438329e+00 -2.959659261064438329e+00 -2.959659261064438329e+00 -2.959659261064438329e+00 -2.959659261064438329e+00 -2.959659261064438329e+00 -2.959659261064438329e+00 -2.959659261064438329e+00 -2.959659261064438329e+00 -2.959659261064438329e+00 -2.959659261064438329e+00 -2.959659261064438329e+00 -2.959659261064438329e+00 -2.959659261064438329e+00 -2.959659261064438329e+00 -2.959659261064438329e+00 -2.959659261064438329e+00 -2.959659261064438329e+00 -2.959659261064438329e+00 -2.959659261064438329e+00 -2.959659261064438329e+00 -2.959659261064438329e+00 -2.959659261064438329e+00 -2.959659261064438329e+00 -2.959659261064438329e+00 -2.959659261064438329e+00 -2.959659261064438329e+00 -2.959659261064438329e+00 -2.959659261064438329e+00 -2.959659261064438329e+00 -2.959659261064438329e+00 -2.959659261064438329e+00 -2.959659261064438329e+00 -2.959659261064438329e+00 -2.959659261064438329e+00 -2.959659261064438329e+00 -2.959659261064438329e+00 -2.959659261064438329e+00 -2.959659261064438329e+00 -2.959659261064438329e+00 -2.959659261064438329e+00 -2.959659261064438329e+00 -2.959659261064438329e+00
-2.959659261064438329e+00 -2.959659261064438329e+00 -2.959659261064438329e+00 -2.959659261064438329e+00 -2.959659261064438329e+00 -2.959659261064438329e+00 -2.959659261064438329e+00 -2.959659261064438329e+00 -2.959659261064438329e+00 -2.959659261064438329e+00 -2.959659261064438329e+00 -2.959659261064438329e+00 -2.959659261064438329e+00 -2.959659261064438329e+00 -2.959659261064438329e+00 -2.959659261064438329e+00 -2.959659261064438329e+00 -2.959659261064438329e+00 -2.959659261064438329e+00 -2.959659261064438329e+00 -2.959659261064438329e+00 -2.959659261064438329e+00 -2.959659261064438329e+00 -2.959659261064438329e+00 -2.959659261064438329e+00 -2.959659261064438329e+00 -2.959659261064438329e+00 -2.959659261064438329e+00 -2.959659261064438329e+00 -2.959659261064438329e+00 -2.959659261064438329e+00 -2.959659261064438329e+00 -2.959659261064438329e+00 -2.959659261064438329e+00 -2.959659261064438329e+00 -2.959659261064438329e+00 -2.959659261064438329e+00 -2.959659261064438329e+00 -2.959659261064438329e+00 -2.959659261064438329e+00 -2.959659261064438329e+00 -2.959659261064438329e+00 -2.959659261064438329e+00 -2.959659261064438329e+00 -2.959659261064438329e+00 -2.959659261064438329e+00 -2.959659261064438329e+00 -2.959659261064438329e+00 -2.959659261064438329e+00 -2.959659261064438329e+00 -2.959659261064438329e+00 -2.959659261064438329e+00 -2.959659261064438329e+00 -2.959659261064438329e+00 -2.959659261064438329e+00 -2.959659261064438329e+00 -2.959659261064438329e+00 -2.959659261064438329e+00 -2.959659261064438329e+00 -2.959659261064438329e+00 -2.959659261064438329e+00 -2.959659261064438329e+00 -2.959659261064438329e+00 -2.959659261064438329e+00 -2.959659261064438329e+00 -2.959659261064438329e+00 -2.959659261064438329e+00 -2.959659261064438329e+00 -2.959659261064438329e+00 -2.959659261064438329e+00 -2.959659261064438329e+00 -2.959659261064438329e+00 -2.959659261064438329e+00 -2.959659261064438329e+00 -2.959659261064438329e+00 -2.959659261064438329e+00 -2.959659261064438329e+00 -2.959659261064438329e+00 -2.959659261064438329e+00 -2.959659261064438329e+00 -2.959659261064438329e+00 -2.959659261064438329e+00 -2.959659261064438329e+00 -2.959659261064438329e+00 -2.959659261064438329e+00 -2.959659261064438329e+00 -2.959659261064438329e+00 -2.959659261064438329e+00 -2.959659261064438329e+00 -2.959659261064438329e+00 -2.959659261064438329e+00 -2.959659261064438329e+00 -2.959659261064438329e+00 -2.959659261064438329e+00 -2.959659261064438329e+00
-2.959659261064438329e+00 -2.959659261064438329e+00 -2.959659261064438329e+00 -2.959659261064438329e+00 -2.959659261064438329e+00 -2.959659261064438329e+00 -2.959659261064438329e+00 -2.959659261064438329e+00 -2.959659261064438329e+00 -2.959659261064438329e+00 -2.959659261064438329e+00 -2.959659261064438329e+00 -2.959659261064438329e+00 -2.959659261064438329e+00 -2.959659261064438329e+00 -2.959659261064438329e+00 -2.959659261064438329e+00 -2.959659261064438329e+00 -2.959659261064438329e+00 -2.959659261064438329e+00 -2.959659261064438329e+00 -2.959659261064438329e+00 -2.959659261064438329e+00 -2.959659261064438329e+00 -2.959659261064438329e+00 -2.959659261064438329e+00 -2.959659261064438329e+00 -2.959659261064438329e+00 -2.959659261064438329e+00 -2.959659261064438329e+00 -2.959659261064438329e+00 -2.959659261064438329e+00 -2.959659261064438329e+00 -2.959659261064438329e+00 -2.959659261064438329e+00 -2.959659261064438329e+00 -2.959659261064438329e+00 -2.959659261064438329e+00 -2.959659261064438329e+00 -2.959659261064438329e+00 -2.959659261064438329e+00 -2.959659261064438329e+00 -2.959659261064438329e+00 -2.959659261064438329e+00 -2.959659261064438329e+00 -2.959659261064438329e+00 -2.959659261064438329e+00 -2.959659261064438329e+00 -2.959659261064438329e+00 -2.959659261064438329e+00 -2.959659261064438329e+00 -2.959659261064438329e+00 -2.959659261064438329e+00 -2.959659261064438329e+00 -2.959659261064438329e+00 -2.959659261064438329e+00 -2.959659261064438329e+00 -2.959659261064438329e+00 -2.959659261064438329e+00 -2.959659261064438329e+00 -2.959659261064438329e+00 -2.959659261064438329e+00 -2.959659261064438329e+00 -2.959659261064438329e+00 -2.959659261064438329e+00 -2.959659261064438329e+00 -2.959659261064438329e+00 -2.959659261064438329e+00 -2.959659261064438329e+00 -2.959659261064438329e+00 -2.959659261064438329e+00 -2.959659261064438329e+00 -2.959659261064438329e+00 -2.959659261064438329e+00 -2.959659261064438329e+00 -2.959659261064438329e+00 -2.959659261064438329e+00 -2.959659261064438329e+00 -2.959659261064438329e+00 -2.959659261064438329e+00 -2.959659261064438329e+00 -2.959659261064438329e+00 -2.959659261064438329e+00 -2.959659261064438329e+00 -2.959659261064438329e+00 -2.959659261064438329e+00 -2.959659261064438329e+00 -2.959659261064438329e+00 -2.959659261064438329e+00 -2.959659261064438329e+00 -2.959659261064438329e+00 -2.959659261064438329e+00 -2.959659261064438329e+00 -2.959659261064438329e+00 -2.959659261064438329e+00
-2.959659261064438329e+00 -2.959659261064438329e+00 -2.959659261064438329e+00 -2.959659261064438329e+00 -2.959659261064438329e+00 -2.959659261064438329e+00 -2.959659261064438329e+00 -2.959659261064438329e+00 -2.959659261064438329e+00 -2.959659261064438329e+00 -2.959659261064438329e+00 -2.959659261064438329e+00 -2.959659261064438329e+00 -2.959659261064438329e+00 -2.959659261064438329e+00 -2.959659261064438329e+00 -2.959659261064438329e+00 -2.959659261064438329e+00 -2.959659261064438329e+00 -2.959659261064438329e+00 -2.959659261064438329e+00 -2.959659261064438329e+00 -2.959659261064438329e+00 -2.959659261064438329e+00 -2.959659261064438329e+00 -2.959659261064438329e+00 -2.959659261064438329e+00 -2.959659261064438329e+00 -2.959659261064438329e+00 -2.959659261064438329e+00 -2.959659261064438329e+00 -2.959659261064438329e+00 -2.959659261064438329e+00 -2.959659261064438329e+00 -2.959659261064438329e+00 -2.959659261064438329e+00 -2.959659261064438329e+00 -2.959659261064438329e+00 -2.959659261064438329e+00 -2.959659261064438329e+00 -2.959659261064438329e+00 -2.959659261064438329e+00 -2.959659261064438329e+00 -2.959659261064438329e+00 -2.959659261064438329e+00 -2.959659261064438329e+00 -2.959659261064438329e+00 -2.959659261064438329e+00 -2.959659261064438329e+00 -2.959659261064438329e+00 -2.959659261064438329e+00 -2.959659261064438329e+00 -2.959659261064438329e+00 -2.959659261064438329e+00 -2.959659261064438329e+00 -2.959659261064438329e+00 -2.959659261064438329e+00 -2.959659261064438329e+00 -2.959659261064438329e+00 -2.959659261064438329e+00 -2.959659261064438329e+00 -2.959659261064438329e+00 -2.959659261064438329e+00 -2.959659261064438329e+00 -2.959659261064438329e+00 -2.959659261064438329e+00 -2.959659261064438329e+00 -2.959659261064438329e+00 -2.959659261064438329e+00 -2.959659261064438329e+00 -2.959659261064438329e+00 -2.959659261064438329e+00 -2.959659261064438329e+00 -2.959659261064438329e+00 -2.959659261064438329e+00 -2.959659261064438329e+00 -2.959659261064438329e+00 -2.959659261064438329e+00 -2.959659261064438329e+00 -2.959659261064438329e+00 -2.959659261064438329e+00 -2.959659261064438329e+00 -2.959659261064438329e+00 -2.959659261064438329e+00 -2.959659261064438329e+00 -2.959659261064438329e+00 -2.959659261064438329e+00 -2.959659261064438329e+00 -2.959659261064438329e+00 -2.959659261064438329e+00 -2.959659261064438329e+00 -2.959659261064438329e+00 -2.959659261064438329e+00 -2.959659261064438329e+00 -2.959659261064438329e+00
-2.959659261064438329e+00 -2.959659261064438329e+00 -2.959659261064438329e+00 -2.959659261064438329e+00 -2.959659261064438329e+00 -2.959659261064438329e+00 -2.959659261064438329e+00 -2.959659261064438329e+00 -2.959659261064438329e+00 -2.959659261064438329e+00 -2.959659261064438329e+00 -2.959659261064438329e+00 -2.959659261064438329e+00 -2.959659261064438329e+00 -2.959659261064438329e+00 -2.959659261064438329e+00 -2.959659261064438329e+00 -2.959659261064438329e+00 -2.959659261064438329e+00 -2.959659261064438329e+00 -2.959659261064438329e+00 -2.959659261064438329e+00 -2.959659261064438329e+00 -2.959659261064438329e+00 -2.959659261064438329e+00 -2.959659261064438329e+00 -2.959659261064438329e+00 -2.959659261064438329e+00 -2.959659261064438329e+00 -2.959659261064438329e+00 -2.959659261064438329e+00 -2.959659261064438329e+00 -2.959659261064438329e+00 -2.959659261064438329e+00 -2.959659261064438329e+00 -2.959659261064438329e+00 -2.959659261064438329e+00 -2.959659261064438329e+00 -2.959659261064438329e+00 -2.959659261064438329e+00 -2.959659261064438329e+00 -2.959659261064438329e+00 -2.959659261064438329e+00 -2.959659261064438329e+00 -2.959659261064438329e+00 -2.959659261064438329e+00 -2.959659261064438329e+00 -2.959659261064438329e+00 -2.959659261064438329e+00 -2.959659261064438329e+00 -2.959659261064438329e+00 -2.959659261064438329e+00 -2.959659261064438329e+00 -2.959659261064438329e+00 -2.959659261064438329e+00 -2.959659261064438329e+00 -2.959659261064438329e+00 -2.959659261064438329e+00 -2.959659261064438329e+00 -2.959659261064438329e+00 -2.959659261064438329e+00 -2.959659261064438329e+00 -2.959659261064438329e+00 -2.959659261064438329e+00 -2.959659261064438329e+00 -2.959659261064438329e+00 -2.959659261064438329e+00 -2.959659261064438329e+00 -2.959659261064438329e+00 -2.959659261064438329e+00 -2.959659261064438329e+00 -2.959659261064438329e+00 -2.959659261064438329e+00 -2.959659261064438329e+00 -2.959659261064438329e+00 -2.959659261064438329e+00 -2.959659261064438329e+00 -2.959659261064438329e+00 -2.959659261064438329e+00 -2.959659261064438329e+00 -2.959659261064438329e+00 -2.959659261064438329e+00 -2.959659261064438329e+00 -2.959659261064438329e+00 -2.959659261064438329e+00 -2.959659261064438329e+00 -2.959659261064438329e+00 -2.959659261064438329e+00 -2.959659261064438329e+00 -2.959659261064438329e+00 -2.959659261064438329e+00 -2.959659261064438329e+00 -2.959659261064438329e+00 -2.959659261064438329e+00 -2.959659261064438329e+00
-2.959659261064438329e+00 -2.959659261064438329e+00 -2.959659261064438329e+00 -2.959659261064438329e+00 -2.959659261064438329e+00 -2.959659261064438329e+00 -2.959659261064438329e+00 -2.959659261064438329e+00 -2.959659261064438329e+00 -2.959659261064438329e+00 -2.959659261064438329e+00 -2.959659261064438329e+00 -2.959659261064438329e+00 -2.959659261064438329e+00 -2.959659261064438329e+00 -2.959659261064438329e+00 -2.959659261064438329e+00 -2.959659261064438329e+00 -2.959659261064438329e+00 -2.959659261064438329e+00 -2.959659261064438329e+00 -2.959659261064438329e+00 -2.959659261064438329e+00 -2.959659261064438329e+00 -2.959659261064438329e+00 -2.959659261064438329e+00 -2.959659261064438329e+00 -2.959659261064438329e+00 -2.959659261064438329e+00 -2.959659261064438329e+00 -2.959659261064438329e+00 -2.959659261064438329e+00 -2.959659261064438329e+00 -2.959659261064438329e+00 -2.959659261064438329e+00 -2.959659261064438329e+00 -2.959659261064438329e+00 -2.959659261064438329e+00 -2.959659261064438329e+00 -2.959659261064438329e+00 -2.959659261064438329e+00 -2.959659261064438329e+00 -2.959659261064438329e+00 -2.959659261064438329e+00 -2.959659261064438329e+00 -2.959659261064438329e+00 -2.959659261064438329e+00 -2.959659261064438329e+00 -2.959659261064438329e+00 -2.959659261064438329e+00 -2.959659261064438329e+00 -2.959659261064438329e+00 -2.959659261064438329e+00 -2.959659261064438329e+00 -2.959659261064438329e+00 -2.959659261064438329e+00 -2.959659261064438329e+00 -2.959659261064438329e+00 -2.959659261064438329e+00 -2.959659261064438329e+00 -2.959659261064438329e+00 -2.959659261064438329e+00 -2.959659261064438329e+00 -2.959659261064438329e+00 -2.959659261064438329e+00 -2.959659261064438329e+00 -2.959659261064438329e+00 -2.959659261064438329e+00 -2.959659261064438329e+00 -2.959659261064438329e+00 -2.959659261064438329e+00 -2.959659261064438329e+00 -2.959659261064438329e+00 -2.959659261064438329e+00 -2.959659261064438329e+00 -2.959659261064438329e+00 -2.959659261064438329e+00 -2.959659261064438329e+00 -2.959659261064438329e+00 -2.959659261064438329e+00 -2.959659261064438329e+00 -2.959659261064438329e+00 -2.959659261064438329e+00 -2.959659261064438329e+00 -2.959659261064438329e+00 -2.959659261064438329e+00 -2.959659261064438329e+00 -2.959659261064438329e+00 -2.959659261064438329e+00 -2.959659261064438329e+00 -2.959659261064438329e+00 -2.959659261064438329e+00 -2.959659261064438329e+00 -2.959659261064438329e+00 -2.959659261064438329e+00
-2.959659261064438329e+00 -2.959659261064438329e+00 -2.959659261064438329e+00 -2.959659261064438329e+00 -2.959659261064438329e+00 -2.959659261064438329e+00 -2.959659261064438329e+00 -2.959659261064438329e+00 -2.959659261064438329e+00 -2.959659261064438329e+00 -2.959659261064438329e+00 -2.959659261064438329e+00 -2.959659261064438329e+00 -2.959659261064438329e+00 -2.959659261064438329e+00 -2.959659261064438329e+00 -2.959659261064438329e+00 -2.959659261064438329e+00 -2.959659261064438329e+00 -2.959659261064438329e+00 -2.959659261064438329e+00 -2.959659261064438329e+00 -2.959659261064438329e+00 -2.959659261064438329e+00 -2.959659261064438329e+00 -2.959659261064438329e+00 -2.959659261064438329e+00 -2.959659261064438329e+00 -2.959659261064438329e+00 -2.959659261064438329e+00 -2.959659261064438329e+00 -2.959659261064438329e+00 -2.959659261064438329e+00 -2.959659261064438329e+00 -2.959659261064438329e+00 -2.959659261064438329e+00 -2.959659261064438329e+00 -2.959659261064438329e+00 -2.959659261064438329e+00 -2.959659261064438329e+00 -2.959659261064438329e+00 -2.959659261064438329e+00 -2.959659261064438329e+00 -2.959659261064438329e+00 -2.959659261064438329e+00 -2.959659261064438329e+00 -2.959659261064438329e+00 -2.959659261064438329e+00 -2.959659261064438329e+00 -2.959659261064438329e+00 -2.959659261064438329e+00 -2.959659261064438329e+00 -2.959659261064438329e+00 -2.959659261064438329e+00 -2.959659261064438329e+00 -2.959659261064438329e+00 -2.959659261064438329e+00 -2.959659261064438329e+00 -2.959659261064438329e+00 -2.959659261064438329e+00 -2.959659261064438329e+00 -2.959659261064438329e+00 -2.959659261064438329e+00 -2.959659261064438329e+00 -2.959659261064438329e+00 -2.959659261064438329e+00 -2.959659261064438329e+00 -2.959659261064438329e+00 -2.959659261064438329e+00 -2.959659261064438329e+00 -2.959659261064438329e+00 -2.959659261064438329e+00 -2.959659261064438329e+00 -2.959659261064438329e+00 -2.959659261064438329e+00 -2.959659261064438329e+00 -2.959659261064438329e+00 -2.959659261064438329e+00 -2.959659261064438329e+00 -2.959659261064438329e+00 -2.959659261064438329e+00 -2.959659261064438329e+00 -2.959659261064438329e+00 -2.959659261064438329e+00 -2.959659261064438329e+00 -2.959659261064438329e+00 -2.959659261064438329e+00 -2.959659261064438329e+00 -2.959659261064438329e+00 -2.959659261064438329e+00 -2.959659261064438329e+00 -2.959659261064438329e+00 -2.959659261064438329e+00 -2.959659261064438329e+00 -2.959659261064438329e+00
-2.959659261064438329e+00 -2.959659261064438329e+00 -2.959659261064438329e+00 -2.959659261064438329e+00 -2.959659261064438329e+00 -2.959659261064438329e+00 -2.959659261064438329e+00 -2.959659261064438329e+00 -2.959659261064438329e+00 -2.959659261064438329e+00 -2.959659261064438329e+00 -2.959659261064438329e+00 -2.959659261064438329e+00 -2.959659261064438329e+00 -2.959659261064438329e+00 -2.959659261064438329e+00 -2.959659261064438329e+00 -2.959659261064438329e+00 -2.959659261064438329e+00 -2.959659261064438329e+00 -2.959659261064438329e+00 -2.959659261064438329e+00 -2.959659261064438329e+00 -2.959659261064438329e+00 -2.959659261064438329e+00 -2.959659261064438329e+00 -2.959659261064438329e+00 -2.959659261064438329e+00 -2.959659261064438329e+00 -2.959659261064438329e+00 -2.959659261064438329e+00 -2.959659261064438329e+00 -2.959659261064438329e+00 -2.959659261064438329e+00 -2.959659261064438329e+00 -2.959659261064438329e+00 -2.959659261064438329e+00 -2.959659261064438329e+00 -2.959659261064438329e+00 -2.959659261064438329e+00 -2.959659261064438329e+00 -2.959659261064438329e+00 -2.959659261064438329e+00 -2.959659261064438329e+00 -2.959659261064438329e+00 -2.959659261064438329e+00 -2.959659261064438329e+00 -2.959659261064438329e+00 -2.959659261064438329e+00 -2.959659261064438329e+00 -2.959659261064438329e+00 -2.959659261064438329e+00 -2.959659261064438329e+00 -2.959659261064438329e+00 -2.959659261064438329e+00 -2.959659261064438329e+00 -2.959659261064438329e+00 -2.959659261064438329e+00 -2.959659261064438329e+00 -2.959659261064438329e+00 -2.959659261064438329e+00 -2.959659261064438329e+00 -2.959659261064438329e+00 -2.959659261064438329e+00 -2.959659261064438329e+00 -2.959659261064438329e+00 -2.959659261064438329e+00 -2.959659261064438329e+00 -2.959659261064438329e+00 -2.959659261064438329e+00 -2.959659261064438329e+00 -2.959659261064438329e+00 -2.959659261064438329e+00 -2.959659261064438329e+00 -2.959659261064438329e+00 -2.959659261064438329e+00 -2.959659261064438329e+00 -2.959659261064438329e+00 -2.959659261064438329e+00 -2.959659261064438329e+00 -2.959659261064438329e+00 -2.959659261064438329e+00 -2.959659261064438329e+00 -2.959659261064438329e+00 -2.959659261064438329e+00 -2.959659261064438329e+00 -2.959659261064438329e+00 -2.959659261064438329e+00 -2.959659261064438329e+00 -2.959659261064438329e+00 -2.959659261064438329e+00 -2.959659261064438329e+00 -2.959659261064438329e+00 -2.959659261064438329e+00 -2.959659261064438329e+00
-2.959659261064438329e+00 -2.959659261064438329e+00 -2.959659261064438329e+00 -2.959659261064438329e+00 -2.959659261064438329e+00 -2.959659261064438329e+00 -2.959659261064438329e+00 -2.959659261064438329e+00 -2.959659261064438329e+00 -2.959659261064438329e+00 -2.959659261064438329e+00 -2.959659261064438329e+00 -2.959659261064438329e+00 -2.959659261064438329e+00 -2.959659261064438329e+00 -2.959659261064438329e+00 -2.959659261064438329e+00 -2.959659261064438329e+00 -2.959659261064438329e+00 -2.959659261064438329e+00 -2.959659261064438329e+00 -2.959659261064438329e+00 -2.959659261064438329e+00 -2.959659261064438329e+00 -2.959659261064438329e+00 -2.959659261064438329e+00 -2.959659261064438329e+00 -2.959659261064438329e+00 -2.959659261064438329e+00 -2.959659261064438329e+00 -2.959659261064438329e+00 -2.959659261064438329e+00 -2.959659261064438329e+00 -2.959659261064438329e+00 -2.959659261064438329e+00 -2.959659261064438329e+00 -2.959659261064438329e+00 -2.959659261064438329e+00 -2.959659261064438329e+00 -2.959659261064438329e+00 -2.959659261064438329e+00 -2.959659261064438329e+00 -2.959659261064438329e+00 -2.959659261064438329e+00 -2.959659261064438329e+00 -2.959659261064438329e+00 -2.959659261064438329e+00 -2.959659261064438329e+00 -2.959659261064438329e+00 -2.959659261064438329e+00 -2.959659261064438329e+00 -2.959659261064438329e+00 -2.959659261064438329e+00 -2.959659261064438329e+00 -2.959659261064438329e+00 -2.959659261064438329e+00 -2.959659261064438329e+00 -2.959659261064438329e+00 -2.959659261064438329e+00 -2.959659261064438329e+00 -2.959659261064438329e+00 -2.959659261064438329e+00 -2.959659261064438329e+00 -2.959659261064438329e+00 -2.959659261064438329e+00 -2.959659261064438329e+00 -2.959659261064438329e+00 -2.959659261064438329e+00 -2.959659261064438329e+00 -2.959659261064438329e+00 -2.959659261064438329e+00 -2.959659261064438329e+00 -2.959659261064438329e+00 -2.959659261064438329e+00 -2.959659261064438329e+00 -2.959659261064438329e+00 -2.959659261064438329e+00 -2.959659261064438329e+00 -2.959659261064438329e+00 -2.959659261064438329e+00 -2.959659261064438329e+00 -2.959659261064438329e+00 -2.959659261064438329e+00 -2.959659261064438329e+00 -2.959659261064438329e+00 -2.959659261064438329e+00 -2.959659261064438329e+00 -2.959659261064438329e+00 -2.959659261064438329e+00 -2.959659261064438329e+00 -2.959659261064438329e+00 -2.959659261064438329e+00 -2.959659261064438329e+00 -2.959659261064438329e+00 -2.959659261064438329e+00
-2.959659261064438329e+00 -2.959659261064438329e+00 -2.959659261064438329e+00 -2.959659261064438329e+00 -2.959659261064438329e+00 -2.959659261064438329e+00 -2.959659261064438329e+00 -2.959659261064438329e+00 -2.959659261064438329e+00 -2.959659261064438329e+00 -2.959659261064438329e+00 -2.959659261064438329e+00 -2.959659261064438329e+00 -2.959659261064438329e+00 -2.959659261064438329e+00 -2.959659261064438329e+00 -2.959659261064438329e+00 -2.959659261064438329e+00 -2.959659261064438329e+00 -2.959659261064438329e+00 -2.959659261064438329e+00 -2.959659261064438329e+00 -2.959659261064438329e+00 -2.959659261064438329e+00 -2.959659261064438329e+00 -2.959659261064438329e+00 -2.959659261064438329e+00 -2.959659261064438329e+00 -2.959659261064438329e+00 -2.959659261064438329e+00 -2.959659261064438329e+00 -2.959659261064438329e+00 -2.959659261064438329e+00 -2.959659261064438329e+00 -2.959659261064438329e+00 -2.959659261064438329e+00 -2.959659261064438329e+00 -2.959659261064438329e+00 -2.959659261064438329e+00 -2.959659261064438329e+00 -2.959659261064438329e+00 -2.959659261064438329e+00 -2.959659261064438329e+00 -2.959659261064438329e+00 -2.959659261064438329e+00 -2.959659261064438329e+00 -2.959659261064438329e+00 -2.959659261064438329e+00 -2.959659261064438329e+00 -2.959659261064438329e+00 -2.959659261064438329e+00 -2.959659261064438329e+00 -2.959659261064438329e+00 -2.959659261064438329e+00 -2.959659261064438329e+00 -2.959659261064438329e+00 -2.959659261064438329e+00 -2.959659261064438329e+00 -2.959659261064438329e+00 -2.959659261064438329e+00 -2.959659261064438329e+00 -2.959659261064438329e+00 -2.959659261064438329e+00 -2.959659261064438329e+00 -2.959659261064438329e+00 -2.959659261064438329e+00 -2.959659261064438329e+00 -2.959659261064438329e+00 -2.959659261064438329e+00 -2.959659261064438329e+00 -2.959659261064438329e+00 -2.959659261064438329e+00 -2.959659261064438329e+00 -2.959659261064438329e+00 -2.959659261064438329e+00 -2.959659261064438329e+00 -2.959659261064438329e+00 -2.959659261064438329e+00 -2.959659261064438329e+00 -2.959659261064438329e+00 -2.959659261064438329e+00 -2.959659261064438329e+00 -2.959659261064438329e+00 -2.959659261064438329e+00 -2.959659261064438329e+00 -2.959659261064438329e+00 -2.959659261064438329e+00 -2.959659261064438329e+00 -2.959659261064438329e+00 -2.959659261064438329e+00 -2.959659261064438329e+00 -2.959659261064438329e+00 -2.959659261064438329e+00 -2.959659261064438329e+00 -2.959659261064438329e+00
-2.959659261064438329e+00 -2.959659261064438329e+00 -2.959659261064438329e+00 -2.959659261064438329e+00 -2.959659261064438329e+00 -2.959659261064438329e+00 -2.959659261064438329e+00 -2.959659261064438329e+00 -2.959659261064438329e+00 -2.959659261064438329e+00 -2.959659261064438329e+00 -2.959659261064438329e+00 -2.959659261064438329e+00 -2.959659261064438329e+00 -2.959659261064438329e+00 -2.959659261064438329e+00 -2.959659261064438329e+00 -2.959659261064438329e+00 -2.959659261064438329e+00 -2.959659261064438329e+00 -2.959659261064438329e+00 -2.959659261064438329e+00 -2.959659261064438329e+00 -2.959659261064438329e+00 -2.959659261064438329e+00 -2.959659261064438329e+00 -2.959659261064438329e+00 -2.959659261064438329e+00 -2.959659261064438329e+00 -2.959659261064438329e+00 -2.959659261064438329e+00 -2.959659261064438329e+00 -2.959659261064438329e+00 -2.959659261064438329e+00 -2.959659261064438329e+00 -2.959659261064438329e+00 -2.959659261064438329e+00 -2.959659261064438329e+00 -2.959659261064438329e+00 -2.959659261064438329e+00 -2.959659261064438329e+00 -2.959659261064438329e+00 -2.959659261064438329e+00 -2.959659261064438329e+00 -2.959659261064438329e+00 -2.959659261064438329e+00 -2.959659261064438329e+00 -2.959659261064438329e+00 -2.959659261064438329e+00 -2.959659261064438329e+00 -2.959659261064438329e+00 -2.959659261064438329e+00 -2.959659261064438329e+00 -2.959659261064438329e+00 -2.959659261064438329e+00 -2.959659261064438329e+00 -2.959659261064438329e+00 -2.959659261064438329e+00 -2.959659261064438329e+00 -2.959659261064438329e+00 -2.959659261064438329e+00 -2.959659261064438329e+00 -2.959659261064438329e+00 -2.959659261064438329e+00 -2.959659261064438329e+00 -2.959659261064438329e+00 -2.959659261064438329e+00 -2.959659261064438329e+00 -2.959659261064438329e+00 -2.959659261064438329e+00 -2.959659261064438329e+00 -2.959659261064438329e+00 -2.959659261064438329e+00 -2.959659261064438329e+00 -2.959659261064438329e+00 -2.959659261064438329e+00 -2.959659261064438329e+00 -2.959659261064438329e+00 -2.959659261064438329e+00 -2.959659261064438329e+00 -2.959659261064438329e+00 -2.959659261064438329e+00 -2.959659261064438329e+00 -2.959659261064438329e+00 -2.959659261064438329e+00 -2.959659261064438329e+00 -2.959659261064438329e+00 -2.959659261064438329e+00 -2.959659261064438329e+00 -2.959659261064438329e+00 -2.959659261064438329e+00 -2.959659261064438329e+00 -2.959659261064438329e+00 -2.959659261064438329e+00 -2.959659261064438329e+00
-2.959659261064438329e+00 -2.959659261064438329e+00 -2.959659261064438329e+00 -2.959659261064438329e+00 -2.959659261064438329e+00 -2.959659261064438329e+00 -2.959659261064438329e+00 -2.959659261064438329e+00 -2.959659261064438329e+00 -2.959659261064438329e+00 -2.959659261064438329e+00 -2.959659261064438329e+00 -2.959659261064438329e+00 -2.959659261064438329e+00 -2.959659261064438329e+00 -2.959659261064438329e+00 -2.959659261064438329e+00 -2.959659261064438329e+00 -2.959659261064438329e+00 -2.959659261064438329e+00 -2.959659261064438329e+00 -2.959659261064438329e+00 -2.959659261064438329e+00 -2.959659261064438329e+00 -2.959659261064438329e+00 -2.959659261064438329e+00 -2.959659261064438329e+00 -2.959659261064438329e+00 -2.959659261064438329e+00 -2.959659261064438329e+00 -2.959659261064438329e+00 -2.959659261064438329e+00 -2.959659261064438329e+00 -2.959659261064438329e+00 -2.959659261064438329e+00 -2.959659261064438329e+00 -2.959659261064438329e+00 -2.959659261064438329e+00 -2.959659261064438329e+00 -2.959659261064438329e+00 -2.959659261064438329e+00 -2.959659261064438329e+00 -2.959659261064438329e+00 -2.959659261064438329e+00 -2.959659261064438329e+00 -2.959659261064438329e+00 -2.959659261064438329e+00 -2.959659261064438329e+00 -2.959659261064438329e+00 -2.959659261064438329e+00 -2.959659261064438329e+00 -2.959659261064438329e+00 -2.959659261064438329e+00 -2.959659261064438329e+00 -2.959659261064438329e+00 -2.959659261064438329e+00 -2.959659261064438329e+00 -2.959659261064438329e+00 -2.959659261064438329e+00 -2.959659261064438329e+00 -2.959659261064438329e+00 -2.959659261064438329e+00 -2.959659261064438329e+00 -2.959659261064438329e+00 -2.959659261064438329e+00 -2.959659261064438329e+00 -2.959659261064438329e+00 -2.959659261064438329e+00 -2.959659261064438329e+00 -2.959659261064438329e+00 -2.959659261064438329e+00 -2.959659261064438329e+00 -2.959659261064438329e+00 -2.959659261064438329e+00 -2.959659261064438329e+00 -2.959659261064438329e+00 -2.959659261064438329e+00 -2.959659261064438329e+00 -2.959659261064438329e+00 -2.959659261064438329e+00 -2.959659261064438329e+00 -2.959659261064438329e+00 -2.959659261064438329e+00 -2.959659261064438329e+00 -2.959659261064438329e+00 -2.959659261064438329e+00 -2.959659261064438329e+00 -2.959659261064438329e+00 -2.959659261064438329e+00 -2.959659261064438329e+00 -2.959659261064438329e+00 -2.959659261064438329e+00 -2.959659261064438329e+00 -2.959659261064438329e+00 -2.959659261064438329e+00
-2.959659261064438329e+00 -2.959659261064438329e+00 -2.959659261064438329e+00 -2.959659261064438329e+00 -2.959659261064438329e+00 -2.959659261064438329e+00 -2.959659261064438329e+00 -2.959659261064438329e+00 -2.959659261064438329e+00 -2.959659261064438329e+00 -2.959659261064438329e+00 -2.959659261064438329e+00 -2.959659261064438329e+00 -2.959659261064438329e+00 -2.959659261064438329e+00 -2.959659261064438329e+00 -2.959659261064438329e+00 -2.959659261064438329e+00 -2.959659261064438329e+00 -2.959659261064438329e+00 -2.959659261064438329e+00 -2.959659261064438329e+00 -2.959659261064438329e+00 -2.959659261064438329e+00 -2.959659261064438329e+00 -2.959659261064438329e+00 -2.959659261064438329e+00 -2.959659261064438329e+00 -2.959659261064438329e+00 -2.959659261064438329e+00 -2.959659261064438329e+00 -2.959659261064438329e+00 -2.959659261064438329e+00 -2.959659261064438329e+00 -2.959659261064438329e+00 -2.959659261064438329e+00 -2.959659261064438329e+00 -2.959659261064438329e+00 -2.959659261064438329e+00 -2.959659261064438329e+00 -2.959659261064438329e+00 -2.959659261064438329e+00 -2.959659261064438329e+00 -2.959659261064438329e+00 -2.959659261064438329e+00 -2.959659261064438329e+00 -2.959659261064438329e+00 -2.959659261064438329e+00 -2.959659261064438329e+00 -2.959659261064438329e+00 -2.959659261064438329e+00 -2.959659261064438329e+00 -2.959659261064438329e+00 -2.959659261064438329e+00 -2.959659261064438329e+00 -2.959659261064438329e+00 -2.959659261064438329e+00 -2.959659261064438329e+00 -2.959659261064438329e+00 -2.959659261064438329e+00 -2.959659261064438329e+00 -2.959659261064438329e+00 -2.959659261064438329e+00 -2.959659261064438329e+00 -2.959659261064438329e+00 -2.959659261064438329e+00 -2.959659261064438329e+00 -2.959659261064438329e+00 -2.959659261064438329e+00 -2.959659261064438329e+00 -2.959659261064438329e+00 -2.959659261064438329e+00 -2.959659261064438329e+00 -2.959659261064438329e+00 -2.959659261064438329e+00 -2.959659261064438329e+00 -2.959659261064438329e+00 -2.959659261064438329e+00 -2.959659261064438329e+00 -2.959659261064438329e+00 -2.959659261064438329e+00 -2.959659261064438329e+00 -2.959659261064438329e+00 -2.959659261064438329e+00 -2.959659261064438329e+00 -2.959659261064438329e+00 -2.959659261064438329e+00 -2.959659261064438329e+00 -2.959659261064438329e+00 -2.959659261064438329e+00 -2.959659261064438329e+00 -2.959659261064438329e+00 -2.959659261064438329e+00 -2.959659261064438329e+00 -2.959659261064438329e+00
-2.959659261064438329e+00 -2.959659261064438329e+00 -2.959659261064438329e+00 -2.959659261064438329e+00 -2.959659261064438329e+00 -2.959659261064438329e+00 -2.959659261064438329e+00 -2.959659261064438329e+00 -2.959659261064438329e+00 -2.959659261064438329e+00 -2.959659261064438329e+00 -2.959659261064438329e+00 -2.959659261064438329e+00 -2.959659261064438329e+00 -2.959659261064438329e+00 -2.959659261064438329e+00 -2.959659261064438329e+00 -2.959659261064438329e+00 -2.959659261064438329e+00 -2.959659261064438329e+00 -2.959659261064438329e+00 -2.959659261064438329e+00 -2.959659261064438329e+00 -2.959659261064438329e+00 -2.959659261064438329e+00 -2.959659261064438329e+00 -2.959659261064438329e+00 -2.959659261064438329e+00 -2.959659261064438329e+00 -2.959659261064438329e+00 -2.959659261064438329e+00 -2.959659261064438329e+00 -2.959659261064438329e+00 -2.959659261064438329e+00 -2.959659261064438329e+00 -2.959659261064438329e+00 -2.959659261064438329e+00 -2.959659261064438329e+00 -2.959659261064438329e+00 -2.959659261064438329e+00 -2.959659261064438329e+00 -2.959659261064438329e+00 -2.959659261064438329e+00 -2.959659261064438329e+00 -2.959659261064438329e+00 -2.959659261064438329e+00 -2.959659261064438329e+00 -2.959659261064438329e+00 -2.959659261064438329e+00 -2.959659261064438329e+00 -2.959659261064438329e+00 -2.959659261064438329e+00 -2.959659261064438329e+00 -2.959659261064438329e+00 -2.959659261064438329e+00 -2.959659261064438329e+00 -2.959659261064438329e+00 -2.959659261064438329e+00 -2.959659261064438329e+00 -2.959659261064438329e+00 -2.959659261064438329e+00 -2.959659261064438329e+00 -2.959659261064438329e+00 -2.959659261064438329e+00 -2.959659261064438329e+00 -2.959659261064438329e+00 -2.959659261064438329e+00 -2.959659261064438329e+00 -2.959659261064438329e+00 -2.959659261064438329e+00 -2.959659261064438329e+00 -2.959659261064438329e+00 -2.959659261064438329e+00 -2.959659261064438329e+00 -2.959659261064438329e+00 -2.959659261064438329e+00 -2.959659261064438329e+00 -2.959659261064438329e+00 -2.959659261064438329e+00 -2.959659261064438329e+00 -2.959659261064438329e+00 -2.959659261064438329e+00 -2.959659261064438329e+00 -2.959659261064438329e+00 -2.959659261064438329e+00 -2.959659261064438329e+00 -2.959659261064438329e+00 -2.959659261064438329e+00 -2.959659261064438329e+00 -2.959659261064438329e+00 -2.959659261064438329e+00 -2.959659261064438329e+00 -2.959659261064438329e+00 -2.959659261064438329e+00 -2.959659261064438329e+00
-2.959659261064438329e+00 -2.959659261064438329e+00 -2.959659261064438329e+00 -2.959659261064438329e+00 -2.959659261064438329e+00 -2.959659261064438329e+00 -2.959659261064438329e+00 -2.959659261064438329e+00 -2.959659261064438329e+00 -2.959659261064438329e+00 -2.959659261064438329e+00 -2.959659261064438329e+00 -2.959659261064438329e+00 -2.959659261064438329e+00 -2.959659261064438329e+00 -2.959659261064438329e+00 -2.959659261064438329e+00 -2.959659261064438329e+00 -2.959659261064438329e+00 -2.959659261064438329e+00 -2.959659261064438329e+00 -2.959659261064438329e+00 -2.959659261064438329e+00 -2.959659261064438329e+00 -2.959659261064438329e+00 -2.959659261064438329e+00 -2.959659261064438329e+00 -2.959659261064438329e+00 -2.959659261064438329e+00 -2.959659261064438329e+00 -2.959659261064438329e+00 -2.959659261064438329e+00 -2.959659261064438329e+00 -2.959659261064438329e+00 -2.959659261064438329e+00 -2.959659261064438329e+00 -2.959659261064438329e+00 -2.959659261064438329e+00 -2.959659261064438329e+00 -2.959659261064438329e+00 -2.959659261064438329e+00 -2.959659261064438329e+00 -2.959659261064438329e+00 -2.959659261064438329e+00 -2.959659261064438329e+00 -2.959659261064438329e+00 -2.959659261064438329e+00 -2.959659261064438329e+00 -2.959659261064438329e+00 -2.959659261064438329e+00 -2.959659261064438329e+00 -2.959659261064438329e+00 -2.959659261064438329e+00 -2.959659261064438329e+00 -2.959659261064438329e+00 -2.959659261064438329e+00 -2.959659261064438329e+00 -2.959659261064438329e+00 -2.959659261064438329e+00 -2.959659261064438329e+00 -2.959659261064438329e+00 -2.959659261064438329e+00 -2.959659261064438329e+00 -2.959659261064438329e+00 -2.959659261064438329e+00 -2.959659261064438329e+00 -2.959659261064438329e+00 -2.959659261064438329e+00 -2.959659261064438329e+00 -2.959659261064438329e+00 -2.959659261064438329e+00 -2.959659261064438329e+00 -2.959659261064438329e+00 -2.959659261064438329e+00 -2.959659261064438329e+00 -2.959659261064438329e+00 -2.959659261064438329e+00 -2.959659261064438329e+00 -2.959659261064438329e+00 -2.959659261064438329e+00 -2.959659261064438329e+00 -2.959659261064438329e+00 -2.959659261064438329e+00 -2.959659261064438329e+00 -2.959659261064438329e+00 -2.959659261064438329e+00 -2.959659261064438329e+00 -2.959659261064438329e+00 -2.959659261064438329e+00 -2.959659261064438329e+00 -2.959659261064438329e+00 -2.959659261064438329e+00 -2.959659261064438329e+00 -2.959659261064438329e+00 -2.959659261064438329e+00
-2.959659261064438329e+00 -2.959659261064438329e+00 -2.959659261064438329e+00 -2.959659261064438329e+00 -2.959659261064438329e+00 -2.959659261064438329e+00 -2.959659261064438329e+00 -2.959659261064438329e+00 -2.959659261064438329e+00 -2.959659261064438329e+00 -2.959659261064438329e+00 -2.959659261064438329e+00 -2.959659261064424118e+00 -2.959659261062849822e+00 -2.959659260939976555e+00 -2.959659254233033998e+00 -2.959658998187880918e+00 -2.959652161662568393e+00 -2.959524524067550733e+00 -2.957859393988492069e+00 -2.942703436378883985e+00 -2.846754980511587707e+00 -2.426882011213630008e+00 -1.172920735038152751e+00 1.311279647724019615e+00 4.336857842170218191e+00 6.071073678460301437e+00 6.243029547396094614e+00 5.948870121338501349e+00 5.464923240251186698e+00 4.823249012026883165e+00 4.064375352106354811e+00 3.233077567343312975e+00 2.374056766304775135e+00 1.528088753853335202e+00 7.290834150418983306e-01 2.303435827033961658e-03 -6.362156761240855829e-01 -1.179183821576764490e+00 -1.626162192173236543e+00 -1.984413562728568170e+00 -2.262892817070440543e+00 -2.473351094297656427e+00 -2.628080283677593165e+00 -2.738801111562842561e+00 -2.815947998692879040e+00 -2.868241818888928929e+00 -2.902888644010543473e+00 -2.925218812877279362e+00 -2.939248251544707369e+00 -2.947842170655350369e+00 -2.952975716082730351e+00 -2.955963049218523153e+00 -2.957664142076670721e+00 -2.958607225246260519e+00 -2.959117332734752637e+00 -2.959386257376175333e+00 -2.959525048217117593e+00 -2.959594804270513357e+00 -2.959629020343684136e+00 -2.959645384164795612e+00 -2.959653047676286786e+00 -2.959656543294536313e+00 -2.959658098224800860e+00 -2.959658775647163065e+00 -2.959659064215496738e+00 -2.959659182544025047e+00 -2.959659230510113037e+00 -2.959659249449699381e+00 -2.959659256744662681e+00 -2.959659259497304795e+00 -2.959659260509050149e+00 -2.959659260871842168e+00 -2.959659260999298880e+00 -2.959659261042879130e+00 -2.959659261057479451e+00 -2.959659261062240088e+00 -2.959659261063761093e+00 -2.959659261064234492e+00 -2.959659261064378377e+00 -2.959659261064421010e+00 -2.959659261064433444e+00 -2.959659261064436997e+00 -2.959659261064437885e+00 -2.959659261064438329e+00 -2.959659261064438329e+00 -2.959659261064438329e+00 -2.959659261064438329e+00 -2.959659261064438329e+00 -2.959659261064438329e+00 -2.959659261064438329e+00 -2.959659261064438329e+00 -2.959659261064438329e+00 -2.959659261064438329e+00 -2.959659261064438329e+00
-2.959659261064438329e+00 -2.959659261064438329e+00 -2.959659261064438329e+00 -2.959659261064438329e+00 -2.959659261064438329e+00 -2.959659261064438329e+00 -2.959659261064438329e+00 -2.959659261064438329e+00 -2.959659261064438329e+00 -2.959659261064438329e+00 -2.959659261064438329e+00 -2.959659261064437885e+00 -2.959659261064380154e+00 -2.959659261058819713e+00 -2.959659260682090842e+00 -2.959659242664551826e+00 -2.959658634282358314e+00 -2.959644130076592106e+00 -2.959400020044700153e+00 -2.956501157555532444e+00 -2.932241446716309596e+00 -2.789543646640169516e+00 -2.202808018767176357e+00 -5.359740148701290785e-01 2.649301484368381754e+00 6.456953828933146511e+00 8.711002609634720173e+00 9.058667658848239768e+00 8.729039314045330400e+00 8.178891302581995149e+00 7.440299728216025699e+00 6.554601210732831973e+00 5.562302831743760834e+00 4.523923738209768786e+00 3.479365352786991661e+00 2.468731651339685751e+00 1.524310330085195009e+00 6.694053257717746952e-01 -8.181556978470849728e-02 -7.227144831106642187e-01 -1.256629723573274626e+00 -1.689291637895130149e+00 -2.031169960706840083e+00 -2.294746661524763809e+00 -2.493115585599547490e+00 -2.638914155523199856e+00 -2.743468053327484224e+00 -2.816967461465364142e+00 -2.867380948880253744e+00 -2.901188361577941244e+00 -2.923358204240150027e+00 -2.937577283136898476e+00 -2.946487381750724222e+00 -2.951966929748239821e+00 -2.955257698105593356e+00 -2.957191549673168218e+00 -2.958302427502922161e+00 -2.958928956418326095e+00 -2.959274120334884461e+00 -2.959460252158225391e+00 -2.959558399915844795e+00 -2.959609227060965964e+00 -2.959634942184303785e+00 -2.959647666343045103e+00 -2.959653850713465317e+00 -2.959656787479874485e+00 -2.959658151617470701e+00 -2.959658774104682255e+00 -2.959659051645977090e+00 -2.959659172704521168e+00 -2.959659224583947257e+00 -2.959659246307354774e+00 -2.959659255207121031e+00 -2.959659258789758329e+00 -2.959659260197622821e+00 -2.959659260741270170e+00 -2.959659260946204462e+00 -2.959659261022120624e+00 -2.959659261049598200e+00 -2.959659261059330859e+00 -2.959659261062718816e+00 -2.959659261063870339e+00 -2.959659261064254920e+00 -2.959659261064380154e+00 -2.959659261064420122e+00 -2.959659261064433000e+00 -2.959659261064436553e+00 -2.959659261064437885e+00 -2.959659261064438329e+00 -2.959659261064438329e+00 -2.959659261064438329e+00 -2.959659261064438329e+00 -2.959659261064438329e+00 -2.959659261064438329e+00 -2.959659261064438329e+00
-2.959659261064438329e+00 -2.959659261064438329e+00 -2.959659261064438329e+00 -2.959659261064438329e+00 -2.959659261064438329e+00 -2.959659261064438329e+00 -2.959659261064438329e+00 -2.959659261064438329e+00 -2.959659261064438329e+00 -2.959659261064427227e+00 -2.959659261063839697e+00 -2.959659261039055966e+00 -2.959659260219951182e+00 -2.959659239234501804e+00 -2.959658819927680984e+00 -2.959652287459737519e+00 -2.959572949221832339e+00 -2.958822012486990616e+00 -2.953286309753994310e+00 -2.921538577773075129e+00 -2.780163726241709377e+00 -2.293062436504288648e+00 -1.002976989247986062e+00 1.590267826386960959e+00 5.440378726913072782e+00 9.377575777920501565e+00 1.165014142757233628e+01 1.211896562874708749e+01 1.174946206965540796e+01 1.111573795153908328e+01 1.025418123447050611e+01 9.210379384469327135e+00 8.036711214221641697e+00 6.788021011069288235e+00 5.517448027809461308e+00 4.272842468705901453e+00 3.094081682382911591e+00 2.011451983134808774e+00 1.045109321278887560e+00 2.066906714707124060e-01 -5.044758801577082785e-01 -1.091977122397153943e+00 -1.565809786238311130e+00 -1.939136888158703442e+00 -2.226627521972156742e+00 -2.443104390534230674e+00 -2.602340329607319092e+00 -2.717306040335463635e+00 -2.798396372512379937e+00 -2.854387295606920283e+00 -2.892240081755307113e+00 -2.917300193759853943e+00 -2.933529800710835023e+00 -2.943858071996928505e+00 -2.950284925000584479e+00 -2.954203160003723294e+00 -2.956552023941460217e+00 -2.957918819765235074e+00 -2.958702872021105712e+00 -2.959143676734563577e+00 -2.959386309412631366e+00 -2.959517635252288947e+00 -2.959587168914219024e+00 -2.959623220492672679e+00 -2.959641603667735321e+00 -2.959650774157323472e+00 -2.959655254542672420e+00 -2.959657407629129100e+00 -2.959658419913464567e+00 -2.959658886088979646e+00 -2.959659097275678885e+00 -2.959659190878405788e+00 -2.959659231519254252e+00 -2.959659248879158877e+00 -2.959659256127265436e+00 -2.959659259104657103e+00 -2.959659260300153250e+00 -2.959659260772451450e+00 -2.959659260955004090e+00 -2.959659261024139010e+00 -2.959659261049901513e+00 -2.959659261059286006e+00 -2.959659261062649538e+00 -2.959659261063828151e+00 -2.959659261064234492e+00 -2.959659261064371272e+00 -2.959659261064417013e+00 -2.959659261064431668e+00 -2.959659261064436109e+00 -2.959659261064437885e+00 -2.959659261064438329e+00 -2.959659261064438329e+00 -2.959659261064438329e+00 -2.959659261064438329e+00 -2.959659261064438329e+00
-2.959659261064438329e+00 -2.959659261064438329e+00 -2.959659261064438329e+00 -2.959659261064438329e+00 -2.959659261064438329e+00 -2.959659261064438329e+00 -2.959659261064438329e+00 -2.959659261064438329e+00 -2.959659261064438329e+00 -2.959659261064437885e+00 -2.959659261064410352e+00 -2.959659261062687730e+00 -2.959659260980122220e+00 -2.959659257997023118e+00 -2.959659174532737858e+00 -2.959657442455960297e+00 -2.959630146612301616e+00 -2.959303778599649881e+00 -2.956343761250526558e+00 -2.935990885839999898e+00 -2.830009012369979704e+00 -2.412985231865617752e+00 -1.178580748784741505e+00 1.543736634329442747e+00 5.918960054925662462e+00 1.075155834798029630e+01 1.392814931961025948e+01 1.496726390068601731e+01 1.466345782964284084e+01 1.402241998853792992e+01 1.312931429850453924e+01 1.202666580260267537e+01 1.076467468175670561e+01 9.397444382635701032e+00 7.979182413894935877e+00 6.560739820455196991e+00 5.186784440996788703e+00 3.893801981295914150e+00 2.709005110588754039e+00 1.651646061736192994e+00 7.272576944402699972e-01 -6.143964969548365573e-02 -7.197650213373241179e-01 -1.257689516058352552e+00 -1.688195289764397256e+00 -2.025794546545894192e+00 -2.284953875320356431e+00 -2.480632165805977785e+00 -2.625284924171557677e+00 -2.730185790706379567e+00 -2.804828077996016855e+00 -2.856949791147300743e+00 -2.892627731353166975e+00 -2.916676551545412277e+00 -2.932561488654979343e+00 -2.942863557871413516e+00 -2.949416351899278865e+00 -2.953522379135161469e+00 -2.956044364211866338e+00 -2.957565788094731918e+00 -2.958466253744473917e+00 -2.958991422808290750e+00 -2.959291706722629200e+00 -2.959460189673416508e+00 -2.959553356832548054e+00 -2.959603870148406646e+00 -2.959630748684865420e+00 -2.959644846211919145e+00 -2.959652096227201934e+00 -2.959655755929603949e+00 -2.959657577035571308e+00 -2.959658465615559120e+00 -2.959658891227889388e+00 -2.959659092207737263e+00 -2.959659185174666973e+00 -2.959659227572874585e+00 -2.959659246589563697e+00 -2.959659254890485869e+00 -2.959659258475473731e+00 -2.959659259995630620e+00 -2.959659260631225752e+00 -2.959659260891562393e+00 -2.959659260996709840e+00 -2.959659261038313005e+00 -2.959659261054545354e+00 -2.959659261060749724e+00 -2.959659261063088298e+00 -2.959659261063951607e+00 -2.959659261064266023e+00 -2.959659261064378377e+00 -2.959659261064417901e+00 -2.959659261064431224e+00 -2.959659261064436109e+00 -2.959659261064437441e+00 -2.959659261064437885e+00
-2.959659261064438329e+00 -2.959659261064438329e+00 -2.959659261064438329e+00 -2.959659261064438329e+00 -2.959659261064438329e+00 -2.959659261064438329e+00 -2.959659261064438329e+00 -2.959659261064438329e+00 -2.959659261064435665e+00 -2.959659261064305547e+00 -2.959659261058917412e+00 -2.959659260882482101e+00 -2.959659256283066142e+00 -2.959659161838571251e+00 -2.959657625345976761e+00 -2.959637825239837650e+00 -2.959435727524390103e+00 -2.957802095900411654e+00 -2.947346897494277584e+00 -2.894395252897111526e+00 -2.682374469512560644e+00 -2.012482881974890780e+00 -3.487817634174770198e-01 2.872415273228409394e+00 7.677304751295825014e+00 1.283351206785499876e+01 1.650605998348757453e+01 1.810481604612699158e+01 1.801572642420725145e+01 1.734271472801997760e+01 1.637215778087658791e+01 1.514904795510729230e+01 1.372783172543684671e+01 1.216840462981601512e+01 1.053196450383001270e+01 8.877118422944191067e+00 7.256577849244058243e+00 5.714680377506581976e+00 4.285861812317504516e+00 2.995957620066477478e+00 1.854778077356471488e+00 8.690394675961878868e-01 3.566180152596176711e-02 -6.543895913419528476e-01 -1.214295806457034832e+00 -1.659683063649257218e+00 -2.006681411490132572e+00 -2.272728891600627410e+00 -2.472549687623301296e+00 -2.619858645231753602e+00 -2.726472065821311297e+00 -2.802236418583879729e+00 -2.855044906966778484e+00 -2.891310815825640201e+00 -2.915730714974853033e+00 -2.931884824899130493e+00 -2.942371230113191682e+00 -2.949081018863734194e+00 -2.953291894753689473e+00 -2.955888892002666246e+00 -2.957461143556332939e+00 -2.958399641903420196e+00 -2.958949187619779320e+00 -2.959265129660817450e+00 -2.959444247826649832e+00 -2.959543872471072756e+00 -2.959598284216205411e+00 -2.959627593224662512e+00 -2.959643082379963097e+00 -2.959651121466050139e+00 -2.959655236869382033e+00 -2.959657303914563720e+00 -2.959658323643402866e+00 -2.959658819873668634e+00 -2.959659056559392099e+00 -2.959659167923782697e+00 -2.959659219283251819e+00 -2.959659242650087396e+00 -2.959659253080896502e+00 -2.959659257655089082e+00 -2.959659259634075390e+00 -2.959659260473314735e+00 -2.959659260824452520e+00 -2.959659260968460881e+00 -2.959659261026950539e+00 -2.959659261049931267e+00 -2.959659261058924073e+00 -2.959659261062373314e+00 -2.959659261063678937e+00 -2.959659261064162994e+00 -2.959659261064340185e+00 -2.959659261064404134e+00 -2.959659261064426339e+00 -2.959659261064434332e+00 -2.959659261064436997e+00
-2.959659261064438329e+00 -2.959659261064438329e+00 -2.959659261064438329e+00 -2.959659261064438329e+00 -2.959659261064438329e+00 -2.959659261064438329e+00 -2.959659261064437885e+00 -2.959659261064417457e+00 -2.959659261063720681e+00 -2.959659261044276235e+00 -2.959659260598191732e+00 -2.959659252186487510e+00 -2.959659121240469037e+00 -2.959657454016936473e+00 -2.959640001408328835e+00 -2.959489844491510979e+00 -2.958428100950178052e+00 -2.952258826018220095e+00 -2.922807619855467998e+00 -2.807337818848684385e+00 -2.435782757760153405e+00 -1.455961990632992809e+00 6.553083510257518007e-01 4.348753811137193281e+00 9.519564406097956066e+00 1.511168112187164070e+01 1.949600711937428343e+01 2.196103447370487061e+01 2.243284253408626228e+01 2.174069156912416290e+01 2.067021939971050415e+01 1.927829561467904185e+01 1.762780623614238351e+01 1.578964964515764535e+01 1.383772238446379887e+01 1.184407965315744349e+01 9.874701884336603896e+00 7.986192656080682184e+00 6.223598452137116155e+00 4.621729882705492898e+00 3.195634732261170452e+00 1.956417919072858336e+00 9.027448363751315874e-01 2.548315806010537088e-02 -6.901085089586156407e-01 -1.262270323691405016e+00 -1.710267101198019724e+00 -2.055423454491055235e+00 -2.315892680274448612e+00 -2.508803159208096822e+00 -2.649053693835249135e+00 -2.749164537328165903e+00 -2.819245784816768463e+00 -2.867578303322436906e+00 -2.900259019855526699e+00 -2.921966081841397944e+00 -2.936113528913491866e+00 -2.945201317530173668e+00 -2.950926462959659435e+00 -2.954470643668211327e+00 -2.956624225842328535e+00 -2.957914355846960497e+00 -2.958672464829121385e+00 -2.959109813688749924e+00 -2.959358595328558383e+00 -2.959497421231182646e+00 -2.959573486417873323e+00 -2.959614587070596325e+00 -2.959636373987563296e+00 -2.959647715187176065e+00 -2.959653537732501505e+00 -2.959656470406069495e+00 -2.959657921096184641e+00 -2.959658628898955701e+00 -2.959658967355936809e+00 -2.959659126996150302e+00 -2.959659200793982592e+00 -2.959659234446029963e+00 -2.959659249501019218e+00 -2.959659256116907944e+00 -2.959659258984966623e+00 -2.959659260203573172e+00 -2.959659260714368578e+00 -2.959659260924217605e+00 -2.959659261009270903e+00 -2.959659261043058098e+00 -2.959659261056348800e+00 -2.959659261061405200e+00 -2.959659261063321445e+00 -2.959659261064033320e+00 -2.959659261064294000e+00 -2.959659261064387703e+00 -2.959659261064421010e+00 -2.959659261064432556e+00 -2.959659261064436553e+00
-2.959659261064438329e+00 -2.959659261064437885e+00 -2.959659261064433888e+00 -2.959659261064351732e+00 -2.959659261063038560e+00 -2.959659261044361056e+00 -2.959659260811285275e+00 -2.959659258246201130e+00 -2.959659233358103325e+00 -2.959659020464432633e+00 -2.959657414965106259e+00 -2.959646740925538033e+00 -2.959583978796562320e+00 -2.959259930770963276e+00 -2.957784169703676191e+00 -2.951859650688632541e+00 -2.930894971804411941e+00 -2.865512701784501015e+00 -2.685852815598416932e+00 -2.251103349950509980e+00 -1.325540699085049123e+00 4.049595455691048507e-01 3.236880172366105146e+00 7.267569460602597786e+00 1.219540432891785642e+01 1.723506258295783056e+01 2.134979831174169362e+01 2.402994613345780550e+01 2.508688596129437087e+01 2.478408890315689916e+01 2.385247415091320278e+01 2.256506351602364902e+01 2.097644832102564294e+01 1.915133114100772715e+01 1.716017109956679576e+01 1.507471581029864538e+01 1.296381012552707546e+01 1.088981238598601919e+01 8.905857480685563488e+00 7.056823329426574531e+00 5.367397194811337258e+00 3.859369067870944914e+00 2.540902160531682608e+00 1.410968844595893668e+00 4.611726068610884077e-01 -3.222997864148520186e-01 -9.559075529634144530e-01 -1.460710070915586689e+00 -1.855134487504381369e+00 -2.157966267036107944e+00 -2.386489465180462233e+00 -2.556014277338869434e+00 -2.679500403681256415e+00 -2.768230085204672619e+00 -2.830819998490341938e+00 -2.874246444956374713e+00 -2.903848199700348243e+00 -2.923761308545892668e+00 -2.936916204280946463e+00 -2.945508577103165937e+00 -2.950955630280365227e+00 -2.954390257367557560e+00 -2.956517453717863564e+00 -2.957812494582690022e+00 -2.958590909847491623e+00 -2.959050518007496411e+00 -2.959317312643527931e+00 -2.959470235120824189e+00 -2.959556342183493616e+00 -2.959604015096386487e+00 -2.959630079741737863e+00 -2.959644079477531609e+00 -2.959651473769256746e+00 -2.959655330819279673e+00 -2.959657305253364346e+00 -2.959658303486327746e+00 -2.959658798776220401e+00 -2.959659041496940368e+00 -2.959659158352763164e+00 -2.959659213685142731e+00 -2.959659239564414346e+00 -2.959659251443364170e+00 -2.959659256829311413e+00 -2.959659259225949857e+00 -2.959659260279400517e+00 -2.959659260733848996e+00 -2.959659260927507862e+00 -2.959659261008501741e+00 -2.959659261041964307e+00 -2.959659261055532564e+00 -2.959659261060967328e+00 -2.959659261063104285e+00 -2.959659261063933844e+00 -2.959659261064250479e+00 -2.959659261064369051e+00
-2.959659261063953828e+00 -2.959659261059572000e+00 -2.959659261019770504e+00 -2.959659260689743832e+00 -2.959659258191645659e+00 -2.959659240871266750e+00 -2.959659131689378331e+00 -2.959658503093177462e+00 -2.959655199382937418e+00 -2.959639348808471571e+00 -2.959569925243143107e+00 -2.959292340276912459e+00 -2.958276358453029609e+00 -2.954893607628050756e+00 -2.944602959376743545e+00 -2.916021953717853776e+00 -2.843551166994571222e+00 -2.675803163187312261e+00 -2.321429124851649206e+00 -1.638499414264780851e+00 -4.389395888338065710e-01 1.478478592461540675e+00 4.259796617771872462e+00 7.902962327380702590e+00 1.217380411742569102e+01 1.657823934943176170e+01 2.045160696092820984e+01 2.338215298489151195e+01 2.510361334748420248e+01 2.557246677034829929e+01 2.509373602246677848e+01 2.419483973675595934e+01 2.300296309037490872e+01 2.155946246300152680e+01 1.991264907499050452e+01 1.811511399878739326e+01 1.622096314856687727e+01 1.428316297475453922e+01 1.235117411371030549e+01 1.047184514202832695e+01 8.676501484093275707e+00 6.997517281703203196e+00 5.456286745273869698e+00 4.058293070035160710e+00 2.826906892684197370e+00 1.753019625158882544e+00 8.326099976172853800e-01 5.350738934527576873e-02 -5.949405498367532630e-01 -1.126641098829715748e+00 -1.556252489628473512e+00 -1.898383018357332253e+00 -2.166612637371191585e+00 -2.374594951100023721e+00 -2.533342758323210209e+00 -2.652839847019166530e+00 -2.741443561848115440e+00 -2.806450104129358358e+00 -2.853416080994348736e+00 -2.886892426716587856e+00 -2.910404825970966503e+00 -2.926750342320596943e+00 -2.937942583717138678e+00 -2.945495688175823190e+00 -2.950541687436373461e+00 -2.953862403088904021e+00 -2.956016539264518350e+00 -2.957400049061744696e+00 -2.958275406747942426e+00 -2.958821415275790123e+00 -2.959158643456533788e+00 -2.959363836831694794e+00 -2.959486936605417284e+00 -2.959560066746599549e+00 -2.959602819219497860e+00 -2.959627570116277973e+00 -2.959641671398638429e+00 -2.959649627651405712e+00 -2.959654050427222405e+00 -2.959656474875026255e+00 -2.959657791117381809e+00 -2.959658494381383065e+00 -2.959658866532604904e+00 -2.959659060346862436e+00 -2.959659160319880744e+00 -2.959659211071451690e+00 -2.959659236590137077e+00 -2.959659249218293819e+00 -2.959659255408059852e+00 -2.959659258394017556e+00 -2.959659259820792698e+00 -2.959659260491763977e+00 -2.959659260804317071e+00 -2.959659260947608672e+00 -2.959659261012616227e+00
-2.959659260198547415e+00 -2.959659256303937003e+00 -2.959659236537757199e+00 -2.959659142631808404e+00 -2.959658725012064284e+00 -2.959656981489987349e+00 -2.959650192118438827e+00 -2.959625424459477294e+00 -2.959540836784626983e+00 -2.959270368275593199e+00 -2.958460641572464134e+00 -2.956190773198763999e+00 -2.950218270216443006e+00 -2.935550967833107538e+00 -2.901785129761633275e+00 -2.828980420556347131e+00 -2.681952731705973481e+00 -2.403875029806594732e+00 -1.911412494224499881e+00 -1.095131487852082364e+00 1.797154990186466961e-01 2.015813949730433929e+00 4.492683686305513291e+00 7.595811087699638975e+00 1.118528181030949931e+01 1.498009656162291137e+01 1.857972653027647425e+01 2.161681850520929160e+01 2.388007904996843322e+01 2.515913361872832965e+01 2.545515098776864349e+01 2.499901897928776151e+01 2.417759470710033298e+01 2.309445660373852860e+01 2.178301980064275511e+01 2.028246202182131697e+01 1.863578490798871812e+01 1.688778054003447693e+01 1.508303631636336561e+01 1.326688445673322647e+01 1.147262476646598905e+01 9.737141209139910103e+00 8.088811850592829700e+00 6.549829932552638567e+00 5.136102868677372868e+00 3.857481229927210986e+00 2.719901262566888800e+00 1.719303823697367672e+00 8.529613695885660540e-01 1.131457843859342560e-01 -5.101324270526443883e-01 -1.028298026132786980e+00 -1.452889842836775802e+00 -1.797411694578689101e+00 -2.072953379839311161e+00 -2.290564004218749616e+00 -2.460061014508183153e+00 -2.590863073710974795e+00 -2.690397706168114578e+00 -2.765220419051950707e+00 -2.820715515367938853e+00 -2.861508972668119988e+00 -2.891085182149663702e+00 -2.912246763678674633e+00 -2.927255502252509523e+00 -2.937755991158344404e+00 -2.945007013544254981e+00 -2.949971075270320320e+00 -2.953323672199980265e+00 -2.955558818946658395e+00 -2.957036307265457076e+00 -2.957999856130737015e+00 -2.958623248833375019e+00 -2.959018193732106283e+00 -2.959266642259408719e+00 -2.959421625934347322e+00 -2.959516900132537209e+00 -2.959574980859078774e+00 -2.959609915033345473e+00 -2.959630662936823864e+00 -2.959642883420463999e+00 -2.959649977042435598e+00 -2.959654060720903423e+00 -2.959656377623290702e+00 -2.959657681330126522e+00 -2.959658404317489833e+00 -2.959658801974443865e+00 -2.959659017535199776e+00 -2.959659133431118416e+00 -2.959659194843153429e+00 -2.959659227119594505e+00 -2.959659243838485221e+00 -2.959659252428322063e+00 -2.959659256777969372e+00 -2.959659258960325889e+00
-2.959657978450166649e+00 -2.959655315987554935e+00 -2.959647606546770504e+00 -2.959626188542237912e+00 -2.959569096816969225e+00 -2.959422729091666149e+00 -2.959063845714451357e+00 -2.958218614432210458e+00 -2.956308179259037772e+00 -2.952163918343792215e+00 -2.943535314125289126e+00 -2.926291705649181285e+00 -2.893147014795934169e+00 -2.832193904695859299e+00 -2.724491077261592231e+00 -2.541856100271244312e+00 -2.244700055756603252e+00 -1.780932029763074853e+00 -1.086959879949718433e+00 -9.193643003881479814e-02 1.273856665494798701e+00 3.066313309681319321e+00 5.311498979172061041e+00 7.988789298398707217e+00 1.101692725024904007e+01 1.424745160022217405e+01 1.746948006432741352e+01 2.044875337171378504e+01 2.293096082855305085e+01 2.479373322616147135e+01 2.589374059306938847e+01 2.622874493565672793e+01 2.589430805296742832e+01 2.515690069785563310e+01 2.414188230382972833e+01 2.288071759948174844e+01 2.141140940622975819e+01 1.977659939702532199e+01 1.802152121057868328e+01 1.619478693374481892e+01 1.433508230887977319e+01 1.248642204087726171e+01 1.068554530226405674e+01 8.963655405041063062e+00 7.345789363775431013e+00 5.850575150043406225e+00 4.492325080127343995e+00 3.273300231881161704e+00 2.196906175362058011e+00 1.259912404450630685e+00 4.555362164799143798e-01 -2.256504742390088580e-01 -7.940576641094123644e-01 -1.263612192311750926e+00 -1.645863626024195003e+00 -1.953084218290109142e+00 -2.196562691028811187e+00 -2.387712377352988469e+00 -2.535670802171829941e+00 -2.648793802351340432e+00 -2.734117464568842859e+00 -2.797893354310805325e+00 -2.844907039752601285e+00 -2.879105184336613554e+00 -2.903761870512117316e+00 -2.921297016134503544e+00 -2.933604607181752755e+00 -2.942168180318808002e+00 -2.948046083400513773e+00 -2.952028442494461391e+00 -2.954703458946256855e+00 -2.956476127988882929e+00 -2.957635783429745757e+00 -2.958387991056389943e+00 -2.958868779812356742e+00 -2.959173499340009172e+00 -2.959363813008114352e+00 -2.959481678953170825e+00 -2.959554040226329175e+00 -2.959597356647003075e+00 -2.959623271602428218e+00 -2.959638550820486991e+00 -2.959647484693140207e+00 -2.959652632703690944e+00 -2.959655574686151702e+00 -2.959657231632990104e+00 -2.959658157161728198e+00 -2.959658666662230431e+00 -2.959658944840404704e+00 -2.959659094525753709e+00 -2.959659174411507720e+00 -2.959659216430019502e+00 -2.959659238350758059e+00 -2.959659249621529042e+00 -2.959659255363205066e+00
-2.872329410055397769e+00 -2.836341785675398963e+00 -2.787406320738947230e+00 -2.721653177959925340e+00 -2.634356257762850984e+00 -2.519648407026934933e+00 -2.371207732230481646e+00 -2.181203733629420327e+00 -1.940993619977698481e+00 -1.641089472200029098e+00 -1.271369421590838211e+00 -8.213915971460834520e-01 -2.799126861638154828e-01 3.611192266753975311e-01 1.110891717116751831e+00 1.975851960699054555e+00 2.959707436767059274e+00 4.062666307242986719e+00 5.280729659188686753e+00 6.605096292216149578e+00 8.021743150847628456e+00 9.511241443320971101e+00 1.104885928526191563e+01 1.260498629290810157e+01 1.414589456807443923e+01 1.563482534395568280e+01 1.703336324560627446e+01 1.830303320660977562e+01 1.940703136107692472e+01 2.031198340365098787e+01 2.098961426301801225e+01 2.142004355061855136e+01 2.158397575222874565e+01 2.147936136881789793e+01 2.110952102274420383e+01 2.048638298931903989e+01 1.962984428968255912e+01 1.856671540618511429e+01 1.732932671482050324e+01 1.595609687425502798e+01 1.448110590252040808e+01 1.294510332230469274e+01 1.138555030725826178e+01 9.837185222191132894e+00 8.330847362959392655e+00 6.892621578177680064e+00 5.545318317374221095e+00 4.300136616093766406e+00 3.169252912403658140e+00 2.157730433587914387e+00 1.266229503888156582e+00 4.917027019940491961e-01 -1.709042093343788871e-01 -7.317821581715286960e-01 -1.199425680634833125e+00 -1.584205236648600579e+00 -1.896268956466576228e+00 -2.146894541106539656e+00 -2.345290215693379032e+00 -2.500371644548186723e+00 -2.619928517806903390e+00 -2.711245649482697750e+00 -2.780019366765615896e+00 -2.831117845295858970e+00 -2.868741713000947158e+00 -2.896062444549032833e+00 -2.915638823651633071e+00 -2.929542254068011164e+00 -2.939281865203928756e+00 -2.946015454891957042e+00 -2.950630353281785911e+00 -2.953750302804039496e+00 -2.955832286994324321e+00 -2.957209704486621238e+00 -2.958107585037844434e+00 -2.958687890086610484e+00 -2.959057445184558155e+00 -2.959290796366560006e+00 -2.959436162346363641e+00 -2.959525566998244983e+00 -2.959580349117273190e+00 -2.959613014040423096e+00 -2.959632479440815978e+00 -2.959643910295828739e+00 -2.959650567078601302e+00 -2.959654387338846337e+00 -2.959656561570412237e+00 -2.959657781035112123e+00 -2.959658459347487280e+00 -2.959658831179873051e+00 -2.959659033329772981e+00 -2.959659141638149471e+00 -2.959659199191461809e+00 -2.959659229331585539e+00 -2.959659244969525371e+00
-2.933910869303829383e+00 -2.921741787324975359e+00 -2.904318840909445143e+00 -2.879978450249796929e+00 -2.846212784741918966e+00 -2.799858549970553057e+00 -2.737194909671913035e+00 -2.653414889910813201e+00 -2.542788181403293546e+00 -2.398531982741334723e+00 -2.212785922034677277e+00 -1.976648006827828263e+00 -1.679782902342576323e+00 -1.312544069275616287e+00 -8.635887886797295465e-01 -3.220300945600258480e-01 3.224084759961005631e-01 1.078721723607463101e+00 1.953863578733065598e+00 2.951934884374855184e+00 4.073366038885971818e+00 5.314153433730673726e+00 6.665216314904915507e+00 8.111943477008660253e+00 9.633995808360886315e+00 1.120542039007003865e+01 1.279511455423422817e+01 1.436765478839329546e+01 1.588447724385122584e+01 1.730536623562259990e+01 1.859017743476614015e+01 1.970069662050413584e+01 2.060251591833904783e+01 2.126679991189212870e+01 2.167181550685872438e+01 2.180411242046337961e+01 2.165926487189162586e+01 2.124211742729496777e+01 2.056651595145669731e+01 1.965611256122786443e+01 1.853718790892640911e+01 1.724558085234242810e+01 1.581963004004686368e+01 1.429952146910878952e+01 1.272543329723287364e+01 1.113582101645570255e+01 9.568321060312884541e+00 8.048966337853194375e+00 6.605914334496286955e+00 5.259261766822721285e+00 4.016149446021463731e+00 2.900644753210582127e+00 1.910005521316636479e+00 1.040560681962900080e+00 2.896761129933933532e-01 -3.497159900051323156e-01 -8.859357023107872209e-01 -1.330938643338808847e+00 -1.694724342495597558e+00 -1.988220067421851311e+00 -2.221625456133046406e+00 -2.405438384537561092e+00 -2.548116133962143870e+00 -2.657327716834544162e+00 -2.740138748596852469e+00 -2.802046058644762194e+00 -2.847697902690831118e+00 -2.881055232540534305e+00 -2.905090099181380392e+00 -2.922176611150379077e+00 -2.934214878706899121e+00 -2.942579595338675968e+00 -2.948315167812046500e+00 -2.952213375177193289e+00 -2.954823321210542364e+00 -2.956555511974694017e+00 -2.957688085963062541e+00 -2.958422203136287010e+00 -2.958891580260256671e+00 -2.959187820818650394e+00 -2.959373188371749119e+00 -2.959487471633549749e+00 -2.959557330298674849e+00 -2.959599406209939332e+00 -2.959624534060716794e+00 -2.959639320591561873e+00 -2.959647948463503653e+00 -2.959652909149913302e+00 -2.959655737430934241e+00 -2.959657326394251164e+00 -2.959658211637790526e+00 -2.959658697631388335e+00 -2.959658962219075207e+00 -2.959659104168837818e+00 -2.959659179609812618e+00
-2.949761227781142026e+00 -2.944671213617718220e+00 -2.937214626453449551e+00 -2.926419927973177515e+00 -2.910977608215524093e+00 -2.889109426938902825e+00 -2.858605823268954182e+00 -2.816512188458426102e+00 -2.759123799283123901e+00 -2.681829799400610170e+00 -2.578992543650371339e+00 -2.443846451541526132e+00 -2.268126667322246437e+00 -2.043191691337385318e+00 -1.758486112205941199e+00 -1.400261804041463609e+00 -9.607756873676374099e-01 -4.256634392654610188e-01 2.173118317279332246e-01 9.795665860222775301e-01 1.870929236354164527e+00 2.898781790687352977e+00 4.067151856720307990e+00 5.375809775330459672e+00 6.819437085354657313e+00 8.386940012114354914e+00 1.006098361384917972e+01 1.181781735654647392e+01 1.362745053228624315e+01 1.545421616630416040e+01 1.725773582643243742e+01 1.899426689364430842e+01 2.061838098951529830e+01 2.208489054079342750e+01 2.335091325827250586e+01 2.437794479058180741e+01 2.513380055550142345e+01 2.559429036124413059e+01 2.574450429013553432e+01 2.558010790194644457e+01 2.510609216764049734e+01 2.433799855158670056e+01 2.330054726930142905e+01 2.202632774076121436e+01 2.055410070460498417e+01 1.892684620958673491e+01 1.719242361602973901e+01 1.539067002582239496e+01 1.356761546218879744e+01 1.176325015179377154e+01 1.001280783150179232e+01 8.345835678287325976e+00 6.787967003684226341e+00 5.351350759459487350e+00 4.049263318498518061e+00 2.886796726964667936e+00 1.865497437940762726e+00 9.781285344034138518e-01 2.189806926826842748e-01 -4.217280632780764371e-01 -9.545860360620697094e-01 -1.395772898550884600e+00 -1.751350493211361048e+00 -2.035837591773224098e+00 -2.261301030481821073e+00 -2.437473422793666966e+00 -2.573261533778550270e+00 -2.676972639268475174e+00 -2.755092200643182387e+00 -2.813153902351526625e+00 -2.855927098585450352e+00 -2.887009250271516780e+00 -2.909301139503306377e+00 -2.925150775884814536e+00 -2.936254203424010445e+00 -2.943966378236184678e+00 -2.949244751825928823e+00 -2.952826904781139739e+00 -2.955225538531453644e+00 -2.956811309955527101e+00 -2.957850957579640117e+00 -2.958522704397535730e+00 -2.958953152593794655e+00 -2.959225003450351110e+00 -2.959395281970869984e+00 -2.959500405745599583e+00 -2.959564775532722791e+00 -2.959603625413020467e+00 -2.959626882517480961e+00 -2.959640605870554442e+00 -2.959648638161403333e+00 -2.959653272281590031e+00 -2.959655924347060374e+00 -2.959657420438253972e+00 -2.959658256703374235e+00
-2.953907297842186530e+00 -2.950777812516724996e+00 -2.946096451968041041e+00 -2.939175234561615557e+00 -2.929061998381658150e+00 -2.914431010709538583e+00 -2.893578028479087294e+00 -2.864170236508678968e+00 -2.823189124507344605e+00 -2.766759117448183147e+00 -2.689984579439404833e+00 -2.586784940714156988e+00 -2.449499030988661730e+00 -2.269646731293903041e+00 -2.036603012215181252e+00 -1.738359485530589721e+00 -1.361421277683282138e+00 -8.910053115019946901e-01 -3.113806645842518428e-01 3.936309621796825198e-01 1.239985073805751181e+00 2.242576739307188927e+00 3.414252570845764279e+00 4.764706507253496426e+00 6.299311621073469425e+00 8.017957431864365603e+00 9.913976675765342250e+00 1.197325501432223049e+01 1.417361976466306572e+01 1.649906356478650693e+01 1.888239103587680034e+01 2.129148366355877187e+01 2.367414096119336619e+01 2.597367977757878421e+01 2.813106420420659148e+01 3.008736052805436145e+01 3.178637968032020211e+01 3.317734428466402363e+01 3.421740468987643169e+01 3.484874803058535520e+01 3.493907641302300249e+01 3.440844609440353707e+01 3.322953016890518541e+01 3.145328773973140102e+01 2.913336110046274285e+01 2.637252942111068066e+01 2.331454198818799739e+01 2.009876081074554577e+01 1.687026437293192771e+01 1.375172433866559629e+01 1.084134385521368671e+01 8.209521604276680762e+00 5.901893401077725088e+00 3.927963508911572088e+00 2.286587242919232654e+00 9.563809433256169612e-01 -9.364904506479776458e-02 -9.050960899362681111e-01 -1.516318414449546959e+00 -1.966042004285247780e+00 -2.288954605549140098e+00 -2.516284690880461916e+00 -2.672460484844543238e+00 -2.777242426443533585e+00 -2.846210859029297602e+00 -2.890529403937494468e+00 -2.918354217645293236e+00 -2.935498688657609101e+00 -2.945814052051585197e+00 -2.951879688934382795e+00 -2.955380786788773140e+00 -2.957354315942203105e+00 -2.958441710395505186e+00 -2.959029902086534047e+00 -2.959341636434186906e+00 -2.959501775067328033e+00 -2.959582699224140523e+00 -2.959622849007323087e+00 -2.959642302101802791e+00 -2.959651516634439261e+00 -2.959655802045662920e+00 -2.959657746282613466e+00 -2.959658612335886563e+00 -2.959658988663193213e+00 -2.959659149219806107e+00 -2.959659216039225438e+00 -2.959659243342857682e+00 -2.959659254225524005e+00 -2.959659258484401700e+00 -2.959659260110087509e+00 -2.959659260719378793e+00 -2.959659260942109071e+00 -2.959659261022052235e+00 -2.959659261050037848e+00 -2.959659261059648827e+00
-2.955733614259252739e+00 -2.953500337125346764e+00 -2.950102680834848723e+00 -2.944993458784649576e+00 -2.937399709895111677e+00 -2.926224117469351071e+00 -2.910019935796304580e+00 -2.886770464114361001e+00 -2.853804687800992390e+00 -2.807613571154206067e+00 -2.743658154669148530e+00 -2.656160475447065572e+00 -2.537676522450346805e+00 -2.379654091560577722e+00 -2.171174174326678141e+00 -1.899475032076537229e+00 -1.549730282938742487e+00 -1.105090300546855975e+00 -5.468643540555793159e-01 1.451242252972151370e-01 9.919823241412051296e-01 2.014972203930964323e+00 3.242652717695686082e+00 4.678478231389235020e+00 6.344217176310444017e+00 8.249803444225111804e+00 1.039866095820241476e+01 1.278621838240695041e+01 1.539860534890711108e+01 1.821165663716728744e+01 2.119034855855642618e+01 2.428877764758328084e+01 2.745076509840106738e+01 3.061113202297163838e+01 3.369764281941523620e+01 3.663356038948096227e+01 3.934070240715706035e+01 4.174283773990844537e+01 4.376922193774014858e+01 4.535596742492901967e+01 4.643374303805384073e+01 4.653317801615670390e+01 4.520441006747151391e+01 4.237692247094324927e+01 3.816905200067011350e+01 3.287161818197066054e+01 2.688812661179307639e+01 2.078357543907035421e+01 1.507935598305007829e+01 1.012779823596468454e+01 6.105157843244786164e+00 3.032566890095509837e+00 8.222240072800279798e-01 -6.849273243129294642e-01 -1.655404083220104905e+00 -2.247106459035140169e+00 -2.588501845359473919e+00 -2.775780639841581188e+00 -2.872967064778198409e+00 -2.920778184382611720e+00 -2.943054359650181251e+00 -2.952926486773783665e+00 -2.957064890606021290e+00 -2.958707959375984409e+00 -2.959328431365662482e+00 -2.959550763300685894e+00 -2.959625190087423530e+00 -2.959649122358797957e+00 -2.959656397535393779e+00 -2.959658491977174677e+00 -2.959659065453724036e+00 -2.959659213862028793e+00 -2.959659250233967587e+00 -2.959659258712446839e+00 -2.959659260578778817e+00 -2.959659260969553785e+00 -2.959659261046811096e+00 -2.959659261061340807e+00 -2.959659261063922298e+00 -2.959659261064356617e+00 -2.959659261064425895e+00 -2.959659261064436553e+00 -2.959659261064437885e+00 -2.959659261064438329e+00 -2.959659261064438329e+00 -2.959659261064438329e+00 -2.959659261064438329e+00 -2.959659261064438329e+00 -2.959659261064438329e+00 -2.959659261064438329e+00 -2.959659261064438329e+00 -2.959659261064438329e+00 -2.959659261064438329e+00 -2.959659261064438329e+00 -2.959659261064438329e+00
-2.956822850391977120e+00 -2.955152753898907303e+00 -2.952578024938319334e+00 -2.948654584156380931e+00 -2.942745278211198467e+00 -2.933932110434519736e+00 -2.920981872241776856e+00 -2.902151497511082923e+00 -2.875092273879078952e+00 -2.836665959066529741e+00 -2.782742303949148788e+00 -2.707969219460127697e+00 -2.605338600539819804e+00 -2.466591791419496804e+00 -2.281036680234880265e+00 -2.035890002206584448e+00 -1.715966507138827257e+00 -1.303590938630861729e+00 -7.786370716839292605e-01 -1.187344657295539285e-01 7.003175196406909997e-01 1.703894326722469987e+00 2.917625819347561045e+00 4.366203316479785101e+00 6.071927736517180207e+00 8.053038281327726366e+00 1.032188960825180502e+01 1.288307433907266031e+01 1.573161400373676599e+01 1.887131662440217639e+01 2.223510120730422202e+01 2.579958897474004687e+01 2.950986542273263780e+01 3.329854621482531485e+01 3.708729502787810617e+01 4.078915621836464567e+01 4.431163617108861530e+01 4.756040026025865330e+01 5.044339059589329111e+01 5.287177045961480104e+01 5.477837401803542150e+01 5.608309191063568733e+01 5.604150332126506839e+01 5.387451558330656809e+01 4.943297815573623666e+01 4.295057750881232295e+01 3.491771525003795063e+01 2.631350574392061148e+01 1.822977446377252519e+01 1.139837732684932980e+01 6.141788957625113454e+00 2.433502617650777022e+00 2.826437760043321035e-02 -1.415995137630454259e+00 -2.215913056482048837e+00 -2.625725266120504386e+00 -2.819841286198903063e+00 -2.905247718239410304e+00 -2.939964468671008913e+00 -2.953032221934247303e+00 -2.957583408519103063e+00 -2.959056346183381869e+00 -2.959496670519119466e+00 -2.959618473403836880e+00 -2.959649785796399257e+00 -2.959657218949242719e+00 -2.959658851799097601e+00 -2.959659185182200059e+00 -2.959659248018759570e+00 -2.959659258979104646e+00 -2.959659260756286603e+00 -2.959659261022231203e+00 -2.959659261059131907e+00 -2.959659261063814384e+00 -2.959659261064369939e+00 -2.959659261064431224e+00 -2.959659261064437885e+00 -2.959659261064438329e+00 -2.959659261064438329e+00 -2.959659261064438329e+00 -2.959659261064438329e+00 -2.959659261064438329e+00 -2.959659261064438329e+00 -2.959659261064438329e+00 -2.959659261064438329e+00 -2.959659261064438329e+00 -2.959659261064438329e+00 -2.959659261064438329e+00 -2.959659261064438329e+00 -2.959659261064438329e+00 -2.959659261064438329e+00 -2.959659261064438329e+00 -2.959659261064438329e+00 -2.959659261064438329e+00 -2.959659261064438329e+00
-2.959507383577732575e+00 -2.959383365585752212e+00 -2.959165059188411995e+00 -2.958786341434319844e+00 -2.958138868843875890e+00 -2.957045859698733903e+00 -2.955233321181983452e+00 -2.952267962075677321e+00 -2.947487502026074235e+00 -2.939893902867134923e+00 -2.928009076357805274e+00 -2.909682343104718516e+00 -2.881788120613542059e+00 -2.840093162263892523e+00 -2.778623011963464062e+00 -2.689356551478756074e+00 -2.561676711586638788e+00 -2.381818967612233884e+00 -2.132320923227929654e+00 -1.791528753967905896e+00 -1.333235131431926623e+00 -7.265406396207212403e-01 6.395657803464116498e-02 1.077533942101239983e+00 2.356179512255960784e+00 3.942812321773735196e+00 5.878853600225351528e+00 8.201175178261156162e+00 1.093852769046359796e+01 1.410763720604613880e+01 1.770924540216574172e+01 2.175031939468507503e+01 2.613968442216490118e+01 3.083461078858901772e+01 3.574407601661341261e+01 4.075362741591781202e+01 4.572875172779183117e+01 5.052017362362666830e+01 5.497086705762578873e+01 5.891874920978413144e+01 6.222924924843939465e+01 6.476752827189157813e+01 6.637247743757323803e+01 6.596703356293348008e+01 6.261787191141423392e+01 5.614947382671830667e+01 4.689145186256759246e+01 3.602520861950733178e+01 2.530167550282234856e+01 1.602318816981397376e+01 8.847791921918252811e+00 3.837092023665123808e+00 6.623628547556221768e-01 -1.177418159151220722e+00 -2.149728744997970065e+00 -2.619946073366510753e+00 -2.828029229832631497e+00 -2.912706321471778548e+00 -2.944227422684067896e+00 -2.954988186241839010e+00 -2.958355017242618956e+00 -2.959324775434603705e+00 -2.959580346963148312e+00 -2.959642097346554923e+00 -2.959655836556441599e+00 -2.959658632993495964e+00 -2.959659154901490119e+00 -2.959659244619204710e+00 -2.959659258723968733e+00 -2.959659260757473209e+00 -2.959659261027571819e+00 -2.959659261060371804e+00 -2.959659261064024882e+00 -2.959659261064400582e+00 -2.959659261064435221e+00 -2.959659261064437885e+00 -2.959659261064438329e+00 -2.959659261064438329e+00 -2.959659261064438329e+00 -2.959659261064438329e+00 -2.959659261064438329e+00 -2.959659261064438329e+00 -2.959659261064438329e+00 -2.959659261064438329e+00 -2.959659261064438329e+00 -2.959659261064438329e+00 -2.959659261064438329e+00 -2.959659261064438329e+00 -2.959659261064438329e+00 -2.959659261064438329e+00 -2.959659261064438329e+00 -2.959659261064438329e+00 -2.959659261064438329e+00 -2.959659261064438329e+00 -2.959659261064438329e+00
-2.959643647644364606e+00 -2.959627886385325368e+00 -2.959597228075089070e+00 -2.959538582639372528e+00 -2.959428266691796150e+00 -2.959223793045175910e+00 -2.958852303087530888e+00 -2.958187916419166896e+00 -2.957019600579111618e+00 -2.954999611993298636e+00 -2.951565858578248047e+00 -2.945827319193967675e+00 -2.936380927612009195e+00 -2.921142909410096689e+00 -2.896952218647616206e+00 -2.859205395097932367e+00 -2.801316801986372340e+00 -2.714069803957265936e+00 -2.584854716983283396e+00 -2.396820575396776398e+00 -2.127994800697118549e+00 -1.750458038499538960e+00 -1.229698157503048339e+00 -5.243030501949674793e-01 4.138202590232937794e-01 1.638500959522362077e+00 3.207448434603677345e+00 5.192825439799365839e+00 7.626294178486151765e+00 1.056617596474645104e+01 1.404598772897524128e+01 1.807899560688200680e+01 2.265209160985927284e+01 2.772051083682350736e+01 3.320414532910935179e+01 3.898618479726035702e+01 4.491468148064591048e+01 5.080739509879762750e+01 5.645994130396660893e+01 6.164935554716212351e+01 6.617863851882256654e+01 6.984269614055757813e+01 7.247547039727237461e+01 7.362669080861421378e+01 7.177509359414435153e+01 6.602660875266873575e+01 5.626773390891429472e+01 4.375159787806221345e+01 3.086874439659042224e+01 1.952804880081495753e+01 1.075620625700461375e+01 4.712237923790395300e+00 9.779373660033119364e-01 -1.110034874021111229e+00 -2.164154756984324024e+00 -2.646560789692460780e+00 -2.846759623173596765e+00 -2.922496276825980566e+00 -2.948480398129103897e+00 -2.956587550039566636e+00 -2.958886840181573330e+00 -2.959482318637589593e+00 -2.959622271538342453e+00 -2.959652187856949279e+00 -2.959658030419437758e+00 -2.959659065804877809e+00 -2.959659232731262968e+00 -2.959659257374653851e+00 -2.959659260621097854e+00 -2.959659261015722187e+00 -2.959659261059576441e+00 -2.959659261063996016e+00 -2.959659261064401470e+00 -2.959659261064435665e+00 -2.959659261064438329e+00 -2.959659261064438329e+00 -2.959659261064438329e+00 -2.959659261064438329e+00 -2.959659261064438329e+00 -2.959659261064438329e+00 -2.959659261064438329e+00 -2.959659261064438329e+00 -2.959659261064438329e+00 -2.959659261064438329e+00 -2.959659261064438329e+00 -2.959659261064438329e+00 -2.959659261064438329e+00 -2.959659261064438329e+00 -2.959659261064438329e+00 -2.959659261064438329e+00 -2.959659261064438329e+00 -2.959659261064438329e+00 -2.959659261064438329e+00 -2.959659261064438329e+00 -2.959659261064438329e+00
-2.959658890644241591e+00 -2.959658382682932132e+00 -2.959657219181993870e+00 -2.959654608002912912e+00 -2.959648866439038351e+00 -2.959636470312591694e+00 -2.959610334599323433e+00 -2.959556294687206712e+00 -2.959446831533255828e+00 -2.959229622098784152e+00 -2.958807410949974681e+00 -2.958003510593472107e+00 -2.956501177209847953e+00 -2.953760094186710816e+00 -2.948856517483132045e+00 -2.940265806762738077e+00 -2.925527764828296462e+00 -2.900770035078943820e+00 -2.860050390931546449e+00 -2.794484727863980389e+00 -2.691141945121474421e+00 -2.531715362178684536e+00 -2.291026152617102518e+00 -1.935478667937110542e+00 -1.421667794198022250e+00 -6.954264329697714686e-01 3.083180060253116750e-01 1.674045818225658788e+00 3.467482751313431866e+00 5.780130379029808196e+00 8.691750495955798073e+00 1.226863192799377167e+01 1.655315041206844384e+01 2.155269761248946736e+01 2.722926202209967528e+01 3.349121614509250122e+01 4.018894000947414469e+01 4.711572425022006172e+01 5.401491984355990184e+01 6.058386271186790850e+01 6.653331049172746248e+01 7.154966459565190462e+01 7.536179080650319406e+01 7.774060807290767627e+01 7.741218405290908322e+01 7.274019032617572122e+01 6.304570637208104955e+01 4.951617466117929922e+01 3.506128241759151365e+01 2.213952176968777508e+01 1.213199827561049204e+01 5.302727379570235655e+00 1.162264972186406009e+00 -1.090599498656394051e+00 -2.188866291957343169e+00 -2.670674661195979738e+00 -2.861026779315869906e+00 -2.929125524227220279e+00 -2.951075208214650747e+00 -2.957468382058047407e+00 -2.959150589428596323e+00 -2.959552335765911923e+00 -2.959638872687835320e+00 -2.959655725576876506e+00 -2.959658706629635816e+00 -2.959659182243052911e+00 -2.959659251005361646e+00 -2.959659259890270899e+00 -2.959659260940244785e+00 -2.959659261052492774e+00 -2.959659261063400937e+00 -2.959659261064356617e+00 -2.959659261064432556e+00 -2.959659261064437885e+00 -2.959659261064438329e+00 -2.959659261064438329e+00 -2.959659261064438329e+00 -2.959659261064438329e+00 -2.959659261064438329e+00 -2.959659261064438329e+00 -2.959659261064438329e+00 -2.959659261064438329e+00 -2.959659261064438329e+00 -2.959659261064438329e+00 -2.959659261064438329e+00 -2.959659261064438329e+00 -2.959659261064438329e+00 -2.959659261064438329e+00 -2.959659261064438329e+00 -2.959659261064438329e+00 -2.959659261064438329e+00 -2.959659261064438329e+00 -2.959659261064438329e+00 -2.959659261064438329e+00 -2.959659261064438329e+00
-2.959659241424468235e+00 -2.959659207815675153e+00 -2.959659120803312504e+00 -2.959658899903176543e+00 -2.959658351983881275e+00 -2.959657021129765475e+00 -2.959653873405533542e+00 -2.959646593120683900e+00 -2.959630143520345591e+00 -2.959593835539824358e+00 -2.959515551787875509e+00 -2.959350680367640152e+00 -2.959010794792470200e+00 -2.958328645484165520e+00 -2.956990142861299908e+00 -2.954425255645482196e+00 -2.949625752396327627e+00 -2.940856357775229135e+00 -2.925212253061544310e+00 -2.897966575711652393e+00 -2.851647150613414894e+00 -2.774788239932389544e+00 -2.650328002482484013e+00 -2.453673503427604263e+00 -2.150538785954810628e+00 -1.694779141339453510e+00 -1.026588987188979729e+00 -7.158203556583320193e-02 1.258603094361342212e+00 3.063477142298837830e+00 5.448032705864106262e+00 8.513855514656617274e+00 1.234706737229655360e+01 1.700375650694540042e+01 2.249425211460614094e+01 2.876827355576871881e+01 3.570346761174706529e+01 4.309997065237131864e+01 5.068326688118180101e+01 5.815004977906244221e+01 6.505376479613462948e+01 7.104313634330358695e+01 7.575774160483061337e+01 7.889860196729753739e+01 7.974643532954792136e+01 7.626884541825864972e+01 6.713941219711550445e+01 5.338587455813347304e+01 3.816777334956107381e+01 2.429626726225995625e+01 1.343742365468941102e+01 5.993095454513484910e+00 1.480842431840702300e+00 -9.637084046459611919e-01 -2.146010777979417306e+00 -2.658925330719855484e+00 -2.858724886470249249e+00 -2.929008555495851596e+00 -2.951226317579957570e+00 -2.957557633856148449e+00 -2.959183814527654999e+00 -2.959562088757170084e+00 -2.959641282496477732e+00 -2.959656241893324768e+00 -2.959658803465534227e+00 -2.959659198310649053e+00 -2.959659253253235089e+00 -2.959659260187680996e+00 -2.959659260975429529e+00 -2.959659261056235557e+00 -2.959659261063757096e+00 -2.959659261064387259e+00 -2.959659261064434777e+00 -2.959659261064438329e+00 -2.959659261064438329e+00 -2.959659261064438329e+00 -2.959659261064438329e+00 -2.959659261064438329e+00 -2.959659261064438329e+00 -2.959659261064438329e+00 -2.959659261064438329e+00 -2.959659261064438329e+00 -2.959659261064438329e+00 -2.959659261064438329e+00 -2.959659261064438329e+00 -2.959659261064438329e+00 -2.959659261064438329e+00 -2.959659261064438329e+00 -2.959659261064438329e+00 -2.959659261064438329e+00 -2.959659261064438329e+00 -2.959659261064438329e+00 -2.959659261064438329e+00 -2.959659261064438329e+00 -2.959659261064438329e+00
-2.959659261026226229e+00 -2.959659260928709124e+00 -2.959659260596092079e+00 -2.959659259494490158e+00 -2.959659255951984314e+00 -2.959659244862767657e+00 -2.959659211274504820e+00 -2.959659112418066229e+00 -2.959658829942840796e+00 -2.959658046334866732e+00 -2.959655915698425233e+00 -2.959650366597650351e+00 -2.959636254125906696e+00 -2.959601531816614894e+00 -2.959518534735539053e+00 -2.959325989130745516e+00 -2.958892486764514107e+00 -2.957945369872068575e+00 -2.955937510430706183e+00 -2.951807609542188349e+00 -2.943566675060321103e+00 -2.927615531839050877e+00 -2.897670361127348215e+00 -2.843155568444444281e+00 -2.746932801709667249e+00 -2.582295218209712750e+00 -2.309293343233675078e+00 -1.870693308494679741e+00 -1.188200461516594864e+00 -1.599757642162438209e-01 1.339156018627362332e+00 3.453195025413925645e+00 6.334656306202026244e+00 1.012756536585964540e+01 1.494402377660162173e+01 2.083625516079098361e+01 2.776789920785569876e+01 3.558992694870037354e+01 4.402733918476594965e+01 5.266905947326466730e+01 6.104469916106061333e+01 6.858658456876898413e+01 7.474211646939430409e+01 7.902673963892314646e+01 8.088911972792419647e+01 7.841988340407755231e+01 6.983892196858263901e+01 5.610657396256575424e+01 4.040068537947171734e+01 2.594597495448448043e+01 1.450948670551257180e+01 6.610211242416278665e+00 1.797263586096085053e+00 -8.190653737002757673e-01 -2.086892170416060122e+00 -2.637292627483564633e+00 -2.851619447955420661e+00 -2.926919925506678233e+00 -2.950675929000812214e+00 -2.957427642302655091e+00 -2.959156245220737613e+00 -2.959556868233622851e+00 -2.959640399115682108e+00 -2.959656108202549429e+00 -2.959658785530921321e+00 -2.959659196182045537e+00 -2.959659253030576309e+00 -2.959659260167549988e+00 -2.959659260973888095e+00 -2.959659261056140522e+00 -2.959659261063753100e+00 -2.959659261064387259e+00 -2.959659261064434777e+00 -2.959659261064438329e+00 -2.959659261064438329e+00 -2.959659261064438329e+00 -2.959659261064438329e+00 -2.959659261064438329e+00 -2.959659261064438329e+00 -2.959659261064438329e+00 -2.959659261064438329e+00 -2.959659261064438329e+00 -2.959659261064438329e+00 -2.959659261064438329e+00 -2.959659261064438329e+00 -2.959659261064438329e+00 -2.959659261064438329e+00 -2.959659261064438329e+00 -2.959659261064438329e+00 -2.959659261064438329e+00 -2.959659261064438329e+00 -2.959659261064438329e+00 -2.959659261064438329e+00 -2.959659261064438329e+00 -2.959659261064438329e+00
-2.959659261064392144e+00 -2.959659261064218061e+00 -2.959659261063425806e+00 -2.959659261059941038e+00 -2.959659261045166634e+00 -2.959659260984571105e+00 -2.959659260745729714e+00 -2.959659259837127188e+00 -2.959659256503513358e+00 -2.959659244707943504e+00 -2.959659204457628867e+00 -2.959659072008568703e+00 -2.959658650649052536e+00 -2.959657362545109471e+00 -2.959653562659955828e+00 -2.959642755056715924e+00 -2.959613120476637160e+00 -2.959534787175635895e+00 -2.959335198282548429e+00 -2.958845049102957425e+00 -2.957684998825973466e+00 -2.955039358668587024e+00 -2.949225932816691209e+00 -2.936919991897524618e+00 -2.911829844245085397e+00 -2.862568043218971070e+00 -2.769449695344906814e+00 -2.600031262740960969e+00 -2.303446764110079314e+00 -1.804062257905050703e+00 -9.956650663732016238e-01 2.617564417626856432e-01 2.139833008817260573e+00 4.831129580426305026e+00 8.527454173869628562e+00 1.338650777931584201e+01 1.948933983818610827e+01 2.679496377673667240e+01 3.510208158346293317e+01 4.401580083340778771e+01 5.301390210419941695e+01 6.140862682642312365e+01 6.847977513866759125e+01 7.356140229098475913e+01 7.608987894279533748e+01 7.462773239433791161e+01 6.749404107598473956e+01 5.547103596749340682e+01 4.129579830631900705e+01 2.765032405149277395e+01 1.637375967295188417e+01 8.190461889456212674e+00 2.918043412140551407e+00 -1.334216824122367306e-01 -1.719007319732326566e+00 -2.462495038953342874e+00 -2.777510145342642289e+00 -2.898837850825507712e+00 -2.941124165780787170e+00 -2.954504503579855168e+00 -2.958348243928229593e+00 -2.959355639637125890e+00 -2.959595105860716391e+00 -2.959646861579850352e+00 -2.959657080242490412e+00 -2.959658911184450680e+00 -2.959659209709282202e+00 -2.959659254209191293e+00 -2.959659260251657820e+00 -2.959659260973992012e+00 -2.959659261055290536e+00 -2.959659261063594560e+00 -2.959659261064367275e+00 -2.959659261064433000e+00 -2.959659261064437885e+00 -2.959659261064438329e+00 -2.959659261064438329e+00 -2.959659261064438329e+00 -2.959659261064438329e+00 -2.959659261064438329e+00 -2.959659261064438329e+00 -2.959659261064438329e+00 -2.959659261064438329e+00 -2.959659261064438329e+00 -2.959659261064438329e+00 -2.959659261064438329e+00 -2.959659261064438329e+00 -2.959659261064438329e+00 -2.959659261064438329e+00 -2.959659261064438329e+00 -2.959659261064438329e+00 -2.959659261064438329e+00 -2.959659261064438329e+00 -2.959659261064438329e+00 -2.959659261064438329e+00
-2.959659261064437441e+00 -2.959659261064434332e+00 -2.959659261064416125e+00 -2.959659261064320201e+00 -2.959659261063840585e+00 -2.959659261061521995e+00 -2.959659261050797685e+00 -2.959659261003114050e+00 -2.959659260799455183e+00 -2.959659259963932865e+00 -2.959659256671489214e+00 -2.959659244210083973e+00 -2.959659198788693324e+00 -2.959659040346754200e+00 -2.959658509178293873e+00 -2.959656799193176813e+00 -2.959651513264107692e+00 -2.959635824561661188e+00 -2.959591119839376727e+00 -2.959468832887846901e+00 -2.959147746537974299e+00 -2.958338599534495739e+00 -2.956381833315158580e+00 -2.951841471668283479e+00 -2.941734837824812931e+00 -2.920157370583726486e+00 -2.875982846633442502e+00 -2.789285897656669011e+00 -2.626221575245772488e+00 -2.332406108712659076e+00 -1.825466241358253860e+00 -9.883819140331366881e-01 3.335987797651545073e-01 2.328708050677988250e+00 5.203077007996524728e+00 9.151023437219020451e+00 1.431146167749415099e+01 2.071543514397281172e+01 2.823515383175054438e+01 3.653589287237350192e+01 4.512476612085195882e+01 5.340571457883130080e+01 6.041220549535254492e+01 6.552602596362095255e+01 6.816493815663154976e+01 6.712168322696838629e+01 6.074324775348529926e+01 4.984635920531372477e+01 3.695974407982095755e+01 2.456038900312221074e+01 1.434109843299533082e+01 6.958165083898609993e+00 2.230128933136244829e+00 -4.857651283286203991e-01 -1.884449100891681050e+00 -2.533603929066700289e+00 -2.805493496019399124e+00 -2.908880857130715647e+00 -2.944412925692925675e+00 -2.955486488197790695e+00 -2.958616003789793947e+00 -2.959422019627385492e+00 -2.959610091656758257e+00 -2.959649949442924921e+00 -2.959657658054677398e+00 -2.959659009593980539e+00 -2.959659225007771788e+00 -2.959659256367484392e+00 -2.959659260506962486e+00 -2.959659261003944497e+00 -2.959659261058477764e+00 -2.959659261063903202e+00 -2.959659261064394364e+00 -2.959659261064435221e+00 -2.959659261064437885e+00 -2.959659261064438329e+00 -2.959659261064438329e+00 -2.959659261064438329e+00 -2.959659261064438329e+00 -2.959659261064438329e+00 -2.959659261064438329e+00 -2.959659261064438329e+00 -2.959659261064438329e+00 -2.959659261064438329e+00 -2.959659261064438329e+00 -2.959659261064438329e+00 -2.959659261064438329e+00 -2.959659261064438329e+00 -2.959659261064438329e+00 -2.959659261064438329e+00 -2.959659261064438329e+00 -2.959659261064438329e+00 -2.959659261064438329e+00 -2.959659261064438329e+00 -2.959659261064438329e+00
-2.959659261064436997e+00 -2.959659261064431224e+00 -2.959659261064399693e+00 -2.959659261064242486e+00 -2.959659261063481761e+00 -2.959659261059933932e+00 -2.959659261044079059e+00 -2.959659260975912254e+00 -2.959659260694133209e+00 -2.959659259574283663e+00 -2.959659255200259409e+00 -2.959659239235004513e+00 -2.959659182739102334e+00 -2.959658991237430481e+00 -2.959658366819081454e+00 -2.959656409935148336e+00 -2.959650515922529035e+00 -2.959633455859889128e+00 -2.959586005776255302e+00 -2.959459199991505418e+00 -2.959133632667520608e+00 -2.958330679243946104e+00 -2.956428598014114062e+00 -2.952101564032825198e+00 -2.942650123490836656e+00 -2.922831897890735497e+00 -2.882948737206100898e+00 -2.805937373814552771e+00 -2.663303545542525352e+00 -2.410006876695248046e+00 -1.978904410649712675e+00 -1.276091328575803985e+00 -1.793128388981815036e-01 1.457728028571097401e+00 3.792310972193777108e+00 6.969081510478122965e+00 1.108646582738269259e+01 1.615724892427442327e+01 2.207130358114412161e+01 2.856098519909868116e+01 3.524164956941736904e+01 4.158134281957362077e+01 4.700238126439014508e+01 5.095645824143035441e+01 5.301228041852102280e+01 5.244677826135384890e+01 4.814480816186002698e+01 4.061216630540865680e+01 3.138223153624091566e+01 2.206163447964386037e+01 1.389257215839221971e+01 7.532420991163112589e+00 3.084153994966653212e+00 2.559414085996296606e-01 -1.378228544394830779e+00 -2.240760292788233521e+00 -2.657168494230758071e+00 -2.842164591567932330e+00 -2.917477001709973372e+00 -2.945662142975165487e+00 -2.955358448190330112e+00 -2.958440047281980512e+00 -2.959339828075997492e+00 -2.959581741094260199e+00 -2.959641911840002138e+00 -2.959655672755285849e+00 -2.959658573419797545e+00 -2.959659139589728483e+00 -2.959659241234386950e+00 -2.959659258064189835e+00 -2.959659260646171131e+00 -2.959659261010556985e+00 -2.959659261058003477e+00 -2.959659261063730451e+00 -2.959659261064365943e+00 -2.959659261064431668e+00 -2.959659261064437885e+00 -2.959659261064438329e+00 -2.959659261064438329e+00 -2.959659261064438329e+00 -2.959659261064438329e+00 -2.959659261064438329e+00 -2.959659261064438329e+00 -2.959659261064438329e+00 -2.959659261064438329e+00 -2.959659261064438329e+00 -2.959659261064438329e+00 -2.959659261064438329e+00 -2.959659261064438329e+00 -2.959659261064438329e+00 -2.959659261064438329e+00 -2.959659261064438329e+00 -2.959659261064438329e+00 -2.959659261064438329e+00 -2.959659261064438329e+00
-2.959659261064436553e+00 -2.959659261064428559e+00 -2.959659261064388591e+00 -2.959659261064191416e+00 -2.959659261063257496e+00 -2.959659261058991131e+00 -2.959659261040306966e+00 -2.959659260961548632e+00 -2.959659260642192979e+00 -2.959659259396587139e+00 -2.959659254723547406e+00 -2.959659237861431258e+00 -2.959659179186511224e+00 -2.959658983516090913e+00 -2.959658355513672845e+00 -2.959656417325370104e+00 -2.959650665589226737e+00 -2.959633930214637942e+00 -2.959588363133448308e+00 -2.959468266185975693e+00 -2.959164022351426837e+00 -2.958423278111174337e+00 -2.956690223365562531e+00 -2.952794513596920467e+00 -2.944382217845187277e+00 -2.926935728367260126e+00 -2.892192880117275156e+00 -2.825777564814029752e+00 -2.703941001982871573e+00 -2.489538779143312563e+00 -2.127773588761638912e+00 -1.542804708423388904e+00 -6.369537908979494567e-01 7.053099776963063228e-01 2.606477746250925431e+00 5.176975913295590814e+00 8.488698510251602158e+00 1.254452500822210403e+01 1.725013945020385364e+01 2.238834183759393781e+01 2.765269545772283166e+01 3.262451065089189228e+01 3.685324821499925463e+01 3.991471076041369770e+01 4.147931741386975801e+01 4.097381691809696491e+01 3.743493924373180448e+01 3.134566639366920526e+01 2.395179833166064753e+01 1.654090647878098963e+01 1.009267116368366501e+01 5.110014498641332281e+00 1.652954078311330566e+00 -5.262818249569733986e-01 -1.773929252461564632e+00 -2.425991297903615340e+00 -2.737495959375087828e+00 -2.874346705996583484e+00 -2.929400822910964930e+00 -2.949747124407401611e+00 -2.956654614286120530e+00 -2.958819561423902567e+00 -2.959442528678847495e+00 -2.959607480132133706e+00 -2.959647860067682767e+00 -2.959656942781559774e+00 -2.959658824572117819e+00 -2.959659185357494948e+00 -2.959659248938186771e+00 -2.959659259265383646e+00 -2.959659260818666038e+00 -2.959659261033432909e+00 -2.959659261060814117e+00 -2.959659261064048419e+00 -2.959659261064399249e+00 -2.959659261064434777e+00 -2.959659261064437885e+00 -2.959659261064438329e+00 -2.959659261064438329e+00 -2.959659261064438329e+00 -2.959659261064438329e+00 -2.959659261064438329e+00 -2.959659261064438329e+00 -2.959659261064438329e+00 -2.959659261064438329e+00 -2.959659261064438329e+00 -2.959659261064438329e+00 -2.959659261064438329e+00 -2.959659261064438329e+00 -2.959659261064438329e+00 -2.959659261064438329e+00 -2.959659261064438329e+00 -2.959659261064438329e+00 -2.959659261064438329e+00 -2.959659261064438329e+00
-2.959659261064438329e+00 -2.959659261064438329e+00 -2.959659261064438329e+00 -2.959659261064438329e+00 -2.959659261064438329e+00 -2.959659261064438329e+00 -2.959659261064438329e+00 -2.959659261064437885e+00 -2.959659261064436553e+00 -2.959659261064423230e+00 -2.959659261064329527e+00 -2.959659261063696256e+00 -2.959659261059643054e+00 -2.959659261035239464e+00 -2.959659260896432720e+00 -2.959659260151006777e+00 -2.959659256371713898e+00 -2.959659238283471883e+00 -2.959659156563889226e+00 -2.959658808098636129e+00 -2.959657405766238814e+00 -2.959652080402195740e+00 -2.959632999614728810e+00 -2.959568504673513178e+00 -2.959362886513703383e+00 -2.958744704514089108e+00 -2.956992482706332748e+00 -2.952311235480251650e+00 -2.940527171834780518e+00 -2.912587256273610592e+00 -2.850220277633410237e+00 -2.719228020029323289e+00 -2.460522437575245469e+00 -1.980488365435096210e+00 -1.144528998633974393e+00 2.199056288986285246e-01 2.303400412070640169e+00 5.272611548169042095e+00 9.208131611842384601e+00 1.402709637146937993e+01 1.946167469704546704e+01 2.500585044006624358e+01 3.000085920638837678e+01 3.374954657105781308e+01 3.567322429398416972e+01 3.517242394157118923e+01 3.161131145220150529e+01 2.569611186180074469e+01 1.875859286589385633e+01 1.209069267433047656e+01 6.576508632989742864e+00 2.564964234992265002e+00 -3.023264466636454983e-02 -1.540727569773524319e+00 -2.331270286254111923e+00 -2.705223081645705463e+00 -2.865318359330470077e+00 -2.927724705360235102e+00 -2.949776259246510879e+00 -2.956862996184084214e+00 -2.958934399139103721e+00 -2.959490926639129160e+00 -2.959622903707702424e+00 -2.959652063903514652e+00 -2.959657961765420175e+00 -2.959659046636158752e+00 -2.959659228618114479e+00 -2.959659256589059595e+00 -2.959659260500150602e+00 -2.959659260999178976e+00 -2.959659261057561608e+00 -2.959659261063776192e+00 -2.959659261064379709e+00 -2.959659261064433444e+00 -2.959659261064437885e+00 -2.959659261064438329e+00 -2.959659261064438329e+00 -2.959659261064438329e+00 -2.959659261064438329e+00 -2.959659261064438329e+00 -2.959659261064438329e+00 -2.959659261064438329e+00 -2.959659261064438329e+00 -2.959659261064438329e+00 -2.959659261064438329e+00 -2.959659261064438329e+00 -2.959659261064438329e+00 -2.959659261064438329e+00 -2.959659261064438329e+00 -2.959659261064438329e+00 -2.959659261064438329e+00 -2.959659261064438329e+00 -2.959659261064438329e+00 -2.959659261064438329e+00 -2.959659261064438329e+00
-2.959659261064438329e+00 -2.959659261064438329e+00 -2.959659261064438329e+00 -2.959659261064438329e+00 -2.959659261064438329e+00 -2.959659261064438329e+00 -2.959659261064438329e+00 -2.959659261064438329e+00 -2.959659261064438329e+00 -2.959659261064438329e+00 -2.959659261064438329e+00 -2.959659261064437885e+00 -2.959659261064434777e+00 -2.959659261064403690e+00 -2.959659261064139901e+00 -2.959659261062033142e+00 -2.959659261046349688e+00 -2.959659260937599345e+00 -2.959659260235128819e+00 -2.959659256008558170e+00 -2.959659232323858635e+00 -2.959659108724342680e+00 -2.959658508135065702e+00 -2.959655791165253902e+00 -2.959644350184025274e+00 -2.959599514262165165e+00 -2.959436031325588967e+00 -2.958881553330514169e+00 -2.957132822985194753e+00 -2.951904730239503838e+00 -2.937774962318524530e+00 -2.902070228838574462e+00 -2.818347762609703988e+00 -2.636329080482047615e+00 -2.269822454068654238e+00 -1.587267459672534464e+00 -4.137573602241575443e-01 1.444237034388679231e+00 4.143709217179091908e+00 7.717957437518942143e+00 1.201687978865033735e+01 1.662787623616054589e+01 2.092829307059869848e+01 2.420525569529712939e+01 2.584418053569162410e+01 2.512772520458005587e+01 2.137554986043495830e+01 1.566841379487144792e+01 9.639988378689240633e+00 4.570423283072150511e+00 1.016689653372504054e+00 -1.104400333193096939e+00 -2.193738984459977726e+00 -2.680642606524624938e+00 -2.869857620844618484e+00 -2.934124263613047123e+00 -2.953230354573795680e+00 -2.958232227354756549e+00 -2.959379429762297953e+00 -2.959610786713786634e+00 -2.959651821225751434e+00 -2.959658255210581235e+00 -2.959659140941652833e+00 -2.959659248348005978e+00 -2.959659259879372950e+00 -2.959659260966893690e+00 -2.959659261057317359e+00 -2.959659261063980917e+00 -2.959659261064412572e+00 -2.959659261064436997e+00 -2.959659261064438329e+00 -2.959659261064438329e+00 -2.959659261064438329e+00 -2.959659261064438329e+00 -2.959659261064438329e+00 -2.959659261064438329e+00 -2.959659261064438329e+00 -2.959659261064438329e+00 -2.959659261064438329e+00 -2.959659261064438329e+00 -2.959659261064438329e+00 -2.959659261064438329e+00 -2.959659261064438329e+00 -2.959659261064438329e+00 -2.959659261064438329e+00 -2.959659261064438329e+00 -2.959659261064438329e+00 -2.959659261064438329e+00 -2.959659261064438329e+00 -2.959659261064438329e+00 -2.959659261064438329e+00 -2.959659261064438329e+00 -2.959659261064438329e+00 -2.959659261064438329e+00 -2.959659261064438329e+00
-2.959659261064438329e+00 -2.959659261064438329e+00 -2.959659261064438329e+00 -2.959659261064438329e+00 -2.959659261064438329e+00 -2.959659261064438329e+00 -2.959659261064438329e+00 -2.959659261064438329e+00 -2.959659261064438329e+00 -2.959659261064438329e+00 -2.959659261064438329e+00 -2.959659261064438329e+00 -2.959659261064438329e+00 -2.959659261064438329e+00 -2.959659261064438329e+00 -2.959659261064438329e+00 -2.959659261064438329e+00 -2.959659261064438329e+00 -2.959659261064438329e+00 -2.959659261064438329e+00 -2.959659261064438329e+00 -2.959659261064438329e+00 -2.959659261064438329e+00 -2.959659261064438329e+00 -2.959659261064437885e+00 -2.959659261064418345e+00 -2.959659261063777969e+00 -2.959659261046405199e+00 -2.959659260655754576e+00 -2.959659253377436183e+00 -2.959659141057195075e+00 -2.959657705941742822e+00 -2.959642532709137352e+00 -2.959509879714978808e+00 -2.958551833077847526e+00 -2.952843253891325848e+00 -2.924828959863972955e+00 -2.811880561420574853e+00 -2.439057059372138347e+00 -1.439129542702321185e+00 7.345137647315462814e-01 4.492775325320417679e+00 9.523888523820041030e+00 1.440371070313369728e+01 1.709394421459954572e+01 1.641861453256671410e+01 1.297762237778926675e+01 8.208995128349538817e+00 3.710590266361765810e+00 4.352372708182792316e-01 -1.487205470054150602e+00 -2.422590897020528544e+00 -2.790523485095746548e+00 -2.914347627802652330e+00 -2.949316063846278979e+00 -2.957647603340684217e+00 -2.959324955978447580e+00 -2.959612054122270131e+00 -2.959653582079421419e+00 -2.959658679068803533e+00 -2.959659210059156997e+00 -2.959659257270537580e+00 -2.959659260824064386e+00 -2.959659261051406531e+00 -2.959659261063839253e+00 -2.959659261064414792e+00 -2.959659261064437441e+00 -2.959659261064438329e+00 -2.959659261064438329e+00 -2.959659261064438329e+00 -2.959659261064438329e+00 -2.959659261064438329e+00 -2.959659261064438329e+00 -2.959659261064438329e+00 -2.959659261064438329e+00 -2.959659261064438329e+00 -2.959659261064438329e+00 -2.959659261064438329e+00 -2.959659261064438329e+00 -2.959659261064438329e+00 -2.959659261064438329e+00 -2.959659261064438329e+00 -2.959659261064438329e+00 -2.959659261064438329e+00 -2.959659261064438329e+00 -2.959659261064438329e+00 -2.959659261064438329e+00 -2.959659261064438329e+00 -2.959659261064438329e+00 -2.959659261064438329e+00 -2.959659261064438329e+00 -2.959659261064438329e+00 -2.959659261064438329e+00 -2.959659261064438329e+00 -2.959659261064438329e+00
-2.959659261064438329e+00 -2.959659261064438329e+00 -2.959659261064438329e+00 -2.959659261064438329e+00 -2.959659261064438329e+00 -2.959659261064438329e+00 -2.959659261064438329e+00 -2.959659261064438329e+00 -2.959659261064438329e+00 -2.959659261064438329e+00 -2.959659261064438329e+00 -2.959659261064438329e+00 -2.959659261064438329e+00 -2.959659261064438329e+00 -2.959659261064438329e+00 -2.959659261064438329e+00 -2.959659261064438329e+00 -2.959659261064438329e+00 -2.959659261064438329e+00 -2.959659261064438329e+00 -2.959659261064438329e+00 -2.959659261064438329e+00 -2.959659261064438329e+00 -2.959659261064438329e+00 -2.959659261064438329e+00 -2.959659261064438329e+00 -2.959659261064438329e+00 -2.959659261064438329e+00 -2.959659261064438329e+00 -2.959659261064438329e+00 -2.959659261064438329e+00 -2.959659261064438329e+00 -2.959659261064438329e+00 -2.959659261064438329e+00 -2.959659261064438329e+00 -2.959659261064438329e+00 -2.959659261064438329e+00 -2.959659261064438329e+00 -2.959659261064438329e+00 -2.959659261064438329e+00 -2.959659261064438329e+00 -2.959659261064438329e+00 -2.959659261064438329e+00 -2.959659261064438329e+00 -2.959659261064438329e+00 -2.959659261064438329e+00 -2.959659261064438329e+00 -2.959659261064438329e+00 -2.959659261064438329e+00 -2.959659261064438329e+00 -2.959659261064438329e+00 -2.959659261064438329e+00 -2.959659261064438329e+00 -2.959659261064438329e+00 -2.959659261064438329e+00 -2.959659261064438329e+00 -2.959659261064438329e+00 -2.959659261064438329e+00 -2.959659261064438329e+00 -2.959659261064438329e+00 -2.959659261064438329e+00 -2.959659261064438329e+00 -2.959659261064438329e+00 -2.959659261064438329e+00 -2.959659261064438329e+00 -2.959659261064438329e+00 -2.959659261064438329e+00 -2.959659261064438329e+00 -2.959659261064438329e+00 -2.959659261064438329e+00 -2.959659261064438329e+00 -2.959659261064438329e+00 -2.959659261064438329e+00 -2.959659261064438329e+00 -2.959659261064438329e+00 -2.959659261064438329e+00 -2.959659261064438329e+00 -2.959659261064438329e+00 -2.959659261064438329e+00 -2.959659261064438329e+00 -2.959659261064438329e+00 -2.959659261064438329e+00 -2.959659261064438329e+00 -2.959659261064438329e+00 -2.959659261064438329e+00 -2.959659261064438329e+00 -2.959659261064438329e+00 -2.959659261064438329e+00 -2.959659261064438329e+00 -2.959659261064438329e+00 -2.959659261064438329e+00 -2.959659261064438329e+00 -2.959659261064438329e+00 -2.959659261064438329e+00 -2.959659261064438329e+00
-2.959659261064438329e+00 -2.959659261064438329e+00 -2.959659261064438329e+00 -2.959659261064438329e+00 -2.959659261064438329e+00 -2.959659261064438329e+00 -2.959659261064438329e+00 -2.959659261064438329e+00 -2.959659261064438329e+00 -2.959659261064438329e+00 -2.959659261064438329e+00 -2.959659261064438329e+00 -2.959659261064438329e+00 -2.959659261064438329e+00 -2.959659261064438329e+00 -2.959659261064438329e+00 -2.959659261064438329e+00 -2.959659261064438329e+00 -2.959659261064438329e+00 -2.959659261064438329e+00 -2.959659261064438329e+00 -2.959659261064438329e+00 -2.959659261064438329e+00 -2.959659261064438329e+00 -2.959659261064438329e+00 -2.959659261064438329e+00 -2.959659261064438329e+00 -2.959659261064438329e+00 -2.959659261064438329e+00 -2.959659261064438329e+00 -2.959659261064438329e+00 -2.959659261064438329e+00 -2.959659261064438329e+00 -2.959659261064438329e+00 -2.959659261064438329e+00 -2.959659261064438329e+00 -2.959659261064438329e+00 -2.959659261064438329e+00 -2.959659261064438329e+00 -2.959659261064438329e+00 -2.959659261064438329e+00 -2.959659261064438329e+00 -2.959659261064438329e+00 -2.959659261064438329e+00 -2.959659261064438329e+00 -2.959659261064438329e+00 -2.959659261064438329e+00 -2.959659261064438329e+00 -2.959659261064438329e+00 -2.959659261064438329e+00 -2.959659261064438329e+00 -2.959659261064438329e+00 -2.959659261064438329e+00 -2.959659261064438329e+00 -2.959659261064438329e+00 -2.959659261064438329e+00 -2.959659261064438329e+00 -2.959659261064438329e+00 -2.959659261064438329e+00 -2.959659261064438329e+00 -2.959659261064438329e+00 -2.959659261064438329e+00 -2.959659261064438329e+00 -2.959659261064438329e+00 -2.959659261064438329e+00 -2.959659261064438329e+00 -2.959659261064438329e+00 -2.959659261064438329e+00 -2.959659261064438329e+00 -2.959659261064438329e+00 -2.959659261064438329e+00 -2.959659261064438329e+00 -2.959659261064438329e+00 -2.959659261064438329e+00 -2.959659261064438329e+00 -2.959659261064438329e+00 -2.959659261064438329e+00 -2.959659261064438329e+00 -2.959659261064438329e+00 -2.959659261064438329e+00 -2.959659261064438329e+00 -2.959659261064438329e+00 -2.959659261064438329e+00 -2.959659261064438329e+00 -2.959659261064438329e+00 -2.959659261064438329e+00 -2.959659261064438329e+00 -2.959659261064438329e+00 -2.959659261064438329e+00 -2.959659261064438329e+00 -2.959659261064438329e+00 -2.959659261064438329e+00 -2.959659261064438329e+00 -2.959659261064438329e+00 -2.959659261064438329e+00
-2.959659261064438329e+00 -2.959659261064438329e+00 -2.959659261064438329e+00 -2.959659261064438329e+00 -2.959659261064438329e+00 -2.959659261064438329e+00 -2.959659261064438329e+00 -2.959659261064438329e+00 -2.959659261064438329e+00 -2.959659261064438329e+00 -2.959659261064438329e+00 -2.959659261064438329e+00 -2.959659261064438329e+00 -2.959659261064438329e+00 -2.959659261064438329e+00 -2.959659261064438329e+00 -2.959659261064438329e+00 -2.959659261064438329e+00 -2.959659261064438329e+00 -2.959659261064438329e+00 -2.959659261064438329e+00 -2.959659261064438329e+00 -2.959659261064438329e+00 -2.959659261064438329e+00 -2.959659261064438329e+00 -2.959659261064438329e+00 -2.959659261064438329e+00 -2.959659261064438329e+00 -2.959659261064438329e+00 -2.959659261064438329e+00 -2.959659261064438329e+00 -2.959659261064438329e+00 -2.959659261064438329e+00 -2.959659261064438329e+00 -2.959659261064438329e+00 -2.959659261064438329e+00 -2.959659261064438329e+00 -2.959659261064438329e+00 -2.959659261064438329e+00 -2.959659261064438329e+00 -2.959659261064438329e+00 -2.959659261064438329e+00 -2.959659261064438329e+00 -2.959659261064438329e+00 -2.959659261064438329e+00 -2.959659261064438329e+00 -2.959659261064438329e+00 -2.959659261064438329e+00 -2.959659261064438329e+00 -2.959659261064438329e+00 -2.959659261064438329e+00 -2.959659261064438329e+00 -2.959659261064438329e+00 -2.959659261064438329e+00 -2.959659261064438329e+00 -2.959659261064438329e+00 -2.959659261064438329e+00 -2.959659261064438329e+00 -2.959659261064438329e+00 -2.959659261064438329e+00 -2.959659261064438329e+00 -2.959659261064438329e+00 -2.959659261064438329e+00 -2.959659261064438329e+00 -2.959659261064438329e+00 -2.959659261064438329e+00 -2.959659261064438329e+00 -2.959659261064438329e+00 -2.959659261064438329e+00 -2.959659261064438329e+00 -2.959659261064438329e+00 -2.959659261064438329e+00 -2.959659261064438329e+00 -2.959659261064438329e+00 -2.959659261064438329e+00 -2.959659261064438329e+00 -2.959659261064438329e+00 -2.959659261064438329e+00 -2.959659261064438329e+00 -2.959659261064438329e+00 -2.959659261064438329e+00 -2.959659261064438329e+00 -2.959659261064438329e+00 -2.959659261064438329e+00 -2.959659261064438329e+00 -2.959659261064438329e+00 -2.959659261064438329e+00 -2.959659261064438329e+00 -2.959659261064438329e+00 -2.959659261064438329e+00 -2.959659261064438329e+00 -2.959659261064438329e+00 -2.959659261064438329e+00 -2.959659261064438329e+00 -2.959659261064438329e+00
-2.959659261064438329e+00 -2.959659261064438329e+00 -2.959659261064438329e+00 -2.959659261064438329e+00 -2.959659261064438329e+00 -2.959659261064438329e+00 -2.959659261064438329e+00 -2.959659261064438329e+00 -2.959659261064438329e+00 -2.959659261064438329e+00 -2.959659261064438329e+00 -2.959659261064438329e+00 -2.959659261064438329e+00 -2.959659261064438329e+00 -2.959659261064438329e+00 -2.959659261064438329e+00 -2.959659261064438329e+00 -2.959659261064438329e+00 -2.959659261064438329e+00 -2.959659261064438329e+00 -2.959659261064438329e+00 -2.959659261064438329e+00 -2.959659261064438329e+00 -2.959659261064438329e+00 -2.959659261064438329e+00 -2.959659261064438329e+00 -2.959659261064438329e+00 -2.959659261064438329e+00 -2.959659261064438329e+00 -2.959659261064438329e+00 -2.959659261064438329e+00 -2.959659261064438329e+00 -2.959659261064438329e+00 -2.959659261064438329e+00 -2.959659261064438329e+00 -2.959659261064438329e+00 -2.959659261064438329e+00 -2.959659261064438329e+00 -2.959659261064438329e+00 -2.959659261064438329e+00 -2.959659261064438329e+00 -2.959659261064438329e+00 -2.959659261064438329e+00 -2.959659261064438329e+00 -2.959659261064438329e+00 -2.959659261064438329e+00 -2.959659261064438329e+00 -2.959659261064438329e+00 -2.959659261064438329e+00 -2.959659261064438329e+00 -2.959659261064438329e+00 -2.959659261064438329e+00 -2.959659261064438329e+00 -2.959659261064438329e+00 -2.959659261064438329e+00 -2.959659261064438329e+00 -2.959659261064438329e+00 -2.959659261064438329e+00 -2.959659261064438329e+00 -2.959659261064438329e+00 -2.959659261064438329e+00 -2.959659261064438329e+00 -2.959659261064438329e+00 -2.959659261064438329e+00 -2.959659261064438329e+00 -2.959659261064438329e+00 -2.959659261064438329e+00 -2.959659261064438329e+00 -2.959659261064438329e+00 -2.959659261064438329e+00 -2.959659261064438329e+00 -2.959659261064438329e+00 -2.959659261064438329e+00 -2.959659261064438329e+00 -2.959659261064438329e+00 -2.959659261064438329e+00 -2.959659261064438329e+00 -2.959659261064438329e+00 -2.959659261064438329e+00 -2.959659261064438329e+00 -2.959659261064438329e+00 -2.959659261064438329e+00 -2.959659261064438329e+00 -2.959659261064438329e+00 -2.959659261064438329e+00 -2.959659261064438329e+00 -2.959659261064438329e+00 -2.959659261064438329e+00 -2.959659261064438329e+00 -2.959659261064438329e+00 -2.959659261064438329e+00 -2.959659261064438329e+00 -2.959659261064438329e+00 -2.959659261064438329e+00 -2.959659261064438329e+00
-2.959659261064438329e+00 -2.959659261064438329e+00 -2.959659261064438329e+00 -2.959659261064438329e+00 -2.959659261064438329e+00 -2.959659261064438329e+00 -2.959659261064438329e+00 -2.959659261064438329e+00 -2.959659261064438329e+00 -2.959659261064438329e+00 -2.959659261064438329e+00 -2.959659261064438329e+00 -2.959659261064438329e+00 -2.959659261064438329e+00 -2.959659261064438329e+00 -2.959659261064438329e+00 -2.959659261064438329e+00 -2.959659261064438329e+00 -2.959659261064438329e+00 -2.959659261064438329e+00 -2.959659261064438329e+00 -2.959659261064438329e+00 -2.959659261064438329e+00 -2.959659261064438329e+00 -2.959659261064438329e+00 -2.959659261064438329e+00 -2.959659261064438329e+00 -2.959659261064438329e+00 -2.959659261064438329e+00 -2.959659261064438329e+00 -2.959659261064438329e+00 -2.959659261064438329e+00 -2.959659261064438329e+00 -2.959659261064438329e+00 -2.959659261064438329e+00 -2.959659261064438329e+00 -2.959659261064438329e+00 -2.959659261064438329e+00 -2.959659261064438329e+00 -2.959659261064438329e+00 -2.959659261064438329e+00 -2.959659261064438329e+00 -2.959659261064438329e+00 -2.959659261064438329e+00 -2.959659261064438329e+00 -2.959659261064438329e+00 -2.959659261064438329e+00 -2.959659261064438329e+00 -2.959659261064438329e+00 -2.959659261064438329e+00 -2.959659261064438329e+00 -2.959659261064438329e+00 -2.959659261064438329e+00 -2.959659261064438329e+00 -2.959659261064438329e+00 -2.959659261064438329e+00 -2.959659261064438329e+00 -2.959659261064438329e+00 -2.959659261064438329e+00 -2.959659261064438329e+00 -2.959659261064438329e+00 -2.959659261064438329e+00 -2.959659261064438329e+00 -2.959659261064438329e+00 -2.959659261064438329e+00 -2.959659261064438329e+00 -2.959659261064438329e+00 -2.959659261064438329e+00 -2.959659261064438329e+00 -2.959659261064438329e+00 -2.959659261064438329e+00 -2.959659261064438329e+00 -2.959659261064438329e+00 -2.959659261064438329e+00 -2.959659261064438329e+00 -2.959659261064438329e+00 -2.959659261064438329e+00 -2.959659261064438329e+00 -2.959659261064438329e+00 -2.959659261064438329e+00 -2.959659261064438329e+00 -2.959659261064438329e+00 -2.959659261064438329e+00 -2.959659261064438329e+00 -2.959659261064438329e+00 -2.959659261064438329e+00 -2.959659261064438329e+00 -2.959659261064438329e+00 -2.959659261064438329e+00 -2.959659261064438329e+00 -2.959659261064438329e+00 -2.959659261064438329e+00 -2.959659261064438329e+00 -2.959659261064438329e+00 -2.959659261064438329e+00
-2.959659261064438329e+00 -2.959659261064438329e+00 -2.959659261064438329e+00 -2.959659261064438329e+00 -2.959659261064438329e+00 -2.959659261064438329e+00 -2.959659261064438329e+00 -2.959659261064438329e+00 -2.959659261064438329e+00 -2.959659261064438329e+00 -2.959659261064438329e+00 -2.959659261064438329e+00 -2.959659261064438329e+00 -2.959659261064438329e+00 -2.959659261064438329e+00 -2.959659261064438329e+00 -2.959659261064438329e+00 -2.959659261064438329e+00 -2.959659261064438329e+00 -2.959659261064438329e+00 -2.959659261064438329e+00 -2.959659261064438329e+00 -2.959659261064438329e+00 -2.959659261064438329e+00 -2.959659261064438329e+00 -2.959659261064438329e+00 -2.959659261064438329e+00 -2.959659261064438329e+00 -2.959659261064438329e+00 -2.959659261064438329e+00 -2.959659261064438329e+00 -2.959659261064438329e+00 -2.959659261064438329e+00 -2.959659261064438329e+00 -2.959659261064438329e+00 -2.959659261064438329e+00 -2.959659261064438329e+00 -2.959659261064438329e+00 -2.959659261064438329e+00 -2.959659261064438329e+00 -2.959659261064438329e+00 -2.959659261064438329e+00 -2.959659261064438329e+00 -2.959659261064438329e+00 -2.959659261064438329e+00 -2.959659261064438329e+00 -2.959659261064438329e+00 -2.959659261064438329e+00 -2.959659261064438329e+00 -2.959659261064438329e+00 -2.959659261064438329e+00 -2.959659261064438329e+00 -2.959659261064438329e+00 -2.959659261064438329e+00 -2.959659261064438329e+00 -2.959659261064438329e+00 -2.959659261064438329e+00 -2.959659261064438329e+00 -2.959659261064438329e+00 -2.959659261064438329e+00 -2.959659261064438329e+00 -2.959659261064438329e+00 -2.959659261064438329e+00 -2.959659261064438329e+00 -2.959659261064438329e+00 -2.959659261064438329e+00 -2.959659261064438329e+00 -2.959659261064438329e+00 -2.959659261064438329e+00 -2.959659261064438329e+00 -2.959659261064438329e+00 -2.959659261064438329e+00 -2.959659261064438329e+00 -2.959659261064438329e+00 -2.959659261064438329e+00 -2.959659261064438329e+00 -2.959659261064438329e+00 -2.959659261064438329e+00 -2.959659261064438329e+00 -2.959659261064438329e+00 -2.959659261064438329e+00 -2.959659261064438329e+00 -2.959659261064438329e+00 -2.959659261064438329e+00 -2.959659261064438329e+00 -2.959659261064438329e+00 -2.959659261064438329e+00 -2.959659261064438329e+00 -2.959659261064438329e+00 -2.959659261064438329e+00 -2.959659261064438329e+00 -2.959659261064438329e+00 -2.959659261064438329e+00 -2.959659261064438329e+00 -2.959659261064438329e+00
-2.959659261064438329e+00 -2.959659261064438329e+00 -2.959659261064438329e+00 -2.959659261064438329e+00 -2.959659261064438329e+00 -2.959659261064438329e+00 -2.959659261064438329e+00 -2.959659261064438329e+00 -2.959659261064438329e+00 -2.959659261064438329e+00 -2.959659261064438329e+00 -2.959659261064438329e+00 -2.959659261064438329e+00 -2.959659261064438329e+00 -2.959659261064438329e+00 -2.959659261064438329e+00 -2.959659261064438329e+00 -2.959659261064438329e+00 -2.959659261064438329e+00 -2.959659261064438329e+00 -2.959659261064438329e+00 -2.959659261064438329e+00 -2.959659261064438329e+00 -2.959659261064438329e+00 -2.959659261064438329e+00 -2.959659261064438329e+00 -2.959659261064438329e+00 -2.959659261064438329e+00 -2.959659261064438329e+00 -2.959659261064438329e+00 -2.959659261064438329e+00 -2.959659261064438329e+00 -2.959659261064438329e+00 -2.959659261064438329e+00 -2.959659261064438329e+00 -2.959659261064438329e+00 -2.959659261064438329e+00 -2.959659261064438329e+00 -2.959659261064438329e+00 -2.959659261064438329e+00 -2.959659261064438329e+00 -2.959659261064438329e+00 -2.959659261064438329e+00 -2.959659261064438329e+00 -2.959659261064438329e+00 -2.959659261064438329e+00 -2.959659261064438329e+00 -2.959659261064438329e+00 -2.959659261064438329e+00 -2.959659261064438329e+00 -2.959659261064438329e+00 -2.959659261064438329e+00 -2.959659261064438329e+00 -2.959659261064438329e+00 -2.959659261064438329e+00 -2.959659261064438329e+00 -2.959659261064438329e+00 -2.959659261064438329e+00 -2.959659261064438329e+00 -2.959659261064438329e+00 -2.959659261064438329e+00 -2.959659261064438329e+00 -2.959659261064438329e+00 -2.959659261064438329e+00 -2.959659261064438329e+00 -2.959659261064438329e+00 -2.959659261064438329e+00 -2.959659261064438329e+00 -2.959659261064438329e+00 -2.959659261064438329e+00 -2.959659261064438329e+00 -2.959659261064438329e+00 -2.959659261064438329e+00 -2.959659261064438329e+00 -2.959659261064438329e+00 -2.959659261064438329e+00 -2.959659261064438329e+00 -2.959659261064438329e+00 -2.959659261064438329e+00 -2.959659261064438329e+00 -2.959659261064438329e+00 -2.959659261064438329e+00 -2.959659261064438329e+00 -2.959659261064438329e+00 -2.959659261064438329e+00 -2.959659261064438329e+00 -2.959659261064438329e+00 -2.959659261064438329e+00 -2.959659261064438329e+00 -2.959659261064438329e+00 -2.959659261064438329e+00 -2.959659261064438329e+00 -2.959659261064438329e+00 -2.959659261064438329e+00 -2.959659261064438329e+00
-2.959659261064438329e+00 -2.959659261064438329e+00 -2.959659261064438329e+00 -2.959659261064438329e+00 -2.959659261064438329e+00 -2.959659261064438329e+00 -2.959659261064438329e+00 -2.959659261064438329e+00 -2.959659261064438329e+00 -2.959659261064438329e+00 -2.959659261064438329e+00 -2.959659261064438329e+00 -2.959659261064438329e+00 -2.959659261064438329e+00 -2.959659261064438329e+00 -2.959659261064438329e+00 -2.959659261064438329e+00 -2.959659261064438329e+00 -2.959659261064438329e+00 -2.959659261064438329e+00 -2.959659261064438329e+00 -2.959659261064438329e+00 -2.959659261064438329e+00 -2.959659261064438329e+00 -2.959659261064438329e+00 -2.959659261064438329e+00 -2.959659261064438329e+00 -2.959659261064438329e+00 -2.959659261064438329e+00 -2.959659261064438329e+00 -2.959659261064438329e+00 -2.959659261064438329e+00 -2.959659261064438329e+00 -2.959659261064438329e+00 -2.959659261064438329e+00 -2.959659261064438329e+00 -2.959659261064438329e+00 -2.959659261064438329e+00 -2.959659261064438329e+00 -2.959659261064438329e+00 -2.959659261064438329e+00 -2.959659261064438329e+00 -2.959659261064438329e+00 -2.959659261064438329e+00 -2.959659261064438329e+00 -2.959659261064438329e+00 -2.959659261064438329e+00 -2.959659261064438329e+00 -2.959659261064438329e+00 -2.959659261064438329e+00 -2.959659261064438329e+00 -2.959659261064438329e+00 -2.959659261064438329e+00 -2.959659261064438329e+00 -2.959659261064438329e+00 -2.959659261064438329e+00 -2.959659261064438329e+00 -2.959659261064438329e+00 -2.959659261064438329e+00 -2.959659261064438329e+00 -2.959659261064438329e+00 -2.959659261064438329e+00 -2.959659261064438329e+00 -2.959659261064438329e+00 -2.959659261064438329e+00 -2.959659261064438329e+00 -2.959659261064438329e+00 -2.959659261064438329e+00 -2.959659261064438329e+00 -2.959659261064438329e+00 -2.959659261064438329e+00 -2.959659261064438329e+00 -2.959659261064438329e+00 -2.959659261064438329e+00 -2.959659261064438329e+00 -2.959659261064438329e+00 -2.959659261064438329e+00 -2.959659261064438329e+00 -2.959659261064438329e+00 -2.959659261064438329e+00 -2.959659261064438329e+00 -2.959659261064438329e+00 -2.959659261064438329e+00 -2.959659261064438329e+00 -2.959659261064438329e+00 -2.959659261064438329e+00 -2.959659261064438329e+00 -2.959659261064438329e+00 -2.959659261064438329e+00 -2.959659261064438329e+00 -2.959659261064438329e+00 -2.959659261064438329e+00 -2.959659261064438329e+00 -2.959659261064438329e+00 -2.959659261064438329e+00
-2.959659261064438329e+00 -2.959659261064438329e+00 -2.959659261064438329e+00 -2.959659261064438329e+00 -2.959659261064438329e+00 -2.959659261064438329e+00 -2.959659261064438329e+00 -2.959659261064438329e+00 -2.959659261064438329e+00 -2.959659261064438329e+00 -2.959659261064438329e+00 -2.959659261064438329e+00 -2.959659261064438329e+00 -2.959659261064438329e+00 -2.959659261064438329e+00 -2.959659261064438329e+00 -2.959659261064438329e+00 -2.959659261064438329e+00 -2.959659261064438329e+00 -2.959659261064438329e+00 -2.959659261064438329e+00 -2.959659261064438329e+00 -2.959659261064438329e+00 -2.959659261064438329e+00 -2.959659261064438329e+00 -2.959659261064438329e+00 -2.959659261064438329e+00 -2.959659261064438329e+00 -2.959659261064438329e+00 -2.959659261064438329e+00 -2.959659261064438329e+00 -2.959659261064438329e+00 -2.959659261064438329e+00 -2.959659261064438329e+00 -2.959659261064438329e+00 -2.959659261064438329e+00 -2.959659261064438329e+00 -2.959659261064438329e+00 -2.959659261064438329e+00 -2.959659261064438329e+00 -2.959659261064438329e+00 -2.959659261064438329e+00 -2.959659261064438329e+00 -2.959659261064438329e+00 -2.959659261064438329e+00 -2.959659261064438329e+00 -2.959659261064438329e+00 -2.959659261064438329e+00 -2.959659261064438329e+00 -2.959659261064438329e+00 -2.959659261064438329e+00 -2.959659261064438329e+00 -2.959659261064438329e+00 -2.959659261064438329e+00 -2.959659261064438329e+00 -2.959659261064438329e+00 -2.959659261064438329e+00 -2.959659261064438329e+00 -2.959659261064438329e+00 -2.959659261064438329e+00 -2.959659261064438329e+00 -2.959659261064438329e+00 -2.959659261064438329e+00 -2.959659261064438329e+00 -2.959659261064438329e+00 -2.959659261064438329e+00 -2.959659261064438329e+00 -2.959659261064438329e+00 -2.959659261064438329e+00 -2.959659261064438329e+00 -2.959659261064438329e+00 -2.959659261064438329e+00 -2.959659261064438329e+00 -2.959659261064438329e+00 -2.959659261064438329e+00 -2.959659261064438329e+00 -2.959659261064438329e+00 -2.959659261064438329e+00 -2.959659261064438329e+00 -2.959659261064438329e+00 -2.959659261064438329e+00 -2.959659261064438329e+00 -2.959659261064438329e+00 -2.959659261064438329e+00 -2.959659261064438329e+00 -2.959659261064438329e+00 -2.959659261064438329e+00 -2.959659261064438329e+00 -2.959659261064438329e+00 -2.959659261064438329e+00 -2.959659261064438329e+00 -2.959659261064438329e+00 -2.959659261064438329e+00 -2.959659261064438329e+00 -2.959659261064438329e+00
-2.959659261064438329e+00 -2.959659261064438329e+00 -2.959659261064438329e+00 -2.959659261064438329e+00 -2.959659261064438329e+00 -2.959659261064438329e+00 -2.959659261064438329e+00 -2.959659261064438329e+00 -2.959659261064438329e+00 -2.959659261064438329e+00 -2.959659261064438329e+00 -2.959659261064438329e+00 -2.959659261064438329e+00 -2.959659261064438329e+00 -2.959659261064438329e+00 -2.959659261064438329e+00 -2.959659261064438329e+00 -2.959659261064438329e+00 -2.959659261064438329e+00 -2.959659261064438329e+00 -2.959659261064438329e+00 -2.959659261064438329e+00 -2.959659261064438329e+00 -2.959659261064438329e+00 -2.959659261064438329e+00 -2.959659261064438329e+00 -2.959659261064438329e+00 -2.959659261064438329e+00 -2.959659261064438329e+00 -2.959659261064438329e+00 -2.959659261064438329e+00 -2.959659261064438329e+00 -2.959659261064438329e+00 -2.959659261064438329e+00 -2.959659261064438329e+00 -2.959659261064438329e+00 -2.959659261064438329e+00 -2.959659261064438329e+00 -2.959659261064438329e+00 -2.959659261064438329e+00 -2.959659261064438329e+00 -2.959659261064438329e+00 -2.959659261064438329e+00 -2.959659261064438329e+00 -2.959659261064438329e+00 -2.959659261064438329e+00 -2.959659261064438329e+00 -2.959659261064438329e+00 -2.959659261064438329e+00 -2.959659261064438329e+00 -2.959659261064438329e+00 -2.959659261064438329e+00 -2.959659261064438329e+00 -2.959659261064438329e+00 -2.959659261064438329e+00 -2.959659261064438329e+00 -2.959659261064438329e+00 -2.959659261064438329e+00 -2.959659261064438329e+00 -2.959659261064438329e+00 -2.959659261064438329e+00 -2.959659261064438329e+00 -2.959659261064438329e+00 -2.959659261064438329e+00 -2.959659261064438329e+00 -2.959659261064438329e+00 -2.959659261064438329e+00 -2.959659261064438329e+00 -2.959659261064438329e+00 -2.959659261064438329e+00 -2.959659261064438329e+00 -2.959659261064438329e+00 -2.959659261064438329e+00 -2.959659261064438329e+00 -2.959659261064438329e+00 -2.959659261064438329e+00 -2.959659261064438329e+00 -2.959659261064438329e+00 -2.959659261064438329e+00 -2.959659261064438329e+00 -2.959659261064438329e+00 -2.959659261064438329e+00 -2.959659261064438329e+00 -2.959659261064438329e+00 -2.959659261064438329e+00 -2.959659261064438329e+00 -2.959659261064438329e+00 -2.959659261064438329e+00 -2.959659261064438329e+00 -2.959659261064438329e+00 -2.959659261064438329e+00 -2.959659261064438329e+00 -2.959659261064438329e+00 -2.959659261064438329e+00 -2.959659261064438329e+00
-2.959659261064438329e+00 -2.959659261064438329e+00 -2.959659261064438329e+00 -2.959659261064438329e+00 -2.959659261064438329e+00 -2.959659261064438329e+00 -2.959659261064438329e+00 -2.959659261064438329e+00 -2.959659261064438329e+00 -2.959659261064438329e+00 -2.959659261064438329e+00 -2.959659261064438329e+00 -2.959659261064438329e+00 -2.959659261064438329e+00 -2.959659261064438329e+00 -2.959659261064438329e+00 -2.959659261064438329e+00 -2.959659261064438329e+00 -2.959659261064438329e+00 -2.959659261064438329e+00 -2.959659261064438329e+00 -2.959659261064438329e+00 -2.959659261064438329e+00 -2.959659261064438329e+00 -2.959659261064438329e+00 -2.959659261064438329e+00 -2.959659261064438329e+00 -2.959659261064438329e+00 -2.959659261064438329e+00 -2.959659261064438329e+00 -2.959659261064438329e+00 -2.959659261064438329e+00 -2.959659261064438329e+00 -2.959659261064438329e+00 -2.959659261064438329e+00 -2.959659261064438329e+00 -2.959659261064438329e+00 -2.959659261064438329e+00 -2.959659261064438329e+00 -2.959659261064438329e+00 -2.959659261064438329e+00 -2.959659261064438329e+00 -2.959659261064438329e+00 -2.959659261064438329e+00 -2.959659261064438329e+00 -2.959659261064438329e+00 -2.959659261064438329e+00 -2.959659261064438329e+00 -2.959659261064438329e+00 -2.959659261064438329e+00 -2.959659261064438329e+00 -2.959659261064438329e+00 -2.959659261064438329e+00 -2.959659261064438329e+00 -2.959659261064438329e+00 -2.959659261064438329e+00 -2.959659261064438329e+00 -2.959659261064438329e+00 -2.959659261064438329e+00 -2.959659261064438329e+00 -2.959659261064438329e+00 -2.959659261064438329e+00 -2.959659261064438329e+00 -2.959659261064438329e+00 -2.959659261064438329e+00 -2.959659261064438329e+00 -2.959659261064438329e+00 -2.959659261064438329e+00 -2.959659261064438329e+00 -2.959659261064438329e+00 -2.959659261064438329e+00 -2.959659261064438329e+00 -2.959659261064438329e+00 -2.959659261064438329e+00 -2.959659261064438329e+00 -2.959659261064438329e+00 -2.959659261064438329e+00 -2.959659261064438329e+00 -2.959659261064438329e+00 -2.959659261064438329e+00 -2.959659261064438329e+00 -2.959659261064438329e+00 -2.959659261064438329e+00 -2.959659261064438329e+00 -2.959659261064438329e+00 -2.959659261064438329e+00 -2.959659261064438329e+00 -2.959659261064438329e+00 -2.959659261064438329e+00 -2.959659261064438329e+00 -2.959659261064438329e+00 -2.959659261064438329e+00 -2.959659261064438329e+00 -2.959659261064438329e+00 -2.959659261064438329e+00
-2.959659261064438329e+00 -2.959659261064438329e+00 -2.959659261064438329e+00 -2.959659261064438329e+00 -2.959659261064438329e+00 -2.959659261064438329e+00 -2.959659261064438329e+00 -2.959659261064438329e+00 -2.959659261064438329e+00 -2.959659261064438329e+00 -2.959659261064438329e+00 -2.959659261064438329e+00 -2.959659261064438329e+00 -2.959659261064438329e+00 -2.959659261064438329e+00 -2.959659261064438329e+00 -2.959659261064438329e+00 -2.959659261064438329e+00 -2.959659261064438329e+00 -2.959659261064438329e+00 -2.959659261064438329e+00 -2.959659261064438329e+00 -2.959659261064438329e+00 -2.959659261064438329e+00 -2.959659261064438329e+00 -2.959659261064438329e+00 -2.959659261064438329e+00 -2.959659261064438329e+00 -2.959659261064438329e+00 -2.959659261064438329e+00 -2.959659261064438329e+00 -2.959659261064438329e+00 -2.959659261064438329e+00 -2.959659261064438329e+00 -2.959659261064438329e+00 -2.959659261064438329e+00 -2.959659261064438329e+00 -2.959659261064438329e+00 -2.959659261064438329e+00 -2.959659261064438329e+00 -2.959659261064438329e+00 -2.959659261064438329e+00 -2.959659261064438329e+00 -2.959659261064438329e+00 -2.959659261064438329e+00 -2.959659261064438329e+00 -2.959659261064438329e+00 -2.959659261064438329e+00 -2.959659261064438329e+00 -2.959659261064438329e+00 -2.959659261064438329e+00 -2.959659261064438329e+00 -2.959659261064438329e+00 -2.959659261064438329e+00 -2.959659261064438329e+00 -2.959659261064438329e+00 -2.959659261064438329e+00 -2.959659261064438329e+00 -2.959659261064438329e+00 -2.959659261064438329e+00 -2.959659261064438329e+00 -2.959659261064438329e+00 -2.959659261064438329e+00 -2.959659261064438329e+00 -2.959659261064438329e+00 -2.959659261064438329e+00 -2.959659261064438329e+00 -2.959659261064438329e+00 -2.959659261064438329e+00 -2.959659261064438329e+00 -2.959659261064438329e+00 -2.959659261064438329e+00 -2.959659261064438329e+00 -2.959659261064438329e+00 -2.959659261064438329e+00 -2.959659261064438329e+00 -2.959659261064438329e+00 -2.959659261064438329e+00 -2.959659261064438329e+00 -2.959659261064438329e+00 -2.959659261064438329e+00 -2.959659261064438329e+00 -2.959659261064438329e+00 -2.959659261064438329e+00 -2.959659261064438329e+00 -2.959659261064438329e+00 -2.959659261064438329e+00 -2.959659261064438329e+00 -2.959659261064438329e+00 -2.959659261064438329e+00 -2.959659261064438329e+00 -2.959659261064438329e+00 -2.959659261064438329e+00 -2.959659261064438329e+00 -2.959659261064438329e+00
-2.959659261064438329e+00 -2.959659261064438329e+00 -2.959659261064438329e+00 -2.959659261064438329e+00 -2.959659261064438329e+00 -2.959659261064438329e+00 -2.959659261064438329e+00 -2.959659261064438329e+00 -2.959659261064438329e+00 -2.959659261064438329e+00 -2.959659261064438329e+00 -2.959659261064438329e+00 -2.959659261064438329e+00 -2.959659261064438329e+00 -2.959659261064438329e+00 -2.959659261064438329e+00 -2.959659261064438329e+00 -2.959659261064438329e+00 -2.959659261064438329e+00 -2.959659261064438329e+00 -2.959659261064438329e+00 -2.959659261064438329e+00 -2.959659261064438329e+00 -2.959659261064438329e+00 -2.959659261064438329e+00 -2.959659261064438329e+00 -2.959659261064438329e+00 -2.959659261064438329e+00 -2.959659261064438329e+00 -2.959659261064438329e+00 -2.959659261064438329e+00 -2.959659261064438329e+00 -2.959659261064438329e+00 -2.959659261064438329e+00 -2.959659261064438329e+00 -2.959659261064438329e+00 -2.959659261064438329e+00 -2.959659261064438329e+00 -2.959659261064438329e+00 -2.959659261064438329e+00 -2.959659261064438329e+00 -2.959659261064438329e+00 -2.959659261064438329e+00 -2.959659261064438329e+00 -2.959659261064438329e+00 -2.959659261064438329e+00 -2.959659261064438329e+00 -2.959659261064438329e+00 -2.959659261064438329e+00 -2.959659261064438329e+00 -2.959659261064438329e+00 -2.959659261064438329e+00 -2.959659261064438329e+00 -2.959659261064438329e+00 -2.959659261064438329e+00 -2.959659261064438329e+00 -2.959659261064438329e+00 -2.959659261064438329e+00 -2.959659261064438329e+00 -2.959659261064438329e+00 -2.959659261064438329e+00 -2.959659261064438329e+00 -2.959659261064438329e+00 -2.959659261064438329e+00 -2.959659261064438329e+00 -2.959659261064438329e+00 -2.959659261064438329e+00 -2.959659261064438329e+00 -2.959659261064438329e+00 -2.959659261064438329e+00 -2.959659261064438329e+00 -2.959659261064438329e+00 -2.959659261064438329e+00 -2.959659261064438329e+00 -2.959659261064438329e+00 -2.959659261064438329e+00 -2.959659261064438329e+00 -2.959659261064438329e+00 -2.959659261064438329e+00 -2.959659261064438329e+00 -2.959659261064438329e+00 -2.959659261064438329e+00 -2.959659261064438329e+00 -2.959659261064438329e+00 -2.959659261064438329e+00 -2.959659261064438329e+00 -2.959659261064438329e+00 -2.959659261064438329e+00 -2.959659261064438329e+00 -2.959659261064438329e+00 -2.959659261064438329e+00 -2.959659261064438329e+00 -2.959659261064438329e+00 -2.959659261064438329e+00 -2.959659261064438329e+00
-2.959659261064438329e+00 -2.959659261064438329e+00 -2.959659261064438329e+00 -2.959659261064438329e+00 -2.959659261064438329e+00 -2.959659261064438329e+00 -2.959659261064438329e+00 -2.959659261064438329e+00 -2.959659261064438329e+00 -2.959659261064438329e+00 -2.959659261064438329e+00 -2.959659261064438329e+00 -2.959659261064438329e+00 -2.959659261064438329e+00 -2.959659261064438329e+00 -2.959659261064438329e+00 -2.959659261064438329e+00 -2.959659261064438329e+00 -2.959659261064438329e+00 -2.959659261064438329e+00 -2.959659261064438329e+00 -2.959659261064438329e+00 -2.959659261064438329e+00 -2.959659261064438329e+00 -2.959659261064438329e+00 -2.959659261064438329e+00 -2.959659261064438329e+00 -2.959659261064438329e+00 -2.959659261064438329e+00 -2.959659261064438329e+00 -2.959659261064438329e+00 -2.959659261064438329e+00 -2.959659261064438329e+00 -2.959659261064438329e+00 -2.959659261064438329e+00 -2.959659261064438329e+00 -2.959659261064438329e+00 -2.959659261064438329e+00 -2.959659261064438329e+00 -2.959659261064438329e+00 -2.959659261064438329e+00 -2.959659261064438329e+00 -2.959659261064438329e+00 -2.959659261064438329e+00 -2.959659261064438329e+00 -2.959659261064438329e+00 -2.959659261064438329e+00 -2.959659261064438329e+00 -2.959659261064438329e+00 -2.959659261064438329e+00 -2.959659261064438329e+00 -2.959659261064438329e+00 -2.959659261064438329e+00 -2.959659261064438329e+00 -2.959659261064438329e+00 -2.959659261064438329e+00 -2.959659261064438329e+00 -2.959659261064438329e+00 -2.959659261064438329e+00 -2.959659261064438329e+00 -2.959659261064438329e+00 -2.959659261064438329e+00 -2.959659261064438329e+00 -2.959659261064438329e+00 -2.959659261064438329e+00 -2.959659261064438329e+00 -2.959659261064438329e+00 -2.959659261064438329e+00 -2.959659261064438329e+00 -2.959659261064438329e+00 -2.959659261064438329e+00 -2.959659261064438329e+00 -2.959659261064438329e+00 -2.959659261064438329e+00 -2.959659261064438329e+00 -2.959659261064438329e+00 -2.959659261064438329e+00 -2.959659261064438329e+00 -2.959659261064438329e+00 -2.959659261064438329e+00 -2.959659261064438329e+00 -2.959659261064438329e+00 -2.959659261064438329e+00 -2.959659261064438329e+00 -2.959659261064438329e+00 -2.959659261064438329e+00 -2.959659261064438329e+00 -2.959659261064438329e+00 -2.959659261064438329e+00 -2.959659261064438329e+00 -2.959659261064438329e+00 -2.959659261064438329e+00 -2.959659261064438329e+00 -2.959659261064438329e+00 -2.959659261064438329e+00
-2.959659261064438329e+00 -2.959659261064438329e+00 -2.959659261064438329e+00 -2.959659261064438329e+00 -2.959659261064438329e+00 -2.959659261064438329e+00 -2.959659261064438329e+00 -2.959659261064438329e+00 -2.959659261064438329e+00 -2.959659261064438329e+00 -2.959659261064438329e+00 -2.959659261064438329e+00 -2.959659261064438329e+00 -2.959659261064438329e+00 -2.959659261064438329e+00 -2.959659261064438329e+00 -2.959659261064438329e+00 -2.959659261064438329e+00 -2.959659261064438329e+00 -2.959659261064438329e+00 -2.959659261064438329e+00 -2.959659261064438329e+00 -2.959659261064438329e+00 -2.959659261064438329e+00 -2.959659261064438329e+00 -2.959659261064438329e+00 -2.959659261064438329e+00 -2.959659261064438329e+00 -2.959659261064438329e+00 -2.959659261064438329e+00 -2.959659261064438329e+00 -2.959659261064438329e+00 -2.959659261064438329e+00 -2.959659261064438329e+00 -2.959659261064438329e+00 -2.959659261064438329e+00 -2.959659261064438329e+00 -2.959659261064438329e+00 -2.959659261064438329e+00 -2.959659261064438329e+00 -2.959659261064438329e+00 -2.959659261064438329e+00 -2.959659261064438329e+00 -2.959659261064438329e+00 -2.959659261064438329e+00 -2.959659261064438329e+00 -2.959659261064438329e+00 -2.959659261064438329e+00 -2.959659261064438329e+00 -2.959659261064438329e+00 -2.959659261064438329e+00 -2.959659261064438329e+00 -2.959659261064438329e+00 -2.959659261064438329e+00 -2.959659261064438329e+00 -2.959659261064438329e+00 -2.959659261064438329e+00 -2.959659261064438329e+00 -2.959659261064438329e+00 -2.959659261064438329e+00 -2.959659261064438329e+00 -2.959659261064438329e+00 -2.959659261064438329e+00 -2.959659261064438329e+00 -2.959659261064438329e+00 -2.959659261064438329e+00 -2.959659261064438329e+00 -2.959659261064438329e+00 -2.959659261064438329e+00 -2.959659261064438329e+00 -2.959659261064438329e+00 -2.959659261064438329e+00 -2.959659261064438329e+00 -2.959659261064438329e+00 -2.959659261064438329e+00 -2.959659261064438329e+00 -2.959659261064438329e+00 -2.959659261064438329e+00 -2.959659261064438329e+00 -2.959659261064438329e+00 -2.959659261064438329e+00 -2.959659261064438329e+00 -2.959659261064438329e+00 -2.959659261064438329e+00 -2.959659261064438329e+00 -2.959659261064438329e+00 -2.959659261064438329e+00 -2.959659261064438329e+00 -2.959659261064438329e+00 -2.959659261064438329e+00 -2.959659261064438329e+00 -2.959659261064438329e+00 -2.959659261064438329e+00 -2.959659261064438329e+00 -2.959659261064438329e+00
