9.751690555551144257e+01 9.751690555551144257e+01 9.751690555551144257e+01 9.751690555551144257e+01 9.751690555551144257e+01 9.751690555551144257e+01 9.751690555551144257e+01 9.751690555551144257e+01 9.751690555551144257e+01 9.751690555551144257e+01 9.751690555551144257e+01 9.751690555551144257e+01 9.751690555551144257e+01 9.751690555551144257e+01 9.751690555551144257e+01 9.751690555551144257e+01 9.751690555551144257e+01 9.751690555551144257e+01 9.751690555551144257e+01 9.751690555551144257e+01 9.751690555551144257e+01 9.751690555551144257e+01 9.751690555551144257e+01 9.751690555551144257e+01 9.751690555551144257e+01 9.751690555551144257e+01 9.751690555551144257e+01 9.751690555551144257e+01 9.751690555551144257e+01 9.751690555551144257e+01 9.751690555551144257e+01 9.751690555551144257e+01 9.751690555551144257e+01 9.751690555551144257e+01 9.751690555551144257e+01 9.751690555551144257e+01 9.751690555551144257e+01 9.751690555551144257e+01 9.751690555551144257e+01 9.751690555551144257e+01 9.751690555551144257e+01 9.751690555551144257e+01 9.751690555551144257e+01 9.751690555551144257e+01 9.751690555551144257e+01 9.751690555551144257e+01 9.751690555551144257e+01 9.751690555551144257e+01 9.751690555551144257e+01 9.751690555551144257e+01 9.751690555551144257e+01 9.751690555551144257e+01 9.751690555551144257e+01 9.751690555551144257e+01 9.751690555551144257e+01 9.751690555551144257e+01 9.751690555551144257e+01 9.751690555551144257e+01 9.751690555551144257e+01 9.751690555551144257e+01 9.751690555551144257e+01 9.751690555551144257e+01 9.751690555551144257e+01 9.751690555551144257e+01 9.751690555551144257e+01 9.751690555551144257e+01 9.751690555551144257e+01 9.751690555551144257e+01 9.751690555551144257e+01 9.751690555551144257e+01 9.751690555551144257e+01 9.751690555551144257e+01 9.751690555551144257e+01 9.751690555551144257e+01 9.751690555551144257e+01 9.751690555551144257e+01 9.751690555551144257e+01 9.751690555551144257e+01 9.751690555551144257e+01 9.751690555551144257e+01 9.751690555551144257e+01 9.751690555551144257e+01 9.751690555551144257e+01 9.751690555551144257e+01 9.751690555551144257e+01 9.751690555551144257e+01 9.751690555551144257e+01 9.751690555551144257e+01 9.751690555551144257e+01 9.751690555551144257e+01 9.751690555551144257e+01 9.751690555551144257e+01 9.751690555551144257e+01 9.751690555551144257e+01 9.751690555551144257e+01
9.751690555551144257e+01 9.751690555551144257e+01 9.751690555551144257e+01 9.751690555551144257e+01 9.751690555551144257e+01 9.751690555551144257e+01 9.751690555551144257e+01 9.751690555551144257e+01 9.751690555551144257e+01 9.751690555551144257e+01 9.751690555551144257e+01 9.751690555551144257e+01 9.751690555551144257e+01 9.751690555551144257e+01 9.751690555551144257e+01 9.751690555551144257e+01 9.751690555551144257e+01 9.751690555551144257e+01 9.751690555551144257e+01 9.751690555551144257e+01 9.751690555551144257e+01 9.751690555551144257e+01 9.751690555551144257e+01 9.751690555551144257e+01 9.751690555551144257e+01 9.751690555551144257e+01 9.751690555551144257e+01 9.751690555551144257e+01 9.751690555551144257e+01 9.751690555551144257e+01 9.751690555551144257e+01 9.751690555551144257e+01 9.751690555551144257e+01 9.751690555551144257e+01 9.751690555551144257e+01 9.751690555551144257e+01 9.751690555551144257e+01 9.751690555551144257e+01 9.751690555551144257e+01 9.751690555551144257e+01 9.751690555551144257e+01 9.751690555551144257e+01 9.751690555551144257e+01 9.751690555551144257e+01 9.751690555551144257e+01 9.751690555551144257e+01 9.751690555551144257e+01 9.751690555551144257e+01 9.751690555551144257e+01 9.751690555551144257e+01 9.751690555551144257e+01 9.751690555551144257e+01 9.751690555551144257e+01 9.751690555551144257e+01 9.751690555551144257e+01 9.751690555551144257e+01 9.751690555551144257e+01 9.751690555551144257e+01 9.751690555551144257e+01 9.751690555551144257e+01 9.751690555551144257e+01 9.751690555551144257e+01 9.751690555551144257e+01 9.751690555551144257e+01 9.751690555551144257e+01 9.751690555551144257e+01 9.751690555551144257e+01 9.751690555551144257e+01 9.751690555551144257e+01 9.751690555551144257e+01 9.751690555551144257e+01 9.751690555551144257e+01 9.751690555551144257e+01 9.751690555551144257e+01 9.751690555551144257e+01 9.751690555551144257e+01 9.751690555551144257e+01 9.751690555551144257e+01 9.751690555551144257e+01 9.751690555551144257e+01 9.751690555551144257e+01 9.751690555551144257e+01 9.751690555551144257e+01 9.751690555551144257e+01 9.751690555551144257e+01 9.751690555551144257e+01 9.751690555551144257e+01 9.751690555551144257e+01 9.751690555551144257e+01 9.751690555551144257e+01 9.751690555551144257e+01 9.751690555551144257e+01 9.751690555551144257e+01 9.751690555551144257e+01 9.751690555551144257e+01
9.751690555551144257e+01 9.751690555551144257e+01 9.751690555551144257e+01 9.751690555551144257e+01 9.751690555551144257e+01 9.751690555551144257e+01 9.751690555551144257e+01 9.751690555551144257e+01 9.751690555551144257e+01 9.751690555551144257e+01 9.751690555551144257e+01 9.751690555551144257e+01 9.751690555551144257e+01 9.751690555551144257e+01 9.751690555551144257e+01 9.751690555551144257e+01 9.751690555551144257e+01 9.751690555551144257e+01 9.751690555551144257e+01 9.751690555551144257e+01 9.751690555551144257e+01 9.751690555551144257e+01 9.751690555551144257e+01 9.751690555551144257e+01 9.751690555551144257e+01 9.751690555551144257e+01 9.751690555551144257e+01 9.751690555551144257e+01 9.751690555551144257e+01 9.751690555551144257e+01 9.751690555551144257e+01 9.751690555551144257e+01 9.751690555551144257e+01 9.751690555551144257e+01 9.751690555551144257e+01 9.751690555551144257e+01 9.751690555551144257e+01 9.751690555551144257e+01 9.751690555551144257e+01 9.751690555551144257e+01 9.751690555551144257e+01 9.751690555551144257e+01 9.751690555551144257e+01 9.751690555551144257e+01 9.751690555551144257e+01 9.751690555551144257e+01 9.751690555551144257e+01 9.751690555551144257e+01 9.751690555551144257e+01 9.751690555551144257e+01 9.751690555551144257e+01 9.751690555551144257e+01 9.751690555551144257e+01 9.751690555551144257e+01 9.751690555551144257e+01 9.751690555551144257e+01 9.751690555551144257e+01 9.751690555551144257e+01 9.751690555551144257e+01 9.751690555551144257e+01 9.751690555551144257e+01 9.751690555551144257e+01 9.751690555551144257e+01 9.751690555551144257e+01 9.751690555551144257e+01 9.751690555551144257e+01 9.751690555551144257e+01 9.751690555551144257e+01 9.751690555551144257e+01 9.751690555551144257e+01 9.751690555551144257e+01 9.751690555551144257e+01 9.751690555551144257e+01 9.751690555551144257e+01 9.751690555551144257e+01 9.751690555551144257e+01 9.751690555551144257e+01 9.751690555551144257e+01 9.751690555551144257e+01 9.751690555551144257e+01 9.751690555551144257e+01 9.751690555551144257e+01 9.751690555551144257e+01 9.751690555551144257e+01 9.751690555551144257e+01 9.751690555551144257e+01 9.751690555551144257e+01 9.751690555551144257e+01 9.751690555551144257e+01 9.751690555551144257e+01 9.751690555551144257e+01 9.751690555551144257e+01 9.751690555551144257e+01 9.751690555551144257e+01 9.751690555551144257e+01
9.751690555551144257e+01 9.751690555551144257e+01 9.751690555551144257e+01 9.751690555551144257e+01 9.751690555551144257e+01 9.751690555551144257e+01 9.751690555551144257e+01 9.751690555551144257e+01 9.751690555551144257e+01 9.751690555551144257e+01 9.751690555551144257e+01 9.751690555551144257e+01 9.751690555551144257e+01 9.751690555551144257e+01 9.751690555551144257e+01 9.751690555551144257e+01 9.751690555551144257e+01 9.751690555551144257e+01 9.751690555551144257e+01 9.751690555551144257e+01 9.751690555551144257e+01 9.751690555551144257e+01 9.751690555551144257e+01 9.751690555551144257e+01 9.751690555551144257e+01 9.751690555551144257e+01 9.751690555551144257e+01 9.751690555551144257e+01 9.751690555551144257e+01 9.751690555551144257e+01 9.751690555551144257e+01 9.751690555551144257e+01 9.751690555551144257e+01 9.751690555551144257e+01 9.751690555551144257e+01 9.751690555551144257e+01 9.751690555551144257e+01 9.751690555551144257e+01 9.751690555551144257e+01 9.751690555551144257e+01 9.751690555551144257e+01 9.751690555551144257e+01 9.751690555551144257e+01 9.751690555551144257e+01 9.751690555551144257e+01 9.751690555551144257e+01 9.751690555551144257e+01 9.751690555551144257e+01 9.751690555551144257e+01 9.751690555551144257e+01 9.751690555551144257e+01 9.751690555551144257e+01 9.751690555551144257e+01 9.751690555551144257e+01 9.751690555551144257e+01 9.751690555551144257e+01 9.751690555551144257e+01 9.751690555551144257e+01 9.751690555551144257e+01 9.751690555551144257e+01 9.751690555551144257e+01 9.751690555551144257e+01 9.751690555551144257e+01 9.751690555551144257e+01 9.751690555551144257e+01 9.751690555551144257e+01 9.751690555551144257e+01 9.751690555551144257e+01 9.751690555551144257e+01 9.751690555551144257e+01 9.751690555551144257e+01 9.751690555551144257e+01 9.751690555551144257e+01 9.751690555551144257e+01 9.751690555551144257e+01 9.751690555551144257e+01 9.751690555551144257e+01 9.751690555551144257e+01 9.751690555551144257e+01 9.751690555551144257e+01 9.751690555551144257e+01 9.751690555551144257e+01 9.751690555551144257e+01 9.751690555551144257e+01 9.751690555551144257e+01 9.751690555551144257e+01 9.751690555551144257e+01 9.751690555551144257e+01 9.751690555551144257e+01 9.751690555551144257e+01 9.751690555551144257e+01 9.751690555551144257e+01 9.751690555551144257e+01 9.751690555551144257e+01 9.751690555551144257e+01
9.751690555551144257e+01 9.751690555551144257e+01 9.751690555551144257e+01 9.751690555551144257e+01 9.751690555551144257e+01 9.751690555551144257e+01 9.751690555551144257e+01 9.751690555551144257e+01 9.751690555551144257e+01 9.751690555551144257e+01 9.751690555551144257e+01 9.751690555551144257e+01 9.751690555551144257e+01 9.751690555551144257e+01 9.751690555551144257e+01 9.751690555551144257e+01 9.751690555551144257e+01 9.751690555551144257e+01 9.751690555551144257e+01 9.751690555551144257e+01 9.751690555551144257e+01 9.751690555551144257e+01 9.751690555551144257e+01 9.751690555551144257e+01 9.751690555551144257e+01 9.751690555551144257e+01 9.751690555551144257e+01 9.751690555551144257e+01 9.751690555551144257e+01 9.751690555551144257e+01 9.751690555551144257e+01 9.751690555551144257e+01 9.751690555551144257e+01 9.751690555551144257e+01 9.751690555551144257e+01 9.751690555551144257e+01 9.751690555551144257e+01 9.751690555551144257e+01 9.751690555551144257e+01 9.751690555551144257e+01 9.751690555551144257e+01 9.751690555551144257e+01 9.751690555551144257e+01 9.751690555551144257e+01 9.751690555551144257e+01 9.751690555551144257e+01 9.751690555551144257e+01 9.751690555551144257e+01 9.751690555551144257e+01 9.751690555551144257e+01 9.751690555551144257e+01 9.751690555551144257e+01 9.751690555551144257e+01 9.751690555551144257e+01 9.751690555551144257e+01 9.751690555551144257e+01 9.751690555551144257e+01 9.751690555551144257e+01 9.751690555551144257e+01 9.751690555551144257e+01 9.751690555551144257e+01 9.751690555551144257e+01 9.751690555551144257e+01 9.751690555551144257e+01 9.751690555551144257e+01 9.751690555551144257e+01 9.751690555551144257e+01 9.751690555551144257e+01 9.751690555551144257e+01 9.751690555551144257e+01 9.751690555551144257e+01 9.751690555551144257e+01 9.751690555551144257e+01 9.751690555551144257e+01 9.751690555551144257e+01 9.751690555551144257e+01 9.751690555551144257e+01 9.751690555551144257e+01 9.751690555551144257e+01 9.751690555551144257e+01 9.751690555551144257e+01 9.751690555551144257e+01 9.751690555551144257e+01 9.751690555551144257e+01 9.751690555551144257e+01 9.751690555551144257e+01 9.751690555551144257e+01 9.751690555551144257e+01 9.751690555551144257e+01 9.751690555551144257e+01 9.751690555551144257e+01 9.751690555551144257e+01 9.751690555551144257e+01 9.751690555551144257e+01 9.751690555551144257e+01
9.751690555551144257e+01 9.751690555551144257e+01 9.751690555551144257e+01 9.751690555551144257e+01 9.751690555551144257e+01 9.751690555551144257e+01 9.751690555551144257e+01 9.751690555551144257e+01 9.751690555551144257e+01 9.751690555551144257e+01 9.751690555551144257e+01 9.751690555551144257e+01 9.751690555551144257e+01 9.751690555551144257e+01 9.751690555551144257e+01 9.751690555551144257e+01 9.751690555551144257e+01 9.751690555551144257e+01 9.751690555551144257e+01 9.751690555551144257e+01 9.751690555551144257e+01 9.751690555551144257e+01 9.751690555551144257e+01 9.751690555551144257e+01 9.751690555551144257e+01 9.751690555551144257e+01 9.751690555551144257e+01 9.751690555551144257e+01 9.751690555551144257e+01 9.751690555551144257e+01 9.751690555551144257e+01 9.751690555551144257e+01 9.751690555551144257e+01 9.751690555551144257e+01 9.751690555551144257e+01 9.751690555551144257e+01 9.751690555551144257e+01 9.751690555551144257e+01 9.751690555551144257e+01 9.751690555551144257e+01 9.751690555551144257e+01 9.751690555551144257e+01 9.751690555551144257e+01 9.751690555551144257e+01 9.751690555551144257e+01 9.751690555551144257e+01 9.751690555551144257e+01 9.751690555551144257e+01 9.751690555551144257e+01 9.751690555551144257e+01 9.751690555551144257e+01 9.751690555551144257e+01 9.751690555551144257e+01 9.751690555551144257e+01 9.751690555551144257e+01 9.751690555551144257e+01 9.751690555551144257e+01 9.751690555551144257e+01 9.751690555551144257e+01 9.751690555551144257e+01 9.751690555551144257e+01 9.751690555551144257e+01 9.751690555551144257e+01 9.751690555551144257e+01 9.751690555551144257e+01 9.751690555551144257e+01 9.751690555551144257e+01 9.751690555551144257e+01 9.751690555551144257e+01 9.751690555551144257e+01 9.751690555551144257e+01 9.751690555551144257e+01 9.751690555551144257e+01 9.751690555551144257e+01 9.751690555551144257e+01 9.751690555551144257e+01 9.751690555551144257e+01 9.751690555551144257e+01 9.751690555551144257e+01 9.751690555551144257e+01 9.751690555551144257e+01 9.751690555551144257e+01 9.751690555551144257e+01 9.751690555551144257e+01 9.751690555551144257e+01 9.751690555551144257e+01 9.751690555551144257e+01 9.751690555551144257e+01 9.751690555551144257e+01 9.751690555551144257e+01 9.751690555551144257e+01 9.751690555551144257e+01 9.751690555551144257e+01 9.751690555551144257e+01 9.751690555551144257e+01
9.751690555551144257e+01 9.751690555551144257e+01 9.751690555551144257e+01 9.751690555551144257e+01 9.751690555551144257e+01 9.751690555551144257e+01 9.751690555551144257e+01 9.751690555551144257e+01 9.751690555551144257e+01 9.751690555551144257e+01 9.751690555551144257e+01 9.751690555551144257e+01 9.751690555551144257e+01 9.751690555551144257e+01 9.751690555551144257e+01 9.751690555551144257e+01 9.751690555551144257e+01 9.751690555551144257e+01 9.751690555551144257e+01 9.751690555551144257e+01 9.751690555551144257e+01 9.751690555551144257e+01 9.751690555551144257e+01 9.751690555551144257e+01 9.751690555551144257e+01 9.751690555551144257e+01 9.751690555551144257e+01 9.751690555551144257e+01 9.751690555551144257e+01 9.751690555551144257e+01 9.751690555551144257e+01 9.751690555551144257e+01 9.751690555551144257e+01 9.751690555551144257e+01 9.751690555551144257e+01 9.751690555551144257e+01 9.751690555551144257e+01 9.751690555551144257e+01 9.751690555551144257e+01 9.751690555551144257e+01 9.751690555551144257e+01 9.751690555551144257e+01 9.751690555551144257e+01 9.751690555551144257e+01 9.751690555551144257e+01 9.751690555551144257e+01 9.751690555551144257e+01 9.751690555551144257e+01 9.751690555551144257e+01 9.751690555551144257e+01 9.751690555551144257e+01 9.751690555551144257e+01 9.751690555551144257e+01 9.751690555551144257e+01 9.751690555551144257e+01 9.751690555551144257e+01 9.751690555551144257e+01 9.751690555551144257e+01 9.751690555551144257e+01 9.751690555551144257e+01 9.751690555551144257e+01 9.751690555551144257e+01 9.751690555551144257e+01 9.751690555551144257e+01 9.751690555551144257e+01 9.751690555551144257e+01 9.751690555551144257e+01 9.751690555551144257e+01 9.751690555551144257e+01 9.751690555551144257e+01 9.751690555551144257e+01 9.751690555551144257e+01 9.751690555551144257e+01 9.751690555551144257e+01 9.751690555551144257e+01 9.751690555551144257e+01 9.751690555551144257e+01 9.751690555551144257e+01 9.751690555551144257e+01 9.751690555551144257e+01 9.751690555551144257e+01 9.751690555551144257e+01 9.751690555551144257e+01 9.751690555551144257e+01 9.751690555551144257e+01 9.751690555551144257e+01 9.751690555551144257e+01 9.751690555551144257e+01 9.751690555551144257e+01 9.751690555551144257e+01 9.751690555551144257e+01 9.751690555551144257e+01 9.751690555551144257e+01 9.751690555551144257e+01 9.751690555551144257e+01
9.751690555551144257e+01 9.751690555551144257e+01 9.751690555551144257e+01 9.751690555551144257e+01 9.751690555551144257e+01 9.751690555551144257e+01 9.751690555551144257e+01 9.751690555551144257e+01 9.751690555551144257e+01 9.751690555551144257e+01 9.751690555551144257e+01 9.751690555551144257e+01 9.751690555551144257e+01 9.751690555551144257e+01 9.751690555551144257e+01 9.751690555551144257e+01 9.751690555551144257e+01 9.751690555551144257e+01 9.751690555551144257e+01 9.751690555551144257e+01 9.751690555551144257e+01 9.751690555551144257e+01 9.751690555551144257e+01 9.751690555551144257e+01 9.751690555551144257e+01 9.751690555551144257e+01 9.751690555551144257e+01 9.751690555551144257e+01 9.751690555551144257e+01 9.751690555551144257e+01 9.751690555551144257e+01 9.751690555551144257e+01 9.751690555551144257e+01 9.751690555551144257e+01 9.751690555551144257e+01 9.751690555551144257e+01 9.751690555551144257e+01 9.751690555551144257e+01 9.751690555551144257e+01 9.751690555551144257e+01 9.751690555551144257e+01 9.751690555551144257e+01 9.751690555551144257e+01 9.751690555551144257e+01 9.751690555551144257e+01 9.751690555551144257e+01 9.751690555551144257e+01 9.751690555551144257e+01 9.751690555551144257e+01 9.751690555551144257e+01 9.751690555551144257e+01 9.751690555551144257e+01 9.751690555551144257e+01 9.751690555551144257e+01 9.751690555551144257e+01 9.751690555551144257e+01 9.751690555551144257e+01 9.751690555551144257e+01 9.751690555551144257e+01 9.751690555551144257e+01 9.751690555551144257e+01 9.751690555551144257e+01 9.751690555551144257e+01 9.751690555551144257e+01 9.751690555551144257e+01 9.751690555551144257e+01 9.751690555551144257e+01 9.751690555551144257e+01 9.751690555551144257e+01 9.751690555551144257e+01 9.751690555551144257e+01 9.751690555551144257e+01 9.751690555551144257e+01 9.751690555551144257e+01 9.751690555551144257e+01 9.751690555551144257e+01 9.751690555551144257e+01 9.751690555551144257e+01 9.751690555551144257e+01 9.751690555551144257e+01 9.751690555551144257e+01 9.751690555551144257e+01 9.751690555551144257e+01 9.751690555551144257e+01 9.751690555551144257e+01 9.751690555551144257e+01 9.751690555551144257e+01 9.751690555551144257e+01 9.751690555551144257e+01 9.751690555551144257e+01 9.751690555551144257e+01 9.751690555551144257e+01 9.751690555551144257e+01 9.751690555551144257e+01 9.751690555551144257e+01
9.751690555551144257e+01 9.751690555551144257e+01 9.751690555551144257e+01 9.751690555551144257e+01 9.751690555551144257e+01 9.751690555551144257e+01 9.751690555551144257e+01 9.751690555551144257e+01 9.751690555551144257e+01 9.751690555551144257e+01 9.751690555551144257e+01 9.751690555551144257e+01 9.751690555551144257e+01 9.751690555551144257e+01 9.751690555551144257e+01 9.751690555551144257e+01 9.751690555551144257e+01 9.751690555551144257e+01 9.751690555551144257e+01 9.751690555551144257e+01 9.751690555551144257e+01 9.751690555551144257e+01 9.751690555551144257e+01 9.751690555551144257e+01 9.751690555551144257e+01 9.751690555551144257e+01 9.751690555551144257e+01 9.751690555551144257e+01 9.751690555551144257e+01 9.751690555551144257e+01 9.751690555551144257e+01 9.751690555551144257e+01 9.751690555551144257e+01 9.751690555551144257e+01 9.751690555551144257e+01 9.751690555551144257e+01 9.751690555551144257e+01 9.751690555551144257e+01 9.751690555551144257e+01 9.751690555551144257e+01 9.751690555551144257e+01 9.751690555551144257e+01 9.751690555551144257e+01 9.751690555551144257e+01 9.751690555551144257e+01 9.751690555551144257e+01 9.751690555551144257e+01 9.751690555551144257e+01 9.751690555551144257e+01 9.751690555551144257e+01 9.751690555551144257e+01 9.751690555551144257e+01 9.751690555551144257e+01 9.751690555551144257e+01 9.751690555551144257e+01 9.751690555551144257e+01 9.751690555551144257e+01 9.751690555551144257e+01 9.751690555551144257e+01 9.751690555551144257e+01 9.751690555551144257e+01 9.751690555551144257e+01 9.751690555551144257e+01 9.751690555551144257e+01 9.751690555551144257e+01 9.751690555551144257e+01 9.751690555551144257e+01 9.751690555551144257e+01 9.751690555551144257e+01 9.751690555551144257e+01 9.751690555551144257e+01 9.751690555551144257e+01 9.751690555551144257e+01 9.751690555551144257e+01 9.751690555551144257e+01 9.751690555551144257e+01 9.751690555551144257e+01 9.751690555551144257e+01 9.751690555551144257e+01 9.751690555551144257e+01 9.751690555551144257e+01 9.751690555551144257e+01 9.751690555551144257e+01 9.751690555551144257e+01 9.751690555551144257e+01 9.751690555551144257e+01 9.751690555551144257e+01 9.751690555551144257e+01 9.751690555551144257e+01 9.751690555551144257e+01 9.751690555551144257e+01 9.751690555551144257e+01 9.751690555551144257e+01 9.751690555551144257e+01 9.751690555551144257e+01
9.751690555551144257e+01 9.751690555551144257e+01 9.751690555551144257e+01 9.751690555551144257e+01 9.751690555551144257e+01 9.751690555551144257e+01 9.751690555551144257e+01 9.751690555551144257e+01 9.751690555551144257e+01 9.751690555551144257e+01 9.751690555551144257e+01 9.751690555551144257e+01 9.751690555551144257e+01 9.751690555551144257e+01 9.751690555551144257e+01 9.751690555551144257e+01 9.751690555551144257e+01 9.751690555551144257e+01 9.751690555551144257e+01 9.751690555551144257e+01 9.751690555551144257e+01 9.751690555551144257e+01 9.751690555551144257e+01 9.751690555551144257e+01 9.751690555551144257e+01 9.751690555551144257e+01 9.751690555551144257e+01 9.751690555551144257e+01 9.751690555551144257e+01 9.751690555551144257e+01 9.751690555551144257e+01 9.751690555551144257e+01 9.751690555551144257e+01 9.751690555551144257e+01 9.751690555551144257e+01 9.751690555551144257e+01 9.751690555551144257e+01 9.751690555551144257e+01 9.751690555551144257e+01 9.751690555551144257e+01 9.751690555551144257e+01 9.751690555551144257e+01 9.751690555551144257e+01 9.751690555551144257e+01 9.751690555551144257e+01 9.751690555551144257e+01 9.751690555551144257e+01 9.751690555551144257e+01 9.751690555551144257e+01 9.751690555551144257e+01 9.751690555551144257e+01 9.751690555551144257e+01 9.751690555551144257e+01 9.751690555551144257e+01 9.751690555551144257e+01 9.751690555551144257e+01 9.751690555551144257e+01 9.751690555551144257e+01 9.751690555551144257e+01 9.751690555551144257e+01 9.751690555551144257e+01 9.751690555551144257e+01 9.751690555551144257e+01 9.751690555551144257e+01 9.751690555551144257e+01 9.751690555551144257e+01 9.751690555551144257e+01 9.751690555551144257e+01 9.751690555551144257e+01 9.751690555551144257e+01 9.751690555551144257e+01 9.751690555551144257e+01 9.751690555551144257e+01 9.751690555551144257e+01 9.751690555551144257e+01 9.751690555551144257e+01 9.751690555551144257e+01 9.751690555551144257e+01 9.751690555551144257e+01 9.751690555551144257e+01 9.751690555551144257e+01 9.751690555551144257e+01 9.751690555551144257e+01 9.751690555551144257e+01 9.751690555551144257e+01 9.751690555551144257e+01 9.751690555551144257e+01 9.751690555551144257e+01 9.751690555551144257e+01 9.751690555551144257e+01 9.751690555551144257e+01 9.751690555551144257e+01 9.751690555551144257e+01 9.751690555551144257e+01 9.751690555551144257e+01
9.751690555551144257e+01 9.751690555551144257e+01 9.751690555551144257e+01 9.751690555551144257e+01 9.751690555551144257e+01 9.751690555551144257e+01 9.751690555551144257e+01 9.751690555551144257e+01 9.751690555551144257e+01 9.751690555551144257e+01 9.751690555551144257e+01 9.751690555551144257e+01 9.751690555551144257e+01 9.751690555551144257e+01 9.751690555551144257e+01 9.751690555551144257e+01 9.751690555551144257e+01 9.751690555551144257e+01 9.751690555551144257e+01 9.751690555551144257e+01 9.751690555551144257e+01 9.751690555551144257e+01 9.751690555551144257e+01 9.751690555551144257e+01 9.751690555551144257e+01 9.751690555551144257e+01 9.751690555551144257e+01 9.751690555551144257e+01 9.751690555551144257e+01 9.751690555551144257e+01 9.751690555551144257e+01 9.751690555551144257e+01 9.751690555551144257e+01 9.751690555551144257e+01 9.751690555551144257e+01 9.751690555551144257e+01 9.751690555551144257e+01 9.751690555551144257e+01 9.751690555551144257e+01 9.751690555551144257e+01 9.751690555551144257e+01 9.751690555551144257e+01 9.751690555551144257e+01 9.751690555551144257e+01 9.751690555551144257e+01 9.751690555551144257e+01 9.751690555551144257e+01 9.751690555551144257e+01 9.751690555551144257e+01 9.751690555551144257e+01 9.751690555551144257e+01 9.751690555551144257e+01 9.751690555551144257e+01 9.751690555551144257e+01 9.751690555551144257e+01 9.751690555551144257e+01 9.751690555551144257e+01 9.751690555551144257e+01 9.751690555551144257e+01 9.751690555551144257e+01 9.751690555551144257e+01 9.751690555551144257e+01 9.751690555551144257e+01 9.751690555551144257e+01 9.751690555551144257e+01 9.751690555551144257e+01 9.751690555551144257e+01 9.751690555551144257e+01 9.751690555551144257e+01 9.751690555551144257e+01 9.751690555551144257e+01 9.751690555551144257e+01 9.751690555551144257e+01 9.751690555551144257e+01 9.751690555551144257e+01 9.751690555551144257e+01 9.751690555551144257e+01 9.751690555551144257e+01 9.751690555551144257e+01 9.751690555551144257e+01 9.751690555551144257e+01 9.751690555551144257e+01 9.751690555551144257e+01 9.751690555551144257e+01 9.751690555551144257e+01 9.751690555551144257e+01 9.751690555551144257e+01 9.751690555551144257e+01 9.751690555551144257e+01 9.751690555551144257e+01 9.751690555551144257e+01 9.751690555551144257e+01 9.751690555551144257e+01 9.751690555551144257e+01 9.751690555551144257e+01
9.751690555551144257e+01 9.751690555551144257e+01 9.751690555551144257e+01 9.751690555551144257e+01 9.751690555551144257e+01 9.751690555551144257e+01 9.751690555551144257e+01 9.751690555551144257e+01 9.751690555551144257e+01 9.751690555551144257e+01 9.751690555551144257e+01 9.751690555551144257e+01 9.751690555551144257e+01 9.751690555551144257e+01 9.751690555551144257e+01 9.751690555551144257e+01 9.751690555551144257e+01 9.751690555551144257e+01 9.751690555551144257e+01 9.751690555551144257e+01 9.751690555551144257e+01 9.751690555551144257e+01 9.751690555551144257e+01 9.751690555551144257e+01 9.751690555551144257e+01 9.751690555551144257e+01 9.751690555551144257e+01 9.751690555551144257e+01 9.751690555551144257e+01 9.751690555551144257e+01 9.751690555551144257e+01 9.751690555551144257e+01 9.751690555551144257e+01 9.751690555551144257e+01 9.751690555551144257e+01 9.751690555551144257e+01 9.751690555551144257e+01 9.751690555551144257e+01 9.751690555551144257e+01 9.751690555551144257e+01 9.751690555551144257e+01 9.751690555551144257e+01 9.751690555551144257e+01 9.751690555551144257e+01 9.751690555551144257e+01 9.751690555551144257e+01 9.751690555551144257e+01 9.751690555551144257e+01 9.751690555551144257e+01 9.751690555551144257e+01 9.751690555551144257e+01 9.751690555551144257e+01 9.751690555551144257e+01 9.751690555551144257e+01 9.751690555551144257e+01 9.751690555551144257e+01 9.751690555551144257e+01 9.751690555551144257e+01 9.751690555551144257e+01 9.751690555551144257e+01 9.751690555551144257e+01 9.751690555551144257e+01 9.751690555551144257e+01 9.751690555551144257e+01 9.751690555551144257e+01 9.751690555551144257e+01 9.751690555551144257e+01 9.751690555551144257e+01 9.751690555551144257e+01 9.751690555551144257e+01 9.751690555551144257e+01 9.751690555551144257e+01 9.751690555551144257e+01 9.751690555551144257e+01 9.751690555551144257e+01 9.751690555551144257e+01 9.751690555551144257e+01 9.751690555551144257e+01 9.751690555551144257e+01 9.751690555551144257e+01 9.751690555551144257e+01 9.751690555551144257e+01 9.751690555551144257e+01 9.751690555551144257e+01 9.751690555551144257e+01 9.751690555551144257e+01 9.751690555551144257e+01 9.751690555551144257e+01 9.751690555551144257e+01 9.751690555551144257e+01 9.751690555551144257e+01 9.751690555551144257e+01 9.751690555551144257e+01 9.751690555551144257e+01 9.751690555551144257e+01
9.751690555551144257e+01 9.751690555551144257e+01 9.751690555551144257e+01 9.751690555551144257e+01 9.751690555551144257e+01 9.751690555551144257e+01 9.751690555551144257e+01 9.751690555551144257e+01 9.751690555551144257e+01 9.751690555551144257e+01 9.751690555551144257e+01 9.751690555551144257e+01 9.751690555551144257e+01 9.751690555551144257e+01 9.751690555551144257e+01 9.751690555551144257e+01 9.751690555551144257e+01 9.751690555551144257e+01 9.751690555551144257e+01 9.751690555551144257e+01 9.751690555551144257e+01 9.751690555551144257e+01 9.751690555551144257e+01 9.751690555551144257e+01 9.751690555551144257e+01 9.751690555551144257e+01 9.751690555551144257e+01 9.751690555551144257e+01 9.751690555551144257e+01 9.751690555551144257e+01 9.751690555551144257e+01 9.751690555551144257e+01 9.751690555551144257e+01 9.751690555551144257e+01 9.751690555551144257e+01 9.751690555551144257e+01 9.751690555551144257e+01 9.751690555551144257e+01 9.751690555551144257e+01 9.751690555551144257e+01 9.751690555551144257e+01 9.751690555551144257e+01 9.751690555551144257e+01 9.751690555551144257e+01 9.751690555551144257e+01 9.751690555551144257e+01 9.751690555551144257e+01 9.751690555551144257e+01 9.751690555551144257e+01 9.751690555551144257e+01 9.751690555551144257e+01 9.751690555551144257e+01 9.751690555551144257e+01 9.751690555551144257e+01 9.751690555551144257e+01 9.751690555551144257e+01 9.751690555551144257e+01 9.751690555551144257e+01 9.751690555551144257e+01 9.751690555551144257e+01 9.751690555551144257e+01 9.751690555551144257e+01 9.751690555551144257e+01 9.751690555551144257e+01 9.751690555551144257e+01 9.751690555551144257e+01 9.751690555551144257e+01 9.751690555551144257e+01 9.751690555551144257e+01 9.751690555551144257e+01 9.751690555551144257e+01 9.751690555551144257e+01 9.751690555551144257e+01 9.751690555551144257e+01 9.751690555551144257e+01 9.751690555551144257e+01 9.751690555551144257e+01 9.751690555551144257e+01 9.751690555551144257e+01 9.751690555551144257e+01 9.751690555551144257e+01 9.751690555551144257e+01 9.751690555551144257e+01 9.751690555551144257e+01 9.751690555551144257e+01 9.751690555551144257e+01 9.751690555551144257e+01 9.751690555551144257e+01 9.751690555551144257e+01 9.751690555551144257e+01 9.751690555551144257e+01 9.751690555551144257e+01 9.751690555551144257e+01 9.751690555551144257e+01 9.751690555551144257e+01
9.751690555551144257e+01 9.751690555551144257e+01 9.751690555551144257e+01 9.751690555551144257e+01 9.751690555551144257e+01 9.751690555551144257e+01 9.751690555551144257e+01 9.751690555551144257e+01 9.751690555551144257e+01 9.751690555551144257e+01 9.751690555551144257e+01 9.751690555551144257e+01 9.751690555551144257e+01 9.751690555551144257e+01 9.751690555551144257e+01 9.751690555551144257e+01 9.751690555551144257e+01 9.751690555551144257e+01 9.751690555551144257e+01 9.751690555551144257e+01 9.751690555551144257e+01 9.751690555551144257e+01 9.751690555551144257e+01 9.751690555551144257e+01 9.751690555551144257e+01 9.751690555551144257e+01 9.751690555551144257e+01 9.751690555551144257e+01 9.751690555551144257e+01 9.751690555551144257e+01 9.751690555551144257e+01 9.751690555551144257e+01 9.751690555551144257e+01 9.751690555551144257e+01 9.751690555551144257e+01 9.751690555551144257e+01 9.751690555551144257e+01 9.751690555551144257e+01 9.751690555551144257e+01 9.751690555551144257e+01 9.751690555551144257e+01 9.751690555551144257e+01 9.751690555551144257e+01 9.751690555551144257e+01 9.751690555551144257e+01 9.751690555551144257e+01 9.751690555551144257e+01 9.751690555551144257e+01 9.751690555551144257e+01 9.751690555551144257e+01 9.751690555551144257e+01 9.751690555551144257e+01 9.751690555551144257e+01 9.751690555551144257e+01 9.751690555551144257e+01 9.751690555551144257e+01 9.751690555551144257e+01 9.751690555551144257e+01 9.751690555551144257e+01 9.751690555551144257e+01 9.751690555551144257e+01 9.751690555551144257e+01 9.751690555551144257e+01 9.751690555551144257e+01 9.751690555551144257e+01 9.751690555551144257e+01 9.751690555551144257e+01 9.751690555551144257e+01 9.751690555551144257e+01 9.751690555551144257e+01 9.751690555551144257e+01 9.751690555551144257e+01 9.751690555551144257e+01 9.751690555551144257e+01 9.751690555551144257e+01 9.751690555551144257e+01 9.751690555551144257e+01 9.751690555551144257e+01 9.751690555551144257e+01 9.751690555551144257e+01 9.751690555551144257e+01 9.751690555551144257e+01 9.751690555551144257e+01 9.751690555551144257e+01 9.751690555551144257e+01 9.751690555551144257e+01 9.751690555551144257e+01 9.751690555551144257e+01 9.751690555551144257e+01 9.751690555551144257e+01 9.751690555551144257e+01 9.751690555551144257e+01 9.751690555551144257e+01 9.751690555551144257e+01 9.751690555551144257e+01
9.751690555551144257e+01 9.751690555551144257e+01 9.751690555551144257e+01 9.751690555551144257e+01 9.751690555551144257e+01 9.751690555551144257e+01 9.751690555551144257e+01 9.751690555551144257e+01 9.751690555551144257e+01 9.751690555551144257e+01 9.751690555551144257e+01 9.751690555551144257e+01 9.751690555551144257e+01 9.751690555551144257e+01 9.751690555551144257e+01 9.751690555551144257e+01 9.751690555551144257e+01 9.751690555551144257e+01 9.751690555551144257e+01 9.751690555551144257e+01 9.751690555551144257e+01 9.751690555551144257e+01 9.751690555551144257e+01 9.751690555551144257e+01 9.751690555551144257e+01 9.751690555551144257e+01 9.751690555551144257e+01 9.751690555551144257e+01 9.751690555551144257e+01 9.751690555551144257e+01 9.751690555551144257e+01 9.751690555551144257e+01 9.751690555551144257e+01 9.751690555551144257e+01 9.751690555551144257e+01 9.751690555551144257e+01 9.751690555551144257e+01 9.751690555551144257e+01 9.751690555551144257e+01 9.751690555551144257e+01 9.751690555551144257e+01 9.751690555551144257e+01 9.751690555551144257e+01 9.751690555551144257e+01 9.751690555551144257e+01 9.751690555551144257e+01 9.751690555551144257e+01 9.751690555551144257e+01 9.751690555551144257e+01 9.751690555551144257e+01 9.751690555551144257e+01 9.751690555551144257e+01 9.751690555551144257e+01 9.751690555551144257e+01 9.751690555551144257e+01 9.751690555551144257e+01 9.751690555551144257e+01 9.751690555551144257e+01 9.751690555551144257e+01 9.751690555551144257e+01 9.751690555551144257e+01 9.751690555551144257e+01 9.751690555551144257e+01 9.751690555551144257e+01 9.751690555551144257e+01 9.751690555551144257e+01 9.751690555551144257e+01 9.751690555551144257e+01 9.751690555551144257e+01 9.751690555551144257e+01 9.751690555551144257e+01 9.751690555551144257e+01 9.751690555551144257e+01 9.751690555551144257e+01 9.751690555551144257e+01 9.751690555551144257e+01 9.751690555551144257e+01 9.751690555551144257e+01 9.751690555551144257e+01 9.751690555551144257e+01 9.751690555551144257e+01 9.751690555551144257e+01 9.751690555551144257e+01 9.751690555551144257e+01 9.751690555551144257e+01 9.751690555551144257e+01 9.751690555551144257e+01 9.751690555551144257e+01 9.751690555551144257e+01 9.751690555551144257e+01 9.751690555551144257e+01 9.751690555551144257e+01 9.751690555551144257e+01 9.751690555551144257e+01 9.751690555551144257e+01
9.751690555551144257e+01 9.751690555551144257e+01 9.751690555551144257e+01 9.751690555551144257e+01 9.751690555551144257e+01 9.751690555551144257e+01 9.751690555551144257e+01 9.751690555551144257e+01 9.751690555551144257e+01 9.751690555551144257e+01 9.751690555551144257e+01 9.751690555551144257e+01 9.751690555551144257e+01 9.751690555551144257e+01 9.751690555551144257e+01 9.751690555551144257e+01 9.751690555551144257e+01 9.751690555551144257e+01 9.751690555551144257e+01 9.751690555551144257e+01 9.751690555551144257e+01 9.751690555551144257e+01 9.751690555551144257e+01 9.751690555551144257e+01 9.751690555551144257e+01 9.751690555551144257e+01 9.751690555551144257e+01 9.751690555551144257e+01 9.751690555551144257e+01 9.751690555551144257e+01 9.751690555551144257e+01 9.751690555551144257e+01 9.751690555551144257e+01 9.751690555551144257e+01 9.751690555551144257e+01 9.751690555551144257e+01 9.751690555551144257e+01 9.751690555551144257e+01 9.751690555551144257e+01 9.751690555551144257e+01 9.751690555551144257e+01 9.751690555551144257e+01 9.751690555551144257e+01 9.751690555551144257e+01 9.751690555551144257e+01 9.751690555551144257e+01 9.751690555551144257e+01 9.751690555551144257e+01 9.751690555551144257e+01 9.751690555551144257e+01 9.751690555551144257e+01 9.751690555551144257e+01 9.751690555551144257e+01 9.751690555551144257e+01 9.751690555551144257e+01 9.751690555551144257e+01 9.751690555551144257e+01 9.751690555551144257e+01 9.751690555551144257e+01 9.751690555551144257e+01 9.751690555551144257e+01 9.751690555551144257e+01 9.751690555551144257e+01 9.751690555551144257e+01 9.751690555551144257e+01 9.751690555551144257e+01 9.751690555551144257e+01 9.751690555551144257e+01 9.751690555551144257e+01 9.751690555551144257e+01 9.751690555551144257e+01 9.751690555551144257e+01 9.751690555551144257e+01 9.751690555551144257e+01 9.751690555551144257e+01 9.751690555551144257e+01 9.751690555551144257e+01 9.751690555551144257e+01 9.751690555551144257e+01 9.751690555551144257e+01 9.751690555551144257e+01 9.751690555551144257e+01 9.751690555551144257e+01 9.751690555551144257e+01 9.751690555551144257e+01 9.751690555551144257e+01 9.751690555551144257e+01 9.751690555551144257e+01 9.751690555551144257e+01 9.751690555551144257e+01 9.751690555551144257e+01 9.751690555551144257e+01 9.751690555551144257e+01 9.751690555551144257e+01 9.751690555551144257e+01
9.751690555551144257e+01 9.751690555551144257e+01 9.751690555551144257e+01 9.751690555551144257e+01 9.751690555551144257e+01 9.751690555551144257e+01 9.751690555551144257e+01 9.751690555551144257e+01 9.751690555551144257e+01 9.751690555551144257e+01 9.751690555551144257e+01 9.751690555551144257e+01 9.751690555551144257e+01 9.751690555551144257e+01 9.751690555551144257e+01 9.751690555551144257e+01 9.751690555551144257e+01 9.751690555551144257e+01 9.751690555551144257e+01 9.751690555551144257e+01 9.751690555551144257e+01 9.751690555551144257e+01 9.751690555551144257e+01 9.751690555551144257e+01 9.751690555551144257e+01 9.751690555551144257e+01 9.751690555551144257e+01 9.751690555551144257e+01 9.751690555551144257e+01 9.751690555551144257e+01 9.751690555551144257e+01 9.751690555551144257e+01 9.751690555551144257e+01 9.751690555551144257e+01 9.751690555551144257e+01 9.751690555551144257e+01 9.751690555551144257e+01 9.751690555551144257e+01 9.751690555551144257e+01 9.751690555551144257e+01 9.751690555551144257e+01 9.751690555551144257e+01 9.751690555551144257e+01 9.751690555551144257e+01 9.751690555551144257e+01 9.751690555551144257e+01 9.751690555551144257e+01 9.751690555551144257e+01 9.751690555551144257e+01 9.751690555551144257e+01 9.751690555551144257e+01 9.751690555551144257e+01 9.751690555551144257e+01 9.751690555551144257e+01 9.751690555551144257e+01 9.751690555551144257e+01 9.751690555551144257e+01 9.751690555551144257e+01 9.751690555551144257e+01 9.751690555551144257e+01 9.751690555551144257e+01 9.751690555551144257e+01 9.751690555551144257e+01 9.751690555551144257e+01 9.751690555551144257e+01 9.751690555551144257e+01 9.751690555551144257e+01 9.751690555551144257e+01 9.751690555551144257e+01 9.751690555551144257e+01 9.751690555551144257e+01 9.751690555551144257e+01 9.751690555551144257e+01 9.751690555551144257e+01 9.751690555551144257e+01 9.751690555551144257e+01 9.751690555551144257e+01 9.751690555551144257e+01 9.751690555551144257e+01 9.751690555551144257e+01 9.751690555551144257e+01 9.751690555551144257e+01 9.751690555551144257e+01 9.751690555551144257e+01 9.751690555551144257e+01 9.751690555551144257e+01 9.751690555551144257e+01 9.751690555551144257e+01 9.751690555551144257e+01 9.751690555551144257e+01 9.751690555551144257e+01 9.751690555551144257e+01 9.751690555551144257e+01 9.751690555551144257e+01 9.751690555551144257e+01
9.751690555551144257e+01 9.751690555551144257e+01 9.751690555551144257e+01 9.751690555551144257e+01 9.751690555551144257e+01 9.751690555551144257e+01 9.751690555551144257e+01 9.751690555551144257e+01 9.751690555551144257e+01 9.751690555551144257e+01 9.751690555551144257e+01 9.751690555551144257e+01 9.751690555551144257e+01 9.751690555551144257e+01 9.751690555551144257e+01 9.751690555551144257e+01 9.751690555551144257e+01 9.751690555551144257e+01 9.751690555551144257e+01 9.751690555551144257e+01 9.751690555551144257e+01 9.751690555551144257e+01 9.751690555551144257e+01 9.751690555551144257e+01 9.751690555551144257e+01 9.751690555551144257e+01 9.751690555551144257e+01 9.751690555551144257e+01 9.751690555551144257e+01 9.751690555551144257e+01 9.751690555551144257e+01 9.751690555551144257e+01 9.751690555551144257e+01 9.751690555551144257e+01 9.751690555551144257e+01 9.751690555551144257e+01 9.751690555551144257e+01 9.751690555551144257e+01 9.751690555551144257e+01 9.751690555551144257e+01 9.751690555551144257e+01 9.751690555551144257e+01 9.751690555551144257e+01 9.751690555551144257e+01 9.751690555551144257e+01 9.751690555551144257e+01 9.751690555551144257e+01 9.751690555551144257e+01 9.751690555551144257e+01 9.751690555551144257e+01 9.751690555551144257e+01 9.751690555551144257e+01 9.751690555551144257e+01 9.751690555551144257e+01 9.751690555551144257e+01 9.751690555551144257e+01 9.751690555551144257e+01 9.751690555551144257e+01 9.751690555551144257e+01 9.751690555551144257e+01 9.751690555551144257e+01 9.751690555551144257e+01 9.751690555551144257e+01 9.751690555551144257e+01 9.751690555551144257e+01 9.751690555551144257e+01 9.751690555551144257e+01 9.751690555551144257e+01 9.751690555551144257e+01 9.751690555551144257e+01 9.751690555551144257e+01 9.751690555551144257e+01 9.751690555551144257e+01 9.751690555551144257e+01 9.751690555551144257e+01 9.751690555551144257e+01 9.751690555551144257e+01 9.751690555551144257e+01 9.751690555551144257e+01 9.751690555551144257e+01 9.751690555551144257e+01 9.751690555551144257e+01 9.751690555551144257e+01 9.751690555551144257e+01 9.751690555551144257e+01 9.751690555551144257e+01 9.751690555551144257e+01 9.751690555551144257e+01 9.751690555551144257e+01 9.751690555551144257e+01 9.751690555551144257e+01 9.751690555551144257e+01 9.751690555551144257e+01 9.751690555551144257e+01 9.751690555551144257e+01
9.751690555551144257e+01 9.751690555551144257e+01 9.751690555551144257e+01 9.751690555551144257e+01 9.751690555551144257e+01 9.751690555551144257e+01 9.751690555551144257e+01 9.751690555551144257e+01 9.751690555551144257e+01 9.751690555551144257e+01 9.751690555551144257e+01 9.751690555551144257e+01 9.751690555551144257e+01 9.751690555551144257e+01 9.751690555551144257e+01 9.751690555551144257e+01 9.751690555551144257e+01 9.751690555551144257e+01 9.751690555551144257e+01 9.751690555551144257e+01 9.751690555551144257e+01 9.751690555551144257e+01 9.751690555551144257e+01 9.751690555551144257e+01 9.751690555551144257e+01 9.751690555551144257e+01 9.751690555551144257e+01 9.751690555551144257e+01 9.751690555551144257e+01 9.751690555551144257e+01 9.751690555551144257e+01 9.751690555551144257e+01 9.751690555551144257e+01 9.751690555551144257e+01 9.751690555551144257e+01 9.751690555551144257e+01 9.751690555551144257e+01 9.751690555551144257e+01 9.751690555551144257e+01 9.751690555551144257e+01 9.751690555551144257e+01 9.751690555551144257e+01 9.751690555551144257e+01 9.751690555551144257e+01 9.751690555551144257e+01 9.751690555551144257e+01 9.751690555551144257e+01 9.751690555551144257e+01 9.751690555551144257e+01 9.751690555551144257e+01 9.751690555551144257e+01 9.751690555551144257e+01 9.751690555551144257e+01 9.751690555551144257e+01 9.751690555551144257e+01 9.751690555551144257e+01 9.751690555551144257e+01 9.751690555551144257e+01 9.751690555551144257e+01 9.751690555551144257e+01 9.751690555551144257e+01 9.751690555551144257e+01 9.751690555551144257e+01 9.751690555551144257e+01 9.751690555551144257e+01 9.751690555551144257e+01 9.751690555551144257e+01 9.751690555551144257e+01 9.751690555551144257e+01 9.751690555551144257e+01 9.751690555551144257e+01 9.751690555551144257e+01 9.751690555551144257e+01 9.751690555551144257e+01 9.751690555551144257e+01 9.751690555551144257e+01 9.751690555551144257e+01 9.751690555551144257e+01 9.751690555551144257e+01 9.751690555551144257e+01 9.751690555551144257e+01 9.751690555551144257e+01 9.751690555551144257e+01 9.751690555551144257e+01 9.751690555551144257e+01 9.751690555551144257e+01 9.751690555551144257e+01 9.751690555551144257e+01 9.751690555551144257e+01 9.751690555551144257e+01 9.751690555551144257e+01 9.751690555551144257e+01 9.751690555551144257e+01 9.751690555551144257e+01 9.751690555551144257e+01
9.751690555551144257e+01 9.751690555551144257e+01 9.751690555551144257e+01 9.751690555551144257e+01 9.751690555551144257e+01 9.751690555551144257e+01 9.751690555551144257e+01 9.751690555551144257e+01 9.751690555551144257e+01 9.751690555551144257e+01 9.751690555551144257e+01 9.751690555551144257e+01 9.751690555551144257e+01 9.751690555551144257e+01 9.751690555551144257e+01 9.751690555551144257e+01 9.751690555551144257e+01 9.751690555551144257e+01 9.751690555551144257e+01 9.751690555551144257e+01 9.751690555551144257e+01 9.751690555551144257e+01 9.751690555551144257e+01 9.751690555551144257e+01 9.751690555551144257e+01 9.751690555551144257e+01 9.751690555551144257e+01 9.751690555551144257e+01 9.751690555551144257e+01 9.751690555551144257e+01 9.751690555551144257e+01 9.751690555551144257e+01 9.751690555551144257e+01 9.751690555551144257e+01 9.751690555551144257e+01 9.751690555551144257e+01 9.751690555551144257e+01 9.751690555551144257e+01 9.751690555551144257e+01 9.751690555551144257e+01 9.751690555551144257e+01 9.751690555551144257e+01 9.751690555551144257e+01 9.751690555551144257e+01 9.751690555551144257e+01 9.751690555551144257e+01 9.751690555551144257e+01 9.751690555551144257e+01 9.751690555551144257e+01 9.751690555551144257e+01 9.751690555551144257e+01 9.751690555551144257e+01 9.751690555551144257e+01 9.751690555551144257e+01 9.751690555551144257e+01 9.751690555551144257e+01 9.751690555551144257e+01 9.751690555551144257e+01 9.751690555551144257e+01 9.751690555551144257e+01 9.751690555551144257e+01 9.751690555551144257e+01 9.751690555551144257e+01 9.751690555551144257e+01 9.751690555551144257e+01 9.751690555551144257e+01 9.751690555551144257e+01 9.751690555551144257e+01 9.751690555551144257e+01 9.751690555551144257e+01 9.751690555551144257e+01 9.751690555551144257e+01 9.751690555551144257e+01 9.751690555551144257e+01 9.751690555551144257e+01 9.751690555551144257e+01 9.751690555551144257e+01 9.751690555551144257e+01 9.751690555551144257e+01 9.751690555551144257e+01 9.751690555551144257e+01 9.751690555551144257e+01 9.751690555551144257e+01 9.751690555551144257e+01 9.751690555551144257e+01 9.751690555551144257e+01 9.751690555551144257e+01 9.751690555551144257e+01 9.751690555551144257e+01 9.751690555551144257e+01 9.751690555551144257e+01 9.751690555551144257e+01 9.751690555551144257e+01 9.751690555551144257e+01 9.751690555551144257e+01
9.751690555551144257e+01 9.751690555551144257e+01 9.751690555551144257e+01 9.751690555551144257e+01 9.751690555551144257e+01 9.751690555551144257e+01 9.751690555551144257e+01 9.751690555551144257e+01 9.751690555551144257e+01 9.751690555551144257e+01 9.751690555551144257e+01 9.751690555551144257e+01 9.751690555551144257e+01 9.751690555551144257e+01 9.751690555551144257e+01 9.751690555551144257e+01 9.751690555551144257e+01 9.751690555551144257e+01 9.751690555551144257e+01 9.751690555551144257e+01 9.751690555551144257e+01 9.751690555551144257e+01 9.751690555551144257e+01 9.751690555551144257e+01 9.751690555551144257e+01 9.751690555551144257e+01 9.751690555551144257e+01 9.751690555551144257e+01 9.751690555551144257e+01 9.751690555551144257e+01 9.751690555551144257e+01 9.751690555551144257e+01 9.751690555551144257e+01 9.751690555551144257e+01 9.751690555551144257e+01 9.751690555551144257e+01 9.751690555551144257e+01 9.751690555551144257e+01 9.751690555551144257e+01 9.751690555551144257e+01 9.751690555551144257e+01 9.751690555551144257e+01 9.751690555551144257e+01 9.751690555551144257e+01 9.751690555551144257e+01 9.751690555551144257e+01 9.751690555551144257e+01 9.751690555551144257e+01 9.751690555551144257e+01 9.751690555551144257e+01 9.751690555551144257e+01 9.751690555551144257e+01 9.751690555551144257e+01 9.751690555551144257e+01 9.751690555551144257e+01 9.751690555551144257e+01 9.751690555551144257e+01 9.751690555551144257e+01 9.751690555551144257e+01 9.751690555551144257e+01 9.751690555551144257e+01 9.751690555551144257e+01 9.751690555551144257e+01 9.751690555551144257e+01 9.751690555551144257e+01 9.751690555551144257e+01 9.751690555551144257e+01 9.751690555551144257e+01 9.751690555551144257e+01 9.751690555551144257e+01 9.751690555551144257e+01 9.751690555551144257e+01 9.751690555551144257e+01 9.751690555551144257e+01 9.751690555551144257e+01 9.751690555551144257e+01 9.751690555551144257e+01 9.751690555551144257e+01 9.751690555551144257e+01 9.751690555551144257e+01 9.751690555551144257e+01 9.751690555551144257e+01 9.751690555551144257e+01 9.751690555551144257e+01 9.751690555551144257e+01 9.751690555551144257e+01 9.751690555551144257e+01 9.751690555551144257e+01 9.751690555551144257e+01 9.751690555551144257e+01 9.751690555551144257e+01 9.751690555551144257e+01 9.751690555551144257e+01 9.751690555551144257e+01 9.751690555551144257e+01
9.751690555551144257e+01 9.751690555551144257e+01 9.751690555551144257e+01 9.751690555551144257e+01 9.751690555551144257e+01 9.751690555551144257e+01 9.751690555551144257e+01 9.751690555551144257e+01 9.751690555551144257e+01 9.751690555551144257e+01 9.751690555551144257e+01 9.751690555551144257e+01 9.751690555551144257e+01 9.751690555551144257e+01 9.751690555551144257e+01 9.751690555551144257e+01 9.751690555551144257e+01 9.751690555551144257e+01 9.751690555551144257e+01 9.751690555551144257e+01 9.751690555551144257e+01 9.751690555551144257e+01 9.751690555551144257e+01 9.751690555551144257e+01 9.751690555551144257e+01 9.751690555551144257e+01 9.751690555551144257e+01 9.751690555551144257e+01 9.751690555551144257e+01 9.751690555551144257e+01 9.751690555551144257e+01 9.751690555551144257e+01 9.751690555551144257e+01 9.751690555551144257e+01 9.751690555551144257e+01 9.751690555551144257e+01 9.751690555551144257e+01 9.751690555551144257e+01 9.751690555551144257e+01 9.751690555551144257e+01 9.751690555551144257e+01 9.751690555551144257e+01 9.751690555551144257e+01 9.751690555551144257e+01 9.751690555551144257e+01 9.751690555551144257e+01 9.751690555551144257e+01 9.751690555551144257e+01 9.751690555551144257e+01 9.751690555551144257e+01 9.751690555551144257e+01 9.751690555551144257e+01 9.751690555551144257e+01 9.751690555551144257e+01 9.751690555551144257e+01 9.751690555551144257e+01 9.751690555551144257e+01 9.751690555551144257e+01 9.751690555551144257e+01 9.751690555551144257e+01 9.751690555551144257e+01 9.751690555551144257e+01 9.751690555551144257e+01 9.751690555551144257e+01 9.751690555551144257e+01 9.751690555551144257e+01 9.751690555551144257e+01 9.751690555551144257e+01 9.751690555551144257e+01 9.751690555551144257e+01 9.751690555551144257e+01 9.751690555551144257e+01 9.751690555551144257e+01 9.751690555551144257e+01 9.751690555551144257e+01 9.751690555551144257e+01 9.751690555551144257e+01 9.751690555551144257e+01 9.751690555551144257e+01 9.751690555551144257e+01 9.751690555551144257e+01 9.751690555551144257e+01 9.751690555551144257e+01 9.751690555551144257e+01 9.751690555551144257e+01 9.751690555551144257e+01 9.751690555551144257e+01 9.751690555551144257e+01 9.751690555551144257e+01 9.751690555551144257e+01 9.751690555551144257e+01 9.751690555551144257e+01 9.751690555551144257e+01 9.751690555551144257e+01 9.751690555551144257e+01
9.751690555551144257e+01 9.751690555551144257e+01 9.751690555551144257e+01 9.751690555551144257e+01 9.751690555551144257e+01 9.751690555551144257e+01 9.751690555551144257e+01 9.751690555551144257e+01 9.751690555551144257e+01 9.751690555551144257e+01 9.751690555551144257e+01 9.751690555551144257e+01 9.751690555551144257e+01 9.751690555551144257e+01 9.751690555551144257e+01 9.751690555551144257e+01 9.751690555551144257e+01 9.751690555551144257e+01 9.751690555551144257e+01 9.751690555551144257e+01 9.751690555551144257e+01 9.751690555551144257e+01 9.751690555551144257e+01 9.751690555551144257e+01 9.751690555551144257e+01 9.751690555551144257e+01 9.751690555551144257e+01 9.751690555551144257e+01 9.751690555551144257e+01 9.751690555551144257e+01 9.751690555551144257e+01 9.751690555551144257e+01 9.751690555551144257e+01 9.751690555551144257e+01 9.751690555551144257e+01 9.751690555551144257e+01 9.751690555551144257e+01 9.751690555551144257e+01 9.751690555551144257e+01 9.751690555551144257e+01 9.751690555551144257e+01 9.751690555551144257e+01 9.751690555551144257e+01 9.751690555551144257e+01 9.751690555551144257e+01 9.751690555551144257e+01 9.751690555551144257e+01 9.751690555551144257e+01 9.751690555551144257e+01 9.751690555551144257e+01 9.751690555551144257e+01 9.751690555551144257e+01 9.751690555551144257e+01 9.751690555551144257e+01 9.751690555551144257e+01 9.751690555551144257e+01 9.751690555551144257e+01 9.751690555551144257e+01 9.751690555551144257e+01 9.751690555551144257e+01 9.751690555551144257e+01 9.751690555551144257e+01 9.751690555551144257e+01 9.751690555551144257e+01 9.751690555551144257e+01 9.751690555551144257e+01 9.751690555551144257e+01 9.751690555551144257e+01 9.751690555551144257e+01 9.751690555551144257e+01 9.751690555551144257e+01 9.751690555551144257e+01 9.751690555551144257e+01 9.751690555551144257e+01 9.751690555551144257e+01 9.751690555551144257e+01 9.751690555551144257e+01 9.751690555551144257e+01 9.751690555551144257e+01 9.751690555551144257e+01 9.751690555551144257e+01 9.751690555551144257e+01 9.751690555551144257e+01 9.751690555551144257e+01 9.751690555551144257e+01 9.751690555551144257e+01 9.751690555551144257e+01 9.751690555551144257e+01 9.751690555551144257e+01 9.751690555551144257e+01 9.751690555551144257e+01 9.751690555551144257e+01 9.751690555551144257e+01 9.751690555551144257e+01 9.751690555551144257e+01
9.751690555551144257e+01 9.751690555551144257e+01 9.751690555551144257e+01 9.751690555551144257e+01 9.751690555551144257e+01 9.751690555551144257e+01 9.751690555551144257e+01 9.751690555551144257e+01 9.751690555551144257e+01 9.751690555551144257e+01 9.751690555551144257e+01 9.751690555551144257e+01 9.751690555551144257e+01 9.751690555551144257e+01 9.751690555551144257e+01 9.751690555551144257e+01 9.751690555551144257e+01 9.751690555551144257e+01 9.751690555551144257e+01 9.751690555551144257e+01 9.751690555551144257e+01 9.751690555551144257e+01 9.751690555551144257e+01 9.751690555551144257e+01 9.751690555551144257e+01 9.751690555551144257e+01 9.751690555551144257e+01 9.751690555551144257e+01 9.751690555551144257e+01 9.751690555551144257e+01 9.751690555551144257e+01 9.751690555551144257e+01 9.751690555551144257e+01 9.751690555551144257e+01 9.751690555551144257e+01 9.751690555551144257e+01 9.751690555551144257e+01 9.751690555551144257e+01 9.751690555551144257e+01 9.751690555551144257e+01 9.751690555551144257e+01 9.751690555551144257e+01 9.751690555551144257e+01 9.751690555551144257e+01 9.751690555551144257e+01 9.751690555551144257e+01 9.751690555551144257e+01 9.751690555551144257e+01 9.751690555551144257e+01 9.751690555551144257e+01 9.751690555551144257e+01 9.751690555551144257e+01 9.751690555551144257e+01 9.751690555551144257e+01 9.751690555551144257e+01 9.751690555551144257e+01 9.751690555551144257e+01 9.751690555551144257e+01 9.751690555551144257e+01 9.751690555551144257e+01 9.751690555551144257e+01 9.751690555551144257e+01 9.751690555551144257e+01 9.751690555551144257e+01 9.751690555551144257e+01 9.751690555551144257e+01 9.751690555551144257e+01 9.751690555551144257e+01 9.751690555551144257e+01 9.751690555551144257e+01 9.751690555551144257e+01 9.751690555551144257e+01 9.751690555551144257e+01 9.751690555551144257e+01 9.751690555551144257e+01 9.751690555551144257e+01 9.751690555551144257e+01 9.751690555551144257e+01 9.751690555551144257e+01 9.751690555551144257e+01 9.751690555551144257e+01 9.751690555551144257e+01 9.751690555551144257e+01 9.751690555551144257e+01 9.751690555551144257e+01 9.751690555551144257e+01 9.751690555551144257e+01 9.751690555551144257e+01 9.751690555551144257e+01 9.751690555551144257e+01 9.751690555551144257e+01 9.751690555551144257e+01 9.751690555551144257e+01 9.751690555551144257e+01 9.751690555551144257e+01
9.751690555551144257e+01 9.751690555551144257e+01 9.751690555551144257e+01 9.751690555551144257e+01 9.751690555551144257e+01 9.751690555551144257e+01 9.751690555551144257e+01 9.751690555551144257e+01 9.751690555551144257e+01 9.751690555551144257e+01 9.751690555551144257e+01 9.751690555551144257e+01 9.751690555551144257e+01 9.751690555551144257e+01 9.751690555551144257e+01 9.751690555551144257e+01 9.751690555551144257e+01 9.751690555551144257e+01 9.751690555551144257e+01 9.751690555551144257e+01 9.751690555551144257e+01 9.751690555551144257e+01 9.751690555551144257e+01 9.751690555551144257e+01 9.751690555551144257e+01 9.751690555551144257e+01 9.751690555551144257e+01 9.751690555551144257e+01 9.751690555551144257e+01 9.751690555551144257e+01 9.751690555551144257e+01 9.751690555551144257e+01 9.751690555551144257e+01 9.751690555551144257e+01 9.751690555551144257e+01 9.751690555551144257e+01 9.751690555551144257e+01 9.751690555551144257e+01 9.751690555551144257e+01 9.751690555551144257e+01 9.751690555551144257e+01 9.751690555551144257e+01 9.751690555551144257e+01 9.751690555551144257e+01 9.751690555551144257e+01 9.751690555551144257e+01 9.751690555551144257e+01 9.751690555551144257e+01 9.751690555551144257e+01 9.751690555551144257e+01 9.751690555551144257e+01 9.751690555551144257e+01 9.751690555551144257e+01 9.751690555551144257e+01 9.751690555551144257e+01 9.751690555551144257e+01 9.751690555551144257e+01 9.751690555551144257e+01 9.751690555551144257e+01 9.751690555551144257e+01 9.751690555551144257e+01 9.751690555551144257e+01 9.751690555551144257e+01 9.751690555551144257e+01 9.751690555551144257e+01 9.751690555551144257e+01 9.751690555551144257e+01 9.751690555551144257e+01 9.751690555551144257e+01 9.751690555551144257e+01 9.751690555551144257e+01 9.751690555551144257e+01 9.751690555551144257e+01 9.751690555551144257e+01 9.751690555551144257e+01 9.751690555551144257e+01 9.751690555551144257e+01 9.751690555551144257e+01 9.751690555551144257e+01 9.751690555551144257e+01 9.751690555551144257e+01 9.751690555551144257e+01 9.751690555551144257e+01 9.751690555551144257e+01 9.751690555551144257e+01 9.751690555551144257e+01 9.751690555551144257e+01 9.751690555551144257e+01 9.751690555551144257e+01 9.751690555551144257e+01 9.751690555551144257e+01 9.751690555551144257e+01 9.751690555551144257e+01 9.751690555551144257e+01 9.751690555551144257e+01
9.751690555551144257e+01 9.751690555551144257e+01 9.751690555551144257e+01 9.751690555551144257e+01 9.751690555551144257e+01 9.751690555551144257e+01 9.751690555551144257e+01 9.751690555551144257e+01 9.751690555551144257e+01 9.751690555551144257e+01 9.751690555551144257e+01 9.751690555551144257e+01 9.751690555551144257e+01 9.751690555551144257e+01 9.751690555551144257e+01 9.751690555551144257e+01 9.751690555551144257e+01 9.751690555551144257e+01 9.751690555551144257e+01 9.751690555551144257e+01 9.751690555551144257e+01 9.751690555551144257e+01 9.751690555551144257e+01 9.751690555551144257e+01 9.751690555551144257e+01 9.751690555551144257e+01 9.751690555551144257e+01 9.751690555551144257e+01 9.751690555551144257e+01 9.751690555551144257e+01 9.751690555551144257e+01 9.751690555551144257e+01 9.751690555551144257e+01 9.751690555551144257e+01 9.751690555551144257e+01 9.751690555551144257e+01 9.751690555551144257e+01 9.751690555551144257e+01 9.751690555551144257e+01 9.751690555551144257e+01 9.751690555551144257e+01 9.751690555551144257e+01 9.751690555551144257e+01 9.751690555551144257e+01 9.751690555551144257e+01 9.751690555551144257e+01 9.751690555551144257e+01 9.751690555551144257e+01 9.751690555551144257e+01 9.751690555551144257e+01 9.751690555551144257e+01 9.751690555551144257e+01 9.751690555551144257e+01 9.751690555551144257e+01 9.751690555551144257e+01 9.751690555551144257e+01 9.751690555551144257e+01 9.751690555551144257e+01 9.751690555551144257e+01 9.751690555551144257e+01 9.751690555551144257e+01 9.751690555551144257e+01 9.751690555551144257e+01 9.751690555551144257e+01 9.751690555551144257e+01 9.751690555551144257e+01 9.751690555551144257e+01 9.751690555551144257e+01 9.751690555551144257e+01 9.751690555551144257e+01 9.751690555551144257e+01 9.751690555551144257e+01 9.751690555551144257e+01 9.751690555551144257e+01 9.751690555551144257e+01 9.751690555551144257e+01 9.751690555551144257e+01 9.751690555551144257e+01 9.751690555551144257e+01 9.751690555551144257e+01 9.751690555551144257e+01 9.751690555551144257e+01 9.751690555551144257e+01 9.751690555551144257e+01 9.751690555551144257e+01 9.751690555551144257e+01 9.751690555551144257e+01 9.751690555551144257e+01 9.751690555551144257e+01 9.751690555551144257e+01 9.751690555551144257e+01 9.751690555551144257e+01 9.751690555551144257e+01 9.751690555551144257e+01 9.751690555551144257e+01
9.751690555551144257e+01 9.751690555551144257e+01 9.751690555551144257e+01 9.751690555551144257e+01 9.751690555551144257e+01 9.751690555551144257e+01 9.751690555551144257e+01 9.751690555551144257e+01 9.751690555551144257e+01 9.751690555551144257e+01 9.751690555551144257e+01 9.751690555551144257e+01 9.751690555551144257e+01 9.751690555551144257e+01 9.751690555551144257e+01 9.751690555551144257e+01 9.751690555551144257e+01 9.751690555551144257e+01 9.751690555551144257e+01 9.751690555551144257e+01 9.751690555551144257e+01 9.751690555551144257e+01 9.751690555551144257e+01 9.751690555551144257e+01 9.751690555551144257e+01 9.751690555551144257e+01 9.751690555551144257e+01 9.751690555551144257e+01 9.751690555551144257e+01 9.751690555551144257e+01 9.751690555551144257e+01 9.751690555551144257e+01 9.751690555551144257e+01 9.751690555551144257e+01 9.751690555551144257e+01 9.751690555551144257e+01 9.751690555551144257e+01 9.751690555551144257e+01 9.751690555551144257e+01 9.751690555551144257e+01 9.751690555551144257e+01 9.751690555551144257e+01 9.751690555551144257e+01 9.751690555551144257e+01 9.751690555551144257e+01 9.751690555551144257e+01 9.751690555551144257e+01 9.751690555551144257e+01 9.751690555551144257e+01 9.751690555551144257e+01 9.751690555551144257e+01 9.751690555551144257e+01 9.751690555551144257e+01 9.751690555551144257e+01 9.751690555551144257e+01 9.751690555551144257e+01 9.751690555551144257e+01 9.751690555551144257e+01 9.751690555551144257e+01 9.751690555551144257e+01 9.751690555551144257e+01 9.751690555551144257e+01 9.751690555551144257e+01 9.751690555551144257e+01 9.751690555551144257e+01 9.751690555551144257e+01 9.751690555551144257e+01 9.751690555551144257e+01 9.751690555551144257e+01 9.751690555551144257e+01 9.751690555551144257e+01 9.751690555551144257e+01 9.751690555551144257e+01 9.751690555551144257e+01 9.751690555551144257e+01 9.751690555551144257e+01 9.751690555551144257e+01 9.751690555551144257e+01 9.751690555551144257e+01 9.751690555551144257e+01 9.751690555551144257e+01 9.751690555551144257e+01 9.751690555551144257e+01 9.751690555551144257e+01 9.751690555551144257e+01 9.751690555551144257e+01 9.751690555551144257e+01 9.751690555551144257e+01 9.751690555551144257e+01 9.751690555551144257e+01 9.751690555551144257e+01 9.751690555551144257e+01 9.751690555551144257e+01 9.751690555551144257e+01 9.751690555551144257e+01
9.751690555551144257e+01 9.751690555551144257e+01 9.751690555551144257e+01 9.751690555551144257e+01 9.751690555551144257e+01 9.751690555551144257e+01 9.751690555551144257e+01 9.751690555551144257e+01 9.751690555551144257e+01 9.751690555551144257e+01 9.751690555551144257e+01 9.751690555551144257e+01 9.751690555551144257e+01 9.751690555551144257e+01 9.751690555551144257e+01 9.751690555551144257e+01 9.751690555551144257e+01 9.751690555551144257e+01 9.751690555551144257e+01 9.751690555551144257e+01 9.751690555551144257e+01 9.751690555551144257e+01 9.751690555551144257e+01 9.751690555551144257e+01 9.751690555551144257e+01 9.751690555551144257e+01 9.751690555551144257e+01 9.751690555551144257e+01 9.751690555551144257e+01 9.751690555551144257e+01 9.751690555551144257e+01 9.751690555551144257e+01 9.751690555551144257e+01 9.751690555551144257e+01 9.751690555551144257e+01 9.751690555551144257e+01 9.751690555551144257e+01 9.751690555551144257e+01 9.751690555551144257e+01 9.751690555551144257e+01 9.751690555551144257e+01 9.751690555551144257e+01 9.751690555551144257e+01 9.751690555551144257e+01 9.751690555551144257e+01 9.751690555551144257e+01 9.751690555551144257e+01 9.751690555551144257e+01 9.751690555551144257e+01 9.751690555551144257e+01 9.751690555551144257e+01 9.751690555551144257e+01 9.751690555551144257e+01 9.751690555551144257e+01 9.751690555551144257e+01 9.751690555551144257e+01 9.751690555551144257e+01 9.751690555551144257e+01 9.751690555551144257e+01 9.751690555551144257e+01 9.751690555551144257e+01 9.751690555551144257e+01 9.751690555551144257e+01 9.751690555551144257e+01 9.751690555551144257e+01 9.751690555551144257e+01 9.751690555551144257e+01 9.751690555551144257e+01 9.751690555551144257e+01 9.751690555551144257e+01 9.751690555551144257e+01 9.751690555551144257e+01 9.751690555551144257e+01 9.751690555551144257e+01 9.751690555551144257e+01 9.751690555551144257e+01 9.751690555551144257e+01 9.751690555551144257e+01 9.751690555551144257e+01 9.751690555551144257e+01 9.751690555551144257e+01 9.751690555551144257e+01 9.751690555551144257e+01 9.751690555551144257e+01 9.751690555551144257e+01 9.751690555551144257e+01 9.751690555551144257e+01 9.751690555551144257e+01 9.751690555551144257e+01 9.751690555551144257e+01 9.751690555551144257e+01 9.751690555551144257e+01 9.751690555551144257e+01 9.751690555551144257e+01 9.751690555551144257e+01
9.751690555551144257e+01 9.751690555551144257e+01 9.751690555551144257e+01 9.751690555551144257e+01 9.751690555551144257e+01 9.751690555551144257e+01 9.751690555551144257e+01 9.751690555551144257e+01 9.751690555551144257e+01 9.751690555551144257e+01 9.751690555551144257e+01 9.751690555551144257e+01 9.751690555551144257e+01 9.751690555551144257e+01 9.751690555551144257e+01 9.751690555551144257e+01 9.751690555551144257e+01 9.751690555551144257e+01 9.751690555551144257e+01 9.751690555551144257e+01 9.751690555551144257e+01 9.751690555551144257e+01 9.751690555551144257e+01 9.751690555551144257e+01 9.751690555551144257e+01 9.751690555551144257e+01 9.751690555551144257e+01 9.751690555551144257e+01 9.751690555551144257e+01 9.751690555551144257e+01 9.751690555551144257e+01 9.751690555551144257e+01 9.751690555551144257e+01 9.751690555551144257e+01 9.751690555551144257e+01 9.751690555551144257e+01 9.751690555551144257e+01 9.751690555551144257e+01 9.751690555551144257e+01 9.751690555551144257e+01 9.751690555551144257e+01 9.751690555551144257e+01 9.751690555551144257e+01 9.751690555551144257e+01 9.751690555551144257e+01 9.751690555551144257e+01 9.751690555551144257e+01 9.751690555551144257e+01 9.751690555551144257e+01 9.751690555551144257e+01 9.751690555551144257e+01 9.751690555551144257e+01 9.751690555551144257e+01 9.751690555551144257e+01 9.751690555551144257e+01 9.751690555551144257e+01 9.751690555551144257e+01 9.751690555551144257e+01 9.751690555551144257e+01 9.751690555551144257e+01 9.751690555551144257e+01 9.751690555551144257e+01 9.751690555551144257e+01 9.751690555551144257e+01 9.751690555551144257e+01 9.751690555551144257e+01 9.751690555551144257e+01 9.751690555551144257e+01 9.751690555551144257e+01 9.751690555551144257e+01 9.751690555551144257e+01 9.751690555551144257e+01 9.751690555551144257e+01 9.751690555551144257e+01 9.751690555551144257e+01 9.751690555551144257e+01 9.751690555551144257e+01 9.751690555551144257e+01 9.751690555551144257e+01 9.751690555551144257e+01 9.751690555551144257e+01 9.751690555551144257e+01 9.751690555551144257e+01 9.751690555551144257e+01 9.751690555551144257e+01 9.751690555551144257e+01 9.751690555551144257e+01 9.751690555551144257e+01 9.751690555551144257e+01 9.751690555551144257e+01 9.751690555551144257e+01 9.751690555551144257e+01 9.751690555551144257e+01 9.751690555551144257e+01 9.751690555551144257e+01
9.751690555551144257e+01 9.751690555551144257e+01 9.751690555551144257e+01 9.751690555551144257e+01 9.751690555551144257e+01 9.751690555551144257e+01 9.751690555551144257e+01 9.751690555551144257e+01 9.751690555551144257e+01 9.751690555551144257e+01 9.751690555551144257e+01 9.751690555551144257e+01 9.751690555551144257e+01 9.751690555551144257e+01 9.751690555551144257e+01 9.751690555551144257e+01 9.751690555551144257e+01 9.751690555551144257e+01 9.751690555551144257e+01 9.751690555551144257e+01 9.751690555551144257e+01 9.751690555551144257e+01 9.751690555551144257e+01 9.751690555551144257e+01 9.751690555551144257e+01 9.751690555551144257e+01 9.751690555551144257e+01 9.751690555551144257e+01 9.751690555551144257e+01 9.751690555551144257e+01 9.751690555551144257e+01 9.751690555551144257e+01 9.751690555551144257e+01 9.751690555551144257e+01 9.751690555551144257e+01 9.751690555551144257e+01 9.751690555551144257e+01 9.751690555551144257e+01 9.751690555551144257e+01 9.751690555551144257e+01 9.751690555551144257e+01 9.751690555551144257e+01 9.751690555551144257e+01 9.751690555551144257e+01 9.751690555551144257e+01 9.751690555551144257e+01 9.751690555551144257e+01 9.751690555551144257e+01 9.751690555551144257e+01 9.751690555551144257e+01 9.751690555551144257e+01 9.751690555551144257e+01 9.751690555551144257e+01 9.751690555551144257e+01 9.751690555551144257e+01 9.751690555551144257e+01 9.751690555551144257e+01 9.751690555551144257e+01 9.751690555551144257e+01 9.751690555551144257e+01 9.751690555551144257e+01 9.751690555551144257e+01 9.751690555551144257e+01 9.751690555551144257e+01 9.751690555551144257e+01 9.751690555551144257e+01 9.751690555551144257e+01 9.751690555551144257e+01 9.751690555551144257e+01 9.751690555551144257e+01 9.751690555551144257e+01 9.751690555551144257e+01 9.751690555551144257e+01 9.751690555551144257e+01 9.751690555551144257e+01 9.751690555551144257e+01 9.751690555551144257e+01 9.751690555551144257e+01 9.751690555551144257e+01 9.751690555551144257e+01 9.751690555551144257e+01 9.751690555551144257e+01 9.751690555551144257e+01 9.751690555551144257e+01 9.751690555551144257e+01 9.751690555551144257e+01 9.751690555551144257e+01 9.751690555551144257e+01 9.751690555551144257e+01 9.751690555551144257e+01 9.751690555551144257e+01 9.751690555551144257e+01 9.751690555551144257e+01 9.751690555551144257e+01 9.751690555551144257e+01
9.751690555551144257e+01 9.751690555551144257e+01 9.751690555551144257e+01 9.751690555551144257e+01 9.751690555551144257e+01 9.751690555551144257e+01 9.751690555551144257e+01 9.751690555551144257e+01 9.751690555551144257e+01 9.751690555551144257e+01 9.751690555551144257e+01 9.751690555551144257e+01 9.751690555551144257e+01 9.751690555551144257e+01 9.751690555551144257e+01 9.751690555551144257e+01 9.751690555551144257e+01 9.751690555551144257e+01 9.751690555551144257e+01 9.751690555551144257e+01 9.751690555551144257e+01 9.751690555551144257e+01 9.751690555551144257e+01 9.751690555551144257e+01 9.751690555551144257e+01 9.751690555551144257e+01 9.751690555551144257e+01 9.751690555551144257e+01 9.751690555551144257e+01 9.751690555551144257e+01 9.751690555551144257e+01 9.751690555551144257e+01 9.751690555551144257e+01 9.751690555551144257e+01 9.751690555551144257e+01 9.751690555551144257e+01 9.751690555551144257e+01 9.751690555551144257e+01 9.751690555551144257e+01 9.751690555551144257e+01 9.751690555551144257e+01 9.751690555551144257e+01 9.751690555551144257e+01 9.751690555551144257e+01 9.751690555551144257e+01 9.751690555551144257e+01 9.751690555551144257e+01 9.751690555551144257e+01 9.751690555551144257e+01 9.751690555551144257e+01 9.751690555551144257e+01 9.751690555551144257e+01 9.751690555551144257e+01 9.751690555551144257e+01 9.751690555551144257e+01 9.751690555551144257e+01 9.751690555551144257e+01 9.751690555551144257e+01 9.751690555551144257e+01 9.751690555551144257e+01 9.751690555551144257e+01 9.751690555551144257e+01 9.751690555551144257e+01 9.751690555551144257e+01 9.751690555551144257e+01 9.751690555551144257e+01 9.751690555551144257e+01 9.751690555551144257e+01 9.751690555551144257e+01 9.751690555551144257e+01 9.751690555551144257e+01 9.751690555551144257e+01 9.751690555551144257e+01 9.751690555551144257e+01 9.751690555551144257e+01 9.751690555551144257e+01 9.751690555551144257e+01 9.751690555551144257e+01 9.751690555551144257e+01 9.751690555551144257e+01 9.751690555551144257e+01 9.751690555551144257e+01 9.751690555551144257e+01 9.751690555551144257e+01 9.751690555551144257e+01 9.751690555551144257e+01 9.751690555551144257e+01 9.751690555551144257e+01 9.751690555551144257e+01 9.751690555551144257e+01 9.751690555551144257e+01 9.751690555551144257e+01 9.751690555551144257e+01 9.751690555551144257e+01 9.751690555551144257e+01
9.751690555551144257e+01 9.751690555551144257e+01 9.751690555551144257e+01 9.751690555551144257e+01 9.751690555551144257e+01 9.751690555551144257e+01 9.751690555551144257e+01 9.751690555551144257e+01 9.751690555551144257e+01 9.751690555551144257e+01 9.751690555551144257e+01 9.751690555551144257e+01 9.751690555551144257e+01 9.751690555551144257e+01 9.751690555551144257e+01 9.751690555551144257e+01 9.751690555551144257e+01 9.751690555551144257e+01 9.751690555551144257e+01 9.751690555551144257e+01 9.751690555551144257e+01 9.751690555551144257e+01 9.751690555551144257e+01 9.751690555551144257e+01 9.751690555551144257e+01 9.751690555551144257e+01 9.751690555551144257e+01 9.751690555551144257e+01 9.751690555551144257e+01 9.751690555551144257e+01 9.751690555551144257e+01 9.751690555551144257e+01 9.751690555551144257e+01 9.751690555551144257e+01 9.751690555551144257e+01 9.751690555551144257e+01 9.751690555551144257e+01 9.751690555551144257e+01 9.751690555551144257e+01 9.751690555551144257e+01 9.751690555551144257e+01 9.751690555551144257e+01 9.751690555551144257e+01 9.751690555551144257e+01 9.751690555551144257e+01 9.751690555551144257e+01 9.751690555551144257e+01 9.751690555551144257e+01 9.751690555551144257e+01 9.751690555551144257e+01 9.751690555551144257e+01 9.751690555551144257e+01 9.751690555551144257e+01 9.751690555551144257e+01 9.751690555551144257e+01 9.751690555551144257e+01 9.751690555551144257e+01 9.751690555551144257e+01 9.751690555551144257e+01 9.751690555551144257e+01 9.751690555551144257e+01 9.751690555551144257e+01 9.751690555551144257e+01 9.751690555551144257e+01 9.751690555551144257e+01 9.751690555551144257e+01 9.751690555551144257e+01 9.751690555551144257e+01 9.751690555551144257e+01 9.751690555551144257e+01 9.751690555551144257e+01 9.751690555551144257e+01 9.751690555551144257e+01 9.751690555551144257e+01 9.751690555551144257e+01 9.751690555551144257e+01 9.751690555551144257e+01 9.751690555551144257e+01 9.751690555551144257e+01 9.751690555551144257e+01 9.751690555551144257e+01 9.751690555551144257e+01 9.751690555551144257e+01 9.751690555551144257e+01 9.751690555551144257e+01 9.751690555551144257e+01 9.751690555551144257e+01 9.751690555551144257e+01 9.751690555551144257e+01 9.751690555551144257e+01 9.751690555551144257e+01 9.751690555551144257e+01 9.751690555551144257e+01 9.751690555551144257e+01 9.751690555551144257e+01
9.751690555551144257e+01 9.751690555551144257e+01 9.751690555551144257e+01 9.751690555551144257e+01 9.751690555551144257e+01 9.751690555551144257e+01 9.751690555551144257e+01 9.751690555551144257e+01 9.751690555551144257e+01 9.751690555551144257e+01 9.751690555551144257e+01 9.751690555551144257e+01 9.751690555551144257e+01 9.751690555551144257e+01 9.751690555551144257e+01 9.751690555551144257e+01 9.751690555551144257e+01 9.751690555551144257e+01 9.751690555551144257e+01 9.751690555551144257e+01 9.751690555551144257e+01 9.751690555551144257e+01 9.751690555551144257e+01 9.751690555551144257e+01 9.751690555551144257e+01 9.751690555551144257e+01 9.751690555551144257e+01 9.751690555551144257e+01 9.751690555551144257e+01 9.751690555551144257e+01 9.751690555551144257e+01 9.751690555551144257e+01 9.751690555551144257e+01 9.751690555551144257e+01 9.751690555551144257e+01 9.751690555551144257e+01 9.751690555551144257e+01 9.751690555551144257e+01 9.751690555551144257e+01 9.751690555551144257e+01 9.751690555551144257e+01 9.751690555551144257e+01 9.751690555551144257e+01 9.751690555551144257e+01 9.751690555551144257e+01 9.751690555551144257e+01 9.751690555551144257e+01 9.751690555551144257e+01 9.751690555551144257e+01 9.751690555551144257e+01 9.751690555551144257e+01 9.751690555551144257e+01 9.751690555551144257e+01 9.751690555551144257e+01 9.751690555551144257e+01 9.751690555551144257e+01 9.751690555551144257e+01 9.751690555551144257e+01 9.751690555551144257e+01 9.751690555551144257e+01 9.751690555551144257e+01 9.751690555551144257e+01 9.751690555551144257e+01 9.751690555551144257e+01 9.751690555551144257e+01 9.751690555551144257e+01 9.751690555551144257e+01 9.751690555551144257e+01 9.751690555551144257e+01 9.751690555551144257e+01 9.751690555551144257e+01 9.751690555551144257e+01 9.751690555551144257e+01 9.751690555551144257e+01 9.751690555551144257e+01 9.751690555551144257e+01 9.751690555551144257e+01 9.751690555551144257e+01 9.751690555551144257e+01 9.751690555551144257e+01 9.751690555551144257e+01 9.751690555551144257e+01 9.751690555551144257e+01 9.751690555551144257e+01 9.751690555551144257e+01 9.751690555551144257e+01 9.751690555551144257e+01 9.751690555551144257e+01 9.751690555551144257e+01 9.751690555551144257e+01 9.751690555551144257e+01 9.751690555551144257e+01 9.751690555551144257e+01 9.751690555551144257e+01 9.751690555551144257e+01
9.751690555551144257e+01 9.751690555551144257e+01 9.751690555551144257e+01 9.751690555551144257e+01 9.751690555551144257e+01 9.751690555551144257e+01 9.751690555551144257e+01 9.751690555551144257e+01 9.751690555551144257e+01 9.751690555551144257e+01 9.751690555551144257e+01 9.751690555551144257e+01 9.751690555551144257e+01 9.751690555551144257e+01 9.751690555551144257e+01 9.751690555551144257e+01 9.751690555551144257e+01 9.751690555551144257e+01 9.751690555551144257e+01 9.751690555551144257e+01 9.751690555551144257e+01 9.751690555551144257e+01 9.751690555551144257e+01 9.751690555551144257e+01 9.751690555551144257e+01 9.751690555551144257e+01 9.751690555551144257e+01 9.751690555551144257e+01 9.751690555551144257e+01 9.751690555551144257e+01 9.751690555551144257e+01 9.751690555551144257e+01 9.751690555551144257e+01 9.751690555551144257e+01 9.751690555551144257e+01 9.751690555551144257e+01 9.751690555551144257e+01 9.751690555551144257e+01 9.751690555551144257e+01 9.751690555551144257e+01 9.751690555551144257e+01 9.751690555551144257e+01 9.751690555551144257e+01 9.751690555551144257e+01 9.751690555551144257e+01 9.751690555551144257e+01 9.751690555551144257e+01 9.751690555551144257e+01 9.751690555551144257e+01 9.751690555551144257e+01 9.751690555551144257e+01 9.751690555551144257e+01 9.751690555551144257e+01 9.751690555551144257e+01 9.751690555551144257e+01 9.751690555551144257e+01 9.751690555551144257e+01 9.751690555551144257e+01 9.751690555551144257e+01 9.751690555551144257e+01 9.751690555551144257e+01 9.751690555551144257e+01 9.751690555551144257e+01 9.751690555551144257e+01 9.751690555551144257e+01 9.751690555551144257e+01 9.751690555551144257e+01 9.751690555551144257e+01 9.751690555551144257e+01 9.751690555551144257e+01 9.751690555551144257e+01 9.751690555551144257e+01 9.751690555551144257e+01 9.751690555551144257e+01 9.751690555551144257e+01 9.751690555551144257e+01 9.751690555551144257e+01 9.751690555551144257e+01 9.751690555551144257e+01 9.751690555551144257e+01 9.751690555551144257e+01 9.751690555551144257e+01 9.751690555551144257e+01 9.751690555551144257e+01 9.751690555551144257e+01 9.751690555551144257e+01 9.751690555551144257e+01 9.751690555551144257e+01 9.751690555551144257e+01 9.751690555551144257e+01 9.751690555551144257e+01 9.751690555551144257e+01 9.751690555551144257e+01 9.751690555551144257e+01 9.751690555551144257e+01
9.751690555551144257e+01 9.751690555551144257e+01 9.751690555551144257e+01 9.751690555551144257e+01 9.751690555551144257e+01 9.751690555551144257e+01 9.751690555551144257e+01 9.751690555551144257e+01 9.751690555551144257e+01 9.751690555551144257e+01 9.751690555551144257e+01 9.751690555551144257e+01 9.751690555551144257e+01 9.751690555551144257e+01 9.751690555551144257e+01 9.751690555551144257e+01 9.751690555551144257e+01 9.751690555551144257e+01 9.751690555551144257e+01 9.751690555551144257e+01 9.751690555551144257e+01 9.751690555551144257e+01 9.751690555551144257e+01 9.751690555551144257e+01 9.751690555551144257e+01 9.751690555551144257e+01 9.751690555551144257e+01 9.751690555551144257e+01 9.751690555551144257e+01 9.751690555551144257e+01 9.751690555551144257e+01 9.751690555551144257e+01 9.751690555551144257e+01 9.751690555551144257e+01 9.751690555551144257e+01 9.751690555551144257e+01 9.751690555551144257e+01 9.751690555551144257e+01 9.751690555551144257e+01 9.751690555551144257e+01 9.751690555551144257e+01 9.751690555551144257e+01 9.751690555551144257e+01 9.751690555551144257e+01 9.751690555551144257e+01 9.751690555551144257e+01 9.751690555551144257e+01 9.751690555551144257e+01 9.751690555551144257e+01 9.751690555551144257e+01 9.751690555551144257e+01 9.751690555551144257e+01 9.751690555551144257e+01 9.751690555551144257e+01 9.751690555551144257e+01 9.751690555551144257e+01 9.751690555551144257e+01 9.751690555551144257e+01 9.751690555551144257e+01 9.751690555551144257e+01 9.751690555551144257e+01 9.751690555551144257e+01 9.751690555551144257e+01 9.751690555551144257e+01 9.751690555551144257e+01 9.751690555551144257e+01 9.751690555551144257e+01 9.751690555551144257e+01 9.751690555551144257e+01 9.751690555551144257e+01 9.751690555551144257e+01 9.751690555551144257e+01 9.751690555551144257e+01 9.751690555551144257e+01 9.751690555551144257e+01 9.751690555551144257e+01 9.751690555551144257e+01 9.751690555551144257e+01 9.751690555551144257e+01 9.751690555551144257e+01 9.751690555551144257e+01 9.751690555551144257e+01 9.751690555551144257e+01 9.751690555551144257e+01 9.751690555551144257e+01 9.751690555551144257e+01 9.751690555551144257e+01 9.751690555551144257e+01 9.751690555551144257e+01 9.751690555551144257e+01 9.751690555551144257e+01 9.751690555551144257e+01 9.751690555551144257e+01 9.751690555551144257e+01 9.751690555551144257e+01
9.751690555551144257e+01 9.751690555551144257e+01 9.751690555551144257e+01 9.751690555551144257e+01 9.751690555551144257e+01 9.751690555551144257e+01 9.751690555551144257e+01 9.751690555551144257e+01 9.751690555551144257e+01 9.751690555551144257e+01 9.751690555551144257e+01 9.751690555551144257e+01 9.751690555551144257e+01 9.751690555551144257e+01 9.751690555551144257e+01 9.751690555551144257e+01 9.751690555551144257e+01 9.751690555551144257e+01 9.751690555551144257e+01 9.751690555551144257e+01 9.751690555551144257e+01 9.751690555551144257e+01 9.751690555551144257e+01 9.751690555551144257e+01 9.751690555551144257e+01 9.751690555551144257e+01 9.751690555551144257e+01 9.751690555551144257e+01 9.751690555551144257e+01 9.751690555551144257e+01 9.751690555551144257e+01 9.751690555551144257e+01 9.751690555551144257e+01 9.751690555551144257e+01 9.751690555551144257e+01 9.751690555551144257e+01 9.751690555551144257e+01 9.751690555551144257e+01 9.751690555551144257e+01 9.751690555551144257e+01 9.751690555551144257e+01 9.751690555551144257e+01 9.751690555551144257e+01 9.751690555551144257e+01 9.751690555551144257e+01 9.751690555551144257e+01 9.751690555551144257e+01 9.751690555551144257e+01 9.751690555551144257e+01 9.751690555551144257e+01 9.751690555551144257e+01 9.751690555551144257e+01 9.751690555551144257e+01 9.751690555551144257e+01 9.751690555551144257e+01 9.751690555551144257e+01 9.751690555551144257e+01 9.751690555551144257e+01 9.751690555551144257e+01 9.751690555551144257e+01 9.751690555551144257e+01 9.751690555551144257e+01 9.751690555551144257e+01 9.751690555551144257e+01 9.751690555551144257e+01 9.751690555551144257e+01 9.751690555551144257e+01 9.751690555551144257e+01 9.751690555551144257e+01 9.751690555551144257e+01 9.751690555551144257e+01 9.751690555551144257e+01 9.751690555551144257e+01 9.751690555551144257e+01 9.751690555551144257e+01 9.751690555551144257e+01 9.751690555551144257e+01 9.751690555551144257e+01 9.751690555551144257e+01 9.751690555551144257e+01 9.751690555551144257e+01 9.751690555551144257e+01 9.751690555551144257e+01 9.751690555551144257e+01 9.751690555551144257e+01 9.751690555551144257e+01 9.751690555551144257e+01 9.751690555551144257e+01 9.751690555551144257e+01 9.751690555551144257e+01 9.751690555551144257e+01 9.751690555551144257e+01 9.751690555551144257e+01 9.751690555551144257e+01 9.751690555551144257e+01
9.751690555551144257e+01 9.751690555551144257e+01 9.751690555551144257e+01 9.751690555551144257e+01 9.751690555551144257e+01 9.751690555551144257e+01 9.751690555551144257e+01 9.751690555551144257e+01 9.751690555551144257e+01 9.751690555551144257e+01 9.751690555551144257e+01 9.751690555551144257e+01 9.751690555551144257e+01 9.751690555551144257e+01 9.751690555551144257e+01 9.751690555551144257e+01 9.751690555551144257e+01 9.751690555551144257e+01 9.751690555551144257e+01 9.751690555551144257e+01 9.751690555551144257e+01 9.751690555551144257e+01 9.751690555551144257e+01 9.751690555551144257e+01 9.751690555551144257e+01 9.751690555551144257e+01 9.751690555551144257e+01 9.751690555551144257e+01 9.751690555551144257e+01 9.751690555551144257e+01 9.751690555551144257e+01 9.751690555551144257e+01 9.751690555551144257e+01 9.751690555551144257e+01 9.751690555551144257e+01 9.751690555551144257e+01 9.751690555551144257e+01 9.751690555551144257e+01 9.751690555551144257e+01 9.751690555551144257e+01 9.751690555551144257e+01 9.751690555551144257e+01 9.751690555551144257e+01 9.751690555551144257e+01 9.751690555551144257e+01 9.751690555551144257e+01 9.751690555551144257e+01 9.751690555551144257e+01 9.751690555551144257e+01 9.751690555551144257e+01 9.751690555551144257e+01 9.751690555551144257e+01 9.751690555551144257e+01 9.751690555551144257e+01 9.751690555551144257e+01 9.751690555551144257e+01 9.751690555551144257e+01 9.751690555551144257e+01 9.751690555551144257e+01 9.751690555551144257e+01 9.751690555551144257e+01 9.751690555551144257e+01 9.751690555551144257e+01 9.751690555551144257e+01 9.751690555551144257e+01 9.751690555551144257e+01 9.751690555551144257e+01 9.751690555551144257e+01 9.751690555551144257e+01 9.751690555551144257e+01 9.751690555551144257e+01 9.751690555551144257e+01 9.751690555551144257e+01 9.751690555551144257e+01 9.751690555551144257e+01 9.751690555551144257e+01 9.751690555551144257e+01 9.751690555551144257e+01 9.751690555551144257e+01 9.751690555551144257e+01 9.751690555551144257e+01 9.751690555551144257e+01 9.751690555551144257e+01 9.751690555551144257e+01 9.751690555551144257e+01 9.751690555551144257e+01 9.751690555551144257e+01 9.751690555551144257e+01 9.751690555551144257e+01 9.751690555551144257e+01 9.751690555551144257e+01 9.751690555551144257e+01 9.751690555551144257e+01 9.751690555551144257e+01 9.751690555551144257e+01
9.751690555551144257e+01 9.751690555551144257e+01 9.751690555551144257e+01 9.751690555551144257e+01 9.751690555551144257e+01 9.751690555551144257e+01 9.751690555551144257e+01 9.751690555551144257e+01 9.751690555551144257e+01 9.751690555551144257e+01 9.751690555551144257e+01 9.751690555551144257e+01 9.751690555551144257e+01 9.751690555551144257e+01 9.751690555551144257e+01 9.751690555551144257e+01 9.751690555551144257e+01 9.751690555551144257e+01 9.751690555551144257e+01 9.751690555551144257e+01 9.751690555551144257e+01 9.751690555551144257e+01 9.751690555551144257e+01 9.751690555551144257e+01 9.751690555551144257e+01 9.751690555551144257e+01 9.751690555551144257e+01 9.751690555551144257e+01 9.751690555551144257e+01 9.751690555551144257e+01 9.751690555551144257e+01 9.751690555551144257e+01 9.751690555551144257e+01 9.751690555551144257e+01 9.751690555551144257e+01 9.751690555551144257e+01 9.751690555551144257e+01 9.751690555551144257e+01 9.751690555551144257e+01 9.751690555551144257e+01 9.751690555551144257e+01 9.751690555551144257e+01 9.751690555551144257e+01 9.751690555551144257e+01 9.751690555551144257e+01 9.751690555551144257e+01 9.751690555551144257e+01 9.751690555551144257e+01 9.751690555551144257e+01 9.751690555551144257e+01 9.751690555551144257e+01 9.751690555551144257e+01 9.751690555551144257e+01 9.751690555551144257e+01 9.751690555551144257e+01 9.751690555551144257e+01 9.751690555551144257e+01 9.751690555551144257e+01 9.751690555551144257e+01 9.751690555551144257e+01 9.751690555551144257e+01 9.751690555551144257e+01 9.751690555551144257e+01 9.751690555551144257e+01 9.751690555551144257e+01 9.751690555551144257e+01 9.751690555551144257e+01 9.751690555551144257e+01 9.751690555551144257e+01 9.751690555551144257e+01 9.751690555551144257e+01 9.751690555551144257e+01 9.751690555551144257e+01 9.751690555551144257e+01 9.751690555551144257e+01 9.751690555551144257e+01 9.751690555551144257e+01 9.751690555551144257e+01 9.751690555551144257e+01 9.751690555551144257e+01 9.751690555551144257e+01 9.751690555551144257e+01 9.751690555551144257e+01 9.751690555551144257e+01 9.751690555551144257e+01 9.751690555551144257e+01 9.751690555551144257e+01 9.751690555551144257e+01 9.751690555551144257e+01 9.751690555551144257e+01 9.751690555551144257e+01 9.751690555551144257e+01 9.751690555551144257e+01 9.751690555551144257e+01 9.751690555551144257e+01
9.751690555551144257e+01 9.751690555551144257e+01 9.751690555551144257e+01 9.751690555551144257e+01 9.751690555551144257e+01 9.751690555551144257e+01 9.751690555551144257e+01 9.751690555551144257e+01 9.751690555551144257e+01 9.751690555551144257e+01 9.751690555551144257e+01 9.751690555551144257e+01 9.751690555551144257e+01 9.751690555551144257e+01 9.751690555551144257e+01 9.751690555551144257e+01 9.751690555551144257e+01 9.751690555551144257e+01 9.751690555551144257e+01 9.751690555551144257e+01 9.751690555551144257e+01 9.751690555551144257e+01 9.751690555551144257e+01 9.751690555551144257e+01 9.751690555551144257e+01 9.751690555551144257e+01 9.751690555551144257e+01 9.751690555551144257e+01 9.751690555551144257e+01 9.751690555551144257e+01 9.751690555551144257e+01 9.751690555551144257e+01 9.751690555551144257e+01 9.751690555551144257e+01 9.751690555551144257e+01 9.751690555551144257e+01 9.751690555551144257e+01 9.751690555551144257e+01 9.751690555551144257e+01 9.751690555551144257e+01 9.751690555551144257e+01 9.751690555551144257e+01 9.751690555551144257e+01 9.751690555551144257e+01 9.751690555551144257e+01 9.751690555551144257e+01 9.751690555551144257e+01 9.751690555551144257e+01 9.751690555551144257e+01 9.751690555551144257e+01 9.751690555551144257e+01 9.751690555551144257e+01 9.751690555551144257e+01 9.751690555551144257e+01 9.751690555551144257e+01 9.751690555551144257e+01 9.751690555551144257e+01 9.751690555551144257e+01 9.751690555551144257e+01 9.751690555551144257e+01 9.751690555551144257e+01 9.751690555551144257e+01 9.751690555551144257e+01 9.751690555551144257e+01 9.751690555551144257e+01 9.751690555551144257e+01 9.751690555551144257e+01 9.751690555551144257e+01 9.751690555551144257e+01 9.751690555551144257e+01 9.751690555551144257e+01 9.751690555551144257e+01 9.751690555551144257e+01 9.751690555551144257e+01 9.751690555551144257e+01 9.751690555551144257e+01 9.751690555551144257e+01 9.751690555551144257e+01 9.751690555551144257e+01 9.751690555551144257e+01 9.751690555551144257e+01 9.751690555551144257e+01 9.751690555551144257e+01 9.751690555551144257e+01 9.751690555551144257e+01 9.751690555551144257e+01 9.751690555551144257e+01 9.751690555551144257e+01 9.751690555551144257e+01 9.751690555551144257e+01 9.751690555551144257e+01 9.751690555551144257e+01 9.751690555551144257e+01 9.751690555551144257e+01 9.751690555551144257e+01
9.751690555551144257e+01 9.751690555551144257e+01 9.751690555551144257e+01 9.751690555551144257e+01 9.751690555551144257e+01 9.751690555551144257e+01 9.751690555551144257e+01 9.751690555551144257e+01 9.751690555551144257e+01 9.751690555551144257e+01 9.751690555551144257e+01 9.751690555551144257e+01 9.751690555551144257e+01 9.751690555551144257e+01 9.751690555551144257e+01 9.751690555551144257e+01 9.751690555551144257e+01 9.751690555551144257e+01 9.751690555551144257e+01 9.751690555551144257e+01 9.751690555551144257e+01 9.751690555551144257e+01 9.751690555551144257e+01 9.751690555551144257e+01 9.751690555551144257e+01 9.751690555551144257e+01 9.751690555551144257e+01 9.751690555551144257e+01 9.751690555551144257e+01 9.751690555551144257e+01 9.751690555551144257e+01 9.751690555551144257e+01 9.751690555551144257e+01 9.751690555551144257e+01 9.751690555551144257e+01 9.751690555551144257e+01 9.751690555551144257e+01 9.751690555551144257e+01 9.751690555551144257e+01 9.751690555551144257e+01 9.751690555551144257e+01 9.751690555551144257e+01 9.751690555551144257e+01 9.751690555551144257e+01 9.751690555551144257e+01 9.751690555551144257e+01 9.751690555551144257e+01 9.751690555551144257e+01 9.751690555551144257e+01 9.751690555551144257e+01 9.751690555551144257e+01 9.751690555551144257e+01 9.751690555551144257e+01 9.751690555551144257e+01 9.751690555551144257e+01 9.751690555551144257e+01 9.751690555551144257e+01 9.751690555551144257e+01 9.751690555551144257e+01 9.751690555551144257e+01 9.751690555551144257e+01 9.751690555551144257e+01 9.751690555551144257e+01 9.751690555551144257e+01 9.751690555551144257e+01 9.751690555551144257e+01 9.751690555551144257e+01 9.751690555551144257e+01 9.751690555551144257e+01 9.751690555551144257e+01 9.751690555551144257e+01 9.751690555551144257e+01 9.751690555551144257e+01 9.751690555551144257e+01 9.751690555551144257e+01 9.751690555551144257e+01 9.751690555551144257e+01 9.751690555551144257e+01 9.751690555551144257e+01 9.751690555551144257e+01 9.751690555551144257e+01 9.751690555551144257e+01 9.751690555551144257e+01 9.751690555551144257e+01 9.751690555551144257e+01 9.751690555551144257e+01 9.751690555551144257e+01 9.751690555551144257e+01 9.751690555551144257e+01 9.751690555551144257e+01 9.751690555551144257e+01 9.751690555551144257e+01 9.751690555551144257e+01 9.751690555551144257e+01 9.751690555551144257e+01
9.751690555551144257e+01 9.751690555551144257e+01 9.751690555551144257e+01 9.751690555551144257e+01 9.751690555551144257e+01 9.751690555551144257e+01 9.751690555551144257e+01 9.751690555551144257e+01 9.751690555551144257e+01 9.751690555551144257e+01 9.751690555551144257e+01 9.751690555551144257e+01 9.751690555551144257e+01 9.751690555551144257e+01 9.751690555551144257e+01 9.751690555551144257e+01 9.751690555551144257e+01 9.751690555551144257e+01 9.751690555551144257e+01 9.751690555551144257e+01 9.751690555551144257e+01 9.751690555551144257e+01 9.751690555551144257e+01 9.751690555551144257e+01 9.751690555551144257e+01 9.751690555551144257e+01 9.751690555551144257e+01 9.751690555551144257e+01 9.751690555551144257e+01 9.751690555551144257e+01 9.751690555551144257e+01 9.751690555551144257e+01 9.751690555551144257e+01 9.751690555551144257e+01 9.751690555551144257e+01 9.751690555551144257e+01 9.751690555551144257e+01 9.751690555551144257e+01 9.751690555551144257e+01 9.751690555551144257e+01 9.751690555551144257e+01 9.751690555551144257e+01 9.751690555551144257e+01 9.751690555551144257e+01 9.751690555551144257e+01 9.751690555551144257e+01 9.751690555551144257e+01 9.751690555551144257e+01 9.751690555551144257e+01 9.751690555551144257e+01 9.751690555551144257e+01 9.751690555551144257e+01 9.751690555551144257e+01 9.751690555551144257e+01 9.751690555551144257e+01 9.751690555551144257e+01 9.751690555551144257e+01 9.751690555551144257e+01 9.751690555551144257e+01 9.751690555551144257e+01 9.751690555551144257e+01 9.751690555551144257e+01 9.751690555551144257e+01 9.751690555551144257e+01 9.751690555551144257e+01 9.751690555551144257e+01 9.751690555551144257e+01 9.751690555551144257e+01 9.751690555551144257e+01 9.751690555551144257e+01 9.751690555551144257e+01 9.751690555551144257e+01 9.751690555551144257e+01 9.751690555551144257e+01 9.751690555551144257e+01 9.751690555551144257e+01 9.751690555551144257e+01 9.751690555551144257e+01 9.751690555551144257e+01 9.751690555551144257e+01 9.751690555551144257e+01 9.751690555551144257e+01 9.751690555551144257e+01 9.751690555551144257e+01 9.751690555551144257e+01 9.751690555551144257e+01 9.751690555551144257e+01 9.751690555551144257e+01 9.751690555551144257e+01 9.751690555551144257e+01 9.751690555551144257e+01 9.751690555551144257e+01 9.751690555551144257e+01 9.751690555551144257e+01 9.751690555551144257e+01
9.751690555551144257e+01 9.751690555551144257e+01 9.751690555551144257e+01 9.751690555551144257e+01 9.751690555551144257e+01 9.751690555551144257e+01 9.751690555551144257e+01 9.751690555551144257e+01 9.751690555551144257e+01 9.751690555551144257e+01 9.751690555551144257e+01 9.751690555551144257e+01 9.751690555551144257e+01 9.751690555551144257e+01 9.751690555551144257e+01 9.751690555551144257e+01 9.751690555551144257e+01 9.751690555551144257e+01 9.751690555551144257e+01 9.751690555551144257e+01 9.751690555551144257e+01 9.751690555551144257e+01 9.751690555551144257e+01 9.751690555551144257e+01 9.751690555551144257e+01 9.751690555551144257e+01 9.751690555551144257e+01 9.751690555551144257e+01 9.751690555551144257e+01 9.751690555551144257e+01 9.751690555551144257e+01 9.751690555551144257e+01 9.751690555551144257e+01 9.751690555551144257e+01 9.751690555551144257e+01 9.751690555551144257e+01 9.751690555551144257e+01 9.751690555551144257e+01 9.751690555551144257e+01 9.751690555551144257e+01 9.751690555551144257e+01 9.751690555551144257e+01 9.751690555551144257e+01 9.751690555551144257e+01 9.751690555551144257e+01 9.751690555551144257e+01 9.751690555551144257e+01 9.751690555551144257e+01 9.751690555551144257e+01 9.751690555551144257e+01 9.751690555551144257e+01 9.751690555551144257e+01 9.751690555551144257e+01 9.751690555551144257e+01 9.751690555551144257e+01 9.751690555551144257e+01 9.751690555551144257e+01 9.751690555551144257e+01 9.751690555551144257e+01 9.751690555551144257e+01 9.751690555551144257e+01 9.751690555551144257e+01 9.751690555551144257e+01 9.751690555551144257e+01 9.751690555551144257e+01 9.751690555551144257e+01 9.751690555551144257e+01 9.751690555551144257e+01 9.751690555551144257e+01 9.751690555551144257e+01 9.751690555551144257e+01 9.751690555551144257e+01 9.751690555551144257e+01 9.751690555551144257e+01 9.751690555551144257e+01 9.751690555551144257e+01 9.751690555551144257e+01 9.751690555551144257e+01 9.751690555551144257e+01 9.751690555551144257e+01 9.751690555551144257e+01 9.751690555551144257e+01 9.751690555551144257e+01 9.751690555551144257e+01 9.751690555551144257e+01 9.751690555551144257e+01 9.751690555551144257e+01 9.751690555551144257e+01 9.751690555551144257e+01 9.751690555551144257e+01 9.751690555551144257e+01 9.751690555551144257e+01 9.751690555551144257e+01 9.751690555551144257e+01 9.751690555551144257e+01
9.751690555551144257e+01 9.751690555551144257e+01 9.751690555551144257e+01 9.751690555551144257e+01 9.751690555551144257e+01 9.751690555551144257e+01 9.751690555551144257e+01 9.751690555551144257e+01 9.751690555551144257e+01 9.751690555551144257e+01 9.751690555551144257e+01 9.751690555551144257e+01 9.751690555551144257e+01 9.751690555551144257e+01 9.751690555551144257e+01 9.751690555551144257e+01 9.751690555551144257e+01 9.751690555551144257e+01 9.751690555551144257e+01 9.751690555551144257e+01 9.751690555551144257e+01 9.751690555551144257e+01 9.751690555551144257e+01 9.751690555551144257e+01 9.751690555551144257e+01 9.751690555551144257e+01 9.751690555551144257e+01 9.751690555551144257e+01 9.751690555551144257e+01 9.751690555551144257e+01 9.751690555551144257e+01 9.751690555551144257e+01 9.751690555551144257e+01 9.751690555551144257e+01 9.751690555551144257e+01 9.751690555551144257e+01 9.751690555551144257e+01 9.751690555551144257e+01 9.751690555551144257e+01 9.751690555551144257e+01 9.751690555551144257e+01 9.751690555551144257e+01 9.751690555551144257e+01 9.751690555551144257e+01 9.751690555551144257e+01 9.751690555551144257e+01 9.751690555551144257e+01 9.751690555551144257e+01 9.751690555551144257e+01 9.751690555551144257e+01 9.751690555551144257e+01 9.751690555551144257e+01 9.751690555551144257e+01 9.751690555551144257e+01 9.751690555551144257e+01 9.751690555551144257e+01 9.751690555551144257e+01 9.751690555551144257e+01 9.751690555551144257e+01 9.751690555551144257e+01 9.751690555551144257e+01 9.751690555551144257e+01 9.751690555551144257e+01 9.751690555551144257e+01 9.751690555551144257e+01 9.751690555551144257e+01 9.751690555551144257e+01 9.751690555551144257e+01 9.751690555551144257e+01 9.751690555551144257e+01 9.751690555551144257e+01 9.751690555551144257e+01 9.751690555551144257e+01 9.751690555551144257e+01 9.751690555551144257e+01 9.751690555551144257e+01 9.751690555551144257e+01 9.751690555551144257e+01 9.751690555551144257e+01 9.751690555551144257e+01 9.751690555551144257e+01 9.751690555551144257e+01 9.751690555551144257e+01 9.751690555551144257e+01 9.751690555551144257e+01 9.751690555551144257e+01 9.751690555551144257e+01 9.751690555551144257e+01 9.751690555551144257e+01 9.751690555551144257e+01 9.751690555551144257e+01 9.751690555551144257e+01 9.751690555551144257e+01 9.751690555551144257e+01 9.751690555551144257e+01
9.751690555551144257e+01 9.751690555551144257e+01 9.751690555551144257e+01 9.751690555551144257e+01 9.751690555551144257e+01 9.751690555551144257e+01 9.751690555551144257e+01 9.751690555551144257e+01 9.751690555551144257e+01 9.751690555551144257e+01 9.751690555551144257e+01 9.751690555551144257e+01 9.751690555551144257e+01 9.751690555551144257e+01 9.751690555551144257e+01 9.751690555551144257e+01 9.751690555551144257e+01 9.751690555551144257e+01 9.751690555551144257e+01 9.751690555551144257e+01 9.751690555551144257e+01 9.751690555551144257e+01 9.751690555551144257e+01 9.751690555551144257e+01 9.751690555551144257e+01 9.751690555551144257e+01 9.751690555551144257e+01 9.751690555551144257e+01 9.751690555551144257e+01 9.751690555551144257e+01 9.751690555551144257e+01 9.751690555551144257e+01 9.751690555551144257e+01 9.751690555551144257e+01 9.751690555551144257e+01 9.751690555551144257e+01 9.751690555551144257e+01 9.751690555551144257e+01 9.751690555551144257e+01 9.751690555551144257e+01 9.751690555551144257e+01 9.751690555551144257e+01 9.751690555551144257e+01 9.751690555551144257e+01 9.751690555551144257e+01 9.751690555551144257e+01 9.751690555551144257e+01 9.751690555551144257e+01 9.751690555551144257e+01 9.751690555551144257e+01 9.751690555551144257e+01 9.751690555551144257e+01 9.751690555551144257e+01 9.751690555551144257e+01 9.751690555551144257e+01 9.751690555551144257e+01 9.751690555551144257e+01 9.751690555551144257e+01 9.751690555551144257e+01 9.751690555551144257e+01 9.751690555551144257e+01 9.751690555551144257e+01 9.751690555551144257e+01 9.751690555551144257e+01 9.751690555551144257e+01 9.751690555551144257e+01 9.751690555551144257e+01 9.751690555551144257e+01 9.751690555551144257e+01 9.751690555551144257e+01 9.751690555551144257e+01 9.751690555551144257e+01 9.751690555551144257e+01 9.751690555551144257e+01 9.751690555551144257e+01 9.751690555551144257e+01 9.751690555551144257e+01 9.751690555551144257e+01 9.751690555551144257e+01 9.751690555551144257e+01 9.751690555551144257e+01 9.751690555551144257e+01 9.751690555551144257e+01 9.751690555551144257e+01 9.751690555551144257e+01 9.751690555551144257e+01 9.751690555551144257e+01 9.751690555551144257e+01 9.751690555551144257e+01 9.751690555551144257e+01 9.751690555551144257e+01 9.751690555551144257e+01 9.751690555551144257e+01 9.751690555551144257e+01 9.751690555551144257e+01
9.751690555551144257e+01 9.751690555551144257e+01 9.751690555551144257e+01 9.751690555551144257e+01 9.751690555551144257e+01 9.751690555551144257e+01 9.751690555551144257e+01 9.751690555551144257e+01 9.751690555551144257e+01 9.751690555551144257e+01 9.751690555551144257e+01 9.751690555551144257e+01 9.751690555551144257e+01 9.751690555551144257e+01 9.751690555551144257e+01 9.751690555551144257e+01 9.751690555551144257e+01 9.751690555551144257e+01 9.751690555551144257e+01 9.751690555551144257e+01 9.751690555551144257e+01 9.751690555551144257e+01 9.751690555551144257e+01 9.751690555551144257e+01 9.751690555551144257e+01 9.751690555551144257e+01 9.751690555551144257e+01 9.751690555551144257e+01 9.751690555551144257e+01 9.751690555551144257e+01 9.751690555551144257e+01 9.751690555551144257e+01 9.751690555551144257e+01 9.751690555551144257e+01 9.751690555551144257e+01 9.751690555551144257e+01 9.751690555551144257e+01 9.751690555551144257e+01 9.751690555551144257e+01 9.751690555551144257e+01 9.751690555551144257e+01 9.751690555551144257e+01 9.751690555551144257e+01 9.751690555551144257e+01 9.751690555551144257e+01 9.751690555551144257e+01 9.751690555551144257e+01 9.751690555551144257e+01 9.751690555551144257e+01 9.751690555551144257e+01 9.751690555551144257e+01 9.751690555551144257e+01 9.751690555551144257e+01 9.751690555551144257e+01 9.751690555551144257e+01 9.751690555551144257e+01 9.751690555551144257e+01 9.751690555551144257e+01 9.751690555551144257e+01 9.751690555551144257e+01 9.751690555551144257e+01 9.751690555551144257e+01 9.751690555551144257e+01 9.751690555551144257e+01 9.751690555551144257e+01 9.751690555551144257e+01 9.751690555551144257e+01 9.751690555551144257e+01 9.751690555551144257e+01 9.751690555551144257e+01 9.751690555551144257e+01 9.751690555551144257e+01 9.751690555551144257e+01 9.751690555551144257e+01 9.751690555551144257e+01 9.751690555551144257e+01 9.751690555551144257e+01 9.751690555551144257e+01 9.751690555551144257e+01 9.751690555551144257e+01 9.751690555551144257e+01 9.751690555551144257e+01 9.751690555551144257e+01 9.751690555551144257e+01 9.751690555551144257e+01 9.751690555551144257e+01 9.751690555551144257e+01 9.751690555551144257e+01 9.751690555551144257e+01 9.751690555551144257e+01 9.751690555551144257e+01 9.751690555551144257e+01 9.751690555551144257e+01 9.751690555551144257e+01 9.751690555551144257e+01
9.751690555551144257e+01 9.751690555551144257e+01 9.751690555551144257e+01 9.751690555551144257e+01 9.751690555551144257e+01 9.751690555551144257e+01 9.751690555551144257e+01 9.751690555551144257e+01 9.751690555551144257e+01 9.751690555551144257e+01 9.751690555551144257e+01 9.751690555551144257e+01 9.751690555551144257e+01 9.751690555551144257e+01 9.751690555551144257e+01 9.751690555551144257e+01 9.751690555551144257e+01 9.751690555551144257e+01 9.751690555551144257e+01 9.751690555551144257e+01 9.751690555551144257e+01 9.751690555551144257e+01 9.751690555551144257e+01 9.751690555551144257e+01 9.751690555551144257e+01 9.751690555551144257e+01 9.751690555551144257e+01 9.751690555551144257e+01 9.751690555551144257e+01 9.751690555551144257e+01 9.751690555551144257e+01 9.751690555551144257e+01 9.751690555551144257e+01 9.751690555551144257e+01 9.751690555551144257e+01 9.751690555551144257e+01 9.751690555551144257e+01 9.751690555551144257e+01 9.751690555551144257e+01 9.751690555551144257e+01 9.751690555551144257e+01 9.751690555551144257e+01 9.751690555551144257e+01 9.751690555551144257e+01 9.751690555551144257e+01 9.751690555551144257e+01 9.751690555551144257e+01 9.751690555551144257e+01 9.751690555551144257e+01 9.751690555551144257e+01 9.751690555551144257e+01 9.751690555551144257e+01 9.751690555551144257e+01 9.751690555551144257e+01 9.751690555551144257e+01 9.751690555551144257e+01 9.751690555551144257e+01 9.751690555551144257e+01 9.751690555551144257e+01 9.751690555551144257e+01 9.751690555551144257e+01 9.751690555551144257e+01 9.751690555551144257e+01 9.751690555551144257e+01 9.751690555551144257e+01 9.751690555551144257e+01 9.751690555551144257e+01 9.751690555551144257e+01 9.751690555551144257e+01 9.751690555551144257e+01 9.751690555551144257e+01 9.751690555551144257e+01 9.751690555551144257e+01 9.751690555551144257e+01 9.751690555551144257e+01 9.751690555551144257e+01 9.751690555551144257e+01 9.751690555551144257e+01 9.751690555551144257e+01 9.751690555551144257e+01 9.751690555551144257e+01 9.751690555551144257e+01 9.751690555551144257e+01 9.751690555551144257e+01 9.751690555551144257e+01 9.751690555551144257e+01 9.751690555551144257e+01 9.751690555551144257e+01 9.751690555551144257e+01 9.751690555551144257e+01 9.751690555551144257e+01 9.751690555551144257e+01 9.751690555551144257e+01 9.751690555551144257e+01 9.751690555551144257e+01
9.751690555551144257e+01 9.751690555551144257e+01 9.751690555551144257e+01 9.751690555551144257e+01 9.751690555551144257e+01 9.751690555551144257e+01 9.751690555551144257e+01 9.751690555551144257e+01 9.751690555551144257e+01 9.751690555551144257e+01 9.751690555551144257e+01 9.751690555551144257e+01 9.751690555551144257e+01 9.751690555551144257e+01 9.751690555551144257e+01 9.751690555551144257e+01 9.751690555551144257e+01 9.751690555551144257e+01 9.751690555551144257e+01 9.751690555551144257e+01 9.751690555551144257e+01 9.751690555551144257e+01 9.751690555551144257e+01 9.751690555551144257e+01 9.751690555551144257e+01 9.751690555551144257e+01 9.751690555551144257e+01 9.751690555551144257e+01 9.751690555551144257e+01 9.751690555551144257e+01 9.751690555551144257e+01 9.751690555551144257e+01 9.751690555551144257e+01 9.751690555551144257e+01 9.751690555551144257e+01 9.751690555551144257e+01 9.751690555551144257e+01 9.751690555551144257e+01 9.751690555551144257e+01 9.751690555551144257e+01 9.751690555551144257e+01 9.751690555551144257e+01 9.751690555551144257e+01 9.751690555551144257e+01 9.751690555551144257e+01 9.751690555551144257e+01 9.751690555551144257e+01 9.751690555551144257e+01 9.751690555551144257e+01 9.751690555551144257e+01 9.751690555551144257e+01 9.751690555551144257e+01 9.751690555551144257e+01 9.751690555551144257e+01 9.751690555551144257e+01 9.751690555551144257e+01 9.751690555551144257e+01 9.751690555551144257e+01 9.751690555551144257e+01 9.751690555551144257e+01 9.751690555551144257e+01 9.751690555551144257e+01 9.751690555551144257e+01 9.751690555551144257e+01 9.751690555551144257e+01 9.751690555551144257e+01 9.751690555551144257e+01 9.751690555551144257e+01 9.751690555551144257e+01 9.751690555551144257e+01 9.751690555551144257e+01 9.751690555551144257e+01 9.751690555551144257e+01 9.751690555551144257e+01 9.751690555551144257e+01 9.751690555551144257e+01 9.751690555551144257e+01 9.751690555551144257e+01 9.751690555551144257e+01 9.751690555551144257e+01 9.751690555551144257e+01 9.751690555551144257e+01 9.751690555551144257e+01 9.751690555551144257e+01 9.751690555551144257e+01 9.751690555551144257e+01 9.751690555551144257e+01 9.751690555551144257e+01 9.751690555551144257e+01 9.751690555551144257e+01 9.751690555551144257e+01 9.751690555551144257e+01 9.751690555551144257e+01 9.751690555551144257e+01 9.751690555551144257e+01
9.751690555551144257e+01 9.751690555551144257e+01 9.751690555551144257e+01 9.751690555551144257e+01 9.751690555551144257e+01 9.751690555551144257e+01 9.751690555551144257e+01 9.751690555551144257e+01 9.751690555551144257e+01 9.751690555551144257e+01 9.751690555551144257e+01 9.751690555551144257e+01 9.751690555551144257e+01 9.751690555551144257e+01 9.751690555551144257e+01 9.751690555551144257e+01 9.751690555551144257e+01 9.751690555551144257e+01 9.751690555551144257e+01 9.751690555551144257e+01 9.751690555551144257e+01 9.751690555551144257e+01 9.751690555551144257e+01 9.751690555551144257e+01 9.751690555551144257e+01 9.751690555551144257e+01 9.751690555551144257e+01 9.751690555551144257e+01 9.751690555551144257e+01 9.751690555551144257e+01 9.751690555551144257e+01 9.751690555551144257e+01 9.751690555551144257e+01 9.751690555551144257e+01 9.751690555551144257e+01 9.751690555551144257e+01 9.751690555551144257e+01 9.751690555551144257e+01 9.751690555551144257e+01 9.751690555551144257e+01 9.751690555551144257e+01 9.751690555551144257e+01 9.751690555551144257e+01 9.751690555551144257e+01 9.751690555551144257e+01 9.751690555551144257e+01 9.751690555551144257e+01 9.751690555551144257e+01 9.751690555551144257e+01 9.751690555551144257e+01 9.751690555551144257e+01 9.751690555551144257e+01 9.751690555551144257e+01 9.751690555551144257e+01 9.751690555551144257e+01 9.751690555551144257e+01 9.751690555551144257e+01 9.751690555551144257e+01 9.751690555551144257e+01 9.751690555551144257e+01 9.751690555551144257e+01 9.751690555551144257e+01 9.751690555551144257e+01 9.751690555551144257e+01 9.751690555551144257e+01 9.751690555551144257e+01 9.751690555551144257e+01 9.751690555551144257e+01 9.751690555551144257e+01 9.751690555551144257e+01 9.751690555551144257e+01 9.751690555551144257e+01 9.751690555551144257e+01 9.751690555551144257e+01 9.751690555551144257e+01 9.751690555551144257e+01 9.751690555551144257e+01 9.751690555551144257e+01 9.751690555551144257e+01 9.751690555551144257e+01 9.751690555551144257e+01 9.751690555551144257e+01 9.751690555551144257e+01 9.751690555551144257e+01 9.751690555551144257e+01 9.751690555551144257e+01 9.751690555551144257e+01 9.751690555551144257e+01 9.751690555551144257e+01 9.751690555551144257e+01 9.751690555551144257e+01 9.751690555551144257e+01 9.751690555551144257e+01 9.751690555551144257e+01 9.751690555551144257e+01
9.751690555551144257e+01 9.751690555551144257e+01 9.751690555551144257e+01 9.751690555551144257e+01 9.751690555551144257e+01 9.751690555551144257e+01 9.751690555551144257e+01 9.751690555551144257e+01 9.751690555551144257e+01 9.751690555551144257e+01 9.751690555551144257e+01 9.751690555551144257e+01 9.751690555551144257e+01 9.751690555551144257e+01 9.751690555551144257e+01 9.751690555551144257e+01 9.751690555551144257e+01 9.751690555551144257e+01 9.751690555551144257e+01 9.751690555551144257e+01 9.751690555551144257e+01 9.751690555551144257e+01 9.751690555551144257e+01 9.751690555551144257e+01 9.751690555551144257e+01 9.751690555551144257e+01 9.751690555551144257e+01 9.751690555551144257e+01 9.751690555551144257e+01 9.751690555551144257e+01 9.751690555551144257e+01 9.751690555551144257e+01 9.751690555551144257e+01 9.751690555551144257e+01 9.751690555551144257e+01 9.751690555551144257e+01 9.751690555551144257e+01 9.751690555551144257e+01 9.751690555551144257e+01 9.751690555551144257e+01 9.751690555551144257e+01 9.751690555551144257e+01 9.751690555551144257e+01 9.751690555551144257e+01 9.751690555551144257e+01 9.751690555551144257e+01 9.751690555551144257e+01 9.751690555551144257e+01 9.751690555551144257e+01 9.751690555551144257e+01 9.751690555551144257e+01 9.751690555551144257e+01 9.751690555551144257e+01 9.751690555551144257e+01 9.751690555551144257e+01 9.751690555551144257e+01 9.751690555551144257e+01 9.751690555551144257e+01 9.751690555551144257e+01 9.751690555551144257e+01 9.751690555551144257e+01 9.751690555551144257e+01 9.751690555551144257e+01 9.751690555551144257e+01 9.751690555551144257e+01 9.751690555551144257e+01 9.751690555551144257e+01 9.751690555551144257e+01 9.751690555551144257e+01 9.751690555551144257e+01 9.751690555551144257e+01 9.751690555551144257e+01 9.751690555551144257e+01 9.751690555551144257e+01 9.751690555551144257e+01 9.751690555551144257e+01 9.751690555551144257e+01 9.751690555551144257e+01 9.751690555551144257e+01 9.751690555551144257e+01 9.751690555551144257e+01 9.751690555551144257e+01 9.751690555551144257e+01 9.751690555551144257e+01 9.751690555551144257e+01 9.751690555551144257e+01 9.751690555551144257e+01 9.751690555551144257e+01 9.751690555551144257e+01 9.751690555551144257e+01 9.751690555551144257e+01 9.751690555551144257e+01 9.751690555551144257e+01 9.751690555551144257e+01 9.751690555551144257e+01
9.751690555551144257e+01 9.751690555551144257e+01 9.751690555551144257e+01 9.751690555551144257e+01 9.751690555551144257e+01 9.751690555551144257e+01 9.751690555551144257e+01 9.751690555551144257e+01 9.751690555551144257e+01 9.751690555551144257e+01 9.751690555551144257e+01 9.751690555551144257e+01 9.751690555551144257e+01 9.751690555551144257e+01 9.751690555551144257e+01 9.751690555551144257e+01 9.751690555551144257e+01 9.751690555551144257e+01 9.751690555551144257e+01 9.751690555551144257e+01 9.751690555551144257e+01 9.751690555551144257e+01 9.751690555551144257e+01 9.751690555551144257e+01 9.751690555551144257e+01 9.751690555551144257e+01 9.751690555551144257e+01 9.751690555551144257e+01 9.751690555551144257e+01 9.751690555551144257e+01 9.751690555551144257e+01 9.751690555551144257e+01 9.751690555551144257e+01 9.751690555551144257e+01 9.751690555551144257e+01 9.751690555551144257e+01 9.751690555551144257e+01 9.751690555551144257e+01 9.751690555551144257e+01 9.751690555551144257e+01 9.751690555551144257e+01 9.751690555551144257e+01 9.751690555551144257e+01 9.751690555551144257e+01 9.751690555551144257e+01 9.751690555551144257e+01 9.751690555551144257e+01 9.751690555551144257e+01 9.751690555551144257e+01 9.751690555551144257e+01 9.751690555551144257e+01 9.751690555551144257e+01 9.751690555551144257e+01 9.751690555551144257e+01 9.751690555551144257e+01 9.751690555551144257e+01 9.751690555551144257e+01 9.751690555551144257e+01 9.751690555551144257e+01 9.751690555551144257e+01 9.751690555551144257e+01 9.751690555551144257e+01 9.751690555551144257e+01 9.751690555551144257e+01 9.751690555551144257e+01 9.751690555551144257e+01 9.751690555551144257e+01 9.751690555551144257e+01 9.751690555551144257e+01 9.751690555551144257e+01 9.751690555551144257e+01 9.751690555551144257e+01 9.751690555551144257e+01 9.751690555551144257e+01 9.751690555551144257e+01 9.751690555551144257e+01 9.751690555551144257e+01 9.751690555551144257e+01 9.751690555551144257e+01 9.751690555551144257e+01 9.751690555551144257e+01 9.751690555551144257e+01 9.751690555551144257e+01 9.751690555551144257e+01 9.751690555551144257e+01 9.751690555551144257e+01 9.751690555551144257e+01 9.751690555551144257e+01 9.751690555551144257e+01 9.751690555551144257e+01 9.751690555551144257e+01 9.751690555551144257e+01 9.751690555551144257e+01 9.751690555551144257e+01 9.751690555551144257e+01
9.751690555551144257e+01 9.751690555551144257e+01 9.751690555551144257e+01 9.751690555551144257e+01 9.751690555551144257e+01 9.751690555551144257e+01 9.751690555551144257e+01 9.751690555551144257e+01 9.751690555551144257e+01 9.751690555551144257e+01 9.751690555551144257e+01 9.751690555551144257e+01 9.751690555551144257e+01 9.751690555551144257e+01 9.751690555551144257e+01 9.751690555551144257e+01 9.751690555551144257e+01 9.751690555551144257e+01 9.751690555551144257e+01 9.751690555551144257e+01 9.751690555551144257e+01 9.751690555551144257e+01 9.751690555551144257e+01 9.751690555551144257e+01 9.751690555551144257e+01 9.751690555551144257e+01 9.751690555551144257e+01 9.751690555551144257e+01 9.751690555551144257e+01 9.751690555551144257e+01 9.751690555551144257e+01 9.751690555551144257e+01 9.751690555551144257e+01 9.751690555551144257e+01 9.751690555551144257e+01 9.751690555551144257e+01 9.751690555551144257e+01 9.751690555551144257e+01 9.751690555551144257e+01 9.751690555551144257e+01 9.751690555551144257e+01 9.751690555551144257e+01 9.751690555551144257e+01 9.751690555551144257e+01 9.751690555551144257e+01 9.751690555551144257e+01 9.751690555551144257e+01 9.751690555551144257e+01 9.751690555551144257e+01 9.751690555551144257e+01 9.751690555551144257e+01 9.751690555551144257e+01 9.751690555551144257e+01 9.751690555551144257e+01 9.751690555551144257e+01 9.751690555551144257e+01 9.751690555551144257e+01 9.751690555551144257e+01 9.751690555551144257e+01 9.751690555551144257e+01 9.751690555551144257e+01 9.751690555551144257e+01 9.751690555551144257e+01 9.751690555551144257e+01 9.751690555551144257e+01 9.751690555551144257e+01 9.751690555551144257e+01 9.751690555551144257e+01 9.751690555551144257e+01 9.751690555551144257e+01 9.751690555551144257e+01 9.751690555551144257e+01 9.751690555551144257e+01 9.751690555551144257e+01 9.751690555551144257e+01 9.751690555551144257e+01 9.751690555551144257e+01 9.751690555551144257e+01 9.751690555551144257e+01 9.751690555551144257e+01 9.751690555551144257e+01 9.751690555551144257e+01 9.751690555551144257e+01 9.751690555551144257e+01 9.751690555551144257e+01 9.751690555551144257e+01 9.751690555551144257e+01 9.751690555551144257e+01 9.751690555551144257e+01 9.751690555551144257e+01 9.751690555551144257e+01 9.751690555551144257e+01 9.751690555551144257e+01 9.751690555551144257e+01 9.751690555551144257e+01
9.751690555551144257e+01 9.751690555551144257e+01 9.751690555551144257e+01 9.751690555551144257e+01 9.751690555551144257e+01 9.751690555551144257e+01 9.751690555551144257e+01 9.751690555551144257e+01 9.751690555551144257e+01 9.751690555551144257e+01 9.751690555551144257e+01 9.751690555551144257e+01 9.751690555551144257e+01 9.751690555551144257e+01 9.751690555551144257e+01 9.751690555551144257e+01 9.751690555551144257e+01 9.751690555551144257e+01 9.751690555551144257e+01 9.751690555551144257e+01 9.751690555551144257e+01 9.751690555551144257e+01 9.751690555551144257e+01 9.751690555551144257e+01 9.751690555551144257e+01 9.751690555551144257e+01 9.751690555551144257e+01 9.751690555551144257e+01 9.751690555551144257e+01 9.751690555551144257e+01 9.751690555551144257e+01 9.751690555551144257e+01 9.751690555551144257e+01 9.751690555551144257e+01 9.751690555551144257e+01 9.751690555551144257e+01 9.751690555551144257e+01 9.751690555551144257e+01 9.751690555551144257e+01 9.751690555551144257e+01 9.751690555551144257e+01 9.751690555551144257e+01 9.751690555551144257e+01 9.751690555551144257e+01 9.751690555551144257e+01 9.751690555551144257e+01 9.751690555551144257e+01 9.751690555551144257e+01 9.751690555551144257e+01 9.751690555551144257e+01 9.751690555551144257e+01 9.751690555551144257e+01 9.751690555551144257e+01 9.751690555551144257e+01 9.751690555551144257e+01 9.751690555551144257e+01 9.751690555551144257e+01 9.751690555551144257e+01 9.751690555551144257e+01 9.751690555551144257e+01 9.751690555551144257e+01 9.751690555551144257e+01 9.751690555551144257e+01 9.751690555551144257e+01 9.751690555551144257e+01 9.751690555551144257e+01 9.751690555551144257e+01 9.751690555551144257e+01 9.751690555551144257e+01 9.751690555551144257e+01 9.751690555551144257e+01 9.751690555551144257e+01 9.751690555551144257e+01 9.751690555551144257e+01 9.751690555551144257e+01 9.751690555551144257e+01 9.751690555551144257e+01 9.751690555551144257e+01 9.751690555551144257e+01 9.751690555551144257e+01 9.751690555551144257e+01 9.751690555551144257e+01 9.751690555551144257e+01 9.751690555551144257e+01 9.751690555551144257e+01 9.751690555551144257e+01 9.751690555551144257e+01 9.751690555551144257e+01 9.751690555551144257e+01 9.751690555551144257e+01 9.751690555551144257e+01 9.751690555551144257e+01 9.751690555551144257e+01 9.751690555551144257e+01 9.751690555551144257e+01
9.751690555551144257e+01 9.751690555551144257e+01 9.751690555551144257e+01 9.751690555551144257e+01 9.751690555551144257e+01 9.751690555551144257e+01 9.751690555551144257e+01 9.751690555551144257e+01 9.751690555551144257e+01 9.751690555551144257e+01 9.751690555551144257e+01 9.751690555551144257e+01 9.751690555551144257e+01 9.751690555551144257e+01 9.751690555551144257e+01 9.751690555551144257e+01 9.751690555551144257e+01 9.751690555551144257e+01 9.751690555551144257e+01 9.751690555551144257e+01 9.751690555551144257e+01 9.751690555551144257e+01 9.751690555551144257e+01 9.751690555551144257e+01 9.751690555551144257e+01 9.751690555551144257e+01 9.751690555551144257e+01 9.751690555551144257e+01 9.751690555551144257e+01 9.751690555551144257e+01 9.751690555551144257e+01 9.751690555551144257e+01 9.751690555551144257e+01 9.751690555551144257e+01 9.751690555551144257e+01 9.751690555551144257e+01 9.751690555551144257e+01 9.751690555551144257e+01 9.751690555551144257e+01 9.751690555551144257e+01 9.751690555551144257e+01 9.751690555551144257e+01 9.751690555551144257e+01 9.751690555551144257e+01 9.751690555551144257e+01 9.751690555551144257e+01 9.751690555551144257e+01 9.751690555551144257e+01 9.751690555551144257e+01 9.751690555551144257e+01 9.751690555551144257e+01 9.751690555551144257e+01 9.751690555551144257e+01 9.751690555551144257e+01 9.751690555551144257e+01 9.751690555551144257e+01 9.751690555551144257e+01 9.751690555551144257e+01 9.751690555551144257e+01 9.751690555551144257e+01 9.751690555551144257e+01 9.751690555551144257e+01 9.751690555551144257e+01 9.751690555551144257e+01 9.751690555551144257e+01 9.751690555551144257e+01 9.751690555551144257e+01 9.751690555551144257e+01 9.751690555551144257e+01 9.751690555551144257e+01 9.751690555551144257e+01 9.751690555551144257e+01 9.751690555551144257e+01 9.751690555551144257e+01 9.751690555551144257e+01 9.751690555551144257e+01 9.751690555551144257e+01 9.751690555551144257e+01 9.751690555551144257e+01 9.751690555551144257e+01 9.751690555551144257e+01 9.751690555551144257e+01 9.751690555551144257e+01 9.751690555551144257e+01 9.751690555551144257e+01 9.751690555551144257e+01 9.751690555551144257e+01 9.751690555551144257e+01 9.751690555551144257e+01 9.751690555551144257e+01 9.751690555551144257e+01 9.751690555551144257e+01 9.751690555551144257e+01 9.751690555551144257e+01 9.751690555551144257e+01
9.751690555551144257e+01 9.751690555551144257e+01 9.751690555551144257e+01 9.751690555551144257e+01 9.751690555551144257e+01 9.751690555551144257e+01 9.751690555551144257e+01 9.751690555551144257e+01 9.751690555551144257e+01 9.751690555551144257e+01 9.751690555551144257e+01 9.751690555551144257e+01 9.751690555551144257e+01 9.751690555551144257e+01 9.751690555551144257e+01 9.751690555551144257e+01 9.751690555551144257e+01 9.751690555551144257e+01 9.751690555551144257e+01 9.751690555551144257e+01 9.751690555551144257e+01 9.751690555551144257e+01 9.751690555551144257e+01 9.751690555551144257e+01 9.751690555551144257e+01 9.751690555551144257e+01 9.751690555551144257e+01 9.751690555551144257e+01 9.751690555551144257e+01 9.751690555551144257e+01 9.751690555551144257e+01 9.751690555551144257e+01 9.751690555551144257e+01 9.751690555551144257e+01 9.751690555551144257e+01 9.751690555551144257e+01 9.751690555551144257e+01 9.751690555551144257e+01 9.751690555551144257e+01 9.751690555551144257e+01 9.751690555551144257e+01 9.751690555551144257e+01 9.751690555551144257e+01 9.751690555551144257e+01 9.751690555551144257e+01 9.751690555551144257e+01 9.751690555551144257e+01 9.751690555551144257e+01 9.751690555551144257e+01 9.751690555551144257e+01 9.751690555551144257e+01 9.751690555551144257e+01 9.751690555551144257e+01 9.751690555551144257e+01 9.751690555551144257e+01 9.751690555551144257e+01 9.751690555551144257e+01 9.751690555551144257e+01 9.751690555551144257e+01 9.751690555551144257e+01 9.751690555551144257e+01 9.751690555551144257e+01 9.751690555551144257e+01 9.751690555551144257e+01 9.751690555551144257e+01 9.751690555551144257e+01 9.751690555551144257e+01 9.751690555551144257e+01 9.751690555551144257e+01 9.751690555551144257e+01 9.751690555551144257e+01 9.751690555551144257e+01 9.751690555551144257e+01 9.751690555551144257e+01 9.751690555551144257e+01 9.751690555551144257e+01 9.751690555551144257e+01 9.751690555551144257e+01 9.751690555551144257e+01 9.751690555551144257e+01 9.751690555551144257e+01 9.751690555551144257e+01 9.751690555551144257e+01 9.751690555551144257e+01 9.751690555551144257e+01 9.751690555551144257e+01 9.751690555551144257e+01 9.751690555551144257e+01 9.751690555551144257e+01 9.751690555551144257e+01 9.751690555551144257e+01 9.751690555551144257e+01 9.751690555551144257e+01 9.751690555551144257e+01 9.751690555551144257e+01
9.751690555551144257e+01 9.751690555551144257e+01 9.751690555551144257e+01 9.751690555551144257e+01 9.751690555551144257e+01 9.751690555551144257e+01 9.751690555551144257e+01 9.751690555551144257e+01 9.751690555551144257e+01 9.751690555551144257e+01 9.751690555551144257e+01 9.751690555551144257e+01 9.751690555551144257e+01 9.751690555551144257e+01 9.751690555551144257e+01 9.751690555551144257e+01 9.751690555551144257e+01 9.751690555551144257e+01 9.751690555551144257e+01 9.751690555551144257e+01 9.751690555551144257e+01 9.751690555551144257e+01 9.751690555551144257e+01 9.751690555551144257e+01 9.751690555551144257e+01 9.751690555551144257e+01 9.751690555551144257e+01 9.751690555551144257e+01 9.751690555551144257e+01 9.751690555551144257e+01 9.751690555551144257e+01 9.751690555551144257e+01 9.751690555551144257e+01 9.751690555551144257e+01 9.751690555551144257e+01 9.751690555551144257e+01 9.751690555551144257e+01 9.751690555551144257e+01 9.751690555551144257e+01 9.751690555551144257e+01 9.751690555551144257e+01 9.751690555551144257e+01 9.751690555551144257e+01 9.751690555551144257e+01 9.751690555551144257e+01 9.751690555551144257e+01 9.751690555551144257e+01 9.751690555551144257e+01 9.751690555551144257e+01 9.751690555551144257e+01 9.751690555551144257e+01 9.751690555551144257e+01 9.751690555551144257e+01 9.751690555551144257e+01 9.751690555551144257e+01 9.751690555551144257e+01 9.751690555551144257e+01 9.751690555551144257e+01 9.751690555551144257e+01 9.751690555551144257e+01 9.751690555551144257e+01 9.751690555551144257e+01 9.751690555551144257e+01 9.751690555551144257e+01 9.751690555551144257e+01 9.751690555551144257e+01 9.751690555551144257e+01 9.751690555551144257e+01 9.751690555551144257e+01 9.751690555551144257e+01 9.751690555551144257e+01 9.751690555551144257e+01 9.751690555551144257e+01 9.751690555551144257e+01 9.751690555551144257e+01 9.751690555551144257e+01 9.751690555551144257e+01 9.751690555551144257e+01 9.751690555551144257e+01 9.751690555551144257e+01 9.751690555551144257e+01 9.751690555551144257e+01 9.751690555551144257e+01 9.751690555551144257e+01 9.751690555551144257e+01 9.751690555551144257e+01 9.751690555551144257e+01 9.751690555551144257e+01 9.751690555551144257e+01 9.751690555551144257e+01 9.751690555551144257e+01 9.751690555551144257e+01 9.751690555551144257e+01 9.751690555551144257e+01 9.751690555551144257e+01
9.751690555551144257e+01 9.751690555551144257e+01 9.751690555551144257e+01 9.751690555551144257e+01 9.751690555551144257e+01 9.751690555551144257e+01 9.751690555551144257e+01 9.751690555551144257e+01 9.751690555551144257e+01 9.751690555551144257e+01 9.751690555551144257e+01 9.751690555551144257e+01 9.751690555551144257e+01 9.751690555551144257e+01 9.751690555551144257e+01 9.751690555551144257e+01 9.751690555551144257e+01 9.751690555551144257e+01 9.751690555551144257e+01 9.751690555551144257e+01 9.751690555551144257e+01 9.751690555551144257e+01 9.751690555551144257e+01 9.751690555551144257e+01 9.751690555551144257e+01 9.751690555551144257e+01 9.751690555551144257e+01 9.751690555551144257e+01 9.751690555551144257e+01 9.751690555551144257e+01 9.751690555551144257e+01 9.751690555551144257e+01 9.751690555551144257e+01 9.751690555551144257e+01 9.751690555551144257e+01 9.751690555551144257e+01 9.751690555551144257e+01 9.751690555551144257e+01 9.751690555551144257e+01 9.751690555551144257e+01 9.751690555551144257e+01 9.751690555551144257e+01 9.751690555551144257e+01 9.751690555551144257e+01 9.751690555551144257e+01 9.751690555551144257e+01 9.751690555551144257e+01 9.751690555551144257e+01 9.751690555551144257e+01 9.751690555551144257e+01 9.751690555551144257e+01 9.751690555551144257e+01 9.751690555551144257e+01 9.751690555551144257e+01 9.751690555551144257e+01 9.751690555551144257e+01 9.751690555551144257e+01 9.751690555551144257e+01 9.751690555551144257e+01 9.751690555551144257e+01 9.751690555551144257e+01 9.751690555551144257e+01 9.751690555551144257e+01 9.751690555551144257e+01 9.751690555551144257e+01 9.751690555551144257e+01 9.751690555551144257e+01 9.751690555551144257e+01 9.751690555551144257e+01 9.751690555551144257e+01 9.751690555551144257e+01 9.751690555551144257e+01 9.751690555551144257e+01 9.751690555551144257e+01 9.751690555551144257e+01 9.751690555551144257e+01 9.751690555551144257e+01 9.751690555551144257e+01 9.751690555551144257e+01 9.751690555551144257e+01 9.751690555551144257e+01 9.751690555551144257e+01 9.751690555551144257e+01 9.751690555551144257e+01 9.751690555551144257e+01 9.751690555551144257e+01 9.751690555551144257e+01 9.751690555551144257e+01 9.751690555551144257e+01 9.751690555551144257e+01 9.751690555551144257e+01 9.751690555551144257e+01 9.751690555551144257e+01 9.751690555551144257e+01 9.751690555551144257e+01
9.751690555551144257e+01 9.751690555551144257e+01 9.751690555551144257e+01 9.751690555551144257e+01 9.751690555551144257e+01 9.751690555551144257e+01 9.751690555551144257e+01 9.751690555551144257e+01 9.751690555551144257e+01 9.751690555551144257e+01 9.751690555551144257e+01 9.751690555551144257e+01 9.751690555551144257e+01 9.751690555551144257e+01 9.751690555551144257e+01 9.751690555551144257e+01 9.751690555551144257e+01 9.751690555551144257e+01 9.751690555551144257e+01 9.751690555551144257e+01 9.751690555551144257e+01 9.751690555551144257e+01 9.751690555551144257e+01 9.751690555551144257e+01 9.751690555551144257e+01 9.751690555551144257e+01 9.751690555551144257e+01 9.751690555551144257e+01 9.751690555551144257e+01 9.751690555551144257e+01 9.751690555551144257e+01 9.751690555551144257e+01 9.751690555551144257e+01 9.751690555551144257e+01 9.751690555551144257e+01 9.751690555551144257e+01 9.751690555551144257e+01 9.751690555551144257e+01 9.751690555551144257e+01 9.751690555551144257e+01 9.751690555551144257e+01 9.751690555551144257e+01 9.751690555551144257e+01 9.751690555551144257e+01 9.751690555551144257e+01 9.751690555551144257e+01 9.751690555551144257e+01 9.751690555551144257e+01 9.751690555551144257e+01 9.751690555551144257e+01 9.751690555551144257e+01 9.751690555551144257e+01 9.751690555551144257e+01 9.751690555551144257e+01 9.751690555551144257e+01 9.751690555551144257e+01 9.751690555551144257e+01 9.751690555551144257e+01 9.751690555551144257e+01 9.751690555551144257e+01 9.751690555551144257e+01 9.751690555551144257e+01 9.751690555551144257e+01 9.751690555551144257e+01 9.751690555551144257e+01 9.751690555551144257e+01 9.751690555551144257e+01 9.751690555551144257e+01 9.751690555551144257e+01 9.751690555551144257e+01 9.751690555551144257e+01 9.751690555551144257e+01 9.751690555551144257e+01 9.751690555551144257e+01 9.751690555551144257e+01 9.751690555551144257e+01 9.751690555551144257e+01 9.751690555551144257e+01 9.751690555551144257e+01 9.751690555551144257e+01 9.751690555551144257e+01 9.751690555551144257e+01 9.751690555551144257e+01 9.751690555551144257e+01 9.751690555551144257e+01 9.751690555551144257e+01 9.751690555551144257e+01 9.751690555551144257e+01 9.751690555551144257e+01 9.751690555551144257e+01 9.751690555551144257e+01 9.751690555551144257e+01 9.751690555551144257e+01 9.751690555551144257e+01 9.751690555551144257e+01
9.751690555551144257e+01 9.751690555551144257e+01 9.751690555551144257e+01 9.751690555551144257e+01 9.751690555551144257e+01 9.751690555551144257e+01 9.751690555551144257e+01 9.751690555551144257e+01 9.751690555551144257e+01 9.751690555551144257e+01 9.751690555551144257e+01 9.751690555551144257e+01 9.751690555551144257e+01 9.751690555551144257e+01 9.751690555551144257e+01 9.751690555551144257e+01 9.751690555551144257e+01 9.751690555551144257e+01 9.751690555551144257e+01 9.751690555551144257e+01 9.751690555551144257e+01 9.751690555551144257e+01 9.751690555551144257e+01 9.751690555551144257e+01 9.751690555551144257e+01 9.751690555551144257e+01 9.751690555551144257e+01 9.751690555551144257e+01 9.751690555551144257e+01 9.751690555551144257e+01 9.751690555551144257e+01 9.751690555551144257e+01 9.751690555551144257e+01 9.751690555551144257e+01 9.751690555551144257e+01 9.751690555551144257e+01 9.751690555551144257e+01 9.751690555551144257e+01 9.751690555551144257e+01 9.751690555551144257e+01 9.751690555551144257e+01 9.751690555551144257e+01 9.751690555551144257e+01 9.751690555551144257e+01 9.751690555551144257e+01 9.751690555551144257e+01 9.751690555551144257e+01 9.751690555551144257e+01 9.751690555551144257e+01 9.751690555551144257e+01 9.751690555551144257e+01 9.751690555551144257e+01 9.751690555551144257e+01 9.751690555551144257e+01 9.751690555551144257e+01 9.751690555551144257e+01 9.751690555551144257e+01 9.751690555551144257e+01 9.751690555551144257e+01 9.751690555551144257e+01 9.751690555551144257e+01 9.751690555551144257e+01 9.751690555551144257e+01 9.751690555551144257e+01 9.751690555551144257e+01 9.751690555551144257e+01 9.751690555551144257e+01 9.751690555551144257e+01 9.751690555551144257e+01 9.751690555551144257e+01 9.751690555551144257e+01 9.751690555551144257e+01 9.751690555551144257e+01 9.751690555551144257e+01 9.751690555551144257e+01 9.751690555551144257e+01 9.751690555551144257e+01 9.751690555551144257e+01 9.751690555551144257e+01 9.751690555551144257e+01 9.751690555551144257e+01 9.751690555551144257e+01 9.751690555551144257e+01 9.751690555551144257e+01 9.751690555551144257e+01 9.751690555551144257e+01 9.751690555551144257e+01 9.751690555551144257e+01 9.751690555551144257e+01 9.751690555551144257e+01 9.751690555551144257e+01 9.751690555551144257e+01 9.751690555551144257e+01 9.751690555551144257e+01 9.751690555551144257e+01
9.751690555551144257e+01 9.751690555551144257e+01 9.751690555551144257e+01 9.751690555551144257e+01 9.751690555551144257e+01 9.751690555551144257e+01 9.751690555551144257e+01 9.751690555551144257e+01 9.751690555551144257e+01 9.751690555551144257e+01 9.751690555551144257e+01 9.751690555551144257e+01 9.751690555551144257e+01 9.751690555551144257e+01 9.751690555551144257e+01 9.751690555551144257e+01 9.751690555551144257e+01 9.751690555551144257e+01 9.751690555551144257e+01 9.751690555551144257e+01 9.751690555551144257e+01 9.751690555551144257e+01 9.751690555551144257e+01 9.751690555551144257e+01 9.751690555551144257e+01 9.751690555551144257e+01 9.751690555551144257e+01 9.751690555551144257e+01 9.751690555551144257e+01 9.751690555551144257e+01 9.751690555551144257e+01 9.751690555551144257e+01 9.751690555551144257e+01 9.751690555551144257e+01 9.751690555551144257e+01 9.751690555551144257e+01 9.751690555551144257e+01 9.751690555551144257e+01 9.751690555551144257e+01 9.751690555551144257e+01 9.751690555551144257e+01 9.751690555551144257e+01 9.751690555551144257e+01 9.751690555551144257e+01 9.751690555551144257e+01 9.751690555551144257e+01 9.751690555551144257e+01 9.751690555551144257e+01 9.751690555551144257e+01 9.751690555551144257e+01 9.751690555551144257e+01 9.751690555551144257e+01 9.751690555551144257e+01 9.751690555551144257e+01 9.751690555551144257e+01 9.751690555551144257e+01 9.751690555551144257e+01 9.751690555551144257e+01 9.751690555551144257e+01 9.751690555551144257e+01 9.751690555551144257e+01 9.751690555551144257e+01 9.751690555551144257e+01 9.751690555551144257e+01 9.751690555551144257e+01 9.751690555551144257e+01 9.751690555551144257e+01 9.751690555551144257e+01 9.751690555551144257e+01 9.751690555551144257e+01 9.751690555551144257e+01 9.751690555551144257e+01 9.751690555551144257e+01 9.751690555551144257e+01 9.751690555551144257e+01 9.751690555551144257e+01 9.751690555551144257e+01 9.751690555551144257e+01 9.751690555551144257e+01 9.751690555551144257e+01 9.751690555551144257e+01 9.751690555551144257e+01 9.751690555551144257e+01 9.751690555551144257e+01 9.751690555551144257e+01 9.751690555551144257e+01 9.751690555551144257e+01 9.751690555551144257e+01 9.751690555551144257e+01 9.751690555551144257e+01 9.751690555551144257e+01 9.751690555551144257e+01 9.751690555551144257e+01 9.751690555551144257e+01 9.751690555551144257e+01
9.751690555551144257e+01 9.751690555551144257e+01 9.751690555551144257e+01 9.751690555551144257e+01 9.751690555551144257e+01 9.751690555551144257e+01 9.751690555551144257e+01 9.751690555551144257e+01 9.751690555551144257e+01 9.751690555551144257e+01 9.751690555551144257e+01 9.751690555551144257e+01 9.751690555551144257e+01 9.751690555551144257e+01 9.751690555551144257e+01 9.751690555551144257e+01 9.751690555551144257e+01 9.751690555551144257e+01 9.751690555551144257e+01 9.751690555551144257e+01 9.751690555551144257e+01 9.751690555551144257e+01 9.751690555551144257e+01 9.751690555551144257e+01 9.751690555551144257e+01 9.751690555551144257e+01 9.751690555551144257e+01 9.751690555551144257e+01 9.751690555551144257e+01 9.751690555551144257e+01 9.751690555551144257e+01 9.751690555551144257e+01 9.751690555551144257e+01 9.751690555551144257e+01 9.751690555551144257e+01 9.751690555551144257e+01 9.751690555551144257e+01 9.751690555551144257e+01 9.751690555551144257e+01 9.751690555551144257e+01 9.751690555551144257e+01 9.751690555551144257e+01 9.751690555551144257e+01 9.751690555551144257e+01 9.751690555551144257e+01 9.751690555551144257e+01 9.751690555551144257e+01 9.751690555551144257e+01 9.751690555551144257e+01 9.751690555551144257e+01 9.751690555551144257e+01 9.751690555551144257e+01 9.751690555551144257e+01 9.751690555551144257e+01 9.751690555551144257e+01 9.751690555551144257e+01 9.751690555551144257e+01 9.751690555551144257e+01 9.751690555551144257e+01 9.751690555551144257e+01 9.751690555551144257e+01 9.751690555551144257e+01 9.751690555551144257e+01 9.751690555551144257e+01 9.751690555551144257e+01 9.751690555551144257e+01 9.751690555551144257e+01 9.751690555551144257e+01 9.751690555551144257e+01 9.751690555551144257e+01 9.751690555551144257e+01 9.751690555551144257e+01 9.751690555551144257e+01 9.751690555551144257e+01 9.751690555551144257e+01 9.751690555551144257e+01 9.751690555551144257e+01 9.751690555551144257e+01 9.751690555551144257e+01 9.751690555551144257e+01 9.751690555551144257e+01 9.751690555551144257e+01 9.751690555551144257e+01 9.751690555551144257e+01 9.751690555551144257e+01 9.751690555551144257e+01 9.751690555551144257e+01 9.751690555551144257e+01 9.751690555551144257e+01 9.751690555551144257e+01 9.751690555551144257e+01 9.751690555551144257e+01 9.751690555551144257e+01 9.751690555551144257e+01 9.751690555551144257e+01
9.751690555551144257e+01 9.751690555551144257e+01 9.751690555551144257e+01 9.751690555551144257e+01 9.751690555551144257e+01 9.751690555551144257e+01 9.751690555551144257e+01 9.751690555551144257e+01 9.751690555551144257e+01 9.751690555551144257e+01 9.751690555551144257e+01 9.751690555551144257e+01 9.751690555551144257e+01 9.751690555551144257e+01 9.751690555551144257e+01 9.751690555551144257e+01 9.751690555551144257e+01 9.751690555551144257e+01 9.751690555551144257e+01 9.751690555551144257e+01 9.751690555551144257e+01 9.751690555551144257e+01 9.751690555551144257e+01 9.751690555551144257e+01 9.751690555551144257e+01 9.751690555551144257e+01 9.751690555551144257e+01 9.751690555551144257e+01 9.751690555551144257e+01 9.751690555551144257e+01 9.751690555551144257e+01 9.751690555551144257e+01 9.751690555551144257e+01 9.751690555551144257e+01 9.751690555551144257e+01 9.751690555551144257e+01 9.751690555551144257e+01 9.751690555551144257e+01 9.751690555551144257e+01 9.751690555551144257e+01 9.751690555551144257e+01 9.751690555551144257e+01 9.751690555551144257e+01 9.751690555551144257e+01 9.751690555551144257e+01 9.751690555551144257e+01 9.751690555551144257e+01 9.751690555551144257e+01 9.751690555551144257e+01 9.751690555551144257e+01 9.751690555551144257e+01 9.751690555551144257e+01 9.751690555551144257e+01 9.751690555551144257e+01 9.751690555551144257e+01 9.751690555551144257e+01 9.751690555551144257e+01 9.751690555551144257e+01 9.751690555551144257e+01 9.751690555551144257e+01 9.751690555551144257e+01 9.751690555551144257e+01 9.751690555551144257e+01 9.751690555551144257e+01 9.751690555551144257e+01 9.751690555551144257e+01 9.751690555551144257e+01 9.751690555551144257e+01 9.751690555551144257e+01 9.751690555551144257e+01 9.751690555551144257e+01 9.751690555551144257e+01 9.751690555551144257e+01 9.751690555551144257e+01 9.751690555551144257e+01 9.751690555551144257e+01 9.751690555551144257e+01 9.751690555551144257e+01 9.751690555551144257e+01 9.751690555551144257e+01 9.751690555551144257e+01 9.751690555551144257e+01 9.751690555551144257e+01 9.751690555551144257e+01 9.751690555551144257e+01 9.751690555551144257e+01 9.751690555551144257e+01 9.751690555551144257e+01 9.751690555551144257e+01 9.751690555551144257e+01 9.751690555551144257e+01 9.751690555551144257e+01 9.751690555551144257e+01 9.751690555551144257e+01 9.751690555551144257e+01
9.751690555551144257e+01 9.751690555551144257e+01 9.751690555551144257e+01 9.751690555551144257e+01 9.751690555551144257e+01 9.751690555551144257e+01 9.751690555551144257e+01 9.751690555551144257e+01 9.751690555551144257e+01 9.751690555551144257e+01 9.751690555551144257e+01 9.751690555551144257e+01 9.751690555551144257e+01 9.751690555551144257e+01 9.751690555551144257e+01 9.751690555551144257e+01 9.751690555551144257e+01 9.751690555551144257e+01 9.751690555551144257e+01 9.751690555551144257e+01 9.751690555551144257e+01 9.751690555551144257e+01 9.751690555551144257e+01 9.751690555551144257e+01 9.751690555551144257e+01 9.751690555551144257e+01 9.751690555551144257e+01 9.751690555551144257e+01 9.751690555551144257e+01 9.751690555551144257e+01 9.751690555551144257e+01 9.751690555551144257e+01 9.751690555551144257e+01 9.751690555551144257e+01 9.751690555551144257e+01 9.751690555551144257e+01 9.751690555551144257e+01 9.751690555551144257e+01 9.751690555551144257e+01 9.751690555551144257e+01 9.751690555551144257e+01 9.751690555551144257e+01 9.751690555551144257e+01 9.751690555551144257e+01 9.751690555551144257e+01 9.751690555551144257e+01 9.751690555551144257e+01 9.751690555551144257e+01 9.751690555551144257e+01 9.751690555551144257e+01 9.751690555551144257e+01 9.751690555551144257e+01 9.751690555551144257e+01 9.751690555551144257e+01 9.751690555551144257e+01 9.751690555551144257e+01 9.751690555551144257e+01 9.751690555551144257e+01 9.751690555551144257e+01 9.751690555551144257e+01 9.751690555551144257e+01 9.751690555551144257e+01 9.751690555551144257e+01 9.751690555551144257e+01 9.751690555551144257e+01 9.751690555551144257e+01 9.751690555551144257e+01 9.751690555551144257e+01 9.751690555551144257e+01 9.751690555551144257e+01 9.751690555551144257e+01 9.751690555551144257e+01 9.751690555551144257e+01 9.751690555551144257e+01 9.751690555551144257e+01 9.751690555551144257e+01 9.751690555551144257e+01 9.751690555551144257e+01 9.751690555551144257e+01 9.751690555551144257e+01 9.751690555551144257e+01 9.751690555551144257e+01 9.751690555551144257e+01 9.751690555551144257e+01 9.751690555551144257e+01 9.751690555551144257e+01 9.751690555551144257e+01 9.751690555551144257e+01 9.751690555551144257e+01 9.751690555551144257e+01 9.751690555551144257e+01 9.751690555551144257e+01 9.751690555551144257e+01 9.751690555551144257e+01 9.751690555551144257e+01
9.751690555551144257e+01 9.751690555551144257e+01 9.751690555551144257e+01 9.751690555551144257e+01 9.751690555551144257e+01 9.751690555551144257e+01 9.751690555551144257e+01 9.751690555551144257e+01 9.751690555551144257e+01 9.751690555551144257e+01 9.751690555551144257e+01 9.751690555551144257e+01 9.751690555551144257e+01 9.751690555551144257e+01 9.751690555551144257e+01 9.751690555551144257e+01 9.751690555551144257e+01 9.751690555551144257e+01 9.751690555551144257e+01 9.751690555551144257e+01 9.751690555551144257e+01 9.751690555551144257e+01 9.751690555551144257e+01 9.751690555551144257e+01 9.751690555551144257e+01 9.751690555551144257e+01 9.751690555551144257e+01 9.751690555551144257e+01 9.751690555551144257e+01 9.751690555551144257e+01 9.751690555551144257e+01 9.751690555551144257e+01 9.751690555551144257e+01 9.751690555551144257e+01 9.751690555551144257e+01 9.751690555551144257e+01 9.751690555551144257e+01 9.751690555551144257e+01 9.751690555551144257e+01 9.751690555551144257e+01 9.751690555551144257e+01 9.751690555551144257e+01 9.751690555551144257e+01 9.751690555551144257e+01 9.751690555551144257e+01 9.751690555551144257e+01 9.751690555551144257e+01 9.751690555551144257e+01 9.751690555551144257e+01 9.751690555551144257e+01 9.751690555551144257e+01 9.751690555551144257e+01 9.751690555551144257e+01 9.751690555551144257e+01 9.751690555551144257e+01 9.751690555551144257e+01 9.751690555551144257e+01 9.751690555551144257e+01 9.751690555551144257e+01 9.751690555551144257e+01 9.751690555551144257e+01 9.751690555551144257e+01 9.751690555551144257e+01 9.751690555551144257e+01 9.751690555551144257e+01 9.751690555551144257e+01 9.751690555551144257e+01 9.751690555551144257e+01 9.751690555551144257e+01 9.751690555551144257e+01 9.751690555551144257e+01 9.751690555551144257e+01 9.751690555551144257e+01 9.751690555551144257e+01 9.751690555551144257e+01 9.751690555551144257e+01 9.751690555551144257e+01 9.751690555551144257e+01 9.751690555551144257e+01 9.751690555551144257e+01 9.751690555551144257e+01 9.751690555551144257e+01 9.751690555551144257e+01 9.751690555551144257e+01 9.751690555551144257e+01 9.751690555551144257e+01 9.751690555551144257e+01 9.751690555551144257e+01 9.751690555551144257e+01 9.751690555551144257e+01 9.751690555551144257e+01 9.751690555551144257e+01 9.751690555551144257e+01 9.751690555551144257e+01 9.751690555551144257e+01
