8.185641422622725960e-183 3.192957837337787906e-171 4.928349607644621340e-160 3.010240124643719935e-149 7.276421876804275471e-139 7.206126752514130559e-129 2.724724981017769385e-119 4.078072356262588495e-110 2.416222341262894943e-101 5.667752516789499189e-93 5.264094708307069269e-85 1.936097296533781962e-77 2.890499756605504213e-70 1.665398923101403445e-63 3.801416723010777119e-57 3.438207045187793257e-51 1.232432790650000562e-45 1.751188223399600402e-40 9.866048532949265287e-36 2.204479350650284075e-31 1.954077808122478917e-27 6.873537101045010671e-24 9.597524933347862824e-21 5.321376808982269608e-18 1.171994605542925332e-15 1.025696192300095477e-13 3.568280598841082158e-12 4.936276876545271792e-11 2.716358269139829938e-10 5.947818600798510543e-10 5.183611469289127996e-10 1.798508876606005828e-10 2.484711034136333385e-11 1.367014639618581709e-12 2.995201051751232916e-14 2.613518200354407244e-16 9.080982707228433578e-19 1.256262260374315853e-21 6.917900325814168302e-25 1.536833200414884214e-28 1.341721919849638253e-32 4.658508984017923507e-37 6.430178030261908739e-42 3.527189644027113912e-47 7.686018568108659966e-53 6.650894886880738263e-59 2.339085174058382515e-65 3.192951627407316283e-72 1.729014987604935095e-79 3.713072248916170520e-87 3.161359877478088688e-95 1.066860722051551294e-103 1.473231481513736164e-112 7.816438135469006777e-122 1.642698881491252537e-131 1.367228630693067020e-141 4.679495022905317547e-152 6.114585905453127977e-163 3.162867963941261752e-174 6.475757050826382325e-186 5.480654575203522421e-198 1.760030226602399055e-210 2.236562492661808596e-223 1.179557905773840159e-236 2.349906596617239616e-250 1.852110837462994831e-264 6.083261523165180675e-279 7.514036180072802442e-294 3.671397019382613847e-309 0.000000000000000000e+00 0.000000000000000000e+00 0.000000000000000000e+00 0.000000000000000000e+00 0.000000000000000000e+00 0.000000000000000000e+00 0.000000000000000000e+00 0.000000000000000000e+00 0.000000000000000000e+00 0.000000000000000000e+00 0.000000000000000000e+00 0.000000000000000000e+00 0.000000000000000000e+00 0.000000000000000000e+00 0.000000000000000000e+00 0.000000000000000000e+00 0.000000000000000000e+00 0.000000000000000000e+00 0.000000000000000000e+00 0.000000000000000000e+00 0.000000000000000000e+00 0.000000000000000000e+00 0.000000000000000000e+00 0.000000000000000000e+00 0.000000000000000000e+00 0.000000000000000000e+00
2.173782307249108742e-180 6.994351101966468383e-169 8.905388200136859298e-158 4.487007765738915737e-147 8.947183730397135596e-137 7.307431605240721000e-127 2.279397240634413404e-117 2.814495599926337925e-108 1.375774263522341731e-99 2.662595199841390724e-91 2.040444920506231318e-83 6.192449839719636934e-76 7.626874334133745290e-69 3.626576784762282379e-62 6.832421597904174289e-56 5.101124695624044723e-50 1.509614595456575114e-44 1.771252663059617488e-39 8.241861737417551572e-35 1.521345049837068281e-30 1.114361882078743232e-26 3.240190742665122753e-23 3.741286146390451488e-20 1.716116715188690578e-17 3.128420911211495398e-15 2.267449301867914174e-13 6.536822803571355940e-12 7.521627939575269001e-11 3.424396907499431117e-10 6.228614373218833031e-10 4.511037726138500650e-10 1.298638340356998045e-10 1.497699594403216550e-11 6.829032821612663936e-13 1.254665563886723068e-14 9.061920737997592360e-17 2.651599304814249400e-19 3.031795397843252932e-22 1.411615323793428651e-25 2.624188728365625297e-29 1.888183446300820385e-33 5.573120151990966417e-38 6.325451029266211146e-43 2.959173388984689775e-48 5.288675887399709482e-54 3.914730926122407607e-60 1.153575309487105086e-66 1.286094912152595554e-73 5.982550789492023607e-81 1.046220406554711863e-88 7.672659500618690764e-97 2.102219898302984849e-105 2.427972362349840312e-114 1.114037816058855298e-123 1.892237171373823913e-133 1.365628003445051617e-143 3.913363172469555920e-154 4.114100564320167499e-165 1.852693375248542646e-176 3.042725962082039565e-188 2.152321885308587755e-200 6.041804160035903778e-213 6.131000069035078295e-226 2.702004218081462152e-239 4.724579282009401206e-253 2.960417380975881679e-267 8.123973755908401849e-282 8.843831138372453704e-297 3.420231667524602561e-312 0.000000000000000000e+00 0.000000000000000000e+00 0.000000000000000000e+00 0.000000000000000000e+00 0.000000000000000000e+00 0.000000000000000000e+00 0.000000000000000000e+00 0.000000000000000000e+00 0.000000000000000000e+00 0.000000000000000000e+00 0.000000000000000000e+00 0.000000000000000000e+00 0.000000000000000000e+00 0.000000000000000000e+00 0.000000000000000000e+00 0.000000000000000000e+00 0.000000000000000000e+00 0.000000000000000000e+00 0.000000000000000000e+00 0.000000000000000000e+00 0.000000000000000000e+00 0.000000000000000000e+00 0.000000000000000000e+00 0.000000000000000000e+00 0.000000000000000000e+00 0.000000000000000000e+00
2.035635482579765615e-178 5.820107364751080720e-167 6.081596116751498215e-156 2.715157114596845657e-145 4.456102606651405925e-135 3.214987019383608550e-125 8.552435064962199076e-116 9.006115016989609911e-107 3.754615491048155700e-98 6.197576771788767702e-90 4.050986050593783146e-82 1.048678440679222080e-74 1.101525154164165527e-67 4.468430476209111314e-61 7.182685560426595675e-55 4.575989307617367684e-49 1.155727891536014113e-43 1.157489020844155509e-38 4.598329465799416762e-34 7.248532915958746259e-30 4.535508279960873330e-26 1.126939687071394044e-22 1.112399286371466577e-19 4.364198627840847615e-17 6.808323638159063208e-15 4.225538138824492585e-13 1.043868556243554947e-11 1.026935324144345924e-10 4.025077966869894563e-10 6.288126514324095795e-10 3.916873450686335332e-10 9.730855015425371439e-11 9.643566732843963111e-12 3.812740687254048832e-13 6.013686019526689010e-15 3.783490954966506444e-17 9.492791252828336547e-20 9.495248773422106112e-23 3.784943937893824653e-26 6.095375112605167702e-30 3.858745181410565679e-34 9.720815379384408694e-39 9.739692052775718385e-44 3.879283744360215784e-49 6.139130817701500108e-55 3.858399506217683220e-61 9.626343750181961100e-68 9.775970736954851802e-75 3.742301473375651525e-82 5.994517086182501753e-90 3.596675861715308780e-98 9.076149107773801512e-107 9.100070374638893301e-116 3.386058169521822131e-125 5.340902900127353267e-135 3.107488304051760009e-145 7.705569934023757859e-156 7.585115525684978677e-167 2.729657487906546743e-178 4.220887401890839654e-190 2.590128989100375279e-202 5.759625250978634022e-215 5.549004256496438982e-228 2.121094298775782901e-241 2.912481987640311033e-255 1.747216696129526091e-269 4.158010289437606433e-284 3.523797630833612938e-299 1.315746634972769241e-314 0.000000000000000000e+00 0.000000000000000000e+00 0.000000000000000000e+00 0.000000000000000000e+00 0.000000000000000000e+00 0.000000000000000000e+00 0.000000000000000000e+00 0.000000000000000000e+00 0.000000000000000000e+00 0.000000000000000000e+00 0.000000000000000000e+00 0.000000000000000000e+00 0.000000000000000000e+00 0.000000000000000000e+00 0.000000000000000000e+00 0.000000000000000000e+00 0.000000000000000000e+00 0.000000000000000000e+00 0.000000000000000000e+00 0.000000000000000000e+00 0.000000000000000000e+00 0.000000000000000000e+00 0.000000000000000000e+00 0.000000000000000000e+00 0.000000000000000000e+00 0.000000000000000000e+00
1.262992068125045358e-176 3.003306949002870141e-165 2.826062818198538132e-154 1.052381245639517378e-143 1.550967520783829299e-133 9.358253580553485383e-124 2.157664127930173536e-114 1.969338410429977984e-105 7.116225908772019349e-97 1.018176194591024314e-88 5.768957377514803589e-81 1.294605651601349991e-73 1.178639896540550108e-66 4.145368890471106867e-60 5.777752701427961453e-54 3.192074670335833855e-48 6.992351508703390830e-43 6.074938625000985732e-38 2.094001893772885088e-33 2.904949637119571043e-29 1.575807960981943082e-25 3.395726348813717705e-22 2.908334675912138932e-19 9.905390447082037218e-17 1.342333105486765138e-14 7.242104682373280258e-13 1.556473362979198707e-11 1.333343912679279895e-10 4.555152768588915970e-10 6.209206457697130058e-10 3.378461360189856763e-10 7.339805089057312255e-11 6.368157308531410637e-12 2.206635341137472026e-13 3.053513452480498532e-15 1.687055671313651693e-17 3.720275421401004100e-20 3.273018156263317766e-23 1.148222947082376540e-26 1.628502211579231107e-30 9.080978748853684234e-35 2.015606803651700693e-39 1.779687928606528238e-44 6.247291265337423218e-50 8.713806628987719035e-56 4.826886847660620214e-62 1.087419178421014979e-68 9.500708248236193783e-76 3.292245092124002532e-83 4.523274056038470277e-91 2.463213995125205408e-99 5.315193394759434146e-108 4.694990375822086769e-117 1.591829667875203045e-126 2.137182306274753862e-136 1.136046735019479131e-146 2.484306744960914105e-157 2.072101985809912460e-168 6.839980657674187842e-180 8.934951127000029368e-192 4.826876869422214572e-204 9.885453923769999569e-217 8.009706198247887414e-230 2.694860669064480900e-243 3.421971029979236362e-257 1.718834052821860034e-271 3.599836598061679015e-286 2.832958380471204200e-301 8.817895902029148647e-317 0.000000000000000000e+00 0.000000000000000000e+00 0.000000000000000000e+00 0.000000000000000000e+00 0.000000000000000000e+00 0.000000000000000000e+00 0.000000000000000000e+00 0.000000000000000000e+00 0.000000000000000000e+00 0.000000000000000000e+00 0.000000000000000000e+00 0.000000000000000000e+00 0.000000000000000000e+00 0.000000000000000000e+00 0.000000000000000000e+00 0.000000000000000000e+00 0.000000000000000000e+00 0.000000000000000000e+00 0.000000000000000000e+00 0.000000000000000000e+00 0.000000000000000000e+00 0.000000000000000000e+00 0.000000000000000000e+00 0.000000000000000000e+00 0.000000000000000000e+00 0.000000000000000000e+00
6.393577654942040560e-175 1.324030373802266261e-163 1.085021587824994491e-152 3.518780337493744587e-142 4.516367571391000905e-132 2.372809302772017068e-122 4.764672244988241860e-113 3.787563430679220814e-104 1.192040493772444731e-95 1.485524977924313575e-87 7.331409075459505804e-80 1.433119085344072768e-72 1.136358488027169395e-65 3.481867778526072193e-59 4.228286897125953678e-53 2.035572816307882466e-47 3.886057451707500856e-42 2.942930038611045660e-37 8.844346849978845298e-33 1.055247812636870615e-28 5.000987960844809709e-25 9.418944078723228205e-22 7.054209281234730393e-19 2.102177310691943194e-16 2.494350313982993674e-14 1.179278338616167599e-12 2.223070123504536262e-11 1.672123677593742265e-10 5.021614577663056079e-10 6.024580249175742406e-10 2.888823260614560560e-10 5.538210734311311098e-11 4.245682914929714817e-12 1.301537574028737428e-13 1.595233159877194781e-15 7.814610886384070106e-18 1.529335358608903510e-20 1.194972045525172411e-23 3.725499686178459858e-27 4.698717700915971291e-31 2.330381094638667604e-35 4.601541178463398179e-40 3.547754850034503878e-45 1.106554672834892757e-50 1.371383880726886658e-56 6.749433684395854554e-63 1.351108928001526848e-69 1.048622708111516090e-76 3.227565752575032422e-84 3.938239653219659995e-92 1.904422253625879436e-100 3.648698853025899209e-109 2.861794036889545862e-118 8.613014303833379787e-128 1.026377585525667733e-137 4.841987876752775600e-148 9.397928293283101149e-159 6.955340996492856032e-170 2.037070291836731952e-181 2.360768002535817268e-193 1.131581851971634114e-205 2.055730683108710197e-218 1.477438465597767687e-231 4.409687988928395753e-245 4.966197677820724808e-259 2.212264092006058644e-273 4.109624928346180669e-288 2.867994307145083534e-303 7.916067997362204505e-319 0.000000000000000000e+00 0.000000000000000000e+00 0.000000000000000000e+00 0.000000000000000000e+00 0.000000000000000000e+00 0.000000000000000000e+00 0.000000000000000000e+00 0.000000000000000000e+00 0.000000000000000000e+00 0.000000000000000000e+00 0.000000000000000000e+00 0.000000000000000000e+00 0.000000000000000000e+00 0.000000000000000000e+00 0.000000000000000000e+00 0.000000000000000000e+00 0.000000000000000000e+00 0.000000000000000000e+00 0.000000000000000000e+00 0.000000000000000000e+00 0.000000000000000000e+00 0.000000000000000000e+00 0.000000000000000000e+00 0.000000000000000000e+00 0.000000000000000000e+00 0.000000000000000000e+00
2.984631916562216593e-173 5.393852236808235474e-162 3.857417956127828102e-151 1.091720042524714815e-140 1.222851122035457835e-130 5.605661308255624141e-121 9.823679761847184697e-112 6.815322350217404400e-103 1.872030783975858097e-94 2.036151678251101553e-86 8.770850985413429654e-79 1.496513679783772830e-71 1.035601061312024055e-64 2.770069716738523069e-58 2.936868371300163476e-52 1.234523236360275894e-46 2.058158719842724489e-41 1.361406713858579779e-36 3.574491497574751421e-32 3.727104672524781430e-28 1.544191179932743187e-24 2.543740334806121304e-21 1.667192207938041309e-18 4.350767156336452857e-16 4.524414332574442535e-14 1.876463989256890164e-12 3.106489099334424619e-11 2.054532862069076972e-10 5.432586376613478067e-10 5.747026986085038727e-10 2.433622657622368879e-10 4.126562240590518079e-11 2.802271741529795467e-12 7.620525109236446790e-14 8.296312803414377348e-16 3.614092981028117330e-18 6.295729921341976892e-21 4.382198683835483933e-24 1.217785759794626334e-27 1.369881842528359823e-31 6.060349636097790241e-36 1.067614601871656409e-40 7.483177712066442770e-46 2.043385273009564625e-51 2.259341370054072819e-57 9.919591513651448594e-64 1.771511824586489174e-70 1.226209907332684504e-77 3.365505502801157861e-85 3.661374219436857530e-93 1.578374969482644675e-101 2.695443907364304776e-110 1.884500027805547144e-119 5.054151482135794504e-129 5.366432212843625421e-139 2.255491555243829048e-149 3.900523285363010600e-160 2.571376775060768989e-171 6.707696193966733562e-183 6.923205939224670476e-195 2.955786686504868314e-207 4.781685367212240503e-220 3.060032257092017225e-233 8.133549181450890591e-247 8.155540962255271368e-261 3.234464993250791693e-275 5.350123554400698614e-290 3.323853959276382184e-305 8.166905125755805375e-321 0.000000000000000000e+00 0.000000000000000000e+00 0.000000000000000000e+00 0.000000000000000000e+00 0.000000000000000000e+00 0.000000000000000000e+00 0.000000000000000000e+00 0.000000000000000000e+00 0.000000000000000000e+00 0.000000000000000000e+00 0.000000000000000000e+00 0.000000000000000000e+00 0.000000000000000000e+00 0.000000000000000000e+00 0.000000000000000000e+00 0.000000000000000000e+00 0.000000000000000000e+00 0.000000000000000000e+00 0.000000000000000000e+00 0.000000000000000000e+00 0.000000000000000000e+00 0.000000000000000000e+00 0.000000000000000000e+00 0.000000000000000000e+00 0.000000000000000000e+00 0.000000000000000000e+00
1.136839485879156837e-171 1.804474531808688378e-160 1.133428597100428034e-149 2.817457992092361011e-139 2.771864893896426804e-129 1.115823596836871141e-119 1.717533393261636011e-110 1.046614210225233450e-101 2.525173115818498341e-93 2.412555232552361238e-85 9.128761212287777445e-78 1.368269558017150303e-70 8.316504635729636110e-64 1.954394789895712061e-57 1.820611266078454201e-51 6.724995358218874709e-46 9.853589614472186923e-41 5.729376087637215701e-36 1.322639328224289623e-31 1.212939781445179942e-27 4.421584044098358992e-24 6.411673472385439580e-21 3.701446511474660400e-18 8.514633471217895372e-16 7.812211702939123130e-14 2.875629207532080757e-12 4.204260410384987159e-11 2.459187149315823701e-10 5.760292748982684703e-10 5.407478775832794322e-10 2.035653873966994405e-10 3.074166999621764860e-11 1.862521164882179886e-12 4.526239651907232350e-14 4.409934815315345050e-16 1.721395061049934361e-18 2.689681162367311984e-21 1.680581468898271926e-24 4.194666828740109831e-28 4.240378628679093527e-32 1.685928504047877660e-36 2.669427806809087955e-41 1.681717389178647248e-46 4.212044534559008164e-52 4.191081468939884211e-58 1.655686493509685258e-64 2.660543324078642255e-71 1.656497468017139763e-78 4.088876418432527146e-86 3.999957515346113582e-94 1.550286417569608920e-102 2.379903073746472366e-111 1.495768671030566506e-120 3.605204396989242909e-130 3.439775080125918228e-140 1.298978195154157476e-150 2.018499576274739290e-161 1.195380594102652402e-172 2.800998923175521726e-184 2.596649764586862442e-196 9.958360526174822292e-209 1.446790725011121816e-221 8.314498996253977220e-235 1.984837457745071472e-248 1.787064489921417421e-262 6.363762344520453414e-277 9.452667116228136618e-292 5.272593868438686589e-307 1.136350985434867052e-322 0.000000000000000000e+00 0.000000000000000000e+00 0.000000000000000000e+00 0.000000000000000000e+00 0.000000000000000000e+00 0.000000000000000000e+00 0.000000000000000000e+00 0.000000000000000000e+00 0.000000000000000000e+00 0.000000000000000000e+00 0.000000000000000000e+00 0.000000000000000000e+00 0.000000000000000000e+00 0.000000000000000000e+00 0.000000000000000000e+00 0.000000000000000000e+00 0.000000000000000000e+00 0.000000000000000000e+00 0.000000000000000000e+00 0.000000000000000000e+00 0.000000000000000000e+00 0.000000000000000000e+00 0.000000000000000000e+00 0.000000000000000000e+00 0.000000000000000000e+00 0.000000000000000000e+00
4.148609591063329916e-170 5.788321383477901525e-159 3.195925117111662901e-148 6.983336457358909658e-138 6.039260676038496356e-128 2.136639737103075773e-118 2.891051249717869748e-109 1.548667136136953898e-100 3.284664940936002976e-92 2.758769032369823987e-84 9.176995685045392090e-77 1.209280401171253870e-69 6.460971728279358279e-63 1.335008620795634981e-56 1.093551812274542597e-50 3.552312625582555176e-45 4.577960163017260103e-40 2.341659084411314763e-35 4.756658274262626266e-31 3.839560205336195533e-27 1.232481255878558532e-23 1.574576564488647458e-20 8.013946947351985890e-18 1.626639624575295639e-15 1.318270290074705538e-13 4.270941084912212504e-12 5.538596267431935187e-11 2.878531957629446186e-10 6.002476763151314093e-10 5.026775294001165467e-10 1.691777523469056667e-10 2.288985346868897850e-11 1.245031565101255724e-12 2.721368155962586989e-14 2.388645625476766006e-16 8.410955041864595728e-19 1.186747853129548534e-21 6.700952021814908097e-25 1.491778901558989849e-28 1.362177416350325113e-32 4.891923743096901290e-37 6.996398630435032010e-42 3.980997558423009296e-47 9.004426032918530740e-53 8.089837232765373613e-59 2.885099731132869094e-65 4.185103270643917960e-72 2.351406668666755747e-79 5.236744062366612693e-87 4.621220717170237705e-95 1.615421438232606644e-103 2.236349362175031443e-112 1.267534029962768158e-121 2.754325614008251422e-131 2.368944608613710957e-141 8.063434078075657773e-152 1.129451580408118678e-162 6.027796256638479886e-174 1.272753269411453947e-185 1.063144556990873469e-197 3.674140219785405204e-210 4.809139482638944089e-223 2.489822140060973407e-236 5.355209427665506166e-250 4.343325485149310577e-264 1.393187506316121890e-278 1.864308066307993140e-293 9.366375509712806163e-309 0.000000000000000000e+00 0.000000000000000000e+00 0.000000000000000000e+00 0.000000000000000000e+00 0.000000000000000000e+00 0.000000000000000000e+00 0.000000000000000000e+00 0.000000000000000000e+00 0.000000000000000000e+00 0.000000000000000000e+00 0.000000000000000000e+00 0.000000000000000000e+00 0.000000000000000000e+00 0.000000000000000000e+00 0.000000000000000000e+00 0.000000000000000000e+00 0.000000000000000000e+00 0.000000000000000000e+00 0.000000000000000000e+00 0.000000000000000000e+00 0.000000000000000000e+00 0.000000000000000000e+00 0.000000000000000000e+00 0.000000000000000000e+00 0.000000000000000000e+00 0.000000000000000000e+00 0.000000000000000000e+00
9.701035128443531317e-169 1.207961461967858757e-157 5.952280179324980402e-147 1.160747609275682591e-136 8.958779145886157432e-127 2.828221437996711929e-117 3.636768626632006578e-108 1.733734367479064640e-99 3.272547966557832318e-91 2.446179786110815551e-83 7.242051248218098295e-76 8.493549405943062264e-69 4.038321261958846448e-62 7.427262889795776322e-56 5.415727776747548619e-50 1.566185122144317148e-44 1.797109610584169016e-39 8.186015838507934200e-35 1.481150179403152362e-30 1.065279237136692233e-26 3.048100426268720833e-23 3.473125717388825606e-20 1.577704811063507008e-17 2.860873984865875851e-15 2.073732967126727859e-13 6.017930777589044650e-12 7.002644466723043439e-11 3.272373297133682651e-10 6.149698481827925041e-10 4.652936824384924713e-10 1.418450702454171634e-10 1.742807343013697258e-11 8.628861870367719827e-13 1.720450351000565807e-14 1.379924582960089723e-16 4.446345882876202333e-19 5.746685425682240008e-22 2.974403248403937695e-25 6.155495530854710751e-29 5.163411796343560968e-33 1.703289033911190295e-37 2.237469351633793401e-42 1.169187969028525857e-47 2.428148215970630624e-53 2.002594020895732809e-59 6.554689982791040465e-66 8.725667924474421381e-73 4.497525338557987067e-80 9.187039761235841155e-88 7.434650531895965050e-96 2.382906254807622215e-104 3.024210639140091101e-113 1.571380861728201229e-122 3.129494743143799266e-132 2.466617996114801471e-142 7.693266757046888717e-153 9.874624802341041725e-164 4.828135775052563268e-175 9.339006176169034923e-187 7.145870370420271084e-199 2.262336739025185094e-211 2.712223396286377362e-224 1.286061505573341285e-237 2.533639265132860079e-251 1.881870789168130817e-265 5.527906339562257992e-280 6.774813481318188091e-295 3.116797798090147452e-310 0.000000000000000000e+00 0.000000000000000000e+00 0.000000000000000000e+00 0.000000000000000000e+00 0.000000000000000000e+00 0.000000000000000000e+00 0.000000000000000000e+00 0.000000000000000000e+00 0.000000000000000000e+00 0.000000000000000000e+00 0.000000000000000000e+00 0.000000000000000000e+00 0.000000000000000000e+00 0.000000000000000000e+00 0.000000000000000000e+00 0.000000000000000000e+00 0.000000000000000000e+00 0.000000000000000000e+00 0.000000000000000000e+00 0.000000000000000000e+00 0.000000000000000000e+00 0.000000000000000000e+00 0.000000000000000000e+00 0.000000000000000000e+00 0.000000000000000000e+00 0.000000000000000000e+00 0.000000000000000000e+00
2.542162147963581182e-167 2.811941612354509035e-156 1.230852336421687271e-145 2.132216906052877347e-135 1.461892455515711462e-125 4.098986919479187397e-116 4.397198814400415484e-107 1.867505502861879645e-98 3.140430592194971583e-90 2.091326437134743142e-82 5.516120850909527739e-75 5.763832284477525619e-68 2.441242689545185879e-61 4.000591559105994010e-55 2.599353001851830475e-49 6.698884444196559250e-44 6.850734173381524887e-39 2.781699940707613366e-34 4.487570224700931209e-30 2.878636122143004248e-26 7.349383599800489104e-23 7.476438727713534028e-20 3.034548781745161357e-17 4.921671539752458485e-15 3.195193512192785754e-13 8.318806951284745210e-12 8.702646113584913994e-11 3.665205541708498528e-10 6.225147008359962930e-10 4.269687365007114699e-10 1.183596878859665543e-10 1.326376896989799194e-11 6.006118692836094177e-13 1.097819194093073109e-14 8.087526968767767463e-17 2.396900985463685160e-19 2.852146244088180404e-22 1.359934602876351125e-25 2.593410953862914995e-29 2.005027938647251343e-33 6.094779266288033268e-38 7.376259086706198255e-43 3.550362087155163828e-48 6.789871775417132268e-54 5.155415637532354245e-60 1.553089362404210468e-66 1.809179788699649423e-73 8.554466633579493345e-81 1.602659998666897609e-88 1.189299655256316171e-96 3.494853519312037396e-105 4.065922446075816686e-114 1.936654955869065899e-123 3.534739460341507887e-133 2.552993958596666389e-143 7.295931514901954031e-154 8.580901722280070743e-165 3.843631329467068298e-176 6.810553268703413313e-188 4.773414551714266463e-200 1.384388111029494331e-212 1.520100914164531417e-225 6.601394565281992209e-239 1.191206685822278898e-252 8.102638495450745152e-267 2.179605559157850338e-281 2.446479699800249862e-296 1.030647827317272891e-311 0.000000000000000000e+00 0.000000000000000000e+00 0.000000000000000000e+00 0.000000000000000000e+00 0.000000000000000000e+00 0.000000000000000000e+00 0.000000000000000000e+00 0.000000000000000000e+00 0.000000000000000000e+00 0.000000000000000000e+00 0.000000000000000000e+00 0.000000000000000000e+00 0.000000000000000000e+00 0.000000000000000000e+00 0.000000000000000000e+00 0.000000000000000000e+00 0.000000000000000000e+00 0.000000000000000000e+00 0.000000000000000000e+00 0.000000000000000000e+00 0.000000000000000000e+00 0.000000000000000000e+00 0.000000000000000000e+00 0.000000000000000000e+00 0.000000000000000000e+00 0.000000000000000000e+00 0.000000000000000000e+00
5.851100333941531029e-166 5.772555143429385730e-155 2.253700730743732014e-144 3.482181802982418067e-134 2.129447055597952887e-124 5.324576028324846362e-115 5.094722255135258980e-106 1.929947270663194941e-97 2.894783252885725579e-89 1.719481006287643317e-81 4.045434232349344495e-74 3.770578698628938551e-67 1.424326403068211171e-60 2.082180713156244315e-54 1.206922234703139012e-48 2.775045192795269536e-43 2.532244435675835870e-38 9.175857384726230392e-34 1.321326888773304688e-29 7.568025748791818073e-26 1.725968351354516674e-22 1.569378897468782602e-19 5.698297897866737890e-17 8.277158195755219253e-15 4.820022384150612271e-13 1.127868975158447268e-11 1.063099835986850892e-10 4.046150145788156254e-10 6.231545655797120904e-10 3.889979465005550007e-10 9.851224618633638693e-11 1.012139079583712432e-11 4.215320051363034599e-13 7.105010114036660255e-15 4.836255317333100032e-17 1.326179014890622674e-19 1.461343760793231120e-22 6.455284395399581351e-26 1.140619381505182267e-29 8.171060473084736781e-34 2.300720517698314044e-38 2.578516324140582427e-43 1.148950179960489474e-48 2.033527659235388056e-54 1.428506031876561510e-60 3.980366332596714070e-67 4.509647530458240688e-74 1.976898569029833871e-81 3.432993600921132990e-89 2.360924879636206550e-97 6.428461711643203710e-106 6.928836024803772082e-115 3.057529875005583089e-124 5.168822031853274564e-134 3.457441433039397847e-144 9.149911645156227836e-155 9.965893944872365065e-166 3.808032317920245382e-177 6.229320879442064893e-189 4.030530772475962569e-201 1.079188478439714825e-213 1.093819140458600923e-226 4.384553032435961816e-240 7.303509522884423692e-254 4.585206666031294054e-268 1.138377889795915388e-282 1.179422088425291701e-297 4.585579454201049543e-313 0.000000000000000000e+00 0.000000000000000000e+00 0.000000000000000000e+00 0.000000000000000000e+00 0.000000000000000000e+00 0.000000000000000000e+00 0.000000000000000000e+00 0.000000000000000000e+00 0.000000000000000000e+00 0.000000000000000000e+00 0.000000000000000000e+00 0.000000000000000000e+00 0.000000000000000000e+00 0.000000000000000000e+00 0.000000000000000000e+00 0.000000000000000000e+00 0.000000000000000000e+00 0.000000000000000000e+00 0.000000000000000000e+00 0.000000000000000000e+00 0.000000000000000000e+00 0.000000000000000000e+00 0.000000000000000000e+00 0.000000000000000000e+00 0.000000000000000000e+00 0.000000000000000000e+00 0.000000000000000000e+00
1.178494924475136099e-164 1.041415062633644405e-153 3.918233077575289207e-143 5.407243073919491686e-133 2.953405109215924866e-123 6.594763426440471846e-114 5.635989908968676526e-105 1.906923879445884989e-96 2.554733951299579073e-88 1.355418059466459001e-80 2.848349399228966881e-73 2.371353655627227995e-66 8.000065314146555699e-60 1.044692038108026798e-53 5.409482671774962141e-48 1.111174873713466753e-42 9.059325855587647503e-38 2.933428584930649599e-33 3.775426748522178295e-29 1.933276997742544209e-25 3.943552659015563897e-22 3.209206863925929542e-19 1.043805222902776421e-16 1.359904650574736426e-14 7.115147359086207964e-13 1.499367228001008996e-11 1.276525008121382705e-10 4.404347105160252412e-10 6.175065342701081756e-10 3.525080843972229466e-10 8.201021489672570993e-11 7.773443243311212289e-12 2.997585062924822404e-13 4.691408093143914213e-15 2.971104685389102136e-17 7.589812396133092711e-20 7.796346340320854536e-23 3.211170617664450809e-26 5.290182192893123003e-30 3.532916668141852936e-34 9.269436364144993420e-39 9.676852529473761153e-44 4.014944137925383110e-49 6.614381407029152152e-55 4.323550627463537119e-61 1.120656902244273358e-67 1.180911160694882125e-74 4.813199420368304050e-82 7.769754754923860796e-90 4.966174932217444353e-98 1.256558253049690644e-106 1.258375305491019458e-115 5.159292610776445044e-125 8.101847614014797327e-135 5.033599915411454877e-145 1.237187483927094733e-155 1.251546104534645451e-166 4.820084357869235596e-178 7.342462653324611499e-190 4.051589480839265852e-202 1.007345631860758765e-214 9.479346874516832116e-228 3.527728350688866572e-241 5.456007139179625441e-255 3.179909792754205159e-269 7.329002749246682825e-284 7.049707241171737547e-299 2.544380769902224222e-314 0.000000000000000000e+00 0.000000000000000000e+00 0.000000000000000000e+00 0.000000000000000000e+00 0.000000000000000000e+00 0.000000000000000000e+00 0.000000000000000000e+00 0.000000000000000000e+00 0.000000000000000000e+00 0.000000000000000000e+00 0.000000000000000000e+00 0.000000000000000000e+00 0.000000000000000000e+00 0.000000000000000000e+00 0.000000000000000000e+00 0.000000000000000000e+00 0.000000000000000000e+00 0.000000000000000000e+00 0.000000000000000000e+00 0.000000000000000000e+00 0.000000000000000000e+00 0.000000000000000000e+00 0.000000000000000000e+00 0.000000000000000000e+00 0.000000000000000000e+00 0.000000000000000000e+00 0.000000000000000000e+00
2.830243654192660609e-163 2.224698951772907693e-152 6.920182982534213088e-142 8.519080659782042455e-132 4.150787126553868270e-122 8.266515578824865131e-113 6.302130162265865564e-104 1.902159015659508034e-95 2.273309421769444660e-87 1.075943786742128142e-79 2.017057577079944639e-72 1.498087138552613448e-65 4.507993365938071674e-59 5.251895550708783809e-53 2.426272760120193170e-47 4.446804731165668474e-42 3.235046019989285982e-37 9.348323210192668822e-33 1.073938131730326430e-28 4.910033126525369447e-25 8.946204433850977264e-22 6.507068187969096884e-19 1.893448044976302114e-16 2.209978626432829283e-14 1.037921588384329778e-12 1.968653630368759311e-11 1.514004214060243883e-10 4.739757633142780887e-10 6.061156519185342067e-10 3.173676616393174254e-10 6.810108248549942439e-11 5.983612947091543981e-12 2.147603346716287417e-13 3.137702656073402246e-15 1.858610287057805020e-17 4.445477408662286126e-20 4.277304671284286322e-23 1.650150742293655681e-26 2.545613581477727791e-30 1.591426483188559684e-34 3.906603069290120041e-39 3.813982719581653494e-44 1.479244763828580486e-49 2.277190673368354911e-55 1.390438934599570633e-61 3.365536791082948430e-68 3.311314660410142564e-75 1.259716425259763635e-82 1.792932254417991594e-90 1.066190568039715690e-98 2.509490425257181412e-107 2.337468033609629687e-116 8.913672487162077401e-126 1.301636545829829068e-135 7.519443180776022147e-146 1.718347242793373227e-156 1.616258126337689546e-167 5.786733007949045683e-179 8.194336949783635495e-191 4.589179457204955505e-203 1.063728155132261891e-215 9.330652324872308435e-229 3.236665094801235287e-242 4.666408060109619469e-256 2.534961787430077808e-270 5.445554790092870153e-285 4.882573263514056665e-300 1.642430672425684977e-315 0.000000000000000000e+00 0.000000000000000000e+00 0.000000000000000000e+00 0.000000000000000000e+00 0.000000000000000000e+00 0.000000000000000000e+00 0.000000000000000000e+00 0.000000000000000000e+00 0.000000000000000000e+00 0.000000000000000000e+00 0.000000000000000000e+00 0.000000000000000000e+00 0.000000000000000000e+00 0.000000000000000000e+00 0.000000000000000000e+00 0.000000000000000000e+00 0.000000000000000000e+00 0.000000000000000000e+00 0.000000000000000000e+00 0.000000000000000000e+00 0.000000000000000000e+00 0.000000000000000000e+00 0.000000000000000000e+00 0.000000000000000000e+00 0.000000000000000000e+00 0.000000000000000000e+00 0.000000000000000000e+00
6.346141994864998511e-162 4.445506778463604976e-151 1.232344052984871210e-140 1.351985500257821441e-130 5.870505443068702872e-121 1.041735732593075293e-111 7.077679903887705116e-103 1.903798336531412139e-94 2.027710744785565431e-86 8.552911119606267608e-79 1.428973958316597256e-71 9.458689405027438037e-65 2.536276268922222658e-58 2.633521908792527390e-52 1.084385763857482420e-46 1.771487032448401004e-41 1.148811327137480358e-36 2.959571108626492003e-32 3.031619405171745175e-28 1.236213320083720866e-24 2.009728200790129638e-21 1.305110741704240154e-18 3.393932294517821384e-16 3.545463354185151824e-14 1.493646419767597907e-12 2.549363200951448367e-11 1.771946310446557868e-10 5.041317119444047269e-10 5.891931050479753242e-10 2.834169637665121105e-10 5.624992146309351090e-11 4.598075079012049848e-12 1.542243244125243744e-13 2.112004656967347265e-15 1.174595318680843493e-17 2.639623653910956860e-20 2.386402334094196057e-23 8.647911244007849597e-27 1.252506166964539148e-30 7.348109201696762389e-35 1.691646651499973704e-39 1.548066922364848636e-44 5.625408884871211869e-50 8.110414647362345976e-56 4.636333353287497109e-62 1.050331237757501964e-68 9.670620007245486744e-76 3.441663303520777252e-83 4.849196090624166497e-91 2.704368208872819877e-99 5.968719148020721077e-108 5.212594068991202284e-117 1.863699634062222330e-126 2.551164904638794093e-136 1.381436602037122882e-146 2.958858678631774278e-157 2.608619836639480394e-168 8.752980267614588474e-180 1.161557097947726540e-191 6.096075559006668559e-204 1.324232814439857336e-216 1.088451445519677747e-229 3.537920661210614791e-243 4.779924077367238099e-257 2.433025826245424554e-271 4.897200870063328865e-286 4.114554467732410677e-301 1.296823902456620602e-316 0.000000000000000000e+00 0.000000000000000000e+00 0.000000000000000000e+00 0.000000000000000000e+00 0.000000000000000000e+00 0.000000000000000000e+00 0.000000000000000000e+00 0.000000000000000000e+00 0.000000000000000000e+00 0.000000000000000000e+00 0.000000000000000000e+00 0.000000000000000000e+00 0.000000000000000000e+00 0.000000000000000000e+00 0.000000000000000000e+00 0.000000000000000000e+00 0.000000000000000000e+00 0.000000000000000000e+00 0.000000000000000000e+00 0.000000000000000000e+00 0.000000000000000000e+00 0.000000000000000000e+00 0.000000000000000000e+00 0.000000000000000000e+00 0.000000000000000000e+00 0.000000000000000000e+00 0.000000000000000000e+00
1.538974775787416405e-160 9.573906607072802608e-150 2.356928166580778616e-139 2.296324914661566565e-129 8.854916082661174765e-120 1.395198551114940666e-110 8.418205028527524589e-102 2.010951477180288114e-93 1.902134833216078521e-85 7.125368118779972660e-78 1.057256072426828060e-70 6.215202268306131325e-64 1.479851014144015444e-57 1.364725258240464088e-51 4.991067771547996117e-46 7.242181197329515999e-41 4.171875042502057679e-36 9.547864666241177066e-32 8.689881556452348097e-28 3.149190637412058000e-24 4.551727262332172761e-21 2.629595971841226229e-18 6.089510359699015995e-16 5.673928531998893297e-14 2.137331965764597599e-12 3.274081254625220658e-11 2.053216085515588554e-10 5.307158543128237858e-10 5.686971919493802616e-10 2.534981380449951629e-10 4.700956529837052417e-11 3.614902451372150945e-12 1.146061289795594021e-13 1.487721558443781511e-15 7.853420058541250296e-18 1.675646410368301440e-20 1.437883813178945013e-23 4.942867761377096560e-27 6.786454088178602169e-31 3.772086393894515942e-35 8.221638042234212781e-40 7.119476002836775796e-45 2.350802543008174282e-50 3.195269121421515737e-56 1.721451857440707323e-62 3.674331567448668215e-69 3.186935549755985581e-76 1.068133777546789609e-83 1.417066329670787918e-91 7.440219983156261414e-100 1.545776414948363122e-108 1.270630454279532441e-117 4.276049677610002126e-127 5.508500400982610727e-137 2.806892506460710846e-147 5.657116625071274093e-158 4.693297447512056454e-169 1.481704687318978680e-180 1.849992090503977370e-192 9.134622182852474323e-205 1.867004683090024828e-217 1.443713259728429159e-230 4.414716517903397806e-244 5.611674469831050987e-258 2.687127588727520361e-272 5.088086601497690527e-287 4.021895434105013718e-302 1.192464985226932469e-317 0.000000000000000000e+00 0.000000000000000000e+00 0.000000000000000000e+00 0.000000000000000000e+00 0.000000000000000000e+00 0.000000000000000000e+00 0.000000000000000000e+00 0.000000000000000000e+00 0.000000000000000000e+00 0.000000000000000000e+00 0.000000000000000000e+00 0.000000000000000000e+00 0.000000000000000000e+00 0.000000000000000000e+00 0.000000000000000000e+00 0.000000000000000000e+00 0.000000000000000000e+00 0.000000000000000000e+00 0.000000000000000000e+00 0.000000000000000000e+00 0.000000000000000000e+00 0.000000000000000000e+00 0.000000000000000000e+00 0.000000000000000000e+00 0.000000000000000000e+00 0.000000000000000000e+00 0.000000000000000000e+00
3.159015993657967102e-159 1.754791901654697417e-148 3.857441752707704573e-138 3.355857330831899563e-128 1.155506367884734160e-118 1.625424831279006240e-109 8.757294097967004175e-101 1.867983259690281436e-92 1.577740307522156534e-84 5.277483809993401244e-77 6.992437891283026470e-70 3.670600986375448771e-63 7.803046274116701397e-57 6.425986726779148145e-51 2.098690357935622505e-45 2.719577022443672043e-40 1.399151068538007595e-35 2.860073176203662644e-31 2.325296523598365175e-27 7.529162289177166325e-24 9.726460633340161228e-21 5.025126031117850189e-18 1.041696904772571708e-15 8.702740230904576076e-14 2.947360298031267577e-12 4.076639218298449736e-11 2.323087761702861293e-10 5.503906493461066939e-10 5.462945101389440224e-10 2.280750228692499179e-10 4.001424988223071309e-11 2.933596288325585440e-12 8.910997201182078754e-14 1.111064004090452075e-15 5.637951327249201718e-18 1.156131749788294399e-20 9.528507095156999163e-24 3.143415806568588320e-27 4.138428120327086174e-31 2.204211378817340334e-35 4.600488219754435473e-40 3.812702035857812605e-45 1.253568929453640726e-50 1.634001420084022224e-56 8.060883346281509201e-63 1.644350230210736215e-69 1.362867024366474023e-76 4.363762566037460768e-84 5.529875074895092416e-92 2.772974416093104338e-100 5.501688247143069164e-109 4.318366693668149373e-118 1.387691004180083250e-127 1.706771827673983994e-137 8.303043259119059803e-148 1.597559533386477998e-158 1.265334415739215273e-169 3.813376319465587298e-181 4.544929344884468550e-193 2.142137407612346531e-205 4.179500038808529908e-218 3.084920048153962430e-231 9.004171214102083535e-245 1.092539638888176043e-258 4.993456532511570599e-273 9.024681102370820962e-288 6.809265667690353289e-303 1.926959772566488184e-318 0.000000000000000000e+00 0.000000000000000000e+00 0.000000000000000000e+00 0.000000000000000000e+00 0.000000000000000000e+00 0.000000000000000000e+00 0.000000000000000000e+00 0.000000000000000000e+00 0.000000000000000000e+00 0.000000000000000000e+00 0.000000000000000000e+00 0.000000000000000000e+00 0.000000000000000000e+00 0.000000000000000000e+00 0.000000000000000000e+00 0.000000000000000000e+00 0.000000000000000000e+00 0.000000000000000000e+00 0.000000000000000000e+00 0.000000000000000000e+00 0.000000000000000000e+00 0.000000000000000000e+00 0.000000000000000000e+00 0.000000000000000000e+00 0.000000000000000000e+00 0.000000000000000000e+00 0.000000000000000000e+00
4.646304779767064470e-158 2.511392287561982632e-147 4.973160996164846125e-137 3.897467523865332145e-127 1.208923163007629163e-117 1.531694807148283623e-108 7.434045042801485675e-100 1.428497243365377757e-91 1.086912415596823100e-83 3.275218656637843018e-76 3.909297129251635225e-69 1.848702698535298764e-62 3.539881196502765985e-56 2.626242274162824960e-50 7.727208144475286462e-45 9.021267809429329377e-40 4.181589626095360501e-35 7.701807357644150069e-31 5.642565411499280618e-27 1.646643588598650403e-23 1.917718493803643606e-20 8.936540314914897983e-18 1.672411774887017536e-15 1.263382197597016463e-13 3.879929211988256674e-12 4.889893286580919538e-11 2.558443324087349226e-10 5.625961181592005210e-10 5.252859227214820919e-10 2.092190021176800984e-10 3.544870730521198544e-11 2.531688152226301115e-12 7.528053032024625210e-14 9.206663468742438734e-16 4.583377157911336676e-18 9.214970548503355399e-21 7.439134387765003983e-24 2.401529532413718978e-27 3.091204798886565429e-31 1.608572304217147468e-35 3.277921121521509206e-40 2.651005464520632050e-45 8.502094468064318973e-51 1.035017694693381139e-56 5.196428452207583412e-63 1.033106614435363880e-69 8.343894615050263769e-77 2.602898073945676184e-84 3.213198559093354939e-92 1.569457453468985584e-100 3.032803676402252666e-109 2.318366722205262721e-118 7.255415797775526338e-128 8.689873509739544124e-138 4.116484145498927558e-148 7.712282263825573117e-159 5.948036107241489455e-170 1.745389680893211762e-181 2.025423045438652483e-193 9.294681833182530501e-206 1.765719726417787941e-218 1.268903118797432777e-231 3.605876765135286144e-245 4.259914466092191230e-259 1.895571980290139155e-273 3.335364440835548196e-288 2.450188388305064603e-303 6.750616545387288032e-319 0.000000000000000000e+00 0.000000000000000000e+00 0.000000000000000000e+00 0.000000000000000000e+00 0.000000000000000000e+00 0.000000000000000000e+00 0.000000000000000000e+00 0.000000000000000000e+00 0.000000000000000000e+00 0.000000000000000000e+00 0.000000000000000000e+00 0.000000000000000000e+00 0.000000000000000000e+00 0.000000000000000000e+00 0.000000000000000000e+00 0.000000000000000000e+00 0.000000000000000000e+00 0.000000000000000000e+00 0.000000000000000000e+00 0.000000000000000000e+00 0.000000000000000000e+00 0.000000000000000000e+00 0.000000000000000000e+00 0.000000000000000000e+00 0.000000000000000000e+00 0.000000000000000000e+00 0.000000000000000000e+00
7.086837804135801093e-157 3.206528438673250860e-146 5.741501912714285106e-136 4.068678576088404874e-126 1.141175220937595309e-116 1.307211334030018733e-107 5.737062940032111047e-99 9.968687799280099501e-91 6.858832858683719921e-83 1.868941659389153576e-75 2.017235440846439064e-68 8.626416746628941098e-62 1.493461691044753482e-55 1.001969072916430955e-49 2.666019291770097721e-44 2.814748482887193361e-39 1.179939878110529796e-34 1.965533759354623655e-30 1.302476269175110206e-26 3.438405779582094079e-23 3.623333356212997407e-20 1.528420719242110169e-17 2.591276790038693587e-15 1.776106893636513805e-13 4.963557114101445350e-12 5.723111563421104315e-11 2.764509810983244553e-10 5.689450823043349226e-10 5.058567520739544293e-10 1.953374805407182602e-10 3.256431925982846865e-11 2.309980143640379283e-12 6.853165576515750099e-14 8.372416584803031193e-16 4.161775289529463107e-18 8.345691270479233663e-21 6.711984060005264019e-24 2.156292958205680363e-27 2.680813635603394445e-31 1.382058809806159045e-35 2.788456208410238236e-40 2.231753643477456315e-45 7.080520517048670015e-51 8.900013187950172920e-57 4.430458205289025205e-63 8.731837887929824763e-70 6.990126309543444894e-77 2.161073162642786691e-84 2.643643226505261563e-92 1.279478757507719169e-100 2.449728856607130564e-109 1.855338915872172039e-118 5.752524344757241834e-128 6.825636874562205587e-138 3.203148996210032137e-148 5.944894029039936665e-159 4.541955427585892652e-170 1.320249799967458561e-181 1.517636200477677087e-193 6.898734045064694743e-206 1.298199421643041385e-218 9.241078804835531122e-232 2.601215400812082888e-245 3.043974448572768548e-259 1.341671634182516090e-273 2.338368231098357945e-288 1.701520509931620441e-303 4.643426565874371521e-319 0.000000000000000000e+00 0.000000000000000000e+00 0.000000000000000000e+00 0.000000000000000000e+00 0.000000000000000000e+00 0.000000000000000000e+00 0.000000000000000000e+00 0.000000000000000000e+00 0.000000000000000000e+00 0.000000000000000000e+00 0.000000000000000000e+00 0.000000000000000000e+00 0.000000000000000000e+00 0.000000000000000000e+00 0.000000000000000000e+00 0.000000000000000000e+00 0.000000000000000000e+00 0.000000000000000000e+00 0.000000000000000000e+00 0.000000000000000000e+00 0.000000000000000000e+00 0.000000000000000000e+00 0.000000000000000000e+00 0.000000000000000000e+00 0.000000000000000000e+00 0.000000000000000000e+00 0.000000000000000000e+00
7.464941032786905993e-156 3.085401348090191645e-145 5.046822877689531022e-135 3.267191840813186050e-125 8.371712017721500246e-116 8.759902388930899434e-107 3.512408078756304209e-98 5.576018311437661418e-90 3.505217964367856374e-82 8.726613861193954231e-75 8.605920344004586859e-68 3.362532734576814522e-61 5.548363514432129744e-55 3.391520685492171392e-49 8.222013853549612001e-44 7.909274370572523457e-39 3.020994577832313662e-34 4.585433993250114545e-30 2.768895673603108152e-26 6.661554202157532044e-23 6.398628386874024433e-20 2.461092055826149371e-17 3.807097335936209436e-15 2.384181354848098519e-13 6.105049499131689605e-12 6.486955941306842189e-11 2.918405815919619727e-10 5.690245839548788225e-10 4.902119967044084448e-10 1.876844470287788090e-10 3.157677829830641283e-11 2.283414263424435624e-12 6.932640424446253901e-14 8.670823851078763787e-16 4.407993135534355745e-18 9.027619469788327911e-21 7.405264951007023898e-24 2.423799229168160107e-27 3.157518801785601978e-31 1.660485432261184479e-35 3.415702070207564280e-40 2.786040091238904485e-45 9.005123609407614338e-51 1.152892771886331376e-56 5.844344696869836261e-63 1.172778487191694735e-69 9.557746768418508132e-77 3.007961677033530217e-84 3.745474459423380474e-92 1.845073624145270078e-100 3.375791039140779659e-109 2.594686459405550555e-118 8.163976700944030737e-128 9.830320401398310969e-138 4.681385195524317374e-148 8.816720548399503193e-159 6.835273532341422760e-170 2.016155450133192080e-181 2.351723284842263252e-193 1.084763220436382430e-205 2.071290882615242775e-218 1.496109985435685235e-231 4.273227037267883104e-245 5.073967272518987987e-259 2.269278688823891055e-273 4.013172729650347058e-288 2.963018586366934913e-303 8.204750554227244861e-319 0.000000000000000000e+00 0.000000000000000000e+00 0.000000000000000000e+00 0.000000000000000000e+00 0.000000000000000000e+00 0.000000000000000000e+00 0.000000000000000000e+00 0.000000000000000000e+00 0.000000000000000000e+00 0.000000000000000000e+00 0.000000000000000000e+00 0.000000000000000000e+00 0.000000000000000000e+00 0.000000000000000000e+00 0.000000000000000000e+00 0.000000000000000000e+00 0.000000000000000000e+00 0.000000000000000000e+00 0.000000000000000000e+00 0.000000000000000000e+00 0.000000000000000000e+00 0.000000000000000000e+00 0.000000000000000000e+00 0.000000000000000000e+00 0.000000000000000000e+00 0.000000000000000000e+00 0.000000000000000000e+00
7.038951951567266241e-27 2.632027884051946859e-26 9.368513105222565547e-26 3.174322564836688465e-25 1.023844839628065407e-24 3.148867101843194453e-24 9.202745090699897086e-24 2.560298159757986245e-23 6.780726050072131479e-23 1.709530041872844948e-22 4.102933742813125565e-22 9.374147909697267556e-22 2.041234103322594370e-21 4.226132070310833964e-21 8.329510234596125252e-21 1.562874521283299770e-20 2.791637525879736978e-20 4.747075878864857637e-20 7.684709127640178107e-20 1.184307865390090613e-19 1.737558502692547603e-19 2.426909246862399712e-19 3.227070540622820263e-19 4.085127835497455829e-19 4.923188486462837710e-19 5.648487084610643240e-19 6.169696790459555750e-19 6.415677665893624129e-19 6.351396158941441028e-19 5.986109001350924593e-19 5.371177148746285350e-19 4.588221054472641367e-19 3.731381343960657972e-19 2.888987775535082285e-19 2.129475931268238253e-19 1.494344754956962129e-19 9.983431813055550567e-20 6.349795183499834256e-20 3.844944598769536113e-20 2.218474179259418023e-20 1.217635127478246846e-20 6.362515192622680832e-21 3.165108370509393462e-21 1.498978910147855154e-21 6.758473729975941180e-22 2.900993651163717618e-22 1.187140510679153801e-22 4.618695664333296400e-23 1.710714696485375725e-23 6.032194019888640830e-24 2.024933921121322052e-24 6.471165699999130218e-25 1.972416899888857270e-25 5.713074719282097702e-26 1.575329938624600570e-26 4.135247791805976305e-27 1.035617366189107626e-27 2.463840284762954912e-28 5.580172837219959889e-29 1.203101682836044747e-29 2.475409672416393778e-30 4.836895855893791193e-31 8.903165488080736620e-32 1.580253098997813875e-32 2.663039969950869308e-33 4.272024293734343723e-34 6.542779586524832022e-35 9.511599860981238572e-36 1.316261598618938834e-36 1.739379335718073289e-37 2.181236866731866704e-38 2.603760231973940052e-39 2.968612424010871234e-40 3.211116858490194612e-41 3.317979452176617171e-42 3.252149642018258016e-43 3.045390593957331096e-44 2.704730005941755668e-45 2.286528748145732829e-46 1.847124936523010255e-47 1.414875378125526200e-48 1.035780872082185299e-49 7.188681984719594565e-51 4.768913914743705742e-52 2.998823177295056475e-53 1.802736468638268009e-54 1.027080267730851715e-55 5.594842527018767625e-57 2.887964293173897322e-58 1.425504516231943138e-59 6.666466364127886194e-61 2.981654100471807213e-62 1.263278565060277237e-63 5.119614722201337530e-65 1.975045949089254340e-66
4.432559855690140566e-08 1.751684829619665290e-07 6.575525912090366510e-07 2.344673698942956740e-06 7.941745396727893159e-06 2.559751527942603997e-05 7.822994952678764054e-05 2.271133152790990033e-04 6.263406999764192448e-04 1.640896936054779456e-03 4.083745859852693991e-03 9.654880067007138786e-03 2.171063141173694075e-02 4.631906589158760884e-02 9.387924324536031651e-02 1.807613265794582313e-01 3.306520365954771501e-01 5.746059158871695827e-01 9.486489368219253038e-01 1.487923768927337909e+00 2.217167954457068380e+00 3.138788982808044636e+00 4.221569507983018887e+00 5.394318217590380549e+00 6.548657425606750238e+00 7.553064018164732829e+00 8.276583891695443285e+00 8.616636975421741340e+00 8.522845561130360181e+00 8.009267229856479986e+00 7.150941878018850062e+00 6.065920635181946352e+00 4.888703275302367146e+00 3.743297376603394344e+00 2.723194420794067927e+00 1.882202537159263667e+00 1.235995584080742837e+00 7.711334949593755539e-01 4.570916429520648361e-01 2.576540116449279605e-01 1.378678200376945440e-01 7.008829594914174621e-02 3.385187595317956655e-02 1.553361246676948637e-02 6.771927630703417078e-03 2.804785795019484017e-03 1.105277103898162205e-03 4.132181624602692771e-04 1.467663121117244291e-04 4.952321669033004704e-05 1.587535260252604419e-05 4.834665514625614835e-06 1.401453855363785458e-06 3.852139189005697354e-07 1.005871027862345357e-07 2.495145067513769301e-08 5.893045167158390810e-09 1.319294023219130332e-09 2.805719164509340871e-10 5.668176123018234763e-11 1.090568820082588968e-11 1.988230278300788764e-12 3.443213141218304102e-13 5.680172935259665976e-14 8.876613162164123056e-15 1.302099960111706258e-15 1.841000642058400320e-16 2.465106126083756888e-17 3.135270440690004698e-18 3.800099798696033384e-19 4.360853310948684478e-20 4.753276678170975241e-21 4.938395454726009981e-22 4.856460764203850886e-23 4.552874784845916733e-24 4.039394175355863147e-25 3.416956798155493120e-26 2.734961031909435585e-27 2.079124869982108399e-28 1.507282643910552650e-29 1.033673141615744320e-30 6.761112383518421048e-32 4.182653225785701834e-33 2.468277459769941852e-34 1.377398291333928554e-35 7.333239539331952109e-37 3.691310729044630020e-38 1.772959425144936923e-39 8.049902904646861167e-41 3.488019988410457357e-42 1.428454742511410050e-43 5.583593939416184154e-45 2.062463147792213653e-46 7.272471869912992343e-48 2.435654060196375120e-49
3.709651234331544211e-07 1.283666931883935093e-06 4.240463853494469408e-06 1.337275321753684452e-05 4.026052851124630697e-05 1.158998426278357345e-04 3.179999689999540771e-04 8.329839505725911575e-04 2.083129082538601792e-03 4.973594205616437523e-03 1.133714507796311326e-02 2.467293160606609179e-02 5.132138060124370044e-02 1.018040541747897570e-01 1.928095341695421905e-01 3.486524615778041625e-01 6.019518326271913189e-01 9.922916827347934010e-01 1.561813731668075800e+00 2.347117847366969823e+00 3.367903504058579411e+00 4.614308023727482500e+00 6.036408548379898598e+00 7.540123347445187640e+00 8.993080989222686839e+00 1.024167504164338816e+01 1.113699088901174861e+01 1.156380640929806169e+01 1.146492607496767668e+01 1.085376341928039778e+01 9.811354258024321595e+00 8.468717795103156476e+00 6.970578212335180268e+00 5.484222339829154080e+00 4.120039927437484373e+00 2.955475404208864898e+00 2.024379697116134302e+00 1.324018822354792624e+00 8.268609722691959707e-01 4.934754774226784990e-01 2.809970194583742420e-01 1.527805818419085138e-01 7.931630236461408023e-02 3.931714011077768606e-02 1.860902502644311632e-02 8.409775868640891397e-03 3.633599843201066638e-03 1.497120454446760609e-03 5.889587890691802162e-04 2.212165975136694469e-04 7.933249535608060906e-05 2.716320154343703386e-05 8.895374817917136797e-06 2.776545899964424266e-06 8.274250993581932938e-07 2.354133895787321643e-07 6.407557417909635589e-08 1.661763146339838978e-08 4.114435181801384043e-09 9.725479124199538080e-10 2.199759712519205761e-10 4.739274227326843104e-11 9.747508099907324719e-12 1.918744528607474145e-12 3.596712683038711090e-13 6.436133811995872232e-14 1.102464738529617177e-14 1.797886357543366423e-15 2.798828878476805801e-16 4.171476017737178496e-17 5.917717759153007396e-18 8.013489327819837551e-19 1.039125356270291023e-19 1.282209643696884445e-20 1.515243491103323725e-21 1.703649093876406223e-22 1.834695228707840227e-23 1.879541278524083563e-24 1.837864288000335173e-25 1.721640402908158000e-26 1.533807716523479833e-27 1.309246841603138760e-28 1.062679406819898625e-29 8.265330637039403366e-31 6.111943072539549267e-32 4.331427834482163423e-33 2.917932883933021037e-34 1.884117930350341315e-35 1.156285198757311198e-36 6.802470171068076890e-38 3.802983331734661430e-39 2.038372640961674245e-40 1.038080790656327275e-41 5.069172245683401148e-43 2.362805825482781257e-44
2.690315168515184775e-06 8.184604039130722060e-06 2.388663529694633428e-05 6.687754365163963322e-05 1.796300247373335327e-04 4.635255490429156288e-04 1.145795046369627989e-03 2.717247621127110140e-03 6.182237663107515227e-03 1.349464669148534718e-02 2.826062487269647566e-02 5.678209615231220170e-02 1.095669137196803450e-01 2.026352132971852293e-01 3.595623475400428481e-01 6.121556006711655895e-01 9.999589029585693734e-01 1.567253974529512872e+00 2.356880284594089936e+00 3.400794489895443196e+00 4.708380581066094805e+00 6.254813845123550209e+00 7.972820317225278508e+00 9.751404274815348217e+00 1.144412277475325546e+01 1.288725117523478580e+01 1.392523381391682591e+01 1.443812477652017456e+01 1.436436846205200979e+01 1.371294621625078136e+01 1.256157834292623221e+01 1.104147861716111478e+01 9.312791881208740463e+00 7.537059021311250717e+00 5.853190774244799499e+00 4.361654356720278791e+00 3.118719761355033260e+00 2.139766635503317360e+00 1.408703285641541125e+00 8.905405259901413295e-01 5.398257317585909432e-01 3.139851165111314790e-01 1.752334765624707913e-01 9.383704383528723714e-02 4.821445123952952660e-02 2.376960815207949593e-02 1.125687611845538685e-02 5.109305154211993619e-03 2.225026019810459870e-03 9.296791417341126063e-04 3.726928942061916118e-04 1.433455861597337784e-04 5.297934946519724733e-05 1.875784115077654094e-05 6.371755300105456216e-06 2.076491203644900291e-06 6.456869016435683690e-07 1.936348752673555435e-07 5.570881809347429539e-08 1.537579887397975858e-08 4.079620550799830496e-09 1.036315131943126269e-09 2.525347658152798458e-10 5.916786560557330697e-11 1.326910264324991579e-11 2.854556289331561431e-12 5.905253326291957774e-13 1.169043468960658646e-13 2.219978815861334948e-14 4.054506188871739957e-15 7.084694792948028698e-16 1.187450953512378553e-16 1.914476674979734639e-17 2.952439826676235777e-18 4.380244069492357105e-19 6.215092883131362385e-20 8.484574240554487422e-21 1.107593503597112419e-21 1.386791306399895859e-22 1.670882965711269943e-23 1.924657060814920861e-24 2.133599143224328188e-25 2.260900961204233281e-26 2.305954681400716441e-27 2.247845523923896597e-28 2.109266633057991716e-29 1.891387779805124819e-30 1.632782093768691550e-31 1.346783981182095146e-32 1.069586337090914603e-33 8.115105400415352779e-35 5.928853308540723141e-36 4.137579585449235732e-37 2.780805702694623780e-38 1.792581347876908851e-39
9.484634396933881400e-06 2.657164885267366099e-05 7.164311620831023231e-05 1.859066775197160896e-04 4.642870902502315182e-04 1.117450132395031003e-03 2.584973658493319292e-03 5.755391403413097524e-03 1.233362926341043803e-02 2.543962238905275036e-02 5.050571969679920614e-02 9.651323983477815005e-02 1.776845389843461631e-01 3.145732377586082928e-01 5.377738938507674593e-01 8.819518659749442380e-01 1.392309558574821304e+00 2.115815215598916055e+00 3.095107088576861898e+00 4.358473026791506832e+00 5.908241130775997441e+00 7.709945976216529218e+00 9.685398634697481413e+00 1.171278352061265693e+01 1.363585004389818778e+01 1.528221975608270711e+01 1.648826741001293783e+01 1.712575699994762957e+01 1.712427102660933542e+01 1.648401187938234713e+01 1.527575780202178457e+01 1.362798640412441387e+01 1.170440441004835641e+01 9.677313701720478889e+00 7.702769913282646819e+00 5.902336093523296690e+00 4.353952869859742059e+00 3.091887960166250782e+00 2.113688897821317081e+00 1.391951636158447414e+00 8.818832330350308002e-01 5.378538015873399747e-01 3.157760818340912268e-01 1.784643009889964049e-01 9.709025125230169584e-02 5.084482816406570016e-02 2.565836630391537393e-02 1.245095483865368835e-02 5.815754464381279326e-03 2.614767731591130170e-03 1.131559953080115777e-03 4.713386341453471473e-04 1.892411192608035300e-04 7.302960861316004030e-05 2.712525119221618919e-05 9.696906609037524415e-06 3.341912849336288654e-06 1.106698402684602790e-06 3.527182902101589745e-07 1.081893557233853085e-07 3.199772083521898481e-08 9.090694097017787482e-09 2.485496600047701335e-09 6.553367025036520817e-10 1.659446582719307004e-10 4.043720834606979084e-11 9.503692002092146374e-12 2.144646771367379705e-12 4.657149893142508280e-13 9.755222140993417815e-14 1.961607404865179345e-14 3.795518221011666107e-15 7.085051499008766049e-16 1.269345308923972933e-16 2.194171147971823580e-17 3.639691961619877047e-18 5.759780586011054148e-19 8.843724627022600261e-20 1.306512960854640470e-20 1.862736432912124008e-21 2.547657466470925641e-22 3.363046598120802514e-23 4.258111969790364939e-24 5.204117478792518580e-25 6.099726341521770202e-26 6.901819064958699462e-27 7.488441015007347913e-28 7.844294059068633687e-29 7.878304838894865666e-30 7.639966303456090330e-31 7.102460740165100078e-32 6.376048123935980969e-33 5.486504669767409466e-34 4.559437854131808562e-35 3.645626393250233023e-36
1.933597306956911176e-05 5.178785724554407207e-05 1.337375759649340687e-04 3.330055697405407029e-04 7.995233259850925527e-04 1.853315467590466257e-03 4.137093325626200156e-03 8.905337214622282768e-03 1.848518018280176020e-02 3.700193362979457834e-02 7.142687313733596388e-02 1.329671351317908423e-01 2.389238676331769673e-01 4.136521116590115010e-01 6.906886430952783318e-01 1.112266628507178945e+00 1.727519205143361436e+00 2.587806301395936259e+00 3.738890019830679812e+00 5.210295717586041597e+00 7.003208687571729207e+00 9.079303458252640624e+00 1.135361039452263299e+01 1.369449716354563584e+01 1.594587888819182453e+01 1.789110628014179838e+01 1.936274307610282008e+01 2.021341282476639023e+01 2.035433544973157893e+01 1.977058324099321140e+01 1.852368403099826111e+01 1.674094374742398017e+01 1.459405124319740388e+01 1.227193753413442501e+01 9.953803314707915462e+00 7.787539796428029959e+00 5.876825969502320390e+00 4.277717706881942306e+00 3.003329528139180304e+00 2.035081425494020824e+00 1.329297684171033334e+00 8.374630167629677491e-01 5.088676132606315683e-01 2.982168807854003734e-01 1.685543508409905189e-01 9.187975271223897122e-02 4.835087175031031748e-02 2.451471320694413591e-02 1.198657928149040111e-02 5.651979100569005932e-03 2.570001950804970056e-03 1.126898172793121917e-03 4.771239590296639296e-04 1.945428480785351278e-04 7.648733829151345572e-05 2.899644359512938065e-05 1.061585798745118950e-05 3.741698114003137240e-06 1.271556950103591427e-06 4.166269687587919719e-07 1.318486114538503613e-07 4.015820499748522254e-08 1.179211375279532421e-08 3.344825585685215323e-09 9.129099265414636663e-10 2.402021071475448421e-10 6.105761287660230016e-11 1.493066811186369409e-11 3.519579231579926313e-12 8.016190917334837679e-13 1.756011562436409380e-13 3.707988462515077272e-14 7.566044694960789785e-15 1.484529746502973031e-15 2.814915492250759809e-16 5.131810727199123991e-17 9.042117679380383695e-18 1.531576224437979682e-18 2.500452525146884891e-19 3.945946023715520927e-20 5.985000224440422897e-21 8.775453140842792389e-22 1.236509271158112530e-22 1.684449927390413678e-23 2.177250555718618897e-24 2.754926635304839022e-25 3.349035502860084589e-26 3.936820578439034452e-27 4.445528204705849752e-28 4.854670481286655746e-29 5.092046318692066651e-30 5.165669398591968188e-31 5.032709825567721093e-32 4.742664387488516042e-33 4.307688116067991740e-34
1.984166026618666720e-05 5.325990217015249368e-05 1.378642651973777502e-04 3.441484831479759581e-04 8.285084194620704820e-04 1.926057013573519161e-03 4.312740067513292502e-03 9.314041093834799639e-03 1.940164968610200158e-02 3.898251063462122162e-02 7.555210992036794082e-02 1.412485439689274980e-01 2.549635933390231868e-01 4.435647259104162354e-01 7.444579513371365476e-01 1.205428931182247254e+00 1.883106016416722372e+00 2.838262418807737220e+00 4.127500903757842288e+00 5.791487921059354171e+00 7.841012367716857057e+00 1.024337015639764914e+01 1.291252200121427585e+01 1.570668092480257272e+01 1.843611557010766688e+01 2.088196617488673468e+01 2.282413770187107360e+01 2.407360684550467056e+01 2.450261869878951870e+01 2.406106323109052880e+01 2.280033713849558197e+01 2.084919637946122961e+01 1.839734371956309644e+01 1.566511414376841671e+01 1.287117841822718312e+01 1.020473810830847228e+01 7.806846189867904684e+00 5.762752401646912048e+00 4.104443656842623689e+00 2.822275306142938867e+00 1.871339195957280488e+00 1.197123921207051467e+00 7.388319433666843405e-01 4.399042723074799155e-01 2.526749837292708856e-01 1.400048657374944605e-01 7.490585448799878809e-02 3.862151068727716352e-02 1.920765175765211386e-02 9.213732189603432432e-03 4.262830060582231510e-03 1.902157696360184599e-03 8.196732229458174443e-04 3.402053239590352701e-04 1.361706641282044356e-04 5.255983178512363028e-05 1.959340704005371503e-05 7.032658017541005115e-06 2.433978080987537090e-06 8.122481834003138164e-07 2.618135253012649116e-07 8.122727000083623665e-08 2.429690127381959374e-08 7.020528542850075680e-09 1.952041100165456959e-09 5.232574322736854512e-10 1.355046646695692323e-10 3.375908250809705635e-11 8.107855937018967236e-12 1.881395197336459946e-12 4.199062157797404424e-13 9.033971611370455286e-14 1.878077270719347073e-14 3.754484518756099074e-15 7.253212344128576272e-16 1.347255967432568526e-16 2.418517581851640960e-17 4.173752826113031474e-18 6.942439405030360765e-19 1.116177861612795568e-19 1.724817160785411560e-20 2.576485292601554632e-21 3.698638119914326836e-22 5.132995981803458389e-23 6.844971610608752093e-24 8.825272489727952472e-25 1.079136526786359738e-25 1.292249457907041772e-26 1.486531791576045424e-27 1.653643487328932868e-28 1.766898646068154820e-29 1.825846304848144578e-30 1.812022696077091676e-31 1.739359858191694894e-32 1.609200419529435933e-33
1.753922559674602578e-05 4.727899951559966463e-05 1.229205448727502400e-04 3.099591451888921638e-04 7.495897064758195181e-04 1.750887373369014325e-03 3.940041193293643274e-03 8.553652353016302085e-03 1.791572750492373758e-02 3.620540980358055716e-02 7.059811341868742207e-02 1.328366595652051840e-01 2.414119183229057053e-01 4.230036309097920944e-01 7.153327648697460628e-01 1.167547369488316944e+00 1.839358273264944499e+00 2.797085617222478060e+00 4.105952262686689558e+00 5.818493313373538811e+00 7.960016973475351421e+00 1.051334367396060188e+01 1.340620503845993206e+01 1.650523207670481440e+01 1.961998333808094230e+01 2.251878471065450427e+01 2.495549716977668808e+01 2.670334049460544179e+01 2.758948635034485264e+01 2.752315943681758625e+01 2.651093566626045117e+01 2.465567442065783865e+01 2.213932319972911245e+01 1.919356715950261361e+01 1.606486550977227168e+01 1.298113583033146945e+01 1.012616180667520993e+01 7.625254859890086223e+00 5.542689666471939169e+00 3.891077090096512592e+00 2.635157822510059589e+00 1.722391783704169343e+00 1.086479696399641259e+00 6.613800419174802325e-01 3.885040834726494197e-01 2.202065859170009021e-01 1.205438473827019630e-01 6.360777150928377532e-02 3.238114602123492308e-02 1.590257549237937551e-02 7.533777420728289195e-03 3.442751185463561146e-03 1.519437007937695641e-03 6.459960437303054279e-04 2.648873158185936620e-04 1.047507124067193217e-04 4.000862984467713968e-05 1.471455239476879887e-05 5.218561919713547256e-06 1.772704614539572686e-06 5.854199343820178241e-07 1.860946035311003143e-07 5.703600555549224065e-08 1.688594829473406055e-08 4.810868975708117101e-09 1.321393838636059270e-09 3.506217727850045232e-10 8.950752985374099248e-11 2.202714890097980440e-11 5.237177714526406706e-12 1.197699490387772077e-12 2.640272653829018684e-13 5.623896431490465814e-14 1.151964753840360880e-14 2.280145545426100257e-15 4.339462519314729403e-16 7.981165814518254421e-17 1.411187883541900549e-17 2.404942026901472389e-18 3.961296833751096461e-19 6.271448046841049629e-20 9.597323772463600749e-21 1.411468657639351289e-21 2.006707921747686126e-22 2.741434915955225082e-23 3.620799434582040705e-24 4.594674759767120247e-25 5.637409836636998102e-26 6.644646890530381845e-27 7.573232051173815121e-28 8.290914648769608296e-29 8.777763769231895128e-30 8.925285394191740325e-31 8.777369934245500318e-32 8.319468003947073074e-33
1.270486335106374499e-05 3.450022620471535767e-05 9.037294245021623782e-05 2.283749037846072587e-04 5.567782569713714425e-04 1.311386658415569784e-03 2.976364240319406308e-03 6.518769160808342983e-03 1.377861171910670438e-02 2.810884213332902337e-02 5.534984274392612535e-02 1.052119025364141036e-01 1.932508193912614580e-01 3.423858432222990356e-01 5.857399490150658750e-01 9.676714801285234424e-01 1.543916216845502065e+00 2.379192595071549565e+00 3.541451072921395049e+00 5.092279126350023333e+00 7.073809683922628544e+00 9.493636264006893200e+00 1.231045710626182021e+01 1.542405545323997629e+01 1.867333920649238621e+01 2.184520371535177929e+01 2.469493574638997302e+01 2.697612362465583402e+01 2.847530014825998990e+01 2.904468471141110797e+01 2.862611356070023305e+01 2.726081201415860633e+01 2.508274031521870739e+01 2.229699067270147950e+01 1.914804476868367900e+01 1.588467555123552089e+01 1.272841289070627191e+01 9.850909113731095346e+00 7.362868446093198571e+00 5.317125733386760089e+00 3.705882109433769056e+00 2.493773786291558103e+00 1.620068773462398859e+00 1.012951376146059346e+00 6.130194512791248274e-01 3.580584526253832722e-01 2.020155364709304568e-01 1.098919841571625311e-01 5.768109766446648939e-02 2.921150747764630212e-02 1.427235085694369271e-02 6.727098213299794426e-03 3.062384182656069983e-03 1.343112144954372979e-03 5.681636393076614985e-04 2.318027991613263354e-04 9.133963250599645895e-05 3.466003499163340760e-05 1.268287184961733709e-05 4.475132379377156215e-06 1.525131225957042300e-06 5.003411752102979185e-07 1.582611094760545278e-07 4.835269343668408486e-08 1.421697701887800210e-08 4.029962228839127507e-09 1.103487059144579664e-09 2.907125282708525714e-10 7.383001543650810207e-11 1.811406170303435520e-11 4.274894161359541849e-12 9.724767162328151157e-13 2.137438355882438365e-13 4.517895061016928414e-14 9.227267347434069211e-15 1.812069816872778974e-15 3.438799434853763027e-16 6.273962443142978776e-17 1.103246297780974949e-17 1.874949247144601404e-18 3.062807039849567221e-19 4.835878930689736690e-20 7.338134803171690283e-21 1.076370786531544752e-21 1.517172543759747129e-22 2.067355890632418321e-23 2.706671779813167280e-24 3.426141000997718472e-25 4.166380342445572682e-26 4.898969229065208458e-27 5.533235749722988116e-28 6.043509842163803275e-29 6.339764923217351616e-30 6.431862160854299776e-31 6.289059060040779690e-32
6.848714296042607816e-06 1.887394778010117378e-05 5.018113702106646249e-05 1.287299990785162676e-04 3.186549472988089776e-04 7.622107456995712467e-04 1.757222428077049193e-03 3.910359502288207958e-03 8.400319192117361791e-03 1.742277893653125173e-02 3.489291800149755401e-02 6.748590841850561628e-02 1.261855261530561989e-01 2.276950305937706087e-01 3.969490688418030877e-01 6.686740363843464152e-01 1.088561632933626289e+00 1.712810588797536893e+00 2.605192320824087915e+00 3.830869307175261973e+00 5.457886816733807933e+00 7.502176236496787887e+00 9.972551256313291645e+00 1.282069722629650599e+01 1.594137530513087775e+01 1.917180348481273100e+01 2.230123776103291533e+01 2.509117176868409160e+01 2.730407778173584177e+01 2.873617921910216921e+01 2.924812425944187311e+01 2.878722879274204871e+01 2.739639887606838897e+01 2.520764368435131786e+01 2.242151176263034529e+01 1.927686548354856200e+01 1.601729143013155721e+01 1.286066005772976695e+01 9.976962112658330994e+00 7.480615400956353689e+00 5.415456410478530103e+00 3.786281631178687768e+00 2.556306174439687329e+00 1.666398195687511796e+00 1.048713100153525701e+00 6.370815080329306213e-01 3.738631144429571673e-01 2.115684566517794796e-01 1.155341556786878554e-01 6.087653021103235640e-02 3.094787509516688448e-02 1.517809166990553155e-02 7.189299205781478352e-03 3.281022058792410802e-03 1.444252307816641136e-03 6.131422466677113273e-04 2.513890402525923579e-04 9.926214078982630268e-05 3.779506612317521985e-05 1.387652366239612058e-05 4.920470358359817044e-06 1.679616800366688332e-06 5.527846567443672130e-07 1.757142561501197120e-07 5.375488069136165421e-08 1.585365450533501214e-08 4.516278361628984746e-09 1.237891828088434239e-09 3.270783055528828883e-10 8.348390450279176759e-11 2.049754788220087302e-11 4.851107097813356793e-12 1.099048755175277447e-12 2.416231520365681810e-13 5.132452208600754423e-14 1.048333166037565200e-14 2.069068756940199197e-15 3.926246261710673304e-16 7.180812916499462068e-17 1.269194620606336613e-17 2.156357117370078272e-18 3.540881825820370606e-19 5.588328767458875591e-20 8.524943731118061766e-21 1.249751550572186580e-21 1.771073447863016270e-22 2.411657651966307909e-23 3.174811266057513515e-24 4.015417051691760095e-25 4.910318948803038000e-26 5.768250759200453184e-27 6.552221737891551848e-28 7.148811587215066397e-29 7.542814005346470668e-30 7.670421703168170201e-31
2.108647578841129155e-06 5.995628014941137471e-06 1.645010935051754273e-05 4.355630433424903265e-05 1.113088294408488073e-04 2.749457666231640567e-04 6.547181579776042938e-04 1.505307611122239618e-03 3.342126741105169805e-03 7.166618169261085650e-03 1.484463844534006718e-02 2.970724282457128107e-02 5.750384140548071843e-02 1.074660179737293580e-01 1.941401597438040250e-01 3.390848333357588396e-01 5.727008294213125073e-01 9.355112462691803632e-01 1.478234829320146826e+00 2.259837616386769721e+00 3.342795519823242856e+00 4.785114664462084555e+00 6.629282377270020454e+00 8.889213983390137130e+00 1.153725314331310159e+01 1.449409779333595516e+01 1.762482674263032223e+01 2.076239227725285375e+01 2.364563128742438636e+01 2.606056700413929050e+01 2.779244356232847935e+01 2.867618852209532321e+01 2.862217562355768408e+01 2.763117487579170728e+01 2.579504465900302890e+01 2.328280804264352000e+01 2.031500869848652968e+01 1.713173770240056726e+01 1.396077449889206790e+01 1.099600493689675318e+01 8.363416658825791217e+00 6.143725996569735059e+00 4.358233476812226392e+00 2.985070312472507759e+00 1.973798011161831623e+00 1.259787839422040978e+00 7.766405453191599362e-01 4.617154400645677725e-01 2.648655523692638458e-01 1.465988209851968316e-01 7.827982728475163521e-02 4.032247504765543861e-02 2.005707144299741576e-02 9.612733095043068943e-03 4.443359372730651055e-03 1.980774785181974376e-03 8.526468152913210894e-04 3.534803530196392206e-04 1.413039122502338617e-04 5.446496259868504588e-05 2.027260847115925957e-05 7.264319909209571372e-06 2.509612598335365581e-06 8.372919164234769978e-07 2.688600147699485927e-07 8.322700268205164376e-08 2.488279603247708254e-08 7.158261556601324938e-09 1.985064273573552145e-09 5.317211379071567549e-10 1.370147286066361822e-10 3.403179712761329661e-11 8.165742533843290734e-12 1.884454600874121843e-12 4.201506900302477256e-13 9.008294504940830176e-14 1.866153047182974084e-14 3.717151686351192273e-15 7.063385042825763944e-16 1.310077414924511684e-16 2.335886113152992373e-17 4.025070547860975376e-18 6.666667353899067477e-19 1.067217212272970786e-19 1.641927325101533978e-20 2.441778030578125663e-21 3.489472713010687252e-22 4.820672687182165363e-23 6.398847345078020758e-24 8.211712410462687083e-25 1.012412252597127372e-25 1.206877288755131463e-26 1.381994732150816874e-27 1.530299248577497146e-28 1.633192909734643962e-29
1.448389668681033152e-07 4.468352299324244571e-07 1.330526238557608885e-06 3.824398934014061506e-06 1.061252054820467708e-05 2.847667418324538341e-05 7.367433676296117199e-05 1.840881407568487256e-04 4.442999259420693796e-04 1.035920196482826823e-03 2.333644558449163818e-03 5.079950191850601988e-03 1.069896649223332601e-02 2.175423662737251129e-02 4.275866374468818842e-02 8.125119516417078636e-02 1.492804725485621375e-01 2.652042289522173468e-01 4.556089826045808810e-01 7.569403366290465840e-01 1.216197666044644743e+00 1.889850918934624202e+00 2.840085711593324902e+00 4.127693783557210949e+00 5.801487499815132232e+00 7.885030158740005568e+00 1.036259987690175599e+01 1.316735087465637122e+01 1.617520361070938861e+01 1.920770073642906084e+01 2.204570543030042629e+01 2.446650622305318024e+01 2.621862067360170201e+01 2.714574449089745656e+01 2.715121429866640312e+01 2.623094586219182389e+01 2.447474033675506178e+01 2.205185279139311660e+01 1.918403192428617743e+01 1.611675213151246311e+01 1.306695064792195460e+01 1.022553470531012110e+01 7.722654649860173137e+00 5.628235718136926025e+00 3.957872609096052319e+00 2.685322896197792630e+00 1.758874482984169596e+00 1.110650908619164046e+00 6.764938590778581951e-01 3.974333613054620296e-01 2.251913283840799307e-01 1.230553648570471559e-01 6.491229408803461665e-02 3.298788337998317943e-02 1.616508903812238426e-02 7.637992784203994842e-03 3.483992720480541538e-03 1.530407842810574490e-03 6.481366202213268823e-04 2.646315720777234442e-04 1.043167297569046534e-04 3.958655933006401898e-05 1.448177780526543709e-05 5.115330985250913208e-06 1.739014977384652704e-06 5.698820020865321195e-07 1.803397530562425538e-07 5.491333458340606959e-08 1.611734162417862929e-08 4.568632761658977370e-09 1.245849376422482442e-09 3.274579671302852329e-10 8.313409464009748312e-11 2.030015674760011190e-11 4.788423295367420008e-12 1.086235457616955975e-12 2.380503657923980910e-13 5.016429913472022025e-14 1.018825673197805473e-14 1.999314304934387435e-15 3.733007722897683030e-16 6.803889294774381181e-17 1.192056401295221804e-17 2.018360667698958238e-18 3.284636060285108199e-19 5.166330481921420862e-20 7.809252028070544909e-21 1.141005385299122076e-21 1.601933721988569985e-22 2.174189509433093144e-23 2.835146479451657973e-24 3.574332957444097833e-25 4.328991831994176285e-26 5.069506277816675974e-27 5.721818129893850684e-28
5.381575905422534402e-10 2.043731634583980965e-09 7.537621022047277668e-09 2.657161127260534130e-08 9.025797720380726682e-08 2.959484288954335364e-07 9.333128086169224769e-07 2.836106509237958705e-06 8.304279801284144134e-06 2.342963594185793250e-05 6.369615835292655051e-05 1.668572475793398877e-04 4.217609265079029783e-04 1.025750420232222470e-03 2.403815934079333964e-03 5.428062803757276872e-03 1.181061925942316661e-02 2.476193783349722732e-02 5.002426838366794137e-02 9.737803857104507244e-02 1.826524333741850192e-01 3.301216964798253661e-01 5.749192401269349606e-01 9.647699973511720817e-01 1.560001119605213926e+00 2.430581613073658609e+00 3.649048927274384013e+00 5.278777388439680252e+00 7.358193334368597682e+00 9.883100913886305960e+00 1.279085148059773935e+01 1.595107203564508325e+01 1.916745679007934555e+01 2.219337280488583630e+01 2.476089427601088389e+01 2.661911101042203853e+01 2.757433044704823288e+01 2.752330695260442184e+01 2.647161655069920272e+01 2.453621861766355394e+01 2.191193187168281753e+01 1.885549441510731938e+01 1.563433459131839243e+01 1.249122708329506182e+01 9.616455621311107649e+00 7.133607145798057658e+00 5.101805901327484349e+00 3.514077286097053499e+00 2.332291994568631122e+00 1.491553283116812345e+00 9.162988232992982374e-01 5.439543332322253066e-01 3.114275281905628523e-01 1.716625491781869628e-01 9.117554439605361771e-02 4.666222288009726216e-02 2.303672406636545281e-02 1.094714933613649861e-02 5.012629687936185664e-03 2.211640124363241020e-03 9.415221215640079671e-04 3.857204338071881290e-04 1.522646293294930772e-04 5.800519296833534606e-05 2.126114013432913385e-05 7.509145070434936212e-06 2.559824173950040153e-06 8.394742567742178318e-07 2.652704689914206147e-07 8.092083543525530221e-08 2.374297814905043809e-08 6.712654720506258432e-09 1.832388628932636965e-09 4.810276342405764949e-10 1.219371679284977206e-10 2.972226290808501787e-11 6.996659732132178271e-12 1.583542981811516938e-12 3.453450618842432633e-13 7.274681636144865599e-14 1.473094915005037215e-14 2.881603953142944321e-15 5.418067100167154923e-16 9.842167798577494803e-17 1.718281079580037487e-17 2.898567536945193282e-18 4.698727153652683334e-19 7.360584084461500616e-20 1.107904806709159576e-20 1.611674512486377360e-21 2.252479650436619016e-22 3.042836465348233946e-23 3.948712593977348333e-24 4.953544971179420169e-25 5.988395566735380317e-26
2.642975467912834294e-11 1.078457722229112390e-10 4.241461390721711508e-10 1.607812885732304219e-09 5.874469122069991866e-09 2.072756913236126301e-08 7.035604050560043576e-08 2.301900641300535371e-07 7.259574814408111308e-07 2.206901833935000046e-06 6.467112743225794045e-06 1.826848067419969783e-05 4.982241176990753723e-05 1.307829854292517305e-04 3.309586065007263890e-04 8.117736932227057013e-04 1.908925814774699217e-03 4.327912347417742743e-03 9.460594841275624806e-03 1.994001562502322605e-02 4.052447688988031205e-02 7.941699650675038136e-02 1.500840047585040860e-01 2.735285913479308384e-01 4.807758656667411867e-01 8.150426744209868790e-01 1.332735536257414921e+00 2.102150844601008650e+00 3.198693570964916244e+00 4.695752762382643830e+00 6.651185403848394628e+00 9.090632154930261777e+00 1.199037716228270156e+01 1.526372213245329590e+01 1.875532463734175082e+01 2.224720263402870657e+01 2.547800602167730588e+01 2.817405234784972379e+01 3.008732493530681751e+01 3.103252656386963082e+01 3.092077287780888639e+01 2.976531995373365191e+01 2.768581292799871107e+01 2.488566195297447692e+01 2.161938740249975766e+01 1.815492521789611402e+01 1.474361728200540966e+01 1.157286828490649455e+01 8.783651291631056068e+00 6.446771494104335254e+00 4.575851150830423819e+00 3.141129919991383357e+00 2.086809667136448443e+00 1.340053880110511741e+00 8.322695802537171117e-01 4.999167134650666644e-01 2.906552828731771010e-01 1.632882942363489132e-01 8.870463311650325644e-02 4.659213852774692771e-02 2.368495580519393295e-02 1.157519500427254926e-02 5.491169787809222977e-03 2.520601045390021954e-03 1.116728023391052541e-03 4.780179538285072942e-04 1.979407681726121277e-04 7.906471928886527306e-05 3.050038052801861346e-05 1.137930043901409468e-05 4.092984980539337820e-06 1.421254919877683365e-06 4.771996589815504498e-07 1.543891207447026641e-07 4.829257455541000300e-08 1.455102320511792843e-08 4.238525907066983007e-09 1.188930584165808379e-09 3.217314631575426559e-10 8.415873101564996736e-11 2.119087913637076011e-11 5.157660702857804061e-12 1.208075321519068649e-12 2.735161890726920335e-13 5.958135857672552215e-14 1.254546573003836220e-14 2.541026012212280856e-15 4.974944456861087278e-16 9.367565569609042550e-17 1.705043686038472096e-17 2.984160419948110863e-18 5.048907878751034148e-19 8.212463983589969051e-20 1.291399786203304731e-20 1.957708535874840641e-21
2.959138278836854718e-12 1.278052989241854295e-11 5.320525673111666857e-11 2.134956680371435563e-10 8.257710428908775547e-10 3.084889675420448444e-09 1.108616998523062439e-08 3.840469588897351646e-08 1.282500475701011752e-07 4.128681361062860435e-07 1.281317707488640690e-06 3.833591022892111048e-06 1.107555549298366636e-05 3.079899351895057998e-05 8.257577504568592956e-05 2.134667038105891737e-04 5.320918121228682476e-04 1.278913154287267869e-03 2.964246591319582950e-03 6.625657126585585838e-03 1.428267234437776909e-02 2.969494773641415813e-02 5.954938346714293979e-02 1.151927555167330808e-01 2.149614535700282159e-01 3.870087899138219267e-01 6.722740365915724770e-01 1.126888477223389362e+00 1.822938383561020004e+00 2.853724355367229570e+00 4.300103739142050685e+00 6.255577393623010352e+00 8.786989873379674520e+00 1.191965319207699991e+01 1.561737466427491938e+01 1.976727628111728308e+01 2.417443854026962669e+01 2.857033834915344173e+01 3.263653109591787427e+01 3.603695114580901304e+01 3.848222528278618881e+01 3.974124589311390565e+01 3.969788529970259106e+01 3.836265787288012774e+01 3.586989771596387300e+01 3.245553885396721228e+01 2.842708188149632775e+01 2.409468210664591936e+01 1.976786645722965119e+01 1.569866190751903723e+01 1.206790452030636196e+01 8.979603802763415743e+00 6.470620644695829426e+00 4.510517351734502078e+00 3.042719854114564804e+00 1.986089799316880233e+00 1.255142075363947507e+00 7.667652234470235806e-01 4.530327294511534708e-01 2.588316825813708477e-01 1.431047772790384476e-01 7.641312574616410114e-02 3.943337883780150682e-02 1.968518759038418234e-02 9.483969409387362631e-03 4.413620319861509718e-03 1.986226900509153147e-03 8.621010124477634061e-04 3.612781482398564042e-04 1.463645133438542243e-04 5.715810419029739850e-05 2.154310010171948237e-05 7.848121689454055916e-06 2.754589278372701828e-06 9.281119926652272152e-07 3.031746936631730224e-07 9.570856856130964434e-08 2.909385936297624663e-08 8.530479445088840855e-09 2.417100586798740925e-09 6.592575758717027907e-10 1.737661721748708138e-10 4.407802151731176222e-11 1.080529145301492503e-11 2.548658668130901362e-12 5.809761443337957528e-13 1.274045869599731530e-13 2.700238773020519472e-14 5.504566495847244567e-15 1.084569669534205098e-15 2.055052591094856660e-16 3.763814897835786531e-17 6.628190757275506387e-18 1.128316276623236799e-18 1.851742400929510183e-19
4.704553168755800759e-13 2.134124927778235341e-12 9.331400714767085984e-12 3.932846067200249679e-11 1.597747840258768755e-10 6.269858682806357478e-10 2.366701086866226872e-09 8.611880613400702732e-09 3.020870530047116513e-08 1.021544064968343417e-07 3.330313928775617934e-07 1.046717352824726674e-06 3.177103342416996954e-06 9.281687989886179373e-06 2.614474354139810128e-05 7.101027567353053850e-05 1.859757693720052129e-04 4.696889257359257485e-04 1.143944882581074667e-03 2.686980086100498530e-03 6.087149238096875581e-03 1.330090390696361466e-02 2.816028437697836936e-02 5.724465259228657399e-02 1.122655310269189965e-01 2.124262694408509122e-01 3.878461400615125232e-01 6.833480836027645555e-01 1.161984087108300256e+00 1.907133780405819934e+00 3.021583556025579487e+00 4.621816870182613890e+00 6.826059790863727272e+00 9.735613860663345775e+00 1.341068479647735145e+01 1.784402342155399168e+01 2.293768402836761311e+01 2.848933548325593534e+01 3.419413748417380816e+01 3.965786045338892762e+01 4.447035282969305570e+01 4.820804757183962863e+01 5.052736831374896553e+01 5.120797797923751205e+01 5.018711961723843729e+01 4.756898548345365896e+01 4.361416306085689598e+01 3.867276618168595093e+01 3.316755856614847175e+01 2.751398017381953665e+01 2.207584998837330303e+01 1.713126945281786817e+01 1.286317806465312508e+01 9.336393873246185748e+00 6.552756479734612505e+00 4.446705651743545040e+00 2.919208363467099332e+00 1.851347920280075332e+00 1.134801965331947438e+00 6.722051712485631603e-01 3.850847155021134838e-01 2.129499877635712135e-01 1.137536536563768796e-01 5.875056818423123051e-02 2.927357093737339988e-02 1.401939089378815423e-02 6.518466906711883196e-03 2.922419290529690902e-03 1.264648364451635481e-03 5.289002304365010522e-04 2.131790307735735492e-04 8.291062588463475949e-05 3.115996972558363705e-05 1.128132833596761726e-05 3.946580717658620500e-06 1.329669550139701174e-06 4.328628397306790501e-07 1.356792713997026292e-07 4.101526937305092235e-08 1.198001297966901682e-08 3.368079172752645775e-09 9.149418657498887334e-10 2.391832826217448429e-10 6.041811640709946642e-11 1.468412493487464007e-11 3.448626705162967883e-12 7.791337069939382448e-13 1.701052624523813626e-13 3.572056833117809282e-14 7.249122919731275333e-15 1.414744296690705235e-15 2.668496791396461552e-16 4.839652201007108652e-17 8.483797776383844530e-18 1.433709153928951212e-18
1.011656469960107942e-13 4.778182314741236039e-13 2.175312711855869346e-12 9.545923403767773081e-12 4.037940441778751650e-11 1.649992446630131285e-10 6.485126710659653942e-10 2.457137803586915881e-09 8.974825140289070649e-09 3.160236128883216677e-08 1.072809285856666342e-07 3.511140358596562771e-07 1.109851967481926903e-06 3.376408680203637434e-06 9.904050955547324565e-06 2.801274961603477821e-05 7.640149516642087614e-05 2.009419585014579992e-04 5.096625324985440929e-04 1.246694470582951093e-03 2.941209082810090567e-03 6.692755935963485420e-03 1.469005483712095515e-02 3.110346400573258535e-02 6.353163923920721046e-02 1.251981293821869401e-01 2.380477407322659777e-01 4.367391340405482048e-01 7.732264256322818330e-01 1.325365279027937548e+00 2.185182434474667090e+00 3.477583840453915442e+00 5.342494266688410320e+00 7.923668774980828999e+00 1.134654942572243108e+01 1.568902291844731423e+01 2.094891083517601515e+01 2.701459534964432407e+01 3.364679251043611430e+01 4.046879246212404979e+01 4.703353907253921307e+01 5.280817797671066671e+01 5.728328634218242854e+01 6.003596591469985810e+01 6.079553235027078983e+01 5.948726120797090289e+01 5.625075370527164154e+01 5.139447938320505926e+01 4.537493156305338005e+01 3.871005434136346679e+01 3.191038344234160817e+01 2.541723246871675101e+01 1.956959418451235422e+01 1.455199066460451718e+01 1.045414529407730342e+01 7.255245416390825319e+00 4.866989588559367697e+00 3.151711446772866854e+00 1.971196016591693301e+00 1.190620393690723589e+00 6.950401978395043256e-01 3.914545190283423848e-01 2.128609495129515916e-01 1.118552028340911580e-01 5.668432467264151314e-02 2.772655643762337793e-02 1.310478444315805839e-02 5.970719761061106697e-03 2.625062506647838322e-03 1.115111902826184049e-03 4.564426013628843396e-04 1.802484169210592129e-04 6.835600837886214619e-05 2.511519473594148280e-05 8.915228371959662388e-06 3.047579066267636924e-06 1.006496547776097843e-06 3.200378409609480248e-07 9.813613518218540440e-08 2.907368569070493858e-08 8.290302814177155086e-09 2.284001972607985348e-09 6.055349453465435759e-10 1.551152715307293112e-10 3.823034186216540536e-11 9.104483680535544860e-12 2.085768102459339653e-12 4.617370645082460247e-13 9.831403269533603594e-14 2.022935086192530289e-14 4.002872394505268115e-15 7.654866057945685705e-16 1.407539380770533057e-16 2.501452911580340823e-17 4.285565019183072568e-18
3.028410971644143880e-14 1.477341691425607143e-13 6.946768648728451664e-13 3.148678518277876186e-12 1.375706295882154725e-11 5.806718951548185727e-11 2.357406321296578288e-10 9.226094489555329084e-10 3.480899880992664430e-09 1.266094976924816170e-08 4.439700803076395839e-08 1.500949082773506737e-07 4.901081661956066457e-07 1.540170172594716121e-06 4.666710841681155498e-06 1.363431820681325521e-05 3.841067909773081452e-05 1.043477289869547268e-04 2.733654766908624788e-04 6.906403385764665198e-04 1.682776927442836048e-03 3.954458031096606298e-03 8.963000576426773114e-03 1.959507084067823451e-02 4.132271161138550974e-02 8.406235885214186077e-02 1.649711132544066927e-01 3.123425015460359333e-01 5.705514084482669057e-01 1.005594672836543246e+00 1.710171925466080767e+00 2.814773221761321942e+00 4.456716220816717033e+00 6.810004484656415613e+00 1.004301307095845708e+01 1.429511370138340709e+01 1.963993659421524995e+01 2.604607822580767973e+01 3.334372292511505975e+01 4.119495999054839075e+01 4.915090822042648711e+01 5.661589014512418316e+01 6.296183950729385259e+01 6.760200712434102854e+01 7.007990289984039123e+01 7.014316774126223208e+01 6.779124025163157796e+01 6.325777514943237634e+01 5.699232413485333382e+01 4.957667370600279355e+01 4.163810797619847648e+01 3.376360832684402169e+01 2.644328695680469110e+01 1.998717992886065886e+01 1.458458349858923597e+01 1.027369204709834527e+01 6.990368676176877294e+00 4.588605025404722149e+00 2.907322123865788921e+00 1.777934755735754990e+00 1.050242869962454417e+00 5.982577543575636758e-01 3.288727561307602798e-01 1.746302187117114157e-01 8.939083929894910130e-02 4.415052219110715548e-02 2.106350032539055020e-02 9.684221676791534075e-03 4.295342612230464846e-03 1.840286945755333645e-03 7.595795456128113599e-04 3.024084073304674197e-04 1.162993119561181156e-04 4.280821761979546899e-05 1.531268151270513439e-05 5.274177760010379591e-06 1.754858414229087309e-06 5.621157129273298871e-07 1.736251329238380803e-07 5.180925605201082707e-08 1.487918966529345994e-08 4.128373594774757759e-09 1.102249627864279008e-09 2.843357683558249337e-10 7.056852198856815212e-11 1.692258030677174452e-11 3.903725892403514571e-12 8.701538248594583281e-13 1.865526147476972285e-13 3.864922982308134861e-14 7.700206831189757180e-15 1.482621813524230266e-15 2.744831645317119494e-16 4.911357781530789618e-17 8.471653215517860092e-18
1.190863535162318961e-14 5.955509282765239003e-14 2.870890526759801710e-13 1.334020144337044069e-12 5.975355039423026155e-12 2.585782983462678471e-11 1.076227508583011861e-10 4.318136907742122349e-10 1.670236608983088979e-09 6.228137705463948621e-09 2.238962191429871775e-08 7.759858032644844738e-08 2.597660415696947608e-07 8.368235206798241523e-07 2.599181203842888132e-06 7.783986795745314444e-06 2.247721666937019822e-05 6.258500700916027216e-05 1.680343952557735972e-04 4.350501184226845041e-04 1.086193108329962893e-03 2.615261706945933885e-03 6.072640803539129141e-03 1.359904911470842179e-02 2.937124529188569338e-02 6.118338958125971172e-02 1.229296434602892285e-01 2.391791805034849949e-01 4.470105826018018202e-01 8.058751389905685070e-01 1.401481780864698212e+00 2.351206946334482240e+00 3.805323363997917596e+00 5.941591251147000818e+00 8.950290554958330702e+00 1.300788602079591172e+01 1.823991962470667616e+01 2.467722615625841343e+01 3.221341386028475995e+01 4.056121479209848246e+01 4.929861309274316739e+01 5.781611435814238575e+01 6.542733318824164712e+01 7.144472310077611610e+01 7.528093641132394964e+01 7.654306477805506859e+01 7.510313431186885680e+01 7.110756956094533621e+01 6.496482302066569048e+01 5.727200736038328444e+01 4.871964686938366640e+01 3.999061922940035885e+01 3.168585349220970215e+01 2.421628000564004779e+01 1.785744396814560631e+01 1.270549456488797802e+01 8.727238986761452821e+00 5.780457792295930375e+00 3.693813054210506319e+00 2.277207119369986099e+00 1.355472860312778360e+00 7.777378097544072055e-01 4.304776976665531940e-01 2.300699066101228596e-01 1.184975439040375916e-01 5.886966388792984339e-02 2.824196519729500407e-02 1.299019307495187167e-02 5.789451925394343765e-03 2.491782757566039092e-03 1.032983232841368487e-03 4.129753809776033017e-04 1.594546789331338426e-04 5.928539397669257066e-05 2.128936414324669992e-05 7.360393787236089563e-06 2.457919529734766156e-06 7.901053489469495741e-07 2.448850230070419833e-07 7.331724703186525042e-08 2.112489114548968500e-08 5.879997425543451012e-09 1.574835425735235664e-09 4.074898247841691416e-10 1.014392882651556826e-10 2.439776080725012911e-11 5.644629719213363305e-12 1.261849640003190011e-12 2.713043313526733808e-13 5.636717316466367137e-14 1.126183889760710976e-14 2.174442225672850115e-15 4.036804720867695108e-16 7.243016495736484923e-17 1.252783634539415601e-17
5.855616723762117179e-15 2.984699831263338134e-14 1.466454692479170335e-13 6.945165911545647279e-13 3.170653650061942935e-12 1.398459399245190802e-11 5.932195149962660605e-11 2.425789235494884128e-10 9.562463346599069570e-10 3.633898538377494889e-09 1.331280305842011208e-08 4.701836255423873831e-08 1.603908874749923967e-07 5.264769021320378502e-07 1.666111431017365960e-06 5.083491462998822373e-06 1.495415451395601175e-05 4.241425438054221534e-05 1.159900184222663902e-04 3.058418335537912590e-04 7.775877241361567934e-04 1.906281016734933005e-03 4.506280998210059410e-03 1.027193402711723894e-02 2.257862672927615777e-02 4.785891520671266275e-02 9.782655756591385199e-02 1.936198838522514287e-01 3.679844059607291773e-01 6.744694259920298585e-01 1.192219780957783470e+00 2.032446448164109132e+00 3.341626028432941098e+00 5.298822642955228979e+00 8.103827662554909494e+00 1.195353425349090415e+01 1.700604690596910018e+01 2.333546298685223519e+01 3.088446323821486317e+01 3.941190756062059108e+01 4.852973072476662963e+01 5.763804732244331319e+01 6.602886817423070909e+01 7.295974452188114867e+01 7.776042468357219661e+01 7.993927072304022374e+01 7.926936366506696174e+01 7.581969683215830003e+01 6.994911829370829537e+01 6.224490635324143284e+01 5.342493469008880425e+01 4.422821772981616562e+01 3.532875860371026278e+01 2.720984961401038049e+01 2.021276909854452342e+01 1.448177971089085325e+01 1.001306899486887048e+01 6.673631366384801034e+00 4.289776968764331677e+00 2.659363116067278376e+00 1.591251572565598238e+00 9.175387406166100046e-01 5.102200124323463815e-01 2.738784030027253125e-01 1.416399179178688128e-01 7.063766177348812514e-02 3.385318556700905868e-02 1.569630247468082468e-02 7.017658545365967199e-03 3.029346784502900611e-03 1.259321014043858836e-03 5.047719316574933359e-04 1.953723523833738088e-04 7.280536161828439425e-05 2.620020769585996794e-05 9.076393461731541628e-06 3.036655195982254421e-06 9.778679211506824859e-07 3.035841435852094680e-07 9.103355269334324858e-08 2.626821411329363728e-08 7.321790957150849523e-09 1.963575800941137833e-09 5.087105315625363990e-10 1.267870783734942406e-10 3.052866236432871523e-11 7.070663113874603596e-12 1.582259304712678135e-12 3.405288288362200729e-13 7.081621287540030519e-14 1.416152710417481532e-14 2.736707025195188243e-15 5.084938298726277632e-16 9.131096078092856211e-17 1.580609913971532432e-17
9.412590755240481916e-16 5.205755684237877926e-15 2.742475028189741373e-14 1.390841352202923164e-13 6.790371488439789181e-13 3.199008103411100825e-12 1.447382972805464651e-11 6.304465941344940517e-11 2.643719063025081594e-10 1.067308533224826045e-09 4.148374428772518464e-09 1.552332998788006239e-08 5.603494262954316923e-08 1.943550616503174120e-07 6.490366219849843514e-07 2.086819468385920887e-06 6.460242516830870776e-06 1.925603996615495820e-05 5.526438003754156843e-05 1.527178256294727703e-04 4.063555339253887189e-04 1.041119328038879552e-03 2.568493849309381322e-03 6.101631420747512941e-03 1.395752648490148837e-02 3.074478924488312226e-02 6.521395410238872703e-02 1.332050630377507039e-01 2.620095841320070895e-01 4.962891032509929579e-01 9.052698958596472334e-01 1.590199547800217772e+00 2.690045130143225105e+00 4.382337489256086904e+00 6.875337566818648050e+00 1.038789437693970719e+01 1.511504154703734137e+01 2.118079165107949180e+01 2.858435629750351836e+01 3.719262468540044608e+01 4.654576745619405642e+01 5.609987654056615725e+01 6.511827220966479501e+01 7.279534675751165196e+01 7.837261003333145482e+01 8.126147782410959053e+01 8.114798065236789171e+01 7.804417007383018756e+01 7.228696629438780974e+01 6.448142123724085195e+01 5.539393371707308944e+01 4.582900260816941795e+01 3.652839317583438117e+01 2.803022162201785505e+01 2.071399762203664707e+01 1.474141205333784299e+01 1.010910503003665184e+01 6.672314883415523035e+00 4.240974016588647366e+00 2.595824376435601710e+00 1.531320152326304473e+00 8.692154092180279790e-01 4.751102827871389600e-01 2.503239813374276146e-01 1.268790096769940867e-01 6.192505400486643385e-02 2.913687718971181423e-02 1.318579910166384553e-02 5.745688913592741053e-03 2.413994021058862155e-03 9.752682929171766803e-04 3.793733355273226290e-04 1.423069950848331934e-04 5.131996802562641504e-05 1.784852150459636917e-05 5.967010644118557369e-06 1.924005553858267830e-06 5.919099794969076310e-07 1.765613697261716991e-07 5.080309348011952467e-08 1.404653098508384844e-08 3.746644448147394571e-09 9.601503931456983022e-10 2.373946778477056251e-10 5.638523306984788678e-11 1.292217507746336826e-11 2.844515193234838066e-12 6.042242014826680602e-13 1.232623672112180562e-13 2.426732924689137998e-14 4.587716344812542387e-15 8.370908311650915565e-16 1.466468424694693604e-16 2.479802817980704627e-17 4.036943949790828165e-18
4.660755638106029706e-18 3.195971957499572128e-17 2.099451115775083571e-16 1.321202378753813765e-15 7.965231139666321354e-15 4.612678723515048623e-14 2.552107337842013430e-13 1.352772216865677283e-12 6.869662825961204519e-12 3.342229273097080020e-11 1.572469573689121821e-10 7.020440342385489904e-10 3.009589947312948583e-09 1.233324438332089108e-08 4.842431371904453637e-08 1.821675511022395299e-07 6.566066175354910114e-07 2.267626121525103989e-06 7.503689497934508748e-06 2.379143715498879287e-05 7.227932346126997949e-05 2.104069867034122853e-04 5.868997546146729333e-04 1.568665393284446145e-03 4.017576298675920934e-03 9.859844585925089250e-03 2.318743297881910304e-02 5.225361372555895056e-02 1.128405681752814305e-01 2.335089349946607717e-01 4.630574479267152710e-01 8.799601101859190200e-01 1.602474819512000437e+00 2.796550650840381458e+00 4.676923686321761586e+00 7.495603335058945937e+00 1.151234892894497008e+01 1.694471835999055287e+01 2.390119155751560953e+01 3.229490795095815514e+01 4.183898592446242759e+01 5.194530934855856685e+01 6.180591976195891846e+01 7.047458007844586803e+01 7.701111621333528490e+01 8.064776315498843928e+01 8.093943584153554127e+01 7.785036172654653797e+01 7.171352678748840503e+01 6.333084373793505506e+01 5.359696224700849143e+01 4.346837816042921787e+01 3.379829240206028373e+01 2.517474117692975710e+01 1.796945795170438132e+01 1.229139756244810400e+01 8.062249879668652142e+00 5.064453735688668523e+00 3.048553791233059584e+00 1.758473494794918324e+00 9.728902928866347555e-01 5.153265337841593796e-01 2.615582121817619510e-01 1.273537623421982234e-01 5.935348178463167174e-02 2.650533499760458073e-02 1.135660685971422515e-02 4.656444688879914952e-03 1.829354131000233497e-03 6.896670869822676703e-04 2.487544574965175142e-04 8.596551069410772450e-05 2.851320844418528565e-05 9.045999331816522489e-06 2.754750646214410490e-06 8.022863271506049825e-07 2.243048967074795732e-07 5.996562320395635334e-08 1.535863019699254334e-08 3.776903101566172410e-09 8.879185469248692432e-10 2.004431955897608783e-10 4.325107591893315930e-11 8.962547071949215670e-12 1.774954337185084813e-12 3.376138612880763189e-13 6.071570389650545918e-14 1.059744469102979444e-14 1.767221164052680345e-15 2.831106405592586616e-16 4.332573709532880463e-17 6.370315179087100540e-18 8.946137961889356259e-19 1.207217505791706936e-19 1.560673321607841954e-20
2.559919747117416946e-20 2.187955370369710383e-19 1.782903125966609390e-18 1.385155074955711786e-17 1.026017249409115481e-16 7.267566041961761981e-16 4.893252907763528702e-15 3.141268446719050015e-14 1.922718103459018122e-13 1.122105917660434121e-12 6.244020129751013586e-12 3.312924170218823328e-11 1.680140652919968605e-10 8.104165932117866929e-10 3.727361371772675290e-09 1.634668643792209521e-08 6.835929333436400696e-08 2.725897429093064372e-07 1.036501747202724453e-06 3.758231826860605708e-06 1.299434650560605278e-05 4.284369745058129344e-05 1.347054759983898657e-04 4.038810218472817194e-04 1.154770013186358097e-03 3.148583717350947244e-03 8.186841642199590638e-03 2.030030117395317801e-02 4.800394219431603632e-02 1.082537297423659811e-01 2.328109462101866922e-01 4.774867345175647371e-01 9.339405388361363691e-01 1.742125913101827184e+00 3.099163007294700289e+00 5.257942039764802011e+00 8.507370602065289944e+00 1.312757561944511764e+01 1.931899380279070755e+01 2.710103332155425448e+01 3.627784942415092218e+01 4.631375262214191224e+01 5.638859586282340075e+01 6.547647758208465518e+01 7.250895285652251232e+01 7.657897865328953912e+01 7.713458565780177878e+01 7.410010599420901656e+01 6.788854442535236444e+01 5.931717288645253916e+01 4.942750829439738425e+01 3.927888344220880157e+01 2.978173840576945253e+01 2.152627859039003511e+01 1.483823201747300402e+01 9.754087066797431760e+00 6.119367079438926993e+00 3.658604022654356136e+00 2.085957609239762700e+00 1.134156644552481330e+00 5.886651028644314110e-01 2.910790687613540317e-01 1.372522195605677398e-01 6.179287562128996797e-02 2.649704518599917819e-02 1.083451688702447534e-02 4.230722373853244497e-03 1.573082051382364245e-03 5.505105438981409754e-04 1.863217280292635367e-04 6.003219814003731323e-05 1.844299074476582001e-05 5.412965639044069503e-06 1.512005565803142721e-06 4.035365609602259182e-07 1.024835569511397125e-07 2.487090340013979399e-08 5.742466143173874735e-09 1.264156127907991816e-09 2.659815231067630924e-10 5.323087124739550922e-11 1.018308563473069330e-11 1.852613146435460152e-12 3.222176435520440948e-13 5.328829635560182594e-14 8.426154293265046259e-15 1.266699534877166605e-15 1.820912248575097980e-16 2.488169906803795999e-17 3.251612176735825987e-18 4.038520917081517614e-19 4.797670980293891188e-20 5.415930189053736735e-21 5.848673405805471625e-22 6.022002734106720226e-23
1.174298587805694988e-21 1.138849147826262587e-20 1.050157867048685400e-19 9.207613536380799491e-19 7.676214205002648668e-18 6.104109504161611245e-17 4.600595364526360910e-16 3.297035516333830913e-15 2.246749006356847083e-14 1.455828843349673620e-13 8.970040256952558221e-13 5.255454162204606621e-12 2.935556213901946313e-11 1.555058135377547637e-10 7.833303905734871136e-10 3.752224583155551169e-09 1.709155268962167237e-08 7.403317110892687216e-08 3.049485449582599671e-07 1.194497742763691493e-06 4.449444147587132183e-06 1.576125763539080823e-05 5.309377383664045194e-05 1.700853009391540714e-04 5.181591449213662727e-04 1.501189007306480503e-03 4.136051280458884379e-03 1.083720192844121050e-02 2.700420371480797416e-02 6.399273193365551116e-02 1.442171642421607447e-01 3.090950734451834436e-01 6.300248673045962811e-01 1.221280038762068809e+00 2.251469648835223047e+00 3.947401876862073777e+00 6.581910283094359215e+00 1.043731330828846993e+01 1.574063414102698388e+01 2.256467071848899764e+01 3.078155254242321348e+01 4.005006228830912107e+01 4.938458950809717152e+01 5.791307292935195505e+01 6.458893918327518691e+01 6.850706499798515381e+01 6.910640070154724413e+01 6.630059984739786216e+01 6.049355381851134439e+01 5.249183814141886018e+01 4.331755372611877419e+01 3.399568389686965730e+01 2.538524515664489201e+01 1.801956639229105406e+01 1.216435001955565731e+01 7.809311718320408602e+00 4.771548725992215800e+00 2.770561794379527765e+00 1.529846692156793475e+00 8.033351927921729141e-01 4.015980692016954956e-01 1.907229431945437481e-01 8.613391459525766847e-02 3.704101193155678873e-02 1.512857648521774394e-02 5.875754824626194979e-03 2.173489814629153000e-03 7.633920350953815690e-04 2.549635093958272009e-04 8.111989374238079658e-05 2.449976600110433017e-05 7.036013252389019636e-06 1.925310406552292021e-06 4.999758826361546174e-07 1.237277299423377370e-07 2.905261326254996982e-08 6.501796980031372701e-09 1.380409028783643538e-09 2.786688425644781016e-10 5.362778042675453466e-11 9.788283954486738137e-12 1.703353309027764078e-12 2.810894225981107360e-13 4.423097763726626126e-14 6.598976205748834584e-15 9.389227884399447008e-16 1.266419981143256106e-16 1.629259108940548486e-17 1.986661469430710766e-18 2.310912869566483760e-19 2.547367050098557372e-20 2.679089185332442064e-21 2.669673924973736775e-22 2.538510102428117614e-23 2.295223423204916655e-24
2.582330386832063761e-22 2.648100968751237832e-21 2.578960974770437479e-20 2.385310679932481519e-19 2.095258181600824033e-18 1.753569402640874089e-17 1.389227352294555750e-16 1.045257895263679650e-15 7.469229141771357426e-15 5.069121709866967275e-14 3.341967773305450615e-13 2.044562691146080733e-12 1.191151577337536003e-11 6.572893786421831182e-11 3.444788204949609934e-10 1.714695440412748068e-09 8.106477861018142588e-09 3.639990772950444096e-08 1.552363121348587308e-07 6.288011430689065897e-07 2.419146976306913067e-06 8.839791081451137150e-06 3.067993077577094684e-05 1.011349153390393713e-04 3.166531969834311590e-04 9.416819199512697696e-04 2.659889913902981854e-03 7.136143227231808196e-03 1.818466108950015508e-02 4.401389634665616585e-02 1.011855422525563819e-01 2.209490495057503667e-01 4.582597519279396625e-01 9.027717564634774039e-01 1.689240691931293670e+00 3.002292265186366382e+00 5.068304333203664136e+00 8.126826580717196435e+00 1.237736156916581720e+01 1.789595290092513835e+01 2.459200235001317836e+01 3.209826698170725479e+01 3.979400245880219700e+01 4.685992626848978659e+01 5.241227384824573221e+01 5.568153390235553957e+01 5.618838337046736342e+01 5.385800884575851200e+01 4.903410706274138420e+01 4.240229848571108562e+01 3.482751621434832145e+01 2.717041738146148688e+01 2.014311246584469828e+01 1.417790095198495059e+01 9.478369133869749774e+00 6.018523781149123231e+00 3.632735722102367948e+00 2.081079453118190870e+00 1.132329497114627825e+00 5.851730895144232614e-01 2.875498507212705390e-01 1.340626237196168857e-01 5.936404344866751115e-02 2.500076224436788980e-02 9.987096156382579623e-03 3.789132339859262004e-03 1.367573535024187463e-03 4.680668012596028303e-04 1.521502197004941917e-04 4.705911872632368532e-05 1.379910668856935719e-05 3.842895358716489477e-06 1.018517611629305570e-06 2.558609800727937708e-07 6.117949400272968286e-08 1.386307493914752903e-08 2.990497753673129082e-09 6.112312984010004931e-10 1.186454340085031448e-10 2.192919331191564504e-11 3.839387703769306295e-12 6.260041420889111947e-13 9.879278277002342942e-14 1.485005158607924424e-14 2.113736297618280013e-15 2.866108331430169272e-16 3.679434208743979508e-17 4.500417162124111464e-18 5.210720573603486882e-19 5.748976735279662318e-20 6.003207332963513363e-21 5.974320116069645795e-22 5.626269331780110423e-23 5.050445008207599668e-24 4.305810580033779529e-25
2.686924377378575040e-23 3.014440136093522909e-22 3.205366274967259573e-21 3.230503929877203488e-20 3.085931745748911578e-19 2.803364043141939990e-18 2.405537142571854599e-17 1.956471145207318078e-16 1.508222425928087202e-15 1.102020414322260519e-14 7.632167444524698992e-14 5.010047256733745839e-13 3.125897591708929681e-12 1.843355998348151141e-11 1.030348645324378801e-10 5.458851055018846761e-10 2.741333224897115149e-09 1.329687906347514793e-08 5.995369248452312480e-08 2.562299595049847599e-07 1.037989423761873013e-06 3.985714944701160124e-06 1.450677939375021185e-05 5.004818832135299756e-05 1.636663332893942399e-04 5.073234883140767364e-04 1.490617218037532977e-03 4.151487111449956614e-03 1.095969404953796994e-02 2.742527864355575121e-02 6.505222851448427823e-02 1.462622920766518397e-01 3.117181664551784692e-01 6.297262400878880229e-01 1.205873424885702594e+00 2.188830601002148324e+00 3.766025259430092920e+00 6.142073781731353321e+00 9.495274974156755476e+00 1.390668417064731699e+01 1.931847728197057990e+01 2.543796688175517318e+01 3.175058840180701836e+01 3.756476026420207859e+01 4.212776681660510292e+01 4.478315217551201499e+01 4.512647290425482538e+01 4.310504653154902854e+01 3.902843139898457281e+01 3.349573115115269673e+01 2.724910739808789373e+01 2.101205607866798530e+01 1.536611739525529607e+01 1.064681656565323031e+01 6.992387104004828657e+00 4.352912850828385416e+00 2.570702046851856437e+00 1.437923034036868941e+00 7.623673453196642136e-01 3.831212330902100116e-01 1.827100935502093959e-01 8.249967553258710784e-02 3.530860866398512210e-02 1.434385044605315102e-02 5.515720894416776751e-03 2.010353918928348659e-03 6.956674047026039677e-04 2.278084782684569002e-04 7.070768244376631894e-05 2.084126744341978572e-05 5.811767314223278525e-06 1.536085555558713528e-06 3.856427502872464755e-07 9.157329016934114486e-08 2.065774138105124667e-08 4.406924117284699887e-09 8.932776354498973846e-10 1.711988651468763592e-10 3.109750004788708097e-11 5.368462709337899229e-12 8.760423832307919510e-13 1.358838962285094550e-13 1.991986542213295449e-14 2.776133690997123868e-15 3.655903635178945643e-16 4.577755560497485610e-17 5.273498947789324388e-18 5.928809762519800969e-19 6.296307396514331451e-20 6.359812516552825994e-21 6.067048401689523480e-22 5.505778640864620879e-23 4.718020873753667729e-24 3.846602938419003213e-25 2.972681611754822506e-26
1.012282159768605400e-26 1.590547389287094148e-25 2.350939934916604637e-24 3.268798851901380655e-23 4.275515102207016661e-22 5.280780536527048947e-21 6.111815406021300865e-20 6.654284309842350486e-19 6.815429934267453968e-18 6.566707704443722638e-17 5.952046982789248378e-16 5.075173991263861728e-15 4.083868044021247843e-14 3.081429831605538556e-13 2.187276162691233164e-12 1.460586366085677484e-11 9.175392135923235350e-11 5.422470911289225827e-10 3.014716080550109869e-09 1.576788792717829121e-08 7.758536826765979190e-08 3.591422809340417439e-07 1.563993015781637923e-06 6.407457479193725412e-06 2.469564246649974946e-05 8.954463093212354464e-05 3.054529193857764965e-04 9.802465588202263595e-04 2.959466465004879226e-03 8.405803398508356408e-03 2.246121892507636081e-02 5.646459288675137467e-02 1.335390519183952962e-01 2.971186551667484022e-01 6.219297800829207690e-01 1.224736770875805458e+00 2.268998570100067447e+00 3.954720116666649687e+00 6.484660901538548572e+00 9.997231632525567235e+00 1.451013315692426886e+01 1.981309361425433480e+01 2.545200647762989732e+01 3.075955916736202411e+01 3.497244258746844281e+01 3.740752297899128109e+01 3.764388966026420746e+01 3.564020571564476114e+01 3.174465658840207283e+01 2.660019599312656879e+01 2.096919670041886974e+01 1.555107508398014460e+01 1.085625539607293533e+01 7.126220133482769725e+00 4.400646113547442617e+00 2.556526823387333724e+00 1.398566017213320745e+00 7.191290069682070296e-01 3.478588245766228160e-01 1.582960544298361305e-01 6.785670462286090554e-02 2.701586914891233177e-02 1.022830308433212571e-02 3.648896708048751571e-03 1.222682800918200143e-03 3.854134195724927205e-04 1.145065099144929179e-04 3.194480201310207331e-05 8.383504597049195589e-06 2.074235779956715096e-06 4.817586541856137527e-07 1.052569387528562913e-07 2.168681282600383616e-08 4.193258976684732958e-09 7.647318197128926881e-10 1.308555909181143623e-10 2.112295434070087581e-11 3.198581017988336162e-12 4.556135072377953372e-13 6.123951554321094947e-14 7.719322771611817629e-15 9.183333944231910741e-16 1.024350428921410543e-16 1.078569926032757159e-17 1.064608172332416579e-18 9.921121765875600332e-20 8.665393397761338285e-21 7.146991676852652384e-22 5.523694225396885619e-23 4.032009510291581219e-24 2.757399762215895926e-25 1.781318808369391272e-26 1.077915758772875288e-27 6.162685267767509721e-29 3.314703578641060613e-30
8.736771438825748531e-35 3.048125002148474187e-33 9.827085720062014722e-32 2.927721114407557473e-30 8.060286392480433717e-29 2.060736876815283064e-27 4.844296464237259207e-26 1.052357055222263481e-24 2.112625576951402317e-23 3.919329001074666243e-22 6.719445132069345905e-21 1.064609423948120657e-19 1.565125547724112930e-18 2.117540877803527279e-17 2.647631179958412512e-16 3.059347082585636804e-15 3.266991852573240927e-14 3.224168884643848285e-13 2.940629197247613971e-12 2.478664482345779308e-11 1.930867090338786125e-10 1.390100659793595101e-09 9.249139524920187851e-09 5.687475072627893548e-08 3.232232201749289126e-07 1.697665560598719172e-06 8.240808420958596072e-06 3.697064495643379326e-05 1.532904428161593283e-04 5.969004658824517921e-04 2.111954143350528584e-03 6.906230518033953589e-03 2.087240347154399947e-02 5.830144293460245986e-02 1.505088725050500731e-01 3.591048087149399937e-01 7.918754474669831289e-01 1.613872225571824748e+00 3.039890638635208919e+00 5.287854613386231861e+00 8.508895404735287826e+00 1.265442249073372238e+01 1.739347255650772439e+01 2.209552369435963826e+01 2.594151988044289325e+01 2.814871621756034870e+01 2.823039734912740073e+01 2.616815889519477878e+01 2.241803052368143057e+01 1.774958861996513448e+01 1.298805132765162185e+01 8.783402367492943341e+00 5.493922721836998591e+00 3.173761500105792166e+00 1.694427989550913116e+00 8.360395969055056664e-01 3.817098329931826739e-01 1.608764954657207202e-01 6.266134334036362052e-02 2.255548477148129616e-02 7.516366839290971810e-03 2.310979291860722120e-03 6.566314332198544892e-04 1.727827784624277527e-04 4.193200182574661670e-05 9.404160364889307833e-06 1.953876624353847120e-06 3.742607914128827971e-07 6.624792959566036178e-08 1.086731618558408373e-08 1.642880201837563201e-09 2.295100156303309426e-10 2.972341417200902401e-11 3.546196333358330383e-12 3.923084821038111463e-13 3.997133427279401935e-14 3.777200412716978015e-15 3.286521454418323492e-16 2.642378917909818235e-17 1.971077791503281791e-18 1.353290822128464420e-19 8.622404988093176192e-21 5.055145321987393477e-22 2.750988581393515416e-23 1.377213394005782357e-24 6.401234933159424757e-26 2.736359129468670795e-27 1.086257618621873309e-28 3.964870539863550513e-30 1.344237823032903590e-31 4.189376912416314286e-33 1.213037928962065942e-34 3.227866008261459368e-36 7.981952267991332140e-38 1.824148170940016845e-39
1.546964946432243608e-43 1.278793081002126424e-41 9.581211930159911160e-40 6.506460183598915413e-38 4.004765483373711923e-36 2.247870322161772680e-34 1.136489692772734844e-32 5.208099712982937895e-31 2.163298652832027940e-29 8.144809292779369287e-28 2.779562514969913778e-26 8.598186686773245955e-25 2.423076213005162059e-23 6.157622657314164706e-22 1.418421101795472163e-20 2.961740764873272431e-19 5.605859573273304440e-18 9.618208475764600355e-17 1.495913079417654323e-15 2.109026511211504291e-14 2.695407446580802353e-13 3.122745541998608883e-12 3.279604821794491998e-11 3.122353024101219264e-10 2.694764019408443468e-09 2.108338059965754374e-08 1.495350135152404170e-07 9.614592236592322120e-07 5.604104071084987367e-06 2.961220103981203954e-05 1.418489091214951273e-04 6.159898615599956016e-04 2.425016046070520986e-03 8.654663439313209014e-03 2.800148599212938516e-02 8.213114929398607211e-02 2.183891332829822618e-01 5.264420973752022004e-01 1.150446942591290433e+00 2.276959341476798127e+00 4.090048167857499806e+00 6.660340798732921286e+00 9.832374729177894679e+00 1.315870582596808624e+01 1.596464831998372880e+01 1.755882245278765552e+01 1.750870975048012923e+01 1.582813867499873695e+01 1.297148005752405631e+01 9.636756281181412476e+00 6.490099884332446223e+00 3.935951519912622043e+00 2.177833936939668202e+00 1.091459941478141182e+00 4.958592848139655729e-01 2.042083460369434611e-01 7.635537479380756498e-02 2.584275573875705750e-02 7.928519726444833299e-03 2.204935313730215299e-03 5.570553314355517318e-04 1.273084815860017576e-04 2.637275505268870825e-05 4.965207897638541370e-06 8.452161675703859117e-07 1.304144093428386173e-07 1.829581932763980423e-08 2.319626885226814849e-09 2.665630123029865021e-10 2.786344370351288297e-11 2.630880521100270022e-12 2.251495080895983850e-13 1.753391091828338345e-14 1.232847994272387707e-15 7.890444725645313433e-17 4.558033730581506291e-18 2.397387643916670462e-19 1.137743580146273254e-20 4.893585143266303307e-22 1.917256463722540880e-23 6.774401003529359494e-25 2.181001266947743037e-26 6.330533911498370917e-28 1.674724492841952269e-29 3.993078177246873421e-31 8.679914067498678488e-33 1.699991278063879009e-34 3.036309097353716690e-36 4.884627175503568351e-38 7.168198510597018132e-40 9.471909389024786109e-42 1.142046128178735059e-43 1.239486157249114290e-45 1.227846422894675891e-47 1.102562719133863400e-49
0.000000000000000000e+00 0.000000000000000000e+00 0.000000000000000000e+00 0.000000000000000000e+00 0.000000000000000000e+00 0.000000000000000000e+00 6.624128143718514260e-312 2.145492004337106600e-296 2.748211868057486654e-281 1.392230733622895597e-266 2.789487348119427494e-252 2.210581005456951306e-238 7.262700846930335141e-225 8.992072488368374650e-212 4.404100429418427029e-199 1.201186584585629186e-186 9.103815888662045024e-175 2.730076139504437050e-163 3.239732234137437612e-152 1.521521125304614814e-141 2.828397677072030031e-131 2.081442645515105648e-121 6.064958673781509060e-112 6.998744408544894521e-103 3.199219593273803189e-94 5.794522522870254068e-86 4.159841444561033067e-78 1.184071772835928551e-70 1.336911193137717645e-63 5.990469856305266576e-57 1.065857663837709113e-50 7.535427143570280453e-45 2.118521240927488481e-39 2.370780026195601925e-34 1.057287118216576042e-29 1.881779247462524307e-25 1.339082176452568165e-21 3.818566166574694199e-18 4.376144916718158036e-15 2.005060074576331645e-12 3.758703999064259056e-10 2.867680537443496422e-08 8.949857284852937733e-07 1.147999015003196728e-05 6.073435759923697015e-05 1.327293784581280050e-04 1.198246695185076476e-04 4.453724926870068242e-05 6.780871725828009839e-06 4.206712397074039223e-07 1.057850610508564175e-08 1.073213577826091474e-10 4.415486283855076066e-13 7.220481856897556194e-16 4.717505981990965060e-19 1.229018811334729771e-22 1.293794195767056289e-26 5.344120376429494107e-31 8.769984673188994280e-36 5.713649172241486281e-41 1.507498525090910049e-46 1.547600603969328496e-52 6.298347973137438990e-59 1.041273451051530834e-65 6.663347594272014949e-73 1.689033349932206943e-80 1.745482384528133433e-88 6.948377202785955833e-97 1.095113028585284639e-105 7.063802745120858296e-115 1.747023990681693822e-124 1.710134114351158220e-134 6.878595295662560614e-145 1.056064222402815593e-155 6.680306653097292495e-167 1.608181382913602749e-178 1.599477619009754057e-190 6.036363119282715536e-203 9.012893539918495443e-216 3.817651903352027870e-229 8.832624218893932945e-243 8.501638165408098085e-257 3.082438180839182850e-271 4.662489886999728505e-286 2.648876727011683677e-301 6.295837517506399889e-317 0.000000000000000000e+00 0.000000000000000000e+00 0.000000000000000000e+00 0.000000000000000000e+00 0.000000000000000000e+00 0.000000000000000000e+00 0.000000000000000000e+00 0.000000000000000000e+00 0.000000000000000000e+00
0.000000000000000000e+00 0.000000000000000000e+00 0.000000000000000000e+00 0.000000000000000000e+00 0.000000000000000000e+00 0.000000000000000000e+00 2.806033829760165805e-316 8.575271481221145566e-301 1.036428722797677908e-285 4.954291053299023263e-271 9.366775270957271656e-257 7.004603616580365424e-243 2.171530629514947809e-229 2.537329940920941754e-216 1.172859548909269926e-203 2.144890310293701797e-191 1.551996813780252582e-179 4.443705327681753732e-168 5.035198082481870707e-157 2.258187449659591932e-146 4.009025696962851557e-136 2.817900367264119970e-126 7.843383519981506316e-117 8.647040357024261027e-108 3.776824982765628543e-99 6.537425964965346531e-91 4.485916125538382212e-83 1.220747143641074833e-75 1.318020271663162715e-68 5.648885555570034422e-62 9.616293935227177247e-56 6.506731786482591118e-50 1.751424771661874984e-44 1.877277895821520294e-39 8.022319892641083730e-35 1.368817971518555749e-30 9.342158962234309560e-27 2.555974279292684460e-23 2.810733360021176782e-20 1.235440319293728869e-17 2.219321798320082059e-15 1.619105294323164638e-13 4.814756831082625135e-12 5.854156697397712291e-11 2.916273890254081616e-10 5.955425047104510983e-10 4.985218726088650009e-10 1.705446679455696996e-10 2.375177189643411542e-11 1.341384863134722650e-12 3.059857143318368197e-14 2.809075289741380770e-16 1.044268731391909417e-18 1.541083769002876657e-21 9.080370494655260946e-25 2.132525038526347225e-28 2.023471970150884764e-32 7.531142311253165919e-37 1.113495713759440961e-41 6.535482138272747943e-47 1.553619926575552933e-52 1.436770806398138221e-58 4.365145162807028076e-65 6.428342568427977261e-72 3.663583692195884157e-79 8.270417579125216641e-87 7.612983178138289512e-95 2.698944051457241606e-103 3.788257260725197940e-112 2.176536370051283604e-121 4.793975027311468763e-131 4.179237163756505975e-141 1.497320045481419384e-151 2.047278945899805904e-162 1.153542401756391284e-173 2.473130013496540355e-185 2.191007784647758286e-197 7.364098340578460520e-210 9.792396519406007427e-223 5.403091111570733031e-236 1.126081579221645713e-249 9.765374674258623722e-264 3.189477404748460010e-278 4.346642200683216430e-293 2.224544604410609115e-308 4.940656458412465442e-324 0.000000000000000000e+00 0.000000000000000000e+00 0.000000000000000000e+00 0.000000000000000000e+00 0.000000000000000000e+00 0.000000000000000000e+00 0.000000000000000000e+00 0.000000000000000000e+00 0.000000000000000000e+00
0.000000000000000000e+00 0.000000000000000000e+00 0.000000000000000000e+00 0.000000000000000000e+00 0.000000000000000000e+00 0.000000000000000000e+00 2.545830358013056794e-315 7.353477813303903102e-300 8.400512490132082946e-285 3.795630234306337767e-270 6.783359362548403196e-256 4.795223169276682015e-242 1.405220761922139239e-228 1.552276168739939867e-215 6.783856558545551668e-203 1.173011622998715432e-190 8.025751717463421378e-179 2.173063032121487578e-167 2.328702873252976937e-156 9.878030330224620804e-146 1.658857123018211091e-135 1.103081108731677121e-125 2.905054466344214518e-116 3.030753775987316515e-107 1.252888089167024771e-98 2.575242836410309946e-90 1.654212160849915619e-82 4.214934939913793603e-75 4.262054946669372774e-68 1.711234640120525554e-61 2.729824501654297627e-55 1.731463947384225213e-49 4.370403463138038944e-44 4.394447396340189650e-39 1.762347407540114279e-34 2.823023661062894927e-30 1.809350489583870307e-26 4.649401555910069331e-23 4.801244007221169134e-20 1.980653342333311535e-17 3.334429057081550509e-15 2.274463195896347200e-13 6.301978560297666910e-12 7.106545487841521616e-11 3.265020433422503536e-10 6.111648831759358820e-10 4.661072702912087223e-10 1.444224389577976811e-10 1.812739190312688797e-11 9.189687620988018161e-13 1.876000126927706115e-14 1.537847840896313992e-16 5.097725821129525524e-19 6.699777525903531715e-22 3.513110361109086548e-25 7.338811371066492639e-29 6.193136879737441535e-33 2.049203366864501515e-37 2.693155666468423506e-42 1.404939027239624166e-47 2.968805850833773079e-53 2.439963470784784603e-59 7.949278327825173389e-66 1.052385587805466159e-72 5.390783150025552025e-80 1.093802560341786617e-87 9.051080382238598129e-96 2.884033718527932755e-104 3.638358756942143646e-113 1.879152427874355331e-122 3.720063524126274194e-132 2.914809275044310278e-142 9.387670292143101808e-153 1.153664979738223668e-163 5.843429469793479257e-175 1.126011083870532962e-186 8.967545789241113090e-199 2.709028367951764961e-211 3.237791924222173210e-224 1.605983993847828941e-237 3.008420594183882603e-251 2.345312073311887311e-265 6.885021605885506853e-280 8.435039802586900933e-295 3.880189938419294328e-310 0.000000000000000000e+00 0.000000000000000000e+00 0.000000000000000000e+00 0.000000000000000000e+00 0.000000000000000000e+00 0.000000000000000000e+00 0.000000000000000000e+00 0.000000000000000000e+00 0.000000000000000000e+00 0.000000000000000000e+00
0.000000000000000000e+00 0.000000000000000000e+00 0.000000000000000000e+00 0.000000000000000000e+00 0.000000000000000000e+00 0.000000000000000000e+00 4.917276116431712033e-314 1.316512615616814062e-298 1.394088746644102968e-283 5.838993311680420981e-269 9.673581949079579099e-255 6.339584889840126321e-241 1.722181989208572903e-227 1.763853479124317102e-214 7.147564500595463700e-202 1.146050224563593264e-189 7.271807521393336774e-178 1.826095300966289904e-166 1.815109646202763966e-155 7.142404673573859463e-145 1.112809567676325636e-134 6.866173648169226513e-125 1.678110137884235791e-115 1.624969566003934597e-106 6.236077396200701828e-98 9.487657393732743415e-90 5.724631264186591540e-82 1.370440588248511273e-74 1.302289589645873642e-67 4.915099531002231415e-61 7.372510267009317349e-55 4.398282333283599129e-49 1.044517453691379863e-43 9.884551942334544480e-39 3.731854154647088120e-34 5.628854921003082098e-30 3.397309558888201101e-26 8.219648926518191505e-23 7.988023973311143804e-20 3.098375536164788512e-17 4.895875855219163059e-15 3.272303403376343097e-13 8.368110773598492719e-12 8.673992877800128677e-11 3.646089592385929275e-10 6.213273447977422690e-10 4.293361036687562092e-10 1.199643817307658435e-10 1.352498739132392613e-11 6.138555892363900859e-13 1.119036339691905803e-14 8.175667833584034837e-17 2.412350319526362084e-19 2.818733644025320574e-22 1.313107441088155899e-25 2.435733976912250443e-29 1.824898651543380523e-33 5.358626879884443049e-38 6.248828787362613633e-43 2.892103663297616640e-48 5.422541634268225097e-54 3.953348632183623869e-60 1.142491732950210199e-66 1.341873382065572446e-73 6.096925669919413944e-81 1.097270797665863828e-88 8.055014456160087852e-97 2.276531313725650169e-105 2.547320038903903022e-114 1.167139400581550365e-123 2.049332039743197489e-133 1.424204517599478952e-143 4.069112267945546854e-154 4.435277694337837843e-165 1.992912119670654863e-176 3.406139243858014451e-188 2.406429661011631824e-200 6.447829628883522464e-213 6.835183738221528848e-226 3.007632482059853393e-239 4.997186557496207763e-253 3.455990024244804903e-267 8.998776388141822639e-282 9.780324480430671251e-297 3.990514015146227994e-312 0.000000000000000000e+00 0.000000000000000000e+00 0.000000000000000000e+00 0.000000000000000000e+00 0.000000000000000000e+00 0.000000000000000000e+00 0.000000000000000000e+00 0.000000000000000000e+00 0.000000000000000000e+00 0.000000000000000000e+00
0.000000000000000000e+00 0.000000000000000000e+00 0.000000000000000000e+00 0.000000000000000000e+00 0.000000000000000000e+00 0.000000000000000000e+00 7.929493987960609803e-313 3.038548222865138770e-297 2.962221382442361121e-282 1.142274385175393208e-267 1.742395072406495503e-253 1.051406838400421562e-239 2.629729002038329976e-226 2.480279251727037633e-213 9.256235380177498611e-201 1.366953004230723833e-188 7.989229438239063363e-177 1.848167649611182352e-165 1.692478625255766476e-154 6.136470935481660982e-144 8.810596737798537272e-134 5.010384373843670231e-124 1.128796423917653863e-114 1.007748955953334528e-105 3.566235022566232862e-97 5.004202071769201435e-89 2.785439486951938682e-81 6.152857315882629084e-74 5.396368423915581662e-67 1.880255814591301377e-60 2.604404795393544862e-54 1.435172801776678291e-48 3.149057646003408289e-43 2.754032715270677627e-38 9.610838076138498115e-34 1.340022895812124526e-29 7.475489701850637618e-26 1.671152517486633228e-22 1.499517881713543757e-19 5.364630065104703539e-17 7.804083618239677926e-15 4.577892808394544699e-13 1.084001136949174852e-11 1.036768758066174938e-10 4.005574444884195545e-10 6.248663718817954599e-10 3.937798008592310667e-10 9.996910588612994775e-11 1.020772109203946488e-11 4.184847826742920080e-13 6.876155559262538220e-15 4.520474945858710512e-17 1.198888115082421875e-19 1.257730393495334589e-22 5.256888947505529877e-26 8.744545543053217751e-30 5.874134398618441668e-34 1.545874879106125272e-38 1.615318145324190774e-43 6.698192333103030660e-49 1.125294065589463531e-54 7.349320208810889050e-61 1.902544229199771537e-67 2.001946854728960090e-74 8.147565343664732229e-82 1.047455516286532283e-89 6.810652720463091576e-98 1.704555026375079725e-106 1.689010794803037995e-115 6.854276497961447602e-125 1.065756785693214987e-134 6.558786869443606391e-145 1.659725261414326055e-155 1.601993802213401767e-166 6.375470319016407014e-178 9.649152146362233864e-190 6.037868176604252532e-202 1.432605831690593700e-214 1.344826772616065831e-227 5.241136417952550118e-241 7.711348218765295233e-255 4.723491617513365697e-269 1.089130345337821325e-283 1.048425415201158703e-298 3.788096981983088766e-314 0.000000000000000000e+00 0.000000000000000000e+00 0.000000000000000000e+00 0.000000000000000000e+00 0.000000000000000000e+00 0.000000000000000000e+00 0.000000000000000000e+00 0.000000000000000000e+00 0.000000000000000000e+00 0.000000000000000000e+00
0.000000000000000000e+00 0.000000000000000000e+00 0.000000000000000000e+00 0.000000000000000000e+00 0.000000000000000000e+00 0.000000000000000000e+00 2.478312545597939758e-311 5.654895478489952092e-296 5.103815552173145157e-281 1.822167799034525238e-266 2.573526830429403890e-252 1.437947620282508338e-238 3.330051035578947044e-225 2.908646245472602028e-212 1.005332474519131558e-199 1.375155363593839516e-187 7.445045401047971678e-176 1.595560623499066512e-164 1.353798121587366621e-153 4.548432694684814898e-143 6.052279676534131746e-133 3.190203016829585039e-123 6.662920449559006217e-114 5.515393066993441820e-105 1.810039109104734571e-96 2.355867717359005882e-88 1.216570390698881401e-80 2.493686673339200537e-73 2.029952503899509102e-66 7.849212421766989513e-60 9.981929869511064717e-54 5.051301633384179315e-48 1.018018988686468635e-42 8.178613200701644295e-38 2.621966701804036752e-33 3.358103650217854370e-29 1.720335312976267176e-25 3.529731001626666940e-22 2.904306372010399065e-19 9.516803423076492865e-17 1.265649876332652930e-14 6.772225887065230923e-13 1.458863163325121621e-11 1.265551820374590012e-10 4.420562962598232245e-10 6.214306700997503099e-10 3.518421094112262170e-10 8.000287421162195867e-11 7.297685336701848572e-12 2.666786547254418230e-13 3.898605951786325425e-15 2.276994973702599532e-17 5.359795361379573972e-20 4.985195637236844033e-23 1.846100704729822861e-26 2.719421542620611217e-30 1.617390691444510815e-34 3.766833886186722936e-39 3.482601577054846589e-44 1.277565079661019667e-49 1.898918594040544985e-55 1.096949090957950980e-61 2.511585825427187859e-68 2.337778098322349783e-75 8.414348288289028613e-83 1.199565222038874502e-90 6.977814519874837421e-99 1.562085088866829876e-107 1.384475600123936711e-116 5.026264387583746294e-126 6.990305130800550955e-136 3.847816028038942738e-146 8.710699036307446860e-157 7.520182968745514772e-168 2.677345528844944863e-179 3.624358752553259310e-191 2.028848959285475907e-203 4.305686528858699180e-216 3.615195143687373550e-229 1.260419805870071781e-242 1.658709566174387263e-256 9.089256243908694724e-271 1.874547160857774353e-285 1.614285967168248230e-300 5.216951653185280312e-316 0.000000000000000000e+00 0.000000000000000000e+00 0.000000000000000000e+00 0.000000000000000000e+00 0.000000000000000000e+00 0.000000000000000000e+00 0.000000000000000000e+00 0.000000000000000000e+00 0.000000000000000000e+00 0.000000000000000000e+00
0.000000000000000000e+00 0.000000000000000000e+00 0.000000000000000000e+00 0.000000000000000000e+00 0.000000000000000000e+00 0.000000000000000000e+00 9.323163134971244475e-310 1.937452273390043211e-294 1.592657712322961766e-279 5.179178361485524936e-265 6.663041670793305909e-251 3.391462772818653531e-237 7.154255587374940589e-224 5.693387148961535328e-211 1.793054155420826368e-198 2.235014493132170998e-186 1.102771144556240828e-174 2.154116630975849318e-163 1.666096264558267213e-152 5.103344485467748460e-142 6.191845229955134792e-132 2.976411948977467679e-122 5.670002278600749142e-113 4.281676798966782837e-104 1.282105022006125372e-95 1.522889296290005922e-87 7.178330839755960014e-80 1.343340691424045344e-72 9.985684435290514399e-66 2.950167356274285494e-59 3.466330722893240976e-53 1.620900954934413360e-47 3.018889214927125219e-42 2.241380026064600963e-37 6.639952051617417716e-33 7.856406113551890245e-29 3.716522778294262622e-25 7.036399363177794003e-22 5.757292075417659244e-19 1.717565742804450906e-16 2.075787607175338880e-14 1.007306046054728967e-12 1.963314452500969945e-11 1.537058662605490811e-10 4.832402143857441602e-10 6.098060519029333094e-10 3.091853230470642137e-10 6.279760246561436159e-11 5.105829355196879624e-12 1.660022872092092674e-13 2.155791831527031913e-15 1.117063669439835307e-17 2.330868238882251138e-20 1.919872990575298333e-23 6.292039618047965922e-27 8.198727605310408332e-31 4.312599955140013766e-35 8.878722568978556734e-40 7.254963703473291439e-45 2.351811993515041753e-50 3.089190793856981328e-56 1.576602625581220952e-62 3.188981988228662107e-69 2.622626761222860744e-76 8.338418526155476478e-84 1.050037111500133708e-91 5.396238563227526478e-100 1.067031825915787050e-108 8.353210793387783300e-118 2.679091026507590885e-127 3.290987055245220909e-137 1.600035695968906000e-147 3.199886166300094448e-158 2.440010447916309328e-169 7.674163752425808665e-181 9.175661912214496972e-193 4.537510343053177212e-205 8.505280456267468481e-218 6.307480423030696994e-231 1.942673897594759770e-244 2.258045043512637079e-258 1.093077568801183904e-272 1.991116407290783100e-287 1.514751592039315239e-302 4.323696923824667232e-318 0.000000000000000000e+00 0.000000000000000000e+00 0.000000000000000000e+00 0.000000000000000000e+00 0.000000000000000000e+00 0.000000000000000000e+00 0.000000000000000000e+00 0.000000000000000000e+00 0.000000000000000000e+00 0.000000000000000000e+00
0.000000000000000000e+00 0.000000000000000000e+00 0.000000000000000000e+00 0.000000000000000000e+00 0.000000000000000000e+00 4.940656458412465442e-324 2.648560067076068901e-308 5.048713729120773200e-293 3.807140761279609675e-278 1.135768559003263113e-263 1.340547075043282366e-249 6.260481628176824875e-236 1.211636111445099493e-222 8.848284607107314595e-210 2.557417055973543870e-197 2.925840626926853008e-185 1.325145775555830957e-173 2.376318884977433018e-162 1.687507873555203140e-151 4.746435085856757716e-141 5.288837686634933811e-131 2.335204916866181012e-121 4.086720811368574204e-112 2.835546097743478429e-103 7.802821345870054921e-95 8.518786577268592993e-87 3.691399049073350559e-79 6.351661412983460514e-72 4.341943210979229914e-65 1.179836032561557523e-58 1.275158106748998987e-52 5.485290153019963019e-47 9.398100153095711369e-42 6.418273036674569694e-37 1.748571627932944522e-32 1.901932579656514156e-28 8.266331624417687663e-25 1.436758827168375423e-21 9.993749556441311743e-19 2.761673543984071222e-16 3.251957847053462529e-14 1.440279549085383348e-12 2.556910762183878684e-11 1.819354716245091844e-10 5.187155940955925291e-10 5.923069119027824664e-10 2.712213067185681139e-10 4.964671698736224030e-11 3.631629266703245909e-12 1.060660561933667964e-13 1.235752918480336657e-15 5.738422529655940771e-18 1.072278249163205581e-20 7.902225574104264697e-24 2.315817498165505637e-27 2.697099511103372360e-31 1.267790337190853091e-35 2.331422736715437784e-40 1.701277543086775448e-45 4.924255859705087565e-51 5.775665058233643942e-57 2.631367719587898717e-63 4.750963682371946574e-70 3.488094143106131673e-77 9.898361558717564913e-85 1.112495354544461961e-92 5.103449898069768709e-101 9.006275413663103982e-110 6.292311112325561616e-119 1.801375425701518260e-128 1.974801127626502277e-138 8.568493127802738654e-149 1.529539264161567229e-159 1.040858028375490586e-170 2.921993229575865438e-182 3.117862476256044172e-194 1.376206987465657730e-206 2.302103538129416805e-219 1.523567836536316891e-232 4.188428514677232235e-246 4.344632199439740115e-260 1.877225565444490581e-274 3.051625692011536682e-289 2.072149908416217586e-304 5.278597360167878078e-320 0.000000000000000000e+00 0.000000000000000000e+00 0.000000000000000000e+00 0.000000000000000000e+00 0.000000000000000000e+00 0.000000000000000000e+00 0.000000000000000000e+00 0.000000000000000000e+00 0.000000000000000000e+00 0.000000000000000000e+00
0.000000000000000000e+00 0.000000000000000000e+00 0.000000000000000000e+00 0.000000000000000000e+00 0.000000000000000000e+00 1.926856018780861522e-322 8.620877779901473719e-307 1.501870296064946306e-291 1.035108761291095679e-276 2.822538010903952191e-262 3.045263024568753164e-248 1.300096625950722551e-234 2.300066814096261242e-221 1.535766933315026815e-208 4.058882487911033608e-196 4.246567494205964831e-184 1.759058866858025390e-172 2.885366124973925380e-161 1.874454572829012644e-150 4.823765833308070863e-140 4.918450057158478697e-130 1.987490629170334113e-120 3.183701678830156804e-111 2.022267332727645208e-102 6.425561926819250098e-94 6.351637568122733558e-86 2.492386524656230172e-78 3.884110416978721329e-71 2.405047603924131097e-64 5.920243434897753852e-58 5.796758314082023088e-52 2.259037876917113214e-46 3.506163682908055392e-41 2.168702092629498323e-36 5.349595901413116176e-32 5.266089249983728332e-28 2.070064575734681651e-24 3.251391844820237879e-21 2.041612912517816023e-18 5.087447742939961016e-16 5.118630997463763210e-14 2.060683576773090425e-12 3.319512783201430428e-11 2.139326107075536481e-10 5.514278766648190341e-10 5.682264046832726705e-10 2.344428107376329091e-10 3.859941559043187242e-11 2.535961126767850035e-12 6.643769734197893655e-14 6.935644099359142889e-16 2.883075063827767723e-18 4.819603246696389291e-21 3.174945076678054952e-24 8.312713757499563253e-28 8.645700685572959651e-32 3.628619131318064466e-36 5.955399535502468506e-41 3.877633449576467084e-46 1.001289833194336634e-51 1.047772630719229558e-57 4.257659499224902327e-64 6.855831377865034001e-71 4.489568694265792697e-78 1.136109078109997225e-85 1.138619601401167747e-93 4.658345191213841776e-102 7.330168017213397045e-111 4.566379617112454812e-120 1.165815021794081080e-129 1.139544087565786426e-139 4.408500391665166456e-150 7.017774036711846806e-161 4.257981561054282640e-172 1.065957256816162820e-183 1.014116673218132750e-195 3.991724642831828553e-208 5.953469518311480371e-221 3.512973684247290046e-234 5.822269124433874351e-248 5.323680071911691721e-262 2.028041766583528146e-276 2.906087837181587227e-291 1.739801143280980982e-306 3.903118602145847699e-322 0.000000000000000000e+00 0.000000000000000000e+00 0.000000000000000000e+00 0.000000000000000000e+00 0.000000000000000000e+00 0.000000000000000000e+00 0.000000000000000000e+00 0.000000000000000000e+00 0.000000000000000000e+00 0.000000000000000000e+00
0.000000000000000000e+00 0.000000000000000000e+00 0.000000000000000000e+00 0.000000000000000000e+00 0.000000000000000000e+00 1.228741261207180155e-320 4.874737873923034404e-305 7.649117654829067408e-290 4.748662075400387351e-275 1.166435925706539796e-260 1.133740026412797894e-246 4.360799529941141395e-233 6.950244638012085707e-220 4.181799254695052686e-207 9.960127432065393321e-195 9.392088672534022157e-183 3.506859424215359411e-171 5.185656416808999173e-160 3.037360776030985910e-149 7.048274706869052786e-139 6.481251904825460317e-129 2.362275758916892557e-119 3.413617680463878246e-110 1.956323200015087403e-101 4.447841510470676425e-93 4.013247295170530488e-85 1.437637482426474283e-77 2.045469086464459528e-70 1.156442300718302260e-63 2.599283385341210576e-57 2.323835555966909951e-51 8.268238910765559687e-46 1.171432889834166703e-40 6.612449323450489533e-36 1.487952302663263210e-31 1.335455127843941236e-27 4.782977780547676961e-24 6.838902926808352798e-21 3.905267316890814632e-18 8.840795753320173932e-16 8.069082924536127884e-14 2.942661800708303019e-12 4.287538028870742437e-11 2.495425186360152096e-10 5.799903431077953627e-10 5.381044716184834975e-10 1.996402263826721395e-10 2.951295678862205723e-11 1.738892780536882126e-12 4.081093529613332938e-14 3.813039668039897775e-16 1.417455785393635612e-18 2.117912045228714671e-21 1.130724934229264775e-24 2.612996568325221109e-28 2.397700356411658234e-32 8.877158122827450870e-37 1.284635096396155306e-41 7.373548424066782876e-47 1.678161048598293659e-52 1.547845563642983912e-58 5.542231030088520385e-65 7.862987475733712279e-72 4.537315922859269162e-79 1.011514090843462972e-86 8.930345184702550950e-95 3.219050577866951687e-103 4.461896390810878886e-112 2.448369807630485459e-121 5.506945990494189858e-131 4.741300569268656942e-141 1.615613085051192508e-151 2.265721916529309988e-162 1.210831809732282352e-173 2.670390201097814350e-185 2.237643806158883126e-197 7.759159749081954793e-210 1.019270068399867290e-222 5.297341070402721636e-236 1.144033703356009621e-249 9.319013930406351669e-264 3.163173661143580940e-278 4.037993168711952290e-293 2.153991619924270820e-308 0.000000000000000000e+00 0.000000000000000000e+00 0.000000000000000000e+00 0.000000000000000000e+00 0.000000000000000000e+00 0.000000000000000000e+00 0.000000000000000000e+00 0.000000000000000000e+00 0.000000000000000000e+00 0.000000000000000000e+00 0.000000000000000000e+00
0.000000000000000000e+00 0.000000000000000000e+00 0.000000000000000000e+00 0.000000000000000000e+00 0.000000000000000000e+00 5.462439186985405917e-319 3.039066438621217374e-303 4.283267975090662255e-288 2.388573928005649425e-273 5.270629735363934931e-259 4.602377369707161401e-245 1.590513136444739152e-231 2.277403447549358874e-218 1.231355290489463920e-205 2.635773630844236374e-193 2.233950917985462215e-181 7.498004724404468882e-170 9.967747487026016545e-159 5.249377045270081558e-148 1.095383712828299011e-137 9.058780254170402742e-128 2.969783092523564518e-118 3.860539488303913857e-109 1.990521439811106279e-100 4.072111898726774418e-92 3.306406528588458824e-84 1.065951799857538858e-76 1.365009786490244633e-69 6.945975582552549218e-63 1.405146020834819666e-56 1.130573768345772499e-50 3.619666382738942489e-45 4.613540006127205180e-40 2.342053152878066221e-35 4.737488726307371406e-31 3.820031765846335677e-27 1.228320301231302974e-23 1.575487612111677475e-20 8.062668833046259919e-18 1.634281086160051126e-15 1.333780463270320641e-13 4.343939103034189417e-12 5.645113513347889020e-11 2.926586951278903720e-10 6.050989718532043514e-10 4.987871775898672602e-10 1.642486784718219870e-10 2.152336053318763483e-11 1.122981023554539152e-12 2.331745631546468633e-14 1.925877087448739651e-16 6.324277196626308885e-19 8.343915415324907898e-22 4.331702859599930310e-25 8.929438379378162444e-29 7.306395481653070782e-33 2.411837173867534638e-37 3.110512707987158435e-42 1.590799450047258912e-47 2.729757701277697407e-53 2.217755644706028503e-59 6.992470530288739619e-66 8.734783759965478806e-73 4.438472756033666510e-80 8.710925392346100566e-88 6.770120861230266508e-96 2.148617473073274548e-104 2.621527938428359967e-113 1.266205317674571777e-122 2.507297157181163624e-132 1.900061504022845592e-142 5.698710402099890582e-153 7.035501886439547774e-164 3.309271344386695405e-175 6.424883603913168398e-187 4.738442948558137086e-199 1.446427160557137543e-211 1.672327703356094494e-224 7.649602131898647802e-238 1.454295072227974770e-251 1.042630281668825042e-265 3.115404659514143822e-280 3.500275594365391851e-295 1.643654607380222622e-310 0.000000000000000000e+00 0.000000000000000000e+00 0.000000000000000000e+00 0.000000000000000000e+00 0.000000000000000000e+00 0.000000000000000000e+00 0.000000000000000000e+00 0.000000000000000000e+00 0.000000000000000000e+00 0.000000000000000000e+00 0.000000000000000000e+00
0.000000000000000000e+00 0.000000000000000000e+00 0.000000000000000000e+00 0.000000000000000000e+00 0.000000000000000000e+00 6.453565010547342801e-317 2.059813206681265739e-301 2.601256210915360827e-286 1.299859268391166045e-271 2.570404530499346080e-257 2.011574779920800051e-243 6.230774391403115601e-230 7.995775869099394529e-217 3.875547947512759118e-204 7.437539857653105467e-192 5.652111529758447987e-180 1.701159548074652418e-168 2.028180531072661928e-157 9.580251218977922961e-147 1.793267404391947195e-136 1.330480014093283047e-126 3.913565717836654921e-117 4.565124402370931832e-108 2.112380634812874688e-99 3.878505117028389867e-91 2.826645046339407783e-83 8.179816543070508922e-76 9.402420529023555471e-69 4.294618401879015241e-62 7.797728109033291765e-56 5.630442638494727170e-50 1.617409495967204240e-44 1.849135868969466204e-39 8.416855707737371027e-35 1.525851373447851157e-30 1.102018210602092636e-26 3.171698497655983910e-23 3.638392496258226323e-20 1.663802942468530835e-17 3.011150011658159618e-15 2.191523926987231628e-13 6.358146408277656839e-12 7.352284817037378123e-11 3.387902024629460805e-10 6.219291296833236153e-10 4.546916137714700270e-10 1.326898476379280522e-10 1.539198884446630778e-11 7.102870242599301239e-13 1.303413695141794807e-14 9.507527721393366507e-17 2.755630129560868489e-19 2.934938256009050296e-22 1.328287003047791186e-25 2.386081887525088893e-29 1.700754531507942719e-33 4.890216238025042112e-38 5.491024951676783884e-43 2.444485005806388141e-48 4.313508615357244874e-54 3.085007927197173754e-60 8.559975852308857892e-67 9.409156298422802197e-74 4.207643111669781758e-81 7.265442774275530003e-89 4.967785295197596749e-97 1.387266875651583472e-105 1.488978340265325449e-114 6.326417168036659320e-124 1.102183904238990802e-133 7.347102402117257495e-144 1.938286408920728118e-154 2.105275902452601608e-165 8.710206210828845806e-177 1.487733158138068584e-188 9.650954708049783594e-201 2.591725115408605027e-213 2.635625353039136354e-226 1.060398810780077553e-239 1.773516010019453322e-253 1.118351320123137134e-267 2.939762958662796944e-282 2.905116494847667627e-297 1.200107791360376470e-312 0.000000000000000000e+00 0.000000000000000000e+00 0.000000000000000000e+00 0.000000000000000000e+00 0.000000000000000000e+00 0.000000000000000000e+00 0.000000000000000000e+00 0.000000000000000000e+00 0.000000000000000000e+00 0.000000000000000000e+00 0.000000000000000000e+00
0.000000000000000000e+00 0.000000000000000000e+00 0.000000000000000000e+00 0.000000000000000000e+00 0.000000000000000000e+00 8.184762782678785143e-315 2.309136979290304095e-299 2.577799627773984506e-284 1.138772853536976641e-269 1.990900208718577304e-255 1.377608763119101351e-241 3.773200345047416872e-228 4.281174928889440630e-215 1.835237547902133371e-202 3.115209877387209552e-190 2.094166309061858522e-178 5.576129552355512244e-167 5.882035513144503579e-156 2.458540953490992596e-145 4.072594530154213130e-135 2.674268397779628506e-125 6.962777774069046477e-116 7.189769544082041010e-107 2.945241627332676728e-98 4.787692279041044142e-90 3.089323180363207886e-82 7.915358576935050011e-75 8.055472006298090755e-68 3.257397122783029744e-61 5.235487544303814978e-55 3.345773446542635344e-49 8.504158336335914199e-44 8.599973348705345593e-39 3.461140658979956179e-34 6.210013055270429488e-30 3.916808095620279307e-26 9.838116281101878517e-23 9.842027721708636011e-20 3.921744481047250997e-17 6.180539581069029708e-15 3.912610142492318032e-13 9.864307534916363751e-12 9.902808160690457710e-11 3.957795273566720025e-10 6.295719758612155144e-10 3.984869740203310750e-10 1.006132945226463447e-10 1.008767465264725042e-11 4.020591329761960439e-13 6.368057929381110181e-15 4.006805369828106116e-17 1.001204063641160852e-19 1.004534908271415995e-22 3.960671533980591424e-26 6.196053741731650765e-30 3.844922546633605077e-34 9.624208696970000264e-39 9.403463938449348134e-44 3.641943141440323041e-49 5.590036096458757757e-55 3.477840065077419818e-61 8.391698537527957948e-68 8.020621550598563257e-75 3.119124085782469851e-82 4.682394338219894133e-90 2.783267532081386195e-98 6.757875849435022237e-107 6.305000547209072731e-116 2.328552665061225021e-125 3.526913151412111159e-135 2.043455958529217312e-145 4.685618328454492790e-156 4.424294722435667972e-167 1.590925805414776223e-178 2.362226405844078199e-190 1.331815152717381437e-202 3.109065531254001654e-215 2.747864701984626620e-228 9.608357700837487533e-242 1.396930622877957519e-255 7.655656451859523518e-270 1.749335448018783383e-284 1.502401823635194779e-299 5.395070742330311284e-315 0.000000000000000000e+00 0.000000000000000000e+00 0.000000000000000000e+00 0.000000000000000000e+00 0.000000000000000000e+00 0.000000000000000000e+00 0.000000000000000000e+00 0.000000000000000000e+00 0.000000000000000000e+00 0.000000000000000000e+00 0.000000000000000000e+00
0.000000000000000000e+00 0.000000000000000000e+00 0.000000000000000000e+00 0.000000000000000000e+00 0.000000000000000000e+00 1.714222275446712999e-312 4.218497898254755083e-297 4.108033324402631489e-282 1.583178464383826242e-267 2.414811832215421586e-253 1.457926248639451416e-239 3.484431314386637521e-226 3.449409250961455386e-213 1.290518620744434028e-200 1.912011348634019883e-188 1.121985939025119659e-176 2.608102974557162969e-165 2.402026571246520138e-154 8.766535822273667796e-144 1.268127421474222175e-133 7.272374712605039276e-124 1.653743274848999824e-114 1.491572920145597738e-105 5.337245974778358999e-97 7.578848112966284740e-89 4.271926119354619662e-81 9.561001631378187296e-74 8.499017205256229172e-67 3.001556324794776961e-60 4.212713425420198327e-54 2.350370111937535594e-48 5.214161957634046355e-43 4.600582948609631636e-38 1.614790025970886934e-33 2.255147571757098689e-29 1.253297966160407547e-25 2.772049046165864178e-22 2.440293461717717650e-19 9.136202067199221049e-17 1.251124387812853344e-14 6.875190012654963803e-13 1.503391596442369284e-11 1.307957767224022595e-10 4.526531219911069955e-10 6.230041155097282852e-10 3.409284520338961980e-10 7.438636572437377518e-11 6.439139538124883760e-12 2.214391072227139664e-13 3.024477377766580033e-15 1.640191649342017376e-17 3.530761939348774031e-20 3.051253422814684324e-23 1.035591175235230440e-26 1.394114568235731675e-30 7.442343033034343582e-35 1.602571845555303146e-39 1.346404315381520941e-44 4.483054197977430741e-50 5.914771877277670173e-56 3.163413424375830300e-62 6.559431341620715908e-69 5.387036115840764181e-76 1.800377021716154075e-83 2.321957615977776179e-91 1.185685111362985074e-99 2.473608106686769462e-108 1.982398877666407812e-117 6.288695122435114537e-127 8.183237658935783814e-137 4.072285661976482108e-147 8.019962452340159351e-158 6.505413829365648910e-169 2.009081514596879145e-180 2.562603005800189901e-192 1.240821378206914333e-204 2.488272062463463941e-217 1.888690383664463795e-230 5.671642912436864631e-244 7.083171051624732852e-258 3.333685951254907951e-272 6.543412881675300684e-287 4.826175439516624347e-302 1.488675620337655898e-317 0.000000000000000000e+00 0.000000000000000000e+00 0.000000000000000000e+00 0.000000000000000000e+00 0.000000000000000000e+00 0.000000000000000000e+00 0.000000000000000000e+00 0.000000000000000000e+00 0.000000000000000000e+00 0.000000000000000000e+00 0.000000000000000000e+00
0.000000000000000000e+00 0.000000000000000000e+00 0.000000000000000000e+00 0.000000000000000000e+00 0.000000000000000000e+00 1.563556171871133203e-310 3.427823255859156624e-295 2.973976958709196852e-280 1.021190717362493258e-265 1.387922858145021882e-251 7.467163993211446630e-238 1.590466151298010262e-224 2.010957884692202032e-211 6.630143302785339003e-199 8.657390310681169288e-187 4.477746973643373849e-175 9.175080629726691453e-164 7.449248813558513071e-153 2.396883960466636488e-142 3.057020786749690137e-132 1.545811999320463111e-122 3.099679608559706876e-113 2.465348198392043942e-104 7.779371488818658694e-96 9.741419074145640821e-88 4.841950800968955268e-80 9.555402560194060429e-73 7.488895833426407763e-66 2.331495290534276317e-59 2.884053120348478834e-53 1.417823713843019917e-47 2.770652585171442652e-42 2.152601407093710606e-37 6.650221040458101417e-33 8.170625059133465745e-29 3.992659144836934199e-25 7.760363722528310378e-22 5.999615654148368762e-19 1.844923052022415229e-16 2.241417475265308462e-14 1.091769747130996099e-12 2.114630078818074554e-11 1.628417565359944083e-10 4.984793096328938801e-10 6.064449236784275405e-10 2.931596965843418699e-10 5.648001727238161746e-11 4.313799419873007061e-12 1.308241368572511618e-13 1.574977821899382215e-15 7.525177149527112679e-18 1.426639198577097564e-20 1.085614618725005695e-23 3.242739635924092733e-27 3.840816764920129805e-31 1.803539290862292640e-35 3.415958709980610718e-40 2.523356740063323588e-45 7.386020488396696701e-51 8.565304915348176890e-57 4.026788443892342565e-63 7.337228854173427330e-70 4.301020390267808265e-77 1.248875616057865802e-84 1.399002194935630090e-92 6.204610605973375602e-101 1.124417942540288410e-109 7.825741203075043889e-119 2.155834235555535800e-128 2.436575389906368273e-138 1.052897524603313246e-148 1.800539624446648503e-159 1.268448502604633092e-170 3.401426217830338261e-182 3.767888254343738162e-194 1.584087858387895099e-206 2.758738958322858541e-219 1.818100640110824781e-232 4.740312149864534121e-246 5.141122853950853078e-260 2.100827196369183886e-274 3.580943456049357104e-289 2.293124434339009575e-304 6.142224109098377037e-320 0.000000000000000000e+00 0.000000000000000000e+00 0.000000000000000000e+00 0.000000000000000000e+00 0.000000000000000000e+00 0.000000000000000000e+00 0.000000000000000000e+00 0.000000000000000000e+00 0.000000000000000000e+00 0.000000000000000000e+00 0.000000000000000000e+00
