5.701175198236947810e-278 1.706581819870819316e-263 2.019915287807398404e-249 9.453280057487593570e-236 1.749344074954262114e-222 1.338635219803890767e-209 3.867432799693613455e-197 4.418010999511934626e-185 1.995604152968000858e-173 3.564230230127580107e-162 2.517103520861444001e-151 7.028792710844394995e-141 8.035675074060501799e-131 3.503269818739684647e-121 6.039092837291467437e-112 4.116409516961867567e-103 1.109473646429168828e-94 1.182418439265803542e-86 4.982962184581864845e-79 8.303780869396805180e-72 5.472058484966331052e-65 1.426048654214128518e-58 1.469807020422054664e-52 5.992106446291588607e-47 9.664268583712248730e-42 6.168016104790087243e-37 1.558426130685724196e-32 1.559769695044638217e-28 6.189830937033517137e-25 9.753705021606887394e-22 6.116480463033632901e-19 1.531733169941191075e-16 1.540282508670888212e-14 6.275069045995378433e-13 1.051290885349704985e-11 7.436728023536910347e-11 2.336142954931796468e-10 3.623691370845321435e-10 3.481643638228955919e-10 2.852818444570143682e-10 2.059521953350422216e-10 9.725566974760018585e-11 2.353373926153637157e-11 2.578089900840694915e-12 1.202785491559261667e-13 2.314865167021740224e-15 1.820814385574417510e-17 5.709652016864237879e-20 7.144104629824508918e-23 3.554301470974068523e-26 7.016186388412690382e-30 5.488061440113527703e-34 1.728189539759105030e-38 2.121040602330441901e-43 1.029848173063039438e-48 1.977788451956623975e-54 1.536121355368299852e-60 4.620387530742669562e-67 5.495513598258593723e-74 2.584654410620566662e-81 4.943527648416064166e-89 3.640474508397758661e-97 1.060052587854733485e-105 1.260617003448285872e-114 5.747292453398622256e-124 1.036067282639443954e-133 7.660419181033138349e-144 2.162140982327477467e-154 2.413009720070203970e-165 1.109250041590519079e-176 1.938252615906228572e-188 1.339166773616125263e-200 3.827455254080869343e-213 4.140378464705878476e-226 1.858053067553749967e-239 3.146977368971949134e-253 2.217452268131859052e-267 5.880244114459181188e-282 6.165662140613585198e-297 2.701128416460436120e-312 0.000000000000000000e+00 0.000000000000000000e+00 0.000000000000000000e+00 0.000000000000000000e+00 0.000000000000000000e+00 0.000000000000000000e+00 0.000000000000000000e+00 0.000000000000000000e+00 0.000000000000000000e+00 0.000000000000000000e+00 0.000000000000000000e+00 0.000000000000000000e+00 0.000000000000000000e+00 0.000000000000000000e+00 0.000000000000000000e+00
5.135757545962078667e-274 1.196169904525008442e-259 1.101601549480331477e-245 4.011432820745296544e-232 5.775875765727943800e-219 3.437660989004985413e-206 7.727680174292624026e-194 6.868765451389422661e-182 2.414080645870164272e-170 3.354814688734219575e-159 1.843440718277425565e-148 4.005290381810227743e-138 3.561502242398773905e-128 1.208117433090941151e-118 1.620434976592678939e-109 8.594137813941342980e-101 1.802286781211949855e-92 1.494515375849519271e-84 4.900472417455929868e-77 6.353982572755606732e-70 3.257909717562346365e-63 6.606008744913788595e-57 5.297612455318953423e-51 1.680405282327079794e-45 2.108726164140695890e-40 1.047177972222491548e-35 2.058742515380671485e-31 1.624504580400055216e-27 4.952393425108966442e-24 6.137813104027134991e-21 2.967624602271858080e-18 5.837307198564116265e-16 4.550428604328005843e-14 1.458898295527057998e-12 1.916271374509837264e-11 1.081242064991326936e-10 2.756867020545192441e-10 3.642296401956851265e-10 3.249899517480173708e-10 2.653067438422280358e-10 1.852851124927479591e-10 8.078681752321835339e-11 1.753243035995174416e-11 1.711532144998380843e-12 7.008254777147465561e-14 1.192362867331987999e-15 8.226121621932442076e-18 2.236424566889837781e-20 2.471287540047540254e-23 1.061043317517311040e-26 1.852754934741675411e-30 1.246094654421003237e-34 3.421566245408992127e-39 3.727975952565422541e-44 1.549018909263747342e-49 2.648017621884255953e-55 1.795284453296336711e-61 4.600775156783961566e-68 4.891425017513827350e-75 1.954444302588350875e-82 3.258199382392229006e-90 2.153863855994140545e-98 5.305402257277916443e-107 5.499071166974191874e-116 2.260174846335194744e-125 3.431938028146779196e-135 2.211658347200919757e-145 5.651676034588210525e-156 5.290156872511343756e-167 2.119593734145652862e-178 3.367573453089865842e-190 1.943128240025496029e-202 4.840503368925646882e-215 4.781453175592620940e-228 1.872878474184523235e-241 2.634093221481201259e-255 1.617727550699267621e-269 3.939670726143157531e-284 3.415657614895719139e-299 1.304227689101845039e-314 0.000000000000000000e+00 0.000000000000000000e+00 0.000000000000000000e+00 0.000000000000000000e+00 0.000000000000000000e+00 0.000000000000000000e+00 0.000000000000000000e+00 0.000000000000000000e+00 0.000000000000000000e+00 0.000000000000000000e+00 0.000000000000000000e+00 0.000000000000000000e+00 0.000000000000000000e+00 0.000000000000000000e+00 0.000000000000000000e+00
1.418511324188388702e-270 2.787016537573604992e-256 1.960036097362522422e-242 6.003706613773607594e-229 6.620161484097071823e-216 3.303760562954606106e-203 5.952251039288282520e-191 4.240307339516154063e-179 1.194419611989829112e-167 1.330332260427329448e-156 5.858778805359572210e-146 1.020230103027206520e-135 7.268347958365097442e-126 1.976047417177461566e-116 2.124247658496083140e-107 9.029436209338998682e-99 1.517631192199902894e-90 1.008615726138202096e-82 2.650604496933106043e-75 2.754437062923602053e-68 1.131888089556550836e-61 1.839409891039326042e-55 1.182201591478860240e-49 3.005347256487814838e-44 3.022516624997230028e-39 1.202926494493164387e-34 1.895399323929642143e-30 1.183196506154238970e-26 2.929414482920990173e-23 2.881471171429358543e-20 1.129088037799185426e-17 1.770064574775568458e-15 1.117967927400099908e-13 2.878041881907729552e-12 3.081300348475337471e-11 1.423523118590407157e-10 3.053417126495561471e-10 3.556214404821375355e-10 3.037875145737245030e-10 2.490740353471726487e-10 1.695240911975644276e-10 6.951958838320273181e-11 1.400777952552300478e-11 1.251581888779762997e-12 4.708133251103653298e-14 7.255684071554995767e-16 4.512880458860590603e-18 1.134512719344005209e-20 1.113528857814548917e-23 4.439534735884259401e-27 6.839969268043430901e-31 4.293355199545238658e-35 1.069603348136230385e-39 1.018948928060172889e-44 3.983762281614451788e-50 5.919815367000216881e-56 3.630078621177837568e-62 8.827475641686103720e-69 8.088163843618262749e-76 3.084085130197612483e-83 4.663266163962614501e-91 2.634024475728146198e-99 6.244750829626107250e-108 5.870732543118291292e-117 2.044183597698589788e-126 3.013166613680871965e-136 1.761193367576456864e-146 3.780320620496788724e-157 3.464474796268722239e-168 1.259002388049715118e-179 1.665870558849430482e-191 9.491940659248754869e-204 2.144613784228284518e-216 1.749269411574609490e-229 6.196912108198072230e-243 8.705110232217258205e-257 4.849014867491173191e-271 9.640470549577850827e-286 8.419804638065255195e-301 2.915990461350670678e-316 0.000000000000000000e+00 0.000000000000000000e+00 0.000000000000000000e+00 0.000000000000000000e+00 0.000000000000000000e+00 0.000000000000000000e+00 0.000000000000000000e+00 0.000000000000000000e+00 0.000000000000000000e+00 0.000000000000000000e+00 0.000000000000000000e+00 0.000000000000000000e+00 0.000000000000000000e+00 0.000000000000000000e+00 0.000000000000000000e+00
2.662551867123161490e-267 4.032409822819788926e-253 2.414763212523714571e-239 5.717783985361244239e-226 5.353332917924714796e-213 2.070429683863361433e-200 3.026388650686430886e-188 1.749171155755235657e-176 3.997453012783975183e-165 3.612251457356530917e-154 1.290673152027175279e-143 1.823469494777007869e-133 1.053628708919836604e-123 2.324020679764919293e-114 2.026927119723057113e-105 6.990100761201415934e-97 9.531869796650461750e-89 5.139555873435178963e-81 1.095800120355059898e-73 9.460906983079045226e-67 3.149681299522696764e-60 4.146691610449644273e-54 2.159092389009508820e-48 4.446589424919769029e-43 3.622853605348483186e-38 1.168075276390371044e-33 1.491039453378415528e-29 7.540914459134985193e-26 1.512789426896750887e-22 1.206009692183560857e-19 3.831921485493234277e-17 4.875701533658061265e-15 2.503810616648592855e-13 5.258154379215132937e-12 4.621609912226149503e-11 1.775092134763232130e-10 3.249479310290051149e-10 3.409529756275166491e-10 2.844475447993875134e-10 2.350138743503880707e-10 1.562102284337961817e-10 6.095777121565097588e-11 1.154228652715369609e-11 9.627553963582989825e-13 3.367707590345562817e-14 4.813973529983006321e-16 2.796672118052280377e-18 6.448145343702470221e-21 5.916291146245953052e-24 2.154480115513305054e-27 3.109168220109833762e-31 1.776481059423953389e-35 4.086051584026644024e-40 3.659862602795185410e-45 1.296546736591154031e-50 1.816458882230003395e-56 1.029598206062308764e-62 2.258798930454297364e-69 1.959500838893495251e-76 6.721487648455202441e-84 9.380550495502073179e-92 5.038046121259608858e-100 1.069894806246730690e-108 9.283566503272333868e-118 3.086747391666103833e-127 4.058177141350552084e-137 2.189328206085733755e-147 4.506576057808367981e-158 3.667971116351564102e-169 1.230299598817231421e-180 1.567818262868678932e-192 7.899941245609492623e-205 1.647455647620496693e-217 1.299712955840568138e-230 4.255787137346148113e-244 5.256772453339288731e-258 2.702677344706815928e-272 5.226838031515467689e-287 3.996935802454515276e-302 1.277635479716567437e-317 0.000000000000000000e+00 0.000000000000000000e+00 0.000000000000000000e+00 0.000000000000000000e+00 0.000000000000000000e+00 0.000000000000000000e+00 0.000000000000000000e+00 0.000000000000000000e+00 0.000000000000000000e+00 0.000000000000000000e+00 0.000000000000000000e+00 0.000000000000000000e+00 0.000000000000000000e+00 0.000000000000000000e+00 0.000000000000000000e+00
4.453096678768708945e-264 5.474306462597058818e-250 2.660966368326725210e-236 5.114379681473634288e-223 3.886779070104859078e-210 1.219796236069544024e-197 1.447277658181515774e-185 6.789844011084022047e-174 1.259537651522277607e-162 9.238596659931444089e-152 2.679442717149957593e-141 3.072746682720958574e-131 1.440709998821518069e-121 2.579458879626147058e-112 1.826106271410413706e-103 5.111756256540898954e-95 5.657998998809442882e-87 2.476323633633513379e-79 4.285571921907605927e-72 2.932750039352057665e-65 7.936316237308775035e-59 8.492995190069135345e-53 3.594456075860893645e-47 6.017103134107385303e-42 3.984793938186360455e-37 1.044285788645972201e-32 1.083519737849937581e-28 4.454427517893902533e-25 7.264719791344932043e-22 4.709522580505961743e-19 1.217466355671160695e-16 1.261643360090831883e-14 5.287026392054273765e-13 9.094596317917386306e-12 6.595603124356727400e-11 2.121121550954193823e-10 3.352018667525175532e-10 3.226242492362842810e-10 2.669218665044518302e-10 2.224674414852934993e-10 1.447098087455116774e-10 5.413661610341426045e-11 9.697737710653590829e-12 7.625212017754190394e-13 2.505632875735746828e-14 3.356962610704186199e-16 1.825266513099879668e-18 3.934318541340240075e-21 3.372344628113712245e-24 1.146754000796223876e-27 1.544838709037429099e-31 8.238013066933508162e-36 1.768387619399538383e-40 1.477974439291647944e-45 4.885342832944086290e-51 6.385898481500314332e-57 3.377461857770583332e-63 6.913121127161310972e-70 5.595155490819858236e-77 1.790605221498696489e-84 2.331714157799638357e-92 1.168354018429836060e-100 2.314824976517870920e-109 1.874142609618500363e-118 5.813705983758033706e-128 7.130944127943648494e-138 3.589526585396006677e-148 6.893454814888962120e-159 5.234558172142016767e-170 1.638231130026384258e-181 1.947708124241183811e-193 9.156212764312264968e-206 1.781623332530434425e-218 1.311334415582674387e-231 4.006416080085030062e-245 4.616992610924257136e-259 2.214850117820131264e-273 3.996253511737304518e-288 2.851051147333778109e-303 8.503462643702862521e-319 0.000000000000000000e+00 0.000000000000000000e+00 0.000000000000000000e+00 0.000000000000000000e+00 0.000000000000000000e+00 0.000000000000000000e+00 0.000000000000000000e+00 0.000000000000000000e+00 0.000000000000000000e+00 0.000000000000000000e+00 0.000000000000000000e+00 0.000000000000000000e+00 0.000000000000000000e+00 0.000000000000000000e+00 0.000000000000000000e+00
7.828153347525032517e-261 7.789951650340150258e-247 3.065162433046114162e-233 4.768870442876589867e-220 2.933734832466163964e-207 7.450505259716269125e-195 7.155808634082587110e-183 2.717534467601557312e-171 4.080701183138208511e-160 2.422913882760409997e-149 5.688329098593901665e-139 5.280501430455722185e-129 2.003512226509241107e-119 2.903700646625380942e-110 1.664013200283580590e-101 3.770577554797754908e-93 3.378368008688166316e-85 1.196897279195301713e-77 1.676726776205265271e-70 9.288182238133575862e-64 2.034577786762034110e-57 1.762432995711059782e-51 6.037780863646044042e-46 8.181250021499989086e-41 4.385531870479663015e-36 9.302911334810619505e-32 7.813144555073842725e-28 2.600122254091726594e-24 3.433143333212578256e-21 1.802389614922511473e-18 3.775617024600101310e-16 3.174239286178519907e-14 1.081634268539762785e-12 1.519654402877168923e-11 9.080391463033766685e-11 2.449094415898848977e-10 3.367378087176448839e-10 3.021507775251766746e-10 2.509748071729523020e-10 2.108736602625672736e-10 1.342692235041198115e-10 4.831903289964592955e-11 8.280699918981035220e-12 6.156804024572299640e-13 1.913267246276203365e-14 2.418968139441609324e-16 1.239507143514527138e-18 2.515185020061895668e-21 2.028279771635822200e-24 6.485973209375541358e-28 8.214386738669211807e-32 4.117397968504046673e-36 8.307631534975026160e-41 6.525183614826876859e-46 2.026874122325135240e-51 2.489700281365933388e-57 1.237492312941625873e-63 2.380164002352782458e-70 1.810183286141576272e-77 5.443598423326548879e-85 6.661588157852749435e-93 3.136540991222965666e-101 5.839400956694110449e-110 4.442911491447705460e-119 1.295064245786491471e-128 1.492651469762243120e-138 7.060950131065101362e-149 1.274195141046956512e-159 9.091845841678339885e-171 2.674002029681147554e-182 2.987331623719231523e-194 1.319618618284042392e-206 2.413031334825429965e-219 1.668912328766545612e-232 4.791711067714613507e-246 5.188797766934560403e-260 2.339194936873256713e-274 3.965957864552854955e-289 2.658722832092977238e-304 7.451992136223521626e-320 0.000000000000000000e+00 0.000000000000000000e+00 0.000000000000000000e+00 0.000000000000000000e+00 0.000000000000000000e+00 0.000000000000000000e+00 0.000000000000000000e+00 0.000000000000000000e+00 0.000000000000000000e+00 0.000000000000000000e+00 0.000000000000000000e+00 0.000000000000000000e+00 0.000000000000000000e+00 0.000000000000000000e+00 0.000000000000000000e+00
1.261577643581842961e-257 1.017369399039535515e-243 3.244043353822544383e-230 4.090137646232084337e-217 2.039071699795991499e-204 4.195138823193554465e-192 3.265190713631516055e-180 1.004879772193276049e-168 1.222821374500072975e-157 5.883765479421151112e-147 1.119415155630287559e-136 8.421135204542739067e-127 2.588428000168985646e-117 3.040077250365946265e-108 1.411815490192569791e-99 2.592489595394355583e-91 1.882363263761505523e-83 5.404304180391667489e-76 6.135222484428778267e-69 2.754114624558637555e-62 4.888845589487653813e-56 3.431800473563623548e-50 9.527083268310783785e-45 1.046093947057742926e-39 4.543988431938106126e-35 7.923042627942891968e-31 5.384540825121539691e-27 1.450074313934841365e-23 1.549616457548387284e-20 6.586515909754018405e-18 1.117787319067329412e-15 7.623507361884458918e-14 2.112908979898432265e-12 2.427035556755118028e-11 1.197984922760786876e-10 2.726044627294749932e-10 3.301664885060756620e-10 2.813082552604695233e-10 2.367572083752082041e-10 2.003886292150687647e-10 1.253231702512498501e-10 4.370454878439272765e-11 7.207176690321426735e-12 5.157889463900441253e-13 1.533305985332490587e-14 1.850877140714428067e-16 9.043755072363480016e-19 1.748249982043842177e-21 1.342265246770704116e-24 4.085024119952496471e-28 4.922610491632924406e-32 2.347336062152044685e-36 4.505592299609971468e-41 3.366118280142062511e-46 9.945090428910342682e-52 1.161887653726418031e-57 5.493155666854144198e-64 1.004873486693733546e-70 7.268585125080166679e-78 2.078906045482976270e-85 2.419806545341537814e-93 1.083612418025481932e-101 1.918717989490664569e-110 1.388556769651303349e-119 3.849522477251682812e-129 4.219815527837823051e-139 1.898677154408150463e-149 3.258692451377296320e-160 2.211459193632547801e-171 6.186449695041776012e-183 6.296220536709916359e-195 2.641468104531269412e-207 4.587697205652033831e-220 3.013462189692799568e-233 8.217840224159981833e-247 8.451508897536061809e-261 3.618834899354880764e-275 5.827078764358970933e-290 3.710020384330756164e-305 9.876372260366518418e-321 0.000000000000000000e+00 0.000000000000000000e+00 0.000000000000000000e+00 0.000000000000000000e+00 0.000000000000000000e+00 0.000000000000000000e+00 0.000000000000000000e+00 0.000000000000000000e+00 0.000000000000000000e+00 0.000000000000000000e+00 0.000000000000000000e+00 0.000000000000000000e+00 0.000000000000000000e+00 0.000000000000000000e+00 0.000000000000000000e+00
2.312839622743558257e-254 1.503817754673231018e-240 3.866234469054322557e-227 3.930288784011072101e-214 1.579806992693006316e-201 2.619746173335081068e-189 1.644017416549884757e-177 4.079406062609466027e-166 4.002495078981514332e-155 1.552773324962259303e-144 2.381928752935051210e-134 1.444751087560327840e-124 3.579311750412849466e-115 3.389476168473152952e-106 1.269141898284497095e-97 1.879027567449289057e-89 1.100025838531720823e-81 2.546371160837910639e-74 2.330738147613238707e-67 8.435768917975233825e-61 1.207330144442886558e-54 6.833064964194346043e-49 1.529407232087055921e-43 1.353937962164084995e-38 4.741609187099800479e-34 6.571176875446358581e-30 3.605646280127827352e-26 7.840317421993775958e-23 6.766194912060578302e-20 2.323313119697876094e-17 3.187649362797847998e-15 1.760322000582615465e-13 3.962558068056621835e-12 3.719510103196994329e-11 1.518952395205164398e-10 2.933029842051854353e-10 3.170724426523276829e-10 2.611059119145181305e-10 2.239784101000190977e-10 1.907809286971031318e-10 1.175703594708386958e-10 3.998089552244038618e-11 6.391550362090389259e-12 4.417207260046177954e-13 1.264672714913205187e-14 1.467565485936256534e-16 6.885245162125323085e-19 1.276827262422413857e-21 9.399081678957534595e-25 2.741613960280581301e-28 3.165734793724375088e-32 1.446309133769837782e-36 2.659719800030845018e-41 1.903531860293952711e-46 5.387317052838161524e-52 6.029102894573777063e-58 2.730605707415472122e-64 4.784817572565533764e-71 3.315271176519863595e-78 9.082767589687941359e-86 1.012759339956193381e-93 4.344229907055424851e-102 7.368226874230953054e-111 5.108072868393633445e-120 1.356479177348651005e-129 1.424336244526038533e-139 6.139198211924268172e-150 1.009291596206555539e-160 6.560923244798020843e-172 1.758202763350573170e-183 1.789463418772014664e-195 7.201450524424278749e-208 1.199855171001584937e-220 7.560169698092492085e-234 1.977802678675727903e-247 1.951152596030545617e-261 8.014662209387187466e-276 1.237938463512063973e-290 7.560598566424177835e-306 1.828042889612612213e-321 0.000000000000000000e+00 0.000000000000000000e+00 0.000000000000000000e+00 0.000000000000000000e+00 0.000000000000000000e+00 0.000000000000000000e+00 0.000000000000000000e+00 0.000000000000000000e+00 0.000000000000000000e+00 0.000000000000000000e+00 0.000000000000000000e+00 0.000000000000000000e+00 0.000000000000000000e+00 0.000000000000000000e+00 0.000000000000000000e+00
2.993608289904917613e-251 1.582986008678030858e-237 3.309805477050448817e-224 2.736346911618894123e-211 8.945057477815191728e-199 1.205959803858456356e-186 6.676678390888298632e-175 1.343523935932595955e-163 1.068990118021477898e-152 3.363143001781390575e-142 4.183698595565190314e-132 2.057874767003824283e-122 4.133137363230600662e-113 3.174000164629382673e-104 9.637810010993918794e-96 1.157163693035517760e-87 5.493605475520363226e-80 1.031260579350075104e-72 7.654752052605106305e-66 2.246733219932217864e-59 2.607591622645068285e-53 1.196774563328269640e-47 2.172194427109169707e-42 1.559364381573496466e-37 4.428353278324675580e-33 4.976498021431767604e-29 2.214277986073836974e-25 3.904584635302740741e-22 2.733041005929980893e-19 7.614338439159387183e-17 8.483437362360073169e-15 3.810730034417526979e-13 7.001816229397989251e-12 5.402481605139513477e-11 1.839789759108344772e-10 3.050999681932811345e-10 2.997135139530293155e-10 2.425697803008786998e-10 2.126763126721423310e-10 1.826121713708685695e-10 1.120393063300079786e-10 3.774040487361530511e-11 5.956703746921613420e-12 4.053470680413233688e-13 1.140312421913032012e-14 1.298182643348927084e-16 5.968852134919855533e-19 1.083936895732160287e-21 7.809963910013138800e-25 2.229096320326495751e-28 2.518101284521019073e-32 1.125343671082023015e-36 2.024274425367235572e-41 1.417000509379252333e-46 3.922363712235836818e-52 4.293259062915532242e-58 1.901794320424612929e-64 3.259290755897497187e-71 2.208659111134993976e-78 5.918055387668989663e-86 6.454055263573838229e-94 2.707632784680932409e-102 4.491489180449877350e-111 3.045436886541688472e-120 7.909625775573971101e-130 8.122796841947786210e-140 3.424284110740682841e-150 5.505858315667644259e-161 3.500447478779022363e-172 9.174715840118883553e-184 9.132648005566943580e-196 3.594546497026276017e-208 5.857576975232824804e-221 3.609698675277406724e-234 9.236074321792385809e-248 8.911399698453886408e-262 3.580180825149192026e-276 5.408402752308111041e-291 3.230549327285390171e-306 7.213358429282199545e-322 0.000000000000000000e+00 0.000000000000000000e+00 0.000000000000000000e+00 0.000000000000000000e+00 0.000000000000000000e+00 0.000000000000000000e+00 0.000000000000000000e+00 0.000000000000000000e+00 0.000000000000000000e+00 0.000000000000000000e+00 0.000000000000000000e+00 0.000000000000000000e+00 0.000000000000000000e+00 0.000000000000000000e+00 0.000000000000000000e+00
5.577248891151932525e-248 2.369976888985918798e-234 3.982093801468202476e-221 2.645587632025957342e-208 6.949860853013169218e-196 7.527000017476362046e-184 3.087048747224431880e-172 5.006201941723626616e-161 3.210085211324245392e-150 8.138944732914078337e-140 8.159490086280867984e-130 3.234457039045502496e-120 5.233570243997706601e-111 3.238953969104457132e-102 7.926028123142471331e-94 7.669219331359794620e-86 2.934218592234954970e-78 4.438960976009130382e-71 2.655344391650793965e-64 6.280821181297655011e-58 5.874587038158613484e-52 2.172799586119958345e-46 3.178126629755468631e-41 1.838569131129872533e-36 4.207547496410272344e-32 3.810324863681182420e-28 1.366241008191493143e-24 1.941578548121245881e-21 1.095444459036210606e-18 2.461101545422962382e-16 2.213291906980035755e-14 8.041222446166387973e-13 1.200002868083731680e-11 7.584715039324737389e-11 2.153472821010772376e-10 3.085737665245435217e-10 2.794914320522700941e-10 2.254112192172230179e-10 2.022271388670490361e-10 1.750473324795212704e-10 1.073501149901109828e-10 3.603804970717057764e-11 5.654548894651091645e-12 3.816074130985171218e-13 1.062543101590442685e-14 1.195479047328799854e-16 5.329788455601468401e-19 9.521751500151620798e-22 6.746191887274681673e-25 1.892835936835674636e-28 2.101635614449945253e-32 9.230495830178520678e-37 1.631737601115249737e-41 1.122445132752896874e-46 3.053151365326158043e-52 3.283884492712006607e-58 1.429464685708687065e-64 2.407292101426634031e-71 1.602984270726365329e-78 4.220597761186331450e-86 4.523070777988802628e-94 1.864594460430862283e-102 3.039336713824411335e-111 2.025086270834394611e-120 5.168251250204689053e-130 5.215392697088789045e-140 2.160511741472348766e-150 3.413544745230737773e-161 2.132543312092039596e-172 5.492528579696604767e-184 5.372422339837175800e-196 2.077835951481313630e-208 3.327289290889534073e-221 2.014824536339906600e-234 5.065929095638113081e-248 4.802986150008119747e-262 1.896163490421951497e-276 2.814709417010076523e-291 1.652093568951211031e-306 4.051338295898221662e-322 0.000000000000000000e+00 0.000000000000000000e+00 0.000000000000000000e+00 0.000000000000000000e+00 0.000000000000000000e+00 0.000000000000000000e+00 0.000000000000000000e+00 0.000000000000000000e+00 0.000000000000000000e+00 0.000000000000000000e+00 0.000000000000000000e+00 0.000000000000000000e+00 0.000000000000000000e+00 0.000000000000000000e+00 0.000000000000000000e+00
1.135596584120914717e-244 3.861905828959842367e-231 5.193050798186269083e-218 2.761129348534558884e-205 5.804893074537948799e-193 5.029733012421245676e-181 1.650897128482520329e-169 2.142586641418397026e-158 1.099512280142975586e-147 2.231028421977288416e-137 1.790001845228277096e-127 5.678652109763215901e-118 7.351004257887955690e-109 3.640882323214026521e-100 7.130345260538420977e-92 5.521523560757299450e-84 1.690645846122155693e-76 2.046884150389168450e-69 9.799040605274439040e-63 1.854933725203342362e-56 1.388469600975030253e-50 4.109818505378323704e-45 4.810762467287382369e-40 2.227190111818182922e-35 4.078832025079804423e-31 2.955942269824946351e-27 8.481954584699550013e-24 9.646983488746110508e-21 4.357002791489963483e-18 7.839905961047787304e-16 5.653266631239313373e-14 1.650892968595149349e-12 1.990311370168428322e-11 1.027056997095500158e-10 2.433103632631938207e-10 3.037825095315080345e-10 2.579241549503402384e-10 2.097492324042691137e-10 1.924969791346117299e-10 1.681295986865508927e-10 1.036403125339010148e-10 3.495831486266537865e-11 5.503431606398687760e-12 3.719139966259813383e-13 1.035074271520174738e-14 1.162395770685039747e-16 5.261463147385180599e-19 9.393377010756126366e-22 6.648088125287561549e-25 1.862847374068796805e-28 2.065305358010290638e-32 9.056851471466284032e-37 1.598481390653428432e-41 1.097777196501469945e-46 2.981140126676384188e-52 3.201128246171904206e-58 1.391133362295752883e-64 2.226224293353229171e-71 1.475735909412081473e-78 3.868051561897463111e-86 4.126609769557182226e-94 1.693491493386336562e-102 2.747995401129209925e-111 1.822729628700276242e-120 4.630851466493118708e-130 4.652032583739440931e-140 1.918464967687228530e-150 3.017458706782251356e-161 1.876601624854136654e-172 4.811583836300405856e-184 4.685159377596061414e-196 1.803864741029721224e-208 2.875575530221905121e-221 1.733444489286893983e-234 4.338836831847363420e-248 4.095095516646218614e-262 1.609422192038431903e-276 2.378297951510409809e-291 1.389651264025989922e-306 3.409052956304601155e-322 0.000000000000000000e+00 0.000000000000000000e+00 0.000000000000000000e+00 0.000000000000000000e+00 0.000000000000000000e+00 0.000000000000000000e+00 0.000000000000000000e+00 0.000000000000000000e+00 0.000000000000000000e+00 0.000000000000000000e+00 0.000000000000000000e+00 0.000000000000000000e+00 0.000000000000000000e+00 0.000000000000000000e+00 0.000000000000000000e+00
2.590930012297948195e-241 7.016808754256264813e-228 8.227651507357973176e-215 3.473829210819731484e-202 5.799416867591782982e-190 3.988867535979893652e-178 1.039664182930944887e-166 1.071469585753888049e-155 4.366263256775357895e-145 7.035311038787173745e-135 4.482290776132997110e-125 1.129172073566531311e-115 1.160315231764699406e-106 4.563563971967997324e-98 7.097021212119165583e-90 4.364075876213889227e-82 1.061093036863816657e-74 1.020142813726839926e-67 3.878084471372303748e-61 5.829438587462180684e-55 3.464952557224318919e-49 8.144101995442683775e-44 7.569899873521273700e-39 2.782814791318351489e-34 4.046773696366987800e-30 2.328701337296391578e-26 5.306017286552944072e-23 4.792469128586305249e-20 1.719338850220555336e-17 2.458990899443643208e-15 1.411289338156256652e-13 3.289997330250002648e-12 3.186253969380448455e-11 1.338236985063317143e-10 2.651126882392070139e-10 2.916436610069673947e-10 2.363036382226091346e-10 1.955334577867929967e-10 1.833242628844992253e-10 1.618148667477889927e-10 1.009132111941235888e-10 3.451898953644233594e-11 5.509984482225115359e-12 3.769835316156597679e-13 1.060490301395747009e-14 1.202190772244904299e-16 5.487858293568998355e-19 9.875063082004390256e-22 7.041669519626669781e-25 1.987564103711724203e-28 2.219410819120330881e-32 9.801865977859119393e-37 1.742187559099860405e-41 1.204903688238000823e-46 3.295080388497315634e-52 3.563110701224485956e-58 1.559306203113173928e-64 2.640005714296796547e-71 1.767349144975952355e-78 4.427757633888961642e-86 4.756853333327173874e-94 1.965842663013091443e-102 3.212336862242221268e-111 2.145665358877528360e-120 5.489589930211883090e-130 5.553427570508992804e-140 2.306252622597078175e-150 3.652865211867399522e-161 2.287724412634360520e-172 5.906827847773303069e-184 5.792018386465401431e-196 2.245685003021615342e-208 3.604991837886953632e-221 2.188410305419138493e-234 5.516031888933155346e-248 5.242721549566928524e-262 2.074900995584918678e-276 3.087684812040880537e-291 1.816819709708894809e-306 4.446590812571218898e-322 0.000000000000000000e+00 0.000000000000000000e+00 0.000000000000000000e+00 0.000000000000000000e+00 0.000000000000000000e+00 0.000000000000000000e+00 0.000000000000000000e+00 0.000000000000000000e+00 0.000000000000000000e+00 0.000000000000000000e+00 0.000000000000000000e+00 0.000000000000000000e+00 0.000000000000000000e+00 0.000000000000000000e+00 0.000000000000000000e+00
9.993080300590579016e-238 2.118248635014645554e-224 1.775406404497679274e-211 5.883854413938943529e-199 7.710265694959995926e-187 4.161066362070332850e-175 8.512941890304313937e-164 6.886491091377028188e-153 2.202721598979950220e-142 2.785893683450958600e-132 1.393197835999297434e-122 2.754890858919366487e-113 2.221212853305942967e-104 6.857245910051064223e-96 8.370530214901922955e-88 4.040175728188765077e-80 7.710671814832668131e-73 5.818754407992603539e-66 1.736264282289318483e-59 2.048583123510097479e-53 9.557638440935272830e-48 1.763275924673306433e-42 1.286433532761644251e-37 3.711909098585809143e-33 4.236761356293516330e-29 1.913601870831645948e-25 3.422425095041581237e-22 2.426630260688843129e-19 6.836326652741141178e-17 7.683627212246889135e-15 3.471521065068553263e-13 6.394644946147123906e-12 4.932595538244378029e-11 1.677934025223880885e-10 2.786096628725105819e-10 2.736063774701668445e-10 2.154279342425324147e-10 1.825569908794357525e-10 1.745430065123197302e-10 1.559284205285881770e-10 9.895219050220963139e-11 3.461453152381083901e-11 5.655570248907603842e-12 3.956390466728092940e-13 1.136280371942186917e-14 1.313443280777720711e-16 6.108116868218552526e-19 1.119130622120677733e-21 7.933096003571378148e-25 2.272255339256721314e-28 2.574511030547663209e-32 1.153614176802439452e-36 2.080260027986095061e-41 1.459647484880346137e-46 4.049771956744317219e-52 4.442839876032715196e-58 1.972508202998915501e-64 3.388109192874966153e-71 2.301122355387784933e-78 6.179673400724676352e-86 6.754488688013472100e-94 2.840036973914731383e-102 4.721704676663947307e-111 3.208711676628107419e-120 8.352396344633499595e-130 8.596759666002649766e-140 3.632214669808293508e-150 5.853299670194001113e-161 3.729694835166068042e-172 9.797490752880245297e-184 9.774464214233962770e-196 3.855798661901788863e-208 6.297392335095893613e-221 3.889445560060610706e-234 9.974167793112557075e-248 9.645154180027676316e-262 3.883655663689597310e-276 5.880019684531966916e-291 3.520141583309887491e-306 8.794368495974188486e-322 0.000000000000000000e+00 0.000000000000000000e+00 0.000000000000000000e+00 0.000000000000000000e+00 0.000000000000000000e+00 0.000000000000000000e+00 0.000000000000000000e+00 0.000000000000000000e+00 0.000000000000000000e+00 0.000000000000000000e+00 0.000000000000000000e+00 0.000000000000000000e+00 0.000000000000000000e+00 0.000000000000000000e+00 0.000000000000000000e+00
5.015240543871249818e-234 8.239208321458158174e-221 5.352078671311868157e-208 1.374683697755206701e-195 1.396131627259265646e-183 5.837243349742890357e-172 9.255480739708316845e-161 5.802744601648268454e-150 1.438504506468230100e-139 1.410042813217148263e-129 5.465082039859289461e-120 8.375377835709456054e-111 5.231620723555446423e-102 1.251733365543291277e-93 1.184216241211830918e-85 4.429901669529055092e-78 6.552417782546444942e-71 3.832255864062531695e-64 8.862468983706189933e-58 8.104119519815702798e-52 2.930316605428669063e-46 4.189802271654473106e-41 2.369008817262585670e-36 5.297598512031970576e-32 4.686142992038259334e-28 1.640348784846170108e-24 2.273749358819742235e-21 1.249691412933974721e-18 2.771777849629812762e-16 2.411373108481561527e-14 8.451687118190426311e-13 1.213591970461254133e-11 7.373664668676097607e-11 2.019542038494645101e-10 2.821329341436303877e-10 2.513968216488716720e-10 1.958298353036676438e-10 1.706256187352580217e-10 1.660312268190290490e-10 1.503192026950866888e-10 9.757774159863269862e-11 3.517456981126086964e-11 5.933991448646673823e-12 4.282904132771963373e-13 1.267316341736409504e-14 1.507464853257203482e-16 7.207724844595959658e-19 1.357123516066487120e-21 1.011955481088481049e-24 2.985760312108357128e-28 3.484431634570649888e-32 1.608110913756179386e-36 2.986486205259620319e-41 2.158202995129622845e-46 6.166991664550261539e-52 6.967876604427608252e-58 3.185922448030283745e-64 5.635982733857776073e-71 3.942281697160515889e-78 1.090357861329265146e-85 1.227359837543884557e-93 5.314947134279200957e-102 9.100584573888226705e-111 6.369084615490702310e-120 1.707469384520449906e-129 1.809973105777188569e-139 7.875618925613558434e-150 1.307101910855547782e-160 8.577831165223636045e-172 2.320571243456045567e-183 2.384341781244449664e-195 9.686913032099649355e-208 1.629324742830063368e-220 1.036406439761027950e-233 2.737126849140961307e-247 2.725981683724797530e-261 1.130395253596972333e-275 1.762641099605335216e-290 1.086777774459625726e-305 2.504912824415119979e-321 0.000000000000000000e+00 0.000000000000000000e+00 0.000000000000000000e+00 0.000000000000000000e+00 0.000000000000000000e+00 0.000000000000000000e+00 0.000000000000000000e+00 0.000000000000000000e+00 0.000000000000000000e+00 0.000000000000000000e+00 0.000000000000000000e+00 0.000000000000000000e+00 0.000000000000000000e+00 0.000000000000000000e+00 0.000000000000000000e+00
4.090214421728611370e-230 5.120917066816144376e-217 2.535086007399104978e-204 4.962276305607343765e-192 3.840718489454365961e-180 1.223265175793050785e-168 1.478154207757761175e-157 7.062560266742813434e-147 1.334282785571255827e-136 9.967285469940886771e-127 2.944077357434262117e-117 3.438466996229802245e-108 1.636150888784605085e-99 2.983367712549376826e-91 2.150967027492840811e-83 6.132033040189549047e-76 6.912249882865202258e-69 3.080913070180752864e-62 5.429829532183490093e-56 3.783928319394201842e-50 1.042691386945520266e-44 1.136153179998877106e-39 4.895640088570537320e-35 8.342929382075754350e-31 5.624075342598081707e-27 1.500290206067667470e-23 1.584950631887646853e-20 6.640480789792385058e-18 1.106462280491845920e-15 7.371602705359262502e-14 1.984211171294931976e-12 2.201801329338115811e-11 1.047887493304675493e-10 2.312779101708386430e-10 2.751318156363041157e-10 2.274555388926954674e-10 1.781295380733738037e-10 1.596240027705851577e-10 1.577198007230625488e-10 1.451254968171541027e-10 9.722834419707774264e-11 3.660682141068388793e-11 6.434834791699863646e-12 4.858811296870340460e-13 1.502357016502568419e-14 1.865325667641196115e-16 9.301747437827563533e-19 1.825868385776453213e-21 1.418991180312266219e-24 4.362935200549368907e-28 5.305525175789457865e-32 2.551338805072854486e-36 4.936650793897949545e-41 3.717124523907238856e-46 1.106697705775913703e-51 1.302854461464904980e-57 6.206439976152389307e-64 1.143973814365274845e-70 8.337446085305319535e-78 2.402665677293068071e-85 2.817783783468002829e-93 1.271374711443088092e-101 2.268207415712711697e-110 1.653872195463875674e-119 4.619731180618858247e-129 5.102402950491570230e-139 2.313123252649648498e-149 4.000022012029006418e-160 2.735075232667778453e-171 7.709001639070017582e-183 8.252976189291077121e-195 3.493544944947024259e-207 6.122094595804204354e-220 4.057526239984819759e-233 1.116445706669484389e-246 1.158522486621682153e-260 5.005221582183315598e-275 8.131969232079292733e-290 5.224099424098321710e-305 1.403146434189140185e-320 0.000000000000000000e+00 0.000000000000000000e+00 0.000000000000000000e+00 0.000000000000000000e+00 0.000000000000000000e+00 0.000000000000000000e+00 0.000000000000000000e+00 0.000000000000000000e+00 0.000000000000000000e+00 0.000000000000000000e+00 0.000000000000000000e+00 0.000000000000000000e+00 0.000000000000000000e+00 0.000000000000000000e+00 0.000000000000000000e+00
4.239131283954843609e-226 4.005418317116433533e-213 1.496449898589576896e-200 2.210648895101143490e-188 1.291280672799603769e-176 3.102489884218345041e-165 2.829299031000148439e-154 1.020212446831138583e-143 1.454607010777989146e-133 8.200569806831654340e-124 1.828039956787146464e-114 1.611278645334390077e-105 5.783765702694423281e-97 7.959089681593292459e-89 4.330714788428969602e-81 9.317500663254866378e-74 7.926533824719826895e-67 2.666318182442610990e-60 3.546393045108057653e-54 1.865137699224877322e-48 3.878732667700245373e-43 3.189592297207341411e-38 1.037217049591838809e-33 1.333946712260825949e-29 6.786274772948623076e-26 1.366238980484778375e-22 1.089375306916588520e-19 3.445753799501092329e-17 4.337434066224761002e-15 2.186572324508143354e-13 4.469857826628425858e-12 3.797978318345639278e-11 1.408946120932730578e-10 2.515380637892087488e-10 2.591637001392265462e-10 2.036485556605764742e-10 1.623009523563343423e-10 1.493184592766374536e-10 1.494976490231889299e-10 1.401919511652381981e-10 9.784902713838885838e-11 3.906233942540145503e-11 7.381648193095028579e-12 5.976143856130959323e-13 1.956758263979344965e-14 2.593897403263192238e-16 1.379971565265756244e-18 2.889032155663377225e-21 2.394104796797476223e-24 7.848230320216766030e-28 1.017477727176126024e-31 5.216213369528453983e-36 1.075873877291188958e-40 8.636096454745890004e-46 2.741065270716640416e-51 3.440056663889295627e-57 1.746821757221299140e-63 3.432424432387064250e-70 2.666838653963564934e-77 8.192865368541524470e-85 1.024203429093521011e-92 4.926413705562888623e-101 9.369551982286065751e-110 7.282392472786715482e-119 2.168540741654390189e-128 2.553314901681811285e-138 1.233855996449970467e-148 2.274609394891342814e-159 1.658030326603720134e-170 4.981468699557079692e-182 5.685237415604092397e-194 2.565565423745378732e-206 4.792397905160059106e-219 3.386046489820939547e-232 9.931280818171761472e-246 1.098628516608098894e-259 5.059478831277641334e-274 8.763083442884234065e-289 6.001383773050644564e-304 1.718360316235855481e-319 0.000000000000000000e+00 0.000000000000000000e+00 0.000000000000000000e+00 0.000000000000000000e+00 0.000000000000000000e+00 0.000000000000000000e+00 0.000000000000000000e+00 0.000000000000000000e+00 0.000000000000000000e+00 0.000000000000000000e+00 0.000000000000000000e+00 0.000000000000000000e+00 0.000000000000000000e+00 0.000000000000000000e+00 0.000000000000000000e+00
4.864933088635123946e-222 3.771940735663994959e-209 1.054385437779937757e-196 1.165405937992009779e-184 5.093289275321747690e-173 9.151974168067748971e-162 6.244583810733204187e-151 1.684750141747386632e-140 1.797259529699556504e-130 7.581050354364998930e-121 1.264419731423444037e-111 8.338663588713051088e-103 2.238531367770748406e-94 2.304815015707795771e-86 9.383230782485447964e-79 1.510470699329181523e-71 9.614265334297369907e-65 2.419716146596383268e-58 2.408011444846774691e-52 9.475477433239299012e-47 1.474339331618615887e-41 9.071070789377125098e-37 2.207022727053660453e-32 2.123674411926717051e-28 8.083423624082703952e-25 1.217642109309671424e-21 7.265235688558290098e-19 1.720194079430137243e-16 1.622231351431863251e-14 6.139312762415276388e-13 9.466693262162231813e-12 6.132986793086927002e-11 1.775694402379203314e-10 2.594510947119517598e-10 2.372426566206596517e-10 1.815507967824373824e-10 1.482597187191823018e-10 1.395161626082330852e-10 1.412578946679035714e-10 1.354209364970981247e-10 9.963892862750948082e-11 4.305448012767454937e-11 8.914507872558242130e-12 7.864435816217296123e-13 2.856848339630900828e-14 4.161048347759940358e-16 2.430710464727800986e-18 5.586627609271360037e-21 5.081553654843987817e-24 1.828271923888595277e-27 2.601295973140569128e-31 1.463546396586773263e-35 3.312320192440643318e-40 2.917885273095085855e-45 1.016363236395346926e-50 1.399824490960272129e-56 7.799608281065202019e-63 1.681912247654964772e-69 1.434092624228081979e-76 4.834976587025973561e-84 6.632249370200910865e-92 3.500931291784694469e-100 7.307176836454473992e-109 6.231906558735687011e-118 2.036538018298663461e-127 2.631524391227905271e-137 1.395351279953910022e-147 2.822955235265861146e-158 2.258227628063287277e-169 7.444725882216221228e-181 9.324337722273768436e-193 4.617751597505323847e-205 9.464908110826311347e-218 7.338960204466810109e-231 2.361907784058557198e-244 2.867389077773432358e-258 1.448964019516166427e-272 2.754145302523256104e-287 2.069947760850194003e-302 6.503321867674368899e-318 0.000000000000000000e+00 0.000000000000000000e+00 0.000000000000000000e+00 0.000000000000000000e+00 0.000000000000000000e+00 0.000000000000000000e+00 0.000000000000000000e+00 0.000000000000000000e+00 0.000000000000000000e+00 0.000000000000000000e+00 0.000000000000000000e+00 0.000000000000000000e+00 0.000000000000000000e+00 0.000000000000000000e+00 0.000000000000000000e+00
1.035477760683099674e-217 5.388389104137301879e-205 1.108716246457754131e-192 9.020386833150035168e-181 2.901838256685364213e-169 3.836296404879872316e-158 1.926760751786317019e-147 3.826367831454046419e-137 3.004615700158872866e-127 9.328985953433338687e-118 1.145310494914785507e-108 5.559751005599169664e-100 1.098106755135198151e-91 8.322318616137130736e-84 2.493948683327301476e-76 2.955113790076098521e-69 1.384537369115040831e-62 2.564953367470872676e-56 1.878882933246062058e-50 5.442116315300813673e-45 6.232880614604289074e-40 2.822755711489133063e-35 5.055261224825925931e-31 3.580524934121712331e-27 1.003185858687324270e-23 1.112385755025610459e-20 4.886579606147249722e-18 8.522057894207877216e-16 5.926315956356988950e-14 1.658444233519023637e-12 1.903318854728021558e-11 9.313019323308811717e-11 2.101957982629832828e-10 2.546663709427642360e-10 2.121677106986659153e-10 1.614275963255925970e-10 1.355443127911265876e-10 1.300341567330969966e-10 1.329215061543486922e-10 1.303422179531386286e-10 1.017960836782020439e-10 4.836061050184390367e-11 1.120488680422034586e-11 1.122041075492534303e-12 4.602492635618534524e-14 7.567215358509865785e-16 4.987007904867211733e-18 1.292991298646839293e-20 1.326533117543086641e-23 5.382775025049352569e-27 8.637416944228602166e-31 5.480526707204176078e-35 1.398577228489756199e-39 1.389439105116839703e-44 5.458041267004983166e-50 8.477694402610227687e-56 5.326144492796706973e-62 1.295267983358358714e-68 1.245516901161018536e-75 4.735686182888382049e-83 7.324623262513997278e-91 4.360378048312131114e-99 1.026375522784795857e-107 9.869917080440348698e-117 3.637484944833189548e-126 5.300687406183600647e-136 3.169160623123144336e-146 7.230707587242671458e-157 6.523199114626677063e-168 2.424808984012409094e-179 3.425018544543351928e-191 1.912897108941408142e-203 4.420927041410008082e-216 3.865873063340387100e-229 1.402852132657968316e-242 1.920665331172901097e-256 1.094355875896623453e-270 2.345869955307135567e-285 1.988348842388262548e-300 6.304400366840732869e-316 0.000000000000000000e+00 0.000000000000000000e+00 0.000000000000000000e+00 0.000000000000000000e+00 0.000000000000000000e+00 0.000000000000000000e+00 0.000000000000000000e+00 0.000000000000000000e+00 0.000000000000000000e+00 0.000000000000000000e+00 0.000000000000000000e+00 0.000000000000000000e+00 0.000000000000000000e+00 0.000000000000000000e+00 0.000000000000000000e+00
2.738045313964298787e-213 1.035298030801753310e-200 1.547866258673970374e-188 9.150498778059831439e-177 2.138943880626026248e-165 2.053675770885329483e-154 7.494697328330749696e-144 1.081482775578336082e-133 6.170614350087960688e-124 1.392132245772782713e-114 1.241869250641890976e-105 4.380407880642134519e-97 6.646545173541543984e-89 3.649760191108661875e-81 7.924576693356649955e-74 6.803482770781196652e-67 2.309565033663837511e-60 3.100082575965892644e-54 1.645362172870089918e-48 3.453004542255534204e-43 2.865398260679144274e-38 9.402329667361788371e-34 1.220032068643253624e-29 6.260967749985595545e-26 1.271021151869456948e-22 1.021260084975670249e-19 3.251566666314374337e-17 4.112465924063730466e-15 2.077247305366500746e-13 4.238451677092378539e-12 3.578691965023740462e-11 1.314635708374858453e-10 2.325051278541942553e-10 2.387245107810103988e-10 1.867271462952114336e-10 1.435501912813795975e-10 1.239185514244870609e-10 1.207567882943180082e-10 1.243986660683510686e-10 1.248122875046687226e-10 1.043878803468530304e-10 5.581491375739831658e-11 1.496790975949062570e-11 1.752119905422576198e-12 8.420825741642343388e-14 1.622449925059217599e-15 1.252406456966700656e-17 3.803594607242312722e-20 4.570489116538174581e-23 2.172066109712043438e-26 3.970031803753338856e-30 2.941715946911884631e-34 8.764509373121990936e-39 1.016824440430772276e-43 4.664533336143824613e-49 8.460848486703301335e-55 6.205979520466918870e-61 1.762469912040593083e-67 1.979139393306416798e-74 8.787682283534038297e-82 1.586857452968592459e-89 1.103167451111939795e-97 3.032412316982804238e-106 3.404526049842896528e-115 1.465240898963446931e-124 2.493473127970011777e-134 1.740515685673743233e-144 4.637449141149568521e-155 4.885664793285664381e-166 2.120321688255449349e-177 3.497452468909073604e-189 2.281104467584292726e-201 6.155000660574623478e-214 6.285314542313891266e-227 2.662885636562357542e-240 4.257522837186730058e-254 2.832207410701943726e-268 7.089817960911900799e-283 7.017596648251085321e-298 2.902427036709187978e-313 0.000000000000000000e+00 0.000000000000000000e+00 0.000000000000000000e+00 0.000000000000000000e+00 0.000000000000000000e+00 0.000000000000000000e+00 0.000000000000000000e+00 0.000000000000000000e+00 0.000000000000000000e+00 0.000000000000000000e+00 0.000000000000000000e+00 0.000000000000000000e+00 0.000000000000000000e+00 0.000000000000000000e+00 0.000000000000000000e+00
3.992616253699509296e-30 1.863339394342338402e-29 8.279922370457620462e-29 3.503288754807866753e-28 1.411424861071723604e-27 5.425885881727752091e-27 1.982168919887772985e-26 6.896089020534461854e-26 2.284973582988619007e-25 7.211108007134164196e-25 2.167676434909847105e-24 6.207130858071963521e-24 1.695823710662430323e-23 4.407226536129143894e-23 1.091380018523451323e-22 2.575514521139706941e-22 5.792791516965296642e-22 1.241980122255053459e-21 2.538758199142051166e-21 4.948770348099441437e-21 9.201246320172517667e-21 1.632268269466613157e-20 2.763605259171968587e-20 4.467565120380292640e-20 6.898895632516043203e-20 1.018227811742572897e-19 1.437333189929292367e-19 1.942065906765265114e-19 2.514069134675004818e-19 3.121652811265506967e-19 3.722672109379484963e-19 4.270116090441286155e-19 4.719200441165786330e-19 5.034190675220013728e-19 5.193245999406325461e-19 5.190266292037163062e-19 5.033743379284433233e-19 4.743511404409904416e-19 4.346694910380083178e-19 3.874741869735797374e-19 3.357533920104376685e-19 2.825795487586952506e-19 2.306711788612475998e-19 1.823231036032026680e-19 1.392803424094430455e-19 1.026453779369326130e-19 7.289094906003641993e-20 4.974431016754267906e-20 3.259498568193594987e-20 2.048154729242539947e-20 1.232887136853957937e-20 7.103067491675784017e-21 3.917574130715049288e-21 2.063325933010655726e-21 1.038123558351501310e-21 4.987298079608010042e-22 2.289741584852650587e-22 1.001914939695892190e-22 4.181976014406160074e-23 1.664691192496100874e-23 6.327883112850957428e-24 2.289727893092398042e-24 7.844500161441614748e-25 2.582148685569305682e-25 8.085657239119991131e-26 2.412376588760755382e-26 6.870403835881840056e-27 1.860412522842078977e-27 4.798590174297123369e-28 1.181452228969663694e-28 2.764488681419688083e-29 6.160321152095090872e-30 1.310412749206293459e-30 2.648126657296343132e-31 5.108679764033018430e-32 9.360531164499765060e-33 1.637425007484390718e-33 2.719857170076681173e-34 4.301188613790574272e-35 6.494634715002183005e-36 9.309067786499471837e-37 1.274158026816764687e-37 1.655152152820528921e-38 2.053351910570510997e-39 2.417139282255540709e-40 2.717683360536650490e-41 2.898856216408761465e-42 2.953682773312603510e-43 2.854641704573543321e-44 2.635731894659322392e-45 2.307932946308533324e-46 1.930906620663448170e-47 1.531775006014417019e-48 1.161182745012957042e-49 8.379138479102245781e-51
3.376409166531178837e-11 1.652075331174263609e-10 7.679628692283672208e-10 3.391583093321259096e-09 1.423096092448876570e-08 5.685390271134718540e-08 2.153557512685273738e-07 7.751494113214712218e-07 2.651382295330806153e-06 8.618765365720522652e-06 2.662773741768937526e-05 7.819411696687557432e-05 2.186102093549446986e-04 5.800913043652606692e-04 1.463529404117790101e-03 3.511073817344926087e-03 8.010757911327133843e-03 1.738493620918468013e-02 3.589384464563988297e-02 7.051945151748459373e-02 1.318714266777488153e-01 2.347879736915618187e-01 3.981432181491292299e-01 6.433190441251372960e-01 9.909689492182556236e-01 1.456162816181471253e+00 2.042695190821190110e+00 2.738036310256107164e+00 3.510754689045471721e+00 4.311928536691489455e+00 5.081016469130577917e+00 5.755169372549675089e+00 6.279633271127905481e+00 6.616353061688242221e+00 6.748464714576274837e+00 6.679857207648174366e+00 6.430732013408665182e+00 6.031299173302746119e+00 5.515927617663284543e+00 4.920218050202345594e+00 4.275506030805989788e+00 3.614094229713001649e+00 2.965455720853075405e+00 2.356198410152712697e+00 1.808360495969290049e+00 1.337472518694592383e+00 9.517463351928970861e-01 6.497181213653911991e-01 4.250238542882971982e-01 2.660726014991567911e-01 1.592198977510325963e-01 9.099130313445125129e-02 4.966977240448262887e-02 2.583368115601452492e-02 1.280671242697073615e-02 6.048533595826893934e-03 2.723999132473258877e-03 1.166543569946603721e-03 4.754745570031447609e-04 1.844084950456010023e-04 6.814787898241046749e-05 2.391836231460819323e-05 7.983554314279528677e-06 2.538440666641025262e-06 7.660501238013593195e-07 2.180550061145246759e-07 5.956594720095081618e-08 1.543527914869708570e-08 3.801277617503261278e-09 8.916547626079823134e-10 1.983119512870968194e-10 4.190936731893074607e-11 8.436204547054844574e-12 1.609506029753187607e-12 2.925079291341507024e-13 5.037150773415671238e-14 8.263508648637370871e-15 1.284236752496251857e-15 1.895845316559781079e-16 2.666565573871960588e-17 3.551892657483650692e-18 4.508208089892883539e-19 5.417710772527769414e-20 6.204584878879839454e-21 6.726513254063258333e-22 6.950303148130947515e-23 6.796933877374671712e-24 6.335963984456778686e-25 5.588886288708925878e-26 4.699851897829985592e-27 3.739169886692887720e-28 2.836418354322080793e-29 2.035252404601475757e-30 1.392610232167704161e-31 9.050228848417887105e-33
9.265264712044807438e-10 3.822370043253613276e-09 1.505567935207401193e-08 5.662088594968629386e-08 2.033194647672129146e-07 6.984458278286925273e-07 2.286728243873552829e-06 7.149643786764712706e-06 2.134848417608962881e-05 6.088212151615101406e-05 1.658375280851757450e-04 4.314989253622510124e-04 1.074014409916822146e-03 2.550358332198251511e-03 5.786593403773226257e-03 1.254668521087198146e-02 2.600042213958744797e-02 5.150474282100340334e-02 9.754620029948593563e-02 1.766704110433273689e-01 3.060678171370661005e-01 5.073429611188735588e-01 8.049515579503905283e-01 1.222942322790337100e+00 1.780046696053703359e+00 2.483778241312306623e+00 3.324858559694727766e+00 4.273694963422296489e+00 5.280514142747954942e+00 6.279977963990925005e+00 7.199822565579681921e+00 7.971701274700928153e+00 8.544330308224459714e+00 8.877993164372838919e+00 8.968170479852528132e+00 8.827399076931909505e+00 8.483430570852673824e+00 7.972147320983217433e+00 7.331627860641437344e+00 6.599827152749738524e+00 5.808880904842365744e+00 4.992363399180307582e+00 4.181411407082780585e+00 3.405449707684473193e+00 2.690691233015456429e+00 2.057940103776235041e+00 1.521311827069052214e+00 1.084036155316768113e+00 7.437605685029569091e-01 4.907070921283886444e-01 3.109844652801431186e-01 1.891421156195313702e-01 1.104121078190834215e-01 6.172078740370191829e-02 3.304828360117267883e-02 1.694244474441056192e-02 8.322219225852146504e-03 3.907049068467392458e-03 1.754469049695383913e-03 7.534008162178523023e-04 3.097481512961818982e-04 1.215701696381453446e-04 4.560267598693049573e-05 1.637331680798459119e-05 5.608446702837186783e-06 1.835390488035593220e-06 5.748326509480354296e-07 1.716685436413360088e-07 4.896673694008908489e-08 1.336667473914354520e-08 3.477708186475200583e-09 8.640442080398598646e-10 2.054483804828410342e-10 4.654271915309557090e-11 1.009122515133997972e-11 2.084096035736867463e-12 4.119653542153242682e-13 7.755159000117364756e-14 1.393673109333177628e-14 2.397449301794272870e-15 3.926375384587036007e-16 6.155887083445666101e-17 9.186694944646043142e-18 1.312580622564035921e-18 1.784766857199816352e-19 2.323697234031339490e-20 2.878643867376544184e-21 3.414961627817544226e-22 3.854053701834219366e-23 4.165702061935197353e-24 4.282705589096090224e-25 4.217329473920764439e-26 3.949512598156849862e-27 3.543162495561120575e-28 3.033971080490844848e-29
2.070766282063599991e-08 7.245694626414893279e-08 2.432362623585959965e-07 7.834142407241297109e-07 2.420952564391880289e-06 7.190224015570975353e-06 2.045642653077675444e-05 5.584819568730403926e-05 1.463203339280276939e-04 3.679111994052822795e-04 8.878786482149958253e-04 2.056692176330728386e-03 4.578742059415620222e-03 9.773705876999249850e-03 2.003095736388354683e-02 3.942086776540831838e-02 7.450626793902777323e-02 1.352603921607408721e-01 2.359062694206373045e-01 3.953595069872031798e-01 6.368505342584478424e-01 9.862879348783750721e-01 1.469071620813160006e+00 2.105410942654265760e+00 2.904713125721178901e+00 3.860150525502446861e+00 4.944882401843418762e+00 6.111381557084722083e+00 7.294776930420047378e+00 8.420135198645168018e+00 9.412442808060646371e+00 1.020712324565879392e+01 1.075861419662846075e+01 1.104501343079017772e+01 1.106795195443432966e+01 1.084826407409657278e+01 1.041917924575187548e+01 9.819248969801332549e+00 9.086911249476846919e+00 8.259006813370364242e+00 7.365202388442256165e+00 6.436865702416147528e+00 5.503381352758682787e+00 4.593770160436900341e+00 3.735748469297308638e+00 2.953696037187683920e+00 2.267252279307922169e+00 1.685371646704019621e+00 1.211949501405666041e+00 8.420239836238454512e-01 5.646228527370424910e-01 3.650929371818332769e-01 2.276497541772763422e-01 1.366000212602996311e-01 7.889186917175622371e-02 4.383508123147761282e-02 2.335419098700575874e-02 1.199588213216033934e-02 5.922304588318261058e-03 2.809561075927964353e-03 1.282106832559561311e-03 5.613348004580814669e-04 2.360337324768630124e-04 9.544176662072703329e-05 3.700422955873743661e-05 1.377387211377786034e-05 4.929575206694360600e-06 1.690829450215490341e-06 5.566275719521803933e-07 1.761792468579901369e-07 5.341998297256738459e-08 1.554319326350106842e-08 4.348155809556293034e-09 1.164860797606896895e-09 3.000435489873069446e-10 7.399540702893706017e-11 1.754632784966865438e-11 3.982812447163210212e-12 8.672589568945473582e-13 1.815967878495885111e-13 3.638866928070513104e-14 7.012230114667178730e-15 1.292906411429875664e-15 2.292687862302318337e-16 3.889278118648538220e-17 6.345966440506357855e-18 9.903770267778114014e-19 1.486785251206262487e-19 2.134518190928484312e-20 2.948075632206800340e-21 3.893256643059829581e-22 4.946734302848708628e-23 6.008873436244827569e-24 7.023347611361477860e-25 7.873627450138862103e-26
1.846875610759986960e-07 5.778518704708317440e-07 1.740049278798927083e-06 5.042987478265314792e-06 1.406734178369728729e-05 3.782667047874662623e-05 9.775704048193191323e-05 2.431951897660679092e-04 5.824285169849754062e-04 1.342879911193208941e-03 2.981038914601271544e-03 6.371861868298285200e-03 1.312920479187443604e-02 2.602324386455192110e-02 4.987128355209225622e-02 9.168704305765956741e-02 1.623934615733840237e-01 2.771410698344817236e-01 4.558106411212207165e-01 7.226230885351767608e-01 1.104565904122733588e+00 1.628366462078940646e+00 2.316038968460364611e+00 3.179472359652970148e+00 4.215010775113241515e+00 5.399340771878543777e+00 6.688057293818377325e+00 8.017909804040618482e+00 9.312941824492737553e+00 1.049371181448861279e+01 1.148783534845456700e+01 1.223956091769764321e+01 1.271621741628156244e+01 1.291016329505409743e+01 1.283609169280520845e+01 1.252479974316474731e+01 1.201539448986257774e+01 1.134810902343928873e+01 1.055941425354031260e+01 9.681560001725964426e+00 8.737854905069202260e+00 7.753211279843167603e+00 6.751349395862093594e+00 5.757538929968233354e+00 4.798386087190702476e+00 3.900059667226022153e+00 3.086794602722771064e+00 2.373351437144932241e+00 1.770712890883683777e+00 1.280345400461740724e+00 8.962834433137784051e-01 6.069084090706160506e-01 3.975004106758388556e-01 2.513380859517450605e-01 1.534384363778118210e-01 9.040191195062785567e-02 5.143023925448884925e-02 2.819471347706705225e-02 1.490298546930124944e-02 7.593368532798767424e-03 3.732933924773401864e-03 1.766424582649735913e-03 8.053103056663970865e-04 3.541247223172507572e-04 1.498038299441166075e-04 6.103121643451578241e-05 2.397935823455107479e-05 9.059258487489512725e-06 3.295293125140657414e-06 1.155906745813744794e-06 3.897178416445090918e-07 1.264845912855647531e-07 3.958673970343026551e-08 1.190453591261933080e-08 3.452303444161008181e-09 9.617596960666435909e-10 2.562769546060417392e-10 6.611369913641393609e-11 1.641350952888522264e-11 3.930013207405504840e-12 9.035381990028632319e-13 2.003590186761113552e-13 4.265379648536184147e-14 8.758848564202652714e-15 1.726442717762274764e-15 3.282701044061009777e-16 5.990432978290612624e-17 1.054617458466695982e-17 1.781613152584693389e-18 2.903886331423886273e-19 4.541123435355940525e-20 6.852268488959435208e-21 9.918825371600032788e-22 1.385525748082789945e-22 1.862156742655267745e-23
8.600654425223875931e-07 2.507275131740370544e-06 7.046924113404605554e-06 1.909586200650509509e-05 4.989273238893782240e-05 1.258680909132381550e-04 3.057461712488068794e-04 7.161817941205347177e-04 1.617803854140399591e-03 3.524477459879506690e-03 7.405573237959883932e-03 1.500893173915182621e-02 2.937238409756958921e-02 5.539530583994454332e-02 1.007989583116488674e-01 1.769866390908984011e-01 2.999064864369945793e-01 4.905246319323873783e-01 7.745420448721934692e-01 1.180949730465810088e+00 1.739119815188548079e+00 2.474394587341160356e+00 3.402549925699329236e+00 4.523993446588870704e+00 5.827382259869444248e+00 7.254207110960140703e+00 8.748188174678888984e+00 1.022965776137649385e+01 1.161202055331242100e+01 1.281288572363897238e+01 1.376508799852124376e+01 1.442519102566211053e+01 1.477758622460615712e+01 1.483338792869974831e+01 1.462466095209244088e+01 1.419568592494153947e+01 1.359361170289110277e+01 1.286078505179135334e+01 1.203034432337963544e+01 1.112701551148194845e+01 1.016395458324053536e+01 9.155385031548577857e+00 8.115452359600070054e+00 7.062521088410394832e+00 6.019948900377950274e+00 5.014638540032741787e+00 4.075378568980125848e+00 3.223533710117079565e+00 2.478592079926478231e+00 1.850263123331751469e+00 1.339542607204744273e+00 9.397047754278957665e-01 6.386889542238072259e-01 4.198269836386363529e-01 2.669072168859502048e-01 1.640489005566027891e-01 9.752384540407092739e-02 5.596849897962454662e-02 3.102362033558977994e-02 1.660570882579519986e-02 8.590208188484712432e-03 4.285232617911685291e-03 2.063151064118112776e-03 9.597040820169784126e-04 4.302468219002177118e-04 1.860904559618741893e-04 7.775157447674664471e-05 3.129453110167967282e-05 1.214893720226104529e-05 4.555695667682585646e-06 1.645047371623839047e-06 5.728310959356319350e-07 1.926706429414251246e-07 6.238316899837801241e-08 1.951043032874962224e-08 5.872758304177326376e-09 1.707568900610673520e-09 4.777589543395810775e-10 1.288642760825319145e-10 3.357737431058861785e-11 8.416698756806949189e-12 2.038225637424194830e-12 4.747580929237643027e-13 1.068405669881548002e-13 2.290381331493025002e-14 4.788391203267443207e-15 9.626020219786579335e-16 1.869873435956400786e-16 3.492120596820023002e-17 6.302458712713691100e-18 1.093403369043325926e-18 1.833292432262398739e-19 2.954420287299446339e-20 4.601849580986425297e-21 6.908789070761002552e-22
1.928622790024830271e-06 5.504183611174376675e-06 1.514483862295746397e-05 4.017699371141541609e-05 1.027655443036700167e-04 2.537947985019533095e-04 6.035288774159662572e-04 1.383978132413859075e-03 3.060551933730921905e-03 6.527331152933961433e-03 1.342659236598090985e-02 2.663927867464157759e-02 5.103437430009540726e-02 9.422398863512147782e-02 1.678454897970754478e-01 2.885093551757172969e-01 4.785996657884519223e-01 7.663315077053145519e-01 1.184605170362929005e+00 1.768226705353577621e+00 2.549303362902215930e+00 3.551056170367569376e+00 4.780858635861946482e+00 6.223863426434930624e+00 7.838912135587886354e+00 9.558337839972800509e+00 1.129266139372876765e+01 1.294011408903322291e+01 1.440784034340469688e+01 1.559125232513169301e+01 1.644074527677788211e+01 1.693136789799738295e+01 1.707346691288179841e+01 1.690719190224513468e+01 1.649197721171825393e+01 1.589365399801323697e+01 1.517226845253635759e+01 1.437327044444159441e+01 1.352366416967274709e+01 1.263472802251933480e+01 1.170189640625105554e+01 1.072049021598236074e+01 9.687746070872361059e+00 8.609596436943451891e+00 7.502965220481208952e+00 6.394715492444062122e+00 5.319527313613311215e+00 4.308144953008254063e+00 3.392173179864726329e+00 2.593298882926279525e+00 1.922809356073805542e+00 1.381458506716384260e+00 9.615880540032410995e-01 6.473519692980862494e-01 4.215045055302783505e-01 2.653314661295684829e-01 1.615422352473008527e-01 9.495052118940636166e-02 5.390480604602929104e-02 2.955131009966287942e-02 1.565648728269258827e-02 7.999358661806472287e-03 3.944614843869089990e-03 1.879274556578489248e-03 8.629151655387125265e-04 3.822734238283783488e-04 1.635854301689773432e-04 6.743834471674663015e-05 2.681521053175836778e-05 1.029881827796637872e-05 3.809061496841671828e-06 1.358545068601287092e-06 4.680107186226889958e-07 1.552091241702662453e-07 4.971768864857412898e-08 1.532840904520962721e-08 4.564872071825094709e-09 1.308190833251826883e-09 3.614157837474604925e-10 9.645349967394184731e-11 2.476429869864781523e-11 6.142338934219422744e-12 1.465437783102552766e-12 3.377760670998390522e-13 7.487690036193408645e-14 1.603709548264927835e-14 3.270613674694948907e-15 6.507179175560612200e-16 1.244754985385435912e-16 2.300926402307514173e-17 4.088717994983145213e-18 7.021606069287630872e-19 1.159019807381410498e-19 1.849050399811811811e-20 2.843255372256514751e-21
4.193672666530167160e-06 1.170488005018007730e-05 3.149640592034056482e-05 8.218379377534323460e-05 2.055280935244173108e-04 4.962503452249700849e-04 1.153771597538671154e-03 2.586714832543494588e-03 5.592552941124458513e-03 1.166084829664237529e-02 2.344969560715308779e-02 4.548447379593107548e-02 8.518237695457500647e-02 1.537451896465306667e-01 2.677282992388039795e-01 4.498630226876829119e-01 7.294906008455603885e-01 1.141778985029232807e+00 1.725235664414179304e+00 2.517179385185006169e+00 3.547253829755456778e+00 4.829675003541910705e+00 6.355567069636798294e+00 8.087240916982217698e+00 9.956364282197544213e+00 1.186749151950307990e+01 1.370736187265402251e+01 1.535895025349789300e+01 1.671785900764561461e+01 1.770772919347202645e+01 1.829127547378273633e+01 1.847440839419230230e+01 1.830249319337021063e+01 1.784965377122500030e+01 1.720362798522579695e+01 1.644958148873305248e+01 1.565629490351499342e+01 1.486733128673901128e+01 1.409845887879395399e+01 1.334229840509298093e+01 1.257179183919321197e+01 1.175756213977508935e+01 1.087361289827222954e+01 9.906565189600712529e+00 8.860020550821761987e+00 7.754729710702060075e+00 6.626762394073517193e+00 5.514426159129305560e+00 4.461763995468677635e+00 3.505202765091203876e+00 2.670735224028334187e+00 1.971804198403274810e+00 1.410340964906846128e+00 9.756610635945107690e-01 6.528014088630967882e-01 4.222656772370215750e-01 2.641689168284579448e-01 1.595544642665180368e-01 9.307966055117698756e-02 5.224458951994171568e-02 2.843564067422764408e-02 1.492609304565004590e-02 7.561679930510123784e-03 3.700916334327311336e-03 1.745867740043270276e-03 7.945890859415668563e-04 3.493184949636557739e-04 1.479489073239771137e-04 6.043876296853372912e-05 2.384706813860641817e-05 9.061472474176494003e-06 3.320397861672229252e-06 1.175144751801356909e-06 4.003987462999807576e-07 1.317682414138596295e-07 4.173898788988071097e-08 1.277035974017393728e-08 3.760072052217858222e-09 1.067297812610541885e-09 2.926407711199125439e-10 7.719733139428674731e-11 1.967226800508860409e-11 4.822293070279095059e-12 1.141998903889685112e-12 2.601096533064607184e-13 5.723888541739408906e-14 1.211263606487667211e-14 2.476643070867538133e-15 4.868970491747834757e-16 9.249610531280653202e-17 1.689260564267483641e-17 2.981394607838631747e-18 5.057881001385202483e-19 8.292889606540506330e-20 1.310554963817171942e-20
8.708039010518284369e-06 2.375037560669026609e-05 6.244991283034192521e-05 1.583136161546657957e-04 3.869411201187797984e-04 9.130360002029073432e-04 2.074539978351266131e-03 4.545175082676444940e-03 9.602768196097148309e-03 1.956517985287883898e-02 3.844502791235687722e-02 7.286116235765230376e-02 1.333142200699404811e-01 2.350799152404383641e-01 3.999190189665906559e-01 6.564427559655827693e-01 1.039796738428715228e+00 1.589625261798369715e+00 2.345931031779968645e+00 3.342748189563912398e+00 4.600146472905055184e+00 6.115802634237143209e+00 7.858001733614818463e+00 9.762202817021185197e+00 1.173299874794722797e+01 1.365234639334824251e+01 1.539349402191118088e+01 1.683846068226107917e+01 1.789571690554661032e+01 1.851430989366139102e+01 1.869127128107111702e+01 1.847061737777737633e+01 1.793418222047677091e+01 1.718635077368189812e+01 1.633598121569904293e+01 1.547914756388326296e+01 1.468581599793623660e+01 1.399244859604199931e+01 1.340117358452879870e+01 1.288566517638649955e+01 1.239763378055226717e+01 1.188330155205931504e+01 1.129211312383831434e+01 1.058285309799996021e+01 9.748281204384618093e+00 8.791528556725888066e+00 7.742103733088992357e+00 6.639724422831708495e+00 5.536420125126032765e+00 4.482036102888535822e+00 3.518810661952921137e+00 2.676674109877769769e+00 1.972282252984189688e+00 1.405551392642119035e+00 9.687341050305426915e-01 6.454476120346792634e-01 4.158796074765761519e-01 2.587059383881938346e-01 1.554343688848484339e-01 9.017625573621369794e-02 5.055398560559871274e-02 2.733310637012522151e-02 1.426271763795718128e-02 7.189633761051924567e-03 3.493296288091559624e-03 1.637524535798857983e-03 7.414193720160559787e-04 3.234205746452527047e-04 1.360763537272431916e-04 5.529580751129078373e-05 2.164039521105283118e-05 8.167063144118143567e-06 2.976855365203811384e-06 1.044650154469996722e-06 3.540651325710385012e-07 1.155130206487530857e-07 3.639923619980977468e-08 1.103846685528829476e-08 3.227198868519932258e-09 9.113541787307397091e-10 2.476232287052091567e-10 6.499285572994661736e-11 1.641012762838416382e-11 4.002737045587408940e-12 9.390882297848011868e-13 2.128559823658802690e-13 4.639850754516080724e-14 9.772054574283460942e-15 1.978986610842671530e-15 3.872567901487850257e-16 7.285651745514990537e-17 1.324567523694127100e-17 2.314901366034954620e-18 3.909900636894588282e-19 6.365280562064117414e-20
1.691146426410177330e-05 4.512529598066833186e-05 1.160782326701417344e-04 2.878630179745847841e-04 6.882385277596470528e-04 1.588437045856942427e-03 3.530053164221426398e-03 7.564150746588480662e-03 1.562884751644852410e-02 3.113895324794441546e-02 5.982964143000615853e-02 1.108644364044030772e-01 1.983072529932683459e-01 3.418352113558739136e-01 5.684173384412014585e-01 9.118792472116123982e-01 1.411501654200898681e+00 2.108448795847702506e+00 3.039884021517045731e+00 4.231085421449156669e+00 5.696336179133587585e+00 7.393329712263096098e+00 9.272085170586260361e+00 1.124092343507126301e+01 1.318127432965923518e+01 1.496072981688065795e+01 1.645073451593931324e+01 1.754570888366230719e+01 1.817967304602561285e+01 1.833674133968717257e+01 1.805316158710340346e+01 1.741050881082264468e+01 1.652162915905889662e+01 1.551239163280080646e+01 1.450288283569696368e+01 1.359133643487312781e+01 1.284307967319293198e+01 1.228551002424679695e+01 1.190896530194547687e+01 1.167282872981734165e+01 1.151371187147360331e+01 1.135889562405290754e+01 1.113664246768924926e+01 1.078748923791424907e+01 1.027263710672985830e+01 9.578783537999269626e+00 8.720210206111435269e+00 7.729756142073918923e+00 6.660062112989942662e+00 5.569828857731060623e+00 4.516154273961583421e+00 3.547088848008897788e+00 2.697953335009433573e+00 1.984435875198041987e+00 1.411376378740448967e+00 9.702361952463584016e-01 6.448795599213593688e-01 4.137860253884045880e-01 2.564033047873410798e-01 1.534015473905207816e-01 8.867312880163595590e-02 4.943198738314535240e-02 2.659320360526340118e-02 1.381893756333262870e-02 6.921448745127524102e-03 3.344414029670418446e-03 1.560724903113204541e-03 7.017183637819981697e-04 3.042953632772829836e-04 1.274351105832971737e-04 5.139907395678537796e-05 1.999124726017678259e-05 7.463148249596355839e-06 2.698410169058553070e-06 9.422544937835457662e-07 3.167235055334184712e-07 1.028214225541537697e-07 3.212629716352536639e-08 9.676936790691969105e-09 2.815401421539539597e-09 7.881463129314373235e-10 2.131207553507910251e-10 5.544209488030112234e-11 1.393272271818219118e-11 3.367912286153523681e-12 7.865033227051492843e-13 1.766462096735599646e-13 3.833166418508629683e-14 7.998569907599445129e-15 1.612697506827623292e-15 3.126321711089549906e-16 5.856499381345329375e-17 1.054685261891594793e-17 1.835567599722180163e-18 3.079247627406245037e-19
2.930544616907796590e-05 7.676255205073426278e-05 1.938266301298173272e-04 4.717925538583646198e-04 1.107067102723379055e-03 2.507420402480878274e-03 5.468090170865776492e-03 1.149666255257565314e-02 2.330519405739815003e-02 4.555097194665880950e-02 8.584756385038405657e-02 1.560155030288712941e-01 2.736568593792177984e-01 4.625151971172657417e-01 7.539601412568580630e-01 1.185534046106395900e+00 1.798332443547998816e+00 2.631911463758607184e+00 3.716917546399867156e+00 5.066201868081723347e+00 6.665972292497603924e+00 8.469155163967165834e+00 1.039329375594328653e+01 1.232478092329967012e+01 1.412998822379683972e+01 1.567215535232208268e+01 1.683121656131838506e+01 1.752532679801518611e+01 1.771074175229514935e+01 1.741326104359669813e+01 1.670431321960504434e+01 1.569483281740259173e+01 1.451792498448922508e+01 1.330971625764527566e+01 1.219189760298769798e+01 1.125848487142108389e+01 1.056796846319828553e+01 1.014078929588462330e+01 9.961294972764566324e+00 9.982920181716144370e+00 1.013639433813725610e+01 1.033873538368912293e+01 1.050351273924765039e+01 1.055147365122790681e+01 1.042019666703738068e+01 1.007161474464033191e+01 9.497240674271644423e+00 8.714268870339912709e+00 7.766712433683975902e+00 6.714549926607491948e+00 5.624830978421659466e+00 4.561994172602831021e+00 3.581284479524038833e+00 2.717732608285447604e+00 1.993511763866657960e+00 1.412918122940406862e+00 9.679055033599552882e-01 6.399541849186162201e-01 4.085167338625339539e-01 2.517289832251780601e-01 1.498324869951881966e-01 8.599488833431104262e-02 4.762263932059866006e-02 2.546892731130755497e-02 1.312760714659392917e-02 6.526897083466579388e-03 3.133595858437534902e-03 1.449384786971575972e-03 6.465171606205963491e-04 2.784726361434307243e-04 1.155163519313008298e-04 4.620546892606817784e-05 1.784685301727676325e-05 6.636823552380155608e-06 2.383382055762894770e-06 8.239087082060733709e-07 2.750557316740961379e-07 8.837721358509579334e-08 2.717507603297358764e-08 8.127851185975851454e-09 2.339126559947974833e-09 6.502156892262300112e-10 1.738872210072063442e-10 4.491963131922140477e-11 1.116212395049198017e-11 2.679479267087018397e-12 6.186336692576330859e-13 1.379894748019275033e-13 2.959899366206344192e-14 6.134441516395156587e-15 1.222452471122655883e-15 2.353938743367504101e-16 4.357712908479109216e-17 7.795940519063099304e-18 1.344335893967119748e-18
3.963878825586146482e-05 1.026269189112489078e-04 2.561161987170413831e-04 6.161073554977271370e-04 1.428659901283692519e-03 3.197342639791685062e-03 6.889306995765518207e-03 1.431031504744019120e-02 2.865654368066938157e-02 5.532410964466828729e-02 1.029764080446327196e-01 1.848043848052053906e-01 3.200460300336557817e-01 5.339862844009897191e-01 8.591516199361297623e-01 1.333098196181492501e+00 1.994998458630140137e+00 2.879736689825270535e+00 4.009982160276990726e+00 5.387304403169331124e+00 6.984148839769468431e+00 8.738959300694052246e+00 1.055663397342340204e+01 1.231567437864366354e+01 1.388191044244969063e+01 1.512690862695100336e+01 1.594763880049939075e+01 1.628324329339975307e+01 1.612515808868385747e+01 1.551834177814133220e+01 1.455353403902030607e+01 1.334477197487960254e+01 1.204243493751611815e+01 1.076995010168126932e+01 9.638588163303959178e+00 8.731452613853463163e+00 8.099273764616942373e+00 7.760121689416372703e+00 7.701589866194898271e+00 7.883894613477350433e+00 8.245862852269526755e+00 8.708679117487356791e+00 9.183843668931272575e+00 9.581851828516954939e+00 9.822111423996071622e+00 9.842707565205904174e+00 9.608828769398607861e+00 9.115174967924124516e+00 8.387711583955773875e+00 7.477540317803721415e+00 6.452229129857204981e+00 5.385123078504537197e+00 4.346497920551387395e+00 3.389009989871350825e+00 2.552586659056569118e+00 1.856698215982318656e+00 1.304671946635868274e+00 8.845099378321269468e-01 5.787554444547189370e-01 3.654380063137566137e-01 2.228149828335017624e-01 1.309712762507620476e-01 7.426481180541590066e-02 4.065750477360403209e-02 2.144909262000717007e-02 1.091306856270501252e-02 5.360603366982030077e-03 2.536496395285098987e-03 1.157307796038569477e-03 5.097968491594325174e-04 2.162545022869198814e-04 8.844471633181082615e-05 3.492490988716241343e-05 1.327700158000253211e-05 4.873533916287213423e-06 1.721934300658311990e-06 5.874831413697915320e-07 1.929007278282000997e-07 6.105613641837265886e-08 1.866283972565361367e-08 5.447190908764845850e-09 1.546934042616766386e-09 4.226390596923275352e-10 1.115298568571839228e-10 2.831068189175630486e-11 6.941784039471258076e-12 1.637080234838763942e-12 3.729663456634521107e-13 8.171259411427951484e-14 1.729615233332365362e-14 3.520239520693409399e-15 6.922729310924494599e-16 1.308844487666605268e-16 2.391240419308658750e-17 4.210956318329584271e-18
3.978674493066884166e-05 1.029459722361966722e-04 2.581674437349951558e-04 6.205065020708836181e-04 1.437608085483445351e-03 3.214530889957894870e-03 6.920162808086872258e-03 1.436139049843190157e-02 2.873232508253678597e-02 5.541826421403272390e-02 1.030523673014699659e-01 1.847576439041788698e-01 3.196372182298172215e-01 5.327367079290930008e-01 8.561855741787244289e-01 1.326931045738982018e+00 1.983273446109803384e+00 2.858930925310095184e+00 3.975120540821124315e+00 5.331738684431392983e+00 6.899472764871550368e+00 8.615134832274646826e+00 1.038239438992128427e+01 1.207924468605713209e+01 1.357204278426213762e+01 1.473417005304395921e+01 1.546581384831391759e+01 1.571063412780565471e+01 1.546550120456223354e+01 1.478104478045253067e+01 1.375300490738513837e+01 1.250661997945882753e+01 1.117781196887067807e+01 9.895279806213888918e+00 8.766758113248073414e+00 7.871031980771420855e+00 7.255464691112506692e+00 6.937437292852393966e+00 6.907618555398086002e+00 7.132893677967146573e+00 7.561163300922259189e+00 8.122118782240328017e+00 8.732393143100173560e+00 9.301639767623322896e+00 9.741239511611967217e+00 9.974668570304814352e+00 9.947965494764149597e+00 9.636896762182239229e+00 9.050451960157582576e+00 8.229000697438396017e+00 7.230373196096955724e+00 6.144595787371727624e+00 5.046242852783354493e+00 4.000892905015798640e+00 3.062344526001727019e+00 2.262362143328119579e+00 1.613769888595116830e+00 1.110142044248775051e+00 7.367750331025945121e-01 4.717009355441985075e-01 2.915209400125897132e-01 1.736471693415754525e-01 9.975635360395750106e-02 5.531817936690538312e-02 2.955546101868686271e-02 1.522685118007822275e-02 7.572578760882138493e-03 3.627329362449582817e-03 1.675240930949702459e-03 7.468801633529805611e-04 3.206372922648380091e-04 1.327030088059356287e-04 5.302295707428917991e-05 2.039511821578663387e-05 7.574113755050730564e-06 2.707367757740330876e-06 9.344069368515112800e-07 3.103617744103476102e-07 9.936523707090080301e-08 3.072020573698526435e-08 9.138223445391401030e-09 2.625178718154398248e-09 7.255090053765001720e-10 1.936529033612273439e-10 4.972015050475128366e-11 1.233040810724637912e-11 2.940975357154857437e-12 6.776142017007023010e-13 1.501361726503918471e-13 3.213712422771278093e-14 6.614303991478966175e-15 1.315293493747418928e-15 2.514555290192215762e-16 4.645199824779809998e-17 8.271001837865939618e-18
3.049534531638864806e-05 7.984893535406020857e-05 2.015417538759866614e-04 4.903785523074106079e-04 1.150216558978456750e-03 2.604077193052505186e-03 5.676481053635636445e-03 1.192963433256572642e-02 2.417209577912251064e-02 4.722361315197923237e-02 8.895748002146031119e-02 1.615872677779614519e-01 2.832832548252122162e-01 4.785253817959354006e-01 7.796114620982097509e-01 1.228387941402719452e+00 1.861691795988289932e+00 2.722057667755166221e+00 3.840254201965396241e+00 5.228301779671289395e+00 6.870299243029332814e+00 8.715572399405923321e+00 1.067656426158735350e+01 1.263334243015997416e+01 1.444532264716296766e+01 1.596904444686866853e+01 1.707906904443137819e+01 1.768787931016396087e+01 1.776050639440845558e+01 1.732063406349277201e+01 1.644688834850586190e+01 1.526032651022295283e+01 1.390609135133182761e+01 1.253322245570025117e+01 1.127647761489227030e+01 1.024288194047882072e+01 9.504073730873887627e+00 9.093960047675764713e+00 9.010227705622485317e+00 9.217578786611417385e+00 9.654388742296154291e+00 1.023640934484431497e+01 1.086471060026590685e+01 1.143438475847977820e+01 1.184517534984797749e+01 1.201305691674510001e+01 1.188144999872873697e+01 1.142765641938126109e+01 1.066679954405921293e+01 9.648427546624994022e+00 8.447886437127056780e+00 7.154044601059513120e+00 5.857888524859845347e+00 4.632772428913846774e+00 3.538431397709444148e+00 2.609288672116176766e+00 1.858278667379925642e+00 1.276556290899873769e+00 8.461662739167219449e-01 5.411287548106934464e-01 3.340875112350406018e-01 1.981595217428765709e-01 1.137127367971790537e-01 6.299129192348276729e-02 3.362108123025303597e-02 1.730453675990091533e-02 8.597699800579701804e-03 4.114560248303760978e-03 1.898541240362292687e-03 8.456831437033367335e-04 3.627356276373971218e-04 1.499966615033558408e-04 5.988175383666036942e-05 2.301388572164215281e-05 8.539506988699463376e-06 3.049917405863478244e-06 1.051768420760464737e-06 3.490579880334136870e-07 1.116635600844425991e-07 3.449462766094375512e-08 1.025276297221677814e-08 2.943013140444320978e-09 8.127023201990814778e-10 2.167555341977703058e-10 5.560797363473616608e-11 1.377978536414370960e-11 3.284108774018286386e-12 7.560865771345960196e-13 1.673932221273852031e-13 3.580342875331241975e-14 7.363212187736840490e-15 1.463096031500834866e-15 2.794979944168158127e-16 5.159297423962648708e-17 9.179386998945017989e-18
1.921890376526091656e-05 5.144496608094994256e-05 1.327570311059447273e-04 3.302824757113600540e-04 7.922112785947298813e-04 1.834368339664784646e-03 4.089973657541781660e-03 8.792917171136742718e-03 1.822823068782413250e-02 3.643996048894114492e-02 7.025196663551780407e-02 1.306214907704362771e-01 2.344529981085059223e-01 4.055446494922410050e-01 6.767149223617419107e-01 1.089440560353949650e+00 1.692331341445228787e+00 2.536955859455531925e+00 3.670773861139352334e+00 5.127471874432414367e+00 6.915899239084259520e+00 9.009720701354019923e+00 1.134051344138840633e+01 1.379700723770410420e+01 1.623229673154784791e+01 1.847920626501494823e+01 2.037193015344731251e+01 2.177020192880742400e+01 2.258119353271338525e+01 2.277384795177707133e+01 2.238321632942727746e+01 2.151109303931426453e+01 2.030202249385138913e+01 1.892491421586325373e+01 1.754985104723982303e+01 1.632705906572702759e+01 1.537076216377695559e+01 1.474916432664647381e+01 1.448054706323918772e+01 1.453445782169243472e+01 1.483858734877845720e+01 1.528786272730715012e+01 1.575730587765298552e+01 1.611748741405643770e+01 1.625087239639147896e+01 1.606722504916463024e+01 1.551679845707090522e+01 1.459276380384944183e+01 1.333566661626009342e+01 1.182298148862961362e+01 1.015644164322260323e+01 8.446003610081524116e+00 6.796679672800289396e+00 5.286155801419850420e+00 3.972983987299052888e+00 2.884479737153386125e+00 2.023530742159310503e+00 1.369815247819098358e+00 8.950736007154745932e-01 5.644475507814931126e-01 3.437435824545565510e-01 2.018240713368385508e-01 1.143166345801035627e-01 6.251967321440668468e-02 3.294966027281518578e-02 1.674828036817219493e-02 8.219261128248266449e-03 3.885627035401754449e-03 1.771312056968674933e-03 7.796036703156414499e-04 3.304316096349105953e-04 1.350320718839892844e-04 5.327918479047657021e-05 2.023887309897763603e-05 7.376865216521787195e-06 2.603893279835682747e-06 8.875371873160301948e-07 2.911477668476316993e-07 9.206643492910960410e-08 2.811552454926536593e-08 8.261423028693731937e-09 2.344519809747146880e-09 6.401079962681966473e-10 1.688023543707918294e-10 4.281958061136580809e-11 1.049227149570594402e-11 2.472721453536342540e-12 5.629668807673645386e-13 1.232566181850595612e-13 2.607231680083800595e-14 5.302870390222514047e-15 1.042138442402128881e-15 1.968996735544694495e-16 3.594922352213992038e-17 6.326394567534859810e-18
1.012789575522256299e-05 2.788505457129465874e-05 7.401959160558084624e-05 1.894349681610106606e-04 4.674429589947620071e-04 1.113618527907843121e-03 2.554742685248869404e-03 5.651621678368075156e-03 1.205697443953758323e-02 2.480673458231207051e-02 4.922621190735858993e-02 9.422186163039875106e-02 1.741282490461641963e-01 3.101503200989113029e-01 5.330013393116669329e-01 8.838736907878523841e-01 1.414549446831677493e+00 2.185149350372647348e+00 3.258809199066631912e+00 4.692932876278547383e+00 6.527489229160245543e+00 8.771888870831634932e+00 1.141014693895257359e+01 1.432624389203373738e+01 1.740146834241037510e+01 2.046124818948928237e+01 2.330889609011702035e+01 2.575129785848369934e+01 2.762704697688325695e+01 2.883142485362904850e+01 2.933296017868681815e+01 2.917802998862494235e+01 2.848259678334624923e+01 2.741293200970677191e+01 2.615928637143484181e+01 2.490744598803753718e+01 2.381289819704818811e+01 2.298123534502903809e+01 2.245694470661738862e+01 2.222148356953744752e+01 2.219894994936613486e+01 2.227211720225274405e+01 2.230016461237901382e+01 2.214168673631087003e+01 2.167687870492634516e+01 2.082608209702480906e+01 1.956388005260853546e+01 1.791373422656830172e+01 1.595365375532978902e+01 1.379529941062227039e+01 1.156712407311543878e+01 9.395023969283322174e+00 7.388749778190145001e+00 5.618838032685230743e+00 4.130959229788582654e+00 2.934961622135230375e+00 2.015644959587032936e+00 1.336162061165729664e+00 8.552092456881336124e-01 5.284024317151028161e-01 3.153675010666095457e-01 1.814986799408087881e-01 1.007883482918176948e-01 5.405126957824406275e-02 2.793725395098080669e-02 1.386767172496113434e-02 6.674927241162482983e-03 3.095247339648004789e-03 1.384200204458344496e-03 5.977306526720154844e-04 2.485825609268093000e-04 9.968341119711093498e-05 3.860021995458499857e-05 1.439085707466398454e-05 5.181011760943019907e-06 1.795536479236186332e-06 6.009336446470578969e-07 1.935694280541399589e-07 6.010809965065101841e-08 1.802693112117295114e-08 5.202168060693442546e-09 1.450006915179003590e-09 3.888333536808621396e-10 1.007193915919211208e-10 2.509611775738302218e-11 6.040755027387249464e-12 1.398484602639308510e-12 3.127895175140028866e-13 6.727719790505599996e-14 1.398137518645666961e-14 2.793790112847350804e-15 5.394403632444354925e-16 1.001375033854317951e-16 1.796372498803473759e-17 3.106184565464336299e-18
4.708639626115150393e-06 1.336304013370197559e-05 3.656319561263147555e-05 9.645589250863810505e-05 2.453450397001985354e-04 6.025538317136842816e-04 1.424981255063691599e-03 3.249761819694861782e-03 7.147416020769856507e-03 1.516109183913057559e-02 3.101898434063123100e-02 6.121750639514970949e-02 1.166625736728610641e-01 2.142793493540055549e-01 3.797632235314203908e-01 6.495089967474718673e-01 1.072162313776362508e+00 1.708486009189269739e+00 2.628579158026392193e+00 3.905581762967009318e+00 5.605543396675683354e+00 7.774079835295353291e+00 1.042164134238302964e+01 1.351035073746634296e+01 1.694600970990338595e+01 2.057861975630106954e+01 2.421343023798222305e+01 2.763227010480996881e+01 3.062227406742032798e+01 3.301935694636560470e+01 3.468050507578951169e+01 3.558974548138260019e+01 3.579800387028416964e+01 3.542841928481040270e+01 3.465273794610713765e+01 3.366023134591186761e+01 3.262518962374366538e+01 3.167893485590111169e+01 3.089105177337807717e+01 3.026344423582812837e+01 2.973246210765287145e+01 2.919110269862317608e+01 2.850909451507830994e+01 2.756117213674360400e+01 2.625234015736363702e+01 2.453663086851963016e+01 2.242960072284346396e+01 1.999263035674693967e+01 1.734049329529077710e+01 1.460995661960744485e+01 1.194114672009955669e+01 9.457816000682267799e+00 7.256126595009548375e+00 5.384441417099692373e+00 3.863908456727580987e+00 2.680210922492068271e+00 1.797565811748543130e+00 1.163875298647084167e+00 7.277398258539703457e-01 4.393367893395554447e-01 2.562478081985560818e-01 1.441359032891935954e-01 7.823838724593645821e-02 4.101967839890999917e-02 2.072900782011454293e-02 1.010545111926967193e-02 4.757747288284923382e-03 2.158117682677273413e-03 9.441432672763361983e-04 3.988872169103279200e-04 1.623064246480105223e-04 6.368479968203525352e-05 2.398546160901506206e-05 8.748720673277066712e-06 3.081828551000774393e-06 1.045032739291429326e-06 3.422451853326836129e-07 1.078762469650498873e-07 3.278058053348460981e-08 9.621208530819369109e-09 2.717165374172232720e-09 7.412302111465150717e-10 1.945340684410507592e-10 4.931965110345127500e-11 1.202774730089279241e-11 2.833764933998848053e-12 6.421252900297697562e-13 1.405809040601062599e-13 2.959698317278372624e-14 6.020827176209663149e-15 1.177657451841045115e-15 2.225910961954323059e-16 4.044747931420836389e-17 7.102981398193508547e-18 1.202335464688759091e-18
2.190814280929355632e-06 6.405745250470159148e-06 1.805763407735689772e-05 4.907906658115155762e-05 1.286159043093323875e-04 3.254487340505782342e-04 7.929494504513147444e-04 1.863109067424709425e-03 4.221702460604641154e-03 9.226201309765331288e-03 1.944807662452963451e-02 3.954438098503448851e-02 7.764701796899048380e-02 1.469408245211911712e-01 2.683177151487771139e-01 4.728264925986236933e-01 8.041992920748639584e-01 1.320406604811574347e+00 2.093230549898938087e+00 3.204703226805055927e+00 4.739488275405149054e+00 6.772960003972345433e+00 9.355847101931335175e+00 1.249766500934577351e+01 1.615238229676797843e+01 2.021036653718091713e+01 2.450020946333434324e+01 2.880237339862730650e+01 3.287396653750737840e+01 3.648098654046673062e+01 3.943195319377109342e+01 4.161664550946004937e+01 4.297367995999313450e+01 4.357080190685695698e+01 4.352995093802081072e+01 4.301437201470313454e+01 4.219373238468827481e+01 4.121062373215470132e+01 4.015544965284673395e+01 3.905631594344956170e+01 3.787546899393010591e+01 3.653607068391639956e+01 3.494139132509290135e+01 3.300537490274869157e+01 3.067807811852982880e+01 2.796223936353066719e+01 2.492273981934415161e+01 2.165970423367600617e+01 1.831956491099998274e+01 1.505430676685538138e+01 1.200355675025640423e+01 9.276812950701920357e+00 6.946384776559267671e+00 5.031560771358694062e+00 3.525069688132400181e+00 2.387549109352046006e+00 1.563808941927673279e+00 9.889100019417502718e-01 6.039830460159727465e-01 3.561943786496470921e-01 2.029760995476128649e-01 1.115506607727147353e-01 5.916538604746215957e-02 3.031330271190295703e-02 1.497010715662824495e-02 7.132355070614854187e-03 3.282073118983797576e-03 1.455117538540202362e-03 6.222387012694880100e-04 2.569799055607789855e-04 1.022154836355189855e-04 3.920708999767462220e-05 1.452435667035793491e-05 5.147150732020821802e-06 1.772697779749360389e-06 5.877011762947127586e-07 1.881872563822917160e-07 5.799622818076441309e-08 1.723140712912847009e-08 4.945239152864953198e-09 1.365589060391158808e-09 3.642716766174788865e-10 9.348195962382011675e-11 2.317569980043531690e-11 5.526731017083872657e-12 1.273323854952864149e-12 2.821469520226211055e-13 6.040618347848647640e-14 1.243628531991804843e-14 2.474034226006672619e-15 4.732196776581324785e-16 8.747084193687454244e-17 1.554339910078601456e-17 2.669383964051476755e-18 4.418893051463088921e-19
1.045271940257740517e-06 3.140079259143055450e-06 9.094432672920706656e-06 2.539518883078103882e-05 6.837333265771312039e-05 1.777567423661046482e-04 4.449577790952242095e-04 1.074082638915399178e-03 2.500399099403049531e-03 5.613877567925300294e-03 1.215712099982226013e-02 2.539501128279633008e-02 5.122842702640712648e-02 9.959279880285132336e-02 1.868219971473508711e-01 3.381947406775779874e-01 5.908909123249763695e-01 9.965998852024258170e-01 1.622890046019448418e+00 2.552149450587254620e+00 3.876866005319591579e+00 5.690368140591982815e+00 8.072991984815725885e+00 1.107492685495399698e+01 1.469845932030530022e+01 1.888353802280088445e+01 2.350098963932395435e+01 2.838701122866419624e+01 3.323901616666201164e+01 3.782516765825564420e+01 4.189943200633145892e+01 4.526480521039822236e+01 4.779904245591767165e+01 4.946620347957706088e+01 5.031128154056379742e+01 5.043936978324953202e+01 4.998470163211653272e+01 4.907736256502834493e+01 4.781582398553852187e+01 4.625426735647594256e+01 4.439233733554350891e+01 4.220331522959727266e+01 3.964801961435963307e+01 3.670264111726073253e+01 3.337994320654373581e+01 2.974062059813062575e+01 2.589836716592827770e+01 2.198352206226172711e+01 1.815886956172944977e+01 1.457361830996599750e+01 1.134948627185114844e+01 8.567643734876220662e+00 6.267193021412091447e+00 4.434982619463697873e+00 3.035766514974675534e+00 2.009082653912515504e+00 1.285936650080552024e+00 7.946846419754889368e-01 4.743397097712021560e-01 2.734013400667056892e-01 1.522799275343080239e-01 8.180071920677281505e-02 4.240886262452933653e-02 2.124010389976955029e-02 1.025372508337024126e-02 4.775689688582508349e-03 2.148448229756862258e-03 9.263280859601516742e-04 3.871747775016114905e-04 1.562992933097631849e-04 6.076811232087302579e-05 2.278415113599938007e-05 8.250815653366927666e-06 2.876670799247613542e-06 9.687237382996646548e-07 3.140180659444147609e-07 9.831992177576223279e-08 2.962745016643108419e-08 8.607222682573142915e-09 2.415441362482290379e-09 6.522062463639498860e-10 1.701235614470349604e-10 4.269029597246335741e-11 1.034937879235228729e-11 2.413333810724668009e-12 5.437168500660959201e-13 1.178097362774172145e-13 2.466469930499337155e-14 4.965469374741845187e-15 9.659770222276289242e-16 1.806764450460139445e-16 3.265844969751112462e-17 5.674891952356317874e-18 9.530539996414269713e-19 1.542819953135537000e-19
5.281720678031144787e-07 1.625081836205165019e-06 4.820545177958612311e-06 1.378653275014338791e-05 3.801633527830607112e-05 1.012282833305047831e-04 2.595177056879985583e-04 6.415845163696464251e-04 1.529637633134422851e-03 3.517221099327972993e-03 7.800433691165988004e-03 1.668709279639560630e-02 3.447430378533601625e-02 6.863407575473973177e-02 1.318429998639452927e-01 2.444002175185001069e-01 4.372547869387325425e-01 7.551367135069517733e-01 1.259082193566678498e+00 2.027269089414521552e+00 3.152849408822499200e+00 4.737538192672971604e+00 6.880252920264451788e+00 9.661154634497153282e+00 1.312289759123189725e+01 1.725240138409873936e+01 2.196749817226910295e+01 2.714535635000046909e+01 3.250115053094317119e+01 3.780101547040457888e+01 4.276800549082739167e+01 4.714790835486530796e+01 5.074119885273010055e+01 5.342440828382961371e+01 5.515615527203038226e+01 5.596706691112446208e+01 5.593713308524662864e+01 5.516733109243870103e+01 5.375359168312550651e+01 5.177344032338276492e+01 4.926903276902812223e+01 4.627406462276700694e+01 4.281913185049015880e+01 3.895297914634394942e+01 3.475643319871598180e+01 3.034699641281022053e+01 2.587942840843631487e+01 2.150279568348201664e+01 1.738199171833266021e+01 1.365033354424062040e+01 1.040164542112765389e+01 7.683170956136799568e+00 5.499619580326014834e+00 3.808327482353313531e+00 2.551005182895827339e+00 1.652184831458947567e+00 1.034971883820507976e+00 6.259676748439111371e-01 3.656852766355916939e-01 2.062960422320428422e-01 1.124681596163644298e-01 5.913374881625792917e-02 3.000781449768989348e-02 1.471144734367003937e-02 6.951744633980537491e-03 3.169331562297379289e-03 1.388531179614359767e-03 5.889912085203349770e-04 2.409827244409848662e-04 9.523341208974400284e-05 3.624527445292059113e-05 1.330318384371728434e-05 4.716115480036970317e-06 1.609650418256759560e-06 5.306551944533801538e-07 1.683940694991504057e-07 5.161668970492091095e-08 1.522676262783060261e-08 4.330551759995672278e-09 1.189761213617714370e-09 3.144988545098256592e-10 8.031289406096933279e-11 1.972986269618272389e-11 4.682727221774839143e-12 1.069002630523654939e-12 2.357904953147855824e-13 5.001654473538606453e-14 1.025185407962797121e-14 2.020540875950581860e-15 3.848307315945599481e-16 7.046712642965047548e-17 1.247031286301656140e-17 2.121399307933503566e-18 3.488027431363031490e-19 5.528094651127473102e-20
1.519434965705461189e-07 5.000380054929975132e-07 1.572784398734457343e-06 4.763291326236028137e-06 1.389104868445777775e-05 3.907049127541527690e-05 1.056556170460382516e-04 2.751637088100041071e-04 6.901927201825085265e-04 1.667472220395944255e-03 3.880494764779472347e-03 8.699422071568426590e-03 1.881083606823601151e-02 3.914313234990991069e-02 7.848861689411962272e-02 1.516753606079225825e-01 2.825148084431937656e-01 5.072872662005424305e-01 8.782774728056275126e-01 1.466441336087469072e+00 2.361875381280705621e+00 3.670538378032435212e+00 5.505856908058738952e+00 7.974611555496670334e+00 1.115787734968638567e+01 1.508956373782861249e+01 1.973677720642775313e+01 2.498715363559750458e+01 3.064787310231315942e+01 3.645901612256413671e+01 4.212055216614363218e+01 4.732846415747523849e+01 5.181255295608162470e+01 5.536748134756627593e+01 5.787017046662234065e+01 5.928042666507866443e+01 5.962648038675167328e+01 5.898134184589109452e+01 5.743806718944336609e+01 5.507892617407947000e+01 5.201506505512855227e+01 4.832468274840824307e+01 4.410401594121977098e+01 3.947015291831929318e+01 3.456772288934116943e+01 2.956655323661182067e+01 2.465726234462702493e+01 2.000276881113600780e+01 1.576400081750650806e+01 1.205269028794565500e+01 8.929791502985374052e+00 6.404963414875088468e+00 4.446440716508322843e+00 2.982273541148568796e+00 1.932452784725985584e+00 1.209181714391854401e+00 7.309226635242819237e-01 4.260205295849915363e-01 2.395354900269805742e-01 1.298924509876524247e-01 6.798711704118912125e-02 3.427318163133385998e-02 1.665402487118125552e-02 7.808711177269742586e-03 3.524275893836610954e-03 1.532631164097602054e-03 6.430334523757990327e-04 2.595730741996214123e-04 1.009369348600578530e-04 3.786536957933652608e-05 1.366149508109179956e-05 4.747180611409464324e-06 1.591383115614992901e-06 5.129013416690128674e-07 1.594794156476798701e-07 4.766597900567843746e-08 1.374486958211230838e-08 3.778757352443183685e-09 1.008062125863465910e-09 2.594703964726932715e-10 6.416896476604616809e-11 1.531270460838033541e-11 3.510292710947927181e-12 7.765240641997457230e-13 1.649915113046927901e-13 3.383152046701724618e-14 6.662071904647055203e-15 1.266151257581696452e-15 2.310598235413544590e-16 4.069947823426415859e-17 6.882593538073035735e-18 1.123516920156360619e-18 1.760531005899785483e-19 2.663250178734753372e-20 3.878428154837212994e-21
7.623742164957111934e-09 2.946248518790987046e-08 1.090949884493247284e-07 3.870718145502264619e-07 1.315976678925911490e-06 4.295054498499134996e-06 1.340908970334109222e-05 4.012050046704404311e-05 1.150525696111347987e-04 3.162411510171853936e-04 8.380948126426408448e-04 2.116345630850823348e-03 5.130447753973346216e-03 1.190867719952139192e-02 2.650723259254706560e-02 5.658653249249796791e-02 1.158702448690957509e-01 2.276206343568635271e-01 4.290549176485319305e-01 7.761904954184282168e-01 1.347984708311999569e+00 2.247953411882128716e+00 3.600983428355995386e+00 5.543170947833380602e+00 8.203565125346759856e+00 1.167877765693304681e+01 1.600419680639326003e+01 2.112817332082693156e+01 2.689686411161121171e+01 3.305640225170090929e+01 3.927538369793290940e+01 4.518508664112470541e+01 5.042915918700654743e+01 5.471093338760795177e+01 5.782672165418572519e+01 5.967770788167879914e+01 6.025995679115089132e+01 5.963902684277267952e+01 5.791997152198342746e+01 5.522835244307636060e+01 5.168120589544514587e+01 4.741450197402843969e+01 4.257802392801849578e+01 3.734839025163154247e+01 3.193051742194119313e+01 2.654732457386907996e+01 2.142679064581577464e+01 1.674576520807150004e+01 1.263227738323707428e+01 9.216407385053766887e+00 6.485189530226212362e+00 4.396734862064362481e+00 2.871579879690696391e+00 1.803125248591496810e+00 1.088598715969701702e+00 6.315949177801202241e-01 3.523443072194152870e-01 1.885935044267027516e-01 9.690996994338892112e-02 4.779532890916558113e-02 2.264636193943390594e-02 1.028322950817640163e-02 4.479136163394693490e-03 1.873819042550448934e-03 7.507773722356120153e-04 2.884464269140565515e-04 1.064209304637633304e-04 3.758599653843108698e-05 1.272564547275749602e-05 4.137346556078869012e-06 1.287130568940713793e-06 3.837891850604116396e-07 1.098900886653972815e-07 3.009728212414697078e-08 7.916025580321380935e-09 1.991110690987564870e-09 4.809685874640510503e-10 1.110854640374843549e-10 2.458315216708422602e-11 5.225084966926757440e-12 1.061555899843741047e-12 2.071576820995953918e-13 3.863435275972015695e-14 6.921357868363162244e-15 1.184805006486017253e-15 1.948438024721316223e-16 3.026171677820220305e-17 4.566758365538381830e-18 6.582848059700075990e-19 9.117766745609568474e-20 1.206101752682724524e-20 1.533180042338164416e-21 1.861033243368905294e-22 2.171076586307969202e-23 2.426379048153690052e-24
3.750394301092983974e-10 1.710883221294748241e-09 7.442427327355915321e-09 3.087286171343153892e-08 1.221310270679584482e-07 4.616920909759259093e-07 1.661143084991236575e-06 5.700539492964046731e-06 1.865976287202483717e-05 5.826492212408944447e-05 1.735608692571530319e-04 4.932604067026805702e-04 1.339585788475174382e-03 3.466159308311593176e-03 8.559363042096559265e-03 2.017463118806257089e-02 4.539463522179949806e-02 9.752373463783374496e-02 2.000807257337162137e-01 3.920881970585031739e-01 7.340996317750028144e-01 1.313547972696571753e+00 2.247011681821111218e+00 3.676281050438443554e+00 5.755254888001750224e+00 8.626250703682893928e+00 1.238740986090241414e+01 1.705691224876657586e+01 2.254324910023661488e+01 2.863198773586184132e+01 3.499688958033219421e+01 4.123689362027452887e+01 4.693218776213478804e+01 5.170558237264991419e+01 5.527290162804428064e+01 5.746968144275042789e+01 5.824997335410023425e+01 5.766297315336768747e+01 5.582020933313692268e+01 5.287246858246358272e+01 4.897491254323609411e+01 4.431380373724062594e+01 3.909629411317740733e+01 3.355797836732717343e+01 2.795605986643617413e+01 2.254972879678643238e+01 1.757938645594476057e+01 1.320890598447488884e+01 9.552901340934608854e+00 6.640063716949401673e+00 4.430416816039292272e+00 2.834716291419575374e+00 1.739169058937622747e+00 1.020905652085714932e+00 5.734579390251555164e-01 3.080917675825342039e-01 1.584181714903918625e-01 7.777488434200906242e-02 3.648267152457852769e-02 1.634703297525501656e-02 7.004626225812137126e-03 2.862276935499999918e-03 1.116604439362876150e-03 4.164478365101033385e-04 1.480207956492084198e-04 5.020887187015922389e-05 1.628015127193037967e-05 5.028201543889145492e-06 1.459138293429606882e-06 4.107579161975979280e-07 1.100933831067369029e-07 2.814668569835901056e-08 6.878873203811213201e-09 1.600024501286730324e-09 3.557796340054381117e-10 7.527540385383905380e-11 1.522642416782979170e-11 2.929977327005632754e-12 5.376373578551315667e-13 9.432756718653122540e-14 1.573887143496605042e-14 2.511144918813677364e-15 3.809515020486306847e-16 5.526794616750625382e-17 7.622431183853312958e-18 1.005459650431162694e-18 1.260583330011677263e-19 1.511739497881000672e-20 1.722817992323314942e-21 1.878234576805468241e-22 1.945540576828183188e-23 1.928101708249201416e-24 1.815198360141439388e-25 1.635196944665355369e-26 1.404437343283695996e-27
5.085004035165428033e-11 2.565088811748539309e-10 1.230534940311143338e-09 5.614137730584001333e-09 2.436062371390570984e-08 1.007533010400619409e-07 3.954819472746928512e-07 1.476649047642974149e-06 5.244908574279665227e-06 1.772303166824615674e-05 5.697837568877673486e-05 1.742970545455368309e-04 5.081759951549238855e-04 1.407671777777490946e-03 3.711341741924126247e-03 9.314483008734435188e-03 2.225604731811792192e-02 5.063729831955104954e-02 1.097256353031395015e-01 2.264930024962538979e-01 4.454707998401007396e-01 8.350796290015827239e-01 1.492549853281000427e+00 2.544466957107787586e+00 4.139417194116687071e+00 6.429891224194278720e+00 9.543047388092217531e+00 1.354399205442603993e+01 1.839975133377409122e+01 2.395508442664218052e+01 2.993066204537490904e+01 3.594897472483084755e+01 4.158479471930048987e+01 4.642828791365761276e+01 5.014390928227349065e+01 5.250967803052052574e+01 5.342903809909781643e+01 5.291789119310158185e+01 5.107769181774631306e+01 4.807337933368957295e+01 4.409426067688080053e+01 3.931216703274980517e+01 3.410276243463358270e+01 2.868891681130467930e+01 2.335085332393869351e+01 1.834689949516050334e+01 1.389191018975516734e+01 1.010866672895163454e+01 7.059976527608531782e+00 4.725734705147511150e+00 3.028102099147437443e+00 1.855548117223556392e+00 1.087392255454419088e+00 6.079945479396828834e-01 3.244185367948226872e-01 1.651188185170796019e-01 8.022254987322118003e-02 3.711023582668356025e-02 1.635797383632084032e-02 6.869049049971040662e-03 2.751250801777324877e-03 1.047918046723246262e-03 3.800256236402363300e-04 1.314168495004209929e-04 4.318852188730811610e-05 1.350856602707455609e-05 4.028611134492568086e-06 1.141171680615066146e-06 3.075763520478341811e-07 7.904128053995736108e-08 1.928455504667088415e-08 4.475946877803606959e-09 9.905589285470449806e-10 2.080455917322895958e-10 4.166597728813183653e-11 7.917391960959295304e-12 1.434692725477811689e-12 2.466116258611312930e-13 4.031401353567901819e-14 6.285377114509704127e-15 9.292732697171405258e-16 1.310482435815031565e-16 1.752129370930320873e-17 2.234718914631930427e-18 2.701718598638307816e-19 3.116218835923308079e-20 3.406370864345748631e-21 3.552856890531611721e-22 3.511214442402995301e-23 3.311402290155046597e-24 2.958556283592757870e-25 2.522769156144221666e-26 2.037555391168855861e-27 1.570823573700605162e-28 1.151501880146810053e-29
1.480264828338682740e-11 7.851706797582881763e-11 3.956132148435929602e-10 1.893548624551951332e-09 8.609927068848547465e-09 3.727510553656933738e-08 1.529693451802615340e-07 5.964488717117431026e-07 2.209793189951910625e-06 7.779802615018791736e-06 2.640972071329669767e-05 8.392391840551793880e-05 2.539064496093090709e-04 7.289483966745357625e-04 1.989565549288848777e-03 5.163131942955998498e-03 1.274159868849437070e-02 2.990618383233144273e-02 6.677365074790440891e-02 1.418564053126517566e-01 2.868134976889303300e-01 5.520540635143024177e-01 1.011907647396718568e+00 1.767051437001533998e+00 2.941101848829160481e+00 4.668374619384634272e+00 7.071398168806059203e+00 1.022997553477788202e+01 1.414771905510211170e+01 1.872540937347467604e+01 2.375126938617481898e+01 2.891498677844793619e+01 3.384547029418607167e+01 3.816429357300875580e+01 4.154108750034029640e+01 4.373662593992875003e+01 4.462446173461007959e+01 4.419029335173313910e+01 4.251570239032700727e+01 3.976100577189864538e+01 3.612624075675698521e+01 3.186098098196165296e+01 2.723425100091219875e+01 2.252092277005670340e+01 1.798002633474314038e+01 1.383056590187903012e+01 1.023542281431586431e+01 7.268055683492011809e+00 4.946378197799016441e+00 3.222020711764356005e+00 2.006525750615180570e+00 1.193490645324985833e+00 6.781026461597663424e-01 3.671363296044194424e-01 1.894668430455914432e-01 9.315557543432184673e-02 4.367218723630066773e-02 1.946990805631359372e-02 8.261362535454539607e-03 3.335508929082386595e-03 1.283094297936859460e-03 4.687971938561758672e-04 1.628896591600486655e-04 5.391115201060325514e-05 1.693591795666151944e-05 5.057755640248227354e-06 1.438599765471342679e-06 3.881831465917282200e-07 9.954887237706034197e-08 2.431456186601173492e-08 5.631381728783711663e-09 1.239312389040348926e-09 2.597773593789891222e-10 5.161392846055366249e-11 9.768187708954893821e-12 1.751861605333822031e-12 2.992955874714821349e-13 4.844386133245239542e-14 7.448420192106193550e-15 1.091097887762187098e-15 1.513764093795159202e-16 1.951267218183678122e-17 2.440951537830718091e-18 2.909835746307162885e-19 3.283924766603451596e-20 3.532119657214378949e-21 3.595897678319704634e-22 3.489390614405707903e-23 3.204334696256465148e-24 2.805119121282363282e-25 2.323425706319439512e-26 1.834796477938932708e-27 1.370662545114737458e-28 9.763661830586470099e-30 6.605656591852136418e-31
2.973904803863065560e-12 1.698457567840353302e-11 9.196212495039806649e-11 4.720703521855432298e-10 2.297556162851778709e-09 1.062697199667062034e-08 4.649629691757521096e-08 1.929098142617212811e-07 7.590030277597793711e-07 2.832139477349900320e-06 1.002303836805072950e-05 3.364595339130016586e-05 1.073270040842537931e-04 3.242097303028673326e-04 9.292291226053654794e-04 2.527283534971655476e-03 6.523509119197421283e-03 1.615537880930362213e-02 3.755610867712644296e-02 8.290557922955751891e-02 1.738334261281515303e-01 3.463005821673960094e-01 6.556751391744095603e-01 1.180349543110308375e+00 2.021254976085292032e+00 3.294277506958361634e+00 5.113446527822668841e+00 7.565231475514691439e+00 1.067801145386257033e+01 1.439449498242991510e+01 1.855665934716888188e+01 2.291103605959797562e+01 2.713667943900220791e+01 3.089069169407031978e+01 3.385994313101662812e+01 3.580563883057983787e+01 3.659068422764951833e+01 3.618668379494512521e+01 3.466431494346864639e+01 3.217891688435524600e+01 2.893210203350599841e+01 2.517409662811171600e+01 2.116848532023927731e+01 1.717280342289977213e+01 1.341495106554680738e+01 1.007172853647524313e+01 7.258152833560287398e+00 5.007165611862698817e+00 3.303400257042313548e+00 2.081487656214924264e+00 1.251271402616072059e+00 7.169516209160462505e-01 3.916241757733560092e-01 2.034219999909273324e-01 1.005134095768257518e-01 4.722229508755183131e-02 2.111313791154387567e-02 8.958227626015441772e-03 3.610384870961225786e-03 1.381789984712680341e-03 5.029094096370778991e-04 1.734871926670760063e-04 5.680207262330648005e-05 1.768140652547530288e-05 5.213295491522842493e-06 1.458362587356842915e-06 3.878255590030853008e-07 9.763759943263204873e-08 2.331527637395560573e-08 5.292784152912108037e-09 1.136942231379376831e-09 2.316064234962036244e-10 4.485510918206401805e-11 8.216886155157208523e-12 1.431138138807314766e-12 2.357117373749026201e-13 3.691441765395624043e-14 5.465539926533639548e-15 7.671830911951390724e-16 1.024103595241897501e-16 1.292005694704816675e-17 1.550284311118896954e-18 1.757683176490716158e-19 1.895600843226341174e-20 1.931278735965380917e-21 1.871860262964353215e-22 1.663414571255663423e-23 1.447881686433351286e-24 1.190097341543332579e-25 9.308416597680714093e-27 6.873872574290323235e-28 4.830924668033336568e-29 3.204854745883999037e-30 2.023718907925235685e-31 1.211319795733437789e-32
3.156199059990159574e-14 2.318478673450753291e-13 1.602462226002467264e-12 1.042162743159654044e-11 6.377712603405757865e-11 3.682510410339641601e-10 1.995533892768837995e-09 1.017707320660990192e-08 4.884972975746318386e-08 2.207020915747343796e-07 9.386169288039270139e-07 3.757890555565417988e-06 1.419315580162131051e-05 5.036948084295976715e-05 1.683314160422737910e-04 5.298203423764989706e-04 1.570803188512383177e-03 4.387501683094218591e-03 1.154777436275658369e-02 2.864575935588469652e-02 6.699063899894705520e-02 1.477367893365857388e-01 3.073515510597143452e-01 6.034390302671246431e-01 1.118653455230824267e+00 1.959190429807151856e+00 3.244013406625425588e+00 5.082553582632716171e+00 7.542547313092162753e+00 1.061505888177713786e+01 1.418818159648735744e+01 1.804142597289537164e+01 2.186766069823647740e+01 2.531989245688765067e+01 2.807040000741807972e+01 2.986490313823246368e+01 3.055730940296096065e+01 3.011948242484301019e+01 2.863022347419108371e+01 2.625717821084136361e+01 2.321557671724878347e+01 1.976606688679951773e+01 1.617623321188757046e+01 1.269709509318626672e+01 9.536633767807733975e+00 6.838499720047177100e+00 4.674697741997887235e+00 3.037009083028970213e+00 1.873120439470098431e+00 1.095238911985462193e+00 6.064146668160486087e-01 3.176342644015949790e-01 1.574420302688848694e-01 7.364151359246534634e-02 3.251941218809083212e-02 1.355125261831952900e-02 5.334655027153707013e-03 1.977583275695675696e-03 6.911085803813398409e-04 2.276335746892856147e-04 7.078071219857571834e-05 2.038071704066604100e-05 5.610076506834167348e-06 1.457532926761067814e-06 3.558882505021738561e-07 8.182527186214185462e-08 1.775571225367392474e-08 3.618975248008734711e-09 6.943783623904110077e-10 1.257477995171528097e-10 2.137895707375378247e-11 3.420977129928597540e-12 5.167147934316821464e-13 7.323880170429784999e-14 9.799595777508889374e-15 1.230114800327088068e-15 1.457826161406128457e-16 1.620402633208363585e-17 1.694679346000265547e-18 1.673606462063749991e-19 1.549581255889242895e-20 1.354983561229457212e-21 1.110568667913554702e-22 8.597579058703874335e-24 6.237320045101603940e-25 4.274671000073095828e-26 2.744733754298794296e-27 1.665123014397615880e-28 9.462133990653084912e-30 5.080987899287133783e-31 2.555109051926282419e-32 1.214385093027316554e-33 5.403966630876035573e-35 2.273136201063176138e-36 8.995681518641713763e-38
1.030633229250859192e-18 1.362358190335512053e-17 1.664300823119297271e-16 1.879070491023857731e-15 1.960848894641194214e-14 1.897761847264083202e-13 1.691745724958730525e-12 1.394081085862024014e-11 1.062010551499144537e-10 7.479779959756816573e-10 4.870828372406159833e-09 2.932983558276103239e-08 1.637464792678519943e-07 8.432327313829956561e-07 4.016633557135019885e-06 1.770018537020568632e-05 7.217122172972211826e-05 2.723331041818234156e-04 9.512134803526801734e-04 3.076108478579770572e-03 9.212830970640835046e-03 2.556198955331174041e-02 6.573157194159967576e-02 1.567222572700036065e-01 3.466603112860824898e-01 7.118436842068786019e-01 1.358086143535530699e+00 2.409739505420061434e+00 3.981588305742871370e+00 6.165738199548869147e+00 8.871444148218596837e+00 1.195666951862197358e+01 1.513857493185888359e+01 1.806703877625992405e+01 2.040138228397332654e+01 2.188364792867839270e+01 2.238137467910820178e+01 2.189072103110655121e+01 2.051149107362542523e+01 1.841846866779793146e+01 1.582167425321455489e+01 1.296702355748998770e+01 1.010277766377197395e+01 7.453158059693245185e+00 5.186466774998660156e+00 3.392568981365579717e+00 2.081455475639690800e+00 1.193057617384179370e+00 6.380312112769185307e-01 3.178373913450895927e-01 1.472943706104306028e-01 6.343541932207462375e-02 2.540456790214169411e-02 9.427688742754935722e-03 3.244541922918525983e-03 1.035029514961608105e-03 3.065287912795720609e-04 8.393416908416099240e-05 2.128235584592193984e-05 4.995833881616623116e-06 1.088067849649499524e-06 2.187997140584634799e-07 4.071012014002501874e-08 7.026844771574493271e-09 1.118968751153225564e-09 1.648062475997520941e-10 2.251849482300054579e-11 2.836714386522019722e-12 3.304231635851749616e-13 3.570955200962533865e-14 3.555943718674148928e-15 3.273525094356255641e-16 2.796484440177124491e-17 2.200064976981250725e-18 1.606412113284340294e-19 1.079844004284810824e-20 6.738026891073746525e-22 3.869449972002249709e-23 2.053635212761854056e-24 1.011996867997704097e-25 4.587561358954552268e-27 1.931291589534867659e-28 7.477104506478679380e-30 2.688853845393597199e-31 8.889890205232897313e-33 2.730621652028040939e-34 7.709043117695798131e-36 2.022393086439307353e-37 4.875116342567765043e-39 1.092251954995577190e-40 2.248005217236555371e-42 4.301146846504321353e-44 7.557736367335309211e-46 1.234830129787961627e-47 1.864474438099609617e-49
1.189065660956512649e-23 2.977160831164650826e-22 6.755988184412339011e-21 1.389576381951303517e-19 2.590607398210875868e-18 4.396635728389395131e-17 6.734262471640256831e-16 9.350929890190010455e-15 1.177181563475541980e-13 1.343655846582594761e-12 1.390671249267992581e-11 1.305247942649726982e-10 1.114640985466786222e-09 8.604872316656341037e-09 6.026154470790194986e-08 3.829024272876808541e-07 2.207815515880522846e-06 1.155446417968668183e-05 5.489687284506877569e-05 2.368481278135005125e-04 9.282165107118566395e-04 3.305528072402454977e-03 1.070109312141038702e-02 3.150867354898071598e-02 8.443271852042846803e-02 2.060592273135899433e-01 4.584283788262225046e-01 9.307775059928770078e-01 1.727203128911951158e+00 2.934714611936799500e+00 4.576588511447527097e+00 6.570355718614210971e+00 8.717152247730156844e+00 1.073878977194084783e+01 1.235239463205488697e+01 1.334766547185334673e+01 1.362967559918090110e+01 1.321438618957307831e+01 1.219491234835996174e+01 1.071098608924211604e+01 8.922171731618899315e+00 7.013743736154050445e+00 5.171850557403516291e+00 3.555897329715910438e+00 2.267365416950598789e+00 1.334763718376361208e+00 7.235381711685285877e-01 3.594504921707669665e-01 1.634388441025746985e-01 6.789854973732702137e-02 2.573757500104685916e-02 8.771787866455167670e-03 2.761850592827558466e-03 7.900091948603115257e-04 2.055311009074871538e-04 4.861058226836654898e-05 1.047313876876354913e-05 2.045116272003599322e-06 3.626790096330521167e-07 5.839583176038385042e-08 8.560861153261933084e-09 1.135746535871200584e-09 1.367263099293428574e-10 1.498564329285908249e-11 1.485047876544320762e-12 1.334878297569327388e-13 1.092544107016487755e-14 8.078811929382595716e-16 5.417148355731646380e-17 3.308085186057750369e-18 1.823895365047997005e-19 9.116939019826325469e-21 4.151419766499798050e-22 1.705660335687056705e-23 6.385218372978754878e-25 2.155947023597454074e-26 6.634126231271078401e-28 1.840541260009694877e-29 4.628099697267764815e-31 1.060956966667076161e-32 2.191662740303493604e-34 4.128537093433851853e-36 7.005636380901486155e-38 1.084320436166851758e-39 1.511289899028537135e-41 1.921815308365847441e-43 2.199932436002562456e-45 2.298255517329014387e-47 2.160613139541088873e-49 1.854242772556321142e-51 1.431540503541712850e-53 1.009189943955703617e-55 6.398069028005908569e-58 3.704929759846216550e-60 1.944548896452998435e-62
6.689560484776515870e-227 9.725180218850609653e-214 5.590374700643056255e-201 1.270654164963392080e-188 1.141976054335880107e-176 4.224378466126746272e-165 5.927340076310445803e-154 3.288516740280480771e-143 7.214121550749772462e-133 6.257632305871725952e-123 2.146247552945842024e-113 2.910668680434174268e-104 1.608600148047426126e-95 3.405873100717392564e-87 2.851359769913013521e-79 1.160973934784392800e-71 1.502382881999410358e-64 7.687446316480019491e-58 1.555346081389860747e-51 1.244273430076200736e-45 3.935947607389511926e-40 4.922995362919554734e-35 2.434785072562370218e-30 4.761602168996599487e-26 3.682393386133288767e-22 1.126277097325654274e-18 1.362763686777165182e-15 6.527333144187047837e-13 1.239454210202769196e-10 9.361917378134999074e-09 2.834400506954575379e-07 3.499662275624744588e-06 1.831260403133923894e-05 4.409160743071238676e-05 5.732455168945366447e-05 5.171446638603802496e-05 4.255712896666792420e-05 3.866705889411558493e-05 3.976562038884647211e-05 3.916409903261400472e-05 2.812027585028045536e-05 1.138458755655043715e-05 2.194471701582081530e-06 1.838273478439131499e-07 6.389443456296848799e-09 9.001603417111266358e-11 5.123169386189712305e-13 1.152213102769488764e-15 1.028160123793390697e-18 3.634155212729973208e-22 5.083802161814528729e-26 2.813348638024836077e-30 6.264341036529488178e-35 5.429723308456476378e-40 1.861023242017516189e-45 2.522225279726208314e-51 1.382956577777140462e-57 2.934658543169347446e-64 2.462361679528136658e-71 8.169403670401479283e-79 1.102781127867488425e-86 5.728409053747289920e-95 1.176581601135976319e-103 9.874748894879138964e-113 3.175554426388239509e-122 4.037906582838973269e-132 2.107001667446921533e-142 4.194758439668850418e-153 3.302115221277388913e-164 1.071285875579689302e-175 1.320371076596999829e-187 6.434722354962735556e-200 1.297918743293335983e-212 9.903453559101825000e-226 3.136510366118756595e-239 3.747065174946285181e-253 1.863346711643367555e-267 3.485327120534534319e-282 2.577725137612308088e-297 5.105652548249938494e-313 0.000000000000000000e+00 0.000000000000000000e+00 0.000000000000000000e+00 0.000000000000000000e+00 0.000000000000000000e+00 0.000000000000000000e+00 0.000000000000000000e+00 0.000000000000000000e+00 0.000000000000000000e+00 0.000000000000000000e+00 0.000000000000000000e+00 0.000000000000000000e+00 0.000000000000000000e+00 0.000000000000000000e+00 0.000000000000000000e+00
4.646416582307427384e-233 1.030821792188773273e-219 6.191564948515904192e-207 1.470484880434379836e-194 1.380905573759361527e-182 5.337931457289993678e-171 7.826075048578535734e-160 4.536890656933271233e-149 1.039958252515454002e-138 9.425768904599237582e-129 3.378010223008833115e-119 4.786834604923133359e-110 2.764443136782212112e-101 6.115933206443924577e-93 5.350090346989820204e-85 1.850558562026100219e-77 2.530975496615751068e-70 1.368726135548093734e-63 2.926772458172643052e-57 2.474604098199567783e-51 8.273097831283950306e-46 1.093651879700573401e-40 5.716692348773534918e-36 1.181623391261198465e-31 9.658554946354550391e-28 3.122558685544243650e-24 3.994116922764910793e-21 2.022852701268826122e-18 4.063006812031981062e-16 3.248037272861176729e-14 1.041549260022294493e-12 1.362783687503736533e-11 7.548163553055299967e-11 1.912052332298076143e-10 2.575436188920912633e-10 2.355480840172020828e-10 1.946804674961049957e-10 1.787027047999219847e-10 1.827012866418639074e-10 1.684214350223406811e-10 1.047928320186739519e-10 3.473648939866158663e-11 5.315807756783597595e-12 3.483414668883856005e-13 9.407411836552354432e-15 1.026652527068005191e-16 4.522124402947083564e-19 7.863820292922432491e-22 5.424653893346594115e-25 1.482172484791747226e-28 1.602743381982258250e-32 6.856179838976524177e-37 1.180574954666827807e-41 7.910200215734694617e-47 2.095829706392952363e-52 2.195757651262799692e-58 9.310615885413306847e-65 1.527305288470105174e-71 9.906473211508688759e-79 2.540720473028931438e-86 2.652327510245338865e-94 1.065053914151409114e-102 1.310755028615614670e-111 8.411105155736927080e-121 2.067258849505575894e-130 2.009000175546613891e-140 8.015238387623197294e-151 1.219571145477944642e-161 7.337382011171827885e-173 1.820046375198299312e-184 1.714438876370487313e-196 6.385646126021186081e-209 9.848067414665577979e-222 5.743007895280831329e-235 1.390683009963919449e-248 1.269761362842013246e-262 4.827846056618159557e-277 6.901649995479279958e-292 3.901177739167226842e-307 9.387247270983684339e-323 0.000000000000000000e+00 0.000000000000000000e+00 0.000000000000000000e+00 0.000000000000000000e+00 0.000000000000000000e+00 0.000000000000000000e+00 0.000000000000000000e+00 0.000000000000000000e+00 0.000000000000000000e+00 0.000000000000000000e+00 0.000000000000000000e+00 0.000000000000000000e+00 0.000000000000000000e+00 0.000000000000000000e+00 0.000000000000000000e+00
1.918490921361132660e-233 3.027210997156372250e-220 1.888725853768586885e-207 4.659490672122684907e-195 4.545181776880516689e-183 1.825135103413606326e-171 2.779555977144251121e-160 1.673782874924945719e-149 3.985346667097899012e-139 3.752117057148627861e-129 1.396786226037333926e-119 2.056017474606352966e-110 1.233447873902588955e-101 2.834557574812084954e-93 2.575687044632249865e-85 9.254315005424962141e-78 1.314737142051785494e-70 7.385455014382494663e-64 1.640437471727462246e-57 1.440744965024802157e-51 5.003356704704176833e-46 6.870475854467042368e-41 3.730540744128836466e-36 8.010039269771301550e-32 6.801647141095079769e-28 2.509688372135415245e-24 3.297798441761906435e-21 1.716228871997001945e-18 3.543721900092636703e-16 2.914355123064506319e-14 9.623788291359742628e-13 1.298104343640466278e-11 7.414266314720898563e-11 1.931583907531236199e-10 2.652904714459121201e-10 2.444222007800236641e-10 2.032403551580977563e-10 1.888400315626884897e-10 1.899848224973875064e-10 1.604875105640176019e-10 8.493956918243278049e-11 2.281144849112449667e-11 2.757720895505543021e-12 1.410489315116824579e-13 2.956600873342887821e-15 2.498050699752510774e-17 8.512581950431383826e-20 1.144243992050006424e-22 6.100219616424515390e-26 1.288059180556552124e-29 1.076367700329717993e-33 3.558289475650662702e-38 4.736866935383604178e-43 2.452761900657613650e-48 5.022234221630657925e-54 4.066308549522756201e-60 1.333037774103724203e-66 1.689922871806406934e-73 8.471056282028055878e-81 1.679009488802559010e-88 1.355106036141010634e-96 4.205288265520161379e-105 5.160143863374851005e-114 2.589331478494270384e-123 4.974614878181129442e-133 3.778980125805250753e-143 1.178977260547931578e-153 1.402252314041705021e-164 6.594626407677672088e-176 1.279162974854569845e-187 9.418797857452566938e-200 2.742258315446729189e-212 3.307111887613575500e-225 1.507534756162827611e-238 2.854633974764260042e-252 2.037391238354355109e-266 6.057593147006113521e-281 6.769080259594867657e-296 2.990904282716474285e-311 0.000000000000000000e+00 0.000000000000000000e+00 0.000000000000000000e+00 0.000000000000000000e+00 0.000000000000000000e+00 0.000000000000000000e+00 0.000000000000000000e+00 0.000000000000000000e+00 0.000000000000000000e+00 0.000000000000000000e+00 0.000000000000000000e+00 0.000000000000000000e+00 0.000000000000000000e+00 0.000000000000000000e+00 0.000000000000000000e+00 0.000000000000000000e+00
1.305508825245361960e-233 2.083959679724036289e-220 1.315352336934039894e-207 3.282752782410037079e-195 3.239496717864418725e-183 1.315999071741300808e-171 2.027507856267321212e-160 1.235130361787023432e-149 2.975132685488651033e-139 2.833630194239568998e-129 1.067144663259611336e-119 1.589083504223599942e-110 9.644395537371230823e-102 2.242157344165879018e-93 2.061106920914666458e-85 7.491665836524455476e-78 1.076712792525121026e-70 6.118786129480560456e-64 1.374913150897858157e-57 1.221606165015353274e-51 4.291764854999334771e-46 5.962042963326344730e-41 3.275069247885670430e-36 7.114364055624150747e-32 6.112108545980886363e-28 2.077237144198258767e-24 2.794005810615387310e-21 1.488801910285484414e-18 3.149050580534794797e-16 2.654772056863948285e-14 8.995240452180722145e-13 1.246219528635112777e-11 7.312821203445808149e-11 1.952726193008711872e-10 2.728487235746202052e-10 2.531549219930126864e-10 2.119629264400840805e-10 1.987059883842436592e-10 1.942865947466336875e-10 1.485220574837034917e-10 6.676959927070196443e-11 1.432410710920967181e-11 1.375162656183562703e-12 5.532894964425394422e-14 9.083066717595697994e-16 5.998126177607050910e-18 1.596698435286239705e-20 1.675319182983815053e-23 6.970743792823806875e-27 1.148696772734552030e-30 7.491425640514917035e-35 1.932783233528404287e-39 2.008820846356734171e-44 8.118059365395159519e-50 1.297309549943968493e-55 8.197829705439989459e-62 2.098261791567360371e-68 2.076052305322540062e-75 8.122013917651732666e-83 1.256418773196123803e-90 7.917265645955347164e-99 1.917578518160786444e-107 1.836431440587563540e-116 7.194845702725370466e-126 1.078819771250840347e-135 6.396164957131161765e-146 1.558014350492892666e-156 1.446264813977119686e-167 5.308447001919480058e-179 8.039409607345256402e-191 4.620078863687515567e-203 1.049827420101251557e-215 9.885062688429149822e-229 3.516847289874957298e-242 5.199452288828394382e-256 2.896257951592558156e-270 6.723321763105051444e-285 5.863664270898030907e-300 2.022076515020780998e-315 0.000000000000000000e+00 0.000000000000000000e+00 0.000000000000000000e+00 0.000000000000000000e+00 0.000000000000000000e+00 0.000000000000000000e+00 0.000000000000000000e+00 0.000000000000000000e+00 0.000000000000000000e+00 0.000000000000000000e+00 0.000000000000000000e+00 0.000000000000000000e+00 0.000000000000000000e+00 0.000000000000000000e+00 0.000000000000000000e+00 0.000000000000000000e+00
9.407436751121578050e-234 1.516554686726070316e-220 9.666920179345682097e-208 2.436472300996650075e-195 2.428164543478428091e-183 9.961849833768123312e-172 1.549973319674442227e-160 1.286558235172723136e-149 3.094200217764819672e-139 2.942460683752772876e-129 1.106410330345758769e-119 1.644996888488787258e-110 9.968224041545610474e-102 2.313845434836909216e-93 2.123705629934907519e-85 7.707221496737132785e-78 1.105974633167340142e-70 6.275333375988806018e-64 1.407906312861543340e-57 1.248987304119595231e-51 4.381204930879808256e-46 6.076986219583125607e-41 3.333171650703123537e-36 7.229908782224335535e-32 6.202619229559573873e-28 2.105263956218900341e-24 2.828584877701998619e-21 1.506065264019523378e-18 3.184823025430590651e-16 2.686541219471691888e-14 9.119192839277145103e-13 1.267526580725264930e-11 7.472195141838253522e-11 2.004768140968121314e-10 2.808113281034632615e-10 2.607296542141512264e-10 2.201811957566420176e-10 2.078559568210838893e-10 1.945021262955709164e-10 1.319920847833716691e-10 4.971974992055750456e-11 8.860040073084209637e-12 6.862933788035426867e-13 2.211989941708328825e-14 2.899204230735528665e-16 1.526184852417084042e-18 3.237544762363320693e-21 2.705322402101340579e-24 8.963683358373238079e-28 1.176221497446432155e-31 6.108396734127944165e-36 1.254963419965452987e-40 1.039039857889964351e-45 3.343791472996570077e-51 4.255298768525648760e-57 2.141347969957671097e-63 4.366198461367819045e-70 3.440223644909591714e-77 1.071808935125390235e-84 1.320364206876875739e-92 6.628151075323236625e-101 1.278428502363493447e-109 9.749990990970305374e-119 3.043050477212265828e-128 3.633648145251861610e-138 1.273563318926554301e-148 2.443353731994080243e-159 1.785735815145333086e-170 5.160495164400934075e-182 6.155482014096688020e-194 2.785106484259928955e-206 4.982701073882720955e-219 3.695220623672701930e-232 1.035068192549317630e-245 1.205277568496300465e-259 5.285927753544592660e-274 9.664555943421039547e-289 6.636232790965057056e-304 1.801808003818442022e-319 0.000000000000000000e+00 0.000000000000000000e+00 0.000000000000000000e+00 0.000000000000000000e+00 0.000000000000000000e+00 0.000000000000000000e+00 0.000000000000000000e+00 0.000000000000000000e+00 0.000000000000000000e+00 0.000000000000000000e+00 0.000000000000000000e+00 0.000000000000000000e+00 0.000000000000000000e+00 0.000000000000000000e+00 0.000000000000000000e+00 0.000000000000000000e+00
1.453071281668714243e-233 2.312055695373495751e-220 1.454631381496133774e-207 3.618686018030893544e-195 3.559525767245800340e-183 1.441351502752898044e-171 2.213496002604251499e-160 1.344097798304285317e-149 3.227203042530514965e-139 3.063832423860834902e-129 1.150130260344113655e-119 1.707152709079146031e-110 1.032762543764350489e-101 2.393280430519904910e-93 2.192957471419928320e-85 7.945304422921618459e-78 1.138242979124353867e-70 6.447691990776093887e-64 1.444175295480394267e-57 1.279041641988727211e-51 4.479236905717501919e-46 6.202809302883096790e-41 3.396706815290611561e-36 7.356171615478317077e-32 6.301513044556968322e-28 2.135903988309883101e-24 2.866431936576969306e-21 1.524976966663876210e-18 3.223945307332994314e-16 2.857171692313143554e-14 9.607341244050796724e-13 1.324994488252170595e-11 7.763579620498197905e-11 2.072696633883273231e-10 2.889480212948854256e-10 2.677731607449333835e-10 2.282909944297774937e-10 2.156956481386673015e-10 1.901479314079642229e-10 1.131149556327340462e-10 3.555735898547006049e-11 5.151161722962292887e-12 3.202456666308386453e-13 8.233542533365218709e-15 8.582942281677571166e-17 3.588548328664373471e-19 6.044551764754597555e-22 4.008062871161333337e-25 1.053722158048257282e-28 1.097087990356023380e-32 4.520572877552335684e-37 7.369130693550711253e-42 4.842795380115327911e-47 1.236607959703958551e-52 1.248691907134130625e-58 4.985943188655361764e-65 8.069644297145663751e-72 5.045163351154142620e-79 1.247223532413519471e-86 1.219156627046582156e-94 4.857934043851744066e-103 7.434897486618770849e-112 4.499271461940739764e-121 1.114656290805926224e-130 1.056122382008102619e-140 3.956679906800197521e-151 6.094455145065050033e-162 3.574844966512466629e-173 8.291304188368618786e-185 7.940205167473948330e-197 2.883387014635037982e-209 4.140163048567875389e-222 2.465080882175841455e-235 5.541805028626117671e-249 5.180927835344444493e-263 1.823615066330795755e-277 2.676899354070937395e-292 1.475241871509150386e-307 3.458459520888725809e-323 0.000000000000000000e+00 0.000000000000000000e+00 0.000000000000000000e+00 0.000000000000000000e+00 0.000000000000000000e+00 0.000000000000000000e+00 0.000000000000000000e+00 0.000000000000000000e+00 0.000000000000000000e+00 0.000000000000000000e+00 0.000000000000000000e+00 0.000000000000000000e+00 0.000000000000000000e+00 0.000000000000000000e+00 0.000000000000000000e+00 0.000000000000000000e+00
3.144242734832664900e-233 4.888158019330965087e-220 3.004814709132652057e-207 7.303540555718553069e-195 7.019278649058506361e-183 2.776978772670138742e-171 4.166766826227504745e-160 2.472117612578864353e-149 5.799390550264101362e-139 5.379462550109736297e-129 1.973052939159365642e-119 2.861422122808426116e-110 1.691268048519639264e-101 3.829336458299658885e-93 3.428295565944930368e-85 1.213603863809405047e-77 1.698713734977746430e-70 9.401758908098963496e-64 2.057528071057364811e-57 1.780467635004824348e-51 6.092301530082431354e-46 8.243306679227621580e-41 4.410828065069102566e-36 9.334389425949013630e-32 7.814296497936064775e-28 2.588827146300062404e-24 3.396618129581617423e-21 1.767360509995956932e-18 3.656594214254192611e-16 3.023107767232899289e-14 1.008202737424979455e-12 1.381072738239290669e-11 8.049190410193327165e-11 2.139376678947761229e-10 2.969535587904486671e-10 2.749350755885249597e-10 2.365270470772208946e-10 2.216937062323325639e-10 1.811250767596219544e-10 9.350791855563674235e-11 2.447276125165427715e-11 2.889587632361361233e-12 1.449014944280920836e-13 2.989824453180466411e-15 2.495211067251286691e-17 8.342567578048950050e-20 1.123503627011656949e-22 5.952874488118818129e-26 1.250442760426207211e-29 1.040197456915718375e-33 3.424573304843681131e-38 4.460395244403154629e-43 2.342893979912629800e-48 4.780166676640679505e-54 3.856775925439165803e-60 1.230487356552439249e-66 1.591829057104501982e-73 7.952085290962102904e-81 1.570777498819619016e-88 1.226859955148783662e-96 3.907529172455078784e-105 4.778496581988959629e-114 2.310597573851058561e-123 4.575501119885417631e-133 3.464000191427232529e-143 1.036956598329571305e-153 1.276674659012098401e-164 5.983683330773074968e-176 1.108920170400682796e-187 8.488381238293640000e-200 2.462987137659055944e-212 2.825808359832412018e-225 1.344844770769976598e-238 2.415785022605298441e-252 1.805220724107671266e-266 5.077173409577681568e-281 5.957123368336377812e-296 2.623214713043032503e-311 0.000000000000000000e+00 0.000000000000000000e+00 0.000000000000000000e+00 0.000000000000000000e+00 0.000000000000000000e+00 0.000000000000000000e+00 0.000000000000000000e+00 0.000000000000000000e+00 0.000000000000000000e+00 0.000000000000000000e+00 0.000000000000000000e+00 0.000000000000000000e+00 0.000000000000000000e+00 0.000000000000000000e+00 0.000000000000000000e+00 0.000000000000000000e+00 0.000000000000000000e+00
6.274397479208173452e-233 9.553673798688905723e-220 5.751909956560358206e-207 1.369295050493471817e-194 1.288917997632111901e-182 4.994139914719819337e-171 7.339332409284903770e-160 4.264770913686985957e-149 9.798918844094486246e-139 8.902334938975943888e-129 3.197960079284362077e-119 4.542401582254005460e-110 2.629490040298811447e-101 5.831121500100341135e-93 5.113008363635857565e-85 1.772740780175464133e-77 2.430295842657137273e-70 1.317406485948868007e-63 2.823774852768677948e-57 2.393289346022148916e-51 8.020932185333292516e-46 1.063008157375854593e-40 5.571379322947237402e-36 1.154947697276497732e-31 9.472041240169943657e-28 3.074714624338937720e-24 3.953754148194733599e-21 2.017092994752186593e-18 4.094332165097823403e-16 3.323953631636137002e-14 1.089882680509419230e-12 1.470133753356186927e-11 8.451952204345918208e-11 2.219616734795807381e-10 3.050720030706665688e-10 2.817222583453616920e-10 2.444182587898334437e-10 2.251594391275969460e-10 1.699218952835277176e-10 7.672847022824456530e-11 1.662853126838466300e-11 1.621497337537927307e-12 6.661189775617507730e-14 1.121540218022460840e-15 7.623240148263667815e-18 2.073973919019216678e-20 2.272532527633446001e-23 9.792281610357170306e-27 1.672701661073915217e-30 1.131527601779783468e-34 3.029393621749192050e-39 3.208703803634968840e-44 1.371073015771595376e-49 2.274941126679905215e-55 1.492707802193399443e-61 3.873055992556876063e-68 4.076047445386662058e-75 1.655974036347279345e-82 2.660221518690684476e-90 1.689776965455887421e-98 4.378306801850710444e-107 4.354388584164990572e-116 1.712349179096530362e-125 2.758524207272488504e-135 1.698432672620559201e-145 4.134884164395862885e-156 4.141458047202746751e-167 1.578606969906445972e-178 2.379239134230722389e-190 1.481606874833143133e-202 3.496251456847817492e-215 3.262237934193691518e-228 1.263035017612654551e-241 1.845159576267642115e-255 1.121698823746028347e-269 2.565667459239513580e-284 2.448980181885696284e-299 8.770309742079751899e-315 0.000000000000000000e+00 0.000000000000000000e+00 0.000000000000000000e+00 0.000000000000000000e+00 0.000000000000000000e+00 0.000000000000000000e+00 0.000000000000000000e+00 0.000000000000000000e+00 0.000000000000000000e+00 0.000000000000000000e+00 0.000000000000000000e+00 0.000000000000000000e+00 0.000000000000000000e+00 0.000000000000000000e+00 0.000000000000000000e+00 0.000000000000000000e+00 0.000000000000000000e+00
1.631087041735036892e-232 2.413115251313985998e-219 1.411634555450924090e-206 3.265199997774292263e-194 2.986349172554697369e-182 1.124240834815148977e-170 1.605305754455391460e-159 9.063573741722545710e-149 2.023412820216883116e-138 1.786129146711180266e-128 6.234255396065656991e-119 8.603987291438644502e-110 4.839152943770505689e-101 1.042684364984922293e-92 8.883426615736506452e-85 2.992629805322791738e-77 3.986313989202703925e-70 2.099607914181297776e-63 4.372773247186207978e-57 3.601095945587813564e-51 1.172691530516309717e-45 1.510171949248089164e-40 7.691342796903418057e-36 1.549465990867717969e-31 1.371305307032452005e-27 4.278193719846128757e-24 5.288837703280989306e-21 2.595208092863759180e-18 5.070234186894655543e-16 3.965909884639186508e-14 1.254699190364711679e-12 1.636233797996212924e-11 9.118133169516459149e-11 2.329392410884242571e-10 3.134493484614188190e-10 2.876256635556592520e-10 2.514308451532954580e-10 2.249927222795652795e-10 1.535073451926919375e-10 5.940210131495294822e-11 1.096482923845465186e-11 8.858310236907717660e-13 2.994639130141662145e-14 4.135477515856695304e-16 2.301777899226855335e-18 5.123919892851329049e-21 4.593720224372676881e-24 1.618811051749188162e-27 2.261350794983046073e-31 1.250979143973351433e-35 2.738934122175597382e-40 2.372486554677525609e-45 8.293234431617729167e-51 1.125366934102856801e-56 6.038981184530011036e-63 1.281476487054875589e-69 1.103317325337788250e-76 3.665949272608261350e-84 4.816410483256098240e-92 2.502122345082748962e-100 5.303876710888177187e-109 4.314084563312815233e-118 1.387484835558595740e-127 1.828611436819262938e-137 9.208049180738771562e-148 1.833400560726124735e-158 1.502298286862259162e-169 4.683296972926609815e-181 5.772853908269792898e-193 2.940995751402408295e-205 5.675954153648488244e-218 4.331383738588074093e-231 1.371940800402734151e-244 1.639187846700619496e-258 8.152297369453739252e-273 1.525031904729448681e-287 1.190893129411821633e-302 3.488004646510032353e-318 0.000000000000000000e+00 0.000000000000000000e+00 0.000000000000000000e+00 0.000000000000000000e+00 0.000000000000000000e+00 0.000000000000000000e+00 0.000000000000000000e+00 0.000000000000000000e+00 0.000000000000000000e+00 0.000000000000000000e+00 0.000000000000000000e+00 0.000000000000000000e+00 0.000000000000000000e+00 0.000000000000000000e+00 0.000000000000000000e+00 0.000000000000000000e+00 0.000000000000000000e+00
7.827675722314285376e-232 1.104564637116389532e-218 6.163008044384151728e-206 1.359682867918789465e-193 1.186112300398372152e-181 4.258634957481171955e-170 5.799976285679894732e-159 3.123383666590879540e-148 6.650706533438935521e-138 5.599556107211461785e-128 1.864158521628394879e-118 2.453892911888735969e-109 1.316289396056690605e-100 2.705159569480575183e-92 2.198259485370027296e-84 7.063347011034412913e-77 8.974067355965391715e-70 4.508356339850516695e-63 8.955759280571686943e-57 7.034785357792549278e-51 2.185140209181854702e-45 2.684203137783522299e-40 1.304089512294389019e-35 2.506340504116465340e-31 1.906171022801016514e-27 5.740282415417829446e-24 6.851914343929323932e-21 3.247909791447581772e-18 6.133879657529511339e-16 4.642440059953464372e-14 1.423041134601971324e-12 1.801195175892093127e-11 9.764264906699043278e-11 2.434145489844803841e-10 3.215578801811051365e-10 2.938109005110010796e-10 2.577664670985268671e-10 2.215903974872464978e-10 1.359755502766482118e-10 4.528467828703504925e-11 7.027280457886293289e-12 4.718217709043827310e-13 1.318096704888662837e-14 1.499955464441804143e-16 6.870033354445656264e-19 1.257611290334427305e-21 9.271559021395749628e-25 2.685602627822618338e-28 3.083563487039775272e-32 1.402082130614915643e-36 2.523184822871986058e-41 1.796481106633940324e-46 5.163354041668539233e-52 4.838495549569391528e-58 2.110070416719015540e-64 3.638848886478362603e-71 2.546915228472050163e-78 6.877401328736708822e-86 7.343216995747860019e-94 3.100252804544432158e-102 5.342524908738556836e-111 3.531574203653805780e-120 9.230701394396805300e-130 9.889929046194933120e-140 4.047309351383656906e-150 6.549124126802016434e-161 4.362621440372629354e-172 1.105274671480582967e-183 1.107225981483297727e-195 4.585700127556811182e-208 7.192457983660835745e-221 4.460590156423434973e-234 1.148594152191540197e-247 1.115288347664503838e-261 4.509246996265469802e-276 6.855358226690691888e-291 4.352007024578672917e-306 1.037537856266617743e-321 0.000000000000000000e+00 0.000000000000000000e+00 0.000000000000000000e+00 0.000000000000000000e+00 0.000000000000000000e+00 0.000000000000000000e+00 0.000000000000000000e+00 0.000000000000000000e+00 0.000000000000000000e+00 0.000000000000000000e+00 0.000000000000000000e+00 0.000000000000000000e+00 0.000000000000000000e+00 0.000000000000000000e+00 0.000000000000000000e+00 0.000000000000000000e+00 0.000000000000000000e+00
3.173750011844003314e-231 4.293087635898222898e-218 2.296201962833192234e-205 4.856168049111632170e-193 4.060884407711585758e-181 1.397577080700896788e-169 2.484640731444646808e-158 1.268088715017292860e-147 2.559051557481411697e-137 2.041981702959748826e-127 6.442703693015421774e-118 8.037632095103895572e-109 4.085784914234676772e-100 7.958015217439962175e-92 6.128852436657983915e-84 1.866379787790268231e-76 2.247344276892485528e-69 1.070019812758752621e-62 2.014528170471343546e-56 1.499773472411158937e-50 4.415384210356176263e-45 5.140858939539188657e-40 2.367474720735082302e-35 4.313376203325260447e-31 3.110307252134432418e-27 8.882569118501068446e-24 1.005848355118253028e-20 4.525492209209431479e-18 8.118390377431087575e-16 5.842931124969752490e-14 1.705790629792992745e-12 2.060808239079279330e-11 1.069652481475158653e-10 2.566093143891783561e-10 3.296398202232615125e-10 2.991525971637447600e-10 2.623045531488018302e-10 2.135081469043179937e-10 1.160715220025661785e-10 3.289078484371377763e-11 4.252853524523112619e-12 2.354994408912599036e-13 5.398227357398032077e-15 5.027439487991826692e-17 1.882005175065795831e-19 2.813957004827793750e-22 1.694463481429226298e-25 4.007140348170075357e-29 3.756098889960715738e-33 1.394262977416093819e-37 2.048381072558179024e-42 1.190640345454912239e-47 2.794649608745612399e-53 2.544889231502324800e-59 9.164699769192738018e-66 1.305122972331018663e-72 7.545676321334619804e-80 1.682590254799645096e-87 1.483583218653827487e-95 4.048134109001898837e-104 5.697191434956465830e-113 3.074709954912757176e-122 6.561336967331370134e-132 5.741271831284630190e-142 1.918242238062750536e-152 2.534209207556257625e-163 1.378682661744705372e-174 2.851735766754487782e-186 2.332371015768121999e-198 7.889048629285051548e-211 1.010226235463859987e-223 5.115121630670241060e-237 1.075691850912930380e-250 8.527677809257352994e-265 2.815822547680822020e-279 3.495052915361919201e-294 1.812052724389624046e-309 0.000000000000000000e+00 0.000000000000000000e+00 0.000000000000000000e+00 0.000000000000000000e+00 0.000000000000000000e+00 0.000000000000000000e+00 0.000000000000000000e+00 0.000000000000000000e+00 0.000000000000000000e+00 0.000000000000000000e+00 0.000000000000000000e+00 0.000000000000000000e+00 0.000000000000000000e+00 0.000000000000000000e+00 0.000000000000000000e+00 0.000000000000000000e+00 0.000000000000000000e+00 0.000000000000000000e+00
2.262053396093381812e-230 4.153743205488672208e-217 2.069783141103313330e-204 4.078057486946892094e-192 3.177058010651119114e-180 1.018539637973036553e-168 1.238846209949425995e-157 5.957996100401621314e-147 1.132990936221241159e-136 8.519147499382360611e-127 2.532849892487489942e-117 2.977601687138078585e-108 1.426171724192777671e-99 2.617574430475860186e-91 1.899643730199606832e-83 5.451210680048775989e-76 6.185352833761761833e-69 2.775183907701033560e-62 4.923607110841376467e-56 3.454249897913686125e-50 9.583566041640115398e-45 1.051585220397305087e-39 4.564305933389250908e-35 7.838524623766704496e-31 5.328680225751145904e-27 1.435036092792016339e-23 1.532944764602621932e-20 6.509802625701797595e-18 1.103126186772174975e-15 7.508140573211694114e-14 2.076208978225920287e-12 2.381322757381622630e-11 1.177436719179600447e-10 2.706623994391360938e-10 3.373888540460917785e-10 3.041512185262711724e-10 2.647266130871034137e-10 2.013713416673967350e-10 9.621368640402947313e-11 2.314741408715093398e-11 2.496722899559285143e-12 1.143379641215116996e-13 2.158077172180836217e-15 1.651227121049661933e-17 5.072559737104368875e-20 6.220416658316582413e-23 3.072142041436625428e-26 5.956133861943255080e-30 4.576862620847658211e-34 1.392749173244022106e-38 1.677411847682918486e-43 7.993114191565688217e-49 1.300948119699278575e-54 9.602144646155984323e-61 2.802774528966975969e-67 3.235153600235319425e-74 1.516552959768556876e-81 2.741039205255624351e-89 1.958968521749166325e-97 5.535924070194456273e-106 6.389406038120792403e-115 2.827067538822202344e-124 4.946033142434167133e-134 3.549262791637090917e-144 9.722243284503554547e-155 1.053024754315013479e-165 4.698141447593867687e-177 7.967172898482747559e-189 5.342269693884849670e-201 1.481898820540063648e-213 1.555771482809083745e-226 6.458272737262879492e-240 1.113817577946254651e-253 7.239194319697022010e-268 1.960335982099704639e-282 1.994859211113671232e-297 8.481938242423666667e-313 0.000000000000000000e+00 0.000000000000000000e+00 0.000000000000000000e+00 0.000000000000000000e+00 0.000000000000000000e+00 0.000000000000000000e+00 0.000000000000000000e+00 0.000000000000000000e+00 0.000000000000000000e+00 0.000000000000000000e+00 0.000000000000000000e+00 0.000000000000000000e+00 0.000000000000000000e+00 0.000000000000000000e+00 0.000000000000000000e+00 0.000000000000000000e+00 0.000000000000000000e+00 0.000000000000000000e+00
4.036729673985017331e-229 4.714881254329732525e-216 2.177484883824599533e-203 3.976333857858965314e-191 2.871136535719303303e-179 8.530120410222299257e-168 9.615986962113256464e-157 4.286234872699698749e-146 7.554427023610169674e-136 5.264664207527162102e-126 1.450719987569558689e-116 1.580667788280148913e-107 7.016093986945588591e-99 1.193503038989697686e-90 8.027837753238420650e-83 2.135123274434652632e-75 2.245435481635082431e-68 9.337658793871907267e-62 1.535486607656061762e-55 9.984874123618330992e-50 2.567777288100772759e-44 2.611797217223847770e-39 1.050921643844056655e-34 1.673343246462099236e-30 1.054891287039380516e-26 2.635184847053306947e-23 2.612262246234453028e-20 1.030068873705585095e-17 1.622250152454339404e-15 1.027485568406650589e-13 2.648928437249098520e-12 2.840319855490003372e-11 1.318672275699481874e-10 2.869423006205560166e-10 3.445059479638957326e-10 3.075485574272499026e-10 2.631212072826392891e-10 1.830480668219030828e-10 7.516773686747076656e-11 1.504200887097947348e-11 1.327351964597988644e-12 4.932498156541738313e-14 7.522710664561657406e-16 4.640705825277669883e-18 1.148064179191665011e-20 1.133062602119655146e-23 4.503811981266677541e-27 7.024199529133627729e-31 4.341747679530435922e-35 1.062731828916508364e-39 1.029540376183462898e-44 3.946165504726519926e-50 6.111836912819204550e-56 3.670238896252647008e-62 8.716304572627272330e-69 8.185784962625031137e-76 3.123087302847188268e-83 4.592689066354395049e-91 2.670581121626313630e-99 6.140388858303820362e-108 5.768088440612461545e-117 2.076520126306753257e-126 2.955873475779569336e-136 1.726369056412238197e-146 3.847611401266655290e-157 3.390725526478336442e-168 1.231252543966304760e-179 1.698848895612943901e-191 9.268422211189725721e-204 2.092500907043681511e-216 1.787402813788548208e-229 6.037019108857855708e-243 8.473978748999435017e-257 4.481187203238587202e-271 9.876441733603502130e-286 8.177335186695789123e-301 2.829839493586863756e-316 0.000000000000000000e+00 0.000000000000000000e+00 0.000000000000000000e+00 0.000000000000000000e+00 0.000000000000000000e+00 0.000000000000000000e+00 0.000000000000000000e+00 0.000000000000000000e+00 0.000000000000000000e+00 0.000000000000000000e+00 0.000000000000000000e+00 0.000000000000000000e+00 0.000000000000000000e+00 0.000000000000000000e+00 0.000000000000000000e+00 0.000000000000000000e+00 0.000000000000000000e+00 0.000000000000000000e+00
8.330763599431985093e-228 8.874453351893081181e-215 3.738020803503893200e-202 6.225656132147960583e-190 4.099886849493630353e-178 1.110778659961998833e-166 1.142041875243525394e-155 4.642800068699388597e-145 7.463138340824253869e-135 4.743585424164038309e-125 1.192163874885084676e-115 1.184703394536623626e-106 4.795349131103070213e-98 7.439888939845027947e-90 4.564160974748471210e-82 1.107151037557152198e-74 1.061962830795608847e-67 4.027880810176907427e-61 6.041187421097083737e-55 3.583178919648348948e-49 8.405259859694186587e-44 7.798820083621560544e-39 2.862842069147857089e-34 4.159227540641687876e-30 2.392929085017411500e-26 5.457158649161348251e-23 4.940939519470291433e-20 1.780711468741986768e-17 2.565731124876800611e-15 1.488889736939891975e-13 3.524326877924126281e-12 3.481071942218633040e-11 1.496926255331378464e-10 3.049407039044651646e-10 3.509565226863430233e-10 3.106889695224242767e-10 2.583408297531830417e-10 1.628829117417151138e-10 5.658605776287753730e-11 9.402904822770792081e-12 6.794934519309504876e-13 2.053592596242405116e-14 2.538095238737126810e-16 1.266406178317125023e-18 2.531430663435586452e-21 2.017571315050153005e-24 6.476664439301276840e-28 8.153828906100556233e-32 4.068144071293106676e-36 8.037352140142560639e-41 6.284767614329330860e-46 1.944376222126993259e-51 2.431547155353548075e-57 1.178615619031795458e-63 2.259334941387476054e-70 1.712701757887514445e-77 5.276231475956632413e-85 6.263020877098350324e-93 2.939686047719074623e-101 5.455949439114411300e-110 4.138369023320402507e-119 1.202579735534348449e-128 1.381797331489486155e-138 6.516524775502915878e-149 1.172343259063075463e-159 8.339452133905227420e-171 2.445210708254387257e-182 2.723361755493039563e-194 1.199327698771517013e-206 2.186362118653213616e-219 1.507510665601560369e-232 4.110002027822635150e-246 4.658341031208312197e-260 1.988467694337067550e-274 3.538754147337651566e-289 2.365065838984066903e-304 6.608622078772513775e-320 0.000000000000000000e+00 0.000000000000000000e+00 0.000000000000000000e+00 0.000000000000000000e+00 0.000000000000000000e+00 0.000000000000000000e+00 0.000000000000000000e+00 0.000000000000000000e+00 0.000000000000000000e+00 0.000000000000000000e+00 0.000000000000000000e+00 0.000000000000000000e+00 0.000000000000000000e+00 0.000000000000000000e+00 0.000000000000000000e+00 0.000000000000000000e+00 0.000000000000000000e+00 0.000000000000000000e+00
9.278501280986659612e-227 9.183549014281561129e-214 3.594070369121617425e-201 5.561679126905841019e-189 3.403052350622565286e-177 8.565470821608479267e-166 8.182420293715450456e-155 3.090692931608264530e-144 4.616083042603118067e-134 2.726059191789695050e-124 6.365627802721996380e-115 5.877492716196356578e-106 2.799877789905983660e-97 3.990363593053859283e-89 2.248722317455485841e-81 5.010870614354861988e-74 4.415206412628701628e-67 1.538365986282199201e-60 2.119609196288959897e-54 1.154957697268220546e-48 2.489048404926552519e-43 2.121906984980761238e-38 7.157403884406902425e-34 9.556492030872468927e-30 5.054071397731314681e-26 1.059854389620678160e-22 8.828001148754164911e-20 2.928959085530505421e-17 3.888810825666473106e-15 2.082352259563102254e-13 4.557526908904821939e-12 4.175109908473864288e-11 1.673927162699621485e-10 3.213240767428979221e-10 3.566574925662172388e-10 3.125835683361721588e-10 2.494641516333578834e-10 1.409438558645135895e-10 4.267265463384223417e-11 6.000902110918310726e-12 3.631558034270710623e-13 9.143441558547659588e-15 9.388712240913081264e-17 3.886375976300050322e-19 6.439882042427385164e-22 4.253117076524089613e-25 1.131450732778534348e-28 1.180013105765891674e-32 4.876945809466522246e-37 7.981576765440410024e-42 5.170021289851613291e-47 1.325000870214769225e-52 1.373037823661574848e-58 5.513347871683920942e-65 8.755308401999135767e-72 5.498238484348438016e-79 1.403604813808908209e-86 1.380258557678268100e-94 5.367036984794772113e-103 8.252054691925194221e-112 5.186870934607575630e-121 1.248675450093571200e-130 8.899848355579474624e-141 3.438711926612270381e-151 5.066908350092832592e-162 2.952122871298870589e-173 7.091777655956360061e-185 6.469235626398170995e-197 2.333427753775577598e-209 3.485143359942288925e-222 1.968193807477779754e-235 4.394995487085596185e-249 4.081217903543550689e-263 1.426875204010104528e-277 2.080462831260757658e-292 1.138837504643851678e-307 2.470328229206232721e-323 0.000000000000000000e+00 0.000000000000000000e+00 0.000000000000000000e+00 0.000000000000000000e+00 0.000000000000000000e+00 0.000000000000000000e+00 0.000000000000000000e+00 0.000000000000000000e+00 0.000000000000000000e+00 0.000000000000000000e+00 0.000000000000000000e+00 0.000000000000000000e+00 0.000000000000000000e+00 0.000000000000000000e+00 0.000000000000000000e+00 0.000000000000000000e+00 0.000000000000000000e+00 0.000000000000000000e+00
