8.143957736331651304e-183 3.177942918414070592e-171 4.907133454171994943e-160 2.998503494583303942e-149 7.251072217420967528e-139 7.184088070604903774e-129 2.717577706419415959e-119 4.069194596518745614e-110 2.412068055347330551e-101 5.660668196155653463e-93 5.260048251692742151e-85 1.935563133282956913e-77 2.891159954862660932e-70 1.666633190129547211e-63 3.806208577742889969e-57 3.444337150781962923e-51 1.235271068286376824e-45 1.756115009962542789e-40 9.898650067596797945e-36 2.212775596328157228e-31 1.962234253512062440e-27 6.904580695259997880e-24 9.643264448924365806e-21 5.347413204452595587e-18 1.177694197048011343e-15 1.030453026169808497e-13 3.583170084139242738e-12 4.953165099070500282e-11 2.722697897644011533e-10 5.952938639918275860e-10 5.178189618037795079e-10 1.792339157367391684e-10 2.468982551230308725e-11 1.353654149792942279e-12 2.953931686337841310e-14 2.565557135225958601e-16 8.867715248949735779e-19 1.219627348203969429e-21 6.673337698284249349e-25 1.472275580397875120e-28 1.275841882709144169e-32 4.394955913067734528e-37 6.016238629174034926e-42 3.271652632353933862e-47 7.065429121573943105e-53 6.057567820657805181e-59 2.110342241283052644e-65 2.852989448333321055e-72 1.529825683402467180e-79 3.252823420313795874e-87 2.741864057043015880e-95 9.160020193020913665e-104 1.252172999726761746e-112 6.576414473378397073e-122 1.368109580688047419e-131 1.127166175798419257e-141 3.818934710621770837e-152 4.939800805023426338e-163 2.529502019139872781e-174 5.127089108345801107e-186 4.295980859348878233e-198 1.365874535476056429e-210 1.718507148350363783e-223 8.974190212233218412e-237 1.770294566927233642e-250 1.381658920786980621e-264 4.494027968300182101e-279 5.497322869241386912e-294 2.660158389121444614e-309 0.000000000000000000e+00 0.000000000000000000e+00 0.000000000000000000e+00 0.000000000000000000e+00 0.000000000000000000e+00 0.000000000000000000e+00 0.000000000000000000e+00 0.000000000000000000e+00 0.000000000000000000e+00 0.000000000000000000e+00 0.000000000000000000e+00 0.000000000000000000e+00 0.000000000000000000e+00 0.000000000000000000e+00 0.000000000000000000e+00 0.000000000000000000e+00 0.000000000000000000e+00 0.000000000000000000e+00 0.000000000000000000e+00 0.000000000000000000e+00 0.000000000000000000e+00 0.000000000000000000e+00 0.000000000000000000e+00 0.000000000000000000e+00 0.000000000000000000e+00 0.000000000000000000e+00
2.161785556751003819e-180 6.958465053735001763e-169 8.863218961776101769e-158 4.467570946792995301e-147 8.912113514352638997e-137 7.281873376690464920e-127 2.272408636750725456e-117 2.807111485466831655e-108 1.372789185842973751e-99 2.658058506281489839e-91 2.037944164619272161e-83 6.187899116437453799e-76 7.625109900827478235e-69 3.627601039732792736e-62 6.837923472656879329e-56 5.107929538131960287e-50 1.512428312466547948e-44 1.775482552663030549e-39 8.265740280795669865e-35 1.526485236513320222e-30 1.118614385069175199e-26 3.253761969745100606e-23 3.758008151233636147e-20 1.724058822439779561e-17 3.142892758095009750e-15 2.277471662831479341e-13 6.562720013671428846e-12 7.545669866936600036e-11 3.431494357629048685e-10 6.231898784382511350e-10 4.504344320669915887e-10 1.293415627245437832e-10 1.487049529989319132e-11 6.755280600104290403e-13 1.235743193218872669e-14 8.880823872812176031e-17 2.584075642053551853e-19 2.936198375518021112e-22 1.357821943293264448e-25 2.505669462362563123e-29 1.788731753262253406e-33 5.235818210708549368e-38 5.890825805110553299e-43 2.730946695303344226e-48 4.835101001059450445e-54 3.544704484814298305e-60 1.034318621085796203e-66 1.141633012395808076e-73 5.257051038505586573e-81 9.099660403949595003e-89 6.605066635798928937e-97 1.791036520736921705e-105 2.047231690734215523e-114 9.296413317976624468e-124 1.562681991256554992e-133 1.116161076498211213e-143 3.165584613478857291e-154 3.293724095954002278e-165 1.468093133505778509e-176 2.386460463256253128e-188 1.670983994118657523e-200 4.643280856488867500e-213 4.664333671653110646e-226 2.035065433320572129e-239 3.522980512845748579e-253 2.185556971591410456e-267 5.938455761105586306e-282 6.401199303909340540e-297 2.451313562718520299e-312 0.000000000000000000e+00 0.000000000000000000e+00 0.000000000000000000e+00 0.000000000000000000e+00 0.000000000000000000e+00 0.000000000000000000e+00 0.000000000000000000e+00 0.000000000000000000e+00 0.000000000000000000e+00 0.000000000000000000e+00 0.000000000000000000e+00 0.000000000000000000e+00 0.000000000000000000e+00 0.000000000000000000e+00 0.000000000000000000e+00 0.000000000000000000e+00 0.000000000000000000e+00 0.000000000000000000e+00 0.000000000000000000e+00 0.000000000000000000e+00 0.000000000000000000e+00 0.000000000000000000e+00 0.000000000000000000e+00 0.000000000000000000e+00 0.000000000000000000e+00 0.000000000000000000e+00
2.023504917476776863e-178 5.787682013644610370e-167 6.050107022062046923e-156 2.702190671143725543e-145 4.436645110932366207e-135 3.202298809284972321e-125 8.522345116075227656e-116 8.978380409852567673e-107 3.744742720135928767e-98 6.184143790492917917e-90 4.044128671539550628e-82 1.047414748780118717e-74 1.100750302601019308e-67 4.467581322407518512e-61 7.185088880983434641e-55 4.579961234069998555e-49 1.157352981083557365e-43 1.159737871541030193e-38 4.609684822352468457e-34 7.270087566602229157e-30 4.551106187297710379e-26 1.131271878546057525e-22 1.117028822690805234e-19 4.383217037596024758e-17 6.838222526403447106e-15 4.243348421337498085e-13 1.047807653253454842e-11 1.030024035702640051e-10 4.032541727780788431e-10 6.289697926530373121e-10 3.909564233527316006e-10 9.686604667572624894e-11 9.567986364462159076e-12 3.767882063379375967e-13 5.915392228659157004e-15 3.701872340550259732e-17 9.232435208298513047e-20 9.173621683664429858e-23 3.630287052542022523e-26 5.800826815260966624e-30 3.641811745475973073e-34 9.094109540220158730e-39 9.028560906966346814e-44 3.562012159937688293e-49 5.582126796610476692e-55 3.473355584766401678e-61 8.577736581956147518e-68 8.621543393888063415e-75 3.266003459254779365e-82 5.176840616548052978e-90 3.073319279412547063e-98 7.673693834810074959e-107 7.612694570140399177e-116 2.802627822702299155e-125 4.374044174745909837e-135 2.518091039456726887e-145 6.178565711732728901e-156 6.018413574007070099e-167 2.143230309500635381e-178 3.279734172532207576e-190 1.991823174563060165e-202 4.383543520461936424e-215 4.180064721930241003e-228 1.581561931097822209e-241 2.149589460302839414e-255 1.276555869876115744e-269 3.007461812894848940e-284 2.523212941832439082e-299 9.327746614231040304e-315 0.000000000000000000e+00 0.000000000000000000e+00 0.000000000000000000e+00 0.000000000000000000e+00 0.000000000000000000e+00 0.000000000000000000e+00 0.000000000000000000e+00 0.000000000000000000e+00 0.000000000000000000e+00 0.000000000000000000e+00 0.000000000000000000e+00 0.000000000000000000e+00 0.000000000000000000e+00 0.000000000000000000e+00 0.000000000000000000e+00 0.000000000000000000e+00 0.000000000000000000e+00 0.000000000000000000e+00 0.000000000000000000e+00 0.000000000000000000e+00 0.000000000000000000e+00 0.000000000000000000e+00 0.000000000000000000e+00 0.000000000000000000e+00 0.000000000000000000e+00 0.000000000000000000e+00
1.254900591781324932e-176 2.985229475743193995e-165 2.810165006841416021e-154 1.046882849536275251e-143 1.543497430639555753e-133 9.317085530714625351e-124 2.149091009127255557e-114 1.962371739284276980e-105 7.094230138855460508e-97 1.015495821426123563e-88 5.756487779114900089e-81 1.292434403234089153e-73 1.177251156823866534e-66 4.142606638571614900e-60 5.776935962845445845e-54 3.193335490783253021e-48 6.998920783254504153e-43 6.083971722878732992e-38 2.098251409206501960e-33 2.912374792090155742e-29 1.580612920532576035e-25 3.407570678602146945e-22 2.919514584570818358e-19 9.945818843044154255e-17 1.347911543111608163e-14 7.271176094258655178e-13 1.562070328886703001e-11 1.337121879507419560e-10 4.562692697843988083e-10 6.209139529459200999e-10 3.370917487325039206e-10 7.302585974230974855e-11 6.313576428716638208e-12 2.178473737540826536e-13 2.999605705544914967e-15 1.647854818430605555e-17 3.610610257503519626e-20 3.154103848954556898e-23 1.098001541688074049e-26 1.544444079314783850e-30 8.536858111052851955e-35 1.877418524873578566e-39 1.641819666005722790e-44 5.706408603015109777e-50 7.878734458575716410e-56 4.319199988539926000e-62 9.628482225666336378e-69 8.323030578587902208e-76 2.853277331071546339e-83 3.877975704292220265e-91 2.089002988688883758e-99 4.458960796279132114e-108 3.896136165773441965e-117 1.306709853472160596e-126 1.735471092106264845e-136 9.125967327320686056e-147 1.974323942220254886e-157 1.629168873024097693e-168 5.320735386214618397e-180 6.876886734811833725e-192 3.676018008859561638e-204 7.449631886966558859e-217 5.973155548398503907e-230 1.988848451806373838e-243 2.499394198935742230e-257 1.242530103978481674e-271 2.575716866490438858e-286 2.006371766311610383e-301 6.181755289553426856e-317 0.000000000000000000e+00 0.000000000000000000e+00 0.000000000000000000e+00 0.000000000000000000e+00 0.000000000000000000e+00 0.000000000000000000e+00 0.000000000000000000e+00 0.000000000000000000e+00 0.000000000000000000e+00 0.000000000000000000e+00 0.000000000000000000e+00 0.000000000000000000e+00 0.000000000000000000e+00 0.000000000000000000e+00 0.000000000000000000e+00 0.000000000000000000e+00 0.000000000000000000e+00 0.000000000000000000e+00 0.000000000000000000e+00 0.000000000000000000e+00 0.000000000000000000e+00 0.000000000000000000e+00 0.000000000000000000e+00 0.000000000000000000e+00 0.000000000000000000e+00 0.000000000000000000e+00
6.349711517312297611e-175 1.315460892981615105e-163 1.078427173915496590e-152 3.498805436790513796e-142 4.492572753257118376e-132 2.361296203749910155e-122 4.743575627949528407e-113 3.772436134048806448e-104 1.187808957299987589e-95 1.480928189470285508e-87 7.312152298532808475e-80 1.430044254636343729e-72 1.134483915918941402e-65 3.477898826559024280e-59 4.225683735560883254e-53 2.035414310261239480e-47 3.887888499232183355e-42 2.945953267518258780e-37 8.858351955272320703e-33 1.057494698896443749e-28 5.014235909068589265e-25 9.448344096709488688e-22 7.079019249886124273e-19 2.110161632969494176e-16 2.504120069367038027e-14 1.183777007526210558e-12 2.230682089207148855e-11 1.676585536176722335e-10 5.028977160384005057e-10 6.022985626435510279e-10 2.881308172143186882e-10 5.507140235724993467e-11 4.206027266683706304e-12 1.283551264856620289e-13 1.564842188076949203e-15 7.619125527916627675e-18 1.480901705857572120e-20 1.148422965638284996e-23 3.551162162841806896e-27 4.439810839620043448e-31 2.181667060602112182e-35 4.266344050975827127e-40 3.256382068547558583e-45 1.005225493656661448e-50 1.232698587040576782e-56 6.001959851236161289e-63 1.188478251218867465e-69 9.123140063895942742e-77 2.777119113988055362e-84 3.351177731910386677e-92 1.602601346285324489e-100 3.036448479138014103e-109 2.355289098248783775e-118 7.010376895682921599e-128 8.262042259301958332e-138 3.854914089145658702e-148 7.400484635597693527e-159 5.417473097648322411e-170 1.569482310510358442e-181 1.799278148609582369e-193 8.532094230908492939e-206 1.533473900129918991e-218 1.090392888061628256e-231 3.220139102367890632e-245 3.588385221195310024e-259 1.581765140904112156e-273 2.907804607408709152e-288 2.008226442805370617e-303 5.485709678904528629e-319 0.000000000000000000e+00 0.000000000000000000e+00 0.000000000000000000e+00 0.000000000000000000e+00 0.000000000000000000e+00 0.000000000000000000e+00 0.000000000000000000e+00 0.000000000000000000e+00 0.000000000000000000e+00 0.000000000000000000e+00 0.000000000000000000e+00 0.000000000000000000e+00 0.000000000000000000e+00 0.000000000000000000e+00 0.000000000000000000e+00 0.000000000000000000e+00 0.000000000000000000e+00 0.000000000000000000e+00 0.000000000000000000e+00 0.000000000000000000e+00 0.000000000000000000e+00 0.000000000000000000e+00 0.000000000000000000e+00 0.000000000000000000e+00 0.000000000000000000e+00 0.000000000000000000e+00
2.962774740198039283e-173 5.356461709613870032e-162 3.832208091377366322e-151 1.085024716837311652e-140 1.215851904873033694e-130 5.575913633007159899e-121 9.775716058091871854e-112 6.784998065216876532e-103 1.864530135555387708e-94 2.028916794206895408e-86 8.743767513321708162e-79 1.492608374887439858e-71 1.033409225349788196e-64 2.765612210452164194e-58 2.933677768737986331e-52 1.233846260443850965e-46 2.058166059425195978e-41 1.362177679874642733e-36 3.578545384466493409e-32 3.733431786660375738e-28 1.547653673738991639e-24 2.550728025072043480e-21 1.672497659790592821e-18 4.366030809075747806e-16 4.541034961034979756e-14 1.883245684469938474e-12 3.116596449766082450e-11 2.059680599275340204e-10 5.439522150854540761e-10 5.743998987478309157e-10 2.426339684687297875e-10 4.101003568729117157e-11 2.773740303339602807e-12 7.506363298620041829e-14 8.125516172433178399e-16 3.516630065853846656e-18 6.081265691984878810e-21 4.199003473869387028e-24 1.156776190515543676e-27 1.289274246939698357e-31 5.648412298161883258e-36 9.849925990846576186e-41 6.832026462478307181e-46 1.845591622033440592e-51 2.018392587593788671e-57 8.763696002450506954e-64 1.547620984806742135e-70 1.059180998968014302e-77 2.874210025871403267e-85 3.091460188587702338e-93 1.317583294818720397e-101 2.224592114615522406e-110 1.537748440008443146e-119 4.077672959857012514e-129 4.280964247372842532e-139 1.779132486098358347e-149 3.042493720387014897e-160 1.983477066979144248e-171 5.116968462226924268e-183 5.223338718210366525e-195 2.205701674984538479e-207 3.529423943061608791e-220 2.234196911451046293e-233 5.874601029937089088e-247 5.827323038470386062e-261 2.286433615951564594e-275 3.741863376254524743e-290 2.300102193796678371e-305 5.592823110922910880e-321 0.000000000000000000e+00 0.000000000000000000e+00 0.000000000000000000e+00 0.000000000000000000e+00 0.000000000000000000e+00 0.000000000000000000e+00 0.000000000000000000e+00 0.000000000000000000e+00 0.000000000000000000e+00 0.000000000000000000e+00 0.000000000000000000e+00 0.000000000000000000e+00 0.000000000000000000e+00 0.000000000000000000e+00 0.000000000000000000e+00 0.000000000000000000e+00 0.000000000000000000e+00 0.000000000000000000e+00 0.000000000000000000e+00 0.000000000000000000e+00 0.000000000000000000e+00 0.000000000000000000e+00 0.000000000000000000e+00 0.000000000000000000e+00 0.000000000000000000e+00 0.000000000000000000e+00
1.127974230097168472e-171 1.791115408768382944e-160 1.125490714807322190e-149 2.798868446114896215e-139 2.754716777442385262e-129 1.109387865430470656e-119 1.708357991299623859e-110 1.041476835078827728e-101 2.513895946920867362e-93 2.402873231077933676e-85 9.096360973089137378e-78 1.364065013357342625e-70 8.295030880120349959e-64 1.950335412981327498e-57 1.817778193894555833e-51 6.718144309885366653e-46 9.849004098161782553e-41 5.729960948230169905e-36 1.323537721036197885e-31 1.214465862757209568e-27 4.429656736546904201e-24 6.426816467842559803e-21 3.711946653577157312e-18 8.541961170879147073e-16 7.838968240962189558e-14 2.885442842183553067e-12 4.217239589206930084e-11 2.464966112896485783e-10 5.766595571501710456e-10 5.403217926193737678e-10 2.028741396554614179e-10 3.053233244551105643e-11 1.841879978437686904e-12 4.452763268001431076e-14 4.311828254105461133e-16 1.671347538251555447e-18 2.591130857437867355e-21 1.605201847868598675e-24 3.969783374855107883e-28 3.974090613410998334e-32 1.563964149803546873e-36 2.450157898333716631e-41 1.526806346030853184e-46 3.781592426144194556e-52 3.720311723923309331e-58 1.452929068510797573e-64 2.307897658965416544e-71 1.420308331958779475e-78 3.465186898069942999e-86 3.350453109230004076e-94 1.283476356590842529e-102 1.947472303193772507e-111 1.209855097358909081e-120 2.882469291674709706e-130 2.718630787591707751e-140 1.014913425353809938e-150 1.559169649097391679e-161 9.129033054313608065e-173 2.114997571246450241e-184 1.938712212824654040e-196 7.352295222810409082e-209 1.056313324528710931e-221 6.003423042914140725e-235 1.417405979917363464e-248 1.262208697030620500e-262 4.445783552412422219e-277 6.532213260753707586e-292 3.604248476871168484e-307 7.905050333459944707e-323 0.000000000000000000e+00 0.000000000000000000e+00 0.000000000000000000e+00 0.000000000000000000e+00 0.000000000000000000e+00 0.000000000000000000e+00 0.000000000000000000e+00 0.000000000000000000e+00 0.000000000000000000e+00 0.000000000000000000e+00 0.000000000000000000e+00 0.000000000000000000e+00 0.000000000000000000e+00 0.000000000000000000e+00 0.000000000000000000e+00 0.000000000000000000e+00 0.000000000000000000e+00 0.000000000000000000e+00 0.000000000000000000e+00 0.000000000000000000e+00 0.000000000000000000e+00 0.000000000000000000e+00 0.000000000000000000e+00 0.000000000000000000e+00 0.000000000000000000e+00 0.000000000000000000e+00
4.114232006928936513e-170 5.742670014156600905e-159 3.172012090120399628e-148 6.933945117359428385e-138 5.999054229393700485e-128 2.123316809248085082e-118 2.874262199338469362e-109 1.540348458498702495e-100 3.268480104692508867e-92 2.746426502115685801e-84 9.140196048426432698e-77 1.205006425762266501e-69 6.441299626435283969e-63 1.331615853905319949e-56 1.091340584576243660e-50 3.547034971937998025e-45 4.573694241585505113e-40 2.340813096410074193e-35 4.757719453634858069e-31 3.842689447884340248e-27 1.234210493598897759e-23 1.577676087254863299e-20 8.033840377910705390e-18 1.631360943771800146e-15 1.322449885598675451e-13 4.284648816953431412e-12 5.554789732487194058e-11 2.884866791968307345e-10 6.007982784365261993e-10 5.021493658513420745e-10 1.685321716656640383e-10 2.271894107816285789e-11 1.230022086655089164e-12 2.673491123519257058e-14 2.331203849076841040e-16 8.147254050182498914e-19 1.139977184928871298e-21 6.378548120319230177e-25 1.406214113842850798e-28 1.270928730889909755e-32 4.515529480443247158e-37 6.386909539341193574e-42 3.593142359219152599e-47 8.033641136058502350e-53 7.133482252023055446e-59 2.514081824843892711e-65 3.603770626049913614e-72 2.000709415314021757e-79 4.402653085444903678e-87 3.838899771861392706e-95 1.325988469914906125e-103 1.813884559261460140e-112 1.015944591945875134e-121 2.181612752954731784e-131 1.854347617014847337e-141 6.238119363898224701e-152 8.636366715846833169e-163 4.555848845275367831e-174 9.508845937326828068e-186 7.851891556315464577e-198 2.682680615304618385e-210 3.471594753429013064e-223 1.777061907271590148e-236 3.779324917667654694e-250 3.030949843657988085e-264 9.614047682002766126e-279 1.272280632141857628e-293 6.321464824933266606e-309 0.000000000000000000e+00 0.000000000000000000e+00 0.000000000000000000e+00 0.000000000000000000e+00 0.000000000000000000e+00 0.000000000000000000e+00 0.000000000000000000e+00 0.000000000000000000e+00 0.000000000000000000e+00 0.000000000000000000e+00 0.000000000000000000e+00 0.000000000000000000e+00 0.000000000000000000e+00 0.000000000000000000e+00 0.000000000000000000e+00 0.000000000000000000e+00 0.000000000000000000e+00 0.000000000000000000e+00 0.000000000000000000e+00 0.000000000000000000e+00 0.000000000000000000e+00 0.000000000000000000e+00 0.000000000000000000e+00 0.000000000000000000e+00 0.000000000000000000e+00 0.000000000000000000e+00 0.000000000000000000e+00
9.615684714900361936e-169 1.197824015368401345e-157 5.904769613353631755e-147 1.151964423116452207e-136 8.894754945540408646e-127 2.809216238900156699e-117 3.613907319346408660e-108 1.723597524325644381e-99 3.254877035850528069e-91 2.434085837843580005e-83 7.209617229229877062e-76 8.459556720509342526e-69 4.024135955585890372e-62 7.404906819276301873e-56 5.402232991636297317e-50 1.563120983354629736e-44 1.794588665582145296e-39 8.179217440803504950e-35 1.480793273788768093e-30 1.065664234968444658e-26 3.051049056452534981e-23 3.478544496868583640e-20 1.581037539268391623e-17 2.868259704208600780e-15 2.079760725372923181e-13 6.036009503114977565e-12 7.022019096666012803e-11 3.279134478293164328e-10 6.154371899373892418e-10 4.646909281112410511e-10 1.412453058844043736e-10 1.728630131734519864e-11 8.516126861458616959e-13 1.687732239625444962e-14 1.344128841277313247e-16 4.296312000950733900e-19 5.503554052222379891e-22 2.821205272241273888e-25 5.778745529213402920e-29 4.795409451518506249e-33 1.564256803514275351e-37 2.031260738987435663e-42 1.048993683630931015e-47 2.152595073404787497e-53 1.753961650384372064e-59 5.671257639624808773e-66 7.457774389047522405e-73 3.797052539531827277e-80 7.661397873305569389e-88 6.124310176004700487e-96 1.939003782099974724e-104 2.430941230274933923e-113 1.247848906116183938e-122 2.455199297853161592e-132 1.911922842085031579e-142 5.891969436171160845e-153 7.472838150979276097e-164 3.610590291492306374e-175 6.901757241008773299e-187 5.219161223971052014e-199 1.633138453942580456e-211 1.935212865137171120e-224 9.070411018366440809e-238 1.766457459208107381e-251 1.297048633257826929e-265 3.766663338289175671e-280 4.564059748010562846e-295 2.076024123721170944e-310 0.000000000000000000e+00 0.000000000000000000e+00 0.000000000000000000e+00 0.000000000000000000e+00 0.000000000000000000e+00 0.000000000000000000e+00 0.000000000000000000e+00 0.000000000000000000e+00 0.000000000000000000e+00 0.000000000000000000e+00 0.000000000000000000e+00 0.000000000000000000e+00 0.000000000000000000e+00 0.000000000000000000e+00 0.000000000000000000e+00 0.000000000000000000e+00 0.000000000000000000e+00 0.000000000000000000e+00 0.000000000000000000e+00 0.000000000000000000e+00 0.000000000000000000e+00 0.000000000000000000e+00 0.000000000000000000e+00 0.000000000000000000e+00 0.000000000000000000e+00 0.000000000000000000e+00 0.000000000000000000e+00
2.518448091390271060e-167 2.786873747721451525e-156 1.220393557683299462e-145 2.114998985870732003e-135 1.450711601268822905e-125 4.069411534436228695e-116 4.367398202058602835e-107 1.855679328296924637e-98 3.121962178788773407e-90 2.079989155497658845e-82 5.488803085694117234e-75 5.738048016300199320e-68 2.431520936049043751e-61 3.986674327408436555e-55 2.591657784450216573e-49 6.682637312071880925e-44 6.837911258042128349e-39 2.778088194416079884e-34 4.484405422998738807e-30 2.878363424530481385e-26 7.353251340680042200e-23 7.484989067624256644e-20 3.039804758476018173e-17 4.932745063634935010e-15 3.203609777140162106e-13 8.342050963817830924e-12 8.725365555891763494e-11 3.672303201486342347e-10 6.228922871197126179e-10 4.263087025555766205e-10 1.178073268618213072e-10 1.314625837482307426e-11 5.921021446314327323e-13 1.075232613185039714e-14 7.861078534798004573e-17 2.309829050895241515e-19 2.722619664572206805e-22 1.284985503450733618e-25 2.424109809685755461e-29 1.853092041272120680e-33 5.567433075301798614e-38 6.657700838449763497e-43 3.165588532349470021e-48 5.979515497257380601e-54 4.483746357487754705e-60 1.333872743607682481e-66 1.534311412594199770e-73 7.163740673396289124e-81 1.325272811953520165e-88 9.711382871980570992e-97 2.818117612140872516e-105 3.237787231198518373e-114 1.523108316175109664e-123 2.745624862144246228e-133 1.958685547219118174e-143 5.529090906785018954e-154 6.423911414997185830e-165 2.842636737357125850e-176 4.976252937198041444e-188 3.446010245129250695e-200 9.875222968957546448e-213 1.071471423107870575e-225 4.598197008061267233e-239 8.200006031107480993e-253 5.512432845073766970e-267 1.465568091499053592e-281 1.625957043803096549e-296 6.770621529150251659e-312 0.000000000000000000e+00 0.000000000000000000e+00 0.000000000000000000e+00 0.000000000000000000e+00 0.000000000000000000e+00 0.000000000000000000e+00 0.000000000000000000e+00 0.000000000000000000e+00 0.000000000000000000e+00 0.000000000000000000e+00 0.000000000000000000e+00 0.000000000000000000e+00 0.000000000000000000e+00 0.000000000000000000e+00 0.000000000000000000e+00 0.000000000000000000e+00 0.000000000000000000e+00 0.000000000000000000e+00 0.000000000000000000e+00 0.000000000000000000e+00 0.000000000000000000e+00 0.000000000000000000e+00 0.000000000000000000e+00 0.000000000000000000e+00 0.000000000000000000e+00 0.000000000000000000e+00 0.000000000000000000e+00
5.793258348270789085e-166 5.717929935921862595e-155 2.233335432322231643e-144 3.452215124583596351e-134 2.112048302063519717e-124 5.283418333465603406e-115 5.057611245669094631e-106 1.916760614052004381e-97 2.876330631778980945e-89 1.709320922564022084e-81 4.023447873505983415e-74 3.751908610689321665e-67 1.417978542992331497e-60 2.073954981421850170e-54 1.202782056525708325e-48 2.767013680416486676e-43 2.526319302172088451e-38 9.159658304570412423e-34 1.319781584841675785e-29 7.563842402701363387e-26 1.726107341620889274e-22 1.570507785864999082e-19 5.705941068763223220e-17 8.292941204867791639e-15 4.831356353601605009e-13 1.130777401663272024e-11 1.065710082883869954e-10 4.053484949085520992e-10 6.234403772987708896e-10 3.882972925104957106e-10 9.800660988214684825e-11 1.002377008388109962e-11 4.150524556892655898e-13 6.946796316689151438e-15 4.690072813112593009e-17 1.274328588116173512e-19 1.390154054576228205e-22 6.074970935232060358e-26 1.061292321360157855e-29 7.513569470337115118e-34 2.089982654458621984e-38 2.313353930716546374e-43 1.017840739776573226e-48 1.778578662844092607e-54 1.233410060062945899e-60 3.392541381231891279e-67 3.794175513636647663e-74 1.641803002558944400e-81 2.814346651523280539e-89 1.910589298065435590e-97 5.135592099218222108e-106 5.464665693735290159e-115 2.380821299388731004e-124 3.973912434478214619e-134 2.624701251698408501e-144 6.859125068248538586e-155 7.377885503709394644e-166 2.784092940670232659e-177 4.498172846284282994e-189 2.874733342295632989e-201 7.603392587694438637e-214 7.612862433902379930e-227 3.014705216629178899e-240 4.961349679334238789e-254 3.077444261676967331e-268 7.549218930037689635e-283 7.728534309749061663e-298 2.969240070848030520e-313 0.000000000000000000e+00 0.000000000000000000e+00 0.000000000000000000e+00 0.000000000000000000e+00 0.000000000000000000e+00 0.000000000000000000e+00 0.000000000000000000e+00 0.000000000000000000e+00 0.000000000000000000e+00 0.000000000000000000e+00 0.000000000000000000e+00 0.000000000000000000e+00 0.000000000000000000e+00 0.000000000000000000e+00 0.000000000000000000e+00 0.000000000000000000e+00 0.000000000000000000e+00 0.000000000000000000e+00 0.000000000000000000e+00 0.000000000000000000e+00 0.000000000000000000e+00 0.000000000000000000e+00 0.000000000000000000e+00 0.000000000000000000e+00 0.000000000000000000e+00 0.000000000000000000e+00 0.000000000000000000e+00
1.166149469561385708e-164 1.030957220543720499e-153 3.880604781836337794e-143 5.357700245536816451e-133 2.927660113786565789e-123 6.540247580558055794e-114 5.591963399785590520e-105 1.892905602691050283e-96 2.537145474974803446e-88 1.346728214230846401e-80 2.831458646415267748e-73 2.358453150094443504e-66 7.960547975861355441e-60 1.040065540146409931e-53 5.388361245228646797e-48 1.107435304817773209e-42 9.033878790209506912e-38 2.926879491126535108e-33 3.769257382563464609e-29 1.931319819435196869e-25 3.942096854042790159e-22 3.210130732828727335e-19 1.044786727326882586e-16 1.362014716347341607e-14 7.129788549596800370e-13 1.502900746205738784e-11 1.279461805879609875e-10 4.411817740279473552e-10 6.177031171551503963e-10 3.517820185831147310e-10 8.154881277463399452e-11 7.691877168476226965e-12 2.947598848168278230e-13 4.578359036610005831e-15 2.874210279696803447e-17 7.270741371228996791e-20 7.389461302969193713e-23 3.009236835607088528e-26 4.898857664775525891e-30 3.231544605004546061e-34 8.372044244731464711e-39 8.627929954610153249e-44 3.533200628695653840e-49 5.744336833547387271e-55 3.705251524575623513e-61 9.476681238935437459e-68 9.853908552499848777e-75 3.963018848448868153e-82 6.312633700147931945e-90 3.981552198582390305e-98 9.941706931596937381e-107 9.825637650622581504e-116 3.976019248368977473e-125 6.162683257817113148e-135 3.779387377364265017e-145 9.169910643325770736e-156 9.158024573975306287e-167 3.482217961867908545e-178 5.237431867993736230e-190 2.853571010663410454e-202 7.006172013287971832e-215 6.510844483708398024e-228 2.392960133554263001e-241 3.655346121529878790e-255 2.104241630142145962e-269 4.790423844324263038e-284 4.551728151573341866e-299 1.622833010170525049e-314 0.000000000000000000e+00 0.000000000000000000e+00 0.000000000000000000e+00 0.000000000000000000e+00 0.000000000000000000e+00 0.000000000000000000e+00 0.000000000000000000e+00 0.000000000000000000e+00 0.000000000000000000e+00 0.000000000000000000e+00 0.000000000000000000e+00 0.000000000000000000e+00 0.000000000000000000e+00 0.000000000000000000e+00 0.000000000000000000e+00 0.000000000000000000e+00 0.000000000000000000e+00 0.000000000000000000e+00 0.000000000000000000e+00 0.000000000000000000e+00 0.000000000000000000e+00 0.000000000000000000e+00 0.000000000000000000e+00 0.000000000000000000e+00 0.000000000000000000e+00 0.000000000000000000e+00 0.000000000000000000e+00
2.798832547487225466e-163 2.201000808813744463e-152 6.849578825950329388e-142 8.436025836155413395e-132 4.112218261861351089e-122 8.193525346594312790e-113 6.249423235943485807e-104 1.887147295260250229e-95 2.256453235448942116e-87 1.068486048390268935e-79 2.004066249842772369e-72 1.489185403872817551e-65 4.483499299798644579e-59 5.226081453444071799e-53 2.415633897959589422e-47 4.429726758829506508e-42 3.224435798059877060e-37 9.323083390823519481e-33 1.071684942231960664e-28 4.902806948984278256e-25 8.938865797209638855e-22 6.506105444016035312e-19 1.894454264817692933e-16 2.212599244151540652e-14 1.039741307583156974e-12 1.972841810963961770e-11 1.517252459353424561e-10 4.747271360365892741e-10 6.062263400919238742e-10 3.166287838283695796e-10 6.768164813482234954e-11 5.915281200362501099e-12 2.108734731004322054e-13 3.055881916019284730e-15 1.793249171505624265e-17 4.244742475048939257e-20 4.038489963158413147e-23 1.539563825982404546e-26 2.345656320099568074e-30 1.447737217391010502e-34 3.507457515166827576e-39 3.378806939295921890e-44 1.292842450229810580e-49 1.963259913460878631e-55 1.182424357942366080e-61 2.822954055798397375e-68 2.739579870564790482e-75 1.027986657546494880e-82 1.443129220521178894e-90 8.465267220256124343e-99 1.965530234928451755e-107 1.806155849916249753e-116 6.795473416010657865e-126 9.791016902420536519e-136 5.581231134286200870e-146 1.258615055707627396e-156 1.168342858094415685e-167 4.128500636933430611e-179 5.770344745101101277e-191 3.189926518519439636e-203 7.299112776665716028e-216 6.320664909754718429e-229 2.164635272630898640e-242 3.081327642034864594e-256 1.652754631189751714e-270 3.505755819766824379e-285 3.103978462884366646e-300 1.031091213609834282e-315 0.000000000000000000e+00 0.000000000000000000e+00 0.000000000000000000e+00 0.000000000000000000e+00 0.000000000000000000e+00 0.000000000000000000e+00 0.000000000000000000e+00 0.000000000000000000e+00 0.000000000000000000e+00 0.000000000000000000e+00 0.000000000000000000e+00 0.000000000000000000e+00 0.000000000000000000e+00 0.000000000000000000e+00 0.000000000000000000e+00 0.000000000000000000e+00 0.000000000000000000e+00 0.000000000000000000e+00 0.000000000000000000e+00 0.000000000000000000e+00 0.000000000000000000e+00 0.000000000000000000e+00 0.000000000000000000e+00 0.000000000000000000e+00 0.000000000000000000e+00 0.000000000000000000e+00 0.000000000000000000e+00
6.271499229314005999e-162 4.395259452792168480e-151 1.218985643992916731e-140 1.337961801344913763e-130 5.812379104652994605e-121 1.031917144709074374e-111 7.014368050437759891e-103 1.887691198045272956e-94 2.011548913094141392e-86 8.488981875146118891e-79 1.419011080295688043e-71 9.397566386714285219e-65 2.521203442591724155e-58 2.619261916315296653e-52 1.079098805556701368e-46 1.763828429746542936e-41 1.144496717024650230e-36 2.950188913260286331e-32 3.023848697558023904e-28 1.233825424399297140e-24 2.007170228282019616e-21 1.304344000732184406e-18 3.394323691454054777e-16 3.548333278655290992e-14 1.495793082964307982e-12 2.554181636779929809e-11 1.775472273527433451e-10 5.048787334420351649e-10 5.892216888588009879e-10 2.826761683596973289e-10 5.587056355187092161e-11 4.540865356005790840e-12 1.511929078458722215e-13 2.052412759438111783e-15 1.130089407506891695e-17 2.511766718829792953e-20 2.244087046940690201e-23 8.031331314934061862e-27 1.148207419465856895e-30 6.646969574921458800e-35 1.509495489282474959e-39 1.362367798035067237e-44 4.881761349375740635e-50 6.939698474777948894e-56 3.911311594684431449e-62 8.736024099678385850e-69 7.930347852689265162e-76 2.782643147262075125e-83 3.865694628025197598e-91 2.125764605031905418e-99 4.626461428362823340e-108 3.984463773373307938e-117 1.405014681230235998e-126 1.896949527844474139e-136 1.013196098511717236e-146 2.140745119243021394e-157 1.861963229251398468e-168 6.163938121892613697e-180 8.070776822263972234e-192 4.179523439020221150e-204 8.959403413507288352e-217 7.267409614635750388e-230 2.331306734608592885e-243 3.108746002529278718e-257 1.561841874674914674e-271 3.103022133130364468e-286 2.573558992609412249e-301 8.007109473921371005e-317 0.000000000000000000e+00 0.000000000000000000e+00 0.000000000000000000e+00 0.000000000000000000e+00 0.000000000000000000e+00 0.000000000000000000e+00 0.000000000000000000e+00 0.000000000000000000e+00 0.000000000000000000e+00 0.000000000000000000e+00 0.000000000000000000e+00 0.000000000000000000e+00 0.000000000000000000e+00 0.000000000000000000e+00 0.000000000000000000e+00 0.000000000000000000e+00 0.000000000000000000e+00 0.000000000000000000e+00 0.000000000000000000e+00 0.000000000000000000e+00 0.000000000000000000e+00 0.000000000000000000e+00 0.000000000000000000e+00 0.000000000000000000e+00 0.000000000000000000e+00 0.000000000000000000e+00 0.000000000000000000e+00
1.519796160986066968e-160 9.459092979733919003e-150 2.329783848626235605e-139 2.270982969736027274e-129 8.761497844960244393e-120 1.381165238877468339e-110 8.337704284134306748e-102 1.992727737411594891e-93 1.885858864485819641e-85 7.068040316606682824e-78 1.049296641736654534e-70 6.171669041264948938e-64 1.470273978187931763e-57 1.356631344607427718e-51 4.964217585551732335e-46 7.207299616208606675e-41 4.154190217249873199e-36 9.513064625132849683e-32 8.663548330888283385e-28 3.141658580646253717e-24 4.543875101056568033e-21 2.626892187571711733e-18 6.087652585361616950e-16 5.676339975062298969e-14 2.139706236896452015e-12 3.279465676694198259e-11 2.056980482233714992e-10 5.314510428156053876e-10 5.686588310542610654e-10 2.527652540985214085e-10 4.666425764793127700e-11 3.566068437401382014e-12 1.121676171088453458e-13 1.442460434093697126e-15 7.533996514804348752e-18 1.588908534373416105e-20 1.346624847492710163e-23 4.569193330095923563e-27 6.189182233082164723e-31 3.392753157502390971e-35 7.290896675390450925e-40 6.223517481381950213e-45 2.025302439502796011e-50 2.712989489389379032e-56 1.440396487958848904e-62 3.029743863270769733e-69 2.589740939617655071e-76 8.553988643590983624e-84 1.118444259981562007e-91 5.787851790113715071e-100 1.185265839594668527e-108 9.604136329615847054e-118 3.186363086891239058e-127 4.046919335798329273e-137 2.033248165088463062e-147 4.040801989129935781e-158 3.305987495719445842e-169 1.029339469882656658e-180 1.267569751860782773e-192 6.173441479007580290e-205 1.244669889828667383e-217 9.494655106362123706e-231 2.864280255829474907e-244 3.592129172809984866e-258 1.697099535121503161e-272 3.170686667942606119e-287 2.473073876428269415e-302 7.235487629559428978e-318 0.000000000000000000e+00 0.000000000000000000e+00 0.000000000000000000e+00 0.000000000000000000e+00 0.000000000000000000e+00 0.000000000000000000e+00 0.000000000000000000e+00 0.000000000000000000e+00 0.000000000000000000e+00 0.000000000000000000e+00 0.000000000000000000e+00 0.000000000000000000e+00 0.000000000000000000e+00 0.000000000000000000e+00 0.000000000000000000e+00 0.000000000000000000e+00 0.000000000000000000e+00 0.000000000000000000e+00 0.000000000000000000e+00 0.000000000000000000e+00 0.000000000000000000e+00 0.000000000000000000e+00 0.000000000000000000e+00 0.000000000000000000e+00 0.000000000000000000e+00 0.000000000000000000e+00 0.000000000000000000e+00
3.117356327717287318e-159 1.732478871926992642e-148 3.810251764424980356e-138 3.316450391099730131e-128 1.142513600904880994e-118 1.607971009319075500e-109 8.667739470521682849e-101 1.849847522082744387e-92 1.563247949980961220e-84 5.231798621007664413e-77 6.935646865536801099e-70 3.642776120297347497e-63 7.748182393247034449e-57 6.384382885710199906e-51 2.086291235568042135e-45 2.705079956693193397e-40 1.392518929675415421e-35 2.848249810574370876e-31 2.317137395207758531e-27 7.507622949373398493e-24 9.705208699535201741e-21 5.017704213566014325e-18 1.040930162000100132e-15 8.702967262274583699e-14 2.949622810107957363e-12 4.082288100309663140e-11 2.326981435981684245e-10 5.511096392708958367e-10 5.462081010922828306e-10 2.273570666112674766e-10 3.969638279404407516e-11 2.890796909856805741e-12 8.706805440878238061e-14 1.074806452886377813e-15 5.393054872276680073e-18 1.092486447288035975e-20 8.887765677869790740e-24 2.892449395703814337e-27 3.754844316312743109e-31 1.971317544413325771e-35 4.054418704273126476e-40 3.310514590049060357e-45 1.072240903819047701e-50 1.376713938884823958e-56 6.689357634072726648e-63 1.344078957525015439e-69 1.097316965426882294e-76 3.460955447705593543e-84 4.320474092730142028e-92 2.134385768753678645e-100 4.172219677223083943e-109 3.226786082089801643e-118 1.021807732013821413e-127 1.238524749910720455e-137 5.938216011652837150e-148 1.126162712498110027e-158 8.792638588298019153e-170 2.612265194693582897e-181 3.069448782699628537e-193 1.426384247798684780e-205 2.744147397179010549e-218 1.997276995493852561e-231 5.748763859906509702e-245 6.879182864320598575e-259 3.100860343414745891e-273 5.527313733673844002e-288 4.113500130902447624e-303 1.148208560935056969e-318 0.000000000000000000e+00 0.000000000000000000e+00 0.000000000000000000e+00 0.000000000000000000e+00 0.000000000000000000e+00 0.000000000000000000e+00 0.000000000000000000e+00 0.000000000000000000e+00 0.000000000000000000e+00 0.000000000000000000e+00 0.000000000000000000e+00 0.000000000000000000e+00 0.000000000000000000e+00 0.000000000000000000e+00 0.000000000000000000e+00 0.000000000000000000e+00 0.000000000000000000e+00 0.000000000000000000e+00 0.000000000000000000e+00 0.000000000000000000e+00 0.000000000000000000e+00 0.000000000000000000e+00 0.000000000000000000e+00 0.000000000000000000e+00 0.000000000000000000e+00 0.000000000000000000e+00 0.000000000000000000e+00
4.581730068561655430e-158 2.477636420123014833e-147 4.908668425108777569e-137 3.848828114920823196e-127 1.194442886226632455e-117 1.514136522217662075e-108 7.352721847620979042e-100 1.413631839486556770e-91 1.076189553080622296e-83 3.244702279356779010e-76 3.875041965262701791e-69 1.833541719084742526e-62 3.512867192109149310e-56 2.607714323376374447e-50 7.677214970881545685e-45 8.968273302651351970e-40 4.159565262371648945e-35 7.666031446713638723e-31 5.619962645501533243e-27 1.641135785110860055e-23 1.912622440133626201e-20 8.919227109645056222e-18 1.670437751753740930e-15 1.262889257588814095e-13 3.881493672069057513e-12 4.895309882614219831e-11 2.562317059499970800e-10 5.632987734805125704e-10 5.251806141220927324e-10 2.085201516509155948e-10 3.514847821909059492e-11 2.492239864667949319e-12 7.344110746846128420e-14 8.887317004485205118e-16 4.372511669365969821e-18 8.679449845201860986e-21 6.912559477429992938e-24 2.200189053852745821e-27 2.790946398518152281e-31 1.430772508785447362e-35 2.871505909781360620e-40 2.286764319188735492e-45 7.220750910880215636e-51 8.653619470157052716e-57 4.277170875150865386e-63 8.371442639315808342e-70 6.656581344542805387e-77 2.044459648590139507e-84 2.485000734657086264e-92 1.195196612518366545e-100 2.274423476620310493e-109 1.712318784502952334e-118 5.278243431093588393e-128 6.227219636842796306e-138 2.906025252623514797e-148 5.363961208400627959e-159 4.076168628757170504e-170 1.178613650444037859e-181 1.347808363158689759e-193 6.095526362482874129e-206 1.141304263181406889e-218 8.084041303099526381e-232 2.264417721435731094e-245 2.637090757034915061e-259 1.156791312318529306e-273 2.006635406069493977e-288 1.453325342242916156e-303 3.947732729965312262e-319 0.000000000000000000e+00 0.000000000000000000e+00 0.000000000000000000e+00 0.000000000000000000e+00 0.000000000000000000e+00 0.000000000000000000e+00 0.000000000000000000e+00 0.000000000000000000e+00 0.000000000000000000e+00 0.000000000000000000e+00 0.000000000000000000e+00 0.000000000000000000e+00 0.000000000000000000e+00 0.000000000000000000e+00 0.000000000000000000e+00 0.000000000000000000e+00 0.000000000000000000e+00 0.000000000000000000e+00 0.000000000000000000e+00 0.000000000000000000e+00 0.000000000000000000e+00 0.000000000000000000e+00 0.000000000000000000e+00 0.000000000000000000e+00 0.000000000000000000e+00 0.000000000000000000e+00 0.000000000000000000e+00
6.984125620513050082e-157 3.161349811725607876e-146 5.663092444899695482e-136 4.014983837273972343e-126 1.126666642702069153e-116 1.291252382416230019e-107 5.670023446327816156e-99 9.857573930670996668e-91 6.786173444162949685e-83 1.850197814762068578e-75 1.998163271153870961e-68 8.549890276953319049e-62 1.481097942274432922e-55 9.942751685329212952e-50 2.647169312609902769e-44 2.796585944324529251e-39 1.173068192480791162e-34 1.955349006009149005e-30 1.296584537067980675e-26 3.425183840289718854e-23 3.611947934052849026e-20 1.524740876843115824e-17 2.587041811368679584e-15 1.774651579970197223e-13 4.963658460676806483e-12 5.727745061116475077e-11 2.768222140034813758e-10 5.696326838292947887e-10 5.057578915372331001e-10 1.946610124053112291e-10 3.227432750906614754e-11 2.271977384442100163e-12 6.676465590669858598e-14 8.066661950900631113e-16 3.960698476588869377e-18 7.837501388106387841e-21 6.215103442526998844e-24 1.967519713726047681e-27 2.409143957103048879e-31 1.222867984641943718e-35 2.428550791154257570e-40 1.912840050048399395e-45 5.971649998730163433e-51 7.385636620923681819e-57 3.617465957784758977e-63 7.014963872296452422e-70 5.525818631695006354e-77 1.681078489726080437e-84 2.023767384984410707e-92 9.639773322360488160e-101 1.816633744208881622e-109 1.354345355342379062e-118 4.134029757438101513e-128 4.829456815465780082e-138 2.231582006108286574e-148 4.078493235020969413e-159 3.068783599322571545e-170 8.785628897309758195e-182 9.947445704779465984e-194 4.454225371319456743e-206 8.257387958359276062e-219 5.790818721537690810e-232 1.605961552822179249e-245 1.851717697740033526e-259 8.042049279527212321e-274 1.381147305469122324e-288 9.903732038188343716e-304 2.663409083600991870e-319 0.000000000000000000e+00 0.000000000000000000e+00 0.000000000000000000e+00 0.000000000000000000e+00 0.000000000000000000e+00 0.000000000000000000e+00 0.000000000000000000e+00 0.000000000000000000e+00 0.000000000000000000e+00 0.000000000000000000e+00 0.000000000000000000e+00 0.000000000000000000e+00 0.000000000000000000e+00 0.000000000000000000e+00 0.000000000000000000e+00 0.000000000000000000e+00 0.000000000000000000e+00 0.000000000000000000e+00 0.000000000000000000e+00 0.000000000000000000e+00 0.000000000000000000e+00 0.000000000000000000e+00 0.000000000000000000e+00 0.000000000000000000e+00 0.000000000000000000e+00 0.000000000000000000e+00 0.000000000000000000e+00
7.354355086675558204e-156 3.040606994572783868e-145 4.975272534420188115e-135 3.222123983690266615e-125 8.259770493439516055e-116 8.646795809355747812e-107 3.468782745763788411e-98 5.509664414710868367e-90 3.465419301864625047e-82 8.632482499842192632e-75 8.518131531847051826e-68 3.330252631655334551e-61 5.498521649853886545e-55 3.363173982536724264e-49 8.158515354497439144e-44 7.853292733168169169e-39 3.001592593792066859e-34 4.559046505003203096e-30 2.754851245213550239e-26 6.632432783195904849e-23 6.375287390573124164e-20 2.453968825638795260e-17 3.799092339923092711e-15 2.381166171150597641e-13 6.102703405207560158e-12 6.490102285447350028e-11 2.921775955024173101e-10 5.696991406209399829e-10 4.901519482169964827e-10 1.870341819557660739e-10 3.128756513032311257e-11 2.244453107062069389e-12 6.746907287227501165e-14 8.341877939142195957e-16 4.186903537095507938e-18 8.457316622199451901e-21 6.836813573639174157e-24 2.203857554351412853e-27 2.826108381805570026e-31 1.462446314279415352e-35 2.959346857392738010e-40 2.374057366413008844e-45 7.546214272387407903e-51 9.500284046001670109e-57 4.735701295630024741e-63 9.344876011020065184e-70 7.489513453377760242e-77 2.318083190156752793e-84 2.838951253292855470e-92 1.375622574119572261e-100 2.475806220318349680e-109 1.872179993794579791e-118 5.796172861021436465e-128 6.867793250839897380e-138 3.218671838956786943e-148 5.966277066771919066e-159 4.552983937966327502e-170 1.322010103519116803e-181 1.518107538916413157e-193 6.894290303283448477e-206 1.296208256634902694e-218 9.219219314735600825e-232 2.593042146503478171e-245 3.032204009119782291e-259 1.335572543197057810e-273 2.326250613749974568e-288 1.691688867002229129e-303 4.613980253382233227e-319 0.000000000000000000e+00 0.000000000000000000e+00 0.000000000000000000e+00 0.000000000000000000e+00 0.000000000000000000e+00 0.000000000000000000e+00 0.000000000000000000e+00 0.000000000000000000e+00 0.000000000000000000e+00 0.000000000000000000e+00 0.000000000000000000e+00 0.000000000000000000e+00 0.000000000000000000e+00 0.000000000000000000e+00 0.000000000000000000e+00 0.000000000000000000e+00 0.000000000000000000e+00 0.000000000000000000e+00 0.000000000000000000e+00 0.000000000000000000e+00 0.000000000000000000e+00 0.000000000000000000e+00 0.000000000000000000e+00 0.000000000000000000e+00 0.000000000000000000e+00 0.000000000000000000e+00 0.000000000000000000e+00
7.041964659453798876e-27 2.633229164096912331e-26 9.373036490969291040e-26 3.175932401105666814e-25 1.024386685572521960e-24 3.150595757856285547e-24 9.207955686721293216e-24 2.561785156285379521e-23 6.784744352321156604e-23 1.710558330825666820e-22 4.105425596521268749e-22 9.379865649645074294e-22 2.042477593345919123e-21 4.228688429636995668e-21 8.334482237909383333e-21 1.563788938954055689e-20 2.793226663193701435e-20 4.749683145632062247e-20 7.688742704502797512e-20 1.184895311055952341e-19 1.738362111213399042e-19 2.427938553708608831e-19 3.228299238764950903e-19 4.086484922622574647e-19 4.924558720606370025e-19 5.649723802623031115e-19 6.170646395621891621e-19 6.416210600647697655e-19 6.351435863886173940e-19 5.985649951751712620e-19 5.370286114129805329e-19 4.587021186006487639e-19 3.730024310285044269e-19 2.887622617768408446e-19 2.128223349690680831e-19 1.493282539943770438e-19 9.975040813846105711e-20 6.343589335147941749e-20 3.840632714232455825e-20 2.215650751659675176e-20 1.215891928519426290e-20 6.352347170971793951e-21 3.159499079845696465e-21 1.496049849121298583e-21 6.743986212727798007e-22 2.894202443998558210e-22 1.184118144679318162e-22 4.605952398560625017e-23 1.705616528949715351e-23 6.012835629989535349e-24 2.017955594104883989e-24 6.447279248502766943e-25 1.964638026861980575e-25 5.689052272356559715e-26 1.568282235147542425e-26 4.115602305548624751e-27 1.030402838650681596e-27 2.450712980114467697e-28 5.548763897787670130e-29 1.195958632455520402e-29 2.459930854279644200e-30 4.805083102602267410e-31 8.841636346912395782e-32 1.568796498204516114e-32 2.642809212338694575e-33 4.238055767545014374e-34 6.488390842308778174e-35 9.429019158464613078e-36 1.304337967585287771e-36 1.722956239166718638e-37 2.159789064921992734e-38 2.577121574953007460e-39 2.937040777631742562e-40 3.175643796770343158e-41 3.279939172078461560e-42 3.213481044511286098e-43 3.007867195295930430e-44 2.670218309439890530e-45 2.256336139633753441e-46 1.821902448544306235e-47 1.394908144194992999e-48 1.020684204468314147e-49 7.080530341979176526e-51 4.694902785564101754e-52 2.950839387289945883e-53 1.773014246358608952e-54 1.009640319294066596e-55 5.497057019993578209e-57 2.836033670439229274e-58 1.399146477172488559e-59 6.539770024139037848e-61 2.923439779363629013e-62 1.237950740245670973e-63 5.014259943237893012e-65 1.933346776601489290e-66
4.432876534690879618e-08 1.751885284949752730e-07 6.576549696696848831e-07 2.345131096679279278e-06 7.943591318088625598e-06 2.560436641412233819e-05 7.825345385739433223e-05 2.271884273806529426e-04 6.265651106964169196e-04 1.641525326313134081e-03 4.085397868651048821e-03 9.658962361390186976e-03 2.172013281410162602e-02 4.633985047393915369e-02 9.392204248771171549e-02 1.808442834624218176e-01 3.308033444186367356e-01 5.748654608010026479e-01 9.490672570614336889e-01 1.488556418730900166e+00 2.218063991058633722e+00 3.139974091516097854e+00 4.223027028980525621e+00 5.395974078971160104e+00 6.550376204054277451e+00 7.554661669134226543e+00 8.277857834918345148e+00 8.617407605968733009e+00 8.522997684464129975e+00 8.008778281058896553e+00 7.149887407304121645e+00 6.064455223576929122e+00 4.887023503419976045e+00 3.741599027531936628e+00 2.721636602181583431e+00 1.880887219531585330e+00 1.234964587422354043e+00 7.703791966569648597e-01 4.565746615863504054e-01 2.573209758987010654e-01 1.376660630732186863e-01 6.997311340358373932e-02 3.378983898920714241e-02 1.550206210337204751e-02 6.756765586347622879e-03 2.797896671653566335e-03 1.102312173049297805e-03 4.120121308994061809e-04 1.463019143941129659e-04 4.935388584814866670e-05 1.581687274875665194e-05 4.815531953428780008e-06 1.395511113264808328e-06 3.834677354641662411e-07 1.001007712048327571e-07 2.482304864731187786e-08 5.860834421742869714e-09 1.311648331034075358e-09 2.788509707245359800e-10 5.631440378565970590e-11 1.083112948060571881e-11 1.973911853361857773e-12 3.417130308566312890e-13 5.634977877743323572e-14 8.802518913228694387e-15 1.290708647391703272e-15 1.824146567761152399e-16 2.441515124731110791e-17 3.103939468261013942e-18 3.760490060984891114e-19 4.313485735095463874e-20 4.699525392488739996e-21 4.880313476562458149e-22 4.797103110364965643e-23 4.495098638339096352e-24 3.986213510035843012e-25 3.370324774384610126e-26 2.696297978912570054e-27 2.048701571981982677e-28 1.484470267956993373e-29 1.017502238427199181e-30 6.651858845276992938e-32 4.112881482141782586e-33 2.425801529687821054e-34 1.352958869203389784e-35 7.199167376621646794e-37 3.621806428956293188e-38 1.738598600659904591e-39 7.889400898597007116e-41 3.416512033688836257e-42 1.398357137874806516e-43 5.462744741444428852e-45 2.016628151351283005e-46 7.106604343292392198e-48 2.378667295859719210e-49
3.709078921754494883e-07 1.283527232074261255e-06 4.240189007787490883e-06 1.337245412074270209e-05 4.026126853222184219e-05 1.159064883720300701e-04 3.180299382038136299e-04 8.330913992890918041e-04 2.083465355261888106e-03 4.974546033597659206e-03 1.133962412810686840e-02 2.467892998311516789e-02 5.133495866137011837e-02 1.018328412794915483e-01 1.928669059275723574e-01 3.487601011061515210e-01 6.021421016237626933e-01 9.926086403620751897e-01 1.562311200987117843e+00 2.347852910986286901e+00 3.368924579209372272e+00 4.615638379885239395e+00 6.038028498582292514e+00 7.541956528306514862e+00 8.994990959906953520e+00 1.024347688745897678e+01 1.113847847310501571e+01 1.156479047956845818e+01 1.146527370949560698e+01 1.085342749660734007e+01 9.810383942174656369e+00 8.467246817872464248e+00 6.968793492747265894e+00 5.482329882802699395e+00 4.118221190697282097e+00 2.953863880865569946e+00 2.023050299115255690e+00 1.322991599491184944e+00 8.261144780321527659e-01 4.929635052852544552e-01 2.806653389205130411e-01 1.525771784711906776e-01 7.919808419083088080e-02 3.925196058317449721e-02 1.857490803386642464e-02 8.392811663957798485e-03 3.625573084786557973e-03 1.493513190284719103e-03 5.874167750792044871e-04 2.205893968286016475e-04 7.908969521167456590e-05 2.707372350994205154e-05 8.863925448543502020e-06 2.766035592991458638e-06 8.240794739631038296e-07 2.343988752633346850e-07 6.378190636431837141e-08 1.653678455988877325e-08 4.093225467898735653e-09 9.672450583245178156e-10 2.187094977080378862e-10 4.710506034828409725e-11 9.685216572471956561e-12 1.905854897855147737e-12 3.571345854996240725e-13 6.388538410632980809e-14 1.093927421575122987e-14 1.783323114544907511e-15 2.775141084134706528e-16 4.134629522478524724e-17 5.863217184249937479e-18 7.936615143335490882e-19 1.028752427319110542e-19 1.268902064223554838e-20 1.498908294659226303e-21 1.684586385148838194e-22 1.813406211171540609e-23 1.856940828690421373e-24 1.814980584050897108e-25 1.699460157197147162e-26 1.513375007074125138e-27 1.291225223108622238e-28 1.047574025449239098e-29 8.144088509929223094e-31 6.019474433516014696e-32 4.263882774038241975e-33 2.871055917745327571e-34 1.852953685342238668e-35 1.136603295449642853e-36 6.683378689565954402e-38 3.734536506418189281e-39 2.000676230006673376e-40 1.018363351613686867e-41 4.970329402777519143e-43 2.315530470473563650e-44
2.689305780048440150e-06 8.181923673030683949e-06 2.387992472352913032e-05 6.686178433492950606e-05 1.795955824877870394e-04 4.634563521984948176e-04 1.145670682879725098e-03 2.717058560272492956e-03 6.182036459918200874e-03 1.349467919951071078e-02 2.826161764927518499e-02 5.678581282188196327e-02 1.095771320158816647e-01 2.026591832337419630e-01 3.596128358826873872e-01 6.122532136477102371e-01 1.000134130588250292e+00 1.567547933803394855e+00 2.357342838904812776e+00 3.401478486820482594e+00 4.709331624703435359e+00 6.256056373039457164e+00 7.974342539313948208e+00 9.753146147157238488e+00 1.144597181533450581e+01 1.288904991012051227e+01 1.392679985075270643e+01 1.443928060858761242e+01 1.436497445655779437e+01 1.371292834525229054e+01 1.256094305092774910e+01 1.104031070125068048e+01 9.311236192667109890e+00 7.535291371051553000e+00 5.851386010693563122e+00 4.359959433428963749e+00 3.117237095034439243e+00 2.138549381985706432e+00 1.407760759087043123e+00 8.898495366105905191e-01 5.393453894505622070e-01 3.136677914470066275e-01 1.750339820443506944e-01 9.371756262661000425e-02 4.814621976066184306e-02 2.373242976488830827e-02 1.123751552668514515e-02 5.099684475057366870e-03 2.220457783584436386e-03 9.276056751377222782e-04 3.717930238414459440e-04 1.429720706284690285e-04 5.283082051040233218e-05 1.870140726074430296e-05 6.351235570837634618e-06 2.069349982542898222e-06 6.433201211305533817e-07 1.928801631501577919e-07 5.547839101900987220e-08 1.530843031922197048e-08 4.060720858886305653e-09 1.031246830405648621e-09 2.512329576395753668e-10 5.884687880970660611e-11 1.319344750121106498e-11 2.837473994339786348e-12 5.868213549338170008e-13 1.161366626499709549e-13 2.204734254565923466e-14 4.025425554636666866e-15 7.031673335404031405e-16 1.178187649864164907e-16 1.898925365882175578e-17 2.927489108265532830e-18 4.341770050214952756e-19 6.158399366030692264e-20 8.404268628725719964e-21 1.096724165499017943e-21 1.372691740494031294e-22 1.653296955029346841e-23 1.903700781173241439e-24 2.109583621610979030e-25 2.234609601891037598e-26 2.278270274318757995e-27 2.219999905114056748e-28 2.082323488376537209e-29 1.866488084245437542e-30 1.610642136467317208e-31 1.327983561517309449e-32 1.054223856772027857e-33 7.995233940299207612e-35 5.838833455470111427e-36 4.073033011176788427e-37 2.736256465893084434e-38 1.763103270615196062e-39
9.478497934480544968e-06 2.655586158094135611e-05 7.160427591639057974e-05 1.858153819265398281e-04 4.640822966213001602e-04 1.117011858781706340e-03 2.584082604981529415e-03 5.753672634329537287e-03 1.233049480608774083e-02 2.543424557423122623e-02 5.049711173757799598e-02 9.650054531137652880e-02 1.776677035725261200e-01 3.145542485308009950e-01 5.377586733531138918e-01 8.819526356461868666e-01 1.392347413950571156e+00 2.115921994251312555e+00 3.095325372827832044e+00 4.358853008971325771e+00 5.908833456418188135e+00 7.710790659831262772e+00 9.686511591015525724e+00 1.171414376036860538e+01 1.363739152661105791e+01 1.528383167131755549e+01 1.648980499586338411e+01 1.712706218345975984e+01 1.712519903448093572e+01 1.648445766143473534e+01 1.527567560097497079e+01 1.362739743156108929e+01 1.170339086304085008e+01 9.676001139648658267e+00 7.701302996165194870e+00 5.900853916451889170e+00 4.352569389162012747e+00 3.090680805130655351e+00 2.112697141106782972e+00 1.391180473388809791e+00 8.813142760452152835e-01 5.374544154466048829e-01 3.155088646887675985e-01 1.782936564940161006e-01 9.698612778914303401e-02 5.078406897296075528e-02 2.562440420398964108e-02 1.243279239622386949e-02 5.806448975313229996e-03 2.610198212899499451e-03 1.129408545842275390e-03 4.703671654454531456e-04 1.888197369191799840e-04 7.285444266889954659e-05 2.705536657262514721e-05 9.670142655968554438e-06 3.332056729805613764e-06 1.103218432721589305e-06 3.515383282491158371e-07 1.078050886909215522e-07 3.187729927308264880e-08 9.054505543501919972e-09 2.475048614950702292e-09 6.524327445919019831e-10 1.651706172449732582e-10 4.023895368817403307e-11 9.454788219299459898e-12 2.133078351896114343e-12 4.630849545485452332e-13 9.697618168412767374e-14 1.949508785727596529e-14 3.771093486625491749e-15 7.037533609029898827e-16 1.260481007174984465e-16 2.178232713307828549e-17 3.612214279097973717e-18 5.714620375082344365e-19 8.771783234366165833e-20 1.295495007384760810e-20 1.846465113158594530e-21 2.524621986008470940e-22 3.331595120972204914e-23 4.216949534217206470e-24 5.152154053617852732e-25 6.036852143671053487e-26 6.828426943074151106e-27 7.406336968254476992e-28 7.755671140904609936e-29 7.786635425495760256e-30 7.548464014867584380e-31 7.014943421832796175e-32 6.295260147651410428e-33 5.415053292788255401e-34 4.498438428690110045e-35 3.595543314216879400e-36
1.931693586863616045e-05 5.174001387037071567e-05 1.336220782829828681e-04 3.327378371797412170e-04 7.989276317892301475e-04 1.852042499903377298e-03 4.134488271202105443e-03 8.900229392138912440e-03 1.847559274016525449e-02 3.698472449275965607e-02 7.139737268915659352e-02 1.329189212117344865e-01 2.388488616534850950e-01 4.135415282159985439e-01 6.905346833964396414e-01 1.112065491955821939e+00 1.727275100314062062e+00 2.587535862502748696e+00 3.738625931740641839e+00 5.210087919266263690e+00 7.003121498456371441e+00 9.079407582921604103e+00 1.135397005277800275e+01 1.369515431684594020e+01 1.594683992248337390e+01 1.789232625748819316e+01 1.936413058424504641e+01 2.021483801360480470e+01 2.035564977394713537e+01 1.977164494054251520e+01 1.852438330686722878e+01 1.674122144811182267e+01 1.459390666559523986e+01 1.227142404383881313e+01 9.953013815016980459e+00 7.786586511826870449e+00 5.875819863650034947e+00 4.276752070975892828e+00 3.002470369507136638e+00 2.034364827347179272e+00 1.328733900851198246e+00 8.370426307281471079e-01 5.085695782288037758e-01 2.980155161079819370e-01 1.684244645260172257e-01 9.179965810054749320e-02 4.830356297377018382e-02 2.448796737000629581e-02 1.197208499243308799e-02 5.644445131042445662e-03 2.566243962387263801e-03 1.125098568595017797e-03 4.762952944855565517e-04 1.941766963220064083e-04 7.633186789159718342e-05 2.893299201017942554e-05 1.059092502124968046e-05 3.732290607473581788e-06 1.268143238427350269e-06 4.154354669384033280e-07 1.314478590103298761e-07 4.002873581806733101e-08 1.175186738752661502e-08 3.332763661243701357e-09 9.094372543672425950e-10 2.392398418022477841e-10 6.080043393414369680e-11 1.486463667952862933e-11 3.503258643962460596e-12 7.977269827409354472e-13 1.747094850600169722e-13 3.688320456951067139e-14 7.524173377567967398e-15 1.475966792610016894e-15 2.798010508579076708e-16 5.099752702942024767e-17 8.983419913511501856e-18 1.521253051319304178e-18 2.482968347584643710e-19 3.917347028552620378e-20 5.940071844655471858e-21 8.707276720174995481e-22 1.226573985680217230e-22 1.670462517980021379e-23 2.158573739105766408e-24 2.730535358465890097e-25 3.318449057575394075e-26 3.899755670941496732e-27 4.402403896849847440e-28 4.806177093385090575e-29 5.039694792936529522e-30 5.111038580066268772e-31 4.977983985942115351e-32 4.689665358233546780e-33 4.258240433336750901e-34
1.981306668631697555e-05 5.318700815456664613e-05 1.376855617975072444e-04 3.437272735440694460e-04 8.275541259523649506e-04 1.923976992973650121e-03 4.308390197145645778e-03 9.305305816459956761e-03 1.938481220282252393e-02 3.895137545257222611e-02 7.549691115204430758e-02 1.411547909374582799e-01 2.548110721500252973e-01 4.433276866088361468e-01 7.441062540552285665e-01 1.204931689757511526e+00 1.882437762637369394e+00 2.837411637401506148e+00 4.126479754801093414e+00 5.790340903033292186e+00 7.839820902009921433e+00 1.024225006060611953e+01 1.291161191048431434e+01 1.570612191919255807e+01 1.843602509022121083e+01 2.088241185112716636e+01 2.282511794225125001e+01 2.407504418288639414e+01 2.450437031989350700e+01 2.406293939369444956e+01 2.280214072011143855e+01 2.085075456161087004e+01 1.839853505256472488e+01 1.566588275967495747e+01 1.287153350139889696e+01 1.020474080214348334e+01 7.806589007471707475e+00 5.762337177152556222e+00 4.103963163027909644e+00 2.821801489332598667e+00 1.870918835791594681e+00 1.196780127212825562e+00 7.385693024093304970e-01 4.397153548122522126e-01 2.525463697663852258e-01 1.399216940847085033e-01 7.485459139097183634e-02 3.859138227695088630e-02 1.919072986775395562e-02 9.204638585974023873e-03 4.258150022987673006e-03 1.899849225856482717e-03 8.185798927493833678e-04 3.397090023802504526e-04 1.359543718553755996e-04 5.246931028795567744e-05 1.955696020601092162e-05 7.018575722590143781e-06 2.428748160573475540e-06 8.103808610534319312e-07 2.611713471811661245e-07 8.101521385635660245e-08 2.422954611673493762e-08 6.999909070169923027e-09 1.945978747272000887e-09 5.215423433142396638e-10 1.350367822459564134e-10 3.363648161747336103e-11 8.076935406964648595e-12 1.873872301427425846e-12 4.181480993920498200e-13 8.994417440551536118e-14 1.869489589590384219e-14 3.736575193588693667e-15 7.217161650576690072e-16 1.340285604967759289e-16 2.405506490059917577e-17 4.150425691729462682e-18 6.902165706189911972e-19 1.109463311732122582e-19 1.714065737047424882e-20 2.559857897881082397e-21 3.673943184418137521e-22 5.097565968044588094e-23 6.796159331905306452e-24 8.760299268961843814e-25 1.070937533971495286e-25 1.282125747917217381e-26 1.474530058132119116e-27 1.639892780197387328e-28 1.751773698801762608e-29 1.809765738233558128e-30 1.795610834818545533e-31 1.723167376335327968e-32 1.593809560304770815e-33
1.750479216573100209e-05 4.719020720021645753e-05 1.227002276937894424e-04 3.094304546550222051e-04 7.483759976439350366e-04 1.748204576323329935e-03 3.934346587501563915e-03 8.542033404129029811e-03 1.789294707157453382e-02 3.616250648618929420e-02 7.052053030592833616e-02 1.327020209532797368e-01 2.411876549492246447e-01 4.226459211185335518e-01 7.147864485712402960e-01 1.166749370556091181e+00 1.838245072993764051e+00 2.795605372975046077e+00 4.104080811263857598e+00 5.816251614470921538e+00 7.957485872759408885e+00 1.051067087644027076e+01 1.340359957800863455e+01 1.650294374018682220e+01 1.961826823896672778e+01 2.251786257353235854e+01 2.495550943299922153e+01 2.670431960439880470e+01 2.759134477083599180e+01 2.752570218842183891e+01 2.651389400430305443e+01 2.465875260870263830e+01 2.214224711610065555e+01 1.919612370450482075e+01 1.606692518574181250e+01 1.298265607567978286e+01 1.012717382206727379e+01 7.625840181489182079e+00 5.542953844856846501e+00 3.891126956941423742e+00 2.635084683681990114e+00 1.722264581498282876e+00 1.086343545644766095e+00 6.612596922830733526e-01 3.884094309034032966e-01 2.201382940106552388e-01 1.204979025028554557e-01 6.357872027818985139e-02 3.236377132209946467e-02 1.589270802060663290e-02 7.528441043916676151e-03 3.439997359532039750e-03 1.518077303762505222e-03 6.453543052911557467e-04 2.645972100306303535e-04 1.046249991799431500e-04 3.995630459254501522e-05 1.469367825731935411e-05 5.210566527467256354e-06 1.769781482049591382e-06 5.843852179634816814e-07 1.857431425865464766e-07 5.692124257216545034e-08 1.684985109570882440e-08 4.799968961610988671e-09 1.318227966718432815e-09 3.497354360277425530e-10 8.926924417617190145e-11 2.196550665649737311e-11 5.221798813322230399e-12 1.194014610717154276e-12 2.631774523855306119e-13 5.604987157435131365e-14 1.147923658503658714e-14 2.271811004176149117e-15 4.322952886370345800e-16 7.949597703458172405e-17 1.405390596824613505e-17 2.394690765928605775e-18 3.943793660716479144e-19 6.242747056289383030e-20 9.551872681349639733e-21 1.404556562172073242e-21 1.996554364427406066e-22 2.727112440110763952e-23 3.601281536488736432e-24 4.569135431105893316e-25 5.605119701412878614e-26 6.605449322521863995e-27 7.527248910362749912e-28 8.239126291285617285e-29 8.721389617020238155e-30 8.866375921860621449e-31 8.717863088428752587e-32 8.261560248953283659e-33
1.267220649072037105e-05 3.441500021888992388e-05 9.015884620473171970e-05 2.278572585733326238e-04 5.555738300126652216e-04 1.308687002043073177e-03 2.970550439803827658e-03 6.506727334331758802e-03 1.375462910777620548e-02 2.806292811182829403e-02 5.526537527945870470e-02 1.050626396796119633e-01 1.929973884752098356e-01 3.419733162958010220e-01 5.850960986540666431e-01 9.667088201521262247e-01 1.542538901548119901e+00 2.377309602322203563e+00 3.538995739199130242e+00 5.089233113572319667e+00 7.070227085605954365e+00 9.489661544167836027e+00 1.230632985612576213e+01 1.542009635278957091e+01 1.866991532388827935e+01 2.184267671903063146e+01 2.469360222238345415e+01 2.697616052180438828e+01 2.847672875010879068e+01 2.904736284252194878e+01 2.862975882092570146e+01 2.726505080485727106e+01 2.508717088574830001e+01 2.230124547030814242e+01 1.915183879411503654e+01 1.588783241674853741e+01 1.273086690725048165e+01 9.852687750890485319e+00 7.364063215388840788e+00 5.317860921972907384e+00 3.706285246501343167e+00 2.493958740322040235e+00 1.620125062165886032e+00 1.012941818019793772e+00 6.129841981778353377e-01 3.580192791328868918e-01 2.019822582783964982e-01 1.098674392284373080e-01 5.766466376961501550e-02 2.920130904930622745e-02 1.426641723042261153e-02 6.723838740964970147e-03 3.060684099827234300e-03 1.342269181662800355e-03 5.677649925317363854e-04 2.316226789180686951e-04 9.126167022523775513e-05 3.462775825711316400e-05 1.267006369384400093e-05 4.470257414649449063e-06 1.523347724443918527e-06 4.997156397462716418e-07 1.580503746858554112e-07 4.828435931340261671e-08 1.419571640954469394e-08 4.023603105395723328e-09 1.101654575624435156e-09 2.902056273486902465e-10 7.369513894896456531e-11 1.807946260514583614e-11 4.266372061253908250e-12 9.704568254138339283e-13 2.132820377252125090e-13 4.507756256946660766e-14 9.205789481250900032e-15 1.807700397585372594e-15 3.430220400349290136e-16 6.257785871042795301e-17 1.100309546202160858e-17 1.869801955173128943e-18 3.054143120272076204e-19 4.821796749065885868e-20 7.316154457505718000e-21 1.073057173093301155e-21 1.512375674656790972e-22 2.060647869151048273e-23 2.697664471889937066e-24 3.414455432920777175e-25 4.151824399207270522e-26 4.881448367529400734e-27 5.512988080760205139e-28 6.020895356769993242e-29 6.315517300170018532e-30 6.406731210168502621e-31 6.263967036061337664e-32
6.826189160638400717e-06 1.881409655924728863e-05 5.002802939853777229e-05 1.283529542578558467e-04 3.177612126108218067e-04 7.601693845201470522e-04 1.752741631836588409e-03 3.900897242841551947e-03 8.381099692387095068e-03 1.738523988459966113e-02 3.482243498278503324e-02 6.735873785662552238e-02 1.259649529639960686e-01 2.273280696804914625e-01 3.963633498618363005e-01 6.677778094514006391e-01 1.087248291395042754e+00 1.710969709824411433e+00 2.602728223196482560e+00 3.827726310205191051e+00 5.454073956770484344e+00 7.497805705978335844e+00 9.967840711790744379e+00 1.281597065351518339e+01 1.593703620345169014e+01 1.916828491471985529e+01 2.229893625690551673e+01 2.509037808915504186e+01 2.730492047835136304e+01 2.873859550621351033e+01 2.925186659861980942e+01 2.879190659776899608e+01 2.740154563197975790e+01 2.521279352744993929e+01 2.242626813871498115e+01 1.928094808311713493e+01 1.602055464198870993e+01 1.286308411295848586e+01 9.978624375387379786e+00 7.481653159787313712e+00 5.416026838138472854e+00 3.786535508682082884e+00 2.556368687698404862e+00 1.666361693763511287e+00 1.048638122741055057e+00 6.370026298931146247e-01 3.737964559720787783e-01 2.115188069019049710e-01 1.155003673301866762e-01 6.085514710866227195e-02 3.093516394915839240e-02 1.517094951292454787e-02 7.185486289635716062e-03 3.279086067922754727e-03 1.443314528608927259e-03 6.127081870090751118e-04 2.511965769582227056e-04 9.918051371296895567e-05 3.776188599161695231e-05 1.386358895471355673e-05 4.915624535925306157e-06 1.677876644295534073e-06 5.521845615184180318e-07 1.755151207889832173e-07 5.369149179312039386e-08 1.583426189165317569e-08 4.510564473655306621e-09 1.236276208781346305e-09 3.266390426577772013e-10 8.336881105869610037e-11 2.046860280707018032e-11 4.844105137632069871e-12 1.097430436752306224e-12 2.412609301918976178e-13 5.124633488781593261e-14 1.046713145694549969e-14 2.065830972949213004e-15 3.920034974744969366e-16 7.169347313502617877e-17 1.267152558786661693e-17 2.152866528842661850e-18 3.535124149778843969e-19 5.579214788730469489e-20 8.511020517275970328e-21 1.247710623203885069e-21 1.768185907091680171e-22 2.407738254094252512e-23 3.169676100912276224e-24 4.008963435454559372e-25 4.902489783704816260e-26 5.759142153940068972e-27 6.541992146337028767e-28 7.137796590636099601e-29 7.531364924491028369e-30 7.658974347557138233e-31
2.100119940522551072e-06 5.972195734119097232e-06 1.638811618018262760e-05 4.339841094236011047e-05 1.109217373372373995e-04 2.740312641746542040e-04 6.526420529476003414e-04 1.500773427637859970e-03 3.332602629732888278e-03 7.147382965751927081e-03 1.480729930255294743e-02 2.963760469320713895e-02 5.737901543439154900e-02 1.072514818151244637e-01 1.937865535771759462e-01 3.385263977786365786e-01 5.718567708593453869e-01 9.342919818806147969e-01 1.476554700262399322e+00 2.257634530489037950e+00 3.340055948256787755e+00 4.781899756589643502e+00 6.625748414491116733e+00 8.885619054824433150e+00 1.153394288510134658e+01 1.449146686816981244e+01 1.762325903087082679e+01 2.076219896470086468e+01 2.364695775806171696e+01 2.606337363489951997e+01 2.779648980705419348e+01 2.868106556501814808e+01 2.862737424153480958e+01 2.763617296444659388e+01 2.579939361843753787e+01 2.328619823950278445e+01 2.031730100221920310e+01 1.713295808672353360e+01 1.396107842594765813e+01 1.099562554504893086e+01 8.362606951799961053e+00 6.142717326326060601e+00 4.357206109554553564e+00 2.984142980358445385e+00 1.973031781847861321e+00 1.259198687380032711e+00 7.762147411292885657e-01 4.614247109631288701e-01 2.646771746515309554e-01 1.464826530760522660e-01 7.821150236326096516e-02 4.028408622262238253e-02 2.003642091030565994e-02 9.602107459239494006e-03 4.438120757131007454e-03 1.978298543132243903e-03 8.515225901122576262e-04 3.529911040561741408e-04 1.410995063013888336e-04 5.438295095658006472e-05 2.024095395756957079e-05 7.252598101700593252e-06 2.505441474144725817e-06 8.358630036739526264e-07 2.683902555545071097e-07 8.307854269860424568e-08 2.483760500386352269e-08 7.145059457461525191e-09 1.981355888364291660e-09 5.307174954845449403e-10 1.367540606849505355e-10 3.396669830101254387e-11 8.150075139706608452e-12 1.880836795234362137e-12 4.193455750161207784e-13 8.991107354818791984e-14 1.862617039346929215e-14 3.710175231102754913e-15 7.050290968834227714e-16 1.307685208882159623e-16 2.331697392152519299e-17 4.018004677657267355e-18 6.655249770231481543e-19 1.065440484510597486e-19 1.639280790964629124e-20 2.437983892438640856e-21 3.484271278207838730e-22 4.813816186599125497e-23 6.390217078506133352e-24 8.201283190599716119e-25 1.011211522653839837e-25 1.205553512121057176e-26 1.380609551802588899e-27 1.528917979632924854e-28 1.631890228943914360e-29
1.442248279309089461e-07 4.450288415053434957e-07 1.325414416271951614e-06 3.810484874189501768e-06 1.057610219122871187e-05 2.838491916272091966e-05 7.345252934837015121e-05 1.835731744809176145e-04 4.431523363649175155e-04 1.033467216645153793e-03 2.328619682440868661e-03 5.070096196703541107e-03 1.068047531153073181e-02 2.172115607424385600e-02 4.270231980351998913e-02 8.116012373463957208e-02 1.491414239486699989e-01 2.650050852559555636e-01 4.553444605804736756e-01 7.566210292727824083e-01 1.215862116419352157e+00 1.889578973508680093e+00 2.840009582911031671e+00 4.128001629054291577e+00 5.802413752413344561e+00 7.886828214524616243e+00 1.036549653736577525e+01 1.317148776839864865e+01 1.618057719624618684e+01 1.921411707241879085e+01 2.205276627635632281e+01 2.447363620982306642e+01 2.622514035201066562e+01 2.715097921720949259e+01 2.715460672753582827e+01 2.623215368581155360e+01 2.447369321674648646e+01 2.204875537085210624e+01 1.917931425239548560e+01 1.611098343658665399e+01 1.306073279058507808e+01 1.021941439707989119e+01 7.717055117829464628e+00 5.623425657119202725e+00 3.953968616223084709e+00 2.682316398542553326e+00 1.756669932368768450e+00 1.109109864253528643e+00 6.754647780630248510e-01 3.967760451949949863e-01 2.247893301688562717e-01 1.228197795201112497e-01 6.477978995116491501e-02 3.291644478442037197e-02 1.612812115167722507e-02 7.619624490509818715e-03 3.475216421277661349e-03 1.526383602848858370e-03 6.463633792298206738e-04 2.638805539019078213e-04 1.040105194142896844e-04 3.946668057129479985e-05 1.443664832330474556e-05 5.098966067299652786e-06 1.733316099212525274e-06 5.679730801957215461e-07 1.797235698416970633e-07 5.472231845584457864e-08 1.606037327629185330e-08 4.552254609967587685e-09 1.241327559343836685e-09 3.262567832435218985e-10 8.282642424976006797e-11 2.022448620195533927e-11 4.770475678078620042e-12 1.082148481489808586e-12 2.371527645079467911e-13 4.997505658663640497e-14 1.014986847484523700e-14 1.991803053363713535e-15 3.719048879950744077e-16 6.778610990625358031e-17 1.187664133702352272e-17 2.010998957533226656e-18 3.272800260558784580e-19 5.147975863190207359e-20 7.781956830424883251e-21 1.137090575103517180e-21 1.596551482631908145e-22 2.167054079697882862e-23 2.826082900977405278e-24 3.563234598741701373e-25 4.315978816052229187e-26 5.054804029990011458e-27 5.705870327006619214e-28
5.451534443997302976e-10 2.069349734979518442e-09 7.628625412516382247e-09 2.688038582050197957e-08 9.126647169455470106e-08 2.991244557175191827e-07 9.429226661658348219e-07 2.864091025304788056e-06 8.382704446320522821e-06 2.364112281740549646e-05 6.424490055717705175e-05 1.682270581487346479e-04 4.250545864837037375e-04 1.033357100069789633e-03 2.420710228880495682e-03 5.464140387577280308e-03 1.188468206615638997e-02 2.490806397177731599e-02 5.030128401236899638e-02 9.788245955972951773e-02 1.835343630671927573e-01 3.316016068489607838e-01 5.773013787951211118e-01 9.684457622206590344e-01 1.565433993089888620e+00 2.438265394169000899e+00 3.659434310446148420e+00 5.292169081697839061e+00 7.374630240093455136e+00 9.902243011639702885e+00 1.281190501614265642e+01 1.597278508922173579e+01 1.918820733456832173e+01 2.221135128166613271e+01 2.477435696255259145e+01 2.662665681023781517e+01 2.757514075727181790e+01 2.751729186281832185e+01 2.645943126218368491e+01 2.451915222003831474e+01 2.189166344588135260e+01 1.883384362185283933e+01 1.561298882211318784e+01 1.247153861551056941e+01 9.599330134188260644e+00 7.119487502855196048e+00 5.090728505218555355e+00 3.505793530846888828e+00 2.326374699182844452e+00 1.487510138801448889e+00 9.136607601281179214e-01 5.423006578555578105e-01 3.104326187460511033e-01 1.710886408372457312e-01 9.085774875440720544e-02 4.649323238288950721e-02 2.295031015717752254e-02 1.090473317114555932e-02 4.992620059941481163e-03 2.202566282425077234e-03 9.375609113091759508e-04 3.840596823952535481e-04 1.515950269296604885e-04 5.774514247291500008e-05 2.116413284352712233e-05 7.474334407005889141e-06 2.547786698104106079e-06 8.354758945240754797e-07 2.639926399899061909e-07 8.052717013811521869e-08 2.362648798681945198e-08 6.679484567453617196e-09 1.823281317077592838e-09 4.786260395234726948e-10 1.213264204351198893e-10 2.957310320559644786e-11 6.961523685798495655e-12 1.575595406515582173e-12 3.436150515251928871e-13 7.238353155206740873e-14 1.465771069355916485e-14 2.867359245361846802e-15 5.391472571172614474e-16 9.794262651992224620e-17 1.709999417159525794e-17 2.884753448147553538e-18 4.676617494587868334e-19 7.326439866695394613e-20 1.102846523658456696e-20 1.604444230014331745e-21 2.242568212281907657e-22 3.029727876839880866e-23 3.932091466424746285e-24 4.933214413134569500e-25 5.964484843858384966e-26
2.710184165700191314e-11 1.104998127484957040e-10 4.342396796553652926e-10 1.644780373514681711e-09 6.004852448620252766e-09 2.117121546358718418e-08 7.180686705658451039e-08 2.347584921865420675e-07 7.398081103104789523e-07 2.247331493528720358e-06 6.580726913732909715e-06 1.857583388591735286e-05 5.062392224361125142e-05 1.327917711701668375e-04 3.358039141107305474e-04 8.230774189643440871e-04 1.934165748371175419e-03 4.382132307849539651e-03 9.572632925569455470e-03 2.016266833153825336e-02 4.094993163710028417e-02 8.019850391295924030e-02 1.514635582390561619e-01 2.758680546344891016e-01 4.845854814860089954e-01 8.209966608574736924e-01 1.341660730699324011e+00 2.114973019147295741e+00 3.216329363771948113e+00 4.718944821172977200e+00 6.680294249984038757e+00 9.125417653443268051e+00 1.202981967190931556e+01 1.530594112549174035e+01 1.879764447262481042e+01 2.228638894842845275e+01 2.551065593836789702e+01 2.819707783854933325e+01 3.009843522988794717e+01 3.103062522180999849e+01 3.090608102184117456e+01 2.973938875551798589e+01 2.765123451910172747e+01 2.484564372526207165e+01 2.157726666854241415e+01 1.811372467279096909e+01 1.470571314971954457e+01 1.153984180235604740e+01 8.756265299218290110e+00 6.425088321281067216e+00 4.559419028189680922e+00 3.129189136502212865e+00 2.078472687410064079e+00 1.334461079720894006e+00 8.286595090751004422e-01 4.976728810356065291e-01 2.893104362136910690e-01 1.625118734402071219e-01 8.827234509759032677e-02 4.635994624113798368e-02 2.356448286265485498e-02 1.151518558904157316e-02 5.462194186337248659e-03 2.507077194313952866e-03 1.110640510753923291e-03 4.753720836345478023e-04 1.968288199833897209e-04 7.861408331907377084e-05 3.032404205874787546e-05 1.131257542017775166e-05 4.068644703455078988e-06 1.412683284256164544e-06 4.742808890127007608e-07 1.534313600100336362e-07 4.798870789745536576e-08 1.445814707675898929e-08 4.211080991911080828e-09 1.181119921314421640e-09 3.195868644999434942e-10 8.358948891714287034e-11 2.104542291620052159e-11 5.121732298486589001e-12 1.199534247467014302e-12 2.715535439600484054e-13 5.914741691529318602e-14 1.245272569656565923e-14 2.521959923836085508e-15 4.937056524276039505e-16 9.295154770345186611e-17 1.691666773340467174e-17 2.960398462162456951e-18 5.008106977976555828e-19 8.145112516178379691e-20 1.280652423229214477e-20 1.941176349958977407e-21
3.049386649238450878e-12 1.315891476332150954e-11 5.473331456273335678e-11 2.194392438963491222e-10 8.480373041135651200e-10 3.165384921086697445e-09 1.136586964476472391e-08 3.934067706555679089e-08 1.312663889264515077e-07 4.222289839595224759e-07 1.309291574978629295e-06 3.914086539420234131e-06 1.129892132273859790e-05 3.139479563315104909e-05 8.410577331835524255e-05 2.172489570310908954e-04 5.410918396645996234e-04 1.299525544306890951e-03 3.009677955929534847e-03 6.722011304662823573e-03 1.447928361707246682e-02 3.008086538833473766e-02 6.027790387738821837e-02 1.165151054467854497e-01 2.172686566913714923e-01 3.908770224866118248e-01 6.785034599856212267e-01 1.136519499660533228e+00 1.837224490193007931e+00 2.874081234177979560e+00 4.327820556074947866e+00 6.291671002943770574e+00 8.831864538446497548e+00 1.197278990918315955e+01 1.567709154924715520e+01 1.983064148001249904e+01 2.423740118890972184e+01 2.862810238981325384e+01 3.268413857674381973e+01 3.607000679200693583e+01 3.849750375691098014e+01 3.973727121648223459e+01 3.967514622716166883e+01 3.832351117668499541e+01 3.581816618002937957e+01 3.239589878159558367e+01 2.836437647596071798e+01 2.403328664304202178e+01 1.971124907357938483e+01 1.564914021092059215e+01 1.202662973547548120e+01 8.946717290878051898e+00 6.445501598729596715e+00 4.492108023889086255e+00 3.029752031975763593e+00 1.977300812135438512e+00 1.249402225858495585e+00 7.631556464431874520e-01 4.508445050996210401e-01 2.575523850389074276e-01 1.423826499162269554e-01 7.602016841225875399e-02 3.922703088969995561e-02 1.958050262494118177e-02 9.432764285888401226e-03 4.389446998668931378e-03 1.975199211913371364e-03 8.572515344188153625e-04 3.592200833994426182e-04 1.455204839577303115e-04 5.682454771140205379e-05 2.141591219876035586e-05 7.801258432390633960e-06 2.737956624812682449e-06 9.224460325555402803e-07 3.013038962396215205e-07 9.511173041904559375e-08 2.891054052063492767e-08 8.476179140253682522e-09 2.401560100179474782e-09 6.549770333765252569e-10 1.726269626364633109e-10 4.378628531331080557e-11 1.073310452943731605e-11 2.531474614144212262e-12 5.770234626053952284e-13 1.265300462514642657e-13 2.681540960760694399e-14 5.466120439804853643e-15 1.076930191112265767e-15 2.040455765634630908e-16 3.736860083511229778e-17 6.580335122396087580e-18 1.120104284496189197e-18 1.838158141531156555e-19
4.856711952178977029e-13 2.201273999332921908e-12 9.616840203654370613e-12 4.049718279000138135e-11 1.643839571662237359e-10 6.445294279911012965e-10 2.430881772280259441e-09 8.838019061972676454e-09 3.097609396535231160e-08 1.046623251314175874e-07 3.409245960428538394e-07 1.070640476226344822e-06 3.247037637152384240e-06 9.478213958155259623e-06 2.667649714100718368e-05 7.239554709386711740e-05 1.894500344029899754e-04 4.780769609291093090e-04 1.163438280024456459e-03 2.730581430267042201e-03 6.181001665699790634e-03 1.349528969837767572e-02 2.854921739214046766e-02 5.798992535436432727e-02 1.136388782680496368e-01 2.148593431060733527e-01 3.919890183469478817e-01 6.901253466238108647e-01 1.172630609462492091e+00 1.923185072040601407e+00 3.044791905162032908e+00 4.653968794909068230e+00 6.868685780100425298e+00 9.789608709170801504e+00 1.347589197650551718e+01 1.791887057335276978e+01 2.301897588237051551e+01 2.857230299839446985e+01 3.427280144918994154e+01 3.972572031696132910e+01 4.452120959309883119e+01 4.823697792219320490e+01 5.053150021482634457e+01 5.118696073872726515e+01 5.014317028095507567e+01 4.750650383590445358e+01 4.353902226120423791e+01 3.859136079503092276e+01 3.308598515248993976e+01 2.743730701044727383e+01 2.200769037163917119e+01 1.707365892375300120e+01 1.281669515357257794e+01 9.300523996838649055e+00 6.526224907008834286e+00 4.427868474110629116e+00 2.906348460812137713e+00 1.842908843026663135e+00 1.129471958080176863e+00 6.689634671172115521e-01 3.831836833367676109e-01 2.118764616925285504e-01 1.131692605949896763e-01 5.844352406547150686e-02 2.911814993874932422e-02 1.394385740473932413e-02 6.482865338784529925e-03 2.906251461519496985e-03 1.257565787653131288e-03 5.259032811185362010e-04 2.119573305307810259e-04 8.243022697374469880e-05 3.097748012051489711e-05 1.121456098218220386e-05 3.922981163835754628e-06 1.321637107369714220e-06 4.302215689336228166e-07 1.348431063660837215e-07 4.076000260878865491e-08 1.190472490428340397e-08 3.346707667340136714e-09 9.090807435062601247e-10 2.376365518892120231e-10 6.002375390946864803e-11 1.458739088413531988e-11 3.425700922244480800e-12 7.739074557752493475e-13 1.689541026107150427e-13 3.547671726091782235e-14 7.199209739939942970e-15 1.404920582845927392e-15 2.649813049594627359e-16 4.805489541622816402e-17 8.423431157391966723e-18 1.423427342057864814e-18
1.043704013262272410e-13 4.925681774109042757e-13 2.240704516377094601e-12 9.825168888368282756e-12 4.152801024640127099e-11 1.695593526356053448e-10 6.659127877767276785e-10 2.521085163043295469e-09 9.201172278085611038e-09 3.237396917476623935e-08 1.098141522429724882e-07 3.591232529296585694e-07 1.134278344770247814e-06 3.448019005939465072e-06 1.010620082458195434e-05 2.856219954932147595e-05 7.783934036372443959e-05 2.045643413492157273e-04 5.184474844476504030e-04 1.267201694074144864e-03 2.987282503843111288e-03 6.792369120973199698e-03 1.489728080548122918e-02 3.151818933930466970e-02 6.432996784115932454e-02 1.266759037228920581e-01 2.406775347132149023e-01 4.412367358243435289e-01 7.806159229960409895e-01 1.337054245895311633e+00 2.202874259822936942e+00 3.503261273585209779e+00 5.378197016103620776e+00 7.971168397871686295e+00 1.140691819545110164e+01 1.576215549080322020e+01 2.103309737374360111e+01 2.710626902156879581e+01 3.374056810775248039e+01 4.055788104554584095e+01 4.711047847231115071e+01 5.286585841599967495e+01 5.731602842538150355e+01 6.004044271679323685e+01 6.077132649769185235e+01 5.943692780825184485e+01 5.617940375112464579e+01 5.130884200717542853e+01 4.528240767976558345e+01 3.861764652853830881e+01 3.182387458052563289e+01 2.534069632546701811e+01 1.950524608677374516e+01 1.450042246797722711e+01 1.041464455188733496e+01 7.226270890132232338e+00 4.846596754866009604e+00 3.137939525932784246e+00 1.962259611486311783e+00 1.185044915403342225e+00 6.916909473329696523e-01 3.895195453770189387e-01 2.117846001356041286e-01 1.112779802408583180e-01 5.638639000865429407e-02 2.757837997856546833e-02 1.303368055813248182e-02 5.937869340554251599e-03 2.610432401404002255e-03 1.108822254627246998e-03 4.538389767318113982e-04 1.792092698929401346e-04 6.795791042065672371e-05 2.496750493186634490e-05 8.862312276384300440e-06 3.029326133402252330e-06 1.000415132266288343e-06 3.180874032124367772e-07 9.753297590910540683e-08 2.889350132187133901e-08 8.238498623851224398e-09 2.269613009307246112e-09 6.016891211645361195e-10 1.541221671019357130e-10 3.798360945977082747e-11 9.045255217928740553e-12 2.072091123975728008e-12 4.586853062103746498e-13 9.765910204759343749e-14 2.009352933086845052e-14 3.975785596935636549e-15 7.602662057703255525e-16 1.397865576550526354e-16 2.484127713110936745e-17 4.255654397262053935e-18
3.117509669610253672e-14 1.519748902350049436e-13 7.141190873828040661e-13 3.234536903890559088e-12 1.412227261329942488e-11 5.956668159181578909e-11 2.416575759900728686e-10 9.450971486089006835e-10 3.563214229469139230e-09 1.295113576090834579e-08 4.538222950215206028e-08 1.533162178675283794e-07 5.002684945553541429e-07 1.570974405151377582e-06 4.756639254459565140e-06 1.388709871380521099e-05 3.909478547377119871e-05 1.061301363941779500e-04 2.778360118082025829e-04 7.014333468147431611e-04 1.707856018877320931e-03 4.010539163817813946e-03 9.083670544337950001e-03 1.984487040581889988e-02 4.182012312615300542e-02 8.501489162876578465e-02 1.667248963171254483e-01 3.154461702966800396e-01 5.758288672097101601e-01 1.014213314465912674e+00 1.723683028743164591e+00 2.835140517775279090e+00 4.486068159861577698e+00 6.850508504023500755e+00 1.009646172384490015e+01 1.436243949663969843e+01 1.972069334425691167e+01 2.613800436487909806e+01 3.344252366867109316e+01 4.129443483574016938e+01 4.924347724993290853e+01 5.669348549327916942e+01 6.301705360881982187e+01 6.762925503609268674e+01 7.007635317043597922e+01 7.010922704745942724e+01 6.773051407058322582e+01 6.317632811854249297e+01 5.689780041797915544e+01 4.947707885791311355e+01 4.154071987450548420e+01 3.367417045048274815e+01 2.636556944599203689e+01 1.992300851902010805e+01 1.453406332968006787e+01 1.023568249910312034e+01 6.962977938834604252e+00 4.569693451120727445e+00 2.894793243524905080e+00 1.769963820725002801e+00 1.045365972248052389e+00 5.953910033740378305e-01 3.272518643440852637e-01 1.737475186127575566e-01 8.892857774586911124e-02 4.391745422030356866e-02 2.095021171211154665e-02 9.631241397787159569e-03 4.271475311415060677e-03 1.829914536676207791e-03 7.552416641187444015e-04 3.006602425213239982e-04 1.156193713851700727e-04 4.255526559992849300e-05 1.522129888525798119e-05 5.242406624571439217e-06 1.744193178777509744e-06 5.586703867992863185e-07 1.725522831576173100e-07 5.148661603145767845e-08 1.478582820334487588e-08 4.102279346326096151e-09 1.095232686908993080e-09 2.825130088257805771e-10 7.011302309161958223e-11 1.681261135044614576e-11 3.878188532526939692e-12 8.644238877635405193e-13 1.853161238697614405e-13 3.839139536002623027e-14 7.648505638725224550e-15 1.472603172077605934e-15 2.726164929081870241e-16 4.877744210165454687e-17 8.413303980715074243e-18
1.222304693244732682e-14 6.109042512583817089e-14 2.943107719784534924e-13 1.366739568722239613e-12 6.118142258719962834e-12 2.645931935558663368e-11 1.100577358512633269e-10 4.413077883992499818e-10 1.705888989068889973e-09 6.357077766993096653e-09 2.283871616134454544e-08 7.910491564554877207e-08 2.646401202799194326e-07 8.519823775991300972e-07 2.644577106282296406e-06 7.914880616394837006e-06 2.284058499934152857e-05 6.355612118831403552e-05 1.705327543500700796e-04 4.412368659681725107e-04 1.100938263920447652e-03 2.649081127015056637e-03 6.147278122375626069e-03 1.375752154823019907e-02 2.969490141279830520e-02 6.181909899779354511e-02 1.241301806292957888e-01 2.413661942025018547e-01 4.508244062600783031e-01 8.122632786733342547e-01 1.411754480640881493e+00 2.367057200888812218e+00 3.828771763045961229e+00 5.974820264167033379e+00 8.995345130956984292e+00 1.306624531239187803e+01 1.831198631621046502e+01 2.476182639565309884e+01 3.230743685904221962e+01 4.065952732818735171e+01 4.939437239104094601e+01 5.790144412054121403e+01 6.549436802760597232e+01 7.148679361471023697e+01 7.529366113677968997e+01 7.652510188631666210e+01 7.505645568320690586e+01 7.103698640634554806e+01 6.487729275828411346e+01 5.717546087300020474e+01 4.862181954145995633e+01 3.989807400790985525e+01 3.160333720554643122e+01 2.414655530103318171e+01 1.780138531147147773e+01 1.266249199492947852e+01 8.695686834981966484e+00 5.758302223571075018e+00 3.678900558666615250e+00 2.267577114493004142e+00 1.349497551363474157e+00 7.741784551203008125e-01 4.284398274670509488e-01 2.289469481890522295e-01 1.179028625652940587e-01 5.856665950371386237e-02 2.809321677140883683e-02 1.292030853571528998e-02 5.757698998968176739e-03 2.477872359979192609e-03 1.027121793449203239e-03 4.105965266504237347e-04 1.585233274962744433e-04 5.893462037598086049e-05 2.116188355601577922e-05 7.315823897525666193e-06 2.442879567829283834e-06 7.852229896543994201e-07 2.433577282057932658e-07 7.285597762868764953e-08 2.099088059052908389e-08 5.842401836083923013e-09 1.564690244941299600e-09 4.048458112875814328e-10 1.007765249379127834e-10 2.423729006838961406e-11 5.607262999136272176e-12 1.253443943668372473e-12 2.694860085908008859e-13 5.598714018595372613e-14 1.118546695089161759e-14 2.159611918222681837e-15 4.009117458205538574e-16 7.193063424162559957e-17 1.244096261727516764e-17
5.991525033928710188e-15 3.052372423467386730e-14 1.498911596170094933e-13 7.095107072158913662e-13 3.237372030924038866e-12 1.427116342552168753e-11 6.050478062161309016e-11 2.472810473846476588e-10 9.742488730623437609e-10 3.700277063247133166e-09 1.354850373423903715e-08 4.782432937226912176e-08 1.630495367420125931e-07 5.349060290687542052e-07 1.691843066623389772e-06 5.159120920371220605e-06 1.516816059393106156e-05 4.299721914972913408e-05 1.175186591189078723e-04 3.096999648658586282e-04 7.869593226592496316e-04 1.928187175553609887e-03 4.555550555713752149e-03 1.037854131424041995e-02 2.280050626731812760e-02 4.830301908505489628e-02 9.868121038484864438e-02 1.952066196263738118e-01 3.708041480240652499e-01 6.792826337012429772e-01 1.200108089506204845e+00 2.044852069693331664e+00 3.360334774914631506e+00 5.325855717084539975e+00 8.141213293955761543e+00 1.200295038504598111e+01 1.706836101980227838e+01 2.341023925326345534e+01 3.096954811131958607e+01 3.950322044920763176e+01 4.862141496875523217e+01 5.772294796280738183e+01 6.609941594305968238e+01 7.300905112969724087e+01 7.778338743588723503e+01 7.993344215040335143e+01 7.923542231640679745e+01 7.576120142607935293e+01 6.987201295650100974e+01 6.215648259568314415e+01 5.333270367812579593e+01 4.413888764737165360e+01 3.524748704160623447e+01 2.713993564867100972e+01 2.015563768861069605e+01 1.443729380825210740e+01 9.979971860162624608e+00 6.650086008524330516e+00 4.273733378385287551e+00 2.648881929088278575e+00 1.584676499997533128e+00 9.135811925143880741e-01 5.079317108658394364e-01 2.726056149078348034e-01 1.409598856813923107e-01 7.028824265179259290e-02 3.368104893263599436e-02 1.561445048103600117e-02 6.980201970772875394e-03 3.012827035196054878e-03 1.252315723532540894e-03 5.019117926635164890e-04 1.942462659733091017e-04 7.237899980892567695e-05 2.604448871735964499e-05 9.021698163326176889e-06 3.018118591854341730e-06 9.718261624698900337e-07 3.016870695563367511e-07 9.045861011002554750e-08 2.610063965196866177e-08 7.274639380638080657e-09 1.950816989006525606e-09 5.053769790926330728e-10 1.259495380811843587e-10 3.032544587104331951e-11 7.023251601166398276e-12 1.571575394127256176e-12 3.382140254377762827e-13 7.033172580769463787e-14 1.406403938850692037e-14 2.717754761055614581e-15 5.049519717006224852e-16 9.067137132497710159e-17 1.569478056598934115e-17
9.609239213188045732e-16 5.312039823914465335e-15 2.797160889545485834e-14 1.417907644875088535e-13 6.919232233320676288e-13 3.258156503377854153e-12 1.473435815177407378e-11 6.414841631803799127e-11 2.688695530512757032e-10 1.084935477587273494e-09 4.214815003530064182e-09 1.576417506625307842e-08 5.687612848672728702e-08 1.971748054310138777e-07 6.581255916998826499e-07 2.114989174027458250e-06 6.544185651535869145e-06 1.949652758511234116e-05 5.592670446276879219e-05 1.544712257139808367e-04 4.108170284180332876e-04 1.052029210306560693e-03 2.594129529363893572e-03 6.159506508908935314e-03 1.408303936893201547e-02 3.100621691747063036e-02 6.573681352491315966e-02 1.342089293100013903e-01 2.638592442218817835e-01 4.995585638907953929e-01 9.108115632765330094e-01 1.599201931436573076e+00 2.704052245399512167e+00 4.403195263864166265e+00 6.905032232009754800e+00 1.042826057870950152e+01 1.516734691479881292e+01 2.124524749041797023e+01 2.865965104858148038e+01 3.727563637630638027e+01 4.663143625227024813e+01 5.618168510162924889e+01 6.518894964943557113e+01 7.284790721950751902e+01 7.840148333823626103e+01 8.126348069167592314e+01 8.112293465152338001e+01 7.799481387668826926e+01 7.221857689106347777e+01 6.440084358788071484e+01 5.530845829840811234e+01 4.574530177657297259e+01 3.645171110366739953e+01 2.796399785638389091e+01 2.065980848079062682e+01 1.469925442854644615e+01 1.007783136154856685e+01 6.650173717599648704e+00 4.225986946549603829e+00 2.586115090745952472e+00 1.525290270961712435e+00 8.656283563770410527e-01 4.730637518417815102e-01 2.492025704942303077e-01 1.262897056335142709e-01 6.162770175690856361e-02 2.899260693890026372e-02 1.311862642557619710e-02 5.715636605121888862e-03 2.401055450636919737e-03 9.699206823133163990e-04 3.772485852737477645e-04 1.414940925792389638e-04 5.102135116776929346e-05 1.774286089230950415e-05 5.931111537731748037e-06 1.912253891628489573e-06 5.882425881003585246e-07 1.754527195463379344e-07 5.048006907616275239e-08 1.395615492457407431e-08 3.722268154097977286e-09 9.538372635575107524e-10 2.358181456415797153e-10 5.600722378471320700e-11 1.283476492856011038e-11 2.825109195787907674e-12 6.000685091355610350e-13 1.224080202792926401e-13 2.409788463076110895e-14 4.555455943737563818e-15 8.311645776934702519e-16 1.456018790391619655e-16 2.462021933146928143e-17 4.007823568507064976e-18
4.755450958557942575e-18 3.259522080562592505e-17 2.140277017480517390e-16 1.346308435366398936e-15 8.113017947329693821e-15 4.696169097309068080e-14 2.597133345844382712e-13 1.376014206216056025e-12 6.984492322975668502e-12 3.396528077241124183e-11 1.597268822694656881e-10 7.127820726858546338e-10 3.054181447694055310e-09 1.251005292796454080e-08 4.909515448259440120e-08 1.846029846325690194e-07 6.650661561916882588e-07 2.295738687622338973e-06 7.593062025574350151e-06 2.406321847707566065e-05 7.306982872813598908e-05 2.126059179092291637e-04 5.927488130508310176e-04 1.583540699937799378e-03 4.053740662868661124e-03 9.943877480830653343e-03 2.337401819606954589e-02 5.264939462516321500e-02 1.136423446705609602e-01 2.350596080971702473e-01 4.659194735641208340e-01 8.849985175396744008e-01 1.610929767812385283e+00 2.810064962792362842e+00 4.697478981119596497e+00 7.525317519209579586e+00 1.155310678443585104e+01 1.699765062982364583e+01 2.396608143582708550e+01 3.236965693473034378e+01 4.191939322375840504e+01 5.202517830514874220e+01 6.187773840686756444e+01 7.053063330879112414e+01 7.704483458899458981e+01 8.065498667719830905e+01 8.091929850895508025e+01 7.780534934202371744e+01 7.164898824015261880e+01 6.325420777916534121e+01 5.351599978040012928e+01 4.339007330667593010e+01 3.372791709538577010e+01 2.511548301352771873e+01 1.792244929913856666e+01 1.225613625488517933e+01 8.037161225574555701e+00 5.047507177045710058e+00 3.037665947423533463e+00 1.751812502875507827e+00 9.690031754432413269e-01 5.131648466263358799e-01 2.604110442684149929e-01 1.267719211238294008e-01 5.907190965350517936e-02 2.637514857928795198e-02 1.129900773314302005e-02 4.632113882513990040e-03 1.819527403801458236e-03 6.858660480536123410e-04 2.473502309554966114e-04 8.546926750026730276e-05 2.834514748942656631e-05 8.991629860821659145e-06 2.737888697682127966e-06 7.972906026794269127e-07 2.228855632985224465e-07 5.958039800198620884e-08 1.525855117168021149e-08 3.751960753296651578e-09 8.819802304979816291e-10 1.990865820568409166e-10 4.295502854864357945e-11 8.900542150518345771e-12 1.762549899550250976e-12 3.352316809347272459e-13 6.028334696106009006e-14 1.052132329175465596e-14 1.754421789155981834e-15 2.810439448508175843e-16 4.300706660040442098e-17 6.323121184522897726e-18 8.879401079767121238e-19 1.198151927902307304e-19 1.548878522263413405e-20
2.609463172995808996e-20 2.229454756815816096e-19 1.816019206104499805e-18 1.410330087926986339e-17 1.044248868001517916e-16 7.393710491586394453e-16 4.976144639276042221e-15 3.193154144606386918e-14 1.953654169149417512e-13 1.139675032486525566e-12 6.339055916367381086e-12 3.361886335363059982e-11 1.704222902212604564e-10 8.216692335932773366e-10 3.777432604162093519e-09 1.655885173387083945e-08 6.921531697023625471e-08 2.758782031043180886e-07 1.048528861940951091e-06 3.800106840387154703e-06 1.313312785175378903e-05 4.328146390288798134e-05 1.360195972618330625e-04 4.076346301332097518e-04 1.164970319493071303e-03 3.174949947016949062e-03 8.251654425032216647e-03 2.045177695676208066e-02 4.834042983649247671e-02 1.089639431541075953e-01 2.342346645722313825e-01 4.801960513902988614e-01 9.388319467152919096e-01 1.750497780302271433e+00 3.112734213325136778e+00 5.278753486867721278e+00 8.537514172056290818e+00 1.316872708414603110e+01 1.937179145288440907e+01 2.716441603999030718e+01 3.634863694676468526e+01 4.638652684254309122e+01 5.645621784163839862e+01 6.553115908860299044e+01 7.254370529972477755e+01 7.658907538036733342e+01 7.711865612886697363e+01 7.406033499338978743e+01 6.783028687251558608e+01 5.924773119001410748e+01 4.935463661801158253e+01 3.920939932311053866e+01 2.972055820420743899e+01 2.147609907154916797e+01 1.479966784151260839e+01 9.726209702203728824e+00 6.100348598039906811e+00 3.646349415436828778e+00 2.078484490742683377e+00 1.129838677651912260e+00 5.862967784484057754e-01 2.898473890496296446e-01 1.366439615521357065e-01 6.150715368168813840e-02 2.636962718206587591e-02 1.078049305502731987e-02 4.208907334811642399e-03 1.564713720314131820e-03 5.474947372550985911e-04 1.852731139210591770e-04 5.968571142589849314e-05 1.833400544302217329e-05 5.380266551761576929e-06 1.502680972892451951e-06 4.009992819779354206e-07 1.018273356271670038e-07 2.470890324047802903e-08 5.704453715971914667e-09 1.255659872080645884e-09 2.641681170475157837e-10 5.286300715251755460e-11 1.011180788497174013e-11 1.839487496081245622e-12 3.199084369350883539e-13 5.290221964126580469e-14 8.364472916650532373e-15 1.257335427148599810e-15 1.807324806020212236e-16 2.469437247586612763e-17 3.226923080493343854e-18 4.007606854486760766e-19 4.760659833325951077e-20 5.373837590624275542e-21 5.802892639656236106e-22 5.974541776751333263e-23
1.194957691531160341e-21 1.158501026061561362e-20 1.067918419193481372e-19 9.360110273193864529e-19 7.800610511698423769e-18 6.200811742904474928e-17 4.671783098988563362e-16 3.346818973817117673e-15 2.279821249784707048e-14 1.476699075159512198e-13 9.095141289746472590e-13 5.326681719357824330e-12 2.974173291997347869e-11 1.574890891398852901e-10 7.930038132029514507e-10 3.797031631758285396e-09 1.728863815364277748e-08 7.485631338495388515e-08 3.082127227085176023e-07 1.206786665821459376e-06 4.493363198816459879e-06 1.591024307218572649e-05 5.357343312851942953e-05 1.715507111347873643e-04 5.224068401959533915e-04 1.512868809906318989e-03 4.166510131129736415e-03 1.091251671855284454e-02 2.718073039961842186e-02 6.438479484171508171e-02 1.450419479961955194e-01 3.107377465726531285e-01 6.331203650741829003e-01 1.226795212891601761e+00 2.260751566570142757e+00 3.962140470151738647e+00 6.603957286347521993e+00 1.046831816059508391e+01 1.578151034689862442e+01 2.261497441888806037e+01 3.083902366081047219e+01 4.011040109990893399e+01 4.944172018800325930e+01 5.796019431099240649e+01 6.461976006076193357e+01 6.851717692038363339e+01 6.909434530102261363e+01 6.626812388978362378e+01 6.044528419530490027e+01 5.243416758343299477e+01 4.325725837346898572e+01 3.393864879048896199e+01 2.533560347657549983e+01 1.797945081166373171e+01 1.213406866913668836e+01 7.787875681844941056e+00 4.757269292659959348e+00 2.761603954955341944e+00 1.524543618313683568e+00 8.003690740573012885e-01 4.000276130270432606e-01 1.899367902037608358e-01 8.576126814315891689e-02 3.687345570595210870e-02 1.505725717298860705e-02 5.846974043907325266e-03 2.162458364735819587e-03 7.593868284334183514e-04 2.535837699252189450e-04 8.066804351296658006e-05 2.435955008935743879e-05 6.994708773036188299e-06 1.913735505720547988e-06 4.969018576946444365e-07 1.229508021293123081e-07 2.886651648941056556e-08 6.459361982194074288e-09 1.371238521554407549e-09 2.767862950952975349e-10 5.325972278575047662e-11 9.720089995859938451e-12 1.691316616823228543e-12 2.790761539767684947e-13 4.391010438020928413e-14 6.550518258586646934e-15 9.319479610531212817e-16 1.256908185885963251e-16 1.616893284418336006e-17 1.971431443917828859e-18 2.293027410335315537e-19 2.527470893434353809e-20 2.657981187892725187e-21 2.648463759247816253e-22 2.518180274175968400e-23 2.276700603466310592e-24
2.622612715058144729e-22 2.688633109198993508e-21 2.617662900260060833e-20 2.420378227185104803e-19 2.125409686066849335e-18 1.778247766750443829e-17 1.408330995100746529e-16 1.059289734531104973e-15 7.567020136424503347e-15 5.133784590304442104e-14 3.383446576287633779e-13 2.069234329326040434e-12 1.205109727582831865e-11 6.647605194436946233e-11 3.482721865477106486e-10 1.732964521902556410e-09 8.189929619388612228e-09 3.676144307216493040e-08 1.567216618883665998e-07 6.345878521148013501e-07 2.440522520589870067e-06 8.914648990224658759e-06 3.092843817867730152e-05 1.019168329290826849e-04 3.189846835981816628e-04 9.482687308650880088e-04 2.677517609190956278e-03 7.180820514676490747e-03 1.829186821259727591e-02 4.425737351321482743e-02 1.017086782934686767e-01 2.220119222511269252e-01 4.603005532074295747e-01 9.064722155339755005e-01 1.695571345410536113e+00 3.012498673466662780e+00 5.083787833438119463e+00 8.148884072543125967e+00 1.240678681582504161e+01 1.793255463625209245e+01 2.463422851118025747e+01 3.214299608819420229e+01 3.983677091549817817e+01 4.689558498342316284e+01 5.243598085581943735e+01 5.568982792419785710e+01 5.618003721896281633e+01 5.383425976331480456e+01 4.899842337684383864e+01 4.235952438149119104e+01 3.478279817023313569e+01 2.712821312817843733e+01 2.010652644726629390e+01 1.414850001348325925e+01 9.456330864990382779e+00 6.003053324504013410e+00 3.622529801212227341e+00 2.074747302688348949e+00 1.128626785242102581e+00 5.831300923832848371e-01 2.864841169650240160e-01 1.335376795214437973e-01 5.911951059276730064e-02 2.489284263937849642e-02 9.942067590567458396e-03 3.771342200578728984e-03 1.360905836476350352e-03 4.657026441656221235e-04 1.513558675206516592e-04 4.680569337989231069e-05 1.372259411681639064e-05 3.820994028181880280e-06 1.012560892145716205e-06 2.543275891425175987e-07 6.080429393094301926e-08 1.377617968586521854e-08 2.971362249091717077e-09 6.072428406585456787e-10 1.178567297885663346e-10 2.178082950019036333e-11 3.812973459408042933e-12 6.216275302753002640e-13 9.809155579123003052e-14 1.474311909911975962e-14 2.098305259428081008e-15 2.844909421639921344e-16 3.651877542511526677e-17 4.466308074609899557e-18 5.170775408847015975e-19 5.704423236783327345e-20 5.956196021541087991e-21 5.927066381581425215e-22 5.581340814474512518e-23 5.009743727114642225e-24 4.270804019924453514e-25
2.724704021913915059e-23 3.056053431335008787e-22 3.248775854600572315e-21 3.273389382619163927e-20 3.126055016750589727e-19 2.839031478823958167e-18 2.435460839150556028e-17 1.980244373382836632e-16 1.526106967537255155e-15 1.114760436447183548e-14 7.718098452852956650e-14 5.064925493642618720e-13 3.159170027833094579e-12 1.862401043543992423e-11 1.040668857294272647e-10 5.511790531478131360e-10 2.767038818142323268e-09 1.341721442199825213e-08 6.047677024923243583e-08 2.583817174231357816e-07 1.046365336809902293e-06 4.016563486646240936e-06 1.461426412624416030e-05 5.040243616364054708e-05 1.647705287894037399e-04 5.105779775366569954e-04 1.499685505686361008e-03 4.175368848424567195e-03 1.101912040442072811e-02 2.756495301484403887e-02 6.536218632347080837e-02 1.469114117979475331e-01 3.130002776676101828e-01 6.321128838958556262e-01 1.210056665727033520e+00 2.195726559259655097e+00 3.776700384733634674e+00 6.157560759857116928e+00 9.516272194082915803e+00 1.393317466330423393e+01 1.934941235847582774e+01 2.547106977514447124e+01 3.178249876385467232e+01 3.759152954029637783e+01 4.214563813784398150e+01 4.478942041822821807e+01 4.512017431975003490e+01 4.308715092261633117e+01 3.900164807073761608e+01 3.346381817097216071e+01 2.721601158565039924e+01 2.098113414866611848e+01 1.533963409220203111e+01 1.062583317367873192e+01 6.976910775887562366e+00 4.342244728261729136e+00 2.563804986333154901e+00 1.433738033714538895e+00 7.599789029299158782e-01 3.818376286898154670e-01 1.820591876402825604e-01 8.218865562349440823e-02 3.516834814387068131e-02 1.428404194631734993e-02 5.491660091366867835e-03 2.001206930848785370e-03 6.923751270670133349e-04 2.266897892324275102e-04 7.034820152143975158e-05 2.073179837484674803e-05 5.780286969607191343e-06 1.527519919684405301e-06 3.834325496704629686e-07 9.103465392392501610e-08 2.053320978448057632e-08 4.379730512311409117e-09 8.876422523649581141e-10 1.700958564318981896e-10 3.089309283613650748e-11 5.332497607364645847e-12 8.700660228669864270e-13 1.349407488051905483e-13 1.977930503592252711e-14 2.756234040502733841e-15 3.629300548594240525e-16 4.543962820528353685e-17 5.234024879050394019e-18 5.883844006031946270e-19 6.247949471018131308e-20 6.310375079140516023e-21 6.019338319479346212e-22 5.462000231212531006e-23 4.680104840112442646e-24 3.815372964307828060e-25 2.948309101784812947e-26
1.026102848110225293e-26 1.611920237166882286e-25 2.382005142099434693e-24 3.311237141854297423e-23 4.330003631949473363e-22 5.346781090611962813e-21 6.186658639677941355e-20 6.734045402901810832e-19 6.895312338822944174e-18 6.641890641848496363e-17 6.018540738242399601e-16 5.130435102527385596e-15 4.127156085368049553e-14 3.113188612610684574e-13 2.209167748402392210e-12 1.474763349255715955e-11 9.261641646872531732e-11 5.471761683522112065e-10 3.041175312067882908e-09 1.590128733796508724e-08 7.821698484817734144e-08 3.619504843110672819e-07 1.575715651837275899e-06 6.453396596627923156e-06 2.486462077730421295e-05 9.012792862611584965e-05 3.073420771190316461e-04 9.859858412660598391e-04 2.975817034594460068e-03 8.449469661082434704e-03 2.257049390544967407e-02 5.672071378995932611e-02 1.341009543379138302e-01 2.982717107034718040e-01 6.241409115590823564e-01 1.228694498500178645e+00 2.275600677127194160e+00 3.964963431926487480e+00 6.499401039520712686e+00 1.001681818508228616e+01 1.453404243316308353e+01 1.983963272076688256e+01 2.547833722836494985e+01 3.078210935421412486e+01 3.498766995458128548e+01 3.741281954111279617e+01 3.763832784861280345e+01 3.562476101461292899e+01 3.172197079958311150e+01 2.657382262177494070e+01 2.094269673845028379e+01 1.552726042232222525e+01 1.083678075605110713e+01 7.111597665586391948e+00 4.390502220287259227e+00 2.549999226336835179e+00 1.394655413504335417e+00 7.169469258462928263e-01 3.467222093040706055e-01 1.577427302649972995e-01 6.760440570136384830e-02 2.690946372849692403e-02 1.018584181688952234e-02 3.632992283422491024e-03 1.217105751949581821e-03 3.835792600247947678e-04 1.139395539404622880e-04 3.178063658631049074e-05 8.338888443810040912e-06 2.062828152680949291e-06 4.790256457494761924e-07 1.046420693943860217e-07 2.155657559048239976e-08 4.167408178003608632e-09 7.598989917510370087e-10 1.300089162966886636e-10 2.098319537083961297e-11 3.176962982952451327e-12 4.524712731478388257e-13 6.080896682137585065e-14 7.664046852293465703e-15 9.116416289259552882e-16 1.016760538446608958e-16 1.070450163749995528e-17 1.056470602922418912e-18 9.844177743749387578e-20 8.597246383535738615e-21 7.090033204374924897e-22 5.479107515678114050e-23 3.999063812251670036e-24 2.734603281293135775e-25 1.766425666526643289e-26 1.068805769532907199e-27 6.110059412155886383e-29 3.286114846036780107e-30
8.858040149778219109e-35 3.090090646901212460e-33 9.961130226411511121e-32 2.967240713397911803e-30 8.167829278625380614e-29 2.087881029510677521e-27 4.907216688186142382e-26 1.065818581735046250e-24 2.139207145174396603e-23 3.967772980359551303e-22 6.800927012671640607e-21 1.077257710246793022e-19 1.583317793601206670e-18 2.141587643025511266e-17 2.676962157260393581e-16 3.092359290500250771e-15 3.301274676203942046e-14 3.257016601356727106e-13 2.969664701602695937e-12 2.502340792403317118e-11 1.948675258962727676e-10 1.402454437215289830e-09 9.328171691037590067e-09 5.734095096856344883e-08 3.257585691036794504e-07 1.710374852094784688e-06 8.299521188893988326e-06 3.722054454750088148e-05 1.542701494443965535e-04 6.004913725476733553e-04 2.123872494330163348e-03 6.942621085865553765e-03 2.097455939043989248e-02 5.856490663518191392e-02 1.511325495293971144e-01 3.604583403304348344e-01 7.945643728512555848e-01 1.618751965830543371e+00 3.047957186068890323e+00 5.299945062918126837e+00 8.525245874726563144e+00 1.267416177397865518e+01 1.741437467793387128e+01 2.211424906997211792e+01 2.595442467881165527e+01 2.815299433386099182e+01 2.822508602520861842e+01 2.615445473657461406e+01 2.239888763741850397e+01 1.772866990034042090e+01 1.296860282137789078e+01 8.767501517941918010e+00 5.482293951128829335e+00 3.166089844727858704e+00 1.689833738475073899e+00 8.335322419210184908e-01 3.804579007449221395e-01 1.603046868857952445e-01 6.242183911817449082e-02 2.246338220510129755e-02 7.483764835349496561e-03 2.300382851392827020e-03 6.534622827254027129e-04 1.719084115529956162e-04 4.171024892791604598e-05 9.352345735628392361e-06 1.942691981204014741e-06 3.720403505425914527e-07 6.584149045233811080e-08 1.079851636081135662e-08 1.632167149050774556e-09 2.279711640909695130e-10 2.951883133924463348e-11 3.521176504308567066e-12 3.894751957164303328e-13 3.967620180683886570e-14 3.748721876463384666e-15 3.261245910082262354e-16 2.621671272894955454e-17 1.955353026857706520e-18 1.342309856751546861e-19 8.551304373060130639e-21 5.012815610260664093e-22 2.727614251152996634e-23 1.365347468208729851e-24 6.345346082623991197e-26 2.712163253795409040e-27 1.076535684135105118e-28 3.928972046089063398e-30 1.331931599000505716e-31 4.150615331451027499e-33 1.201700108629628918e-34 3.197401194046528304e-36 7.905912226485118441e-38 1.806614112862609028e-39
1.566428823910216122e-43 1.294964806143230243e-41 9.702766913436232405e-40 6.589121076159625935e-38 4.055623135819550061e-36 2.276354532179066261e-34 1.150834434233869372e-32 5.273464754547253595e-31 2.190249270395954429e-29 8.245355491425528441e-28 2.813504486154661952e-26 8.701863337643240448e-25 2.451874955411088349e-23 6.229630313312097963e-22 1.434711566657668625e-20 2.995085265530893814e-19 5.667609119028091990e-18 9.721661043748603612e-17 1.511592203358560487e-15 2.130521924505700117e-14 2.722062443081149362e-13 3.152639248591047829e-12 3.309922921801216324e-11 3.150155934226437952e-10 2.717814525861661162e-09 2.125612252519936871e-08 1.507049287846616518e-07 9.686181397678334341e-07 5.643673005671031438e-06 2.980968437425535129e-05 1.427385226088022634e-04 6.196052600155096263e-04 2.438263632084453764e-03 8.698397835982758786e-03 2.813144691710162820e-02 8.247835770523308241e-02 2.192218194523715968e-01 5.282309798580592242e-01 1.153879674934181088e+00 2.282814484044544123e+00 4.098884338181591147e+00 6.672009040117873546e+00 9.845614575563015336e+00 1.317114024262557592e+01 1.597339128739976921e+01 1.756154635492863747e+01 1.750465607598950513e+01 1.581843498641865686e+01 1.295865782316693426e+01 9.623674948048403621e+00 6.478939667813860659e+00 3.927769001704372265e+00 2.172550617828542752e+00 1.088441044293637860e+00 4.943230587117583563e-01 2.035094753143972535e-01 7.606995711722509823e-02 2.573819571150726473e-02 7.894064288360589862e-03 2.194710527047696608e-03 5.543146346782158859e-04 1.266471298981094085e-04 2.622871944039089503e-05 4.936808870339321495e-06 8.401702531863620746e-07 1.296042338218660087e-07 1.817787707634755910e-08 2.304147822625928238e-09 2.647258260433061952e-10 2.766551926313620955e-11 2.611655005472140381e-12 2.234598155074638990e-13 1.739899383586815645e-14 1.223135560649160741e-15 7.826890218636298099e-17 4.520543490929475752e-18 2.377275608478902252e-19 1.128018724447542198e-20 4.851010555660824436e-22 1.900294698335167096e-23 6.713508684552443691e-25 2.161099761783395453e-26 6.271934921530709926e-28 1.659010120192010101e-29 3.955121526923632522e-31 8.596383423238720354e-33 1.683437951659595777e-34 3.006410482703096501e-36 4.836009814135002953e-38 7.096118810397971719e-40 9.375726380933218850e-42 1.130339916863092199e-43 1.226666268125259075e-45 1.215036894388141162e-47 1.090964491458520913e-49
0.000000000000000000e+00 0.000000000000000000e+00 0.000000000000000000e+00 0.000000000000000000e+00 0.000000000000000000e+00 0.000000000000000000e+00 4.076283599399038145e-312 1.339795408664896560e-296 1.741839394633737806e-281 8.957578738672620362e-267 1.822238997447210949e-252 1.466471355906768901e-238 4.893855383731026157e-225 6.155757061301014798e-212 3.063686282085292198e-199 8.494734692998556113e-187 6.545306053762379459e-175 1.995950473818747164e-163 2.409087293207969038e-152 1.151028665218310378e-141 2.177225788704850344e-131 1.630658728177243803e-121 4.836485547468811782e-112 5.681671374806229327e-103 2.644127081655179610e-94 4.875722562210308517e-86 3.563266530174286976e-78 1.032349651999516593e-70 1.186065767741382791e-63 5.405686611127830049e-57 9.777743394662737029e-51 7.022558152794715792e-45 2.003983788943895240e-39 2.273920199033518544e-34 1.026994562760313814e-29 1.848516132419342146e-25 1.328162701331402529e-21 3.817444924460576939e-18 4.401222616632058231e-15 2.024700535676707686e-12 3.803377545872679759e-10 2.902351062757472269e-08 9.045281845111654750e-07 1.157194413419751571e-05 6.101679991586987043e-05 1.328770753115582814e-04 1.195648757244016137e-04 4.431705049219028595e-05 6.732531360617936540e-06 4.169819116009762976e-07 1.047295050875182034e-08 1.061542185540199657e-10 4.364425681618869284e-13 7.132937462936061760e-16 4.658026309981035340e-19 1.212981162313869747e-22 1.276370984982393772e-26 5.269975141727924214e-31 8.644772974226523772e-36 5.629774806187860770e-41 1.484761868038493385e-46 1.523632070388539704e-52 6.198236533885177992e-59 1.024296740090573969e-65 6.551966359090369259e-73 1.660101517027166869e-80 1.714859469814738219e-88 6.823576510781651537e-97 1.074985582936386925e-105 6.931019925589972673e-115 1.713451739611520964e-124 1.676554563273531278e-134 6.740660974058069036e-145 1.034448192431821172e-155 6.540816395567635406e-167 1.573943259550224526e-178 1.564779210055853107e-190 5.903009075715519423e-203 8.810259070102147561e-216 3.730345076460128070e-229 8.627337833677868807e-243 8.300975448091484210e-257 3.008607388100978286e-271 4.549250840328727508e-286 2.583692771674858381e-301 6.138991437577637761e-317 0.000000000000000000e+00 0.000000000000000000e+00 0.000000000000000000e+00 0.000000000000000000e+00 0.000000000000000000e+00 0.000000000000000000e+00 0.000000000000000000e+00 0.000000000000000000e+00 0.000000000000000000e+00
0.000000000000000000e+00 0.000000000000000000e+00 0.000000000000000000e+00 0.000000000000000000e+00 0.000000000000000000e+00 0.000000000000000000e+00 1.759506399660901998e-316 5.454923443173486084e-301 6.689501342320811154e-286 3.245072047317052414e-271 6.227312597693317030e-257 4.727647549110059916e-243 1.488248985839114447e-229 1.766097193063273361e-216 8.292857201507435832e-204 1.540911993071058809e-191 1.133111243929887983e-179 3.297837341947261725e-168 3.799208341894537856e-157 1.732663518146221329e-146 3.128585546084616262e-136 2.236948791446155472e-126 6.334417642158192905e-117 7.105201186881068619e-108 3.157553664108119281e-99 5.560659891486937547e-91 3.881618006666912876e-83 1.074325000375586266e-75 1.179343331882883687e-68 5.136845631426508233e-62 8.881901705868819269e-56 6.099730742211400333e-50 1.664965827598568226e-44 1.807811769872553385e-39 7.816399611826022323e-35 1.347514305110281419e-30 9.277826645486419699e-27 2.556452460566168742e-23 2.826246097447371455e-20 1.246597735630393475e-17 2.243176860375941989e-15 1.636583511035270574e-13 4.860144488103038591e-12 5.895225776189820489e-11 2.927934286214027551e-10 5.960224933290390432e-10 4.974203006867791291e-10 1.697194851592090969e-10 2.358580178483251837e-11 1.329754639686601982e-12 3.029389630810255300e-14 2.778347100524697621e-16 1.032050131070220692e-18 1.522105143144152642e-21 8.963837655956783762e-25 2.104179047057532050e-28 1.995720477444499140e-32 7.424819134515438313e-37 1.097338893079244598e-41 6.438123151903939178e-47 1.529878412447223868e-52 1.414261945179243511e-58 4.295055260733259652e-65 6.322640497135232147e-72 3.601919506002122981e-79 8.127986360172469065e-87 7.478896965230615849e-95 2.650346929212555783e-103 3.718551557587830942e-112 2.135627215039678981e-121 4.701968262114122967e-131 4.097367995349422132e-141 1.467393715180280794e-151 2.005546631793513127e-162 1.129570769771518342e-173 2.420756306479897058e-185 2.143745338149466576e-197 7.202357322952687194e-210 9.573508846397366952e-223 5.280236520414558713e-236 1.100047864671104392e-249 9.535948544553143495e-264 3.113366773467284754e-278 4.241347377140288219e-293 2.169869521518677243e-308 4.940656458412465442e-324 0.000000000000000000e+00 0.000000000000000000e+00 0.000000000000000000e+00 0.000000000000000000e+00 0.000000000000000000e+00 0.000000000000000000e+00 0.000000000000000000e+00 0.000000000000000000e+00 0.000000000000000000e+00
0.000000000000000000e+00 0.000000000000000000e+00 0.000000000000000000e+00 0.000000000000000000e+00 0.000000000000000000e+00 0.000000000000000000e+00 1.625419705681296271e-315 4.761569148885600252e-300 5.517659944494252545e-285 2.529293777755175345e-270 4.586743091409920338e-256 3.290742397841784776e-242 9.789246002440439475e-229 1.097917367831952993e-215 4.872602546750444079e-203 8.557725549280785869e-191 5.948405473760700167e-179 1.636554723848273588e-167 1.782361288013786843e-156 7.685087035610485076e-146 1.312042901740477628e-135 8.870709533707636991e-126 2.375483946725695370e-116 2.520056145037577154e-107 1.059311607610441166e-98 2.214268977831546834e-90 1.445907787657198462e-82 3.744231017697994658e-75 3.846383824454859368e-68 1.568170388751757036e-61 2.538636928511208006e-55 1.632799513072800126e-49 4.175433906831743926e-44 4.248990584730062832e-39 1.722457730527614668e-34 2.785204434056415632e-30 1.799296120523344703e-26 4.652851278005386542e-23 4.827176688985250266e-20 1.997258902197626767e-17 3.366941479411742448e-15 2.296403935621675424e-13 6.354433676587327806e-12 7.149987795696121690e-11 3.276067221122107996e-10 6.114616336801601478e-10 4.650382481189472804e-10 1.437325932130351404e-10 1.800282341076961750e-11 9.110923785221956995e-13 1.857398622574437328e-14 1.520976877558126216e-16 5.037557037539629310e-19 6.616187409140090361e-22 3.467304608493911080e-25 7.239548497852382306e-29 6.106657063293789768e-33 2.019752100220700857e-37 2.653400055548029642e-42 1.383667493238929779e-47 2.922751287123800112e-53 2.401210181621002306e-59 7.820090556073608641e-66 1.034895300889924344e-72 5.299199585334411954e-80 1.074815181231663467e-87 8.890607735199830746e-96 2.831827053806249925e-104 3.571138730575513758e-113 1.843731745365935469e-122 3.648546076706451142e-132 2.857675468796120325e-142 9.200124813286457094e-153 1.130181328030583479e-163 5.722275392155897759e-175 1.102238911088233206e-186 8.774836573090403390e-199 2.649788531204795282e-211 3.165768284333365589e-224 1.569656664921962453e-237 2.939244517611175588e-251 2.290512639037741070e-265 6.721607871696658605e-280 8.231756317404183610e-295 3.785274079176900675e-310 0.000000000000000000e+00 0.000000000000000000e+00 0.000000000000000000e+00 0.000000000000000000e+00 0.000000000000000000e+00 0.000000000000000000e+00 0.000000000000000000e+00 0.000000000000000000e+00 0.000000000000000000e+00 0.000000000000000000e+00
0.000000000000000000e+00 0.000000000000000000e+00 0.000000000000000000e+00 0.000000000000000000e+00 0.000000000000000000e+00 0.000000000000000000e+00 3.195376887025199038e-314 8.674280870442627691e-299 9.314938733500787378e-284 3.957145928964643419e-269 6.650621179021911623e-255 4.422270738112812089e-241 1.219168632886590255e-227 1.267417436829310671e-214 5.213986845510279509e-202 8.488902646476950469e-190 5.470228160548985879e-178 1.395329630562907174e-166 1.409015378549575213e-155 5.633491797716608489e-145 8.919165394164261572e-135 5.592731303922282315e-125 1.389163733663759438e-115 1.367094300953922927e-106 5.331577056485989668e-98 8.242035976328109089e-90 5.051956668796666955e-82 1.228214349600302881e-74 1.184796512131707859e-67 4.536924858270110091e-61 6.900089892254008780e-55 4.170539589163855008e-49 1.002523440391033780e-43 9.592785451887217862e-39 3.657640830873610732e-34 5.564286148630144859e-30 3.382317664530958620e-26 8.229330985956057936e-23 8.029869785495932884e-20 3.122441192561170658e-17 4.939200957862860730e-15 3.300546376301927894e-13 8.429674638671704789e-12 8.720169154180485901e-11 3.656445068140972974e-10 6.214482903633974957e-10 4.283156785105114981e-10 1.193977125878904123e-10 1.343358280640312050e-11 6.086632000649438592e-13 1.108018523743090877e-14 8.086031555200500079e-17 2.383731197192061567e-19 2.783221963563786439e-22 1.295760510715886823e-25 2.402278721294968049e-29 1.798988070575050678e-33 5.280277334451155588e-38 6.154990883252400150e-43 2.847579555402076739e-48 5.337073095109583629e-54 3.889611582514329883e-60 1.123664538391243994e-66 1.319285234650212896e-73 5.992136505620782046e-81 1.078023580694557918e-88 7.910873917321568599e-97 2.234986636285330658e-105 2.499928682252089948e-114 1.145010564881004873e-123 2.009745683002896704e-133 1.396184274387712492e-143 3.987599361402271139e-154 4.344837232031887389e-165 1.951558614180626115e-176 3.334233903719198623e-188 2.354762174586599200e-200 6.307063718467181514e-213 6.683493640729994982e-226 2.939801619840755815e-239 4.882683553420630078e-253 3.375559048845581101e-267 8.786117418935534192e-282 9.545701712645599321e-297 3.893363047893188196e-312 0.000000000000000000e+00 0.000000000000000000e+00 0.000000000000000000e+00 0.000000000000000000e+00 0.000000000000000000e+00 0.000000000000000000e+00 0.000000000000000000e+00 0.000000000000000000e+00 0.000000000000000000e+00 0.000000000000000000e+00
0.000000000000000000e+00 0.000000000000000000e+00 0.000000000000000000e+00 0.000000000000000000e+00 0.000000000000000000e+00 0.000000000000000000e+00 5.240607423423817778e-313 2.036029127960350003e-297 2.012399183328139821e-282 7.868966256091179564e-268 1.217358704230488298e-253 7.451490701434866463e-240 1.890907455221403080e-226 1.809731533129924604e-213 6.854541166714227260e-201 1.027547846130908124e-188 6.097169881293033836e-177 1.432203757853874998e-165 1.331939109842649282e-154 4.904847189603192852e-144 7.153080468590977750e-134 4.131993257579006775e-124 9.455963169818436418e-115 8.574764899823556803e-106 3.081846454476342785e-97 4.391244402268876023e-89 2.481324408579123859e-81 5.562235822690237999e-74 4.948330258569236207e-67 1.747883654158147446e-60 2.452704932258471659e-54 1.368142197534348098e-48 3.035930439021302416e-43 2.682277934818511133e-38 9.445106004497993498e-34 1.327119242293944209e-29 7.450649228946163412e-26 1.673821575249303546e-22 1.507166315572453795e-19 5.403333749098642893e-17 7.866841351505800973e-15 4.613325045275244571e-13 1.091076838583658244e-11 1.041597295416334294e-10 4.015145916013183377e-10 6.248427909282827684e-10 3.928239034583873367e-10 9.950419012388162596e-11 1.014010471934223959e-11 4.150039935435802002e-13 6.809203025132335889e-15 4.471157639926004817e-17 1.184653586627907665e-19 1.241794476666765926e-22 5.186774823807551494e-26 8.622935588902955057e-30 5.789523754094647104e-34 1.522918106135311676e-38 1.590667339154269664e-43 6.593392024582236628e-49 1.107273556579090863e-54 7.229001598847076020e-61 1.870730927158354459e-67 1.967780877200642565e-74 8.005724094313115980e-82 1.028858688660371885e-89 6.687420531953414335e-98 1.673133201986433486e-106 1.657301149264278906e-115 6.723264540837704218e-125 1.045022880762025857e-134 6.428950175492003641e-145 1.626303301970538196e-155 1.569186077024792383e-166 6.242722941008099401e-178 9.444928810081768725e-190 5.908004656477278463e-202 1.401299935531494797e-214 1.314975614367448022e-227 5.122993836514749226e-241 7.534862411247160980e-255 4.613759495374760633e-269 1.063452739193833783e-283 1.023346466122511872e-298 3.696178689592576034e-314 0.000000000000000000e+00 0.000000000000000000e+00 0.000000000000000000e+00 0.000000000000000000e+00 0.000000000000000000e+00 0.000000000000000000e+00 0.000000000000000000e+00 0.000000000000000000e+00 0.000000000000000000e+00 0.000000000000000000e+00
0.000000000000000000e+00 0.000000000000000000e+00 0.000000000000000000e+00 0.000000000000000000e+00 0.000000000000000000e+00 0.000000000000000000e+00 1.665174670061474773e-311 3.850727955563845634e-296 3.522861668446489810e-281 1.275090796961110835e-266 1.826016874265692058e-252 1.034700277182318101e-238 2.430521674843104946e-225 2.153666949255017955e-212 7.552761514491590830e-200 1.048388776108700361e-187 5.760679968367188782e-176 1.253170334843335370e-164 1.079411204919071966e-153 3.681846393853757824e-143 4.974100685581288329e-133 2.662009367047997298e-123 5.644629690369886106e-114 4.743371669915957009e-105 1.580052292523686070e-96 2.086935228373832981e-88 1.093292840532286471e-80 2.272531877994483700e-73 1.875028418999393266e-66 7.345275547706262944e-60 9.455325302162267877e-54 4.839335399919606682e-48 9.854834910596832140e-43 7.991469686676386827e-38 2.583010526223418988e-33 3.331246888014296921e-29 1.716228368563183620e-25 3.536523646595308283e-22 2.918638382753262555e-19 9.580494324838213120e-17 1.274900599445543274e-14 6.819215118932705443e-13 1.467292629602992610e-11 1.270672992383155992e-10 4.429239214595257029e-10 6.212594955480933971e-10 3.509616013432461778e-10 7.963423315556308350e-11 7.250144339038174381e-12 2.644950407831527514e-13 3.861084890922087605e-15 2.252316631291248032e-17 5.296253937504144590e-20 4.921834665928754431e-23 1.821304799082137395e-26 2.681217406422168577e-30 1.593801451891707160e-34 3.710099966570444815e-39 3.428643587659336201e-44 1.257260248219255486e-49 1.868024247834748689e-55 1.078707140306318383e-61 2.468942688578648770e-68 2.297289974857812461e-75 8.265794856376797918e-83 1.177988674011396546e-90 6.850006082653882718e-99 1.532960121976064834e-107 1.358208428339253589e-116 4.929260181107842520e-126 6.853108871207699778e-136 3.771037146276523711e-146 8.534039122431803753e-157 7.365203528104579804e-168 2.621292778417663755e-179 3.547289443281721935e-191 1.985041180019771526e-203 4.211299580834631322e-216 3.534753989414071276e-229 1.231959454798153810e-242 1.620708403092179018e-256 8.878023282134904553e-271 1.830363442169880680e-285 1.575703774518728744e-300 5.090538781876224368e-316 0.000000000000000000e+00 0.000000000000000000e+00 0.000000000000000000e+00 0.000000000000000000e+00 0.000000000000000000e+00 0.000000000000000000e+00 0.000000000000000000e+00 0.000000000000000000e+00 0.000000000000000000e+00 0.000000000000000000e+00
0.000000000000000000e+00 0.000000000000000000e+00 0.000000000000000000e+00 0.000000000000000000e+00 0.000000000000000000e+00 0.000000000000000000e+00 6.364998354570531484e-310 1.340270251062814257e-294 1.116544524431238439e-279 3.680220275925874971e-265 4.799683719354167120e-251 2.476977563695552084e-237 5.298716583200433836e-224 4.276652680333646712e-211 1.366204468051904198e-198 1.727623924138100052e-186 8.648728848547445312e-175 1.714263654516258008e-163 1.345499155549361984e-152 4.182482451045995893e-142 5.149927566984699170e-132 2.512255273178261825e-122 4.856355697179821690e-113 3.720832373984693865e-104 1.130221070770010003e-95 1.361460263376956789e-87 6.505870181660228361e-80 1.233740197357063309e-72 9.288386313249975712e-66 2.777536464051375649e-59 3.300764550987457671e-53 1.559795762889844963e-47 2.933026792374301858e-42 2.196299096172309567e-37 6.554833263240677810e-33 7.804177809321250990e-29 3.710357185784511948e-25 7.051340417092015491e-22 5.784594471999761200e-19 1.728210732715710168e-16 2.089577145968776774e-14 1.013575249518828768e-12 1.973358556621985786e-11 1.542450690737888281e-10 4.840060100378751283e-10 6.095084546162592724e-10 3.083906312963214956e-10 6.251083709794669960e-11 5.073120305177728832e-12 1.646654410691167873e-13 2.135320637752836270e-15 1.105065684906181060e-17 2.303356266439494532e-20 1.895470731707599261e-23 6.207191593409457173e-27 8.082704378576414947e-31 4.249073164547990947e-35 8.743384803621815444e-40 7.141036998611995560e-45 2.313891088478365109e-50 3.038173395626652063e-56 1.549982927170600349e-62 3.134011663722482389e-69 2.576524166117859970e-76 8.189059390350383465e-84 1.030884855500471911e-91 5.296071664711657664e-100 1.046883379164940655e-108 8.192820229734084403e-118 2.626801555161436611e-127 3.225714293483767869e-137 1.567795860929354853e-147 3.134402652739926191e-158 2.389308090000042213e-169 7.512282516624235727e-181 8.979214404927581506e-193 4.438934787334623619e-205 8.317822250735349822e-218 6.166470129128332262e-231 1.898630366618681571e-244 2.206137381063418141e-258 1.067604605665885828e-272 1.944085011589540765e-287 1.478492897800615148e-302 4.218831490494862653e-318 0.000000000000000000e+00 0.000000000000000000e+00 0.000000000000000000e+00 0.000000000000000000e+00 0.000000000000000000e+00 0.000000000000000000e+00 0.000000000000000000e+00 0.000000000000000000e+00 0.000000000000000000e+00 0.000000000000000000e+00
0.000000000000000000e+00 0.000000000000000000e+00 0.000000000000000000e+00 0.000000000000000000e+00 0.000000000000000000e+00 4.940656458412465442e-324 1.836031734474393684e-308 3.545628109291510749e-293 2.709048695491560801e-278 8.189870736978421999e-264 9.797209089095344603e-250 4.637928515038998249e-236 9.100281123197871669e-223 6.738404762226154328e-210 1.975008923104518805e-197 2.291585955181684069e-185 1.052709031945103434e-173 1.914876181444196730e-162 1.379411646355320969e-151 3.935817447840045442e-141 4.448750163441609554e-131 1.992440142897274746e-121 3.536454145216662317e-112 2.488214863607160343e-103 6.941577793511176562e-95 7.680786565245279995e-87 3.371881184215310287e-79 5.875122101803499770e-72 4.064600034160085582e-65 1.117054982240703308e-58 1.220140603509882057e-52 5.299945229465095653e-47 9.160774930012966653e-42 6.305081505981907871e-37 1.729291558572821480e-32 1.891492920450715966e-28 8.257555400029193859e-25 1.439994331000457030e-21 1.003857900720193194e-18 2.777445046360549097e-16 3.271592282132240581e-14 1.448336562426988084e-12 2.568531299452130437e-11 1.824907485847730594e-10 5.193756787450314643e-10 5.919198815623963621e-10 2.705144565195450779e-10 4.942318123188028734e-11 3.608830821995659168e-12 1.052286600726527119e-13 1.224213183426392342e-15 5.677557348155213176e-18 1.059723431647924221e-20 7.802154253286658852e-24 2.284578253855400779e-27 2.658784734122163513e-31 1.248987781241757056e-35 2.295556936559705061e-40 1.674265020131415932e-45 4.843863193036050877e-51 5.678994907281138260e-57 2.586312818072459871e-63 4.667888410767790472e-70 3.425889784114283500e-77 9.718514965288223580e-85 1.091918136596548993e-92 5.007420707260672667e-101 8.833964967410798810e-110 6.169960411855163055e-119 1.765791674774276470e-128 1.935183714630784777e-138 8.393970316184923644e-149 1.497918978843381962e-159 1.019022887647049611e-170 2.859807170437603208e-182 3.050559321456304040e-194 1.346081908183479142e-206 2.251010770599244546e-219 1.489290677260189440e-232 4.092925936932484525e-246 4.244246671590638426e-260 1.833280860268566501e-274 2.979260300133252439e-289 2.022381619804849399e-304 5.149152160957471483e-320 0.000000000000000000e+00 0.000000000000000000e+00 0.000000000000000000e+00 0.000000000000000000e+00 0.000000000000000000e+00 0.000000000000000000e+00 0.000000000000000000e+00 0.000000000000000000e+00 0.000000000000000000e+00 0.000000000000000000e+00
0.000000000000000000e+00 0.000000000000000000e+00 0.000000000000000000e+00 0.000000000000000000e+00 0.000000000000000000e+00 1.383383808355490324e-322 6.065151941642946862e-307 1.070246993236412435e-291 7.472385439141129936e-277 2.064404825106992651e-262 2.256944297197914994e-248 9.764950765631234701e-235 1.751043782898243804e-221 1.185184230618837764e-208 3.175533244319293814e-196 3.368501951097647598e-184 1.414810620459954067e-172 2.353197345397295104e-161 1.550171651618417152e-150 4.045124283185921531e-140 4.182066480658133718e-130 1.713331033360925182e-120 2.782121747515132248e-111 1.791012764625766997e-102 5.766833668134343620e-94 5.773736556615594783e-86 2.293759408896110215e-78 3.617147022473178928e-71 2.265084627543783449e-64 5.634986926546123507e-58 5.571860894376270615e-52 2.190956487921513996e-46 3.427981988597948462e-41 2.135382863313247303e-36 5.299307701837569421e-32 5.242636322740370510e-28 2.068943784000506628e-24 3.259028012425498293e-21 2.050312856967565169e-18 5.114269028415468695e-16 5.146719431331147640e-14 2.071048853288876869e-12 3.332912316433926221e-11 2.144988917279466969e-10 5.519763843571220687e-10 5.677713657082766830e-10 2.338247166819639203e-10 3.842805283367725351e-11 2.520362951789024111e-12 6.592386583965951151e-14 6.872043409854610289e-16 2.852937194041258795e-18 4.763762056174920200e-21 3.134995433757169031e-24 8.200863614716031965e-28 8.522761618376031220e-32 3.574585925804548856e-36 5.863174667122743637e-41 3.815523674291682257e-46 9.847712214569430352e-52 1.030028468544364053e-57 4.183828824384166439e-64 6.734344264857005146e-71 4.408401691423348297e-78 1.115179008108900723e-85 1.117265935476558881e-93 4.569484581954998186e-102 7.188032282857906790e-111 4.476421841586312975e-120 1.142492964237072233e-129 1.116403127834076139e-139 4.317653858466463259e-150 6.871068708867619930e-161 4.167705314347752785e-172 1.043042332449782929e-183 9.920168967839631897e-196 3.903562399188601052e-208 5.820228371661742611e-221 3.433319463611270545e-234 5.688524973872442261e-248 5.199826332120952199e-262 1.980265768890866038e-276 2.836774379899800010e-291 1.697795235618173442e-306 3.804305472977598390e-322 0.000000000000000000e+00 0.000000000000000000e+00 0.000000000000000000e+00 0.000000000000000000e+00 0.000000000000000000e+00 0.000000000000000000e+00 0.000000000000000000e+00 0.000000000000000000e+00 0.000000000000000000e+00 0.000000000000000000e+00
0.000000000000000000e+00 0.000000000000000000e+00 0.000000000000000000e+00 0.000000000000000000e+00 0.000000000000000000e+00 8.665911428055464385e-321 3.479541644775166703e-305 5.529247783576881752e-290 3.476695124532468633e-275 8.650726729381104136e-261 8.518351360049138378e-247 3.319784782125947584e-233 5.361696269603148332e-220 3.269321639169048973e-207 7.892022896365136275e-195 7.542989124106044243e-183 2.854808310565259032e-171 4.279053907100143322e-160 2.540508108346631099e-149 5.975392032932726747e-139 5.568819356630921586e-129 2.056820388266497370e-119 3.011342906379400876e-110 1.748067133680868067e-101 4.024424277385719878e-93 3.675547623660077313e-85 1.332140214719269761e-77 1.916625308443605620e-70 1.095083281618298062e-63 2.485745842387334317e-57 2.242624105189772613e-51 8.045438564401380337e-46 1.148287894749799112e-40 6.523526241638925048e-36 1.475950688629952188e-31 1.330594397104503603e-27 4.782153471381378252e-24 6.855046474412093023e-21 3.920928197947744395e-18 8.883693631808461195e-16 8.109319723474687751e-14 2.955972714394766170e-12 4.302900795074938996e-11 2.501130482032451828e-10 5.804237631413388827e-10 5.376032212882614850e-10 1.991090398881511833e-10 2.938379061590414054e-11 1.728415892016975103e-12 4.050195428083129469e-14 3.778745817871025820e-16 1.402878310470834586e-18 2.093682618578659848e-21 1.116609950205595427e-24 2.577993654290405247e-28 2.363644654733150933e-32 8.744725021335168202e-37 1.264651937586146933e-41 7.254644496849527688e-47 1.650236272826620824e-52 1.521365559477665699e-58 5.445030123053730981e-65 7.721939455126447902e-72 4.454223800078941843e-79 9.926303226258386497e-87 8.760588819200886391e-95 3.156806380209308129e-103 4.374201273205061161e-112 2.399489076133013736e-121 5.395328301675474285e-131 4.643780341171557440e-141 1.581904433011892631e-151 2.217785851806762934e-162 1.184861780137736736e-173 2.612344123438736276e-185 2.188360007808054819e-197 7.586042751254193187e-210 9.962372444132650759e-223 5.176123117829101037e-236 1.117529563949254298e-249 9.100466327869606572e-264 3.088093920496303470e-278 3.941002395183867873e-293 2.101643371187348770e-308 0.000000000000000000e+00 0.000000000000000000e+00 0.000000000000000000e+00 0.000000000000000000e+00 0.000000000000000000e+00 0.000000000000000000e+00 0.000000000000000000e+00 0.000000000000000000e+00 0.000000000000000000e+00 0.000000000000000000e+00 0.000000000000000000e+00
0.000000000000000000e+00 0.000000000000000000e+00 0.000000000000000000e+00 0.000000000000000000e+00 0.000000000000000000e+00 3.904996051600044436e-319 2.199844936216611722e-303 3.139316395177229904e-288 1.772797087198683474e-273 3.961814728056495785e-259 3.504075523524895043e-245 1.226684387048065355e-231 1.779462232048528034e-218 9.747901156003258578e-206 2.114179854766675470e-193 1.815649209906523945e-181 6.174993489832513799e-170 8.317944207629202369e-159 4.438501491936147259e-148 9.383602195021768781e-138 7.861297899559937246e-128 2.610334557674744141e-118 3.436125167190909414e-109 1.793555161562971898e-100 3.713167877316827682e-92 3.049855239510355275e-84 9.941442168089144203e-77 1.286459363169078698e-69 6.611051177725638811e-63 1.349689451486706877e-56 1.095106147119429917e-50 3.532769619579831805e-45 4.533089285509041184e-40 2.314614490535406618e-35 4.704925716174173502e-31 3.808859668587168569e-27 1.228492589852304959e-23 1.579195712586094471e-20 8.093066899957106463e-18 1.641576531830694689e-15 1.339818703414971081e-13 4.361570062214146494e-12 5.662975707043319920e-11 2.932287663830398930e-10 6.054064981818971340e-10 4.982551237686653415e-10 1.638053601830398550e-10 2.143010052430615020e-11 1.116333847999685581e-12 2.314433337306220077e-14 1.908875909866292430e-16 6.260293055382392643e-19 8.249732053246768711e-22 4.278228490915227010e-25 8.810737406241968033e-29 7.203072314730810220e-33 2.375903938759422667e-37 3.062057587353772152e-42 1.565047303674464482e-47 2.684045201503758634e-53 2.179507926938290913e-59 6.868666662132349755e-66 8.576424230004725565e-73 4.356250195208154563e-80 8.546312364609637368e-88 6.639792708677019481e-96 2.106531156715810114e-104 2.569326162475118113e-113 1.240592876535331398e-122 2.455812037328365900e-132 1.860474726460364664e-142 5.578298819178725571e-153 6.884800339039229695e-164 3.237434312078075069e-175 6.283585238521879135e-187 4.632893094677719335e-199 1.413801647152418301e-211 1.634138927192300696e-224 7.472786482209913166e-238 1.420276651910234903e-251 1.017952559903743868e-265 3.040807157809122862e-280 3.415496597740727687e-295 1.603392010716652496e-310 0.000000000000000000e+00 0.000000000000000000e+00 0.000000000000000000e+00 0.000000000000000000e+00 0.000000000000000000e+00 0.000000000000000000e+00 0.000000000000000000e+00 0.000000000000000000e+00 0.000000000000000000e+00 0.000000000000000000e+00 0.000000000000000000e+00
0.000000000000000000e+00 0.000000000000000000e+00 0.000000000000000000e+00 0.000000000000000000e+00 0.000000000000000000e+00 4.677978058684987415e-317 1.511364692302247793e-301 1.932222456680390062e-286 9.775764440900271039e-272 1.957409192706813226e-257 1.551258150445081174e-243 4.866260006616035080e-230 6.324991875829370965e-217 3.105242183907647723e-204 6.036315690117108136e-192 4.646663684131175724e-180 1.416640690244446858e-168 1.710757951041900169e-157 8.184539980901425000e-147 1.551490005373525522e-136 1.165550104156605476e-126 3.470763049953875158e-117 4.097536010488007437e-108 1.918330586540225579e-99 3.562326022198031713e-91 2.624628873274270086e-83 7.674471707086845527e-76 8.908516530278277005e-69 4.106536978137665070e-62 7.519743050993691351e-56 5.471869413183142879e-50 1.582799043327400642e-44 1.820648389591229639e-39 8.330820273248744622e-35 1.516899626173771189e-30 1.099437252569798414e-26 3.172873694033479759e-23 3.646792320078183444e-20 1.669673021342545114e-17 3.023494132176072211e-15 2.200524556647431711e-13 6.381285227022551346e-12 7.372787318906582299e-11 3.393477537209892447e-10 6.221129707889500110e-10 4.541526161537549248e-10 1.323277066248968289e-10 1.532600966479511303e-11 7.061582727378570215e-13 1.293929354301524314e-14 9.425226182301325544e-17 2.728240119328263821e-19 2.902265826507212452e-22 1.312071023565678704e-25 2.354623657119437796e-29 1.676832041807229864e-33 4.817547875465016081e-38 5.405488972347636547e-43 2.404821531507514260e-48 4.240983908801968553e-54 3.031489703126029043e-60 8.407281605302129836e-67 9.237060534929630213e-74 4.128920499346780671e-81 7.126656641900680235e-89 4.871050298054705598e-97 1.359766464701140597e-105 1.458961255068039598e-114 6.196834099481311777e-124 1.079263705687838031e-133 7.192081583539828374e-144 1.896813067423592643e-154 2.059616525682005429e-165 8.518799277319906391e-177 1.454619611558582212e-188 9.433443953663615602e-201 2.532595425179650870e-213 2.574768245746912723e-226 1.035623781649972281e-239 1.731597663391169757e-253 1.091615082491062464e-267 2.868689637760012364e-282 2.834098401110084891e-297 1.170448215106127476e-312 0.000000000000000000e+00 0.000000000000000000e+00 0.000000000000000000e+00 0.000000000000000000e+00 0.000000000000000000e+00 0.000000000000000000e+00 0.000000000000000000e+00 0.000000000000000000e+00 0.000000000000000000e+00 0.000000000000000000e+00 0.000000000000000000e+00
0.000000000000000000e+00 0.000000000000000000e+00 0.000000000000000000e+00 0.000000000000000000e+00 0.000000000000000000e+00 6.013183426135502963e-315 1.716961044006468539e-299 1.940069627824956844e-284 8.675714766121212071e-270 1.535525326441648945e-255 1.075741400822706307e-241 2.983295715612076745e-228 3.427565942739231083e-215 1.487850089977186881e-202 2.557438380599559112e-190 1.740910365979051634e-178 4.693855519159639490e-167 5.013332438375324369e-156 2.121451200635913537e-145 3.557302438913444447e-135 2.364104325670338388e-125 6.228065944055652482e-116 6.505325243051771134e-107 2.694689023819943881e-98 4.427644802666483850e-90 2.886476281380287563e-82 7.468039463088984103e-75 7.670188830874672080e-68 3.128154348505606038e-61 5.067316932603643926e-55 3.261389718876815099e-49 8.342362846707504019e-44 8.483246868516928313e-39 3.430378935532331172e-34 6.179362479489496347e-30 3.909739618417796053e-26 9.843851134687911690e-23 9.864349296305325906e-20 3.934708859316728572e-17 6.203796165210891167e-15 3.927148992946689392e-13 9.896304948040692441e-12 9.926848322364944282e-11 3.963123705700119800e-10 6.296182705410288429e-10 3.979591957285778098e-10 1.003327891604443509e-10 1.004456327664832543e-11 3.997508558877826661e-13 6.322454516260725936e-15 3.972694285919571769e-17 9.914086913087736327e-20 9.935223161843096057e-23 3.912937478189005836e-26 6.115195020972063096e-30 3.791245275640311941e-34 9.481887747909758382e-39 9.257325853419186724e-44 3.582850549747115805e-49 5.495848711213995987e-55 3.417263287214869385e-61 8.241148136740187060e-68 7.872866434960059693e-75 3.060274051760169753e-82 4.592100850792543325e-90 2.728509292971509115e-98 6.622432559387045347e-107 6.176424123192157653e-116 2.280286694543013423e-125 3.452672862604587808e-135 1.999805328885208726e-145 4.584110217806578106e-156 4.327144077077836086e-167 1.555531831696810890e-178 2.309003569701656523e-190 1.301435982485143038e-202 3.037289841941049023e-215 2.683677342574585958e-228 9.381316118250344968e-242 1.363547161586703116e-255 7.470661004162417671e-270 1.706600040619535688e-284 1.465302022012845003e-299 5.260429346028150215e-315 0.000000000000000000e+00 0.000000000000000000e+00 0.000000000000000000e+00 0.000000000000000000e+00 0.000000000000000000e+00 0.000000000000000000e+00 0.000000000000000000e+00 0.000000000000000000e+00 0.000000000000000000e+00 0.000000000000000000e+00 0.000000000000000000e+00
0.000000000000000000e+00 0.000000000000000000e+00 0.000000000000000000e+00 0.000000000000000000e+00 0.000000000000000000e+00 1.276111252179774214e-312 3.177758159372599374e-297 3.131688109705719280e-282 1.221497905186588040e-267 1.885806810333636322e-253 1.152466416716847406e-239 2.788208080377074040e-226 2.794224177165915502e-213 1.058283266122645584e-200 1.587250366588225435e-188 9.428542582639996230e-177 2.218482815848157883e-165 2.067953909604465129e-154 7.637728271173670742e-144 1.117881933020552104e-133 6.485008727661537985e-124 1.491376748300436225e-114 1.359910782460978423e-105 4.917773206600703383e-97 7.054315917212597391e-89 4.014829584696217483e-81 9.067890313074756643e-74 8.129735196971519667e-67 2.893900550301731265e-60 4.091049502921883883e-54 2.297396938549834853e-48 5.126151661276457830e-43 4.545699473295302297e-38 1.602349852645569605e-33 2.245672523342748059e-29 1.251533572569836157e-25 2.774006701501145113e-22 2.445619512277730041e-19 9.164360263392163802e-17 1.255435090939325237e-14 6.898265840695345260e-13 1.507729006803181912e-11 1.310708225133826572e-10 4.531413395276905427e-10 6.229270875090787628e-10 3.404354988622925054e-10 7.417543349794194870e-11 6.411743728848037374e-12 2.201844187285887782e-13 3.003175625046509681e-15 1.626470253921445947e-17 3.496795898971158665e-20 3.018313131770249129e-23 1.023276024259345616e-26 1.376122160604396138e-30 7.339344417511806097e-35 1.579022222505708076e-39 1.325562677166728251e-44 4.410439806194803711e-50 5.815078237848934629e-56 3.108189169727580194e-62 6.441284426390746391e-69 5.287249361971651871e-76 1.766175314784306762e-83 2.276822296008204961e-91 1.162147300821763798e-99 2.423542669173535925e-108 1.941546189377759042e-117 6.156898724884238813e-127 8.009001046698893686e-137 3.984268536387102140e-147 7.844128629156586294e-158 6.360827029173693081e-169 1.963838336433761691e-180 2.504160265842644452e-192 1.212173859543339857e-204 2.430136184555244597e-217 1.844047739328644569e-230 5.536054674920582094e-244 6.911952266420841964e-258 3.252220991322365158e-272 6.381798778210708473e-287 4.705717672581123164e-302 1.451134536304054621e-317 0.000000000000000000e+00 0.000000000000000000e+00 0.000000000000000000e+00 0.000000000000000000e+00 0.000000000000000000e+00 0.000000000000000000e+00 0.000000000000000000e+00 0.000000000000000000e+00 0.000000000000000000e+00 0.000000000000000000e+00 0.000000000000000000e+00
0.000000000000000000e+00 0.000000000000000000e+00 0.000000000000000000e+00 0.000000000000000000e+00 0.000000000000000000e+00 1.178576585208964551e-310 2.614153533198577496e-295 2.294843299035243384e-280 7.973621261960088871e-266 1.096662945250163897e-251 5.970939687441989007e-238 1.287074951143152655e-224 1.647221283441937086e-211 5.496238293057731653e-199 7.262876999527041752e-187 3.801313752279349103e-175 7.881276231547685264e-164 6.473762675634303098e-153 2.107064116566449455e-142 2.717857415868733961e-132 1.389551204618321060e-122 2.816412181307362736e-113 2.263445740611900582e-104 7.214031190698425263e-96 9.120210736592917127e-88 4.574441538570962846e-80 9.104727625213457227e-73 7.192533732996623465e-66 2.255658964925152297e-59 2.808865945014887092e-53 1.389126275965139516e-47 2.728907801987192079e-42 2.129856478429153879e-37 6.605369232122188889e-33 8.141257995624022963e-29 3.988282227689943477e-25 7.766422874121350537e-22 6.012086511475136083e-19 1.850176968093184228e-16 2.248467376344977738e-14 1.095081530569195106e-12 2.120074399628688466e-11 1.631400329783493533e-10 4.989105383937857667e-10 6.062818160365511085e-10 2.927142267153216631e-10 5.631961947004768259e-11 4.295698677915239746e-12 1.300974914256442267e-13 1.564126471352730675e-15 7.463597172372587412e-18 1.413199617164680006e-20 1.074117454521584941e-23 3.204827823491625196e-27 3.791966792312559717e-31 1.778880297874955414e-35 3.366244054667984485e-40 2.484578072639137754e-45 7.266972090380391434e-51 8.421331119930068731e-57 3.956542566659554424e-63 7.204922483696001625e-70 4.221098628109557619e-77 1.225040903062415841e-84 1.371646308952776786e-92 6.080567007691084540e-101 1.101476375852655811e-109 7.663034351735756780e-119 2.110218666331730048e-128 2.384167257458753745e-138 1.029897887440126844e-148 1.760628315388684562e-159 1.239937830451970383e-170 3.323947861574272991e-182 3.680959585642120405e-194 1.547088189594659512e-206 2.693531188613430085e-219 1.774626536602857103e-232 4.625679756789311450e-246 5.015427914347326864e-260 2.048910302013294486e-274 3.491516160660836177e-289 2.235265100694689191e-304 5.986099365012543129e-320 0.000000000000000000e+00 0.000000000000000000e+00 0.000000000000000000e+00 0.000000000000000000e+00 0.000000000000000000e+00 0.000000000000000000e+00 0.000000000000000000e+00 0.000000000000000000e+00 0.000000000000000000e+00 0.000000000000000000e+00 0.000000000000000000e+00
