7.690364257812500000e+03 7.690682128906250000e+03 7.691000000000000000e+03 7.691317871093750000e+03 7.691635742187500000e+03 7.691954101562500000e+03 7.692271972656250000e+03 7.692589843750000000e+03 7.692907714843750000e+03 7.693225585937500000e+03 7.693543457031250000e+03 7.693861328125000000e+03 7.694179687500000000e+03 7.694497558593750000e+03 7.694815429687500000e+03 7.695133300781250000e+03 7.695451171875000000e+03 7.695769042968750000e+03 7.696086914062500000e+03 7.696404785156250000e+03 7.696722656250000000e+03 7.697040527343750000e+03 7.697358398437500000e+03 7.697676269531250000e+03 7.697994140625000000e+03 7.698312011718750000e+03 7.698629882812500000e+03 7.698947753906250000e+03 7.699265625000000000e+03 7.699583496093750000e+03 7.699901367187500000e+03 7.700219238281250000e+03 7.700537109375000000e+03 7.700854980468750000e+03 7.701172851562500000e+03 7.701490722656250000e+03 7.701808593750000000e+03 7.702126464843750000e+03 7.702444335937500000e+03 7.702761718750000000e+03 7.703079589843750000e+03 7.703397460937500000e+03 7.703715332031250000e+03 7.704033203125000000e+03 7.704351074218750000e+03 7.704668945312500000e+03 7.704986328125000000e+03 7.705304199218750000e+03 7.705622070312500000e+03 7.705939941406250000e+03 7.706257812500000000e+03 7.706575683593750000e+03 7.706893066406250000e+03 7.707210937500000000e+03 7.707528808593750000e+03 7.707846679687500000e+03 7.708164062500000000e+03 7.708481933593750000e+03 7.708799804687500000e+03 7.709117675781250000e+03 7.709435058593750000e+03 7.709752929687500000e+03 7.710070800781250000e+03 7.710388183593750000e+03 7.710706054687500000e+03 7.711023925781250000e+03 7.711341308593750000e+03 7.711659179687500000e+03 7.711977050781250000e+03 7.712294433593750000e+03 7.712612304687500000e+03 7.712930175781250000e+03 7.713247558593750000e+03 7.713565429687500000e+03 7.713882812500000000e+03 7.714200683593750000e+03 7.714518066406250000e+03 7.714835937500000000e+03 7.715153808593750000e+03 7.715471191406250000e+03 7.715789062500000000e+03 7.716106445312500000e+03 7.716424316406250000e+03 7.716741699218750000e+03 7.717059570312500000e+03 7.717376953125000000e+03 7.717694824218750000e+03 7.718012207031250000e+03 7.718330078125000000e+03 7.718647460937500000e+03 7.718965820312500000e+03 7.719283203125000000e+03 7.719600585937500000e+03 7.719917968750000000e+03 7.720235351562500000e+03
7.690432617187500000e+03 7.690750488281250000e+03 7.691068359375000000e+03 7.691386230468750000e+03 7.691704101562500000e+03 7.692022460937500000e+03 7.692340332031250000e+03 7.692658203125000000e+03 7.692976074218750000e+03 7.693293945312500000e+03 7.693611816406250000e+03 7.693929687500000000e+03 7.694248046875000000e+03 7.694565917968750000e+03 7.694883789062500000e+03 7.695201660156250000e+03 7.695519531250000000e+03 7.695837402343750000e+03 7.696155273437500000e+03 7.696473144531250000e+03 7.696791015625000000e+03 7.697108886718750000e+03 7.697426757812500000e+03 7.697744628906250000e+03 7.698062500000000000e+03 7.698380371093750000e+03 7.698698242187500000e+03 7.699016601562500000e+03 7.699333984375000000e+03 7.699652343750000000e+03 7.699969726562500000e+03 7.700288085937500000e+03 7.700605468750000000e+03 7.700923828125000000e+03 7.701241210937500000e+03 7.701559570312500000e+03 7.701876953125000000e+03 7.702195312500000000e+03 7.702512695312500000e+03 7.702830078125000000e+03 7.703148437500000000e+03 7.703465820312500000e+03 7.703784179687500000e+03 7.704101562500000000e+03 7.704419921875000000e+03 7.704737304687500000e+03 7.705054687500000000e+03 7.705373046875000000e+03 7.705690429687500000e+03 7.706008789062500000e+03 7.706326171875000000e+03 7.706644531250000000e+03 7.706961914062500000e+03 7.707279296875000000e+03 7.707597656250000000e+03 7.707915039062500000e+03 7.708232421875000000e+03 7.708550781250000000e+03 7.708868164062500000e+03 7.709186523437500000e+03 7.709503906250000000e+03 7.709821289062500000e+03 7.710139648437500000e+03 7.710457031250000000e+03 7.710774414062500000e+03 7.711092773437500000e+03 7.711410156250000000e+03 7.711727539062500000e+03 7.712045898437500000e+03 7.712363281250000000e+03 7.712680664062500000e+03 7.712999023437500000e+03 7.713316406250000000e+03 7.713633789062500000e+03 7.713951171875000000e+03 7.714269531250000000e+03 7.714586914062500000e+03 7.714904296875000000e+03 7.715222656250000000e+03 7.715540039062500000e+03 7.715857910156250000e+03 7.716175292968750000e+03 7.716493164062500000e+03 7.716810546875000000e+03 7.717128417968750000e+03 7.717445800781250000e+03 7.717763671875000000e+03 7.718081054687500000e+03 7.718398925781250000e+03 7.718716308593750000e+03 7.719034179687500000e+03 7.719351562500000000e+03 7.719669433593750000e+03 7.719986816406250000e+03 7.720304199218750000e+03
7.690489257812500000e+03 7.690807617187500000e+03 7.691125000000000000e+03 7.691443359375000000e+03 7.691760742187500000e+03 7.692079589843750000e+03 7.692397460937500000e+03 7.692715332031250000e+03 7.693033203125000000e+03 7.693351074218750000e+03 7.693668945312500000e+03 7.693986816406250000e+03 7.694305175781250000e+03 7.694623046875000000e+03 7.694940917968750000e+03 7.695258789062500000e+03 7.695576660156250000e+03 7.695894531250000000e+03 7.696212402343750000e+03 7.696530273437500000e+03 7.696848144531250000e+03 7.697166015625000000e+03 7.697483886718750000e+03 7.697801757812500000e+03 7.698119628906250000e+03 7.698437500000000000e+03 7.698755371093750000e+03 7.699073242187500000e+03 7.699391113281250000e+03 7.699708984375000000e+03 7.700026855468750000e+03 7.700344726562500000e+03 7.700662597656250000e+03 7.700980468750000000e+03 7.701298339843750000e+03 7.701616210937500000e+03 7.701934082031250000e+03 7.702251953125000000e+03 7.702569824218750000e+03 7.702887207031250000e+03 7.703205078125000000e+03 7.703522949218750000e+03 7.703840820312500000e+03 7.704158691406250000e+03 7.704476562500000000e+03 7.704794433593750000e+03 7.705112304687500000e+03 7.705429687500000000e+03 7.705748046875000000e+03 7.706065429687500000e+03 7.706383789062500000e+03 7.706701171875000000e+03 7.707018554687500000e+03 7.707336914062500000e+03 7.707654296875000000e+03 7.707972656250000000e+03 7.708290039062500000e+03 7.708607421875000000e+03 7.708925781250000000e+03 7.709243164062500000e+03 7.709560546875000000e+03 7.709878906250000000e+03 7.710196289062500000e+03 7.710513671875000000e+03 7.710832031250000000e+03 7.711149414062500000e+03 7.711466796875000000e+03 7.711785156250000000e+03 7.712102539062500000e+03 7.712419921875000000e+03 7.712738281250000000e+03 7.713055664062500000e+03 7.713373046875000000e+03 7.713691406250000000e+03 7.714008789062500000e+03 7.714326171875000000e+03 7.714643554687500000e+03 7.714961914062500000e+03 7.715279296875000000e+03 7.715596679687500000e+03 7.715915039062500000e+03 7.716232421875000000e+03 7.716549804687500000e+03 7.716867187500000000e+03 7.717185546875000000e+03 7.717502929687500000e+03 7.717820800781250000e+03 7.718138183593750000e+03 7.718456054687500000e+03 7.718773437500000000e+03 7.719091308593750000e+03 7.719408691406250000e+03 7.719726562500000000e+03 7.720043945312500000e+03 7.720361328125000000e+03
7.690541503906250000e+03 7.690859375000000000e+03 7.691177246093750000e+03 7.691495117187500000e+03 7.691812988281250000e+03 7.692131347656250000e+03 7.692449218750000000e+03 7.692767089843750000e+03 7.693084960937500000e+03 7.693402832031250000e+03 7.693720703125000000e+03 7.694038574218750000e+03 7.694356933593750000e+03 7.694674804687500000e+03 7.694992675781250000e+03 7.695310546875000000e+03 7.695628417968750000e+03 7.695946289062500000e+03 7.696264160156250000e+03 7.696582519531250000e+03 7.696900390625000000e+03 7.697218261718750000e+03 7.697536132812500000e+03 7.697854003906250000e+03 7.698171875000000000e+03 7.698489746093750000e+03 7.698807617187500000e+03 7.699125488281250000e+03 7.699443359375000000e+03 7.699761230468750000e+03 7.700079101562500000e+03 7.700396972656250000e+03 7.700714843750000000e+03 7.701032714843750000e+03 7.701350585937500000e+03 7.701668457031250000e+03 7.701986328125000000e+03 7.702304199218750000e+03 7.702622070312500000e+03 7.702939453125000000e+03 7.703257324218750000e+03 7.703575195312500000e+03 7.703893066406250000e+03 7.704210937500000000e+03 7.704528808593750000e+03 7.704846679687500000e+03 7.705164062500000000e+03 7.705481933593750000e+03 7.705799804687500000e+03 7.706117675781250000e+03 7.706435546875000000e+03 7.706753417968750000e+03 7.707070800781250000e+03 7.707388671875000000e+03 7.707706542968750000e+03 7.708024414062500000e+03 7.708341796875000000e+03 7.708659667968750000e+03 7.708977539062500000e+03 7.709295410156250000e+03 7.709612792968750000e+03 7.709930664062500000e+03 7.710248535156250000e+03 7.710565917968750000e+03 7.710883789062500000e+03 7.711201660156250000e+03 7.711519042968750000e+03 7.711836914062500000e+03 7.712154785156250000e+03 7.712472167968750000e+03 7.712790039062500000e+03 7.713107910156250000e+03 7.713425292968750000e+03 7.713743164062500000e+03 7.714060546875000000e+03 7.714378417968750000e+03 7.714695800781250000e+03 7.715013671875000000e+03 7.715331542968750000e+03 7.715648925781250000e+03 7.715966796875000000e+03 7.716284179687500000e+03 7.716602050781250000e+03 7.716919433593750000e+03 7.717237304687500000e+03 7.717554687500000000e+03 7.717873046875000000e+03 7.718190429687500000e+03 7.718508300781250000e+03 7.718825683593750000e+03 7.719143554687500000e+03 7.719460937500000000e+03 7.719778808593750000e+03 7.720096191406250000e+03 7.720413574218750000e+03
7.690591796875000000e+03 7.690909667968750000e+03 7.691227539062500000e+03 7.691545410156250000e+03 7.691863281250000000e+03 7.692181640625000000e+03 7.692499511718750000e+03 7.692817382812500000e+03 7.693135253906250000e+03 7.693453125000000000e+03 7.693770996093750000e+03 7.694088867187500000e+03 7.694407226562500000e+03 7.694725097656250000e+03 7.695042968750000000e+03 7.695360839843750000e+03 7.695678710937500000e+03 7.695996582031250000e+03 7.696314453125000000e+03 7.696632324218750000e+03 7.696950195312500000e+03 7.697268066406250000e+03 7.697585937500000000e+03 7.697903808593750000e+03 7.698221679687500000e+03 7.698539550781250000e+03 7.698857421875000000e+03 7.699175292968750000e+03 7.699493164062500000e+03 7.699811035156250000e+03 7.700128906250000000e+03 7.700446777343750000e+03 7.700764648437500000e+03 7.701082519531250000e+03 7.701400390625000000e+03 7.701718261718750000e+03 7.702036132812500000e+03 7.702354003906250000e+03 7.702671875000000000e+03 7.702989257812500000e+03 7.703307128906250000e+03 7.703625000000000000e+03 7.703943359375000000e+03 7.704261230468750000e+03 7.704579101562500000e+03 7.704896972656250000e+03 7.705214355468750000e+03 7.705532226562500000e+03 7.705850097656250000e+03 7.706167968750000000e+03 7.706485839843750000e+03 7.706803710937500000e+03 7.707121093750000000e+03 7.707438964843750000e+03 7.707756835937500000e+03 7.708074707031250000e+03 7.708392089843750000e+03 7.708709960937500000e+03 7.709027832031250000e+03 7.709345703125000000e+03 7.709663085937500000e+03 7.709980957031250000e+03 7.710298828125000000e+03 7.710616210937500000e+03 7.710934082031250000e+03 7.711251953125000000e+03 7.711569335937500000e+03 7.711887207031250000e+03 7.712205078125000000e+03 7.712522460937500000e+03 7.712840332031250000e+03 7.713158203125000000e+03 7.713475585937500000e+03 7.713793457031250000e+03 7.714110839843750000e+03 7.714428710937500000e+03 7.714746093750000000e+03 7.715063964843750000e+03 7.715381835937500000e+03 7.715699218750000000e+03 7.716017089843750000e+03 7.716334472656250000e+03 7.716652343750000000e+03 7.716969726562500000e+03 7.717287597656250000e+03 7.717604980468750000e+03 7.717922851562500000e+03 7.718240234375000000e+03 7.718558105468750000e+03 7.718875488281250000e+03 7.719193359375000000e+03 7.719510742187500000e+03 7.719828613281250000e+03 7.720145996093750000e+03 7.720463378906250000e+03
7.690641601562500000e+03 7.690959472656250000e+03 7.691277343750000000e+03 7.691595214843750000e+03 7.691913085937500000e+03 7.692231445312500000e+03 7.692549316406250000e+03 7.692867187500000000e+03 7.693185058593750000e+03 7.693502929687500000e+03 7.693820800781250000e+03 7.694138671875000000e+03 7.694457031250000000e+03 7.694774902343750000e+03 7.695092773437500000e+03 7.695410644531250000e+03 7.695728515625000000e+03 7.696046386718750000e+03 7.696364257812500000e+03 7.696682128906250000e+03 7.697000000000000000e+03 7.697317871093750000e+03 7.697635742187500000e+03 7.697953613281250000e+03 7.698271484375000000e+03 7.698589355468750000e+03 7.698907226562500000e+03 7.699225097656250000e+03 7.699542968750000000e+03 7.699860839843750000e+03 7.700178710937500000e+03 7.700496582031250000e+03 7.700814453125000000e+03 7.701132324218750000e+03 7.701450195312500000e+03 7.701768066406250000e+03 7.702085937500000000e+03 7.702403808593750000e+03 7.702721679687500000e+03 7.703039062500000000e+03 7.703356933593750000e+03 7.703674804687500000e+03 7.703992675781250000e+03 7.704311035156250000e+03 7.704628906250000000e+03 7.704946777343750000e+03 7.705264160156250000e+03 7.705582031250000000e+03 7.705899902343750000e+03 7.706217773437500000e+03 7.706535644531250000e+03 7.706853515625000000e+03 7.707170898437500000e+03 7.707488769531250000e+03 7.707806640625000000e+03 7.708124511718750000e+03 7.708441894531250000e+03 7.708759765625000000e+03 7.709077636718750000e+03 7.709395507812500000e+03 7.709712890625000000e+03 7.710030761718750000e+03 7.710348632812500000e+03 7.710666015625000000e+03 7.710983886718750000e+03 7.711301757812500000e+03 7.711619140625000000e+03 7.711937011718750000e+03 7.712254882812500000e+03 7.712572265625000000e+03 7.712890136718750000e+03 7.713208007812500000e+03 7.713525390625000000e+03 7.713843261718750000e+03 7.714160644531250000e+03 7.714478515625000000e+03 7.714795898437500000e+03 7.715113769531250000e+03 7.715431640625000000e+03 7.715749023437500000e+03 7.716066894531250000e+03 7.716384277343750000e+03 7.716702148437500000e+03 7.717019531250000000e+03 7.717337402343750000e+03 7.717654785156250000e+03 7.717972656250000000e+03 7.718290039062500000e+03 7.718607910156250000e+03 7.718925292968750000e+03 7.719243164062500000e+03 7.719560546875000000e+03 7.719878417968750000e+03 7.720195800781250000e+03 7.720513671875000000e+03
7.690689453125000000e+03 7.691007324218750000e+03 7.691325195312500000e+03 7.691643066406250000e+03 7.691960937500000000e+03 7.692279296875000000e+03 7.692597167968750000e+03 7.692915039062500000e+03 7.693232910156250000e+03 7.693550781250000000e+03 7.693868652343750000e+03 7.694186523437500000e+03 7.694504882812500000e+03 7.694822753906250000e+03 7.695140625000000000e+03 7.695458496093750000e+03 7.695776367187500000e+03 7.696094238281250000e+03 7.696412109375000000e+03 7.696729980468750000e+03 7.697047851562500000e+03 7.697365722656250000e+03 7.697683593750000000e+03 7.698001464843750000e+03 7.698319335937500000e+03 7.698637695312500000e+03 7.698955566406250000e+03 7.699273437500000000e+03 7.699591308593750000e+03 7.699909179687500000e+03 7.700227050781250000e+03 7.700544921875000000e+03 7.700862792968750000e+03 7.701180664062500000e+03 7.701498535156250000e+03 7.701816406250000000e+03 7.702134277343750000e+03 7.702452148437500000e+03 7.702770019531250000e+03 7.703087402343750000e+03 7.703405273437500000e+03 7.703723144531250000e+03 7.704041015625000000e+03 7.704358886718750000e+03 7.704676757812500000e+03 7.704994628906250000e+03 7.705312011718750000e+03 7.705629882812500000e+03 7.705947753906250000e+03 7.706265625000000000e+03 7.706583496093750000e+03 7.706901367187500000e+03 7.707218750000000000e+03 7.707536621093750000e+03 7.707854492187500000e+03 7.708172363281250000e+03 7.708489746093750000e+03 7.708807617187500000e+03 7.709125488281250000e+03 7.709443359375000000e+03 7.709760742187500000e+03 7.710078613281250000e+03 7.710396484375000000e+03 7.710713867187500000e+03 7.711031738281250000e+03 7.711349609375000000e+03 7.711666992187500000e+03 7.711984863281250000e+03 7.712302734375000000e+03 7.712620117187500000e+03 7.712938476562500000e+03 7.713256347656250000e+03 7.713573730468750000e+03 7.713891601562500000e+03 7.714208984375000000e+03 7.714526855468750000e+03 7.714844238281250000e+03 7.715162109375000000e+03 7.715479980468750000e+03 7.715797363281250000e+03 7.716115234375000000e+03 7.716432617187500000e+03 7.716750488281250000e+03 7.717067871093750000e+03 7.717385742187500000e+03 7.717703125000000000e+03 7.718020996093750000e+03 7.718338378906250000e+03 7.718656250000000000e+03 7.718973632812500000e+03 7.719291503906250000e+03 7.719608886718750000e+03 7.719926757812500000e+03 7.720244140625000000e+03 7.720561523437500000e+03
7.690737304687500000e+03 7.691055175781250000e+03 7.691373046875000000e+03 7.691690917968750000e+03 7.692008789062500000e+03 7.692327148437500000e+03 7.692645019531250000e+03 7.692962890625000000e+03 7.693280761718750000e+03 7.693598632812500000e+03 7.693916503906250000e+03 7.694234375000000000e+03 7.694552734375000000e+03 7.694870605468750000e+03 7.695188476562500000e+03 7.695506347656250000e+03 7.695824218750000000e+03 7.696142089843750000e+03 7.696459960937500000e+03 7.696777832031250000e+03 7.697095703125000000e+03 7.697413574218750000e+03 7.697731445312500000e+03 7.698049316406250000e+03 7.698367187500000000e+03 7.698685058593750000e+03 7.699002929687500000e+03 7.699320800781250000e+03 7.699638671875000000e+03 7.699956542968750000e+03 7.700274414062500000e+03 7.700592285156250000e+03 7.700910156250000000e+03 7.701228027343750000e+03 7.701545898437500000e+03 7.701863769531250000e+03 7.702181640625000000e+03 7.702499511718750000e+03 7.702817871093750000e+03 7.703135253906250000e+03 7.703453125000000000e+03 7.703770996093750000e+03 7.704088867187500000e+03 7.704406738281250000e+03 7.704724609375000000e+03 7.705042480468750000e+03 7.705359863281250000e+03 7.705677734375000000e+03 7.705995605468750000e+03 7.706313476562500000e+03 7.706631347656250000e+03 7.706949218750000000e+03 7.707266601562500000e+03 7.707584472656250000e+03 7.707902343750000000e+03 7.708220214843750000e+03 7.708537597656250000e+03 7.708855468750000000e+03 7.709173339843750000e+03 7.709491210937500000e+03 7.709808593750000000e+03 7.710126464843750000e+03 7.710444335937500000e+03 7.710761718750000000e+03 7.711079589843750000e+03 7.711397460937500000e+03 7.711714843750000000e+03 7.712032714843750000e+03 7.712350585937500000e+03 7.712667968750000000e+03 7.712985839843750000e+03 7.713303710937500000e+03 7.713621093750000000e+03 7.713938964843750000e+03 7.714256347656250000e+03 7.714574218750000000e+03 7.714891601562500000e+03 7.715209472656250000e+03 7.715527343750000000e+03 7.715845214843750000e+03 7.716163085937500000e+03 7.716480468750000000e+03 7.716798339843750000e+03 7.717115722656250000e+03 7.717433593750000000e+03 7.717750976562500000e+03 7.718068847656250000e+03 7.718386230468750000e+03 7.718704101562500000e+03 7.719021484375000000e+03 7.719339355468750000e+03 7.719656738281250000e+03 7.719974609375000000e+03 7.720291992187500000e+03 7.720609375000000000e+03
7.690780273437500000e+03 7.691098144531250000e+03 7.691416015625000000e+03 7.691733886718750000e+03 7.692051757812500000e+03 7.692370117187500000e+03 7.692688964843750000e+03 7.693006835937500000e+03 7.693324707031250000e+03 7.693642578125000000e+03 7.693960449218750000e+03 7.694278320312500000e+03 7.694596679687500000e+03 7.694914550781250000e+03 7.695232421875000000e+03 7.695550292968750000e+03 7.695868164062500000e+03 7.696186035156250000e+03 7.696503906250000000e+03 7.696821777343750000e+03 7.697139648437500000e+03 7.697457519531250000e+03 7.697775390625000000e+03 7.698093261718750000e+03 7.698411132812500000e+03 7.698729003906250000e+03 7.699046875000000000e+03 7.699364746093750000e+03 7.699682617187500000e+03 7.700000488281250000e+03 7.700318359375000000e+03 7.700636230468750000e+03 7.700954101562500000e+03 7.701271972656250000e+03 7.701589843750000000e+03 7.701907714843750000e+03 7.702225585937500000e+03 7.702543457031250000e+03 7.702861328125000000e+03 7.703178710937500000e+03 7.703496582031250000e+03 7.703814453125000000e+03 7.704132324218750000e+03 7.704450195312500000e+03 7.704768066406250000e+03 7.705085937500000000e+03 7.705403320312500000e+03 7.705721191406250000e+03 7.706039062500000000e+03 7.706356933593750000e+03 7.706674804687500000e+03 7.706992675781250000e+03 7.707310058593750000e+03 7.707627929687500000e+03 7.707945800781250000e+03 7.708263671875000000e+03 7.708581054687500000e+03 7.708898925781250000e+03 7.709216796875000000e+03 7.709534667968750000e+03 7.709852050781250000e+03 7.710169921875000000e+03 7.710487792968750000e+03 7.710805175781250000e+03 7.711123046875000000e+03 7.711440917968750000e+03 7.711758300781250000e+03 7.712076171875000000e+03 7.712394042968750000e+03 7.712711425781250000e+03 7.713029296875000000e+03 7.713347167968750000e+03 7.713664550781250000e+03 7.713982421875000000e+03 7.714299804687500000e+03 7.714617675781250000e+03 7.714935058593750000e+03 7.715252929687500000e+03 7.715570800781250000e+03 7.715889160156250000e+03 7.716207031250000000e+03 7.716524414062500000e+03 7.716842285156250000e+03 7.717159667968750000e+03 7.717477539062500000e+03 7.717794921875000000e+03 7.718112792968750000e+03 7.718430175781250000e+03 7.718748046875000000e+03 7.719065429687500000e+03 7.719383300781250000e+03 7.719700683593750000e+03 7.720018554687500000e+03 7.720335937500000000e+03 7.720653320312500000e+03
7.690825195312500000e+03 7.691143066406250000e+03 7.691460937500000000e+03 7.691778808593750000e+03 7.692096679687500000e+03 7.692415039062500000e+03 7.692732910156250000e+03 7.693050781250000000e+03 7.693368652343750000e+03 7.693686523437500000e+03 7.694004394531250000e+03 7.694322265625000000e+03 7.694640625000000000e+03 7.694958496093750000e+03 7.695276367187500000e+03 7.695594238281250000e+03 7.695912109375000000e+03 7.696229980468750000e+03 7.696547851562500000e+03 7.696865722656250000e+03 7.697183593750000000e+03 7.697501464843750000e+03 7.697819335937500000e+03 7.698137207031250000e+03 7.698455078125000000e+03 7.698772949218750000e+03 7.699090820312500000e+03 7.699408691406250000e+03 7.699726562500000000e+03 7.700044433593750000e+03 7.700362304687500000e+03 7.700680175781250000e+03 7.700998046875000000e+03 7.701315917968750000e+03 7.701633789062500000e+03 7.701951660156250000e+03 7.702269531250000000e+03 7.702587402343750000e+03 7.702905273437500000e+03 7.703222656250000000e+03 7.703540527343750000e+03 7.703858398437500000e+03 7.704176269531250000e+03 7.704494140625000000e+03 7.704812011718750000e+03 7.705129882812500000e+03 7.705448242187500000e+03 7.705766113281250000e+03 7.706083984375000000e+03 7.706401855468750000e+03 7.706719726562500000e+03 7.707037597656250000e+03 7.707354980468750000e+03 7.707672851562500000e+03 7.707990722656250000e+03 7.708308593750000000e+03 7.708625976562500000e+03 7.708943847656250000e+03 7.709261718750000000e+03 7.709579589843750000e+03 7.709896972656250000e+03 7.710214843750000000e+03 7.710532714843750000e+03 7.710850097656250000e+03 7.711167968750000000e+03 7.711485839843750000e+03 7.711803222656250000e+03 7.712121093750000000e+03 7.712438964843750000e+03 7.712756347656250000e+03 7.713074218750000000e+03 7.713392089843750000e+03 7.713709472656250000e+03 7.714027343750000000e+03 7.714344726562500000e+03 7.714662597656250000e+03 7.714979980468750000e+03 7.715297851562500000e+03 7.715615722656250000e+03 7.715933105468750000e+03 7.716250976562500000e+03 7.716568359375000000e+03 7.716886230468750000e+03 7.717203613281250000e+03 7.717521484375000000e+03 7.717838867187500000e+03 7.718156738281250000e+03 7.718474121093750000e+03 7.718791992187500000e+03 7.719109375000000000e+03 7.719427246093750000e+03 7.719744628906250000e+03 7.720062500000000000e+03 7.720379882812500000e+03 7.720697265625000000e+03
7.690869140625000000e+03 7.691187011718750000e+03 7.691504882812500000e+03 7.691822753906250000e+03 7.692140625000000000e+03 7.692458984375000000e+03 7.692776855468750000e+03 7.693094726562500000e+03 7.693412597656250000e+03 7.693730468750000000e+03 7.694048339843750000e+03 7.694366210937500000e+03 7.694684570312500000e+03 7.695002441406250000e+03 7.695320312500000000e+03 7.695638183593750000e+03 7.695956054687500000e+03 7.696273925781250000e+03 7.696591796875000000e+03 7.696909667968750000e+03 7.697227539062500000e+03 7.697545410156250000e+03 7.697863281250000000e+03 7.698181152343750000e+03 7.698499023437500000e+03 7.698816894531250000e+03 7.699134765625000000e+03 7.699452636718750000e+03 7.699770507812500000e+03 7.700088378906250000e+03 7.700406250000000000e+03 7.700724121093750000e+03 7.701041992187500000e+03 7.701359863281250000e+03 7.701677734375000000e+03 7.701995605468750000e+03 7.702313476562500000e+03 7.702631347656250000e+03 7.702949218750000000e+03 7.703266601562500000e+03 7.703584472656250000e+03 7.703902343750000000e+03 7.704220214843750000e+03 7.704538085937500000e+03 7.704855957031250000e+03 7.705173828125000000e+03 7.705491210937500000e+03 7.705809082031250000e+03 7.706126953125000000e+03 7.706444824218750000e+03 7.706762695312500000e+03 7.707080566406250000e+03 7.707397949218750000e+03 7.707715820312500000e+03 7.708033691406250000e+03 7.708351562500000000e+03 7.708668945312500000e+03 7.708987792968750000e+03 7.709305664062500000e+03 7.709623535156250000e+03 7.709940917968750000e+03 7.710258789062500000e+03 7.710576660156250000e+03 7.710894042968750000e+03 7.711211914062500000e+03 7.711529785156250000e+03 7.711847167968750000e+03 7.712165039062500000e+03 7.712482910156250000e+03 7.712800292968750000e+03 7.713118164062500000e+03 7.713436035156250000e+03 7.713753417968750000e+03 7.714071289062500000e+03 7.714388671875000000e+03 7.714706542968750000e+03 7.715023925781250000e+03 7.715341796875000000e+03 7.715659667968750000e+03 7.715977050781250000e+03 7.716294921875000000e+03 7.716612304687500000e+03 7.716930175781250000e+03 7.717247558593750000e+03 7.717565429687500000e+03 7.717882812500000000e+03 7.718200683593750000e+03 7.718518066406250000e+03 7.718835937500000000e+03 7.719153320312500000e+03 7.719471191406250000e+03 7.719788574218750000e+03 7.720106445312500000e+03 7.720423828125000000e+03 7.720741210937500000e+03
7.690912109375000000e+03 7.691229980468750000e+03 7.691548828125000000e+03 7.691866699218750000e+03 7.692184570312500000e+03 7.692502929687500000e+03 7.692820800781250000e+03 7.693138671875000000e+03 7.693456542968750000e+03 7.693774414062500000e+03 7.694092285156250000e+03 7.694410156250000000e+03 7.694728515625000000e+03 7.695046386718750000e+03 7.695364257812500000e+03 7.695682128906250000e+03 7.696000000000000000e+03 7.696317871093750000e+03 7.696635742187500000e+03 7.696953613281250000e+03 7.697271484375000000e+03 7.697589355468750000e+03 7.697907226562500000e+03 7.698225097656250000e+03 7.698542968750000000e+03 7.698860839843750000e+03 7.699178710937500000e+03 7.699496582031250000e+03 7.699814453125000000e+03 7.700132324218750000e+03 7.700450195312500000e+03 7.700768066406250000e+03 7.701085937500000000e+03 7.701403808593750000e+03 7.701721679687500000e+03 7.702039550781250000e+03 7.702357421875000000e+03 7.702675292968750000e+03 7.702993164062500000e+03 7.703310546875000000e+03 7.703628417968750000e+03 7.703946289062500000e+03 7.704264160156250000e+03 7.704582031250000000e+03 7.704899902343750000e+03 7.705217773437500000e+03 7.705535156250000000e+03 7.705853027343750000e+03 7.706170898437500000e+03 7.706488769531250000e+03 7.706806640625000000e+03 7.707124511718750000e+03 7.707441894531250000e+03 7.707759765625000000e+03 7.708077636718750000e+03 7.708395507812500000e+03 7.708712890625000000e+03 7.709030761718750000e+03 7.709348632812500000e+03 7.709667480468750000e+03 7.709984863281250000e+03 7.710302734375000000e+03 7.710620605468750000e+03 7.710937988281250000e+03 7.711255859375000000e+03 7.711573730468750000e+03 7.711891113281250000e+03 7.712208984375000000e+03 7.712526855468750000e+03 7.712844238281250000e+03 7.713162109375000000e+03 7.713479980468750000e+03 7.713797363281250000e+03 7.714115234375000000e+03 7.714432617187500000e+03 7.714750488281250000e+03 7.715067871093750000e+03 7.715385742187500000e+03 7.715703613281250000e+03 7.716020996093750000e+03 7.716338867187500000e+03 7.716656250000000000e+03 7.716974121093750000e+03 7.717291503906250000e+03 7.717609375000000000e+03 7.717926757812500000e+03 7.718244628906250000e+03 7.718562011718750000e+03 7.718879882812500000e+03 7.719197265625000000e+03 7.719515136718750000e+03 7.719832519531250000e+03 7.720150390625000000e+03 7.720467773437500000e+03 7.720785156250000000e+03
7.690958007812500000e+03 7.691275878906250000e+03 7.691593750000000000e+03 7.691911621093750000e+03 7.692229492187500000e+03 7.692547851562500000e+03 7.692865722656250000e+03 7.693183593750000000e+03 7.693501464843750000e+03 7.693819335937500000e+03 7.694137207031250000e+03 7.694455078125000000e+03 7.694773437500000000e+03 7.695091308593750000e+03 7.695409179687500000e+03 7.695727050781250000e+03 7.696044921875000000e+03 7.696362792968750000e+03 7.696680664062500000e+03 7.696998535156250000e+03 7.697316406250000000e+03 7.697634277343750000e+03 7.697952148437500000e+03 7.698270019531250000e+03 7.698587890625000000e+03 7.698905761718750000e+03 7.699223632812500000e+03 7.699541503906250000e+03 7.699859375000000000e+03 7.700177246093750000e+03 7.700495117187500000e+03 7.700812988281250000e+03 7.701130859375000000e+03 7.701448730468750000e+03 7.701766601562500000e+03 7.702084472656250000e+03 7.702402343750000000e+03 7.702720214843750000e+03 7.703038085937500000e+03 7.703355468750000000e+03 7.703673339843750000e+03 7.703991210937500000e+03 7.704309082031250000e+03 7.704626953125000000e+03 7.704944824218750000e+03 7.705262695312500000e+03 7.705580078125000000e+03 7.705897949218750000e+03 7.706216796875000000e+03 7.706534667968750000e+03 7.706852539062500000e+03 7.707170410156250000e+03 7.707487792968750000e+03 7.707805664062500000e+03 7.708123535156250000e+03 7.708441406250000000e+03 7.708758789062500000e+03 7.709076660156250000e+03 7.709394531250000000e+03 7.709712402343750000e+03 7.710029785156250000e+03 7.710347656250000000e+03 7.710665527343750000e+03 7.710982910156250000e+03 7.711300781250000000e+03 7.711618652343750000e+03 7.711936035156250000e+03 7.712253906250000000e+03 7.712571777343750000e+03 7.712889160156250000e+03 7.713207031250000000e+03 7.713524902343750000e+03 7.713842285156250000e+03 7.714160156250000000e+03 7.714477539062500000e+03 7.714795410156250000e+03 7.715112792968750000e+03 7.715430664062500000e+03 7.715748535156250000e+03 7.716065917968750000e+03 7.716383789062500000e+03 7.716701171875000000e+03 7.717019042968750000e+03 7.717336425781250000e+03 7.717654296875000000e+03 7.717971679687500000e+03 7.718289550781250000e+03 7.718606933593750000e+03 7.718924804687500000e+03 7.719242187500000000e+03 7.719560058593750000e+03 7.719877441406250000e+03 7.720195312500000000e+03 7.720512695312500000e+03 7.720830078125000000e+03
7.691003906250000000e+03 7.691321777343750000e+03 7.691639648437500000e+03 7.691957519531250000e+03 7.692275390625000000e+03 7.692593750000000000e+03 7.692911621093750000e+03 7.693229492187500000e+03 7.693547363281250000e+03 7.693865234375000000e+03 7.694183105468750000e+03 7.694500976562500000e+03 7.694819335937500000e+03 7.695137207031250000e+03 7.695455078125000000e+03 7.695772949218750000e+03 7.696090820312500000e+03 7.696408691406250000e+03 7.696726562500000000e+03 7.697044433593750000e+03 7.697362304687500000e+03 7.697680175781250000e+03 7.697998046875000000e+03 7.698315917968750000e+03 7.698633789062500000e+03 7.698951660156250000e+03 7.699269531250000000e+03 7.699587402343750000e+03 7.699906250000000000e+03 7.700224121093750000e+03 7.700541992187500000e+03 7.700859863281250000e+03 7.701177734375000000e+03 7.701495605468750000e+03 7.701813476562500000e+03 7.702131347656250000e+03 7.702449218750000000e+03 7.702767089843750000e+03 7.703084960937500000e+03 7.703402343750000000e+03 7.703720214843750000e+03 7.704038085937500000e+03 7.704355957031250000e+03 7.704673828125000000e+03 7.704991699218750000e+03 7.705309570312500000e+03 7.705626953125000000e+03 7.705944824218750000e+03 7.706262695312500000e+03 7.706580566406250000e+03 7.706898437500000000e+03 7.707216308593750000e+03 7.707533691406250000e+03 7.707851562500000000e+03 7.708169433593750000e+03 7.708487304687500000e+03 7.708804687500000000e+03 7.709122558593750000e+03 7.709440429687500000e+03 7.709758300781250000e+03 7.710075683593750000e+03 7.710393554687500000e+03 7.710711425781250000e+03 7.711028808593750000e+03 7.711346679687500000e+03 7.711664550781250000e+03 7.711981933593750000e+03 7.712299804687500000e+03 7.712617675781250000e+03 7.712935058593750000e+03 7.713252929687500000e+03 7.713570800781250000e+03 7.713888183593750000e+03 7.714206054687500000e+03 7.714523437500000000e+03 7.714841308593750000e+03 7.715158691406250000e+03 7.715476562500000000e+03 7.715794433593750000e+03 7.716112792968750000e+03 7.716430664062500000e+03 7.716748046875000000e+03 7.717065917968750000e+03 7.717383300781250000e+03 7.717701171875000000e+03 7.718018554687500000e+03 7.718336425781250000e+03 7.718653808593750000e+03 7.718971679687500000e+03 7.719289062500000000e+03 7.719606933593750000e+03 7.719924316406250000e+03 7.720242187500000000e+03 7.720559570312500000e+03 7.720876953125000000e+03
7.691051757812500000e+03 7.691369628906250000e+03 7.691687500000000000e+03 7.692005371093750000e+03 7.692323242187500000e+03 7.692641601562500000e+03 7.692959472656250000e+03 7.693277343750000000e+03 7.693595214843750000e+03 7.693913085937500000e+03 7.694230957031250000e+03 7.694548828125000000e+03 7.694867187500000000e+03 7.695185058593750000e+03 7.695502929687500000e+03 7.695820800781250000e+03 7.696138671875000000e+03 7.696456542968750000e+03 7.696774414062500000e+03 7.697092285156250000e+03 7.697410156250000000e+03 7.697728027343750000e+03 7.698045898437500000e+03 7.698363769531250000e+03 7.698681640625000000e+03 7.698999511718750000e+03 7.699317382812500000e+03 7.699635253906250000e+03 7.699953125000000000e+03 7.700270996093750000e+03 7.700588867187500000e+03 7.700906738281250000e+03 7.701224609375000000e+03 7.701542480468750000e+03 7.701860351562500000e+03 7.702178222656250000e+03 7.702496093750000000e+03 7.702813964843750000e+03 7.703131835937500000e+03 7.703449218750000000e+03 7.703767089843750000e+03 7.704084960937500000e+03 7.704403808593750000e+03 7.704721679687500000e+03 7.705039550781250000e+03 7.705357421875000000e+03 7.705674804687500000e+03 7.705992675781250000e+03 7.706310546875000000e+03 7.706628417968750000e+03 7.706946289062500000e+03 7.707264160156250000e+03 7.707581542968750000e+03 7.707899414062500000e+03 7.708217285156250000e+03 7.708535156250000000e+03 7.708852539062500000e+03 7.709170410156250000e+03 7.709488281250000000e+03 7.709806152343750000e+03 7.710123535156250000e+03 7.710441406250000000e+03 7.710759277343750000e+03 7.711076660156250000e+03 7.711394531250000000e+03 7.711712402343750000e+03 7.712029785156250000e+03 7.712347656250000000e+03 7.712665527343750000e+03 7.712982910156250000e+03 7.713300781250000000e+03 7.713618652343750000e+03 7.713936035156250000e+03 7.714253906250000000e+03 7.714571289062500000e+03 7.714889160156250000e+03 7.715206542968750000e+03 7.715524414062500000e+03 7.715842285156250000e+03 7.716159667968750000e+03 7.716477539062500000e+03 7.716794921875000000e+03 7.717112792968750000e+03 7.717430175781250000e+03 7.717748046875000000e+03 7.718065429687500000e+03 7.718383300781250000e+03 7.718700683593750000e+03 7.719018554687500000e+03 7.719336914062500000e+03 7.719654785156250000e+03 7.719972167968750000e+03 7.720290039062500000e+03 7.720607421875000000e+03 7.720924804687500000e+03
7.691098632812500000e+03 7.691416503906250000e+03 7.691734375000000000e+03 7.692052246093750000e+03 7.692370117187500000e+03 7.692688476562500000e+03 7.693006347656250000e+03 7.693324218750000000e+03 7.693642089843750000e+03 7.693959960937500000e+03 7.694277832031250000e+03 7.694595703125000000e+03 7.694914062500000000e+03 7.695231933593750000e+03 7.695549804687500000e+03 7.695867675781250000e+03 7.696185546875000000e+03 7.696503417968750000e+03 7.696821289062500000e+03 7.697139160156250000e+03 7.697457031250000000e+03 7.697774902343750000e+03 7.698092773437500000e+03 7.698410644531250000e+03 7.698728515625000000e+03 7.699046386718750000e+03 7.699364257812500000e+03 7.699682128906250000e+03 7.700000000000000000e+03 7.700317871093750000e+03 7.700635742187500000e+03 7.700953613281250000e+03 7.701271484375000000e+03 7.701589355468750000e+03 7.701907226562500000e+03 7.702225097656250000e+03 7.702542968750000000e+03 7.702860839843750000e+03 7.703178710937500000e+03 7.703496093750000000e+03 7.703813964843750000e+03 7.704131835937500000e+03 7.704449707031250000e+03 7.704767578125000000e+03 7.705086425781250000e+03 7.705404296875000000e+03 7.705721679687500000e+03 7.706039550781250000e+03 7.706357421875000000e+03 7.706675292968750000e+03 7.706993164062500000e+03 7.707311035156250000e+03 7.707628417968750000e+03 7.707946289062500000e+03 7.708264160156250000e+03 7.708582031250000000e+03 7.708899414062500000e+03 7.709217285156250000e+03 7.709535156250000000e+03 7.709853027343750000e+03 7.710170410156250000e+03 7.710488281250000000e+03 7.710806152343750000e+03 7.711123535156250000e+03 7.711441406250000000e+03 7.711759277343750000e+03 7.712076660156250000e+03 7.712394531250000000e+03 7.712712402343750000e+03 7.713029785156250000e+03 7.713347656250000000e+03 7.713665527343750000e+03 7.713982910156250000e+03 7.714300781250000000e+03 7.714618164062500000e+03 7.714936035156250000e+03 7.715253417968750000e+03 7.715571289062500000e+03 7.715889160156250000e+03 7.716206542968750000e+03 7.716524414062500000e+03 7.716841796875000000e+03 7.717159667968750000e+03 7.717477050781250000e+03 7.717794921875000000e+03 7.718112304687500000e+03 7.718430175781250000e+03 7.718747558593750000e+03 7.719065429687500000e+03 7.719383789062500000e+03 7.719701660156250000e+03 7.720019042968750000e+03 7.720336914062500000e+03 7.720654296875000000e+03 7.720971679687500000e+03
7.691142578125000000e+03 7.691461425781250000e+03 7.691779296875000000e+03 7.692097167968750000e+03 7.692415039062500000e+03 7.692733398437500000e+03 7.693051269531250000e+03 7.693369140625000000e+03 7.693687011718750000e+03 7.694004882812500000e+03 7.694322753906250000e+03 7.694640625000000000e+03 7.694958984375000000e+03 7.695276855468750000e+03 7.695594726562500000e+03 7.695912597656250000e+03 7.696230468750000000e+03 7.696548339843750000e+03 7.696866210937500000e+03 7.697184082031250000e+03 7.697501953125000000e+03 7.697819824218750000e+03 7.698137695312500000e+03 7.698455566406250000e+03 7.698773437500000000e+03 7.699091308593750000e+03 7.699409179687500000e+03 7.699727050781250000e+03 7.700044921875000000e+03 7.700362792968750000e+03 7.700680664062500000e+03 7.700998535156250000e+03 7.701316406250000000e+03 7.701634277343750000e+03 7.701952148437500000e+03 7.702270019531250000e+03 7.702587890625000000e+03 7.702905761718750000e+03 7.703223632812500000e+03 7.703541015625000000e+03 7.703858886718750000e+03 7.704176757812500000e+03 7.704494628906250000e+03 7.704813476562500000e+03 7.705131347656250000e+03 7.705449218750000000e+03 7.705766601562500000e+03 7.706084472656250000e+03 7.706402343750000000e+03 7.706720214843750000e+03 7.707038085937500000e+03 7.707355957031250000e+03 7.707673339843750000e+03 7.707991210937500000e+03 7.708309082031250000e+03 7.708626953125000000e+03 7.708944335937500000e+03 7.709262207031250000e+03 7.709580078125000000e+03 7.709897949218750000e+03 7.710215332031250000e+03 7.710533203125000000e+03 7.710851074218750000e+03 7.711168457031250000e+03 7.711486328125000000e+03 7.711804199218750000e+03 7.712121582031250000e+03 7.712439453125000000e+03 7.712757324218750000e+03 7.713074707031250000e+03 7.713392578125000000e+03 7.713710449218750000e+03 7.714027832031250000e+03 7.714345703125000000e+03 7.714663085937500000e+03 7.714980957031250000e+03 7.715298339843750000e+03 7.715616210937500000e+03 7.715934082031250000e+03 7.716251464843750000e+03 7.716569335937500000e+03 7.716886718750000000e+03 7.717204589843750000e+03 7.717521972656250000e+03 7.717839843750000000e+03 7.718157226562500000e+03 7.718476074218750000e+03 7.718793457031250000e+03 7.719111328125000000e+03 7.719428710937500000e+03 7.719746582031250000e+03 7.720063964843750000e+03 7.720381835937500000e+03 7.720699218750000000e+03 7.721016601562500000e+03
7.691188476562500000e+03 7.691506347656250000e+03 7.691824218750000000e+03 7.692142089843750000e+03 7.692459960937500000e+03 7.692778320312500000e+03 7.693096191406250000e+03 7.693414062500000000e+03 7.693731933593750000e+03 7.694049804687500000e+03 7.694367675781250000e+03 7.694685546875000000e+03 7.695003906250000000e+03 7.695321777343750000e+03 7.695639648437500000e+03 7.695957519531250000e+03 7.696275390625000000e+03 7.696593261718750000e+03 7.696911132812500000e+03 7.697229003906250000e+03 7.697546875000000000e+03 7.697864746093750000e+03 7.698182617187500000e+03 7.698500488281250000e+03 7.698818359375000000e+03 7.699136230468750000e+03 7.699454101562500000e+03 7.699771972656250000e+03 7.700089843750000000e+03 7.700407714843750000e+03 7.700725585937500000e+03 7.701043457031250000e+03 7.701361328125000000e+03 7.701679199218750000e+03 7.701997070312500000e+03 7.702314941406250000e+03 7.702632812500000000e+03 7.702950683593750000e+03 7.703269531250000000e+03 7.703586914062500000e+03 7.703904785156250000e+03 7.704222656250000000e+03 7.704540527343750000e+03 7.704858398437500000e+03 7.705176269531250000e+03 7.705494140625000000e+03 7.705811523437500000e+03 7.706129394531250000e+03 7.706447265625000000e+03 7.706765136718750000e+03 7.707083007812500000e+03 7.707400878906250000e+03 7.707718261718750000e+03 7.708036132812500000e+03 7.708354003906250000e+03 7.708671875000000000e+03 7.708989257812500000e+03 7.709307128906250000e+03 7.709625000000000000e+03 7.709942871093750000e+03 7.710260253906250000e+03 7.710578125000000000e+03 7.710895996093750000e+03 7.711213378906250000e+03 7.711531250000000000e+03 7.711849121093750000e+03 7.712166503906250000e+03 7.712484375000000000e+03 7.712802246093750000e+03 7.713119628906250000e+03 7.713437500000000000e+03 7.713755371093750000e+03 7.714072753906250000e+03 7.714390625000000000e+03 7.714708007812500000e+03 7.715025878906250000e+03 7.715343261718750000e+03 7.715661132812500000e+03 7.715979003906250000e+03 7.716297363281250000e+03 7.716615234375000000e+03 7.716932617187500000e+03 7.717250488281250000e+03 7.717567871093750000e+03 7.717885742187500000e+03 7.718203125000000000e+03 7.718520996093750000e+03 7.718838378906250000e+03 7.719156250000000000e+03 7.719473632812500000e+03 7.719791503906250000e+03 7.720108886718750000e+03 7.720426757812500000e+03 7.720744140625000000e+03 7.721061523437500000e+03
7.691231445312500000e+03 7.691549316406250000e+03 7.691867187500000000e+03 7.692185058593750000e+03 7.692502929687500000e+03 7.692821289062500000e+03 7.693139160156250000e+03 7.693457031250000000e+03 7.693774902343750000e+03 7.694092773437500000e+03 7.694410644531250000e+03 7.694728515625000000e+03 7.695047851562500000e+03 7.695365722656250000e+03 7.695683593750000000e+03 7.696001464843750000e+03 7.696319335937500000e+03 7.696637207031250000e+03 7.696955078125000000e+03 7.697272949218750000e+03 7.697590820312500000e+03 7.697908691406250000e+03 7.698226562500000000e+03 7.698544433593750000e+03 7.698862304687500000e+03 7.699180175781250000e+03 7.699498046875000000e+03 7.699815917968750000e+03 7.700133789062500000e+03 7.700451660156250000e+03 7.700769531250000000e+03 7.701087402343750000e+03 7.701405273437500000e+03 7.701723144531250000e+03 7.702041015625000000e+03 7.702358886718750000e+03 7.702676757812500000e+03 7.702994628906250000e+03 7.703312500000000000e+03 7.703629882812500000e+03 7.703947753906250000e+03 7.704265625000000000e+03 7.704583496093750000e+03 7.704901367187500000e+03 7.705219238281250000e+03 7.705537109375000000e+03 7.705854492187500000e+03 7.706172363281250000e+03 7.706490234375000000e+03 7.706808105468750000e+03 7.707126953125000000e+03 7.707444824218750000e+03 7.707762207031250000e+03 7.708080078125000000e+03 7.708397949218750000e+03 7.708715820312500000e+03 7.709033203125000000e+03 7.709351074218750000e+03 7.709668945312500000e+03 7.709986816406250000e+03 7.710304199218750000e+03 7.710622070312500000e+03 7.710939941406250000e+03 7.711257324218750000e+03 7.711575195312500000e+03 7.711893066406250000e+03 7.712210449218750000e+03 7.712528320312500000e+03 7.712846191406250000e+03 7.713163574218750000e+03 7.713481445312500000e+03 7.713799316406250000e+03 7.714116699218750000e+03 7.714434570312500000e+03 7.714751953125000000e+03 7.715069824218750000e+03 7.715387207031250000e+03 7.715705078125000000e+03 7.716022949218750000e+03 7.716340332031250000e+03 7.716658203125000000e+03 7.716975585937500000e+03 7.717293457031250000e+03 7.717610839843750000e+03 7.717928710937500000e+03 7.718246093750000000e+03 7.718563964843750000e+03 7.718881347656250000e+03 7.719199218750000000e+03 7.719517578125000000e+03 7.719835449218750000e+03 7.720152832031250000e+03 7.720470703125000000e+03 7.720788085937500000e+03 7.721105468750000000e+03
7.691277343750000000e+03 7.691595214843750000e+03 7.691913085937500000e+03 7.692230957031250000e+03 7.692548828125000000e+03 7.692867187500000000e+03 7.693185058593750000e+03 7.693502929687500000e+03 7.693820800781250000e+03 7.694138671875000000e+03 7.694456542968750000e+03 7.694774414062500000e+03 7.695092773437500000e+03 7.695410644531250000e+03 7.695728515625000000e+03 7.696046386718750000e+03 7.696364257812500000e+03 7.696682128906250000e+03 7.697000000000000000e+03 7.697317871093750000e+03 7.697635742187500000e+03 7.697953613281250000e+03 7.698271484375000000e+03 7.698589355468750000e+03 7.698907226562500000e+03 7.699225097656250000e+03 7.699542968750000000e+03 7.699860839843750000e+03 7.700178710937500000e+03 7.700496582031250000e+03 7.700814453125000000e+03 7.701132324218750000e+03 7.701450195312500000e+03 7.701768066406250000e+03 7.702085937500000000e+03 7.702403808593750000e+03 7.702721679687500000e+03 7.703039550781250000e+03 7.703357421875000000e+03 7.703674804687500000e+03 7.703992675781250000e+03 7.704310546875000000e+03 7.704628417968750000e+03 7.704946289062500000e+03 7.705264160156250000e+03 7.705582031250000000e+03 7.705899414062500000e+03 7.706217285156250000e+03 7.706535156250000000e+03 7.706853027343750000e+03 7.707170898437500000e+03 7.707488769531250000e+03 7.707806152343750000e+03 7.708124023437500000e+03 7.708441894531250000e+03 7.708759765625000000e+03 7.709077148437500000e+03 7.709395019531250000e+03 7.709712890625000000e+03 7.710030761718750000e+03 7.710348144531250000e+03 7.710666015625000000e+03 7.710985839843750000e+03 7.711303222656250000e+03 7.711621093750000000e+03 7.711938964843750000e+03 7.712256347656250000e+03 7.712574218750000000e+03 7.712892089843750000e+03 7.713209472656250000e+03 7.713527343750000000e+03 7.713845214843750000e+03 7.714162597656250000e+03 7.714480468750000000e+03 7.714797851562500000e+03 7.715115722656250000e+03 7.715433105468750000e+03 7.715750976562500000e+03 7.716068847656250000e+03 7.716386230468750000e+03 7.716704101562500000e+03 7.717021484375000000e+03 7.717339355468750000e+03 7.717656738281250000e+03 7.717974609375000000e+03 7.718291992187500000e+03 7.718609863281250000e+03 7.718927246093750000e+03 7.719245117187500000e+03 7.719562500000000000e+03 7.719880371093750000e+03 7.720197753906250000e+03 7.720515625000000000e+03 7.720833007812500000e+03 7.721150390625000000e+03
7.691324218750000000e+03 7.691642089843750000e+03 7.691959960937500000e+03 7.692277832031250000e+03 7.692595703125000000e+03 7.692914062500000000e+03 7.693231933593750000e+03 7.693549804687500000e+03 7.693867675781250000e+03 7.694185546875000000e+03 7.694503417968750000e+03 7.694821289062500000e+03 7.695139648437500000e+03 7.695457519531250000e+03 7.695775390625000000e+03 7.696093261718750000e+03 7.696411132812500000e+03 7.696729003906250000e+03 7.697046875000000000e+03 7.697364746093750000e+03 7.697682617187500000e+03 7.698000488281250000e+03 7.698318359375000000e+03 7.698636230468750000e+03 7.698954101562500000e+03 7.699271972656250000e+03 7.699589843750000000e+03 7.699907714843750000e+03 7.700225585937500000e+03 7.700543457031250000e+03 7.700861328125000000e+03 7.701179199218750000e+03 7.701497070312500000e+03 7.701814941406250000e+03 7.702132812500000000e+03 7.702450683593750000e+03 7.702768554687500000e+03 7.703086425781250000e+03 7.703404296875000000e+03 7.703721679687500000e+03 7.704039550781250000e+03 7.704357421875000000e+03 7.704675292968750000e+03 7.704993164062500000e+03 7.705311035156250000e+03 7.705628906250000000e+03 7.705946289062500000e+03 7.706264160156250000e+03 7.706582031250000000e+03 7.706899902343750000e+03 7.707217773437500000e+03 7.707535644531250000e+03 7.707853027343750000e+03 7.708170898437500000e+03 7.708488769531250000e+03 7.708806640625000000e+03 7.709124023437500000e+03 7.709441894531250000e+03 7.709759765625000000e+03 7.710077636718750000e+03 7.710395019531250000e+03 7.710712890625000000e+03 7.711030761718750000e+03 7.711348144531250000e+03 7.711666015625000000e+03 7.711985839843750000e+03 7.712303222656250000e+03 7.712621093750000000e+03 7.712938964843750000e+03 7.713256347656250000e+03 7.713574218750000000e+03 7.713892089843750000e+03 7.714209472656250000e+03 7.714527343750000000e+03 7.714844726562500000e+03 7.715162597656250000e+03 7.715479980468750000e+03 7.715797851562500000e+03 7.716115722656250000e+03 7.716433105468750000e+03 7.716750976562500000e+03 7.717068359375000000e+03 7.717386230468750000e+03 7.717703613281250000e+03 7.718021484375000000e+03 7.718338867187500000e+03 7.718656738281250000e+03 7.718974121093750000e+03 7.719291992187500000e+03 7.719609375000000000e+03 7.719927246093750000e+03 7.720244628906250000e+03 7.720562500000000000e+03 7.720879882812500000e+03 7.721197265625000000e+03
7.691369140625000000e+03 7.691687011718750000e+03 7.692004882812500000e+03 7.692322753906250000e+03 7.692640625000000000e+03 7.692958984375000000e+03 7.693276855468750000e+03 7.693594726562500000e+03 7.693912597656250000e+03 7.694230468750000000e+03 7.694548339843750000e+03 7.694866210937500000e+03 7.695184570312500000e+03 7.695502441406250000e+03 7.695820312500000000e+03 7.696138183593750000e+03 7.696456054687500000e+03 7.696773925781250000e+03 7.697091796875000000e+03 7.697409667968750000e+03 7.697727539062500000e+03 7.698045410156250000e+03 7.698363281250000000e+03 7.698681152343750000e+03 7.698999023437500000e+03 7.699316894531250000e+03 7.699634765625000000e+03 7.699952636718750000e+03 7.700270507812500000e+03 7.700588378906250000e+03 7.700906250000000000e+03 7.701224121093750000e+03 7.701543945312500000e+03 7.701861816406250000e+03 7.702179687500000000e+03 7.702497558593750000e+03 7.702815429687500000e+03 7.703133300781250000e+03 7.703451171875000000e+03 7.703768554687500000e+03 7.704086425781250000e+03 7.704404296875000000e+03 7.704722167968750000e+03 7.705040039062500000e+03 7.705357910156250000e+03 7.705675781250000000e+03 7.705993164062500000e+03 7.706311035156250000e+03 7.706628906250000000e+03 7.706946777343750000e+03 7.707264648437500000e+03 7.707582519531250000e+03 7.707899902343750000e+03 7.708217773437500000e+03 7.708535644531250000e+03 7.708853515625000000e+03 7.709170898437500000e+03 7.709488769531250000e+03 7.709806640625000000e+03 7.710124511718750000e+03 7.710441894531250000e+03 7.710759765625000000e+03 7.711077636718750000e+03 7.711395019531250000e+03 7.711712890625000000e+03 7.712030761718750000e+03 7.712348144531250000e+03 7.712666015625000000e+03 7.712983886718750000e+03 7.713301269531250000e+03 7.713619140625000000e+03 7.713937011718750000e+03 7.714254394531250000e+03 7.714572265625000000e+03 7.714889648437500000e+03 7.715207519531250000e+03 7.715524902343750000e+03 7.715842773437500000e+03 7.716160644531250000e+03 7.716478027343750000e+03 7.716795898437500000e+03 7.717113281250000000e+03 7.717431152343750000e+03 7.717748535156250000e+03 7.718066406250000000e+03 7.718383789062500000e+03 7.718701660156250000e+03 7.719019042968750000e+03 7.719336914062500000e+03 7.719654296875000000e+03 7.719972167968750000e+03 7.720289550781250000e+03 7.720607421875000000e+03 7.720924804687500000e+03 7.721242187500000000e+03
7.691416015625000000e+03 7.691733886718750000e+03 7.692051757812500000e+03 7.692369628906250000e+03 7.692687500000000000e+03 7.693005859375000000e+03 7.693323730468750000e+03 7.693641601562500000e+03 7.693959472656250000e+03 7.694277343750000000e+03 7.694595214843750000e+03 7.694913085937500000e+03 7.695231445312500000e+03 7.695549316406250000e+03 7.695867187500000000e+03 7.696185058593750000e+03 7.696502929687500000e+03 7.696820800781250000e+03 7.697138671875000000e+03 7.697456542968750000e+03 7.697774414062500000e+03 7.698092285156250000e+03 7.698410156250000000e+03 7.698728027343750000e+03 7.699045898437500000e+03 7.699363769531250000e+03 7.699681640625000000e+03 7.699999511718750000e+03 7.700317382812500000e+03 7.700635253906250000e+03 7.700953125000000000e+03 7.701270996093750000e+03 7.701588867187500000e+03 7.701906738281250000e+03 7.702224609375000000e+03 7.702542480468750000e+03 7.702860351562500000e+03 7.703178222656250000e+03 7.703496093750000000e+03 7.703813476562500000e+03 7.704131347656250000e+03 7.704449218750000000e+03 7.704767089843750000e+03 7.705084960937500000e+03 7.705402832031250000e+03 7.705720703125000000e+03 7.706038085937500000e+03 7.706355957031250000e+03 7.706673828125000000e+03 7.706991699218750000e+03 7.707309570312500000e+03 7.707627441406250000e+03 7.707944824218750000e+03 7.708262695312500000e+03 7.708580566406250000e+03 7.708898437500000000e+03 7.709217773437500000e+03 7.709535644531250000e+03 7.709853515625000000e+03 7.710171386718750000e+03 7.710488769531250000e+03 7.710806640625000000e+03 7.711124511718750000e+03 7.711441894531250000e+03 7.711759765625000000e+03 7.712077636718750000e+03 7.712395019531250000e+03 7.712712890625000000e+03 7.713030761718750000e+03 7.713348144531250000e+03 7.713666015625000000e+03 7.713983886718750000e+03 7.714301269531250000e+03 7.714619140625000000e+03 7.714936523437500000e+03 7.715254394531250000e+03 7.715571777343750000e+03 7.715889648437500000e+03 7.716207519531250000e+03 7.716524902343750000e+03 7.716842773437500000e+03 7.717160156250000000e+03 7.717478027343750000e+03 7.717795410156250000e+03 7.718113281250000000e+03 7.718430664062500000e+03 7.718748535156250000e+03 7.719065917968750000e+03 7.719383789062500000e+03 7.719701171875000000e+03 7.720019042968750000e+03 7.720336425781250000e+03 7.720654296875000000e+03 7.720971679687500000e+03 7.721289062500000000e+03
7.691458984375000000e+03 7.691776855468750000e+03 7.692094726562500000e+03 7.692412597656250000e+03 7.692730468750000000e+03 7.693048828125000000e+03 7.693366699218750000e+03 7.693684570312500000e+03 7.694002441406250000e+03 7.694320312500000000e+03 7.694638183593750000e+03 7.694956054687500000e+03 7.695274414062500000e+03 7.695592285156250000e+03 7.695912109375000000e+03 7.696229980468750000e+03 7.696547851562500000e+03 7.696865722656250000e+03 7.697183593750000000e+03 7.697501464843750000e+03 7.697819335937500000e+03 7.698137207031250000e+03 7.698455078125000000e+03 7.698772949218750000e+03 7.699090820312500000e+03 7.699408691406250000e+03 7.699726562500000000e+03 7.700044433593750000e+03 7.700362304687500000e+03 7.700680175781250000e+03 7.700998046875000000e+03 7.701315917968750000e+03 7.701633789062500000e+03 7.701951660156250000e+03 7.702269531250000000e+03 7.702587402343750000e+03 7.702905273437500000e+03 7.703223144531250000e+03 7.703541015625000000e+03 7.703858398437500000e+03 7.704176269531250000e+03 7.704494140625000000e+03 7.704812011718750000e+03 7.705129882812500000e+03 7.705447753906250000e+03 7.705765625000000000e+03 7.706083007812500000e+03 7.706400878906250000e+03 7.706718750000000000e+03 7.707036621093750000e+03 7.707354492187500000e+03 7.707672363281250000e+03 7.707989746093750000e+03 7.708307617187500000e+03 7.708625488281250000e+03 7.708943359375000000e+03 7.709260742187500000e+03 7.709578613281250000e+03 7.709896484375000000e+03 7.710214355468750000e+03 7.710531738281250000e+03 7.710849609375000000e+03 7.711167480468750000e+03 7.711484863281250000e+03 7.711802734375000000e+03 7.712120605468750000e+03 7.712437988281250000e+03 7.712755859375000000e+03 7.713073730468750000e+03 7.713391113281250000e+03 7.713708984375000000e+03 7.714026855468750000e+03 7.714344238281250000e+03 7.714662109375000000e+03 7.714979492187500000e+03 7.715297363281250000e+03 7.715616699218750000e+03 7.715934570312500000e+03 7.716252441406250000e+03 7.716569824218750000e+03 7.716887695312500000e+03 7.717205078125000000e+03 7.717522949218750000e+03 7.717840332031250000e+03 7.718158203125000000e+03 7.718475585937500000e+03 7.718793457031250000e+03 7.719110839843750000e+03 7.719428710937500000e+03 7.719746093750000000e+03 7.720063964843750000e+03 7.720381347656250000e+03 7.720699218750000000e+03 7.721016601562500000e+03 7.721333984375000000e+03
7.691503906250000000e+03 7.691821777343750000e+03 7.692139648437500000e+03 7.692457519531250000e+03 7.692775390625000000e+03 7.693093750000000000e+03 7.693411621093750000e+03 7.693729492187500000e+03 7.694047363281250000e+03 7.694365234375000000e+03 7.694683105468750000e+03 7.695000976562500000e+03 7.695319335937500000e+03 7.695637207031250000e+03 7.695955078125000000e+03 7.696272949218750000e+03 7.696590820312500000e+03 7.696908691406250000e+03 7.697226562500000000e+03 7.697544433593750000e+03 7.697862304687500000e+03 7.698180175781250000e+03 7.698498046875000000e+03 7.698815917968750000e+03 7.699135742187500000e+03 7.699453613281250000e+03 7.699771484375000000e+03 7.700089355468750000e+03 7.700407226562500000e+03 7.700725097656250000e+03 7.701042968750000000e+03 7.701360839843750000e+03 7.701678710937500000e+03 7.701996582031250000e+03 7.702314453125000000e+03 7.702632324218750000e+03 7.702950195312500000e+03 7.703268066406250000e+03 7.703585937500000000e+03 7.703903320312500000e+03 7.704221191406250000e+03 7.704539062500000000e+03 7.704856933593750000e+03 7.705174804687500000e+03 7.705492675781250000e+03 7.705810546875000000e+03 7.706127929687500000e+03 7.706445800781250000e+03 7.706763671875000000e+03 7.707081542968750000e+03 7.707399414062500000e+03 7.707717285156250000e+03 7.708034667968750000e+03 7.708352539062500000e+03 7.708670410156250000e+03 7.708988281250000000e+03 7.709305664062500000e+03 7.709623535156250000e+03 7.709941406250000000e+03 7.710259277343750000e+03 7.710576660156250000e+03 7.710894531250000000e+03 7.711212402343750000e+03 7.711529785156250000e+03 7.711847656250000000e+03 7.712165527343750000e+03 7.712482910156250000e+03 7.712800781250000000e+03 7.713118652343750000e+03 7.713436035156250000e+03 7.713753906250000000e+03 7.714071777343750000e+03 7.714389160156250000e+03 7.714707031250000000e+03 7.715024414062500000e+03 7.715342285156250000e+03 7.715659667968750000e+03 7.715977539062500000e+03 7.716295410156250000e+03 7.716612792968750000e+03 7.716930664062500000e+03 7.717248046875000000e+03 7.717565917968750000e+03 7.717883300781250000e+03 7.718203125000000000e+03 7.718520507812500000e+03 7.718838378906250000e+03 7.719155761718750000e+03 7.719473632812500000e+03 7.719791015625000000e+03 7.720108886718750000e+03 7.720426269531250000e+03 7.720744140625000000e+03 7.721061523437500000e+03 7.721378906250000000e+03
7.691548828125000000e+03 7.691866699218750000e+03 7.692184570312500000e+03 7.692502441406250000e+03 7.692820312500000000e+03 7.693138671875000000e+03 7.693456542968750000e+03 7.693774414062500000e+03 7.694092285156250000e+03 7.694410156250000000e+03 7.694728027343750000e+03 7.695045898437500000e+03 7.695364257812500000e+03 7.695682128906250000e+03 7.696000000000000000e+03 7.696317871093750000e+03 7.696635742187500000e+03 7.696953613281250000e+03 7.697271484375000000e+03 7.697589355468750000e+03 7.697907226562500000e+03 7.698225097656250000e+03 7.698542968750000000e+03 7.698860839843750000e+03 7.699178710937500000e+03 7.699496582031250000e+03 7.699814453125000000e+03 7.700132324218750000e+03 7.700452148437500000e+03 7.700770019531250000e+03 7.701087890625000000e+03 7.701405761718750000e+03 7.701723632812500000e+03 7.702041503906250000e+03 7.702359375000000000e+03 7.702677246093750000e+03 7.702995117187500000e+03 7.703312988281250000e+03 7.703630859375000000e+03 7.703948242187500000e+03 7.704266113281250000e+03 7.704583984375000000e+03 7.704901855468750000e+03 7.705219726562500000e+03 7.705537597656250000e+03 7.705855468750000000e+03 7.706172851562500000e+03 7.706490722656250000e+03 7.706808593750000000e+03 7.707126464843750000e+03 7.707444335937500000e+03 7.707762207031250000e+03 7.708079589843750000e+03 7.708397460937500000e+03 7.708715332031250000e+03 7.709033203125000000e+03 7.709350585937500000e+03 7.709668457031250000e+03 7.709986328125000000e+03 7.710304199218750000e+03 7.710621582031250000e+03 7.710939453125000000e+03 7.711257324218750000e+03 7.711574707031250000e+03 7.711892578125000000e+03 7.712210449218750000e+03 7.712527832031250000e+03 7.712845703125000000e+03 7.713163574218750000e+03 7.713480957031250000e+03 7.713798828125000000e+03 7.714116699218750000e+03 7.714434082031250000e+03 7.714751953125000000e+03 7.715069335937500000e+03 7.715387207031250000e+03 7.715704589843750000e+03 7.716022460937500000e+03 7.716340332031250000e+03 7.716657714843750000e+03 7.716975585937500000e+03 7.717292968750000000e+03 7.717610839843750000e+03 7.717928222656250000e+03 7.718246093750000000e+03 7.718563476562500000e+03 7.718883300781250000e+03 7.719200683593750000e+03 7.719518554687500000e+03 7.719835937500000000e+03 7.720153808593750000e+03 7.720471191406250000e+03 7.720789062500000000e+03 7.721106445312500000e+03 7.721423828125000000e+03
7.691593750000000000e+03 7.691911621093750000e+03 7.692229492187500000e+03 7.692549316406250000e+03 7.692867187500000000e+03 7.693185546875000000e+03 7.693503417968750000e+03 7.693821289062500000e+03 7.694139160156250000e+03 7.694457031250000000e+03 7.694774902343750000e+03 7.695092773437500000e+03 7.695411132812500000e+03 7.695729003906250000e+03 7.696046875000000000e+03 7.696364746093750000e+03 7.696682617187500000e+03 7.697000488281250000e+03 7.697318359375000000e+03 7.697636230468750000e+03 7.697954101562500000e+03 7.698271972656250000e+03 7.698589843750000000e+03 7.698907714843750000e+03 7.699225585937500000e+03 7.699543457031250000e+03 7.699861328125000000e+03 7.700179199218750000e+03 7.700497070312500000e+03 7.700814941406250000e+03 7.701132812500000000e+03 7.701450683593750000e+03 7.701768554687500000e+03 7.702086425781250000e+03 7.702404296875000000e+03 7.702722167968750000e+03 7.703040039062500000e+03 7.703357910156250000e+03 7.703675781250000000e+03 7.703993164062500000e+03 7.704311035156250000e+03 7.704628906250000000e+03 7.704946777343750000e+03 7.705264648437500000e+03 7.705582519531250000e+03 7.705900390625000000e+03 7.706217773437500000e+03 7.706535644531250000e+03 7.706853515625000000e+03 7.707171386718750000e+03 7.707489257812500000e+03 7.707807128906250000e+03 7.708124511718750000e+03 7.708442382812500000e+03 7.708760253906250000e+03 7.709078125000000000e+03 7.709395507812500000e+03 7.709713378906250000e+03 7.710031250000000000e+03 7.710351074218750000e+03 7.710668457031250000e+03 7.710986328125000000e+03 7.711304199218750000e+03 7.711621582031250000e+03 7.711939453125000000e+03 7.712257324218750000e+03 7.712574707031250000e+03 7.712892578125000000e+03 7.713210449218750000e+03 7.713527832031250000e+03 7.713845703125000000e+03 7.714163574218750000e+03 7.714480957031250000e+03 7.714798828125000000e+03 7.715116210937500000e+03 7.715434082031250000e+03 7.715751464843750000e+03 7.716069335937500000e+03 7.716387207031250000e+03 7.716704589843750000e+03 7.717022460937500000e+03 7.717339843750000000e+03 7.717657714843750000e+03 7.717975097656250000e+03 7.718292968750000000e+03 7.718610351562500000e+03 7.718928222656250000e+03 7.719245605468750000e+03 7.719563476562500000e+03 7.719880859375000000e+03 7.720198730468750000e+03 7.720516113281250000e+03 7.720833984375000000e+03 7.721151367187500000e+03 7.721468750000000000e+03
7.691642578125000000e+03 7.691960449218750000e+03 7.692278320312500000e+03 7.692596191406250000e+03 7.692914062500000000e+03 7.693232421875000000e+03 7.693550292968750000e+03 7.693868164062500000e+03 7.694186035156250000e+03 7.694503906250000000e+03 7.694821777343750000e+03 7.695139648437500000e+03 7.695458007812500000e+03 7.695775878906250000e+03 7.696093750000000000e+03 7.696411621093750000e+03 7.696729492187500000e+03 7.697047363281250000e+03 7.697365234375000000e+03 7.697683105468750000e+03 7.698000976562500000e+03 7.698318847656250000e+03 7.698636718750000000e+03 7.698954589843750000e+03 7.699272460937500000e+03 7.699590332031250000e+03 7.699908203125000000e+03 7.700226074218750000e+03 7.700543945312500000e+03 7.700861816406250000e+03 7.701179687500000000e+03 7.701497558593750000e+03 7.701815429687500000e+03 7.702133300781250000e+03 7.702451171875000000e+03 7.702769042968750000e+03 7.703086914062500000e+03 7.703404785156250000e+03 7.703722656250000000e+03 7.704040039062500000e+03 7.704357910156250000e+03 7.704675781250000000e+03 7.704993652343750000e+03 7.705313476562500000e+03 7.705631347656250000e+03 7.705949218750000000e+03 7.706266601562500000e+03 7.706584472656250000e+03 7.706902343750000000e+03 7.707220214843750000e+03 7.707538085937500000e+03 7.707855957031250000e+03 7.708173339843750000e+03 7.708491210937500000e+03 7.708809082031250000e+03 7.709126953125000000e+03 7.709444335937500000e+03 7.709762207031250000e+03 7.710080078125000000e+03 7.710397949218750000e+03 7.710715332031250000e+03 7.711033203125000000e+03 7.711351074218750000e+03 7.711668457031250000e+03 7.711986328125000000e+03 7.712304199218750000e+03 7.712621582031250000e+03 7.712939453125000000e+03 7.713257324218750000e+03 7.713574707031250000e+03 7.713892578125000000e+03 7.714210449218750000e+03 7.714527832031250000e+03 7.714845703125000000e+03 7.715163085937500000e+03 7.715480957031250000e+03 7.715798339843750000e+03 7.716116210937500000e+03 7.716434082031250000e+03 7.716751464843750000e+03 7.717069335937500000e+03 7.717386718750000000e+03 7.717704589843750000e+03 7.718021972656250000e+03 7.718339843750000000e+03 7.718657226562500000e+03 7.718975097656250000e+03 7.719292480468750000e+03 7.719610351562500000e+03 7.719927734375000000e+03 7.720245605468750000e+03 7.720562988281250000e+03 7.720880859375000000e+03 7.721198242187500000e+03 7.721515625000000000e+03
7.691689453125000000e+03 7.692007324218750000e+03 7.692325195312500000e+03 7.692643066406250000e+03 7.692960937500000000e+03 7.693279296875000000e+03 7.693597167968750000e+03 7.693915039062500000e+03 7.694232910156250000e+03 7.694550781250000000e+03 7.694868652343750000e+03 7.695186523437500000e+03 7.695504882812500000e+03 7.695822753906250000e+03 7.696140625000000000e+03 7.696458496093750000e+03 7.696776367187500000e+03 7.697094238281250000e+03 7.697412109375000000e+03 7.697729980468750000e+03 7.698049804687500000e+03 7.698367675781250000e+03 7.698685546875000000e+03 7.699003417968750000e+03 7.699321289062500000e+03 7.699639160156250000e+03 7.699957031250000000e+03 7.700274902343750000e+03 7.700592773437500000e+03 7.700910644531250000e+03 7.701228515625000000e+03 7.701546386718750000e+03 7.701864257812500000e+03 7.702182128906250000e+03 7.702500000000000000e+03 7.702817871093750000e+03 7.703135742187500000e+03 7.703453613281250000e+03 7.703771484375000000e+03 7.704088867187500000e+03 7.704406738281250000e+03 7.704724609375000000e+03 7.705042480468750000e+03 7.705360351562500000e+03 7.705678222656250000e+03 7.705996093750000000e+03 7.706313476562500000e+03 7.706631347656250000e+03 7.706949218750000000e+03 7.707267089843750000e+03 7.707584960937500000e+03 7.707902832031250000e+03 7.708220214843750000e+03 7.708538085937500000e+03 7.708855957031250000e+03 7.709173828125000000e+03 7.709491210937500000e+03 7.709809082031250000e+03 7.710126953125000000e+03 7.710444824218750000e+03 7.710762207031250000e+03 7.711080078125000000e+03 7.711397949218750000e+03 7.711715332031250000e+03 7.712033203125000000e+03 7.712351074218750000e+03 7.712668457031250000e+03 7.712986328125000000e+03 7.713304199218750000e+03 7.713621582031250000e+03 7.713939453125000000e+03 7.714257324218750000e+03 7.714576660156250000e+03 7.714894531250000000e+03 7.715211914062500000e+03 7.715529785156250000e+03 7.715847167968750000e+03 7.716165039062500000e+03 7.716482910156250000e+03 7.716800292968750000e+03 7.717118164062500000e+03 7.717435546875000000e+03 7.717753417968750000e+03 7.718070800781250000e+03 7.718388671875000000e+03 7.718706054687500000e+03 7.719023925781250000e+03 7.719341308593750000e+03 7.719659179687500000e+03 7.719976562500000000e+03 7.720294433593750000e+03 7.720611816406250000e+03 7.720929687500000000e+03 7.721247070312500000e+03 7.721564453125000000e+03
7.691734375000000000e+03 7.692052246093750000e+03 7.692370117187500000e+03 7.692687988281250000e+03 7.693005859375000000e+03 7.693324218750000000e+03 7.693642089843750000e+03 7.693959960937500000e+03 7.694277832031250000e+03 7.694595703125000000e+03 7.694913574218750000e+03 7.695231445312500000e+03 7.695549804687500000e+03 7.695867675781250000e+03 7.696185546875000000e+03 7.696503417968750000e+03 7.696821289062500000e+03 7.697139160156250000e+03 7.697457031250000000e+03 7.697774902343750000e+03 7.698092773437500000e+03 7.698410644531250000e+03 7.698728515625000000e+03 7.699046386718750000e+03 7.699364257812500000e+03 7.699682128906250000e+03 7.700000000000000000e+03 7.700319824218750000e+03 7.700637695312500000e+03 7.700955566406250000e+03 7.701273437500000000e+03 7.701591308593750000e+03 7.701909179687500000e+03 7.702227050781250000e+03 7.702544921875000000e+03 7.702862792968750000e+03 7.703180664062500000e+03 7.703498535156250000e+03 7.703816406250000000e+03 7.704133789062500000e+03 7.704451660156250000e+03 7.704769531250000000e+03 7.705087402343750000e+03 7.705405273437500000e+03 7.705723144531250000e+03 7.706041015625000000e+03 7.706358398437500000e+03 7.706676269531250000e+03 7.706994140625000000e+03 7.707312011718750000e+03 7.707629882812500000e+03 7.707947753906250000e+03 7.708265136718750000e+03 7.708583007812500000e+03 7.708900878906250000e+03 7.709218750000000000e+03 7.709536132812500000e+03 7.709854003906250000e+03 7.710171875000000000e+03 7.710489746093750000e+03 7.710807128906250000e+03 7.711125000000000000e+03 7.711442871093750000e+03 7.711760253906250000e+03 7.712078125000000000e+03 7.712395996093750000e+03 7.712713378906250000e+03 7.713031250000000000e+03 7.713349121093750000e+03 7.713666503906250000e+03 7.713984375000000000e+03 7.714302246093750000e+03 7.714619628906250000e+03 7.714937500000000000e+03 7.715254882812500000e+03 7.715572753906250000e+03 7.715890136718750000e+03 7.716208007812500000e+03 7.716527832031250000e+03 7.716845214843750000e+03 7.717163085937500000e+03 7.717480468750000000e+03 7.717798339843750000e+03 7.718115722656250000e+03 7.718433593750000000e+03 7.718750976562500000e+03 7.719068847656250000e+03 7.719386230468750000e+03 7.719704101562500000e+03 7.720021484375000000e+03 7.720339355468750000e+03 7.720656738281250000e+03 7.720974609375000000e+03 7.721291992187500000e+03 7.721609375000000000e+03
7.691777343750000000e+03 7.692095214843750000e+03 7.692413085937500000e+03 7.692730957031250000e+03 7.693048828125000000e+03 7.693367187500000000e+03 7.693685058593750000e+03 7.694002929687500000e+03 7.694320800781250000e+03 7.694638671875000000e+03 7.694956542968750000e+03 7.695274414062500000e+03 7.695592773437500000e+03 7.695910644531250000e+03 7.696228515625000000e+03 7.696546386718750000e+03 7.696864257812500000e+03 7.697182128906250000e+03 7.697500000000000000e+03 7.697817871093750000e+03 7.698135742187500000e+03 7.698453613281250000e+03 7.698771484375000000e+03 7.699089355468750000e+03 7.699407226562500000e+03 7.699725097656250000e+03 7.700042968750000000e+03 7.700360839843750000e+03 7.700678710937500000e+03 7.700996582031250000e+03 7.701314453125000000e+03 7.701634277343750000e+03 7.701952148437500000e+03 7.702270019531250000e+03 7.702587890625000000e+03 7.702905761718750000e+03 7.703223632812500000e+03 7.703541503906250000e+03 7.703859375000000000e+03 7.704176757812500000e+03 7.704494628906250000e+03 7.704812500000000000e+03 7.705130371093750000e+03 7.705448242187500000e+03 7.705766113281250000e+03 7.706083984375000000e+03 7.706401367187500000e+03 7.706719238281250000e+03 7.707037109375000000e+03 7.707354980468750000e+03 7.707672851562500000e+03 7.707990722656250000e+03 7.708308105468750000e+03 7.708625976562500000e+03 7.708943847656250000e+03 7.709261718750000000e+03 7.709579101562500000e+03 7.709896972656250000e+03 7.710214843750000000e+03 7.710532714843750000e+03 7.710850097656250000e+03 7.711167968750000000e+03 7.711485839843750000e+03 7.711803222656250000e+03 7.712121093750000000e+03 7.712438964843750000e+03 7.712756347656250000e+03 7.713074218750000000e+03 7.713392089843750000e+03 7.713709472656250000e+03 7.714027343750000000e+03 7.714345214843750000e+03 7.714662597656250000e+03 7.714980468750000000e+03 7.715297851562500000e+03 7.715615722656250000e+03 7.715933105468750000e+03 7.716250976562500000e+03 7.716568847656250000e+03 7.716886230468750000e+03 7.717206054687500000e+03 7.717523437500000000e+03 7.717841308593750000e+03 7.718158691406250000e+03 7.718476562500000000e+03 7.718793945312500000e+03 7.719111816406250000e+03 7.719429199218750000e+03 7.719747070312500000e+03 7.720064453125000000e+03 7.720382324218750000e+03 7.720699707031250000e+03 7.721017578125000000e+03 7.721334960937500000e+03 7.721652343750000000e+03
7.691820312500000000e+03 7.692138183593750000e+03 7.692458007812500000e+03 7.692775878906250000e+03 7.693093750000000000e+03 7.693412109375000000e+03 7.693729980468750000e+03 7.694047851562500000e+03 7.694365722656250000e+03 7.694683593750000000e+03 7.695001464843750000e+03 7.695319335937500000e+03 7.695637695312500000e+03 7.695955566406250000e+03 7.696273437500000000e+03 7.696591308593750000e+03 7.696909179687500000e+03 7.697227050781250000e+03 7.697544921875000000e+03 7.697862792968750000e+03 7.698180664062500000e+03 7.698498535156250000e+03 7.698816406250000000e+03 7.699134277343750000e+03 7.699452148437500000e+03 7.699770019531250000e+03 7.700087890625000000e+03 7.700405761718750000e+03 7.700723632812500000e+03 7.701041503906250000e+03 7.701359375000000000e+03 7.701677246093750000e+03 7.701995117187500000e+03 7.702312988281250000e+03 7.702630859375000000e+03 7.702948730468750000e+03 7.703266601562500000e+03 7.703584472656250000e+03 7.703902343750000000e+03 7.704219726562500000e+03 7.704537597656250000e+03 7.704855468750000000e+03 7.705173339843750000e+03 7.705491210937500000e+03 7.705809082031250000e+03 7.706126953125000000e+03 7.706444335937500000e+03 7.706762207031250000e+03 7.707080078125000000e+03 7.707397949218750000e+03 7.707717773437500000e+03 7.708035644531250000e+03 7.708353027343750000e+03 7.708670898437500000e+03 7.708988769531250000e+03 7.709306640625000000e+03 7.709624023437500000e+03 7.709941894531250000e+03 7.710259765625000000e+03 7.710577636718750000e+03 7.710895019531250000e+03 7.711212890625000000e+03 7.711530761718750000e+03 7.711848144531250000e+03 7.712166015625000000e+03 7.712483886718750000e+03 7.712801269531250000e+03 7.713119140625000000e+03 7.713437011718750000e+03 7.713754394531250000e+03 7.714072265625000000e+03 7.714390136718750000e+03 7.714707519531250000e+03 7.715025390625000000e+03 7.715342773437500000e+03 7.715660644531250000e+03 7.715978027343750000e+03 7.716295898437500000e+03 7.716613769531250000e+03 7.716931152343750000e+03 7.717249023437500000e+03 7.717566406250000000e+03 7.717884277343750000e+03 7.718201660156250000e+03 7.718519531250000000e+03 7.718836914062500000e+03 7.719154785156250000e+03 7.719472167968750000e+03 7.719790039062500000e+03 7.720107421875000000e+03 7.720425292968750000e+03 7.720742675781250000e+03 7.721060546875000000e+03 7.721377929687500000e+03 7.721695312500000000e+03
7.691865234375000000e+03 7.692183105468750000e+03 7.692500976562500000e+03 7.692818847656250000e+03 7.693136718750000000e+03 7.693455078125000000e+03 7.693772949218750000e+03 7.694090820312500000e+03 7.694408691406250000e+03 7.694726562500000000e+03 7.695044433593750000e+03 7.695362304687500000e+03 7.695680664062500000e+03 7.695998535156250000e+03 7.696316406250000000e+03 7.696636230468750000e+03 7.696954101562500000e+03 7.697271972656250000e+03 7.697589843750000000e+03 7.697907714843750000e+03 7.698225585937500000e+03 7.698543457031250000e+03 7.698861328125000000e+03 7.699179199218750000e+03 7.699497070312500000e+03 7.699814941406250000e+03 7.700132812500000000e+03 7.700450683593750000e+03 7.700768554687500000e+03 7.701086425781250000e+03 7.701404296875000000e+03 7.701722167968750000e+03 7.702040039062500000e+03 7.702357910156250000e+03 7.702675781250000000e+03 7.702993652343750000e+03 7.703311523437500000e+03 7.703629394531250000e+03 7.703947265625000000e+03 7.704264648437500000e+03 7.704582519531250000e+03 7.704900390625000000e+03 7.705218261718750000e+03 7.705536132812500000e+03 7.705854003906250000e+03 7.706171875000000000e+03 7.706489257812500000e+03 7.706807128906250000e+03 7.707125000000000000e+03 7.707442871093750000e+03 7.707760742187500000e+03 7.708078613281250000e+03 7.708395996093750000e+03 7.708713867187500000e+03 7.709031738281250000e+03 7.709349609375000000e+03 7.709666992187500000e+03 7.709984863281250000e+03 7.710302734375000000e+03 7.710620605468750000e+03 7.710937988281250000e+03 7.711257812500000000e+03 7.711575683593750000e+03 7.711893066406250000e+03 7.712210937500000000e+03 7.712528808593750000e+03 7.712846191406250000e+03 7.713164062500000000e+03 7.713481933593750000e+03 7.713799316406250000e+03 7.714117187500000000e+03 7.714435058593750000e+03 7.714752441406250000e+03 7.715070312500000000e+03 7.715387695312500000e+03 7.715705566406250000e+03 7.716022949218750000e+03 7.716340820312500000e+03 7.716658691406250000e+03 7.716976074218750000e+03 7.717293945312500000e+03 7.717611328125000000e+03 7.717929199218750000e+03 7.718246582031250000e+03 7.718564453125000000e+03 7.718881835937500000e+03 7.719199707031250000e+03 7.719517089843750000e+03 7.719834960937500000e+03 7.720152343750000000e+03 7.720470214843750000e+03 7.720787597656250000e+03 7.721105468750000000e+03 7.721422851562500000e+03 7.721740234375000000e+03
7.691910156250000000e+03 7.692228027343750000e+03 7.692545898437500000e+03 7.692863769531250000e+03 7.693181640625000000e+03 7.693500000000000000e+03 7.693817871093750000e+03 7.694135742187500000e+03 7.694453613281250000e+03 7.694771484375000000e+03 7.695089355468750000e+03 7.695407226562500000e+03 7.695725585937500000e+03 7.696043457031250000e+03 7.696361328125000000e+03 7.696679199218750000e+03 7.696997070312500000e+03 7.697314941406250000e+03 7.697632812500000000e+03 7.697950683593750000e+03 7.698268554687500000e+03 7.698586425781250000e+03 7.698904296875000000e+03 7.699222167968750000e+03 7.699540039062500000e+03 7.699857910156250000e+03 7.700175781250000000e+03 7.700493652343750000e+03 7.700811523437500000e+03 7.701131347656250000e+03 7.701449218750000000e+03 7.701767089843750000e+03 7.702084960937500000e+03 7.702402832031250000e+03 7.702720703125000000e+03 7.703038574218750000e+03 7.703356445312500000e+03 7.703674316406250000e+03 7.703992187500000000e+03 7.704309570312500000e+03 7.704627441406250000e+03 7.704945312500000000e+03 7.705263183593750000e+03 7.705581054687500000e+03 7.705898925781250000e+03 7.706216796875000000e+03 7.706534179687500000e+03 7.706852050781250000e+03 7.707169921875000000e+03 7.707487792968750000e+03 7.707805664062500000e+03 7.708123535156250000e+03 7.708440917968750000e+03 7.708758789062500000e+03 7.709076660156250000e+03 7.709394531250000000e+03 7.709711914062500000e+03 7.710029785156250000e+03 7.710347656250000000e+03 7.710665527343750000e+03 7.710982910156250000e+03 7.711300781250000000e+03 7.711618652343750000e+03 7.711936035156250000e+03 7.712253906250000000e+03 7.712571777343750000e+03 7.712889160156250000e+03 7.713207031250000000e+03 7.713524902343750000e+03 7.713842285156250000e+03 7.714160156250000000e+03 7.714478027343750000e+03 7.714795410156250000e+03 7.715113281250000000e+03 7.715432617187500000e+03 7.715750488281250000e+03 7.716067871093750000e+03 7.716385742187500000e+03 7.716703613281250000e+03 7.717020996093750000e+03 7.717338867187500000e+03 7.717656250000000000e+03 7.717974121093750000e+03 7.718291503906250000e+03 7.718609375000000000e+03 7.718926757812500000e+03 7.719244628906250000e+03 7.719562011718750000e+03 7.719879882812500000e+03 7.720197265625000000e+03 7.720515136718750000e+03 7.720832519531250000e+03 7.721150390625000000e+03 7.721467773437500000e+03 7.721785156250000000e+03
7.691955078125000000e+03 7.692272949218750000e+03 7.692590820312500000e+03 7.692908691406250000e+03 7.693226562500000000e+03 7.693544921875000000e+03 7.693862792968750000e+03 7.694180664062500000e+03 7.694498535156250000e+03 7.694816406250000000e+03 7.695134277343750000e+03 7.695452148437500000e+03 7.695770507812500000e+03 7.696088378906250000e+03 7.696406250000000000e+03 7.696724121093750000e+03 7.697041992187500000e+03 7.697359863281250000e+03 7.697677734375000000e+03 7.697995605468750000e+03 7.698313476562500000e+03 7.698631347656250000e+03 7.698951171875000000e+03 7.699269042968750000e+03 7.699586914062500000e+03 7.699904785156250000e+03 7.700222656250000000e+03 7.700540527343750000e+03 7.700858398437500000e+03 7.701176269531250000e+03 7.701494140625000000e+03 7.701812011718750000e+03 7.702129882812500000e+03 7.702447753906250000e+03 7.702765625000000000e+03 7.703083496093750000e+03 7.703401367187500000e+03 7.703719238281250000e+03 7.704037109375000000e+03 7.704354492187500000e+03 7.704672363281250000e+03 7.704990234375000000e+03 7.705308105468750000e+03 7.705625976562500000e+03 7.705943847656250000e+03 7.706261718750000000e+03 7.706579101562500000e+03 7.706896972656250000e+03 7.707214843750000000e+03 7.707532714843750000e+03 7.707850585937500000e+03 7.708168457031250000e+03 7.708485839843750000e+03 7.708803710937500000e+03 7.709121582031250000e+03 7.709439453125000000e+03 7.709756835937500000e+03 7.710074707031250000e+03 7.710392578125000000e+03 7.710710449218750000e+03 7.711027832031250000e+03 7.711345703125000000e+03 7.711663574218750000e+03 7.711980957031250000e+03 7.712298828125000000e+03 7.712618652343750000e+03 7.712936035156250000e+03 7.713253906250000000e+03 7.713571777343750000e+03 7.713889160156250000e+03 7.714207031250000000e+03 7.714524902343750000e+03 7.714842285156250000e+03 7.715160156250000000e+03 7.715477539062500000e+03 7.715795410156250000e+03 7.716112792968750000e+03 7.716430664062500000e+03 7.716748535156250000e+03 7.717065917968750000e+03 7.717383789062500000e+03 7.717701171875000000e+03 7.718019042968750000e+03 7.718336425781250000e+03 7.718654296875000000e+03 7.718971679687500000e+03 7.719289550781250000e+03 7.719606933593750000e+03 7.719924804687500000e+03 7.720242187500000000e+03 7.720560058593750000e+03 7.720877441406250000e+03 7.721195312500000000e+03 7.721512695312500000e+03 7.721830078125000000e+03
7.692001953125000000e+03 7.692319824218750000e+03 7.692637695312500000e+03 7.692955566406250000e+03 7.693273437500000000e+03 7.693591796875000000e+03 7.693909667968750000e+03 7.694227539062500000e+03 7.694545410156250000e+03 7.694863281250000000e+03 7.695181152343750000e+03 7.695499023437500000e+03 7.695817382812500000e+03 7.696135253906250000e+03 7.696453125000000000e+03 7.696770996093750000e+03 7.697088867187500000e+03 7.697406738281250000e+03 7.697724609375000000e+03 7.698042480468750000e+03 7.698360351562500000e+03 7.698678222656250000e+03 7.698996093750000000e+03 7.699313964843750000e+03 7.699631835937500000e+03 7.699949707031250000e+03 7.700267578125000000e+03 7.700585449218750000e+03 7.700903320312500000e+03 7.701223144531250000e+03 7.701541015625000000e+03 7.701858886718750000e+03 7.702176757812500000e+03 7.702494628906250000e+03 7.702812500000000000e+03 7.703130371093750000e+03 7.703448242187500000e+03 7.703766113281250000e+03 7.704083984375000000e+03 7.704401367187500000e+03 7.704719238281250000e+03 7.705037109375000000e+03 7.705354980468750000e+03 7.705672851562500000e+03 7.705990722656250000e+03 7.706308593750000000e+03 7.706625976562500000e+03 7.706943847656250000e+03 7.707261718750000000e+03 7.707579589843750000e+03 7.707897460937500000e+03 7.708215332031250000e+03 7.708532714843750000e+03 7.708850585937500000e+03 7.709168457031250000e+03 7.709486328125000000e+03 7.709803710937500000e+03 7.710121582031250000e+03 7.710439453125000000e+03 7.710757324218750000e+03 7.711074707031250000e+03 7.711392578125000000e+03 7.711710449218750000e+03 7.712027832031250000e+03 7.712345703125000000e+03 7.712663574218750000e+03 7.712980957031250000e+03 7.713298828125000000e+03 7.713616699218750000e+03 7.713934082031250000e+03 7.714251953125000000e+03 7.714569824218750000e+03 7.714889160156250000e+03 7.715207031250000000e+03 7.715524414062500000e+03 7.715842285156250000e+03 7.716159667968750000e+03 7.716477539062500000e+03 7.716795410156250000e+03 7.717112792968750000e+03 7.717430664062500000e+03 7.717748046875000000e+03 7.718065917968750000e+03 7.718383300781250000e+03 7.718701171875000000e+03 7.719018554687500000e+03 7.719336425781250000e+03 7.719653808593750000e+03 7.719971679687500000e+03 7.720289062500000000e+03 7.720606933593750000e+03 7.720924316406250000e+03 7.721242187500000000e+03 7.721559570312500000e+03 7.721876953125000000e+03
7.692046875000000000e+03 7.692364746093750000e+03 7.692682617187500000e+03 7.693000488281250000e+03 7.693318359375000000e+03 7.693636718750000000e+03 7.693954589843750000e+03 7.694272460937500000e+03 7.694590332031250000e+03 7.694908203125000000e+03 7.695226074218750000e+03 7.695543945312500000e+03 7.695862304687500000e+03 7.696180175781250000e+03 7.696498046875000000e+03 7.696815917968750000e+03 7.697133789062500000e+03 7.697451660156250000e+03 7.697769531250000000e+03 7.698087402343750000e+03 7.698405273437500000e+03 7.698723144531250000e+03 7.699041015625000000e+03 7.699358886718750000e+03 7.699676757812500000e+03 7.699994628906250000e+03 7.700312500000000000e+03 7.700630371093750000e+03 7.700948242187500000e+03 7.701266113281250000e+03 7.701583984375000000e+03 7.701903808593750000e+03 7.702221679687500000e+03 7.702539550781250000e+03 7.702857421875000000e+03 7.703175292968750000e+03 7.703493164062500000e+03 7.703811035156250000e+03 7.704128906250000000e+03 7.704446289062500000e+03 7.704764160156250000e+03 7.705082031250000000e+03 7.705399902343750000e+03 7.705717773437500000e+03 7.706035644531250000e+03 7.706353515625000000e+03 7.706670898437500000e+03 7.706988769531250000e+03 7.707306640625000000e+03 7.707624511718750000e+03 7.707942382812500000e+03 7.708260253906250000e+03 7.708577636718750000e+03 7.708895507812500000e+03 7.709213378906250000e+03 7.709531250000000000e+03 7.709848632812500000e+03 7.710166503906250000e+03 7.710484375000000000e+03 7.710802246093750000e+03 7.711119628906250000e+03 7.711437500000000000e+03 7.711755371093750000e+03 7.712072753906250000e+03 7.712390625000000000e+03 7.712708496093750000e+03 7.713025878906250000e+03 7.713343750000000000e+03 7.713661621093750000e+03 7.713979003906250000e+03 7.714296875000000000e+03 7.714614746093750000e+03 7.714932128906250000e+03 7.715251953125000000e+03 7.715569335937500000e+03 7.715887207031250000e+03 7.716204589843750000e+03 7.716522460937500000e+03 7.716840332031250000e+03 7.717157714843750000e+03 7.717475585937500000e+03 7.717792968750000000e+03 7.718110839843750000e+03 7.718428222656250000e+03 7.718746093750000000e+03 7.719063476562500000e+03 7.719381347656250000e+03 7.719698730468750000e+03 7.720016601562500000e+03 7.720333984375000000e+03 7.720651855468750000e+03 7.720969238281250000e+03 7.721287109375000000e+03 7.721604492187500000e+03 7.721921875000000000e+03
7.692093750000000000e+03 7.692411621093750000e+03 7.692729492187500000e+03 7.693047363281250000e+03 7.693365234375000000e+03 7.693683593750000000e+03 7.694001464843750000e+03 7.694319335937500000e+03 7.694637207031250000e+03 7.694955078125000000e+03 7.695272949218750000e+03 7.695590820312500000e+03 7.695909179687500000e+03 7.696227050781250000e+03 7.696544921875000000e+03 7.696862792968750000e+03 7.697180664062500000e+03 7.697498535156250000e+03 7.697816406250000000e+03 7.698134277343750000e+03 7.698452148437500000e+03 7.698770019531250000e+03 7.699087890625000000e+03 7.699405761718750000e+03 7.699723632812500000e+03 7.700041503906250000e+03 7.700359375000000000e+03 7.700679199218750000e+03 7.700997070312500000e+03 7.701314941406250000e+03 7.701632812500000000e+03 7.701950683593750000e+03 7.702268554687500000e+03 7.702586425781250000e+03 7.702904296875000000e+03 7.703222167968750000e+03 7.703540039062500000e+03 7.703857910156250000e+03 7.704175781250000000e+03 7.704493164062500000e+03 7.704811035156250000e+03 7.705128906250000000e+03 7.705446777343750000e+03 7.705764648437500000e+03 7.706082519531250000e+03 7.706400390625000000e+03 7.706717773437500000e+03 7.707035644531250000e+03 7.707353515625000000e+03 7.707671386718750000e+03 7.707989257812500000e+03 7.708307128906250000e+03 7.708624511718750000e+03 7.708942382812500000e+03 7.709260253906250000e+03 7.709578125000000000e+03 7.709895507812500000e+03 7.710213378906250000e+03 7.710531250000000000e+03 7.710849121093750000e+03 7.711166503906250000e+03 7.711484375000000000e+03 7.711802246093750000e+03 7.712119628906250000e+03 7.712437500000000000e+03 7.712755371093750000e+03 7.713072753906250000e+03 7.713392578125000000e+03 7.713710449218750000e+03 7.714027832031250000e+03 7.714345703125000000e+03 7.714663574218750000e+03 7.714980957031250000e+03 7.715298828125000000e+03 7.715616210937500000e+03 7.715934082031250000e+03 7.716251464843750000e+03 7.716569335937500000e+03 7.716887207031250000e+03 7.717204589843750000e+03 7.717522460937500000e+03 7.717839843750000000e+03 7.718157714843750000e+03 7.718475097656250000e+03 7.718792968750000000e+03 7.719110351562500000e+03 7.719428222656250000e+03 7.719745605468750000e+03 7.720063476562500000e+03 7.720380859375000000e+03 7.720698730468750000e+03 7.721016113281250000e+03 7.721333984375000000e+03 7.721651367187500000e+03 7.721968750000000000e+03
7.692138671875000000e+03 7.692456542968750000e+03 7.692774414062500000e+03 7.693092285156250000e+03 7.693410156250000000e+03 7.693728515625000000e+03 7.694046386718750000e+03 7.694364257812500000e+03 7.694682128906250000e+03 7.695000000000000000e+03 7.695317871093750000e+03 7.695635742187500000e+03 7.695954101562500000e+03 7.696271972656250000e+03 7.696589843750000000e+03 7.696907714843750000e+03 7.697225585937500000e+03 7.697543457031250000e+03 7.697861328125000000e+03 7.698179199218750000e+03 7.698497070312500000e+03 7.698814941406250000e+03 7.699132812500000000e+03 7.699450683593750000e+03 7.699768554687500000e+03 7.700086425781250000e+03 7.700404296875000000e+03 7.700724121093750000e+03 7.701041992187500000e+03 7.701359863281250000e+03 7.701677734375000000e+03 7.701995605468750000e+03 7.702313476562500000e+03 7.702631347656250000e+03 7.702949218750000000e+03 7.703267089843750000e+03 7.703584960937500000e+03 7.703902832031250000e+03 7.704220703125000000e+03 7.704538085937500000e+03 7.704855957031250000e+03 7.705173828125000000e+03 7.705491699218750000e+03 7.705809570312500000e+03 7.706127441406250000e+03 7.706445312500000000e+03 7.706762695312500000e+03 7.707080566406250000e+03 7.707398437500000000e+03 7.707716308593750000e+03 7.708034179687500000e+03 7.708352050781250000e+03 7.708669433593750000e+03 7.708987304687500000e+03 7.709305175781250000e+03 7.709623046875000000e+03 7.709940429687500000e+03 7.710258300781250000e+03 7.710576171875000000e+03 7.710894042968750000e+03 7.711211425781250000e+03 7.711529296875000000e+03 7.711847167968750000e+03 7.712164550781250000e+03 7.712482421875000000e+03 7.712800292968750000e+03 7.713119628906250000e+03 7.713437500000000000e+03 7.713755371093750000e+03 7.714072753906250000e+03 7.714390625000000000e+03 7.714708496093750000e+03 7.715025878906250000e+03 7.715343750000000000e+03 7.715661132812500000e+03 7.715979003906250000e+03 7.716296386718750000e+03 7.716614257812500000e+03 7.716932128906250000e+03 7.717249511718750000e+03 7.717567382812500000e+03 7.717884765625000000e+03 7.718202636718750000e+03 7.718520019531250000e+03 7.718837890625000000e+03 7.719155273437500000e+03 7.719473144531250000e+03 7.719790527343750000e+03 7.720108398437500000e+03 7.720425781250000000e+03 7.720743652343750000e+03 7.721061035156250000e+03 7.721378906250000000e+03 7.721696289062500000e+03 7.722013671875000000e+03
7.692181640625000000e+03 7.692501464843750000e+03 7.692819335937500000e+03 7.693137207031250000e+03 7.693455078125000000e+03 7.693773437500000000e+03 7.694091308593750000e+03 7.694409179687500000e+03 7.694727050781250000e+03 7.695044921875000000e+03 7.695362792968750000e+03 7.695680664062500000e+03 7.695999023437500000e+03 7.696316894531250000e+03 7.696634765625000000e+03 7.696952636718750000e+03 7.697270507812500000e+03 7.697588378906250000e+03 7.697906250000000000e+03 7.698224121093750000e+03 7.698541992187500000e+03 7.698859863281250000e+03 7.699177734375000000e+03 7.699495605468750000e+03 7.699813476562500000e+03 7.700131347656250000e+03 7.700449218750000000e+03 7.700767089843750000e+03 7.701084960937500000e+03 7.701402832031250000e+03 7.701720703125000000e+03 7.702038574218750000e+03 7.702356445312500000e+03 7.702674316406250000e+03 7.702992187500000000e+03 7.703310058593750000e+03 7.703627929687500000e+03 7.703945800781250000e+03 7.704263671875000000e+03 7.704583007812500000e+03 7.704900878906250000e+03 7.705218750000000000e+03 7.705536621093750000e+03 7.705854492187500000e+03 7.706172363281250000e+03 7.706490234375000000e+03 7.706807617187500000e+03 7.707125488281250000e+03 7.707443359375000000e+03 7.707761230468750000e+03 7.708079101562500000e+03 7.708396972656250000e+03 7.708714355468750000e+03 7.709032226562500000e+03 7.709350097656250000e+03 7.709667968750000000e+03 7.709985351562500000e+03 7.710303222656250000e+03 7.710621093750000000e+03 7.710938964843750000e+03 7.711256347656250000e+03 7.711574218750000000e+03 7.711892089843750000e+03 7.712209472656250000e+03 7.712527343750000000e+03 7.712845214843750000e+03 7.713162597656250000e+03 7.713480468750000000e+03 7.713798339843750000e+03 7.714115722656250000e+03 7.714433593750000000e+03 7.714751464843750000e+03 7.715068847656250000e+03 7.715386718750000000e+03 7.715704101562500000e+03 7.716021972656250000e+03 7.716339355468750000e+03 7.716659179687500000e+03 7.716977050781250000e+03 7.717294433593750000e+03 7.717612304687500000e+03 7.717929687500000000e+03 7.718247558593750000e+03 7.718564941406250000e+03 7.718882812500000000e+03 7.719200195312500000e+03 7.719518066406250000e+03 7.719835449218750000e+03 7.720153320312500000e+03 7.720470703125000000e+03 7.720788574218750000e+03 7.721105957031250000e+03 7.721423828125000000e+03 7.721741210937500000e+03 7.722058593750000000e+03
7.692228515625000000e+03 7.692546386718750000e+03 7.692864257812500000e+03 7.693182128906250000e+03 7.693500000000000000e+03 7.693818359375000000e+03 7.694136230468750000e+03 7.694454101562500000e+03 7.694771972656250000e+03 7.695089843750000000e+03 7.695409667968750000e+03 7.695727539062500000e+03 7.696045898437500000e+03 7.696363769531250000e+03 7.696681640625000000e+03 7.696999511718750000e+03 7.697317382812500000e+03 7.697635253906250000e+03 7.697953125000000000e+03 7.698270996093750000e+03 7.698588867187500000e+03 7.698906738281250000e+03 7.699224609375000000e+03 7.699542480468750000e+03 7.699860351562500000e+03 7.700178222656250000e+03 7.700496093750000000e+03 7.700813964843750000e+03 7.701131835937500000e+03 7.701449707031250000e+03 7.701767578125000000e+03 7.702085449218750000e+03 7.702403320312500000e+03 7.702721191406250000e+03 7.703039062500000000e+03 7.703356933593750000e+03 7.703674804687500000e+03 7.703992675781250000e+03 7.704310546875000000e+03 7.704627929687500000e+03 7.704945800781250000e+03 7.705263671875000000e+03 7.705581542968750000e+03 7.705899414062500000e+03 7.706217285156250000e+03 7.706535156250000000e+03 7.706852539062500000e+03 7.707170410156250000e+03 7.707490234375000000e+03 7.707808105468750000e+03 7.708125976562500000e+03 7.708443847656250000e+03 7.708761230468750000e+03 7.709079101562500000e+03 7.709396972656250000e+03 7.709714843750000000e+03 7.710032226562500000e+03 7.710350097656250000e+03 7.710667968750000000e+03 7.710985839843750000e+03 7.711303222656250000e+03 7.711621093750000000e+03 7.711938964843750000e+03 7.712256347656250000e+03 7.712574218750000000e+03 7.712892089843750000e+03 7.713209472656250000e+03 7.713527343750000000e+03 7.713845214843750000e+03 7.714162597656250000e+03 7.714480468750000000e+03 7.714798339843750000e+03 7.715115722656250000e+03 7.715433593750000000e+03 7.715750976562500000e+03 7.716068847656250000e+03 7.716386230468750000e+03 7.716704101562500000e+03 7.717021972656250000e+03 7.717339355468750000e+03 7.717657226562500000e+03 7.717974609375000000e+03 7.718292480468750000e+03 7.718609863281250000e+03 7.718927734375000000e+03 7.719245117187500000e+03 7.719564941406250000e+03 7.719882324218750000e+03 7.720200195312500000e+03 7.720517578125000000e+03 7.720835449218750000e+03 7.721152832031250000e+03 7.721470703125000000e+03 7.721788085937500000e+03 7.722105468750000000e+03
7.692275390625000000e+03 7.692593261718750000e+03 7.692911132812500000e+03 7.693229003906250000e+03 7.693546875000000000e+03 7.693865234375000000e+03 7.694183105468750000e+03 7.694500976562500000e+03 7.694818847656250000e+03 7.695136718750000000e+03 7.695454589843750000e+03 7.695772460937500000e+03 7.696090820312500000e+03 7.696408691406250000e+03 7.696726562500000000e+03 7.697044433593750000e+03 7.697362304687500000e+03 7.697680175781250000e+03 7.697998046875000000e+03 7.698315917968750000e+03 7.698633789062500000e+03 7.698951660156250000e+03 7.699269531250000000e+03 7.699587402343750000e+03 7.699905273437500000e+03 7.700223144531250000e+03 7.700541015625000000e+03 7.700858886718750000e+03 7.701176757812500000e+03 7.701494628906250000e+03 7.701812500000000000e+03 7.702130371093750000e+03 7.702448242187500000e+03 7.702766113281250000e+03 7.703083984375000000e+03 7.703401855468750000e+03 7.703719726562500000e+03 7.704037597656250000e+03 7.704355468750000000e+03 7.704672851562500000e+03 7.704990722656250000e+03 7.705308593750000000e+03 7.705626464843750000e+03 7.705944335937500000e+03 7.706262207031250000e+03 7.706580078125000000e+03 7.706897460937500000e+03 7.707215332031250000e+03 7.707533203125000000e+03 7.707851074218750000e+03 7.708168945312500000e+03 7.708486816406250000e+03 7.708804199218750000e+03 7.709122070312500000e+03 7.709439941406250000e+03 7.709757812500000000e+03 7.710075195312500000e+03 7.710393066406250000e+03 7.710710937500000000e+03 7.711028808593750000e+03 7.711346191406250000e+03 7.711664062500000000e+03 7.711981933593750000e+03 7.712299316406250000e+03 7.712617187500000000e+03 7.712935058593750000e+03 7.713252441406250000e+03 7.713570312500000000e+03 7.713892089843750000e+03 7.714209472656250000e+03 7.714527343750000000e+03 7.714845214843750000e+03 7.715162597656250000e+03 7.715480468750000000e+03 7.715797851562500000e+03 7.716115722656250000e+03 7.716433105468750000e+03 7.716750976562500000e+03 7.717068847656250000e+03 7.717386230468750000e+03 7.717704101562500000e+03 7.718021484375000000e+03 7.718339355468750000e+03 7.718656738281250000e+03 7.718974609375000000e+03 7.719291992187500000e+03 7.719609863281250000e+03 7.719927246093750000e+03 7.720245117187500000e+03 7.720562500000000000e+03 7.720880371093750000e+03 7.721197753906250000e+03 7.721515625000000000e+03 7.721833007812500000e+03 7.722150390625000000e+03
7.692318359375000000e+03 7.692636230468750000e+03 7.692954101562500000e+03 7.693271972656250000e+03 7.693589843750000000e+03 7.693908203125000000e+03 7.694226074218750000e+03 7.694543945312500000e+03 7.694861816406250000e+03 7.695179687500000000e+03 7.695497558593750000e+03 7.695815429687500000e+03 7.696133789062500000e+03 7.696451660156250000e+03 7.696769531250000000e+03 7.697087402343750000e+03 7.697405273437500000e+03 7.697723144531250000e+03 7.698041015625000000e+03 7.698358886718750000e+03 7.698676757812500000e+03 7.698994628906250000e+03 7.699312500000000000e+03 7.699630371093750000e+03 7.699948242187500000e+03 7.700266113281250000e+03 7.700583984375000000e+03 7.700901855468750000e+03 7.701219726562500000e+03 7.701537597656250000e+03 7.701855468750000000e+03 7.702173339843750000e+03 7.702491210937500000e+03 7.702809082031250000e+03 7.703126953125000000e+03 7.703444824218750000e+03 7.703762695312500000e+03 7.704080566406250000e+03 7.704398437500000000e+03 7.704715820312500000e+03 7.705033691406250000e+03 7.705355468750000000e+03 7.705673339843750000e+03 7.705991210937500000e+03 7.706309082031250000e+03 7.706626953125000000e+03 7.706944335937500000e+03 7.707262207031250000e+03 7.707580078125000000e+03 7.707897949218750000e+03 7.708215820312500000e+03 7.708533691406250000e+03 7.708851074218750000e+03 7.709168945312500000e+03 7.709486816406250000e+03 7.709804687500000000e+03 7.710122070312500000e+03 7.710439941406250000e+03 7.710757812500000000e+03 7.711075683593750000e+03 7.711393066406250000e+03 7.711710937500000000e+03 7.712028808593750000e+03 7.712346191406250000e+03 7.712664062500000000e+03 7.712981933593750000e+03 7.713299316406250000e+03 7.713617187500000000e+03 7.713935058593750000e+03 7.714252441406250000e+03 7.714570312500000000e+03 7.714888183593750000e+03 7.715205566406250000e+03 7.715523437500000000e+03 7.715840820312500000e+03 7.716158691406250000e+03 7.716476074218750000e+03 7.716793945312500000e+03 7.717111816406250000e+03 7.717429199218750000e+03 7.717747070312500000e+03 7.718064453125000000e+03 7.718382324218750000e+03 7.718699707031250000e+03 7.719017578125000000e+03 7.719334960937500000e+03 7.719652832031250000e+03 7.719970214843750000e+03 7.720288085937500000e+03 7.720605468750000000e+03 7.720923339843750000e+03 7.721240722656250000e+03 7.721558593750000000e+03 7.721875976562500000e+03 7.722193359375000000e+03
7.692361328125000000e+03 7.692679199218750000e+03 7.692997070312500000e+03 7.693314941406250000e+03 7.693632812500000000e+03 7.693951171875000000e+03 7.694269042968750000e+03 7.694586914062500000e+03 7.694904785156250000e+03 7.695222656250000000e+03 7.695544433593750000e+03 7.695862304687500000e+03 7.696180664062500000e+03 7.696498535156250000e+03 7.696816406250000000e+03 7.697134277343750000e+03 7.697452148437500000e+03 7.697770019531250000e+03 7.698087890625000000e+03 7.698405761718750000e+03 7.698723632812500000e+03 7.699041503906250000e+03 7.699359375000000000e+03 7.699677246093750000e+03 7.699995117187500000e+03 7.700312988281250000e+03 7.700630859375000000e+03 7.700948730468750000e+03 7.701266601562500000e+03 7.701584472656250000e+03 7.701902343750000000e+03 7.702220214843750000e+03 7.702538085937500000e+03 7.702855957031250000e+03 7.703173828125000000e+03 7.703491699218750000e+03 7.703809570312500000e+03 7.704127441406250000e+03 7.704445312500000000e+03 7.704762695312500000e+03 7.705080566406250000e+03 7.705398437500000000e+03 7.705716308593750000e+03 7.706034179687500000e+03 7.706352050781250000e+03 7.706669921875000000e+03 7.706987304687500000e+03 7.707305175781250000e+03 7.707623046875000000e+03 7.707940917968750000e+03 7.708258789062500000e+03 7.708576660156250000e+03 7.708894042968750000e+03 7.709211914062500000e+03 7.709529785156250000e+03 7.709847656250000000e+03 7.710165039062500000e+03 7.710482910156250000e+03 7.710800781250000000e+03 7.711118652343750000e+03 7.711436035156250000e+03 7.711753906250000000e+03 7.712071777343750000e+03 7.712389160156250000e+03 7.712707031250000000e+03 7.713024902343750000e+03 7.713342285156250000e+03 7.713660156250000000e+03 7.713978027343750000e+03 7.714295410156250000e+03 7.714613281250000000e+03 7.714931152343750000e+03 7.715248535156250000e+03 7.715566406250000000e+03 7.715883789062500000e+03 7.716201660156250000e+03 7.716519042968750000e+03 7.716836914062500000e+03 7.717154785156250000e+03 7.717472167968750000e+03 7.717790039062500000e+03 7.718111328125000000e+03 7.718429199218750000e+03 7.718746582031250000e+03 7.719064453125000000e+03 7.719381835937500000e+03 7.719699707031250000e+03 7.720017089843750000e+03 7.720334960937500000e+03 7.720652343750000000e+03 7.720970214843750000e+03 7.721287597656250000e+03 7.721605468750000000e+03 7.721922851562500000e+03 7.722240234375000000e+03
7.692408203125000000e+03 7.692726074218750000e+03 7.693043945312500000e+03 7.693361816406250000e+03 7.693679687500000000e+03 7.693998046875000000e+03 7.694315917968750000e+03 7.694633789062500000e+03 7.694951660156250000e+03 7.695269531250000000e+03 7.695587402343750000e+03 7.695905273437500000e+03 7.696223632812500000e+03 7.696541503906250000e+03 7.696859375000000000e+03 7.697177246093750000e+03 7.697495117187500000e+03 7.697816894531250000e+03 7.698134765625000000e+03 7.698452636718750000e+03 7.698770507812500000e+03 7.699088378906250000e+03 7.699406250000000000e+03 7.699724121093750000e+03 7.700041992187500000e+03 7.700359863281250000e+03 7.700677734375000000e+03 7.700995605468750000e+03 7.701313476562500000e+03 7.701631347656250000e+03 7.701949218750000000e+03 7.702267089843750000e+03 7.702584960937500000e+03 7.702902832031250000e+03 7.703220703125000000e+03 7.703538574218750000e+03 7.703856445312500000e+03 7.704174316406250000e+03 7.704492187500000000e+03 7.704809570312500000e+03 7.705127441406250000e+03 7.705445312500000000e+03 7.705763183593750000e+03 7.706081054687500000e+03 7.706398925781250000e+03 7.706716796875000000e+03 7.707034179687500000e+03 7.707352050781250000e+03 7.707669921875000000e+03 7.707987792968750000e+03 7.708305664062500000e+03 7.708623535156250000e+03 7.708940917968750000e+03 7.709258789062500000e+03 7.709576660156250000e+03 7.709894531250000000e+03 7.710211914062500000e+03 7.710529785156250000e+03 7.710847656250000000e+03 7.711165527343750000e+03 7.711482910156250000e+03 7.711800781250000000e+03 7.712118652343750000e+03 7.712436035156250000e+03 7.712753906250000000e+03 7.713071777343750000e+03 7.713389160156250000e+03 7.713707031250000000e+03 7.714024902343750000e+03 7.714342285156250000e+03 7.714660156250000000e+03 7.714978027343750000e+03 7.715295410156250000e+03 7.715613281250000000e+03 7.715930664062500000e+03 7.716248535156250000e+03 7.716565917968750000e+03 7.716883789062500000e+03 7.717201660156250000e+03 7.717519042968750000e+03 7.717836914062500000e+03 7.718154296875000000e+03 7.718472167968750000e+03 7.718789550781250000e+03 7.719107421875000000e+03 7.719424804687500000e+03 7.719746582031250000e+03 7.720063964843750000e+03 7.720381835937500000e+03 7.720699218750000000e+03 7.721017089843750000e+03 7.721334472656250000e+03 7.721652343750000000e+03 7.721969726562500000e+03 7.722287109375000000e+03
7.692455078125000000e+03 7.692772949218750000e+03 7.693090820312500000e+03 7.693408691406250000e+03 7.693726562500000000e+03 7.694044921875000000e+03 7.694362792968750000e+03 7.694680664062500000e+03 7.694998535156250000e+03 7.695316406250000000e+03 7.695634277343750000e+03 7.695952148437500000e+03 7.696270507812500000e+03 7.696588378906250000e+03 7.696906250000000000e+03 7.697224121093750000e+03 7.697541992187500000e+03 7.697859863281250000e+03 7.698177734375000000e+03 7.698495605468750000e+03 7.698813476562500000e+03 7.699131347656250000e+03 7.699449218750000000e+03 7.699767089843750000e+03 7.700084960937500000e+03 7.700402832031250000e+03 7.700720703125000000e+03 7.701038574218750000e+03 7.701356445312500000e+03 7.701674316406250000e+03 7.701992187500000000e+03 7.702310058593750000e+03 7.702627929687500000e+03 7.702945800781250000e+03 7.703263671875000000e+03 7.703581542968750000e+03 7.703899414062500000e+03 7.704217285156250000e+03 7.704535156250000000e+03 7.704852539062500000e+03 7.705170410156250000e+03 7.705488281250000000e+03 7.705806152343750000e+03 7.706124023437500000e+03 7.706441894531250000e+03 7.706759765625000000e+03 7.707077148437500000e+03 7.707395019531250000e+03 7.707712890625000000e+03 7.708030761718750000e+03 7.708348632812500000e+03 7.708666503906250000e+03 7.708983886718750000e+03 7.709301757812500000e+03 7.709619628906250000e+03 7.709937500000000000e+03 7.710254882812500000e+03 7.710572753906250000e+03 7.710890625000000000e+03 7.711208496093750000e+03 7.711525878906250000e+03 7.711847656250000000e+03 7.712165527343750000e+03 7.712482910156250000e+03 7.712800781250000000e+03 7.713118652343750000e+03 7.713436035156250000e+03 7.713753906250000000e+03 7.714071777343750000e+03 7.714389160156250000e+03 7.714707031250000000e+03 7.715024902343750000e+03 7.715342285156250000e+03 7.715660156250000000e+03 7.715977539062500000e+03 7.716295410156250000e+03 7.716612792968750000e+03 7.716930664062500000e+03 7.717248535156250000e+03 7.717565917968750000e+03 7.717883789062500000e+03 7.718201171875000000e+03 7.718519042968750000e+03 7.718836425781250000e+03 7.719154296875000000e+03 7.719471679687500000e+03 7.719789550781250000e+03 7.720106933593750000e+03 7.720424804687500000e+03 7.720742187500000000e+03 7.721060058593750000e+03 7.721377441406250000e+03 7.721695312500000000e+03 7.722012695312500000e+03 7.722330078125000000e+03
7.692498046875000000e+03 7.692815917968750000e+03 7.693133789062500000e+03 7.693451660156250000e+03 7.693769531250000000e+03 7.694087890625000000e+03 7.694405761718750000e+03 7.694723632812500000e+03 7.695041503906250000e+03 7.695359375000000000e+03 7.695677246093750000e+03 7.695995117187500000e+03 7.696313476562500000e+03 7.696631347656250000e+03 7.696949218750000000e+03 7.697267089843750000e+03 7.697584960937500000e+03 7.697902832031250000e+03 7.698220703125000000e+03 7.698538574218750000e+03 7.698856445312500000e+03 7.699174316406250000e+03 7.699492187500000000e+03 7.699810058593750000e+03 7.700127929687500000e+03 7.700445800781250000e+03 7.700763671875000000e+03 7.701081542968750000e+03 7.701399414062500000e+03 7.701721191406250000e+03 7.702039062500000000e+03 7.702356933593750000e+03 7.702674804687500000e+03 7.702992675781250000e+03 7.703310546875000000e+03 7.703628417968750000e+03 7.703946289062500000e+03 7.704264160156250000e+03 7.704582031250000000e+03 7.704899414062500000e+03 7.705217285156250000e+03 7.705535156250000000e+03 7.705853027343750000e+03 7.706170898437500000e+03 7.706488769531250000e+03 7.706806640625000000e+03 7.707124023437500000e+03 7.707441894531250000e+03 7.707759765625000000e+03 7.708077636718750000e+03 7.708395507812500000e+03 7.708713378906250000e+03 7.709030761718750000e+03 7.709348632812500000e+03 7.709666503906250000e+03 7.709984375000000000e+03 7.710301757812500000e+03 7.710619628906250000e+03 7.710937500000000000e+03 7.711255371093750000e+03 7.711572753906250000e+03 7.711890625000000000e+03 7.712208496093750000e+03 7.712525878906250000e+03 7.712843750000000000e+03 7.713161621093750000e+03 7.713479003906250000e+03 7.713796875000000000e+03 7.714114746093750000e+03 7.714432128906250000e+03 7.714750000000000000e+03 7.715067871093750000e+03 7.715385253906250000e+03 7.715703125000000000e+03 7.716020507812500000e+03 7.716338378906250000e+03 7.716655761718750000e+03 7.716973632812500000e+03 7.717291503906250000e+03 7.717608886718750000e+03 7.717926757812500000e+03 7.718244140625000000e+03 7.718562011718750000e+03 7.718879394531250000e+03 7.719197265625000000e+03 7.719514648437500000e+03 7.719832519531250000e+03 7.720149902343750000e+03 7.720467773437500000e+03 7.720785156250000000e+03 7.721103027343750000e+03 7.721420410156250000e+03 7.721738281250000000e+03 7.722055664062500000e+03 7.722373046875000000e+03
7.692544921875000000e+03 7.692862792968750000e+03 7.693180664062500000e+03 7.693498535156250000e+03 7.693816406250000000e+03 7.694134765625000000e+03 7.694452636718750000e+03 7.694770507812500000e+03 7.695088378906250000e+03 7.695406250000000000e+03 7.695724121093750000e+03 7.696041992187500000e+03 7.696360351562500000e+03 7.696678222656250000e+03 7.696996093750000000e+03 7.697313964843750000e+03 7.697631835937500000e+03 7.697949707031250000e+03 7.698267578125000000e+03 7.698585449218750000e+03 7.698903320312500000e+03 7.699221191406250000e+03 7.699539062500000000e+03 7.699856933593750000e+03 7.700174804687500000e+03 7.700492675781250000e+03 7.700810546875000000e+03 7.701128417968750000e+03 7.701446289062500000e+03 7.701764160156250000e+03 7.702082031250000000e+03 7.702399902343750000e+03 7.702717773437500000e+03 7.703035644531250000e+03 7.703353515625000000e+03 7.703671386718750000e+03 7.703989257812500000e+03 7.704307128906250000e+03 7.704625000000000000e+03 7.704942382812500000e+03 7.705260253906250000e+03 7.705578125000000000e+03 7.705895996093750000e+03 7.706213867187500000e+03 7.706531738281250000e+03 7.706849609375000000e+03 7.707166992187500000e+03 7.707484863281250000e+03 7.707802734375000000e+03 7.708120605468750000e+03 7.708438476562500000e+03 7.708760253906250000e+03 7.709077636718750000e+03 7.709395507812500000e+03 7.709713378906250000e+03 7.710031250000000000e+03 7.710348632812500000e+03 7.710666503906250000e+03 7.710984375000000000e+03 7.711302246093750000e+03 7.711619628906250000e+03 7.711937500000000000e+03 7.712255371093750000e+03 7.712572753906250000e+03 7.712890625000000000e+03 7.713208496093750000e+03 7.713525878906250000e+03 7.713843750000000000e+03 7.714161621093750000e+03 7.714479003906250000e+03 7.714796875000000000e+03 7.715114746093750000e+03 7.715432128906250000e+03 7.715750000000000000e+03 7.716067382812500000e+03 7.716385253906250000e+03 7.716702636718750000e+03 7.717020507812500000e+03 7.717338378906250000e+03 7.717655761718750000e+03 7.717973632812500000e+03 7.718291015625000000e+03 7.718608886718750000e+03 7.718926269531250000e+03 7.719244140625000000e+03 7.719561523437500000e+03 7.719879394531250000e+03 7.720196777343750000e+03 7.720514648437500000e+03 7.720832031250000000e+03 7.721149902343750000e+03 7.721467285156250000e+03 7.721785156250000000e+03 7.722102539062500000e+03 7.722419921875000000e+03
7.692587890625000000e+03 7.692905761718750000e+03 7.693223632812500000e+03 7.693541503906250000e+03 7.693859375000000000e+03 7.694177734375000000e+03 7.694495605468750000e+03 7.694813476562500000e+03 7.695131347656250000e+03 7.695449218750000000e+03 7.695767089843750000e+03 7.696084960937500000e+03 7.696403320312500000e+03 7.696721191406250000e+03 7.697039062500000000e+03 7.697360839843750000e+03 7.697678710937500000e+03 7.697996582031250000e+03 7.698314453125000000e+03 7.698632324218750000e+03 7.698950195312500000e+03 7.699268066406250000e+03 7.699585937500000000e+03 7.699903808593750000e+03 7.700221679687500000e+03 7.700539550781250000e+03 7.700857421875000000e+03 7.701175292968750000e+03 7.701493164062500000e+03 7.701811035156250000e+03 7.702128906250000000e+03 7.702446777343750000e+03 7.702764648437500000e+03 7.703082519531250000e+03 7.703400390625000000e+03 7.703718261718750000e+03 7.704036132812500000e+03 7.704354003906250000e+03 7.704671875000000000e+03 7.704989257812500000e+03 7.705307128906250000e+03 7.705625000000000000e+03 7.705942871093750000e+03 7.706260742187500000e+03 7.706578613281250000e+03 7.706896484375000000e+03 7.707213867187500000e+03 7.707531738281250000e+03 7.707849609375000000e+03 7.708167480468750000e+03 7.708485351562500000e+03 7.708803222656250000e+03 7.709120605468750000e+03 7.709438476562500000e+03 7.709756347656250000e+03 7.710074218750000000e+03 7.710391601562500000e+03 7.710709472656250000e+03 7.711027343750000000e+03 7.711345214843750000e+03 7.711662597656250000e+03 7.711980468750000000e+03 7.712298339843750000e+03 7.712615722656250000e+03 7.712933593750000000e+03 7.713251464843750000e+03 7.713568847656250000e+03 7.713886718750000000e+03 7.714204589843750000e+03 7.714521972656250000e+03 7.714839843750000000e+03 7.715157714843750000e+03 7.715475097656250000e+03 7.715792968750000000e+03 7.716110351562500000e+03 7.716428222656250000e+03 7.716745605468750000e+03 7.717063476562500000e+03 7.717381347656250000e+03 7.717702636718750000e+03 7.718020507812500000e+03 7.718337890625000000e+03 7.718655761718750000e+03 7.718973144531250000e+03 7.719291015625000000e+03 7.719608398437500000e+03 7.719926269531250000e+03 7.720243652343750000e+03 7.720561523437500000e+03 7.720878906250000000e+03 7.721196777343750000e+03 7.721514160156250000e+03 7.721832031250000000e+03 7.722149414062500000e+03 7.722466796875000000e+03
7.692630859375000000e+03 7.692952636718750000e+03 7.693270507812500000e+03 7.693588378906250000e+03 7.693906250000000000e+03 7.694224609375000000e+03 7.694542480468750000e+03 7.694860351562500000e+03 7.695178222656250000e+03 7.695496093750000000e+03 7.695813964843750000e+03 7.696131835937500000e+03 7.696450195312500000e+03 7.696768066406250000e+03 7.697085937500000000e+03 7.697403808593750000e+03 7.697721679687500000e+03 7.698039550781250000e+03 7.698357421875000000e+03 7.698675292968750000e+03 7.698993164062500000e+03 7.699311035156250000e+03 7.699628906250000000e+03 7.699946777343750000e+03 7.700264648437500000e+03 7.700582519531250000e+03 7.700900390625000000e+03 7.701218261718750000e+03 7.701536132812500000e+03 7.701854003906250000e+03 7.702171875000000000e+03 7.702489746093750000e+03 7.702807617187500000e+03 7.703125488281250000e+03 7.703443359375000000e+03 7.703761230468750000e+03 7.704079101562500000e+03 7.704396972656250000e+03 7.704714843750000000e+03 7.705032226562500000e+03 7.705350097656250000e+03 7.705667968750000000e+03 7.705985839843750000e+03 7.706303710937500000e+03 7.706621582031250000e+03 7.706939453125000000e+03 7.707256835937500000e+03 7.707574707031250000e+03 7.707892578125000000e+03 7.708210449218750000e+03 7.708528320312500000e+03 7.708846191406250000e+03 7.709163574218750000e+03 7.709481445312500000e+03 7.709799316406250000e+03 7.710117187500000000e+03 7.710434570312500000e+03 7.710752441406250000e+03 7.711070312500000000e+03 7.711388183593750000e+03 7.711705566406250000e+03 7.712023437500000000e+03 7.712345214843750000e+03 7.712662597656250000e+03 7.712980468750000000e+03 7.713298339843750000e+03 7.713615722656250000e+03 7.713933593750000000e+03 7.714251464843750000e+03 7.714568847656250000e+03 7.714886718750000000e+03 7.715204589843750000e+03 7.715521972656250000e+03 7.715839843750000000e+03 7.716157226562500000e+03 7.716475097656250000e+03 7.716792480468750000e+03 7.717110351562500000e+03 7.717428222656250000e+03 7.717745605468750000e+03 7.718063476562500000e+03 7.718380859375000000e+03 7.718698730468750000e+03 7.719016113281250000e+03 7.719333984375000000e+03 7.719651367187500000e+03 7.719969238281250000e+03 7.720286621093750000e+03 7.720604492187500000e+03 7.720921875000000000e+03 7.721239746093750000e+03 7.721557128906250000e+03 7.721875000000000000e+03 7.722192382812500000e+03 7.722509765625000000e+03
7.692677734375000000e+03 7.692995605468750000e+03 7.693313476562500000e+03 7.693631347656250000e+03 7.693949218750000000e+03 7.694267578125000000e+03 7.694585449218750000e+03 7.694903320312500000e+03 7.695221191406250000e+03 7.695539062500000000e+03 7.695856933593750000e+03 7.696174804687500000e+03 7.696493164062500000e+03 7.696811035156250000e+03 7.697128906250000000e+03 7.697446777343750000e+03 7.697764648437500000e+03 7.698082519531250000e+03 7.698400390625000000e+03 7.698718261718750000e+03 7.699036132812500000e+03 7.699354003906250000e+03 7.699671875000000000e+03 7.699989746093750000e+03 7.700307617187500000e+03 7.700629394531250000e+03 7.700947265625000000e+03 7.701265136718750000e+03 7.701583007812500000e+03 7.701900878906250000e+03 7.702218750000000000e+03 7.702536621093750000e+03 7.702854492187500000e+03 7.703172363281250000e+03 7.703490234375000000e+03 7.703808105468750000e+03 7.704125976562500000e+03 7.704443847656250000e+03 7.704761718750000000e+03 7.705079101562500000e+03 7.705396972656250000e+03 7.705714843750000000e+03 7.706032714843750000e+03 7.706350585937500000e+03 7.706668457031250000e+03 7.706986328125000000e+03 7.707303710937500000e+03 7.707621582031250000e+03 7.707939453125000000e+03 7.708257324218750000e+03 7.708575195312500000e+03 7.708893066406250000e+03 7.709210449218750000e+03 7.709528320312500000e+03 7.709846191406250000e+03 7.710164062500000000e+03 7.710481445312500000e+03 7.710799316406250000e+03 7.711117187500000000e+03 7.711435058593750000e+03 7.711752441406250000e+03 7.712070312500000000e+03 7.712388183593750000e+03 7.712705566406250000e+03 7.713023437500000000e+03 7.713341308593750000e+03 7.713658691406250000e+03 7.713976562500000000e+03 7.714294433593750000e+03 7.714611816406250000e+03 7.714929687500000000e+03 7.715247558593750000e+03 7.715564941406250000e+03 7.715882812500000000e+03 7.716200195312500000e+03 7.716518066406250000e+03 7.716835449218750000e+03 7.717153320312500000e+03 7.717471191406250000e+03 7.717788574218750000e+03 7.718106445312500000e+03 7.718423828125000000e+03 7.718741699218750000e+03 7.719059082031250000e+03 7.719376953125000000e+03 7.719694335937500000e+03 7.720016113281250000e+03 7.720333496093750000e+03 7.720651367187500000e+03 7.720968750000000000e+03 7.721286621093750000e+03 7.721604003906250000e+03 7.721921875000000000e+03 7.722239257812500000e+03 7.722556640625000000e+03
7.692724609375000000e+03 7.693042480468750000e+03 7.693360351562500000e+03 7.693678222656250000e+03 7.693996093750000000e+03 7.694314453125000000e+03 7.694632324218750000e+03 7.694950195312500000e+03 7.695268066406250000e+03 7.695585937500000000e+03 7.695903808593750000e+03 7.696221679687500000e+03 7.696540039062500000e+03 7.696857910156250000e+03 7.697175781250000000e+03 7.697493652343750000e+03 7.697811523437500000e+03 7.698129394531250000e+03 7.698447265625000000e+03 7.698765136718750000e+03 7.699083007812500000e+03 7.699400878906250000e+03 7.699718750000000000e+03 7.700036621093750000e+03 7.700354492187500000e+03 7.700672363281250000e+03 7.700990234375000000e+03 7.701308105468750000e+03 7.701625976562500000e+03 7.701943847656250000e+03 7.702261718750000000e+03 7.702579589843750000e+03 7.702897460937500000e+03 7.703215332031250000e+03 7.703533203125000000e+03 7.703851074218750000e+03 7.704168945312500000e+03 7.704486816406250000e+03 7.704804687500000000e+03 7.705122070312500000e+03 7.705439941406250000e+03 7.705761718750000000e+03 7.706079589843750000e+03 7.706397460937500000e+03 7.706715332031250000e+03 7.707033203125000000e+03 7.707350585937500000e+03 7.707668457031250000e+03 7.707986328125000000e+03 7.708304199218750000e+03 7.708622070312500000e+03 7.708939941406250000e+03 7.709257324218750000e+03 7.709575195312500000e+03 7.709893066406250000e+03 7.710210937500000000e+03 7.710528320312500000e+03 7.710846191406250000e+03 7.711164062500000000e+03 7.711481933593750000e+03 7.711799316406250000e+03 7.712117187500000000e+03 7.712435058593750000e+03 7.712752441406250000e+03 7.713070312500000000e+03 7.713388183593750000e+03 7.713705566406250000e+03 7.714023437500000000e+03 7.714341308593750000e+03 7.714658691406250000e+03 7.714976562500000000e+03 7.715294433593750000e+03 7.715611816406250000e+03 7.715929687500000000e+03 7.716247070312500000e+03 7.716564941406250000e+03 7.716882324218750000e+03 7.717200195312500000e+03 7.717518066406250000e+03 7.717835449218750000e+03 7.718153320312500000e+03 7.718470703125000000e+03 7.718788574218750000e+03 7.719105957031250000e+03 7.719423828125000000e+03 7.719741210937500000e+03 7.720059082031250000e+03 7.720376464843750000e+03 7.720694335937500000e+03 7.721011718750000000e+03 7.721329589843750000e+03 7.721646972656250000e+03 7.721964843750000000e+03 7.722282226562500000e+03 7.722599609375000000e+03
7.692767578125000000e+03 7.693085449218750000e+03 7.693403320312500000e+03 7.693721191406250000e+03 7.694039062500000000e+03 7.694357421875000000e+03 7.694675292968750000e+03 7.694997070312500000e+03 7.695314941406250000e+03 7.695632812500000000e+03 7.695950683593750000e+03 7.696268554687500000e+03 7.696586914062500000e+03 7.696904785156250000e+03 7.697222656250000000e+03 7.697540527343750000e+03 7.697858398437500000e+03 7.698176269531250000e+03 7.698494140625000000e+03 7.698812011718750000e+03 7.699129882812500000e+03 7.699447753906250000e+03 7.699765625000000000e+03 7.700083496093750000e+03 7.700401367187500000e+03 7.700719238281250000e+03 7.701037109375000000e+03 7.701354980468750000e+03 7.701672851562500000e+03 7.701990722656250000e+03 7.702308593750000000e+03 7.702626464843750000e+03 7.702944335937500000e+03 7.703262207031250000e+03 7.703580078125000000e+03 7.703897949218750000e+03 7.704215820312500000e+03 7.704533691406250000e+03 7.704851562500000000e+03 7.705168945312500000e+03 7.705486816406250000e+03 7.705804687500000000e+03 7.706122558593750000e+03 7.706440429687500000e+03 7.706758300781250000e+03 7.707076171875000000e+03 7.707393554687500000e+03 7.707711425781250000e+03 7.708029296875000000e+03 7.708347167968750000e+03 7.708665039062500000e+03 7.708982910156250000e+03 7.709300292968750000e+03 7.709618164062500000e+03 7.709936035156250000e+03 7.710253906250000000e+03 7.710571289062500000e+03 7.710889160156250000e+03 7.711207031250000000e+03 7.711524902343750000e+03 7.711842285156250000e+03 7.712160156250000000e+03 7.712478027343750000e+03 7.712795410156250000e+03 7.713113281250000000e+03 7.713435058593750000e+03 7.713752441406250000e+03 7.714070312500000000e+03 7.714388183593750000e+03 7.714705566406250000e+03 7.715023437500000000e+03 7.715341308593750000e+03 7.715658691406250000e+03 7.715976562500000000e+03 7.716293945312500000e+03 7.716611816406250000e+03 7.716929199218750000e+03 7.717247070312500000e+03 7.717564941406250000e+03 7.717882324218750000e+03 7.718200195312500000e+03 7.718517578125000000e+03 7.718835449218750000e+03 7.719152832031250000e+03 7.719470703125000000e+03 7.719788085937500000e+03 7.720105957031250000e+03 7.720423339843750000e+03 7.720741210937500000e+03 7.721058593750000000e+03 7.721376464843750000e+03 7.721693847656250000e+03 7.722011718750000000e+03 7.722329101562500000e+03 7.722646484375000000e+03
7.692814453125000000e+03 7.693132324218750000e+03 7.693450195312500000e+03 7.693768066406250000e+03 7.694085937500000000e+03 7.694404296875000000e+03 7.694722167968750000e+03 7.695040039062500000e+03 7.695357910156250000e+03 7.695675781250000000e+03 7.695993652343750000e+03 7.696311523437500000e+03 7.696629882812500000e+03 7.696947753906250000e+03 7.697265625000000000e+03 7.697583496093750000e+03 7.697901367187500000e+03 7.698219238281250000e+03 7.698537109375000000e+03 7.698854980468750000e+03 7.699172851562500000e+03 7.699490722656250000e+03 7.699808593750000000e+03 7.700126464843750000e+03 7.700444335937500000e+03 7.700762207031250000e+03 7.701080078125000000e+03 7.701397949218750000e+03 7.701715820312500000e+03 7.702037597656250000e+03 7.702355468750000000e+03 7.702673339843750000e+03 7.702991210937500000e+03 7.703309082031250000e+03 7.703626953125000000e+03 7.703944824218750000e+03 7.704262695312500000e+03 7.704580566406250000e+03 7.704898437500000000e+03 7.705215820312500000e+03 7.705533691406250000e+03 7.705851562500000000e+03 7.706169433593750000e+03 7.706487304687500000e+03 7.706805175781250000e+03 7.707123046875000000e+03 7.707440429687500000e+03 7.707758300781250000e+03 7.708076171875000000e+03 7.708394042968750000e+03 7.708711914062500000e+03 7.709029785156250000e+03 7.709347167968750000e+03 7.709665039062500000e+03 7.709982910156250000e+03 7.710300781250000000e+03 7.710618164062500000e+03 7.710936035156250000e+03 7.711253906250000000e+03 7.711571777343750000e+03 7.711889160156250000e+03 7.712207031250000000e+03 7.712524902343750000e+03 7.712842285156250000e+03 7.713160156250000000e+03 7.713478027343750000e+03 7.713795410156250000e+03 7.714113281250000000e+03 7.714431152343750000e+03 7.714748535156250000e+03 7.715066406250000000e+03 7.715384277343750000e+03 7.715701660156250000e+03 7.716019531250000000e+03 7.716336914062500000e+03 7.716654785156250000e+03 7.716972167968750000e+03 7.717290039062500000e+03 7.717607910156250000e+03 7.717925292968750000e+03 7.718243164062500000e+03 7.718560546875000000e+03 7.718878417968750000e+03 7.719195800781250000e+03 7.719513671875000000e+03 7.719831054687500000e+03 7.720148925781250000e+03 7.720470214843750000e+03 7.720788085937500000e+03 7.721105468750000000e+03 7.721423339843750000e+03 7.721740722656250000e+03 7.722058593750000000e+03 7.722375976562500000e+03 7.722693359375000000e+03
7.692861328125000000e+03 7.693179199218750000e+03 7.693497070312500000e+03 7.693814941406250000e+03 7.694132812500000000e+03 7.694451171875000000e+03 7.694769042968750000e+03 7.695086914062500000e+03 7.695404785156250000e+03 7.695722656250000000e+03 7.696040527343750000e+03 7.696358398437500000e+03 7.696676757812500000e+03 7.696994628906250000e+03 7.697312500000000000e+03 7.697630371093750000e+03 7.697948242187500000e+03 7.698266113281250000e+03 7.698583984375000000e+03 7.698901855468750000e+03 7.699219726562500000e+03 7.699537597656250000e+03 7.699855468750000000e+03 7.700173339843750000e+03 7.700491210937500000e+03 7.700809082031250000e+03 7.701126953125000000e+03 7.701444824218750000e+03 7.701762695312500000e+03 7.702080566406250000e+03 7.702398437500000000e+03 7.702716308593750000e+03 7.703034179687500000e+03 7.703352050781250000e+03 7.703669921875000000e+03 7.703987792968750000e+03 7.704305664062500000e+03 7.704623535156250000e+03 7.704945312500000000e+03 7.705262695312500000e+03 7.705580566406250000e+03 7.705898437500000000e+03 7.706216308593750000e+03 7.706534179687500000e+03 7.706852050781250000e+03 7.707169921875000000e+03 7.707487304687500000e+03 7.707805175781250000e+03 7.708123046875000000e+03 7.708440917968750000e+03 7.708758789062500000e+03 7.709076660156250000e+03 7.709394042968750000e+03 7.709711914062500000e+03 7.710029785156250000e+03 7.710347656250000000e+03 7.710665039062500000e+03 7.710982910156250000e+03 7.711300781250000000e+03 7.711618652343750000e+03 7.711936035156250000e+03 7.712253906250000000e+03 7.712571777343750000e+03 7.712889160156250000e+03 7.713207031250000000e+03 7.713524902343750000e+03 7.713842285156250000e+03 7.714160156250000000e+03 7.714478027343750000e+03 7.714795410156250000e+03 7.715113281250000000e+03 7.715431152343750000e+03 7.715748535156250000e+03 7.716066406250000000e+03 7.716383789062500000e+03 7.716701660156250000e+03 7.717019042968750000e+03 7.717336914062500000e+03 7.717654785156250000e+03 7.717972167968750000e+03 7.718290039062500000e+03 7.718607421875000000e+03 7.718925292968750000e+03 7.719242675781250000e+03 7.719560546875000000e+03 7.719877929687500000e+03 7.720195800781250000e+03 7.720513183593750000e+03 7.720831054687500000e+03 7.721148437500000000e+03 7.721466308593750000e+03 7.721783691406250000e+03 7.722101562500000000e+03 7.722418945312500000e+03 7.722736328125000000e+03
7.692904296875000000e+03 7.693222167968750000e+03 7.693540039062500000e+03 7.693857910156250000e+03 7.694175781250000000e+03 7.694494140625000000e+03 7.694812011718750000e+03 7.695129882812500000e+03 7.695447753906250000e+03 7.695765625000000000e+03 7.696083496093750000e+03 7.696401367187500000e+03 7.696719726562500000e+03 7.697037597656250000e+03 7.697355468750000000e+03 7.697673339843750000e+03 7.697991210937500000e+03 7.698309082031250000e+03 7.698626953125000000e+03 7.698944824218750000e+03 7.699262695312500000e+03 7.699580566406250000e+03 7.699898437500000000e+03 7.700216308593750000e+03 7.700534179687500000e+03 7.700852050781250000e+03 7.701169921875000000e+03 7.701487792968750000e+03 7.701805664062500000e+03 7.702123535156250000e+03 7.702441406250000000e+03 7.702759277343750000e+03 7.703077148437500000e+03 7.703395019531250000e+03 7.703712890625000000e+03 7.704030761718750000e+03 7.704348632812500000e+03 7.704666503906250000e+03 7.704984375000000000e+03 7.705301757812500000e+03 7.705623535156250000e+03 7.705941406250000000e+03 7.706259277343750000e+03 7.706577148437500000e+03 7.706895019531250000e+03 7.707212890625000000e+03 7.707530273437500000e+03 7.707848144531250000e+03 7.708166015625000000e+03 7.708483886718750000e+03 7.708801757812500000e+03 7.709119628906250000e+03 7.709437011718750000e+03 7.709754882812500000e+03 7.710072753906250000e+03 7.710390625000000000e+03 7.710708007812500000e+03 7.711025878906250000e+03 7.711343750000000000e+03 7.711661621093750000e+03 7.711979003906250000e+03 7.712296875000000000e+03 7.712614746093750000e+03 7.712932128906250000e+03 7.713250000000000000e+03 7.713567871093750000e+03 7.713885253906250000e+03 7.714203125000000000e+03 7.714520996093750000e+03 7.714838378906250000e+03 7.715156250000000000e+03 7.715474121093750000e+03 7.715791503906250000e+03 7.716109375000000000e+03 7.716426757812500000e+03 7.716744628906250000e+03 7.717062011718750000e+03 7.717379882812500000e+03 7.717697753906250000e+03 7.718015136718750000e+03 7.718333007812500000e+03 7.718650390625000000e+03 7.718968261718750000e+03 7.719285644531250000e+03 7.719603515625000000e+03 7.719920898437500000e+03 7.720238769531250000e+03 7.720556152343750000e+03 7.720874023437500000e+03 7.721191406250000000e+03 7.721509277343750000e+03 7.721826660156250000e+03 7.722144531250000000e+03 7.722461914062500000e+03 7.722779296875000000e+03
7.692947265625000000e+03 7.693265136718750000e+03 7.693583007812500000e+03 7.693900878906250000e+03 7.694218750000000000e+03 7.694537109375000000e+03 7.694854980468750000e+03 7.695172851562500000e+03 7.695490722656250000e+03 7.695808593750000000e+03 7.696126464843750000e+03 7.696444335937500000e+03 7.696762695312500000e+03 7.697080566406250000e+03 7.697398437500000000e+03 7.697716308593750000e+03 7.698034179687500000e+03 7.698352050781250000e+03 7.698669921875000000e+03 7.698987792968750000e+03 7.699305664062500000e+03 7.699623535156250000e+03 7.699941406250000000e+03 7.700259277343750000e+03 7.700581054687500000e+03 7.700898925781250000e+03 7.701216796875000000e+03 7.701534667968750000e+03 7.701852539062500000e+03 7.702170410156250000e+03 7.702488281250000000e+03 7.702806152343750000e+03 7.703124023437500000e+03 7.703441894531250000e+03 7.703759765625000000e+03 7.704077636718750000e+03 7.704395507812500000e+03 7.704713378906250000e+03 7.705031250000000000e+03 7.705348632812500000e+03 7.705666503906250000e+03 7.705984375000000000e+03 7.706302246093750000e+03 7.706620117187500000e+03 7.706937988281250000e+03 7.707255859375000000e+03 7.707573242187500000e+03 7.707891113281250000e+03 7.708208984375000000e+03 7.708526855468750000e+03 7.708844726562500000e+03 7.709162597656250000e+03 7.709479980468750000e+03 7.709797851562500000e+03 7.710115722656250000e+03 7.710433593750000000e+03 7.710750976562500000e+03 7.711068847656250000e+03 7.711386718750000000e+03 7.711704589843750000e+03 7.712021972656250000e+03 7.712339843750000000e+03 7.712657714843750000e+03 7.712975097656250000e+03 7.713292968750000000e+03 7.713610839843750000e+03 7.713928222656250000e+03 7.714246093750000000e+03 7.714563964843750000e+03 7.714881347656250000e+03 7.715199218750000000e+03 7.715517089843750000e+03 7.715834472656250000e+03 7.716152343750000000e+03 7.716469726562500000e+03 7.716787597656250000e+03 7.717104980468750000e+03 7.717422851562500000e+03 7.717740722656250000e+03 7.718062011718750000e+03 7.718379882812500000e+03 7.718697265625000000e+03 7.719015136718750000e+03 7.719332519531250000e+03 7.719650390625000000e+03 7.719967773437500000e+03 7.720285644531250000e+03 7.720603027343750000e+03 7.720920898437500000e+03 7.721238281250000000e+03 7.721556152343750000e+03 7.721873535156250000e+03 7.722191406250000000e+03 7.722508789062500000e+03 7.722826171875000000e+03
7.692994140625000000e+03 7.693312011718750000e+03 7.693629882812500000e+03 7.693947753906250000e+03 7.694265625000000000e+03 7.694583984375000000e+03 7.694901855468750000e+03 7.695219726562500000e+03 7.695537597656250000e+03 7.695855468750000000e+03 7.696173339843750000e+03 7.696491210937500000e+03 7.696809570312500000e+03 7.697127441406250000e+03 7.697445312500000000e+03 7.697763183593750000e+03 7.698081054687500000e+03 7.698398925781250000e+03 7.698716796875000000e+03 7.699034667968750000e+03 7.699352539062500000e+03 7.699670410156250000e+03 7.699988281250000000e+03 7.700306152343750000e+03 7.700624023437500000e+03 7.700941894531250000e+03 7.701259765625000000e+03 7.701577636718750000e+03 7.701895507812500000e+03 7.702213378906250000e+03 7.702531250000000000e+03 7.702849121093750000e+03 7.703166992187500000e+03 7.703484863281250000e+03 7.703802734375000000e+03 7.704120605468750000e+03 7.704438476562500000e+03 7.704756347656250000e+03 7.705074218750000000e+03 7.705391601562500000e+03 7.705709472656250000e+03 7.706027343750000000e+03 7.706345214843750000e+03 7.706663085937500000e+03 7.706980957031250000e+03 7.707298828125000000e+03 7.707616210937500000e+03 7.707934082031250000e+03 7.708251953125000000e+03 7.708569824218750000e+03 7.708887695312500000e+03 7.709205566406250000e+03 7.709522949218750000e+03 7.709844726562500000e+03 7.710162597656250000e+03 7.710480468750000000e+03 7.710797851562500000e+03 7.711115722656250000e+03 7.711433593750000000e+03 7.711751464843750000e+03 7.712068847656250000e+03 7.712386718750000000e+03 7.712704589843750000e+03 7.713021972656250000e+03 7.713339843750000000e+03 7.713657714843750000e+03 7.713975097656250000e+03 7.714292968750000000e+03 7.714610839843750000e+03 7.714928222656250000e+03 7.715246093750000000e+03 7.715563964843750000e+03 7.715881347656250000e+03 7.716199218750000000e+03 7.716516601562500000e+03 7.716834472656250000e+03 7.717151855468750000e+03 7.717469726562500000e+03 7.717787597656250000e+03 7.718104980468750000e+03 7.718422851562500000e+03 7.718740234375000000e+03 7.719058105468750000e+03 7.719375488281250000e+03 7.719693359375000000e+03 7.720010742187500000e+03 7.720328613281250000e+03 7.720645996093750000e+03 7.720963867187500000e+03 7.721281250000000000e+03 7.721599121093750000e+03 7.721916503906250000e+03 7.722234375000000000e+03 7.722551757812500000e+03 7.722869140625000000e+03
7.693037109375000000e+03 7.693354980468750000e+03 7.693672851562500000e+03 7.693990722656250000e+03 7.694308593750000000e+03 7.694626953125000000e+03 7.694948730468750000e+03 7.695266601562500000e+03 7.695584472656250000e+03 7.695902343750000000e+03 7.696220214843750000e+03 7.696538085937500000e+03 7.696856445312500000e+03 7.697174316406250000e+03 7.697492187500000000e+03 7.697810058593750000e+03 7.698127929687500000e+03 7.698445800781250000e+03 7.698763671875000000e+03 7.699081542968750000e+03 7.699399414062500000e+03 7.699717285156250000e+03 7.700035156250000000e+03 7.700353027343750000e+03 7.700670898437500000e+03 7.700988769531250000e+03 7.701306640625000000e+03 7.701624511718750000e+03 7.701942382812500000e+03 7.702260253906250000e+03 7.702578125000000000e+03 7.702895996093750000e+03 7.703213867187500000e+03 7.703531738281250000e+03 7.703849609375000000e+03 7.704167480468750000e+03 7.704485351562500000e+03 7.704803222656250000e+03 7.705121093750000000e+03 7.705438476562500000e+03 7.705756347656250000e+03 7.706074218750000000e+03 7.706392089843750000e+03 7.706709960937500000e+03 7.707027832031250000e+03 7.707345703125000000e+03 7.707663085937500000e+03 7.707980957031250000e+03 7.708298828125000000e+03 7.708616699218750000e+03 7.708934570312500000e+03 7.709252441406250000e+03 7.709569824218750000e+03 7.709887695312500000e+03 7.710205566406250000e+03 7.710523437500000000e+03 7.710840820312500000e+03 7.711158691406250000e+03 7.711476562500000000e+03 7.711798339843750000e+03 7.712115722656250000e+03 7.712433593750000000e+03 7.712751464843750000e+03 7.713068847656250000e+03 7.713386718750000000e+03 7.713704589843750000e+03 7.714021972656250000e+03 7.714339843750000000e+03 7.714657714843750000e+03 7.714975097656250000e+03 7.715292968750000000e+03 7.715610839843750000e+03 7.715928222656250000e+03 7.716246093750000000e+03 7.716563476562500000e+03 7.716881347656250000e+03 7.717198730468750000e+03 7.717516601562500000e+03 7.717834472656250000e+03 7.718151855468750000e+03 7.718469726562500000e+03 7.718787109375000000e+03 7.719104980468750000e+03 7.719422363281250000e+03 7.719740234375000000e+03 7.720057617187500000e+03 7.720375488281250000e+03 7.720692871093750000e+03 7.721010742187500000e+03 7.721328125000000000e+03 7.721645996093750000e+03 7.721963378906250000e+03 7.722281250000000000e+03 7.722598632812500000e+03 7.722916015625000000e+03
7.693083984375000000e+03 7.693405761718750000e+03 7.693723632812500000e+03 7.694041503906250000e+03 7.694359375000000000e+03 7.694677734375000000e+03 7.694995605468750000e+03 7.695313476562500000e+03 7.695631347656250000e+03 7.695949218750000000e+03 7.696267089843750000e+03 7.696584960937500000e+03 7.696903320312500000e+03 7.697221191406250000e+03 7.697539062500000000e+03 7.697856933593750000e+03 7.698174804687500000e+03 7.698492675781250000e+03 7.698810546875000000e+03 7.699128417968750000e+03 7.699446289062500000e+03 7.699764160156250000e+03 7.700082031250000000e+03 7.700399902343750000e+03 7.700717773437500000e+03 7.701035644531250000e+03 7.701353515625000000e+03 7.701671386718750000e+03 7.701989257812500000e+03 7.702307128906250000e+03 7.702625000000000000e+03 7.702942871093750000e+03 7.703260742187500000e+03 7.703578613281250000e+03 7.703896484375000000e+03 7.704214355468750000e+03 7.704532226562500000e+03 7.704850097656250000e+03 7.705167968750000000e+03 7.705485351562500000e+03 7.705803222656250000e+03 7.706121093750000000e+03 7.706438964843750000e+03 7.706756835937500000e+03 7.707074707031250000e+03 7.707392578125000000e+03 7.707709960937500000e+03 7.708027832031250000e+03 7.708345703125000000e+03 7.708663574218750000e+03 7.708981445312500000e+03 7.709299316406250000e+03 7.709620605468750000e+03 7.709938476562500000e+03 7.710256347656250000e+03 7.710574218750000000e+03 7.710891601562500000e+03 7.711209472656250000e+03 7.711527343750000000e+03 7.711845214843750000e+03 7.712162597656250000e+03 7.712480468750000000e+03 7.712798339843750000e+03 7.713115722656250000e+03 7.713433593750000000e+03 7.713751464843750000e+03 7.714068847656250000e+03 7.714386718750000000e+03 7.714704589843750000e+03 7.715021972656250000e+03 7.715339843750000000e+03 7.715657714843750000e+03 7.715975097656250000e+03 7.716292968750000000e+03 7.716610351562500000e+03 7.716928222656250000e+03 7.717245605468750000e+03 7.717563476562500000e+03 7.717881347656250000e+03 7.718198730468750000e+03 7.718516601562500000e+03 7.718833984375000000e+03 7.719151855468750000e+03 7.719469238281250000e+03 7.719787109375000000e+03 7.720104492187500000e+03 7.720422363281250000e+03 7.720739746093750000e+03 7.721057617187500000e+03 7.721375000000000000e+03 7.721692871093750000e+03 7.722010253906250000e+03 7.722328125000000000e+03 7.722645507812500000e+03 7.722962890625000000e+03
7.693138671875000000e+03 7.693456542968750000e+03 7.693774414062500000e+03 7.694092285156250000e+03 7.694410156250000000e+03 7.694728515625000000e+03 7.695046386718750000e+03 7.695364257812500000e+03 7.695682128906250000e+03 7.696000000000000000e+03 7.696317871093750000e+03 7.696635742187500000e+03 7.696954101562500000e+03 7.697271972656250000e+03 7.697589843750000000e+03 7.697907714843750000e+03 7.698225585937500000e+03 7.698543457031250000e+03 7.698861328125000000e+03 7.699179199218750000e+03 7.699497070312500000e+03 7.699814941406250000e+03 7.700132812500000000e+03 7.700450683593750000e+03 7.700768554687500000e+03 7.701086425781250000e+03 7.701404296875000000e+03 7.701722167968750000e+03 7.702040039062500000e+03 7.702357910156250000e+03 7.702675781250000000e+03 7.702993652343750000e+03 7.703311523437500000e+03 7.703629394531250000e+03 7.703951171875000000e+03 7.704269042968750000e+03 7.704586914062500000e+03 7.704904785156250000e+03 7.705222656250000000e+03 7.705540039062500000e+03 7.705857910156250000e+03 7.706175781250000000e+03 7.706493652343750000e+03 7.706811523437500000e+03 7.707129394531250000e+03 7.707447265625000000e+03 7.707764648437500000e+03 7.708082519531250000e+03 7.708400390625000000e+03 7.708718261718750000e+03 7.709036132812500000e+03 7.709354003906250000e+03 7.709671386718750000e+03 7.709989257812500000e+03 7.710307128906250000e+03 7.710625000000000000e+03 7.710942382812500000e+03 7.711260253906250000e+03 7.711578125000000000e+03 7.711895996093750000e+03 7.712213378906250000e+03 7.712531250000000000e+03 7.712849121093750000e+03 7.713166503906250000e+03 7.713484375000000000e+03 7.713802246093750000e+03 7.714119628906250000e+03 7.714437500000000000e+03 7.714755371093750000e+03 7.715072753906250000e+03 7.715390625000000000e+03 7.715708496093750000e+03 7.716025878906250000e+03 7.716343750000000000e+03 7.716661132812500000e+03 7.716979003906250000e+03 7.717296386718750000e+03 7.717614257812500000e+03 7.717932128906250000e+03 7.718249511718750000e+03 7.718567382812500000e+03 7.718884765625000000e+03 7.719202636718750000e+03 7.719520019531250000e+03 7.719837890625000000e+03 7.720159179687500000e+03 7.720477050781250000e+03 7.720794433593750000e+03 7.721112304687500000e+03 7.721429687500000000e+03 7.721747558593750000e+03 7.722064941406250000e+03 7.722382812500000000e+03 7.722700195312500000e+03 7.723017578125000000e+03
7.693193359375000000e+03 7.693511230468750000e+03 7.693829101562500000e+03 7.694146972656250000e+03 7.694464843750000000e+03 7.694783203125000000e+03 7.695101074218750000e+03 7.695418945312500000e+03 7.695736816406250000e+03 7.696054687500000000e+03 7.696372558593750000e+03 7.696690429687500000e+03 7.697008789062500000e+03 7.697326660156250000e+03 7.697644531250000000e+03 7.697962402343750000e+03 7.698280273437500000e+03 7.698598144531250000e+03 7.698916015625000000e+03 7.699233886718750000e+03 7.699551757812500000e+03 7.699869628906250000e+03 7.700187500000000000e+03 7.700505371093750000e+03 7.700823242187500000e+03 7.701141113281250000e+03 7.701458984375000000e+03 7.701776855468750000e+03 7.702094726562500000e+03 7.702412597656250000e+03 7.702730468750000000e+03 7.703048339843750000e+03 7.703366210937500000e+03 7.703684082031250000e+03 7.704001953125000000e+03 7.704319824218750000e+03 7.704637695312500000e+03 7.704955566406250000e+03 7.705277343750000000e+03 7.705594726562500000e+03 7.705912597656250000e+03 7.706230468750000000e+03 7.706548339843750000e+03 7.706866210937500000e+03 7.707184082031250000e+03 7.707501953125000000e+03 7.707819335937500000e+03 7.708137207031250000e+03 7.708455078125000000e+03 7.708772949218750000e+03 7.709090820312500000e+03 7.709408691406250000e+03 7.709726074218750000e+03 7.710043945312500000e+03 7.710361816406250000e+03 7.710679687500000000e+03 7.710997070312500000e+03 7.711314941406250000e+03 7.711632812500000000e+03 7.711950683593750000e+03 7.712268066406250000e+03 7.712585937500000000e+03 7.712903808593750000e+03 7.713221191406250000e+03 7.713539062500000000e+03 7.713856933593750000e+03 7.714174316406250000e+03 7.714492187500000000e+03 7.714810058593750000e+03 7.715127441406250000e+03 7.715445312500000000e+03 7.715763183593750000e+03 7.716080566406250000e+03 7.716398437500000000e+03 7.716715820312500000e+03 7.717033691406250000e+03 7.717351074218750000e+03 7.717668945312500000e+03 7.717986816406250000e+03 7.718304199218750000e+03 7.718622070312500000e+03 7.718939453125000000e+03 7.719257324218750000e+03 7.719574707031250000e+03 7.719892578125000000e+03 7.720209960937500000e+03 7.720527832031250000e+03 7.720845214843750000e+03 7.721163085937500000e+03 7.721484375000000000e+03 7.721802246093750000e+03 7.722119628906250000e+03 7.722437500000000000e+03 7.722754882812500000e+03 7.723072265625000000e+03
7.693240234375000000e+03 7.693558105468750000e+03 7.693875976562500000e+03 7.694193847656250000e+03 7.694511718750000000e+03 7.694830078125000000e+03 7.695147949218750000e+03 7.695465820312500000e+03 7.695783691406250000e+03 7.696101562500000000e+03 7.696419433593750000e+03 7.696737304687500000e+03 7.697059570312500000e+03 7.697377441406250000e+03 7.697695312500000000e+03 7.698013183593750000e+03 7.698331054687500000e+03 7.698648925781250000e+03 7.698966796875000000e+03 7.699284667968750000e+03 7.699602539062500000e+03 7.699920410156250000e+03 7.700238281250000000e+03 7.700556152343750000e+03 7.700874023437500000e+03 7.701191894531250000e+03 7.701509765625000000e+03 7.701827636718750000e+03 7.702145507812500000e+03 7.702463378906250000e+03 7.702781250000000000e+03 7.703099121093750000e+03 7.703416992187500000e+03 7.703734863281250000e+03 7.704052734375000000e+03 7.704370605468750000e+03 7.704688476562500000e+03 7.705006347656250000e+03 7.705324218750000000e+03 7.705641601562500000e+03 7.705959472656250000e+03 7.706277343750000000e+03 7.706595214843750000e+03 7.706913085937500000e+03 7.707230957031250000e+03 7.707548828125000000e+03 7.707866210937500000e+03 7.708184082031250000e+03 7.708501953125000000e+03 7.708819824218750000e+03 7.709137695312500000e+03 7.709455566406250000e+03 7.709772949218750000e+03 7.710090820312500000e+03 7.710408691406250000e+03 7.710726562500000000e+03 7.711043945312500000e+03 7.711361816406250000e+03 7.711679687500000000e+03 7.711997558593750000e+03 7.712314941406250000e+03 7.712632812500000000e+03 7.712954589843750000e+03 7.713271972656250000e+03 7.713589843750000000e+03 7.713907714843750000e+03 7.714225097656250000e+03 7.714542968750000000e+03 7.714860839843750000e+03 7.715178222656250000e+03 7.715496093750000000e+03 7.715813964843750000e+03 7.716131347656250000e+03 7.716449218750000000e+03 7.716766601562500000e+03 7.717084472656250000e+03 7.717401855468750000e+03 7.717719726562500000e+03 7.718037597656250000e+03 7.718354980468750000e+03 7.718672851562500000e+03 7.718990234375000000e+03 7.719308105468750000e+03 7.719625488281250000e+03 7.719943359375000000e+03 7.720260742187500000e+03 7.720578613281250000e+03 7.720895996093750000e+03 7.721213867187500000e+03 7.721531250000000000e+03 7.721849121093750000e+03 7.722166503906250000e+03 7.722484375000000000e+03 7.722801757812500000e+03 7.723119140625000000e+03
