-3.388682030399817080e+00 -3.286488438713571991e+00 -1.480696042798950618e+00 1.165430638715905864e+01 -1.599758201976649730e+01 4.550059079267258610e+00 -1.606597349360344751e+01 3.428881516489821646e+00 -6.810141145521123818e+00 -1.670549443882359242e+01 8.789172625596295418e+00 -1.821041601174335511e+01 -1.007372518643512826e+01 -1.315191687278750976e+01 -5.076190631398832309e+00 -1.573714640959261146e+01 1.103315331888122142e+00 8.749362372330862669e+00 1.098934361923866732e+01 8.947912722664247198e+00 -9.112214779342478366e+00 -5.670212891100279151e+00 1.669173685850817712e-01 -2.858470579175361959e+00 -7.384135873848814313e+00 -2.610424979855073246e+01 -8.701959864633678876e+00 1.266442852449686018e+00 -3.992587150748310165e+00 1.999519922728046950e+01 -3.632781532070429620e+01 -1.951286049128490419e+01 -1.696955256965407699e+01 5.395481739106243069e+00 1.074884679427709600e+01 -1.359460938435788968e+01 -2.982439333692119110e+00 2.684027574570496899e+00 -1.520518218356001761e-01 -1.093259214708885985e+00 -1.068935149838453569e+01 -1.320673861258500636e+01 -1.773316869868770240e+01 -1.615669717110396775e+01 3.137240419783279943e+00 -5.958830934627394882e+00 -7.424117112431865451e+00 -1.415045292873024962e+01 -2.620304569929091443e+00 6.803580417392696589e+00 -1.497431213727584876e+01 1.109249247428386731e+01 1.633878376138097277e+00 -2.978755573502663268e+01 -1.348981832013662174e+00 -4.851954773588795788e-01 1.048163607963222077e+01 -4.870400030784544754e+00 -2.740202039291612124e+01 -2.067599006101838555e+01 -1.875214070231072938e+01 1.375874806159015140e+00 -1.386196838989049063e+01 -1.659543079190275350e+01 -2.467623933664260250e-01 4.481935564517275594e+00 -1.900417405728701326e+01 -3.280651612908488168e+00 7.424486475734536128e+00 3.376209841233048348e+00 1.090540666299699701e+01 1.023014872935732100e+01 4.922113105270991440e+00 -8.597807335343027546e+00 1.854108234357525831e+01 4.602187949008765600e+00 -2.609037359691950275e+00 -6.327930860916739064e+00 3.039980686821510236e+00 -7.908049313156762850e+00 -3.356108524381454128e+00 9.076292513244824889e+00 2.285229938434215402e+00 -1.445845168440415307e+01 -4.768066944305018318e-01 -6.533832473168477151e+00 -1.123121072855320968e+01 -1.274019067983656228e+01 -1.179890926552364405e+01 -1.143180459163695151e+00 9.588243250662998207e+00 -4.825003693965503437e+00 1.143519650379392161e+01 -1.125923409059110725e+01 -4.993923129071566436e+00
1.265430456524758895e+01 -1.012707345275707160e+00 2.639478280528111398e-01 6.742291077799391630e-01 -8.199243135708902841e+00 2.063075098373302652e+01 -2.376035668678495139e+00 6.408054921139658688e+00 2.622188402617168013e+00 7.556250361597477649e+00 1.281746837484373458e+01 -2.607767956456582681e+01 -1.738524493097240509e+01 -2.421002068105712368e+01 -1.138650063419565228e+01 -4.855910477241662804e+00 -9.022323722946934410e-02 -8.348808774731917737e+00 2.751276159753431205e+00 4.276092835584373475e+00 -1.826439389950216041e+00 -1.435103904894201854e+01 -8.845509087671139525e+00 -4.808225455818650573e+00 4.564686620688789276e+00 -4.429011655284844196e+00 5.421580293534189465e-01 -1.977152047351537334e+01 -3.160610957198845483e+01 -1.783227175235674755e+00 -1.865626536750708775e+00 -1.287498647531409013e+01 -7.484987414018553054e+00 2.545452762853891659e+00 2.865764821043689015e+00 9.640238936202569775e+00 4.448433383048138623e+00 -5.802364431147088553e+00 2.324945920713298531e+00 1.801246733492138219e+01 1.398680941976426695e+01 -1.148788056176486982e+01 5.845243827079351639e-01 1.202103838763176036e+01 -1.424784877149128492e+00 3.235857696135946870e+00 1.006117709938240345e+01 -1.166612032229044082e-01 1.663777102712933331e+00 -6.715073504797354431e+00 -1.274321816155146614e+01 -7.825150415961573458e+00 3.877866354628503931e+00 -4.821590745245166509e+00 -1.653094793922528449e+00 1.817722780091443013e+01 -1.072378922796447398e+01 6.618292815447786026e+00 -8.173529258852525459e+00 3.137243991269780263e+00 5.814399398054504786e+00 1.019142120730676382e+01 -1.054216034388488232e+01 -6.330306725421394276e+00 -1.325527352014872262e+00 -3.635931159968800674e+00 -3.063223643169983745e+01 1.312075387509018309e+00 -1.494230820345301147e+01 -2.947472468092915410e+00 -1.598685856120076920e+01 -3.052654298724877258e-01 -3.390715563249941500e+00 2.330237184310993470e+01 4.023005843070473375e+00 -6.547513458428657174e+00 5.189419310978003352e+00 -1.875841861509066177e+01 6.924771449118066968e+00 8.537417993805869187e+00 -7.298776670233436903e+00 -5.279613535277986713e+00 -2.071760852207262005e+01 1.008509197224009668e+00 5.678672324639642000e+00 -1.562193782450923862e+01 4.031740756724554231e+00 -1.334624959097319952e+01 1.276405170956557633e+01 -2.452607081270648237e+01 -5.091543477294298015e+00 7.036938581551979155e+00 -1.479508887780393955e+01 -9.713855663381171013e+00 -2.096816016957574025e+00
-3.943667354399524427e+00 -1.024184911040011414e+01 -1.013103465317169238e+01 -6.807893881420830517e+00 -6.096934665987602031e+00 -7.740168099969096716e+00 6.105353455308321742e+00 -9.927018423157540905e-01 1.789891326879786693e+00 2.738745620503280076e+00 -1.593501861031648659e+01 -1.414154669442585188e+01 1.661664928551662612e+01 -2.408527786548629734e+01 -1.011071856685997972e+01 3.339825643224750618e+00 -5.106009690215925545e+00 -6.307735334163265151e+00 1.372235241067806655e+01 -1.408083794054570959e+01 8.242707724553202553e+00 -1.817955761125382708e+01 -1.962269749220693527e+01 -6.405413830901153460e+00 -5.072820801777040423e-01 2.072333656470018681e+01 9.840122349623170450e-01 -5.638805973359612977e-01 4.366831021491607956e+00 -2.912883084792606159e+00 -9.673030273177309013e+00 -8.053586922985934038e+00 3.103460082628491268e+00 -7.239707596889839891e+00 -1.840480364494652932e+01 -9.853505899460323292e+00 -2.041573612415616168e+01 1.112924800453776797e+01 -2.036175916310658351e+01 3.183387524885664899e+00 -5.865231395229066891e+00 9.882073211812105740e+00 1.522776691678421557e+01 -6.556531819117495274e+00 3.711330177287358811e+00 -6.751060054176054592e-01 -1.858981962874488048e+01 1.234607826290528010e+01 5.198607363406011928e+00 3.199049854272789428e+00 5.206358752737601847e+00 5.374819778196893161e-01 -9.926049519115920816e+00 3.904401370563950202e-01 -1.469728405475593824e+01 1.958303393144490911e+01 -1.510986824572186826e+01 7.965917306937690512e+00 -9.158221923706435064e+00 -1.589151232854335571e+00 2.743378150420730410e+00 -1.253989342063691836e+01 -1.780659325608330956e+00 -3.104084179150688882e+01 -1.391103307553008595e+00 1.028064463330702516e+01 -5.447512386488885028e+00 -1.102924440197168821e+01 -1.116023170718761648e+01 -2.881629948885111503e+01 -1.728881922057803067e+01 6.069050524012244985e-01 1.514853359638201269e+01 4.500078035124367659e+00 -3.209228049498752622e+00 -3.587452922831712687e+00 1.826562081194132769e+00 1.476340869775674136e+01 -4.661284410361485442e+00 -2.626277701104580142e+00 1.102486892843115296e+00 2.965563176431822878e+00 -3.593953109613599040e-01 -1.689352722206296065e+01 -2.033960390535639107e+01 -3.446967039812503408e+00 5.347853637034651442e+00 1.667789470846611266e+01 1.021688406716715125e+00 -1.480474959173274918e+01 -7.072484020355457091e+00 -1.894054096376496688e+01 -5.053543184910891384e+00 8.223990749116190102e+00 -1.576515472825813502e+00
1.871393951190453819e+01 -5.477167609984771701e+00 -2.191945877653480590e+00 2.782785555978142256e-01 1.424314838821729712e+00 -1.400156091481073339e+00 1.485482082490507949e-02 6.026720256741015191e+00 -8.486604698747708397e+00 -2.789400541290938840e+00 1.133128633774042715e+00 -6.521857765304478249e+00 -1.347592774380651548e+01 6.319216187750238412e-01 6.575280625129216183e-01 -1.053115292999572894e+01 -1.276022325536859192e+01 -2.493381547938004772e+01 -1.598427894477573297e+01 -8.078978066775865940e-01 -2.612888948999367855e+01 -5.976952671904161463e+00 -2.241787214213032176e+00 -8.606886289343986363e+00 -1.068346815319477727e+01 6.446414681297669702e+00 1.258859118849043224e+00 -1.412403906571666212e+01 6.774309249295017210e+00 1.412007900946855443e+01 -1.205436279547092582e+01 -1.368475755902416680e+01 -9.153822506633048306e+00 3.787835559638583760e-01 -3.687438394849637646e+00 -6.559227316568914112e+00 -1.452869882411728852e+01 4.308879550905288625e+00 -3.408597842557602675e+00 -2.104345729623843475e+00 -3.341891313346131653e+00 -5.630696199605944585e-02 -1.870155036488372957e+01 -8.345195646875843920e+00 -2.486549283850485015e+00 1.501127590227389064e-01 1.744005130734534337e+00 6.506597637411362101e+00 -3.510920783626097830e+00 5.030492937294829048e+00 3.676890322718674664e+00 4.533192027025041426e-01 -4.646939320190301537e+00 -6.126938078689361689e+00 -2.747857711581014772e+00 4.797542092674914826e+00 -1.060799578395339182e+01 -1.109040140240112926e+01 1.759755968352486821e+00 -5.469726562302321682e-01 7.017996135221087783e+00 9.416763967383511513e+00 1.795606567900728034e+00 -1.818136718868262491e+01 7.408822990493133531e+00 1.607907038367410113e+00 4.880073255019251377e+00 2.570977849342737098e+00 -2.609024310086261789e+00 1.769653822248020258e+00 -1.489046124543985528e+01 -1.375553933650677685e+01 -2.701205853285425729e+00 1.196747334200213331e+01 -5.983836815093690475e-02 9.846903737528426959e+00 -2.778540080045730498e+00 -1.019485124656015707e+00 6.930722088294299255e+00 6.391843206849625147e+00 -1.759479158705626212e+00 -5.243873756722074120e+00 6.356135828261628262e+00 5.871042443780920550e-01 -6.469908116932128195e+00 -4.433810549577101412e+00 -1.166084869312531680e+01 -9.599623399938417290e-01 5.741329244439931756e+00 -2.468844715195162820e+01 -6.153376782999884220e+00 -1.504507976629520272e+01 -6.889498390225767821e+00 -7.599978887563485941e+00 -1.418418725882062681e+01
-1.590255390206678499e+00 -1.569369656719953099e+01 -1.185827259218389607e+01 -1.689373194642390530e+01 -1.051488546898748666e+01 1.868464464332797004e+00 -6.862693370482815247e+00 9.494600686931928379e+00 -5.291749890031404391e+00 -9.268411163316130796e+00 8.270965245510517150e+00 6.406524671909248347e-01 4.980868872442659523e+00 1.701256291742400339e+00 1.129083404613443697e+01 6.029500899926274471e+00 9.407907598460417020e+00 -1.132609483892288793e+01 3.121721958957394794e+00 5.816320177018246440e+00 -2.434123506485319055e+00 9.239633404865136512e+00 -1.398495578064629763e+00 -4.711901762864195931e+00 2.419961415120295722e+00 -1.459048752996012688e+01 -1.746475239041856042e+01 -4.687666818727578288e+00 -2.486258722677539978e+01 7.464417735355301176e+00 -8.257338664324517907e+00 1.252381419662851236e+01 -1.100579175811391641e+00 -9.335562265372709945e+00 -8.124866147128237515e+00 3.038180928090854049e+00 6.605176855994399077e+00 -4.420432797516841816e+00 -1.539190560346861858e+01 -7.046923863544543032e-01 2.897455399782736141e+00 4.392584593557460337e+00 -1.492991290324621012e+01 -8.134820372253754428e+00 3.972140104255803994e+00 1.537752904112607411e+01 -2.540200178139310871e+00 -1.396070145337541568e+01 2.886050824218096889e+00 -3.328182508897265279e+01 -1.446005749019782849e+00 -7.534382570636578791e+00 1.403265363919474495e+01 -7.246013492995448502e+00 -1.459190416965091330e+01 2.227000778920790935e+01 9.430552604620627832e-01 -2.353883963162275883e+00 -8.822448554495819550e+00 -1.167650360745765603e+01 -1.965714704076090769e+01 3.094283451298832421e+00 -1.102479835183135215e+01 4.888864795351388182e+00 1.591043673695540672e+00 6.245415765532442265e+00 -5.898795918934819582e+00 -1.570323751758314179e+00 -8.560941329413266132e+00 -5.464339407897519152e+00 -1.163770542276020592e+01 -2.536689991818098022e+01 -7.851847495632005014e-01 -1.514948826649698432e+01 1.972665033723730232e+01 -2.905674118668137851e+00 -1.897238812669585073e+01 -5.156198732543503027e+00 3.038568209484296734e+00 1.473990890283856547e+00 -1.026704463696718861e+01 -1.304612019629725062e-01 -9.906289471270748326e-01 -6.961398725594817094e+00 -5.046057118424734256e+00 -3.554694003315730377e-01 -2.714786597114998035e+00 2.342891630923351176e+00 6.566217843004244159e+00 9.989783144731354980e+00 -1.336215273650322644e+01 -6.637752467374660625e+00 4.160263385640488032e-01 1.251111680731420428e-01 -9.007962891073951539e+00
-3.847447265279896556e+00 -3.415114165494034459e+00 -1.048676603600616764e+00 3.242390981103339787e+00 -7.432403429429168540e+00 -2.021117005256376231e+01 -6.246253148942845002e+00 -5.063308820009471134e+00 -4.751109252847003361e+00 6.349981631133381654e+00 -1.264295215913036508e+01 2.539550381505401244e+00 1.396913133222195214e+01 -1.405566780613145816e+01 -4.540833220233750467e+00 -3.029478988247663374e+00 3.820496111061169042e+00 2.851778062638111511e+00 -8.102231109507645357e+00 2.371014634543501742e+01 -4.949891716019324761e+00 -6.210133973077551772e-01 2.599980154050693937e+00 2.401213614980419742e-01 -2.407396478942297691e+00 -7.960127945591388254e+00 -6.141209591832597070e+00 -4.712416917634797642e+00 1.031819146409944921e+01 -1.673874587674609771e+01 -7.203260163236043567e+00 -6.639938160542882883e+00 -1.072090459056455103e+01 5.562064680030411878e+00 -5.373503778308677425e+00 -8.506884166025532323e+00 -8.574935938087142162e+00 5.792650788418670871e+00 1.996491939772145674e+00 -8.039653946662204120e+00 6.340501461568446295e-01 -1.855451009933976270e+00 1.145093725730607304e+01 -1.333762942381714645e+01 -2.157989502688724315e+01 -7.232761781976105198e+00 -9.777483555267199478e+00 -1.135835346690331704e+01 -3.612177879766444555e+00 -1.733172251965382493e-01 -8.341344652482698407e-01 -1.324586529800793500e+00 -1.029269677270456818e+01 1.348205769311793034e+01 -7.072587463567220567e+00 -1.305641145194823061e+01 -2.982509192745051774e+00 1.645914003694465055e+00 -2.023754867064672425e+01 4.003368618347332486e+00 4.156573416880418037e-01 -1.788912720544627577e+00 -3.728352385218193454e+00 1.364605147588403256e+01 1.583641276860799962e+01 -1.466631207342306453e+01 -6.974762427357001471e+00 -9.028213596159414323e+00 -4.532511866992385841e+00 -1.271812633412219284e+01 -1.511656980575113529e+01 -7.275157993219011132e+00 -6.851080963258209700e+00 5.508198749388679261e+00 5.172594073615501387e+00 3.106513308259765349e+00 1.656371515705877595e+00 1.255142027931679749e+01 -1.074214254542351199e+01 -5.930990210212511826e+00 3.644280745426907497e+00 -1.151629466101874399e+01 3.647601910483396548e+00 -1.076994997036153734e+01 -6.395568560261785329e+00 -9.469443190466689586e+00 4.129799376310170800e+00 -1.007196106006672665e+01 -1.862004218980851888e+00 4.097056082801538324e+00 2.796695476394738034e+00 -2.689467223766131454e+00 -1.371452800526865268e+01 2.573379139345197242e+00 -1.148100480094775833e+01
4.553702018133396479e+00 -5.749559609993994513e+00 6.782548151487324262e+00 -3.892040805375773349e+00 -2.662287432344156546e+00 -1.327040516609662291e+01 -1.923957820917657102e+00 8.090583318051599804e+00 -1.709886641481678460e+00 5.008939774277583190e-01 -1.180431314575296042e+01 1.149276278533545437e+01 -1.437942701744395357e+01 1.174981830435130092e+01 -6.986437759301569628e+00 -2.606012382066003141e+01 -1.088553420876671840e+00 -4.518190597592829150e+00 -1.200172478795062503e+01 -1.608890266773784106e+01 -3.158129650930310284e-01 -3.202928244894017507e+00 -4.931974269884769058e+00 9.954522311711203386e+00 -3.071028426456660299e+00 -7.106184417434352696e+00 -1.833322550256372807e+01 -6.924600764805663111e+00 2.316044639817067097e+00 1.981402701094068686e+00 2.334284776785500615e+00 -5.527083486836845694e+00 1.641824736346042979e+00 -2.247607339524140357e+01 -6.364635041564944196e+00 1.975042578940773197e+01 3.634502634399300103e+00 -1.379300959449395236e+00 3.486475865199276658e+00 1.413705443186042388e+01 -3.060158112519473228e+00 1.690505429934981318e+00 5.911712524069136165e+00 -2.582039547803613555e+00 4.901392817128208179e+00 -9.609943744436968416e+00 2.043467865004060968e+01 -5.252076417035523193e+00 -4.159401096376531548e-01 1.419147314788349590e+01 2.002732693732768610e+01 7.106186728341096881e+00 2.176411108039446152e+00 7.348756878973771833e+00 -2.521178745077432382e+01 -2.404920038961276596e+00 1.076774472443265829e+01 -4.137541763674153827e+00 1.393691983788987443e+01 1.124253779033398004e+01 -2.873527366049754228e+00 2.732636881690988506e+00 5.037479923346694477e+00 1.087214527536685793e+01 -4.234817460207606743e+00 -1.884035498477656745e+01 -8.993313571764058878e-01 2.484925522511559848e+01 -1.051874971627439770e+01 7.212348961373278300e-01 -5.129171672814628380e+00 1.893658974943368545e+00 1.960202341945357674e+01 1.153535943854189227e+01 -1.654423537603713257e+01 -3.040674182938091441e+00 -1.649773541211917660e+00 -2.527097975284911868e+00 -5.493808621500750888e+00 -1.261831055429164472e+01 -1.579415948848654239e+01 -4.467077881664597960e+00 1.719411061710714339e+00 -5.202321355467014463e+00 -4.320841793236181339e+00 1.519517517697576992e+01 -4.977258603756425259e+00 3.576964630745401497e+00 4.006472062882417973e+00 -8.662682042969610308e+00 1.275949871112032774e+01 -1.535932835377392358e+01 -8.674691211577073346e+00 -1.146096146784635561e+00 8.870077329853465642e+00
1.135503890298153706e+01 -1.135711379624863326e+01 -4.569200086185740695e+00 -1.638001909994899563e+01 -1.433656020891297977e+01 1.336500949624896606e+01 2.218580763283141355e+00 3.527689172359765646e+00 -1.199401928684270402e+01 -1.066587556567513140e+00 -2.396376332454392255e+01 -8.248911550094129019e-01 8.367878201287943796e-01 1.467625409837989992e+01 -1.563135820594001579e+00 1.109251115622158501e-01 5.043662192405406586e+00 2.106886754392876426e+01 1.022296432842835401e+01 7.959517985841396026e+00 -7.352929063030810397e+00 -1.441640211347931855e+00 -4.503275183161773221e+00 -1.232130514211034900e+01 4.856515721704937505e+00 -6.748286384978740671e+00 2.049876171349521048e+00 -1.086277491713517129e+01 2.564661665001288782e-01 -2.046876114930467594e+01 -3.057659995358087190e+00 1.171953069529639180e+01 -6.277177765162857526e+00 -9.831203220042633362e+00 -1.090461116219119120e-01 -7.934580031544991030e+00 -4.786797738861464424e+00 2.099676686387634827e+00 -6.368610348142743405e+00 -8.183779494758237405e+00 -2.222962722272241365e+01 -1.736779764325250852e+01 -1.127254459912773576e+01 7.354047968867698515e-01 2.063716836843668023e+00 3.581558439710201824e-01 -6.835638708983885259e+00 -1.306534675460121475e+00 -1.694917089922623132e+00 1.289198495699937119e+01 -3.159210762690189078e+00 -1.008974454440266477e+01 -5.735512181466466686e+00 2.900385071172035811e+00 4.198435953468743875e+00 -1.008931737834037001e+01 4.310893529352654241e+00 -7.796548827211850607e+00 1.531710277971913925e+01 -3.122711343595141020e+00 -6.491829089844177503e+00 -2.237335172618984558e+01 1.206122803072071115e+01 -1.039606185838232655e+01 -8.788225022594229330e-01 -6.246720204345004746e+00 -2.391261613654959817e+01 -2.465798717279786167e+00 -6.465935688617844512e+00 -4.860862160158398559e+00 -8.615809872425913341e+00 -6.381089942578695329e+00 8.355790361605187400e+00 -1.437336427495097269e-01 5.648489681204859281e+00 -7.321052107654097085e+00 -5.651186279752971942e+00 -1.074246148676837187e+01 5.705596629133196096e-01 -5.598374897382420556e+00 -6.994707372042261895e+00 -5.814837457522905595e+00 -1.024085107662862626e+01 6.100317082384050238e+00 -1.273068558018750984e+01 1.077905616918114085e+01 -5.545528330016615826e-01 1.007948172806091769e+01 1.826373398937026948e+01 2.100359316219194472e+00 3.490366752428007313e+00 -8.294231457345033753e-01 4.376885597233648895e+00 8.971422465749478548e+00 -1.599137007317476211e+00
-6.441632792967011412e-02 -5.378281446568444757e+00 -1.174626960695940703e+01 9.798003904081170390e+00 6.931740467491202651e+00 1.198415207879548738e+01 -1.291238898423912929e+01 1.780954863450130876e+00 3.656222157613803869e+00 1.120339368500210142e+01 1.949905304983584831e+00 -5.340940787070412199e+00 4.772613488726507036e-01 1.150625855313528056e+01 -4.144575495067747362e+00 -1.504122299534182972e-02 -9.766977503268874372e-01 1.734088915574312662e+00 3.947734265513553442e+00 -1.014551361521637496e+01 1.879043451739602233e+01 -1.065958531286938182e+01 -1.058177105817139818e+01 -1.419045113477171549e+00 9.028317932604542406e+00 1.035747273687032255e+01 1.844247289878046558e+01 8.968658832348648247e-01 -7.618496046926258813e+00 -1.204243587821125594e+01 -6.005245708214561162e+00 1.520831467873301701e+00 -2.427823578784572334e+00 -2.409468340773398509e+01 -3.127211416575272018e+00 1.568174286549229191e+00 -1.083293239037949895e+01 -1.045623191456007284e+01 -1.309679459854984884e+01 7.747671702778163194e+00 1.417617932601282504e+01 7.534235593813926712e+00 -8.274755460301721044e+00 -7.206320090655774280e+00 1.527179112532199667e+01 1.830973746819511661e+01 9.467914428144633021e+00 -2.998983036042192740e+00 -1.782129948002932807e+01 4.212631956922823662e+00 1.230881955787842053e+01 -2.434360341186910581e+00 -1.043017169826486423e+01 -1.241062825094658706e-01 -7.638114550874908204e-02 -6.030687191199749719e+00 -5.208667544996451682e+00 -2.222207520194371355e+01 -3.929739687580606322e+00 -2.048454949204822029e+01 -9.943212064704946229e+00 -1.058164766682944880e+01 -4.143869508083149356e+00 6.699358211832821652e+00 -1.162934087718192089e+01 -8.968252003901251435e-01 -1.576449948806743251e+01 -3.342958519561834319e+00 -5.282411469440145169e+00 -7.240792084815996787e+00 -9.681664622988513713e+00 -1.157528815749676454e+01 -2.038317628324253405e+01 -1.698347687032182307e+01 -2.030054588385821646e+01 1.629155889814244862e+00 -1.214628125088443511e+01 6.293994670425950844e+00 3.548746819446671363e+00 -4.956739420422891840e+00 8.887097698280346236e+00 -6.024947064816840836e+00 -2.123117322541037666e+01 -8.741371473940075632e+00 -2.909962292248640559e+00 -4.075423500863215587e+00 -1.539020115135469347e+01 3.857002665023994137e+00 -9.338689337718275141e+00 7.795875651754831992e+00 -6.916457098471950893e-01 1.160344920743054509e+01 6.652871493483111465e+00 -6.149559587313801146e+00 1.049889130215469812e+01
-4.957617498583906546e+00 5.059111587664375520e-01 9.249879209647387412e+00 -1.667677418622703911e-01 8.059313835704369211e+00 7.202585389072948985e+00 3.844156308078488404e+00 -6.864440074131922920e+00 -1.782809236869528391e+01 -1.016082477650762073e+01 -1.000258111379057091e+01 1.080104162073336305e+01 -1.479061914882443762e+00 4.464698642793751837e-01 -4.947106704276535538e+00 -1.750072459668686875e+01 -8.451002553394570072e+00 2.122997187716932910e+00 9.303680052802363321e+00 1.480090869669161791e+01 7.826539843826905596e+00 1.095425395319977646e+01 -6.127617715097851026e+00 7.386787300356479236e+00 5.348491641494083737e+00 -1.402385523133860623e+01 -1.481868584709323589e+00 -2.539118206670124778e+00 1.207655509362154689e+01 -1.364547782158285649e+00 -1.614617182687297614e+01 -1.960918733893719068e+00 1.991731463889532705e+01 -1.551663060222085733e+01 -3.191019359335347971e+00 1.496001313544888855e+00 -2.240094258286692064e+00 1.994675328673580328e+00 -1.247111271616235051e+01 -6.805482631854841813e+00 -5.975282119446021944e+00 -1.110374463334582451e-01 -1.074543178435180302e+01 -1.728363995136346531e+01 6.188246881798610488e+00 1.054657927819780561e+01 4.612679508029012609e+00 -3.066598867273588880e-01 6.405373424172516650e+00 -4.377158953126813579e+00 1.927337767299695859e+00 -1.313756013765297581e+01 -1.635129501827839960e+01 -6.933893685444289190e+00 -1.778666941199602114e+00 1.151454215179753771e+00 3.148871098001758906e+00 -1.441363081242710997e+01 3.013326910861264363e+00 8.598702768560590570e+00 -5.509352237270981334e+00 -8.918423857141620559e+00 -1.041492194338995958e+01 1.304997400011744357e+00 -1.399719666116001093e+01 8.493740124482469511e+00 7.548205350801739932e-01 -6.965756378126355841e+00 2.490799219771282491e+00 6.352558999432238451e+00 -5.522160546577508100e+00 -1.366184431863170623e+01 -6.703858585546054627e+00 -1.058823383780517702e+01 2.859908465040130299e+00 2.681442146961491968e+00 1.211099830307359682e+01 -1.643357710652148196e+00 2.993561127474366312e+00 -1.961594549001113563e+01 -1.695663468225755466e+01 -1.611003339565318271e+01 -3.287787773288875570e+01 -7.551807264151317867e-01 -2.523119134752949932e+01 1.600812288771309611e+01 -1.880378394554439936e+01 -4.623802095954336444e+00 -4.704954988451216735e+00 9.280365919896473414e+00 -9.835041727810031276e+00 -7.603623533770833554e-01 -6.730681707710090222e+00 -3.385140301826070619e-01 -5.240133758795405328e+00
-1.828351600444602809e+01 -9.234249681514596020e+00 -9.398467968647583604e+00 2.913927191725965482e+00 -1.836691472792561086e+01 1.577244779056590573e+01 -1.271847789102792170e+01 -7.769682064788789866e-01 -8.838663243901612177e-02 -8.910008953408525834e-01 -1.555025371151799263e+01 1.873044554479994961e+00 -1.850037007511089016e+01 -6.078506851502714525e+00 -6.817644528212811750e+00 -1.394915569377487863e+01 6.850273097923539112e+00 -2.326540159054256662e+01 6.839978905242917406e+00 -8.143242026385456356e+00 -1.729679201955386958e+01 -1.810133118953629605e-01 -5.689015258617069470e-01 -1.413927861660853225e+01 -4.420276822428375496e+00 1.358602003040760309e+01 -4.001792130098998257e+00 -5.320769727447441255e+00 2.191901086203869298e+01 -1.959645709115185097e+00 -1.307351877416745634e+00 -1.258606094091443639e+00 -8.221206606286031615e+00 -1.437211131077604520e+01 2.670555862376292833e+00 3.296644662821966332e+00 -5.605616456867476671e+00 -1.430254242891771099e+01 -6.758361328655500877e+00 1.009582713840844193e+00 6.766763208278021580e+00 -1.363242239549875556e+01 -6.654701277663393810e+00 -2.586930546301546840e-01 1.116282439988693032e+00 -2.139515671326731372e+00 -5.820793525992726813e+00 6.242728516310632969e+00 2.572475062388763778e+00 -1.522778389680541089e+01 2.765751509557301802e+01 7.902488859163955937e+00 -1.203294212816089725e+01 -6.099942546356386330e+00 -1.886533793310177032e+01 -1.218080088512088111e+01 -1.308939045361596065e+01 -7.020678588217965199e+00 7.335461826988236567e+00 -1.350349959538466704e+00 -5.337903465463476493e+00 -2.168293095845250207e+00 -7.630835921281519774e+00 -4.495657645724815410e-01 4.941049539594377649e+00 1.581210298775064516e+01 -2.953009515844435384e+00 -1.308342754257323648e+01 4.754821794220184472e+00 -1.276769459314097865e+01 -1.286075848266830413e+01 -1.701049614422276646e+00 9.401909177701526232e+00 -1.320167509698648445e+01 1.145363979924652753e+01 -5.463022463428323761e+00 6.022198359774018073e+00 -5.773519921060250581e+00 -7.905432200903238282e+00 2.337448513722890642e+00 -1.082670072595197652e+01 -7.098177448614709562e+00 7.737498225727446055e+00 -1.378145398530665755e+00 4.227079363011840840e-01 -2.046604464683472457e+01 -6.754092725744389014e+00 -7.613423972763852632e+00 -6.464111370283369240e+00 2.057084980123924822e+01 -1.120137032989669379e+01 -1.259061647275940921e+01 -6.409116697630925508e+00 -7.477018010254443681e+00 -2.597015912977367691e+01
-1.035898641066250114e+01 5.001335275284226611e+00 1.891838752826806580e+00 1.882198971566080292e+00 -2.927124046992687134e+00 -3.969614046732129253e+00 -1.252520211910943004e+01 -9.905730542577650954e-01 1.165381679254552694e+01 -6.522752309183514008e+00 4.367477710188435225e+00 1.165999559151862286e+01 -1.268997001572667216e+01 8.830267078449516305e-02 -5.675720909440184592e+00 -5.592743846860191326e+00 -9.925445763358190732e+00 -1.503876043194546819e+00 -1.123112461469990642e+01 -1.520722576886541511e+01 1.062890565695711054e+01 -3.327146586080800716e+00 -1.572990884260756594e+01 -1.940219791228859902e+00 9.168892339449731921e+00 7.116811158418792971e+00 2.051422176490257154e+00 -8.735192288459135312e+00 1.341170808652827873e+01 3.100317008299769750e+00 -1.084334324823389428e+00 1.805145246998908437e+00 -4.212791485008293257e+00 5.999597615854208144e+00 -1.068562213140829620e+01 -1.722980236315119429e+00 -3.873575243380792621e+00 -1.361212073138558232e+01 2.353705913281109563e+00 -8.211892521824802671e+00 -5.125962397282145311e+00 1.344861124851520273e+01 2.569087007980290771e-01 5.414422676155508540e+00 -8.471106260394520859e+00 5.995821451391137202e+00 -1.310545799424910562e+01 -8.887785116659115303e+00 -5.475916292982381250e+00 7.891522439084534213e+00 -7.959040039032759140e+00 -1.842246073495778846e+00 2.729903825291277730e+00 -2.010739814038973705e+01 1.633605744205189936e+01 7.034505340441072008e+00 -1.093409879989444988e+01 -8.302747979675880075e+00 9.190097248938059238e+00 7.542821241004377342e+00 1.128606735031819408e+00 -1.207022176042570827e+01 8.855815809076096556e+00 1.144524287810780550e+01 -1.677226870635832867e+01 -2.465889465740084940e+00 1.216227493328282705e+01 -1.328574011726341553e+01 -3.768437670726366928e+00 6.895746505350521360e+00 -1.381476663680969708e+01 -9.743388245261601632e-01 -2.247763462466042839e+01 6.326651213891079095e+00 1.237346803905460924e+01 -8.545161317183200822e-01 -1.759061571186354422e+00 -1.229438430491815781e+00 1.549151344506712658e+00 -7.183308275722753322e+00 4.825869671711320308e-01 4.483783787610203575e+00 -2.794743523517548844e-01 3.205948240608059496e+00 -2.531561339140702138e+00 4.695852721404822461e+00 -1.045718868339719698e+01 -5.309475605860440872e+00 -2.049980376147456873e+00 1.731061983092485335e+01 1.441860182449743277e+01 -8.928578990930656545e+00 -2.417802195144598265e+00 -5.247533799975530044e+00 -1.119838476344005151e+01
-8.676088583412353117e+00 5.664619941747552900e+00 -1.791566930032290728e+01 8.439376143239478267e+00 -8.445777229011977028e+00 -1.114312205571667214e+00 -2.474659696909108142e+00 -7.416409814312658000e+00 2.445613495696933537e+00 -7.102038552435582019e+00 -1.511115627471833145e+00 1.636725502730026705e+01 -7.592495581487298750e+00 1.011718149815683176e+01 -1.441242144052898944e+01 1.931843513330768047e+01 -2.531548008685868112e+01 -4.189835459545081520e+00 -2.146621011648667121e+01 -4.055480792186701322e+00 -4.680903851592730369e+00 -1.733053148795300302e+01 -1.902895458505389659e+00 7.295697608983550353e+00 5.076244188246712419e-01 -7.362259562940499436e+00 7.999610770804885362e+00 1.251335645481678149e+01 -1.124580250403095860e+01 1.269434344170452089e+00 -1.440549917680053049e+01 -9.631122779476582352e+00 2.864103305506975783e+00 3.454409693545675619e+00 6.360516779594377113e+00 -6.757670084631954843e+00 6.778213024884653493e+00 1.621949167553911408e+01 2.737145194613029187e+00 6.413019565155696711e+00 -2.235125291596508745e+00 5.978819030689306757e+00 1.557809531661034086e+01 -8.796043919997087457e-02 -1.010297243275914880e+01 -4.221130622382826658e+00 2.106404872227643832e+00 -6.720498038624883819e+00 1.656455606793936042e+01 -1.980881449747609935e+01 -9.330598966263585758e-01 2.291176966456314190e-01 6.591967806199823698e+00 7.328662711307432076e+00 -4.218797737334247344e+00 6.521235081534384470e-01 -9.868510379172537483e+00 -1.032969086417556426e+01 -1.224270348360877669e+00 -3.299092706980277789e+00 1.579512810045407445e+00 -7.250808772776673905e+00 -1.620745199319445717e+01 5.781473691673513216e+00 7.895774298867513252e+00 -1.752560509202344408e+00 6.281767263650571920e+00 -9.748091707061330879e+00 8.177483980859070911e+00 -1.110173616216853354e+01 3.563499514449962380e+00 -6.978452387498448317e-01 9.594075440526628640e+00 4.810515337598170404e+00 6.399139789758301333e+00 -5.884650069670853689e-01 1.301968166545485595e+01 1.665488042368755828e+01 -7.803812876753926986e+00 1.851042739684158889e-01 3.015253979416531838e+00 1.457391515983245345e+00 -9.824733880139540076e+00 -5.075608351638177140e+00 -8.292447587756896610e+00 -1.083863683782240628e+01 -5.382462497976323590e+00 1.385715413744874613e+00 -7.865871062054205609e+00 -1.520986286723333514e+01 -6.746425564935064401e+00 -7.012345711270803861e+00 -1.235896283123595119e+00 9.903713816506241940e+00 8.593599881515114447e+00
-3.030106504393857492e+01 3.106433962641708746e+01 1.416404603458057920e+01 -1.331907303723491154e+01 1.183833607046314018e+00 -1.162666948211556850e+01 1.971108357441766756e+01 -1.245868251822248673e+01 7.823981504289257316e+00 -2.310029144651519761e+00 4.813782633596781935e+00 -1.004883053624987310e+00 -1.564717654316576123e+01 -1.988623793363654713e+01 -2.698141583160474255e+00 -3.640919484712351828e+00 -7.765430697521445325e+00 1.003520733821688715e+01 -2.780223374052002594e+00 -8.203846981688093010e+00 1.742922694890452462e+01 -6.928679171081020272e-01 -5.556368109415855017e+00 -8.567232976002097544e+00 -8.484514239701704597e+00 -1.188071246326586916e+01 -1.139708246516352474e+01 -1.159362832817404865e+01 -1.475556381965298769e+01 -1.596715565246570634e+01 1.993610684374544917e-01 -2.102640916320810049e+01 -2.167899212081180416e+00 7.769354361156683098e+00 -8.567362737166384079e+00 -3.212306717678337087e+00 9.555851532774825685e+00 3.604871504315591668e+00 -1.302091662159580920e+01 -3.676729796084326818e+00 -5.242325710008984174e+00 8.569336258943815565e+00 1.667907837368802149e+01 -8.830419279505802521e+00 4.332727036780081420e+00 5.696996203920887680e+00 3.804345655136836424e+00 -2.260400215596420281e+01 -1.409445420291333839e+01 -1.243935310570115327e+01 -1.190941560969312185e+01 -1.672782389263256420e+01 3.683362587189222825e+00 -2.819883423246691834e-01 -5.256068033317182753e+00 -2.857984731529078459e+01 5.232011142174163965e+00 -2.109149816485851048e+01 2.766071051363462541e+00 -7.348201928711436182e+00 3.822741359978369058e+00 -7.990555127903695265e+00 -1.089062750769225874e+00 -1.058441123513987137e+01 4.004696549922842408e+00 3.438602184252735672e+00 -2.709833143723164195e+00 1.303347626650202606e+01 -9.290293018039644579e+00 -3.506983015095931222e+01 2.121608732398896535e+01 2.131434524132532715e+01 3.642057003140825255e+00 -1.089987985469414333e+01 -5.350366441328738176e+00 -2.704273661198122625e+01 -1.649328282465433659e+01 -9.745126410520381199e+00 -4.026367171716267457e+00 -9.107323301808039062e+00 3.977002798472706768e+00 1.581485525562169148e+00 -1.609089414854844025e+00 -1.209882941568904613e+01 -3.360743872319539527e+00 6.449800963407378518e+00 -4.012522921257462905e+00 8.847653386641658457e+00 -6.093076801636587270e+00 3.356566556139848334e+00 -1.435464540086964824e+01 -1.494095267566205720e+01 -7.122596709831952921e+00 1.400165765050999056e+01 -1.398257670703049449e+01
-4.767268646032337465e+00 1.180638774457051898e+00 5.844974247477782825e+00 2.645407967579936237e+00 -2.585082791707454142e+00 -3.553993718208961816e+00 5.819300302620703746e+00 1.449324535722006857e+01 1.116841816825509248e+01 -1.037307881900207818e+01 -1.584785220375700909e+01 -4.883621567810537911e+00 7.896764128651717840e+00 1.101698250032059434e+01 -4.412498386898607627e+00 -1.343632214289187488e+01 -1.217246742965528306e+01 2.176911095910138538e+00 -5.863307351254129607e+00 2.087909748095373175e+01 -8.883137168093368174e+00 -2.632304321741848341e+01 2.185857348409275502e+01 1.014332716478901908e+01 -1.555322562165024891e+01 -1.457659436884788562e+01 -1.703788776330457821e+01 5.571951185222188130e+00 -5.199986266210711250e+00 2.150011046512414037e+00 -1.698387631494009042e+01 -7.619478532005786064e+00 1.072786377217922649e+01 -1.585574492389909729e+01 -1.280236600482368914e+01 1.033686429192106182e+01 -5.060643860485422252e+00 -4.555892966174713621e+00 -1.422477244191835055e+01 -7.481002071392254038e+00 -1.955209530362821013e+01 1.512907927005650421e+01 -1.976464357499610802e+00 2.473260020560084094e-01 -9.967798353113780152e+00 -1.306087799233189983e+01 -6.197717563801326435e+00 -1.522086696441383147e+01 -7.499993175339564999e+00 -1.275678964030194784e+01 1.246778778949828581e+00 -1.087775534829538593e+01 4.248117260384891125e+00 8.835246914891083492e+00 -8.415262146682469080e+00 -7.060225452857016748e+00 -2.565263662045356163e+00 -1.520134759023802218e+01 1.321427999924530194e+00 6.069502108906938531e+00 -2.245505991040900895e+01 2.886449786647103277e+00 -5.169913257439860743e+00 -9.712756668134201021e+00 -7.405666793541803017e+00 -1.002480076329989522e+01 2.342059137622935605e+00 -9.143889545147363407e+00 1.193064647664739653e+01 -2.014761551521833560e+00 7.540879068681229924e+00 -1.210139717052464192e+01 -6.015371888150625068e+00 1.007606290362749668e+01 -6.151451566688589168e+00 -1.060958355730610769e+01 1.424769802877453273e+01 -1.777100408336514192e+01 5.613826570342199673e+00 -6.474851805825246664e+00 1.333812768287091544e+01 6.224316545460895078e-01 -6.604901508669319909e+00 1.579554360662449142e+01 -8.719505369994507760e+00 2.573612704949169583e+01 3.502893119413459377e+00 -1.710435027445034839e+00 -2.699990744924018582e+00 1.248009967288278066e+00 -4.696610229013840510e+00 2.879120401718756828e+00 -2.091913598502506133e+00 -8.207661049521139063e+00 5.882026515817315726e+00
-3.518755265437054192e+00 -1.887825764528181338e+01 -2.333624709672296849e+00 -1.927883488585672112e+01 -7.939841656358291644e+00 -1.192887436969533432e+01 -5.038050212407165773e+00 4.784733224355077752e-01 5.366295480109593896e+00 -6.959273826711948274e+00 -1.951207306965768051e+00 -7.351613971921302948e+00 4.212396162898963681e-01 6.963124215783571103e+00 1.190284073874508053e+01 -1.216343150918880589e+01 5.606936162971992488e+00 -5.199398538576939899e+00 -2.987901240638566325e+00 -2.499113745030668809e+01 7.527628404465993128e+00 -1.337800864017846436e+01 -9.253966508093785848e+00 -4.849380563947859102e+00 1.732943880824255345e+01 -1.564493325910686750e+01 -1.344128719357962076e+01 -1.855136698560759001e+01 -6.783743546722359241e+00 -8.488986709441409317e+00 3.839963055990070817e+00 -8.981015417969118175e-01 -8.874203851107143493e+00 9.384463111971896865e-02 -2.645736332511062994e+00 1.404313464353741825e+00 -5.255837512403482847e-01 2.296198711305181828e+00 2.914500778922946012e-01 4.840697628474059044e+00 -1.917115158314953405e+01 -2.488755796634656292e-03 -5.315296644928362291e-01 -5.958774927179490533e+00 3.014930133076100471e+00 -9.357935365477777268e+00 -2.420804306362742153e+01 -1.339048112641416388e+01 4.843038512245545490e-01 4.439479533669139499e+00 -2.086679324499524757e+00 -1.241992988072994741e+01 -6.513097065615478520e-01 1.752162424491607862e+00 -1.373629608684628023e+00 -4.405971231550291911e+00 -1.891954698589103812e+00 -1.008906282610449523e+01 2.646796010643481800e-01 -5.628469256326793513e+00 2.306509028773993553e+00 -5.631965934122359130e+00 -2.683015539728987164e+01 -5.732115669246424794e+00 3.954041883244145072e+00 -2.918503979931810211e+00 9.828056192028643778e+00 -1.153153407433822153e+01 9.551108401348869847e+00 2.975433953920143537e-01 1.184101054897486982e+01 7.788486373337198287e+00 -1.799621957621855728e+01 -1.105113775392823072e+01 3.567706754699372151e+00 7.489338605740654131e+00 7.033626330727765108e+00 -1.183268791997799418e+01 1.946688813019162634e+00 -7.243972968325399719e+00 1.311304238847489856e+01 8.268241409989158797e+00 -8.128915461804478326e+00 1.718489463924073135e+01 -3.864355821473725250e+00 -2.435208070678507752e+00 6.247778056326507290e-01 -2.175716340845739083e+01 9.010668974248680740e+00 3.835427068157804431e+00 -4.007181512544868873e+00 1.300087313345083295e+01 -1.313320388907393799e+01 1.238337148801803878e+01 -5.409630296877331546e+00
1.178984558931223425e+01 -1.410840559117644766e+01 -1.333838251031684230e+01 8.246717710660339762e+00 -1.456626776838316495e+01 -2.034692536845122302e+00 -6.982214779969513785e+00 1.625871208827375458e+00 1.119248340838884737e+01 -5.576286817696251674e+00 1.279052650497872534e+01 5.942721514059552845e+00 2.720440824339755093e+00 1.007940918244817396e+01 -4.835105028161693852e+00 1.012002200840988309e+01 -4.561223871853123057e+00 -3.242467195570475802e+00 1.248976499442092170e+01 -5.034471593269854495e+00 -2.320683966622595662e+01 1.977508147795051574e+00 -1.103487924993523528e+01 -5.795049500557793110e+00 1.031382527995993925e+01 -2.060655851856501286e+01 5.983201567560293199e+00 6.458093762838180041e+00 1.594051928591882472e+01 -1.304568632196903799e+01 -1.974453954298569869e+01 -1.293979731294303548e-01 5.223665950877919073e+00 -1.009080843160201368e+01 3.430648103492015100e+00 -2.024483232283862577e+01 9.767440953321258057e-01 -1.897017203603178714e+01 -1.476831758267998573e+01 -4.686396953799031095e+00 -2.830206493922721389e+00 3.645984771769355870e+00 3.423289626207614678e+00 -3.939817220376001572e+00 1.882578417963494388e+01 -6.205116624081055576e+00 -2.084803381035380099e+01 1.045490914390096471e+01 5.716178524356108070e+00 -6.893807529980677806e-01 -7.387545379734188344e-01 -1.064201236499930658e+01 6.229293985820108404e+00 7.144458671748955325e+00 1.195986560244605101e+01 -1.614902826957577275e+01 -5.488565793770636247e+00 -1.781647388582635827e+01 -5.570255482850567930e-01 2.508240305337325893e-01 3.874904799387444587e+00 1.760656697342108945e+00 2.765426843638388643e+00 1.098633862470586031e-01 -8.396207893931025623e+00 -8.002828098637840171e+00 6.800688033508651031e+00 -2.418398706082273009e+01 -1.157134027150727107e+01 -3.020560575637911782e+01 8.402483224894838898e-01 2.180349151468114588e+00 6.705002917653033023e+00 -2.968888551327460767e+00 -4.660363901311137980e+00 7.168443635863315677e+00 4.252689587361595969e+00 -4.679756152571086680e+00 -9.480551709931777538e+00 1.355068790487185382e+01 -5.797302583056832326e+00 -1.272926847919130022e+00 -2.834460349289263448e+01 -6.756747770577913315e-01 1.138580956284641665e+01 2.429252009734526041e-01 -2.920033956811946396e+01 -1.215306277100239463e+01 2.877425721131164682e+00 -5.003581017125607211e+00 -6.673026060234404255e+00 -5.729206592991759273e+00 -1.422472727913713264e+01 -1.175689661721777313e+01 8.721070744231274929e+00
-1.112664556978634067e+01 -3.276508664970749773e+00 8.048066361762192145e+00 3.000752263481429427e+00 7.815763969705756153e+00 -6.978426926718386269e+00 7.408316924941255266e+00 7.940563792486630135e+00 -1.107136561613681280e+01 3.001142288137532699e+00 -2.653149168592148044e+01 -6.619737073042444742e+00 2.784832848187277499e-01 2.658837655186215176e+00 -1.467964224938173956e+01 -7.792120799485391380e-01 2.518444809060575107e+00 5.883544107111049470e+00 5.485046949463434629e-01 3.891360913682944567e+00 2.847296114534631162e+00 7.315067150807217367e-01 4.335503869336315930e+00 -1.090177157416488685e+00 -1.277457489419203363e+01 -1.232339603207626810e+00 1.082417331756196788e+01 -6.626786118469579989e+00 -1.320378347137576824e+01 -1.628630730888930955e+01 3.266321355025712858e+00 -9.675682582334276916e+00 -1.496342702228689259e+00 -2.551985526977400554e+01 -1.389168082786204650e+01 1.287918295877409669e+01 1.200490162774290859e+01 1.407562208804907655e+01 -1.117560620666737492e+01 -7.271809959538012791e+00 -1.255331090012806294e+00 9.025279170156363051e+00 -7.983575296210080552e+00 -2.826329654866567509e+00 -1.147385543331208346e+00 -7.227436044694375283e+00 -5.929380256771949576e+00 -9.498454189191969377e-01 -1.553965401876125796e+01 6.450275775219283858e+00 -2.908422218573557316e+00 -1.120738131837305041e+01 1.033295207642692759e+01 -6.294911910700540680e+00 1.163860253436706671e+01 1.161350508482381194e+01 3.709029188279072020e+00 -3.470995915125584474e+00 5.912036946405489601e+00 -4.279662055173227841e+00 5.270924788792914484e+00 -3.191196232874297323e+00 -1.935626400463545593e+01 -6.831957860978009833e+00 4.729625786327517289e+00 -4.675735892848461361e+00 2.070631711385178431e+00 -1.226448297244561658e+01 -2.160475921675787703e+01 7.755629142155504141e+00 1.175704063340298511e+01 4.860951705719468663e+00 -1.248749660042600773e+01 -1.137245297315894632e+01 -2.875586357095943235e+00 -1.555411373381870455e+01 -7.820022694704640287e+00 2.425500434398921268e+00 8.891461646006185049e+00 2.590685176339872697e+01 -3.025025428718531195e+00 -1.285422804093008864e+01 -4.588195881835869905e+00 9.490606579508906293e+00 -1.697729075502607898e+01 1.120118228068197386e+00 -5.644597573456653805e+00 1.809797746194868751e+01 1.028731694381688477e+01 3.142375965536472915e+00 -5.807525327640176371e+00 1.107149293332904794e+00 -2.775962432904201194e+00 1.457604463885146728e+01 4.698970280075132067e+00
9.329430197194245267e+00 -1.160137584584936654e+01 6.018077008540988260e+00 1.882647764227898257e-01 1.396333530860077943e+01 -1.375706089096966167e+01 -2.825229727182655193e+00 -1.376246118960227971e+00 -1.135935353250879665e+01 1.544343570587039238e+01 -1.159113667100869272e+01 -5.881473191270295331e+00 -8.067463902033653156e+00 -9.622349195883293405e+00 4.803043488784227932e+00 -2.947566995908572185e+00 1.251121194258047531e+01 2.453448130957066819e+00 8.229576701925253701e+00 -2.526320947118445126e+00 3.149374284541744284e+00 -1.009063457640346329e+01 -8.547088862192406822e+00 -1.764255620078257536e+00 -7.579607976262745517e-01 6.954121842182717117e+00 4.101169103628818924e-01 -4.733107439362566282e+00 4.276533078386746567e+00 -1.755871174458817308e+01 -2.361596138575382753e+01 -3.547829947204526935e+00 5.869939223670359141e+00 -7.042793379275771315e+00 3.447789983528384727e+00 5.463919700319221917e+00 7.544344208667146390e-01 2.606923231694220888e+01 -1.564913732432768212e+00 1.821336821746692092e+00 -5.318947014553788044e+00 8.422239008591901666e+00 -3.271391175236431970e+00 -8.697606100621086966e+00 -4.365146307660006997e+00 -9.754826560809858549e+00 6.449085920350139389e-02 5.387356229245776618e-01 7.733371020672619167e-02 -3.891580678121925096e+00 -1.208595552121155592e+01 2.188608948271116628e+00 -3.085782311539186473e+00 -1.365675312230515459e+01 -4.133072803014166574e+00 -3.224940486850260690e-01 3.330257446069981864e+00 -4.919165133706673743e+00 -9.754391726268352159e-02 -1.196610200045210348e+01 -2.077027654994094519e+01 -7.410736301387613523e+00 -4.791038507971635774e+00 -1.281927320458874320e+01 -9.941480296599218391e+00 -1.989058911576540023e+00 3.435856356625728747e+00 1.640296837162523147e+01 -1.691760512674867201e+01 -3.211515098584554639e+00 -1.031830824884349518e+01 -3.635430083713008464e+00 -1.516875411613461111e+01 2.856168749485488600e+00 -1.370829418722867565e+00 5.631559863858278447e+00 4.044159867612174608e+00 -3.255416123124394545e+00 6.173995223649786368e-01 7.499616335084812846e+00 -5.893317590727781941e+00 -1.511539507032996887e+01 -1.281902614326530454e+01 -7.751715416119983715e+00 -7.156646656393196082e+00 -2.213791811579878654e+01 1.803042094007680163e+01 2.791063664984673398e+00 4.041569553856581010e+00 8.870352645958381466e-01 2.210306126117211889e-02 -3.894649482076929736e+00 -1.355680114308212048e+01 -6.925803624199475372e+00 -1.293567377678671626e+01
3.880130175091895950e-01 5.395841778792291876e+00 -1.126329046846368520e+01 -6.683704364378240115e+00 -2.112088658354560611e+00 -9.169327942748699556e+00 1.413614197020570007e+00 -1.514657631027141704e+01 -1.806577742814595666e+01 -8.204720052437712852e+00 2.658512194103853421e+00 -2.812200242068222167e+00 3.519421813723854431e+00 -5.620479446346994479e+00 -3.066050811085404781e+00 5.649282280620216312e+00 1.995839413472747381e+01 2.214415983659416387e+00 3.998067807651753736e+00 5.128308245911316732e+00 2.661004209444921553e+00 -2.932045683970431416e+00 -1.527795301510744075e+01 1.059240485617718885e+00 1.081765702931560291e+01 -1.132973349970488819e+01 1.467307217439244127e+01 2.876117540325555222e+00 -7.754638150943339525e+00 -1.672801944991378065e+01 1.783363927935933457e+00 -8.547922095737726877e+00 -3.871005015599945143e+00 7.309767972526730162e+00 1.122464203686883444e+01 1.998316564058777001e+00 -1.443362730344994738e+01 -6.839368417744767115e+00 -3.633704347730261297e+00 1.626102780934697734e+01 2.724915439911950177e+00 -5.369075242486720967e+00 -1.649951867231581559e+01 -1.111818685822869845e+01 7.519068428570953699e+00 -8.956614860978650228e+00 2.667090070903588295e+00 -2.774494192341571353e+00 1.311013557724474410e+01 -5.234118875336151611e+00 -9.903864122133581915e+00 -3.465216586429437307e+00 7.110080830079565928e+00 -2.446232134722322371e+00 -9.217723612672955369e+00 -5.325832140070660969e+00 -1.645115693216143882e+01 -2.380420358583269280e+00 -3.046459989609120012e+00 -8.968576824532817682e+00 -1.351193154563846477e+01 1.099881119337908508e+01 -7.596993181397932560e+00 -4.834120364704102002e+00 1.699177479625612364e+01 -3.543685075184203725e+00 -7.180506095177342729e+00 2.680021199987359104e-01 1.635891283967427157e+01 -2.131628326771522808e+00 -5.243860383153013949e-01 -4.438909633974042812e+00 -4.683353061762451475e+00 -6.665576162057878840e+00 -1.142223377350130065e+01 -7.366280711869871212e+00 -3.488960089542611609e+00 -7.441644134533504484e+00 1.501202020706186246e+01 1.087217046337953796e+01 -1.766521394274268886e+01 2.483510080624414140e+00 1.594307031914011130e+00 -8.529788519798788826e+00 -1.641918239026103343e-01 1.703755700253308092e+01 -3.899460999931624539e+00 9.483758472373693849e+00 -7.640991998406816421e-01 -5.954900719930003028e-01 -8.973501095316638754e+00 6.235711872475761197e+00 6.080181803519604244e-01 -8.677273845433182586e+00 -2.755915892860964611e+00
-8.087217378785180877e-01 9.067980822592849321e-01 1.650076625443128275e+00 -8.039190849176534925e+00 -1.295518441580705504e+00 7.974037195589898985e+00 -7.152456951370655958e+00 1.543294810404223583e+01 -1.432175014824794168e+01 -1.677775946702780985e+01 5.790989699706917904e+00 -6.159898372785256981e+00 -8.195153309265993613e+00 -8.541770208375753626e+00 1.277100816574171205e+01 1.707664058283893027e+01 6.694957138104257410e+00 1.124918405747322936e+01 -2.462487229547743794e+00 -4.255767666668067939e+00 2.619874935489590051e+00 2.685597405058211873e+00 1.278867708820273030e+01 -7.286833752446102430e-01 -1.777572580478830044e+00 9.783140910306624249e+00 1.408606282649028429e+01 -1.751912788413496003e+01 1.201252645709457845e+01 -1.382972307177789517e+01 9.221131427261635594e+00 1.562497360245465039e-01 4.376071630376011434e+00 -1.730016727229350337e+01 2.508286473739202993e+00 2.414813558557581175e+00 -1.953634079448978156e+01 -4.624898870335920620e+00 1.468306929474561251e+01 9.442054439992906723e+00 -4.301506853198275415e+00 -8.894797972315869217e+00 -1.620599181999042182e+00 -3.595415419462873796e+00 -7.593247893058682862e+00 -1.419456351228691071e+00 5.504091059092416138e+00 -6.257690287289211284e+00 -9.293356061808669466e+00 1.548066213443965999e-01 5.000387724899904462e+00 4.992772522432104232e+00 7.076220004383319662e+00 9.166774572610103533e-01 2.163350620306207261e+01 -6.358933534363698570e+00 2.114295170543086133e+00 -1.081323560073776946e+01 1.381493761330006009e+00 -1.681513003960084163e+01 -1.691601780976025537e+01 -1.050048687012895776e+00 1.828480844129344529e+00 4.940519074328018512e+00 -1.939505291441841450e+01 4.279814505508151790e+00 -6.766054027085805167e+00 2.511394732866810742e+01 -9.872596093240359139e+00 -1.187351537805346879e+01 -3.023263194374936180e+00 1.046851191065527331e+01 -4.452193384713097224e+00 -1.027909167065275930e+01 -9.787158756591125552e+00 -5.229058060256308593e+00 -2.026112948303805439e+01 1.794747764324872108e+01 2.374793320823024523e+00 -5.787432410556016649e+00 -5.597735166273534624e+00 -2.973258942117316561e+00 -6.804451604292063749e+00 -8.725202264352009962e-01 -9.289475337508207531e+00 -6.731586273591660508e+00 -1.617464831472157272e+01 8.678489883548959227e+00 -6.254173102442182497e+00 -7.452964523974499045e+00 1.180587061516078062e+00 -1.866671690833900499e+01 -1.268303176570074298e+00 1.383940710373237959e+00 -4.574153153859076504e+00
-2.641060428716679809e+01 5.559034623188489732e+00 4.233210658170863283e+00 -1.277553824452536269e+01 1.078458091959244847e+01 -1.381468882047893665e+01 -1.108244464760983305e+01 9.983609204191324693e+00 5.858251276883965630e+00 -5.115118135489965745e+00 2.572791195533883357e+00 -9.543092245860538725e+00 -1.315685417945979196e+01 -8.627779085953546812e+00 1.004563605156363693e+01 8.083868260446406495e+00 3.543711534533411367e-02 2.389951529543850839e+01 5.337099254312597907e+00 -6.844566974398102133e+00 5.214493632549531021e+00 4.138354140125464653e+00 -1.635759417059645315e+01 -1.122846733150624310e+01 1.733323176495220963e+01 -4.375125232333257230e+00 8.820233073695808557e+00 2.058151341283981139e+01 2.285000265151892052e+01 5.325873993735823930e+00 -1.687388858697418215e+01 6.449809081590887949e+00 1.251885838466262513e+01 9.657283970653085525e-01 -1.526389256367996694e+01 -3.550659335490094382e+00 9.970204619654523981e+00 7.833989146992804464e+00 -6.501350403319111848e+00 1.962652186513866859e+00 -5.415751768394838628e+00 2.315667066799319329e+00 -1.063730484155393086e+01 -1.643417887904559116e+00 -1.035983082914320086e+01 9.674061108170686651e+00 -7.526538857881831746e+00 -1.624871770333802479e+00 -1.135716988921943482e+01 -2.325905956537593866e+01 -5.144858347367962992e+00 -1.563239550042961667e+01 5.651751282592997860e+00 8.157182128323263726e+00 -6.457390409913218221e+00 -1.259520283982025290e+01 4.938074459175788355e+00 -6.844518401242885020e+00 4.865782026715100628e+00 5.910934634649922081e+00 -5.496058184453440632e+00 1.417246677951087008e+01 7.221216216018868650e-01 4.754126687221932102e+00 -1.919893153454027557e+00 -1.275392993012731147e+01 -8.900722807565437655e-01 -5.840501682401195715e+00 7.510211893656547844e+00 -1.026740643530717634e+01 -8.988694550440183839e-01 3.131343506676651067e+00 1.392916424953952337e+01 -8.315135885463405430e+00 -1.698516564051677058e+00 -1.075842021810730031e+01 -1.229320872844591506e+01 -8.202813808791431072e+00 8.212676339434118233e+00 7.400376001321885333e+00 -2.861542073428779975e+00 -1.099228424367789181e+01 8.076437649072628844e+00 -2.562838788476935470e-01 1.297057457587576845e+00 1.929163575710582279e+00 1.014242192505654216e+01 2.204175146207973945e+00 -3.733827012815682078e+00 -6.230876142492447478e+00 -4.539111789314611123e+00 -4.720144275941660972e+00 -1.198724123739587277e+01 -1.156377014424191074e+01 1.416146121478788800e+01
8.072944842174903712e+00 -8.442941366139713466e+00 -2.861527040464185490e+00 -5.617896191026853003e+00 1.896786572353154288e+00 -6.330006900775426715e+00 -2.891293819295141621e+00 -9.683494623448885008e-02 9.231427611862864424e+00 -5.152132194967653511e+00 -3.616718572833925727e+00 -1.458599293952369536e+01 -1.257208463828522405e+01 -4.694517727984456990e+00 -1.259757105032972468e+01 -2.411116292291576002e+01 -1.372945137751957745e+01 -5.950018858384709119e+00 -8.572427403871223817e+00 -4.986086045355596852e+00 -1.088631511610576474e+01 1.415877137306629230e+00 7.828009855469947098e+00 1.784054718877423085e+01 1.273565361363981552e+01 8.802036950723882924e+00 2.098828251037135573e+01 -1.227011650456510949e+00 -1.092349710296147514e+01 2.647065277044513110e+01 1.020905907857947703e+01 -3.701828100778328690e+00 2.179472578569529873e+01 2.122636576928680796e+01 1.058464739134758936e+01 -3.970924145573131447e-01 2.446614460290573234e+01 -2.700722704773646843e+00 -1.812082377106663866e+00 -3.635692182206542888e+00 -2.072464377744840935e-01 -1.752828814290888459e+01 -7.430404751526864970e+00 2.715127110618987594e+00 1.625592887876428350e+01 -5.425094704928383749e+00 -5.232328969585068101e+00 -2.538397863035992685e-01 5.950617370502181203e+00 9.686037713723020914e+00 -6.993602119269784367e+00 -1.900737274996229331e+01 -2.767585371157797880e+01 1.178726196099358781e+01 1.886356570287537338e-01 5.255675915236902362e+00 5.318609427484146224e+00 3.228517010913025231e+00 1.697424676408831701e+01 1.327219151077463355e+00 1.152672269087854495e+01 -8.572116671394782728e+00 2.389227812315021460e+00 -8.106197554473501654e+00 -8.090273102058777255e+00 -1.860131144815395032e+01 -1.907627950846493725e+00 -3.060560355509214681e+00 9.038637989969673825e+00 -7.503779812612197730e+00 -1.069531111198528173e+01 -9.056419654909216632e+00 -1.209505901418630636e+01 6.028916094591152408e+00 4.711579010275415591e+00 -2.315178792264447338e+01 5.780526460162683122e+00 -1.059428758247257818e+01 1.729423442074511819e+00 -1.455047136531800867e+01 1.003144078935635974e+01 -1.876194160804024236e+01 -1.126719514132131827e+01 5.049323548780519921e-01 -1.368422022495679613e+01 1.896697999476313790e+00 -1.413903941137155584e+01 2.365033573592488558e+00 8.598286429595191294e+00 -2.685652914636130717e+01 4.434729576147454111e+00 2.130947783555369401e+00 -1.349143654054604191e+01 -2.321891692025984444e+00 -3.639899101192852982e+00
1.791368428955045999e+01 -5.245232471330354862e+00 3.219624598907303348e+00 -6.962936642234179629e+00 -1.473156689238019679e+00 1.058934905431262674e+00 -6.798431077323803251e+00 4.563281776402130063e+00 -7.683007214629375525e+00 -6.508123877143352054e+00 -7.847308057308776341e+00 -7.028287958125098100e+00 1.542460066495085158e+00 3.133301617534502981e+00 -2.152880120646043594e+01 -1.479632209620535654e+01 -4.408241157582006409e+00 -2.411799149917644769e+00 -2.042654441963754053e+01 4.536440063474040940e+00 1.733117017140516225e+01 -4.473664470071442523e+00 -6.472275543910660289e+00 -9.222929605617778748e+00 2.426543186278848019e+00 3.320409308019817374e+00 1.308730926924899052e+01 1.586617405418041926e+01 -3.142863623876944956e+00 1.960598038380513231e+01 1.599525229692878092e+01 -1.856915568244055237e-01 2.002647058924140566e+01 2.307746772445345584e+01 -1.312122716173172776e+00 1.032099669351606863e+01 -1.866997689685590878e+00 -2.055322769463769017e+00 -3.346033467459323951e-01 -1.739918470069999046e+01 -5.043506445877488087e-01 -8.103459288041745978e+00 -6.177277818426079037e+00 -5.920201852876618709e+00 -1.074152657533699085e+01 8.899340772170203806e+00 -3.379732788577879177e+00 1.052763774986586931e+01 -1.517611496604988730e+01 -8.466321755731886611e+00 -1.285202158297514785e+01 -1.123166307158328614e+01 -1.137552808247120684e+00 3.393394823296083107e+00 1.813769404707385391e+01 -8.385726186368087198e+00 2.142299024204564972e+00 -2.999609521383794331e+00 -7.623637693690278105e+00 -6.548245004182111195e+00 -8.080196249575703149e+00 1.717062119757427041e+01 -2.694241880224246266e-01 4.363361928989535343e+00 -8.549943207859136862e+00 2.181745196721136093e+00 -3.381649010951603529e+00 -7.348565940728819967e+00 -3.625631878854711942e+00 -1.064471685009506352e+01 1.085557184987984769e+01 -7.129364492027132627e+00 -9.228425088416990718e+00 -1.227231891751726955e+01 -1.177515035897472551e+01 -1.026909176132920187e+01 -2.194679683211654364e+01 -1.050624010006677445e+01 1.769930503098922969e+00 1.108845551180209199e+01 3.870980239118261501e+00 2.883664577271404017e+00 7.893531546693547618e+00 -1.385689343161725162e+01 7.901604384369173673e+00 4.038915892392973106e+00 -9.356591029300029838e-01 -5.577082684674010693e+00 1.872001145379441400e+00 4.312795530653996678e+00 -1.937534714353751752e+01 -4.208433557672477399e-01 2.315338583570710096e+00 2.725584273223593534e+00 -1.348018547301272108e+01
-9.036289677333861903e+00 -1.087160137548776184e+01 3.506010766751167740e+00 2.147959060710810419e+01 2.824042142004582256e+00 5.171509118772076974e+00 -1.560826014512791815e+01 -9.144661672329116087e+00 2.814486566497819808e+00 -5.012093025305083493e+00 -8.015389144765727281e+00 -7.644608799481018124e+00 -4.562817379435559317e+00 3.569364936828070434e+00 1.561608169116378342e+00 7.223940997610306169e+00 -2.366792683792409147e+00 1.411220708109962452e+01 -3.063616499395546811e+01 -5.651624520478414127e+00 1.433472724910377494e+01 -5.152296813275176746e+00 -1.014190598196943860e+01 -3.978287558388180489e+00 1.046698418630698768e+01 2.148720388449000396e+01 8.522672122236517822e+00 2.214397232429738338e+01 6.998505584466212071e+00 1.814764392318902964e+01 1.326832349415466439e+01 2.205194179746628791e+01 1.733370992953060252e+01 2.375510860618881992e+01 2.747814895860638096e+00 -2.940048829473389702e+01 1.399663072988754386e+01 9.320472759323187972e+00 2.112289888157893536e+00 -4.458278767033153400e+00 -1.111299253995926684e+01 -9.342696826298866331e-01 4.306648746378266779e+00 7.342669595329144094e+00 -7.674680771932966827e+00 -1.585500861640601045e+01 4.169940423563684107e+00 9.803570406136294935e+00 9.987719944191564281e-03 -2.269324526049464197e+01 9.508877075679363244e+00 -1.991207048243589028e+01 3.690594279466151928e+00 -2.944781314680626139e+01 -1.567221205890493074e+01 -1.320151852438687268e+00 -8.520814044900710371e+00 -2.125665696611073852e+00 9.905698804266092061e-01 6.812042637846497328e+00 4.682261786739335463e+00 -2.030659843115883234e+01 -9.334028398241091651e+00 1.645640843570026846e+01 -7.106618843294011612e+00 -2.185159382109457837e+01 5.104838967700375818e+00 -5.357822959821133324e+00 -5.215820364704271128e+00 9.769410009714277976e+00 7.440867121669384687e+00 -2.582649558539811707e+00 1.139828375107870606e+01 -3.181631934698605502e+00 -2.144813642770210471e+00 6.146964354691108134e+00 -6.339896247583380884e+00 -1.958510350279538237e+00 2.591830157505538690e+00 -1.506589573086128286e+00 -7.874013301903802997e+00 1.702387650712923417e+01 -2.271361653907715716e+00 7.626314677929936892e+00 -7.486898651362245971e+00 1.087809641197198918e+00 -1.024999375484188668e+01 1.299192115761531241e+01 -2.659051280826322916e+00 -1.827566772468730560e+00 2.879129481579818517e+01 -1.712343927489867212e+01 -2.213056647650704978e+00 -2.772875536155486653e+00 -1.517196594293183542e+00
8.294937155719552813e-01 -1.298829849446553197e+01 -1.039972157406044673e+01 4.036700562274763371e+00 -8.046805039362340040e+00 5.696163198992874044e-01 -1.739555235410128242e+00 8.514102388839525304e+00 8.187088297789944846e+00 8.313880394783868866e+00 -1.839638291551236904e+01 2.629490883366333964e+00 -1.895202975301601533e+00 8.921649548621775949e+00 7.976118888374750249e-01 1.116957429580509675e+01 -1.531725155142058092e+01 1.718161421457399030e+01 -1.018993363885976944e+00 9.209702164985702488e-01 -4.453853030017654646e+00 -7.554428647174553646e+00 1.085572958417425582e+01 3.995126558271209216e+00 2.506364514779953367e+01 3.235575338076325380e+01 3.375657373807661088e+01 2.960358016063005238e+01 2.194662612145902614e+01 1.660164030335030461e+01 1.022245410071464278e+01 1.769513937727542441e+01 2.796244438995321602e+01 3.058001097929615497e+00 1.487688228587567529e+01 8.755402489195544646e+00 -5.103681853715418271e-01 4.385562427593328927e+00 2.253896801582696341e+00 -1.292421632963243283e+01 -1.838335638979424758e+01 -2.158210444835523489e+01 1.311564306589578699e+01 6.475135277362021213e+00 -9.072891981576802323e+00 7.512075702631561214e+00 1.868028098746528087e-01 -6.735061209617081879e+00 7.720008565790300814e+00 -1.566803962918542226e+01 -2.062700524514347222e+01 -1.263468629727790749e+01 -1.010226924355515976e+01 9.952291380914648045e+00 9.634479776258643824e+00 -1.737532081857241195e+01 -4.667736511595606430e+00 1.004591902718665608e+01 1.036329786956333621e+01 -1.532987003951976845e+01 9.243874610552165194e+00 9.179712512699182980e-01 -1.787558531019043162e+00 5.395767745295025009e+00 -1.386418459141694726e+01 -6.046420882621670323e-01 -8.336480911370797386e+00 -6.146125813041760644e-01 -7.208692331948133969e+00 1.646904468021836099e+00 1.158663797234278015e+01 -3.519346918480274589e+00 -6.881833181621306750e+00 -8.307289663920112588e+00 -6.033076432322354243e+00 -6.727250324853349284e+00 4.623873178721110477e+00 -7.567853741387912336e+00 -1.864713894368121672e+01 -2.364563097869520014e+00 -9.827894219927162389e-01 1.686919447635642832e+00 -2.606628299696138740e-01 -1.002790619334326649e+01 -3.726021486638049218e+00 4.686870348720150403e+00 5.822558768640489824e+00 -1.696212360194910218e+01 5.707219596459387034e+00 -1.260336062748027430e+01 -5.340004968174181244e+00 5.157717044801269246e+00 3.406427491498826843e+00 -2.673061310174418281e-01 -4.644438545781128802e-01
2.621259754395784736e+00 -1.130198851956694917e+01 -3.321178468539065509e+00 -1.905026739996536378e+00 -4.243867563029093404e-01 -8.412445725283422604e+00 2.196692988163861671e+01 2.176646213450070366e+00 1.020072222273589269e+01 -2.347584651137065936e+00 2.928576189446428835e+00 -1.209813428397454649e+00 -2.152648110432159978e+00 5.524545768684423486e-01 -6.721137805803243381e+00 4.513650292669989739e+00 1.134396957382252502e+01 -1.030758870435885122e+01 -9.956093225109302836e+00 -1.550887443318824310e+01 6.090193202600862499e+00 1.379443915159252754e+01 1.111810652936807742e+01 7.122979822428927577e-01 1.464846044811256043e+01 2.514771808841535261e+01 3.174363043348359525e+01 3.253191846249675478e+01 1.129304264804053481e+01 5.619042695048239722e+00 1.839227124276790803e+01 5.331357800569058725e+00 4.032775371161717004e+01 9.814326013644686597e+00 3.179130471323502150e+01 2.202320647267481490e+01 9.628865722245503633e+00 7.312727373040202039e+00 1.532016927056844224e+01 1.798834742478766913e+01 -4.746803147536688527e+00 -1.565501762354226667e+00 -1.331720738759358191e+01 4.850541932983701621e+00 -9.881570837901346493e+00 -2.860754498439041171e+00 -8.752193147413295904e+00 -1.329629982070422578e+01 -2.295192192075302895e+00 -4.570858273867063559e+00 1.284140587876692408e+01 -2.338236288347189884e+00 -2.164697328637303642e+01 7.354361092960047586e+00 -5.631750008322272905e+00 5.326521092634259880e-01 6.925175052093244688e+00 -2.205328442148981694e+01 -1.776536752132144059e+01 -1.984495218815108686e+01 5.724212683431031401e-01 -9.046839533676985567e+00 3.678697072606591068e+00 3.831709961206714699e+00 -1.090217775827451163e+01 -5.847893673325335051e+00 6.904790009451039268e+00 1.410493242919363865e+01 1.338038349251848302e+01 -1.938360680568427252e+00 4.533598508658987392e+00 6.747522098555901238e+00 6.844001778088248500e+00 -5.326292178488460038e+00 6.153752118965673645e+00 -5.971687716560053261e+00 -1.248135448251118262e+01 2.326234428289784972e+01 -1.432682458057754360e+01 -1.050544089198081110e+01 -3.443072681065455942e+00 -7.563449672794297030e+00 3.300886395928539940e+00 -5.976872671773742596e+00 -1.419829542278471557e+01 1.707761925273891812e-01 -1.116857660223164217e+01 -4.737734681584737650e+00 -1.045244491505950535e+01 -1.594541724613594447e+01 7.479776449527328452e+00 2.867438480310416704e+00 -6.500382795757031928e+00 -3.281457824003430002e+00 -1.641370186958972255e+01
-1.451251895953370763e+01 -3.720567648503066760e+00 6.026025544589455052e+00 -9.845905508617972757e+00 -7.017043799872697107e+00 -1.838454325042808080e+01 -1.208548988451691564e+00 -1.321225285031405861e+01 -1.295930766671826007e+01 -1.906912200802942436e+01 -4.387271528834394196e+00 1.395448614125347397e+01 6.080434313341482877e+00 -1.728622658441392801e+01 1.375643408829501091e+01 -8.039696216909469229e+00 1.854061605095969512e+00 6.909746921697239586e-01 2.247795034511093348e+01 -1.365046973250910867e+01 5.365634989809903388e+00 1.714409384939938885e+00 -8.746407026435587539e-02 1.396722310054768812e+01 1.593170014360881126e+00 3.914377794525502452e+01 3.065873972478003395e+01 8.392294134700318153e+00 2.718741517771250926e+01 1.478878894127901766e+01 2.873908119725344434e+01 2.197187511006630700e+01 4.015967471550181500e+01 3.787324240109042250e+01 8.633666740152262875e+00 1.756187347599143678e+01 4.307842874248414944e+00 2.213926422492230017e+01 1.488569012296095906e+01 2.215957108173008550e+01 2.487408733308620512e+01 4.141421762767231840e+00 9.839663902062568468e+00 -1.807591465103215000e+01 7.812453207222651130e+00 1.737248400027434858e+00 4.834063376028568726e+00 -4.121148408408785713e+00 2.524503571933883705e+01 -1.029932243883644993e+01 -5.908268447221767694e+00 -6.107152394658932337e+00 9.960204751482121921e+00 4.158382985512400154e+00 3.428858068735390230e+00 -1.371067456026313636e+01 8.700553549979829882e+00 1.195247438393591821e+00 -1.063312929556801123e+01 -2.997939037349147640e+01 5.251772047632186968e+00 -3.289929204294880005e+00 -2.669606040424069704e+01 9.202491941942511744e+00 9.378574273671784312e+00 -2.114510030342680835e+01 4.987541063677721986e+00 4.091102838207460124e+00 -1.088057116307097694e+01 -7.512509829110548765e+00 -5.961207924410032000e+00 1.090237324660831852e+01 -7.637435778949003939e+00 -2.404629391641803338e+00 -5.656069186818559302e+00 -1.121632493731689806e+01 8.245804475624725072e-01 -1.801062373793443072e+01 -2.031515520179274148e+01 -2.069707412751531095e+01 4.345179994878893837e+00 2.046155342290606782e+01 2.562240440470078706e+00 -2.712752526234772255e+00 -1.330183472637508801e+00 3.285352598056839657e+00 -3.501920450132220530e+00 -1.004551779755080787e+01 1.126587012328978687e+01 -1.667343243492050542e+00 -3.884221032525984718e+00 4.195167434959520492e+00 1.165081636578924673e+01 -1.298960363044149302e+00 4.009032064581625754e+00
-7.159174970819534245e+00 -6.561494035528752988e+00 4.033765388117869222e+00 5.654490105459171190e+00 1.571578417330894428e+00 7.020226911776097367e+00 -8.422867027512456417e+00 -1.656962965622858519e+01 -1.647855210639130874e+01 1.107828588436410744e+00 -1.938209332783696226e+01 4.007161214740215804e+00 2.091770027597164017e-01 6.498918684422034353e+00 -8.895398575938436636e+00 -1.116167793656536134e+01 4.304416322547909957e+00 -9.468861569550671931e+00 -3.257128609293288513e+00 7.724162297290990686e-01 -6.935888887276586701e-02 5.164095133548327610e+00 9.631800274989718247e+00 6.796056403435577487e+00 1.375557641746742021e+01 2.180433386042089339e+01 2.762019642242869111e+00 3.447809471907518741e+01 2.792901636345276017e+01 1.790054386343026849e+01 2.333306276519164157e+01 3.387956557883208575e+01 2.196071333657999958e+01 2.485837594302997644e+01 2.948905009271075528e+01 3.091974377156891052e+01 1.768684564736866349e+01 1.641614128748406287e+01 9.605177182428892735e+00 1.145548897481083728e+01 1.822385769488980856e+01 1.265774054206433519e+01 1.201292378804405203e+00 1.426161896805530205e+01 -4.619490251446949358e-01 -3.042690695242866727e+00 -3.172832554553234541e+00 -1.192784822722752125e+01 1.461178299414242865e+01 -1.941542946279416881e+01 -1.284144562599399908e+00 2.133440666422111498e+00 -1.312065378296771101e+01 6.733882128079725859e+00 7.804961288367564975e+00 5.240380286875821803e+00 -5.047572148174209516e+00 8.407617509831096569e+00 -2.567851763549276356e+01 1.331751642351275144e+01 -3.025507954548452005e-01 -3.064104630331172530e-01 -6.024620679367562737e+00 4.429044994067545815e+00 -1.091052514737046941e+01 -3.940232230241371258e+00 -1.519785741220270214e+00 4.838743785338759373e+00 -1.959454875030159116e+01 -1.708772509271861084e+00 -2.026214506767020751e+00 6.636079252625142644e+00 -8.760573543054565704e+00 -1.330310980728358849e+01 -3.327131156816044211e+00 -2.891279210618345363e+00 -8.887286123707141883e+00 -6.831295914360882904e+00 6.069504032146818773e+00 -9.072580178166349540e-01 4.085173371426738420e+00 -1.615072903989644360e+01 -5.386250923174434213e+00 -1.647554413650015448e+01 5.284192873023993542e+00 7.874824780768696186e+00 2.377874209690912721e+01 1.333576811380329019e+00 -6.105133607395458739e+00 1.519694292204655994e+01 1.214475152530121349e+01 -1.449052089471407889e+01 -7.436207250597874463e+00 -1.746632021307068072e+01 -1.507471988279401387e+01
-2.006915786519663669e+01 -1.352098645954630740e+01 6.096956095604763703e+00 4.549767520695686684e+00 8.926608168979953462e+00 -1.448906999107592597e+01 -2.239496591096483691e-01 -1.264615009337947349e+00 -1.112568982527997363e+01 7.645369824784163271e+00 9.219548988818164759e+00 -2.411736248609326339e+00 5.886659726894835742e+00 -3.040897192385771941e+00 1.027177862504150774e+01 9.807728985609585948e+00 -1.448197231541540830e+01 -7.718295960884937301e+00 9.450689744461000075e+00 3.525105639097851462e+00 2.091969614520261089e+01 2.218686138982589817e+00 -1.095042472809657497e+00 1.663709292694366582e+01 9.429914030375716294e+00 -9.800052474606069097e-02 1.132033190515694265e+01 2.846293179040790733e+01 2.465487301955714017e+01 2.563469897697348188e+01 2.902403970466799166e+01 3.073021957034999474e+01 3.225990906144183867e+01 2.190384859377618554e+01 3.416490415961298766e+01 2.469481220612171413e+01 1.401892733550927872e+01 2.741443973381589672e+01 3.133887907779560678e+01 4.850197224656135120e+00 1.958542223413114414e+01 2.909642748177869009e+01 1.485998784072846490e+01 -9.395987700258427111e+00 8.015225414310428675e+00 1.683000334381981489e+01 1.477819539866089826e+01 2.941537275171946408e+00 2.281477586691997850e+00 -2.993813762141636303e+00 -8.584110146388290730e+00 -8.105152296026481906e+00 4.016464554434514334e+00 -3.635978561107634732e+00 -1.380585094468920637e+01 -2.021557861524960131e+01 -9.077913360097085160e+00 1.088667685567367727e+01 -1.998640755204823449e+01 -6.346149337352273712e-01 -3.403788879107167276e+01 1.097335335022652281e+01 1.417353592012771735e+01 5.369949340807322002e+00 6.354496131405808157e+00 3.727287012956682410e+00 -2.063431030578610326e+00 5.439737462508872134e+00 -1.802981841753003778e+01 -4.463514243455091624e+00 -1.109553104825182679e+01 5.708924660190307421e+00 9.417263763590648651e+00 1.212051097691166746e+01 8.042492246954619617e+00 3.972622231005873417e-02 9.788170844845607732e+00 1.020510792465190875e+01 2.109388685785774431e+00 2.431434533532764064e+00 -2.772577477124965384e+00 -1.136214314127935587e+01 8.511015680553189355e+00 1.803628457063688018e+00 5.885003858668055088e+00 2.445447983055755170e+00 1.405594333906319626e+01 -1.566131911600438009e+01 -3.731694597147829917e-01 9.505607311360341427e+00 1.139957476336091879e+01 -2.089057956039810371e+00 8.215042401595772148e+00 -3.527632468109769270e-01 -6.556692238776653525e+00
-4.376939435211856022e+00 8.924622909432811113e-02 1.388926808972008153e+01 -8.832954350241646324e+00 -7.747965554790805065e+00 -6.898361606284638903e+00 -1.549740610030544374e+01 -1.624446855317712712e+00 -1.897804615565804909e+01 1.367203708169466303e+01 6.317774051362714083e+00 -1.517312640814274438e+01 1.881223976774331730e+00 -5.938826160145278976e+00 5.421620318741814160e+00 8.583225504881204060e+00 4.566071161693404434e+00 -1.563261505360426007e+01 2.668416991957220574e+01 1.768132562443446432e+01 9.685196825540291599e+00 -4.429279419786920968e+00 9.847784999763014468e+00 -7.442019842514419281e+00 2.340628867309780503e+01 1.912902714055579523e+01 1.652527255440676512e+01 2.463865261237414117e+01 4.119275090726604560e+01 1.826563873399647520e+01 2.463983095378959476e+01 1.930079120486047017e+01 -2.237664557282624145e+00 3.805883449703337362e+01 2.867177091703081970e+01 2.953051076769565242e+01 2.047134695824325945e+01 3.961430712013167010e+01 2.259052280770215049e+01 1.460807863491132785e+01 2.514373826500228759e+01 1.409994999949686623e+01 2.023719322421065669e+00 1.161264969589444718e+01 2.798007188497112452e+01 -6.685520155488763550e+00 3.398445581060213883e+00 2.834629607990803990e+00 8.754017516557954792e-01 8.149159808572393970e+00 8.793672614103414276e+00 -1.230985733329050547e+01 8.388599141654369262e+00 1.421461470789554760e+01 -1.033555552651230691e+01 -1.744807513262376730e+01 -3.204293352812798368e+00 -6.353828153640446175e+00 -5.522997789498500509e+00 -7.066297853616497093e+00 -1.422032636369505099e+01 7.072483903489159118e+00 8.488911916068481389e+00 -1.293382781915682500e+01 5.174875445228348525e-01 3.423304973671344342e+00 2.567994209312877807e+00 -1.203671572432906700e+01 -1.408982410586306244e+01 1.765809455033894437e+01 -1.816136557321691214e+01 -9.615126436434184853e+00 -4.247649573806081769e+00 1.382250066293807311e+00 -1.406358766050039577e+01 -7.679259782310808191e+00 1.180507147406576074e+01 1.171567707811713532e+01 -2.352835328542008497e+00 -1.009532749047376576e+01 -1.054130791443410509e+01 3.659851771153131317e+00 -1.352231960857460003e+01 5.604581711332015104e+00 -1.004314224805303013e+01 -1.653776542882645373e+01 -1.543624122656065367e+01 1.267694679123997581e+01 -1.114023410039500206e+01 -4.785870466606676921e+00 -4.451925638372611793e+00 -1.903593806808805766e+01 -2.457909854457046350e+00 -4.866319146346147484e-01 6.019497282463108334e+00
-1.033240188326254305e+01 -1.083760134028680788e+01 -2.917578277652289831e+00 1.280577623568798451e+00 6.457617665719593170e+00 -2.052491582089683675e+01 -1.145465455170604230e+01 2.999205111586786376e+00 -7.768702799885962573e-01 1.707597011085249150e+01 7.907125728188905356e+00 -1.825533779710602289e+01 1.570166042907402115e+01 -2.540034406211137075e+00 -1.171969935464044266e+00 1.170241314646351727e+00 -1.026844481024365585e+01 1.849766486977671320e+01 -6.498184418833778508e+00 -7.075009008768327945e+00 8.148577594479629482e+00 1.016451744432150761e+01 2.043224641801685593e+01 -3.903303420965730908e+00 1.255926101428417319e+01 1.136828429027021770e+01 1.527972304173321305e+00 5.163660311398517777e+00 3.355609317342801035e+01 5.612929407680825378e+00 2.054880652936859775e+01 4.673951930243500641e+00 1.995395960194754892e+01 3.042322762823866356e+01 1.205917294677824714e+00 1.997064397268951907e+01 4.121531551961514594e+01 2.210119148440788450e+01 2.557503689700505944e+01 5.803122443247726636e+00 1.699260328057666669e+01 8.685772925348826945e+00 2.502957127237553792e+01 9.875956352028168794e+00 6.556934680481695921e+00 1.048653018127463099e+01 -7.301744391060674744e+00 5.026124574554275526e+00 -5.291696153096516753e-01 4.169668340790678940e+00 4.199689784714055740e+00 3.303171103833703715e+00 6.915508878174522422e+00 3.914461985145816225e+00 -1.217795799130317569e+01 -2.824555876791881204e+01 7.980003498062283818e+00 5.805078164258821616e+00 5.666936142862860848e+00 -3.569430394249734739e+00 1.046207956442349918e+01 -1.207565204483620214e+01 -1.409662994114782109e+01 2.667637693974278079e+01 -8.569244321205477632e+00 2.529798773427241798e+00 1.727512126341787191e+00 5.654245489416262593e+00 -2.616360575914618014e+00 4.641486191487020463e+00 9.459334895697642409e+00 -1.198311788064702554e+01 -2.679109941031193642e+01 4.372781903196273134e+00 -2.374319236578186576e+01 2.993588465482332150e+00 -6.797540609442775938e-01 1.064762418462496463e+01 1.407036388453494880e+00 1.216843306329409380e+01 -3.978684869049867068e+00 -1.937248722025018566e+01 7.776780421498877161e+00 5.916490170008863458e+00 -7.133759536740535978e-02 6.014922914643126894e+00 -5.581197291229194057e-01 -1.447772268971614196e+01 -1.046168459777316784e+01 1.647454680591305287e+00 2.042411939889717232e+01 5.157958883357245838e+00 -3.229934155851896804e+01 -6.070314888493280492e+00 -1.994449131123557706e+01
-1.162832965017430631e+01 -2.026359395207183667e+01 3.498781237953045853e-01 -1.112797097382212996e+00 -2.492097084393396944e+00 1.292175031937448981e+00 -4.217674982640320813e+00 6.662786036711687565e-01 1.522092589713869515e+01 -1.528969712964615368e+00 -1.014288183305722413e+01 1.009123304303616919e+01 -1.086692948596395780e+01 1.852665380372954473e+01 2.472833095765552880e+00 9.735558336800011148e+00 -3.408546334857338600e+00 1.711322136711443065e+01 -1.222743738939707780e+00 -5.870979292876352673e+00 9.978510874351136373e-01 1.844409588195126126e+00 5.985469635540018096e+00 1.238701106963604381e+01 1.663119147800113495e+01 1.380787004146719887e+01 1.353798382032919179e+01 9.746105892289717687e+00 5.193968253367859944e-01 1.386959183577638299e+01 2.813706095798472973e+01 2.286958325055649155e+01 3.069940362136927092e+01 2.762342069186349391e+01 3.706158452837030381e+01 1.190827325057841968e+01 1.288903990560971202e+01 8.046139939672123376e-01 1.284758692116944268e+01 2.547246032819428052e+01 1.176264305650735409e+01 4.606899569558878937e+01 2.239173353833407276e+01 1.662246925667497166e+01 3.040109810720009165e+01 2.748261269755694869e+01 3.239701742510494853e+01 1.541203980285745878e+01 1.382146139104563431e+01 1.954936542303249070e+01 2.528362993934655378e+01 1.790916810697456896e+01 1.180140386948550102e+01 -1.949137670633481534e+00 -7.814657398154469803e+00 1.399879930566172703e+01 -8.893952535050724251e-01 4.508237441895968978e+00 -1.144449617069578018e+01 1.505875352353885255e+01 1.239144595390117409e+01 1.802817484812138105e+00 9.217606840911070520e+00 -1.185846288346335697e+01 -1.274816159133793292e+01 -1.839109931546314058e+01 1.174017637047971441e+01 1.652564033190637716e-01 1.516575240308791983e+00 4.099319091163096118e+00 -2.058945236173044258e+00 -1.104768810236543075e+01 -3.268422972269478777e+01 -2.885081731126186710e+00 3.538386941298600430e+00 -3.663789965223124501e+00 -1.598568917880696638e+01 -8.605644882969277987e+00 7.298608336020765641e+00 -2.073316971152787680e-01 -1.567986831936279479e+01 -1.178661746122473319e+00 1.723163170203651617e+01 -1.079486703692995775e+01 -1.713602042353543098e+01 -1.950132383648685019e+00 -4.800484367592671830e+00 1.073416779188963943e+01 -1.033758385249621803e+01 -1.613073149754890778e+01 -2.374602105462355617e-01 -1.355885535255478480e+01 2.680671286396989927e+00 -1.862766197097857557e+01 -9.454456021281707478e+00
-1.107947015876035302e+01 -9.976955185334492882e-01 1.619536707568452627e+01 1.194806005885213551e+01 -1.780056025942504050e+01 1.624044247788799566e+01 -2.375687631718207626e+01 1.139749017302554357e+01 -1.175313080033162194e+01 -4.130293086952384840e+00 -7.619526224627160005e-02 -1.703954665493883525e+00 -2.545645145273650201e+01 1.755418666927701921e+01 6.762782627732096152e+00 3.691494161048225475e+00 -1.889978151392151418e+01 -3.313403161832134902e+00 -1.272821561312630223e+01 5.934022605258956418e+00 -3.321879246806315411e+00 2.308149902714158586e+01 -1.026643049999437451e+00 6.953057824756673000e+00 1.050377314702759790e+01 3.837727409704543291e-01 1.097541676847355774e+01 2.239291995647455735e+00 9.035585412416320850e+00 -8.096861548822964494e-01 1.495953701004564351e+01 1.286939099325951297e+01 3.153716920413762281e+01 1.839421227220300281e+01 1.794200915773710747e+01 3.055427823477073090e+01 1.275777882369417426e+01 3.123290241176207260e+01 1.342812302450819217e+01 2.840340909640034539e+01 3.791149593668032480e+01 2.822099388737768066e+01 2.811189431171717956e+01 3.947234280781024296e+01 2.420312191710766569e+01 3.662114569773881101e+01 3.309561729501070459e+01 2.595977827265244642e+01 5.441105947030711931e+00 2.374227671645560278e+01 -1.359107315236727231e-01 -3.297701921466234865e+00 1.065858326597654226e+00 -7.963559522241306254e+00 1.264064059586631039e+01 -1.196809999898856347e+01 -5.444954411855810195e-01 5.848589849025895404e+00 7.615916275921714274e+00 8.531583020452842447e+00 -1.877539293353576166e+00 9.841026592820666608e+00 1.389961661702292517e+01 3.425911599651555672e+00 9.762856292410885928e+00 2.588662386134898075e+00 -2.213278513938789160e+00 1.807924168453099334e+00 -1.185545791034927277e+01 1.470183933629361395e+00 -1.866259632612272767e+01 6.258875034797759085e+00 -1.583853600324781619e+00 8.692184264136352922e+00 -1.182674150655864942e+01 -7.057617532935322124e+00 -9.568583631462725947e+00 -1.428979002877735738e+01 -7.509775121682102039e+00 -2.694978046359988610e+00 -1.902116072737493369e+01 -1.951293250194525486e+00 -1.514552336189637316e+01 -7.455001482516037115e+00 -6.959485954567062649e+00 2.764193395957278199e+00 -8.416094837975855114e+00 9.516836254498336700e+00 -2.399575858652978155e+01 2.479652206007979753e+00 3.500472097048827447e+00 2.616927232830270622e+00 8.056438099903330041e+00 -2.930411260257913142e+01 2.659653873117628908e+00
7.544965806416836784e-01 -2.490592914134769131e+00 -5.142114937950347908e+00 -2.548634151276115389e+01 1.764951682497905239e+00 1.416599149106208344e+01 -2.276354844123806842e+00 -9.146443004540923738e+00 -1.898728177562165698e+01 9.703921927887304122e+00 -6.764470875783160864e+00 -9.327045088864007738e+00 -1.400948299072891601e+01 -1.302119950708636864e+01 -2.300306844789287819e+00 -8.838677192290411710e+00 2.289476705487694552e+00 -1.079980398234376082e+01 -2.172403877564802599e+01 -1.700777898727189097e+00 1.207161914846578377e+01 6.270485235204704466e+00 -2.388280558105782436e+00 -6.636007502515588463e-01 5.316122779686637045e+00 -1.153502322157709870e+01 -1.041127884533134029e+01 1.841722808202626638e+01 7.422459608282672150e-02 1.806933467057830001e+01 2.071914123184565781e+01 3.556266121799542645e+01 3.377332425871669130e+01 2.269820433191308240e+01 3.504066295199301351e+00 2.734428691569060632e+01 3.521957527437340474e+01 3.512883427867866004e+01 5.320611207650130581e+01 3.046190220517215153e+01 4.489596176717313369e+01 6.102307674006972604e+01 3.806017901570400142e+01 4.268866181906546586e+01 3.798639313667013795e+01 3.881529596843363805e+01 4.350369071611330440e+01 1.215681197011769399e+01 2.165970172458758469e+01 1.919022427115221774e+01 6.102664569098338987e+00 5.160139773133389340e+00 1.240825745773708277e+01 2.991643152228791891e+01 5.124790883773250982e+00 -1.487953818752368429e+00 -4.923764619739929849e+00 2.278847560440727094e+01 8.059576916040736450e+00 -1.433945578169653778e+01 2.132535397083563211e+01 -9.087007048828665390e+00 6.234577636105669285e+00 -1.346936023718880193e+01 -2.537251008909409578e+00 -1.663406763390459631e+01 7.774602706125033791e+00 -1.603500564188044875e+00 -5.804345888655361385e+00 8.694616736747917685e+00 -7.926861837433623492e+00 2.127864853524812361e+00 3.792063447624992811e+00 -6.397470842735504704e+00 7.979200204744809177e+00 -7.321690897185996860e+00 -6.874850786708194050e+00 -1.164288306663644335e+01 -5.242016958837615093e+00 4.280175369641166405e+00 -3.841422153606516954e+00 -3.516408013063947458e-01 -5.903991155451784323e-01 2.913518835822565212e+00 -6.800044380856284043e+00 5.726689212039806520e+00 8.086312055936279108e+00 -1.403124023201760373e+01 9.146481307813445483e+00 -6.083650517217387588e+00 -1.819728290125070203e+01 -2.901372843244450994e+00 5.007307549146640113e-01 2.946644892059966825e+00 3.181722753012023563e+00
-8.649479358123941530e-01 1.239738764607890786e+01 -1.497084676613112997e+01 -7.103869147682511098e-01 -2.333331135976675696e+01 1.129385578674211388e+01 1.570542840310351274e+01 -1.609748177012608394e+01 -1.749977163347529086e+01 4.375350891788007957e+00 -1.499931252637927059e+01 -2.641061647412899838e+00 1.553593968983242135e+01 3.068515123657667765e+00 1.606587940130016889e+01 -5.586497058614089184e+00 -2.698475198974643163e+00 1.128970926050309664e+01 -1.976516680014523075e+01 7.765164327790703425e+00 -1.485626891429529861e+00 1.113849247354676564e+01 -8.101177563455694397e+00 5.665336792487838835e+00 -1.961869131167770419e+01 1.645487092021995323e+01 1.859380337063469213e+01 6.457893983043798691e+00 2.016664198437899103e+01 1.386173393846149438e+01 2.104709125451363860e+01 3.297030565457598072e+01 1.695762709765709531e+01 2.575098231814905603e+01 5.004630706083372615e+01 3.592522594131746416e+01 3.618063318161659936e+01 4.492788908873157538e+01 3.311750690937760311e+01 4.611936501334337635e+01 3.689518134940986016e+01 5.244793663621578617e+01 6.562566125895068581e+01 8.400246281159948580e+01 6.621353629617848924e+01 3.245484347224594757e+01 4.195970588634423137e+01 2.659550756789577619e+01 2.832631914623809166e+01 1.569837404737364750e+01 3.509467580322370495e+00 6.583524757577313480e+00 -2.329996705377069599e+00 3.876429460603846966e+00 7.403440631020870022e-01 -7.807119050474671251e-01 -2.486187892462102056e+01 4.021758538778521519e+00 -9.489889686629123133e+00 -1.443008537014250336e+01 1.722819287933907262e+01 1.057968583881520175e+01 -8.669125467791770845e+00 -1.552889163075988677e+00 -8.881902765647842202e-01 -1.485300721768799548e+01 -9.106134868662557835e+00 -5.414106591322060957e+00 9.322530554382783663e+00 -1.032376027314188072e+01 -6.623422801980673569e+00 9.920574448235489839e+00 -1.784596894706829318e+01 1.741478718071129705e+01 1.600606103034364835e+01 -1.702928377784522951e+01 9.114697809429037179e+00 -1.509593402837135834e+01 -5.098726158558964272e+00 6.006949164952132492e+00 -1.233953010495382507e+01 -3.225467998111221757e+00 -3.835359542201345562e+00 -1.641359473306559380e+01 -1.175953794121256024e+01 -7.159138795492587803e+00 -9.183059895173759202e+00 7.126928365366957507e+00 2.156737897637398049e+01 -2.287255975767043648e+00 -5.448765079030728486e+00 -1.987045368981076265e+01 -1.623163693134290986e+00 -7.530635004851417236e+00 -1.909888391730966717e+01
-2.478183137222077903e+01 6.255353601901250116e+00 -9.556486003295592724e+00 2.442042444999423267e+01 4.365366259661086268e+00 3.281266403210692406e+00 -2.444956276455692290e+01 -1.930688117946420945e+01 -3.919608937425462791e-01 -5.065813708743480248e+00 1.659799287637908805e+01 -2.183856366137789706e+01 -6.413809523437482341e+00 -3.667901783993421816e+00 -5.579897850658927183e+00 7.631144361448362723e+00 1.291956905366037667e+01 9.754379086058749593e+00 -1.235208640915460521e+01 -2.858598148840419739e+01 5.763777150322778375e+00 -1.237956451874378239e+01 6.801095689483300788e+00 -3.293358591463673601e+00 1.594468182003136114e+00 1.490139622281050080e+01 1.661891269113058200e+01 -1.995040785493733537e+00 -6.735718452984565729e+00 2.380558641139280240e+01 5.454762059624393089e+00 2.126360565644759504e+01 8.653294913765838814e+00 2.671699847845015086e+01 2.726160587194021190e+01 4.382174911112748816e+01 5.672965158253584406e+01 5.131918548490369147e+01 5.186797271822079836e+01 5.803784094113488834e+01 4.826450470165536188e+01 5.662091313451300323e+01 8.044777857102417329e+01 6.040827989012689159e+01 5.194794588146380931e+01 5.653607154378850908e+01 4.591234405331327650e+01 3.596298820521575124e+01 3.393766267545916548e+01 1.293387517465502867e+01 9.763640802579583777e+00 -3.994398512012203639e+00 1.105930985422897628e+01 1.489711369325350976e+00 1.914635392275836168e+01 6.666667915418589274e-01 -1.548496352789220332e+01 -1.867917232953437079e+01 -9.117346605588656061e+00 -1.554182340562127340e+00 -3.941620173257365245e+00 -6.999382556573574554e+00 4.160314284054682510e-01 1.165473720443896077e+00 5.889117680882906214e+00 1.482050484646218358e+01 -1.709088497399836726e+01 -1.063913624467046937e+01 8.794018898470570278e-01 -8.417554779511595697e+00 -1.819204246472631326e+01 8.046895841346032086e+00 -1.214712795490207142e+01 -1.859098495070960411e+01 1.407032377007766399e+00 1.296295874533804593e+01 -4.114504882518390083e+00 -2.946069961649940794e+01 -6.830988139146221272e-02 1.008722746182963448e+01 2.130522560717642833e+01 1.904163892948886172e+01 1.177222211831075072e+01 -6.908524773487474846e+00 -2.702451037639835629e+00 7.685884394471131920e-01 -4.217724368445550098e+00 -1.159109493554086656e+00 2.586125069258962572e+00 -5.079000577846015219e+00 -8.744063726477666165e+00 -2.498609617905270142e+00 -1.840826954364910284e+00 -1.169661202104744113e+01 -1.230840020344160024e+01
-2.535701227154611548e+00 -1.501290542926333593e+01 9.686241785980699959e+00 1.760359294698736754e+00 1.402384090888422463e+01 -1.040588800600361097e+01 -5.036243002329547913e+00 -1.847266504671549114e+01 -1.037074995070699046e+01 8.108968440646124876e-01 2.630995277965037626e+00 -1.869570639372184573e+01 -1.382562479335034133e+01 -4.517764194944674294e+00 -7.061665819165895641e+00 1.652544656164387948e+00 -1.068267760369945307e+01 -4.597498422952138952e+00 -1.807786401645980590e+01 1.173578541248276430e+01 8.282101807758461831e-01 2.994547877744957454e+00 5.366340170579814384e+00 1.985152912473665765e+00 8.035667004160330862e+00 1.366463020512370541e+01 8.540474045023097815e+00 1.647067410329235315e+01 2.346405901770265245e+01 6.440256600155207067e+00 2.834864477436134322e+01 1.974069277817743995e+00 2.313126881610458341e+01 3.035249166728200976e+01 4.221947135837818621e+01 3.834830139184676057e+01 4.363699057714052998e+01 4.589244139023067959e+01 5.925337981378110186e+01 6.886662393777494628e+01 6.149530908504464577e+01 8.622497963745725258e+01 7.105276690610118351e+01 8.342443699994058193e+01 7.570969177940844475e+01 6.298962532368770439e+01 4.967712305092841518e+01 4.567399610859528281e+01 2.280690236814778871e+01 2.198978735169359666e+01 1.483105302522751145e+01 9.529178501362160603e+00 -2.485956931935566327e+00 -1.345924528716790292e+01 -2.160128721481675562e+00 1.753995135526455140e+00 3.959834251060877275e+00 7.198581672420267807e-01 -1.528996557246477472e+01 -8.697241400848371384e+00 -1.672549225109585258e-01 -2.379407718720442322e+00 -7.935313557433278930e+00 -7.395861102104960949e+00 -6.545049098586279257e+00 6.974243680487557384e+00 -1.409992988403100966e+01 1.759469902030331667e+01 -1.362178930820400424e+00 9.052933106699128984e+00 1.443033330992119279e+00 1.534925535569143129e+01 -9.096511397881541505e-01 -3.408753892728157098e+01 -9.583708118100403794e+00 1.439167001087730569e+01 -1.264704985763393097e+01 -1.401258531596539392e+01 -2.546343579880322494e+01 2.869249492050335082e+00 1.841178492359659202e+01 -9.583603431199776423e+00 -1.682263460514651499e+01 6.792220472326553349e+00 -1.184163389304957237e+00 -1.246879087968704525e+01 -1.449103179197503444e+01 3.453208811792154886e+00 -6.039378826654139942e+00 -1.357020904987328969e+01 -1.498900682298788034e+01 -9.342824458548824040e+00 -2.575719148616867571e+01 7.358865156137595065e+00 -3.943579853600032159e+00
3.161180737725659995e+00 -1.149840480623173011e+00 -6.394967480209771793e+00 6.506769705920145697e+00 -1.789679472440199248e+01 -2.136515227275324591e+01 -8.215022940218341674e+00 -1.106101300019443379e+01 2.313786746684585083e+01 -7.272439128572428579e+00 -3.538438504394253670e+00 -4.091382285279088649e+00 7.845402282820437279e+00 -4.450429822279419412e+00 4.845382950245181952e+00 -1.905538613864501407e+00 3.423066477683269326e+00 -1.340160141336139921e+00 -5.952080876299573831e+00 -9.179034759863213822e-02 8.227008317994425113e+00 1.832157487231062643e+00 -1.034937727656448914e+01 5.696015722128329628e+00 -9.989988758415840664e+00 -6.601384112772477941e+00 8.781602636086407454e-01 5.252439675892039972e+00 9.407361445693220858e+00 1.104352086074694128e+01 -1.280534711501861267e+00 1.900855325626179848e+01 1.389289373182128884e+01 8.229613922394108272e+00 3.324198146409958099e+01 3.438181144037378090e+01 4.341870976661666504e+01 4.076082252835881548e+01 6.443161373889515176e+01 6.676322981806592338e+01 9.031601307640130472e+01 9.060735214284925121e+01 7.415707561887921884e+01 7.780251765175300704e+01 8.670756008891646616e+01 7.191320681273971616e+01 6.169366954842821826e+01 5.205061916080749285e+01 3.180195469114308082e+01 2.554690133845653577e+01 4.369992217364270459e+01 2.451170569504404284e+01 4.228605172248172117e-01 1.346462002182223650e+01 3.761960030803029653e+00 3.452515265867285077e+00 -5.073790820654526357e+00 5.160832901440945975e+00 2.933369669489888309e+00 -7.700931576091095465e+00 7.726185801184492163e+00 -8.658864766285962133e+00 -1.768259711653266919e+01 -1.269497426634453063e+01 4.906945912151965850e+00 -1.161469496273474888e+01 -9.461183626917769374e+00 -5.534801512604213158e+00 -2.999572012122735742e+01 2.082172569284437724e+00 -2.416412929649542907e+00 2.535728770125203813e+00 1.863717841289100896e+00 -1.252713565702966214e+01 -3.746914381221392087e+00 -4.659491298573177787e+00 -2.694303110535918311e+00 -2.038496950284403653e+01 5.459218751714686846e+00 -8.782924497072338355e+00 5.116425152276121935e+00 -3.155003857206522966e+01 -1.668848164072123197e+01 -6.331430762529137724e+00 -6.235296036287278909e-01 2.588317673001996777e+00 6.734940415084000875e+00 -1.153481220171435595e+01 -6.481240379749686475e-01 -6.874761392050416475e+00 -1.559732144550441468e+01 -2.042212359406596178e+01 -1.418949936264114342e+01 -2.863096529581084404e+00 -4.974874042080040581e+00
1.088098822494480444e+01 -6.471981792894890617e+00 -1.163309212176444563e+00 -1.619420685819264705e+01 -8.388590781614263747e+00 1.302885877901753631e+01 1.242404240382712910e+00 -3.041321898638642551e-01 4.195627486236506165e-01 -2.360903494967709904e+01 7.491596283503239917e+00 4.668350172815376453e+00 -3.512907303210254018e+00 8.599314358943255243e-02 -1.099933578744285434e-01 -5.361875431669139047e+00 6.929071014431561260e+00 -1.041880887238241726e+01 -4.834032313686590143e+00 -6.151116473111484240e-01 1.393786443127580377e-01 -2.157182530294941003e+00 -1.211426277886409864e+01 -6.933310240595112361e+00 3.503146721610941317e+00 -3.708494828927938691e+00 3.990263591767185147e+00 -7.814836146595775190e+00 2.929125106171309723e-01 3.981261473150483177e+00 3.960670952076219553e+00 1.817525973485290081e+01 7.342277984237867372e+00 1.782675863953754458e+01 1.892870014049323402e+01 2.711385288896908818e+01 2.569607346104970347e+01 4.461179077254195846e+01 3.580201951111666858e+01 5.362223176503576383e+01 6.869689901742451354e+01 6.842197848288783746e+01 7.970356195780630060e+01 7.683870790849250909e+01 7.520377327257085653e+01 8.108956143219111823e+01 7.062308159087925219e+01 5.157746857465176760e+01 2.979343475096330707e+01 1.826897067228344440e+01 1.280844603825039485e+01 1.368813835691667968e+01 -1.442393733470851735e+01 -4.780915185513864851e-01 1.202058852672597844e+01 -1.459438011125872237e+01 -9.335043852619758553e+00 -7.711228256152776517e+00 -8.378012218658525967e+00 -3.341147480556874161e+00 -1.060264663136149288e+01 1.809564952036954111e+00 -2.156546265090560510e+01 6.205718011829949532e+00 2.170831561811237265e-02 1.334496323750415669e+01 -1.284567928403623860e+01 -4.523098959393852425e+00 1.066916252842169577e+01 2.424189483905903941e+01 1.725781678916836981e+01 -7.564280600411255939e+00 -7.866992379381714251e-01 -9.223211176430677227e+00 -1.886409585904807429e+01 -1.221957680594536022e+01 2.751938911437417090e-01 -1.557004939342343697e+01 -6.427005351128736166e+00 -3.704857404131005172e+00 -7.958156252571594536e+00 3.295513110988311123e+00 -2.862149762991082724e+01 -3.262802922747094048e+00 1.566015995706474317e+00 4.401112114604373460e+00 -4.672482949777646333e+00 -5.902385915413534079e+00 -3.679801215712042328e+00 -1.053102425224082062e+01 -3.439085528346520260e+00 2.024253072934190101e-03 -8.954959363729512845e+00 1.208542155632305537e+01 -3.050319112998741033e+00
6.569036031711061874e+00 -2.109743909578480014e+01 -4.999484310672359655e+00 1.397813388357055331e+01 -5.010713722248498314e+00 -3.362040849138001608e+00 1.153337795110890873e+01 -5.305252832365030535e+00 -6.561640489949354560e+00 -6.571487225598575677e-01 -1.072710722394888627e+01 -6.306125530279945934e+00 -8.184801383218847093e+00 -1.313366242500696757e+01 7.709328912146871104e+00 -5.228289853331419934e+00 1.225564281690127544e+00 1.628676343923752157e+00 7.636174669644803181e+00 7.648379280312662232e+00 -5.302901786587932875e+00 -6.446325718539478444e+00 1.246504830453599055e+00 -1.219504768875546930e+01 5.700373261514038781e+00 4.678242168565081016e+00 -1.644573558622265708e+01 2.715012733765047059e+01 3.071518969700370860e-03 1.208159905831528746e+01 -1.462973581510614807e+01 6.851653758724141952e+00 1.209249131183171855e+01 2.614278978178533208e+01 8.651618263348293425e+00 3.517137641328658049e+01 1.904956803428766321e+01 3.165602562273905818e+01 5.639294389227640636e+01 4.603038880897636886e+01 4.368277507739547616e+01 6.158566357096899679e+01 7.211836267196976280e+01 8.637277817858645790e+01 9.296209724103218264e+01 8.294881827311111522e+01 9.307083128265048799e+01 4.600076132906623627e+01 3.851809398505422166e+01 3.448298488974207032e+01 1.529308428981823020e+01 -4.771175595230690902e+00 6.275188267906937511e+00 4.882739138282554237e+00 -4.285203402141641860e+00 -5.080259577804699944e+00 -5.977450362553046403e+00 -1.768252473801193858e+01 2.786541410974774369e+00 -8.098049243414678244e+00 2.747365090625816464e+00 7.048311073911023072e+00 -8.039876227736183267e+00 -3.034123365201859990e+00 1.095233626766829360e+01 -2.005961203334605258e-02 -6.526485348608607850e+00 -1.676617057734685901e+01 -1.991727197828447160e+01 4.385472906719377839e+00 -1.511353369815295977e+01 -2.540881916056514367e+00 9.176187304714300552e+00 6.957681705329941124e+00 -1.091881093378713530e+01 1.252446448936953338e+01 -2.726534539672708135e+01 -3.113726072534156675e+00 -7.323771912383874039e-01 -7.839737846040994995e-01 1.749803584261176770e+00 -2.907555407553581439e-01 -3.606804857888391780e+00 -5.185579653094647412e+00 -8.950046856253807803e+00 -8.421548768940304797e+00 1.000517567088028947e+01 8.638812502179190389e+00 -1.176387388269501422e+01 -4.264001779426440208e+00 -2.451373025641211711e+01 -8.043566758802198180e+00 -5.576876635713105657e+00 -8.301241445669051089e+00 4.396308983329818787e+00
8.453186983383886854e-02 -6.772410980628706056e+00 -1.222635744025962801e+01 -5.433075980579701536e+00 1.842202740919465498e+01 -1.887647454514821987e+01 -6.238401729919061722e+00 7.487528851614613679e+00 -5.152955976596020449e+00 -1.024504772311437151e+01 -9.800459499245732786e+00 3.462371366183622623e+00 1.050093465819585070e+01 -3.017601181674628208e+01 7.156263145032708550e-01 -6.056389957056639517e+00 1.007341875050573421e+01 4.312066220055698729e+00 6.399801009751131531e+00 1.854954620369054119e+00 -3.649990693040086498e+00 -1.312361812631178282e+01 -5.889524167703054758e+00 -2.261353950068674123e-01 1.471730465369846641e+01 -9.070795362733701239e-01 -1.386734594122928499e+01 2.241750814126644009e-01 6.449818363729343140e+00 1.283392977314518291e+01 1.069657635822363062e+01 -2.770947791605685939e+00 -5.900702551558638653e-01 -1.811435638109514912e+01 2.790736616958466421e+00 -6.311571638750486102e+00 1.630576298371299870e+01 3.736834775840769396e+01 3.686201903117317613e+01 2.604192898629700892e+01 5.868434677933164068e+01 6.474771005646040578e+01 5.163754187035885934e+01 6.439304010775647669e+01 8.372069113488221603e+01 7.717283466298988515e+01 7.391429972820120042e+01 4.154685963534504367e+01 4.462948814059063807e+01 3.816315639010743155e+01 1.111144680844425991e+01 7.831258595668761480e+00 -1.881261180144964129e-01 -1.214810993942851747e+00 2.321601975612834767e-01 -1.597338855793408996e+01 -8.975652607685247197e-01 -6.700849949478038248e+00 1.657071406451960627e+01 -4.564503453456925541e+00 -2.001124191399853203e+00 -9.527609876828702085e+00 -4.890363511226130555e+00 -1.379020142472188581e+01 -7.229203918843397858e+00 -9.404039780225188494e+00 -2.142340085401167116e+01 -1.636528809114551208e+01 -7.367903592658166190e+00 1.663005596937165542e+00 -1.203366461013934341e+01 -1.005757651665732411e+01 -1.083559277276982513e+01 -1.654291273379328331e+01 -5.790455377830378225e+00 9.698419441223549597e+00 -6.916613815351761119e+00 -1.140753354317803847e+01 -5.608181550482247424e-01 8.055448574669105355e+00 8.253882717111101996e+00 -6.237385843980671751e-01 8.276620359423395357e+00 -1.561999051513116399e+01 -1.154042464565494974e+01 -7.324578913910462674e+00 5.959046041572754859e+00 -2.376819231281107392e+01 -2.624327563197572211e+00 -7.674524158159201193e+00 1.086231637724335286e+01 -1.068932223895805045e+01 4.380748722140582530e+00 -1.039416112470384013e+00 2.758061666713087501e+00
7.505251216156265670e+00 3.046723275128703445e+00 -1.571558785150636739e+00 -3.978485835008864324e+00 -1.150541278056687133e+01 -1.174383341412177373e+01 2.231953393622443382e+00 -1.626042516106084435e+01 -7.051633674465641377e+00 -2.468138023608157994e+01 -1.552220006498887805e+00 2.763752326813917470e+00 -4.928875816945665456e+00 -1.196982560324060074e+01 -5.010816944606053092e+00 6.384549325442114842e-01 -1.908549526248075878e+01 2.624778182942570037e+00 -1.288446490026626279e+01 8.195905676794485117e+00 -1.415721373356414237e+00 -3.583996181957483707e+00 -5.008919250475216245e+00 -1.321280537406561173e+01 -1.218789957727914430e+00 -1.264735784783220929e+01 1.458584151733667067e+00 -6.668032739062451419e+00 -1.115758963721644825e+01 -1.045425218587999794e+01 2.902065471251055850e+00 1.685881978097187428e+01 -1.697618164817669850e+01 1.179643707957333554e+01 8.784742708694341928e+00 -1.256468835213223834e+01 9.951112539798289802e+00 5.410433037705846715e+00 1.723783800769782459e+01 3.135206594133044788e+01 5.271051092618928635e+01 3.991428031068355864e+01 7.692830359096726056e+01 6.542414677505934151e+01 7.376386575253728495e+01 7.121286020852059551e+01 4.865641327567493590e+01 4.430253047304822189e+01 3.885046870073095704e+01 3.322519512751254922e+01 -1.982492869638175392e+00 2.887336562542920149e+00 1.370886966126864515e+01 -3.852896082774662112e+00 1.670267798378946722e+01 -2.622090759987850817e+01 -1.949470648669731432e+01 -1.953463128860414955e+01 1.461021759091313221e+01 -7.151008128495977445e+00 1.077311943856916976e+01 4.999962872542253578e+00 -1.171492619694509330e+01 -1.709315248691108380e+01 -1.811686138863433104e+00 2.060607904055360251e+01 -7.298511628901153792e+00 1.315014573151285759e+01 -1.762700770439966291e+01 9.650379964864228555e+00 -1.238190327585622974e+01 -1.093680374392318910e+01 -2.408083903019035521e+00 2.851035382589160339e+00 -9.211258192730586103e+00 4.849154832098129475e+00 -8.205194721511492872e-01 -1.735399078515328597e+01 -3.354997659805868171e+00 -1.090827139777705845e+00 -1.419825567505563324e+00 -1.295603750515229891e+01 1.301068197858588071e+01 5.402266455024036240e-01 4.114921047156054001e+00 1.349694025607401482e+00 -5.784011332508164571e+00 -1.570221360539097333e+01 8.864716161219869051e+00 -7.651470003654626595e+00 2.804860675149486671e+00 4.937137812791601021e+00 -2.559236381158197737e+00 -6.149027057622826753e+00 -4.487845367624798243e+00
-1.351205344239383876e+01 8.029416023128423063e+00 -4.716953111844259361e+00 3.924307346426950449e+00 1.798698328970118254e+01 -9.041326521125206739e+00 9.957529722033836350e+00 -3.343199533579471527e+00 4.931352206075015232e+00 -1.707966643761799830e+01 6.788230696360349370e+00 -2.208317355806835636e+01 -1.061267699817157428e+01 -2.879919197449322787e+00 1.420562713637214358e+01 6.190638941524046146e+00 -1.860397565592293390e+01 1.182038553311333118e+01 1.301054595246140977e+01 -1.834319067080761201e+01 -2.677944817848150549e+01 -5.307443729246308806e+00 -6.852367008813574856e+00 -3.575788700655970764e+00 -5.990160451700648814e+00 -7.347050452396431730e+00 -1.537102322641084484e+01 -7.601645327082163561e+00 -4.339164671042709642e+00 -2.049245043842756075e+01 7.083981692367296468e+00 1.595200471289892974e+01 1.150720644061994058e+01 -5.273648962754251102e+00 3.526493952978787760e+00 1.054209802901444171e+00 5.114750412937341117e+00 2.432397096603509112e+01 1.494365270415084268e+00 2.666950526918874687e+01 5.901383641462649621e+01 4.125351375600804005e+01 6.211351730022005313e+01 6.252430457447621848e+01 5.051268947733406378e+01 4.949556313808978558e+01 6.458662162878989932e+01 5.407571770951999923e+01 4.157700801828246284e+01 1.367582069611211182e+01 1.411338130813173919e+01 7.458864185604888064e+00 1.287657113029971434e+00 2.266109562446607661e+00 -4.780480040154754917e+00 5.722563459397491670e+00 -2.461763754399526505e+01 -1.833045612429126692e+01 2.170582626804039350e+00 -4.825736154695627889e+00 -1.271685355969878728e+01 -7.624868280761480932e+00 -1.639150150568152497e+01 6.354702927403003798e+00 -7.139630652883615092e-01 2.374886329047061650e+00 1.540255077102849768e+01 -9.353010420251475665e+00 5.015086972967521817e+00 -4.946402521347256886e+00 1.090216716930560548e+00 4.420273374819041479e+00 -3.272960060071796740e+00 1.750084173321709713e+01 -1.395344675960537018e-01 -1.838029127228712767e+01 -3.383990543841290499e+00 -1.496266948453573420e+01 -1.205458347645246242e+01 -2.061287266991778822e+01 2.049100951143290938e+00 -2.540134370805396813e+01 -8.969738207111024764e+00 5.662539101081476289e+00 -6.836558836647089521e+00 -1.589469527564339124e+01 -2.064558960237330876e+00 -1.073824017597155667e+01 -1.374414747040224682e+01 2.765601555782507770e+00 3.537694643401285699e+00 9.388670866429237094e+00 5.570332080227011318e+00 -3.467482799102556967e+00 5.084801472649120413e+00
-5.500427895588352101e+00 -3.800288739956256379e+00 8.557998323494727444e+00 -8.859554956426723749e+00 -1.835867672108021154e+01 -6.465967451643505726e+00 1.538682075335712085e+01 -1.175566102693528681e+00 -2.101431553264455410e+00 3.080659944478164824e+00 -1.784528891823733687e+01 -1.249646597566179551e+01 1.770406927748923387e+00 -8.730967423102143243e+00 -1.717057963496171880e+01 -1.681350589638189064e+01 -1.450538833650107939e-01 -1.259050060311475860e+01 -4.951116722049537344e+00 -1.516309648185757553e+01 -8.510887679826847574e+00 -2.039994969023807414e+01 -7.807586572785927714e+00 5.569004778333749073e+00 -5.507994448166528834e+00 -3.139324883646658293e+00 -1.461293706962520744e+01 7.186153924860869679e-01 -1.089240366712457231e+01 -6.351515372652777991e+00 -9.191368977668643581e+00 6.074720062824084721e+00 1.256523396498699086e+01 -5.669446078732478966e+00 1.165800974378787203e+01 5.850492380416517868e+00 2.178415667519450238e+01 4.938815013371678830e+00 7.026537779205789036e+00 2.707938452541986152e+01 7.823069141402967830e+00 4.149758098579961541e+01 4.627490099741923046e+01 4.040586326127418459e+01 3.673267979281966689e+01 2.784251138147918425e+01 3.437469537674675024e+01 3.936541380239431476e+01 3.205373060522649098e+01 2.696296631613788009e+01 5.180629645761283264e+00 1.923647266977756942e+01 -1.445907185277118590e+00 7.764677189783393274e+00 -3.091653804508780912e+00 -4.144596196782468489e-01 8.400109832557349776e-01 -3.175642113060428429e-02 -1.947345969291214285e+00 -4.211199286812210119e+00 -3.396523133117081539e+00 -6.512618514681819626e+00 -7.187125975863670746e+00 1.580955454853686248e+01 -1.739063259322735888e+01 8.838106216970884610e-01 -1.108090348338932429e+01 -5.185271611280707127e+00 6.286634585711224688e+00 -1.040448436653764475e+01 -1.282979851848273567e+00 -3.319914391341723281e+00 1.237436338424952531e+01 5.215036353419142401e+00 6.541171449537304561e+00 -7.621900803116970380e+00 6.272350904319175413e+00 2.066877519838349997e+01 -1.086447101634818679e+01 -3.519473144286183963e+00 1.431738097801004361e+00 4.921734459679598217e+00 3.162775917780276114e+00 -1.916271925777793150e+00 -1.321368351651129203e+01 -7.137007635352913937e+00 -3.015059455559964796e+00 -1.265047954098913152e+01 7.581010103625388297e+00 -8.051008078033431659e+00 9.266808841784266448e+00 -1.749233434325626035e+01 -1.412209844276048898e+00 -1.418911690992733909e+01 -1.532466503962540827e+01
-2.612992803369054151e-01 8.965051655715125634e+00 -9.717650759198715349e+00 5.280517325506101756e+00 -5.245879570578212636e+00 -3.439952311983551780e+00 -4.880403901296366698e+00 -4.329046112246048850e-02 3.825247767894627060e+00 -5.158106329167416959e+00 -1.238411714318725210e+00 -7.989344784839427227e-01 5.349810722056718149e+00 2.356371218066857676e+00 -7.864016712098200301e+00 4.837035267174373487e+00 -2.064124495049557417e-01 -9.757078291840226569e-01 -1.324906067050519987e+01 -7.413793571750018074e+00 -4.218041119713084264e+00 -4.736115561617495473e+00 -1.392259219446030194e+01 1.035059933011156730e+01 -1.173420650028161383e+01 5.186117265530806542e+00 -4.205389812762558854e+00 -1.839758125209898409e+01 1.250893830843072863e+01 6.480693427891363712e+00 -6.764879287468650304e+00 9.800397823528960828e+00 1.609185848944464592e+00 -8.049796906775579686e+00 1.541960424344992919e+00 1.040529293651766451e+01 1.813487901945881831e+00 1.274600818813934566e+01 7.160430842333425971e+00 8.254078305926245918e+00 5.930873184141042032e+00 2.811960361292910804e+01 4.580455880755646803e+01 3.078791344447929745e+01 2.412121000576558316e+01 3.267347257521468862e+01 3.440857619872230089e+01 3.960287188313272111e+01 1.859494113153154871e+01 1.703803137159270165e+01 7.106138495171522074e+00 -4.996282978220074611e+00 -2.960276575439878766e+00 -5.660565914342059912e+00 -1.003039613792657647e+01 -5.663974271819505191e+00 -3.690764640888297698e+00 -1.804604843494236377e+01 1.641556801455175929e+01 1.118174629671379883e+01 -1.292728380990887826e+00 -1.138908544081002816e+01 -1.207692668594363994e+01 -9.181652826795007272e+00 -1.179408372558232188e+01 1.834669583444830110e+00 -3.078230106008503242e+01 -1.237571176620840419e+01 -1.823871130740855051e+01 -5.034780030673108975e+00 -1.344256278703054264e+01 1.081354418766423464e+00 -1.957947171904438477e+01 7.064703547028676311e+00 -1.934479881112120436e+00 1.710367864403828975e+01 6.856749160591757430e-02 3.563410340395499976e+00 6.165266725633613554e-01 -3.113324547658985608e+01 1.741650624137564218e+00 -1.426699350012830081e+01 -1.735327528232772210e+01 1.375526980966169788e+01 5.007625194223999543e+00 -4.653421105932172175e+00 8.744053619815703726e+00 -1.405788308123681851e+01 6.546527142369516383e+00 -9.906569526273043547e-01 -8.540288968209541309e+00 9.481306656550565037e+00 -4.808819165415547658e-01 -1.717470554133664251e+01 -2.196745329261641899e+01
-2.243262621414950431e+01 -1.543563296298982124e+01 1.047627927711483409e+01 -9.472908372254131848e+00 -1.139446746322110071e+00 -9.064996284526603887e+00 -3.626952435354325655e+00 -9.483095923143536332e-01 1.066924077113788805e+01 1.805592302237329250e+01 -1.279585504872479795e+01 -1.221116695269013874e+01 -3.427422813677942770e+00 1.158777025168994612e+01 -1.237649297725049102e+01 3.593971530685978966e+00 -4.360506029723682175e+00 -4.583138946779358847e+00 -9.178013112104945748e+00 1.053878225004478963e+01 -1.086216200710739699e+01 -1.257042025553457165e+01 -2.621037120432630374e+01 8.626067459247241942e-01 -2.403431882572497358e+01 -2.807801951445521027e+01 -4.535273669508754324e+00 2.219582715026666708e+00 1.907178193153751522e+01 -1.137408607711593334e+01 -1.751210559855958593e+01 3.665492985025974537e+00 -1.137676943359642934e+01 -1.440308743305133810e+01 -1.309965923624896078e+01 -2.311018314743738600e+01 1.522551480921166700e+01 5.466516632608405146e+00 -6.706332429558926833e+00 1.431212065295867752e+01 1.357001503601474646e+01 1.873720143533866889e+01 2.375250482033916910e+01 2.008741361412479165e+01 1.891587156389346092e+01 3.427877447097330332e+01 4.772931117608220575e+01 2.184334883875634858e+01 1.098192089027026341e+01 1.874509645675492919e+01 9.548292717688324771e+00 9.036253716198197061e-01 2.105844460931394480e+01 -4.011966577053797778e+00 -7.599338073196997279e+00 -1.376120541834992395e+01 5.807320185832933745e+00 -6.273810241388556364e+00 1.519809406404145857e+00 1.090321664385743716e+01 -2.631550290767184208e+01 -1.851567682377089596e+01 -5.556603640982421766e+00 -1.594322892269990000e+01 -1.561474380531252493e+01 -4.825915773887294868e+00 -1.087877022498394730e+01 1.143800031106343518e+01 1.229151733226776955e+01 -1.394244520864020398e+00 -4.915154520598782995e+00 -1.066533498026271864e+01 -1.828835842339927353e+00 -1.318344020872518207e+01 -5.149390652953897529e+00 4.256702530052118405e+00 -8.289290862475526822e+00 -1.862365597807445372e+00 -7.792701605436073820e+00 -5.686026414830992692e+00 4.710036067891735456e+00 2.520220337427172108e+00 3.686462609206571095e-01 -1.052665142301621337e+01 3.374474234388014526e+00 -2.684133531580885546e+01 -2.926863640470132033e-01 -4.827788741866682720e+00 -1.602262201822727272e+00 5.333796400532884618e+00 1.167557531543154337e+00 -4.757316848520726893e+00 -1.064956815825135017e+01 -4.015193114683817122e+00 -3.330885943372106084e-01
1.038436597140613671e+01 -5.839272873088664717e+00 -1.997621172210603646e+01 -1.741504855384943440e+01 6.692001461153848751e+00 -1.335308032749072815e+01 -6.800502696791756563e+00 2.890067802432323862e+00 -1.337286038651314435e+01 9.066851517069691724e+00 6.861027047435403148e+00 1.111175399741490999e+01 3.026312722858689686e+00 9.891723875091729568e+00 5.052044891513753910e-01 -9.599209873186106634e+00 -1.576549763003126658e+00 1.195865559597840644e+01 3.818994457002540255e+00 -1.548479474326646077e+01 -2.465315331637509821e-01 2.560800074702173301e+00 -1.525140947016483040e+01 -2.304206089777860456e+01 9.514105261358234422e-01 9.195632499202577748e+00 -2.177732977537721659e+00 -1.956180994122385641e+01 -9.454236753723980868e+00 -1.339690121647114118e+01 2.818674354884056044e+00 -1.032393220669650802e+01 6.815904869694183965e+00 -7.795212122105230179e+00 7.851664161412275078e+00 5.035973915928551925e+00 -8.126444769559421744e+00 2.413715469769170952e+01 -2.841085918150075162e+00 -1.338136949299422795e+01 7.162185763054443655e+00 -1.782815233738325134e+01 1.803844322578094861e+01 1.804408727436445048e+01 2.688947819531004768e+01 2.174586340643630322e+01 1.457446113855311864e+00 -3.786942525477817512e+00 1.173778832002254902e+01 2.380833780077652229e+00 2.419159334950791163e+00 8.356735603608593799e-01 -1.563401738495859483e+01 -1.368567193501353607e+01 1.504430491134943004e+01 3.900823542061710558e+00 -1.594394673936447404e+01 1.898225458636312091e+00 -9.266690855362128332e+00 -2.559072685714038897e+01 -8.250944916239197013e+00 5.310276586886637062e+00 3.575986552993757339e+00 -1.774191959752665326e+01 -7.952801271329906996e+00 -2.125430095111779050e+00 -3.130931775370770609e+00 -1.028411190264898600e+01 -1.267617151480290616e+01 -1.172596926932787831e+01 -1.499265079966305203e+00 5.279612818043148081e+00 -3.966150144171175285e+00 -7.852913971626994893e+00 -6.242577766963156805e+00 1.319904555346639441e+01 -3.457034261873349390e+00 -2.697291622371222886e-01 -1.257260369555197599e+01 -1.081788715818455371e+00 -1.996924243435806900e+01 -2.387782951973466794e+01 -2.960266310653178135e+00 -4.883386669399794044e-01 -3.627253775849820006e+00 1.060544414745489838e+01 7.540217535059392517e+00 -4.294802708201189922e+00 -1.225031973635813110e+01 -1.185508011313804033e+01 -2.707987076214957156e-01 -1.013388365126610680e+01 -2.276402037514976939e+01 6.415659877770563568e+00 1.754745390361722812e+01
-4.000443052451603698e+00 1.036805139831933609e+01 2.208905126203873337e+01 -2.825876684239297720e+00 -1.441387164666301013e+00 1.515222163431995028e+01 -2.476128463736334773e+00 7.276904920307247338e+00 -1.720491940283088894e+01 -2.889370912316177265e+00 -8.674850721141432075e+00 -1.958750007228318157e+00 -7.527730425903600420e+00 -1.844895935968556344e+01 -4.517834913948313158e+00 -2.711964851151059719e+01 9.994007652131225328e+00 8.917251542323297642e+00 -2.619220019523741616e+00 -1.880106323393246370e+01 -1.266894529774606504e+01 1.740684810314857600e+01 5.712980279146597340e+00 -4.949975137925745727e+00 -3.294086320936270518e+00 5.366787784406076511e+00 -2.010942641407247322e+00 8.568594583874451942e+00 -1.069988621741893731e+01 1.689969105531957450e+00 -1.210432441955483052e+00 -1.713510180362981572e+01 -1.025126044155628469e+00 -7.779760220924453407e+00 -7.534270037879840842e+00 -1.329125632805680723e+01 5.555067911843288186e+00 1.396108505728562488e+00 3.363596264347559206e-01 -3.397083316034247513e+00 1.222315753905310132e+01 -3.198974862931208918e+00 -7.941975512054844089e+00 7.392780304783959089e-01 6.132587613113420488e+00 4.281368597126315123e+00 2.858612911884996333e+00 6.152401243626979266e-01 5.116358353606223375e+00 -2.935568449544761371e+00 -1.507993395454777463e+01 -2.194267835519095300e+01 -1.281945800628001386e+01 5.549889587955325609e-02 3.023018950776880320e+00 1.943858895270239362e+00 -5.365063023947989507e+00 -2.216623982408869153e+00 1.030774648701439844e+01 -3.385131347474183094e+00 -2.000413618430722629e+00 -1.727082275487657981e+01 -9.410298499466966504e+00 -7.953560800746661386e+00 -2.536298606521959442e+01 3.947356237004027602e+00 6.559176680469709808e+00 1.031585945052902176e+01 -1.682528240124317342e+00 6.617482242975491147e+00 -2.092722746498330721e+01 -4.372491173437815348e+00 -7.584527834361916021e+00 -2.264254215236002565e+01 -4.095449278356953826e+00 5.972402384205352632e+00 -1.171859399617942188e+01 -1.547875247645774888e+00 -1.286348008169363766e+01 2.776831158533153765e+00 3.761990071630187504e+00 -1.847878261208630590e+01 -1.414304080663598739e+01 1.496193926502604743e+00 -2.700573236669749910e-01 -3.950833394281561883e+00 -1.652921429593410707e+01 4.747758587477576953e+00 -8.499796816436608893e+00 -1.605817844880884948e+01 8.019590947048010676e+00 6.574049427692498782e-01 -8.134435106987853104e+00 -8.466784927205976530e+00 -2.190429889100787175e+00
-3.976242235286075566e+00 -3.169299041856151522e+00 -9.010851979532503719e+00 -9.944085221868803615e+00 4.870221050865820800e+00 -4.771447197320119571e+00 -6.437838523908441246e-01 -3.118023677667634885e+00 9.753024201888909062e+00 -3.163617292922026980e+00 9.850447294860463998e+00 1.219424746156760619e+01 -1.466005507948467823e+01 -1.007615304635097786e+01 -1.102215142189882791e+01 -1.787157442318414224e+00 -1.967491359519624838e+00 -5.162277839140312352e+00 1.222523356511904247e+01 -7.460121147415852860e+00 -1.802901923572501275e+01 -7.858528932057250671e+00 8.723551114892064362e+00 -5.941431474418424230e+00 1.903790333490367193e+00 -6.347619004725527425e+00 -1.850580614428989890e+01 -3.751299032212927820e+00 -6.986124339106241976e+00 2.685634284126283333e+01 -6.305008834592032763e+00 -1.850340370216356334e+01 5.628571093751835619e+00 2.329166355934627841e+00 -1.033156613802093382e+01 -1.724832173507821365e+00 2.196648143238897344e+00 -3.987982304678229450e+00 -5.239120445817018634e+00 -2.065548006940503001e+01 -7.372929462485462437e-01 -1.574929628321976161e+01 4.735779137587851295e+00 -7.819147056436271725e+00 1.637471617059331308e+01 1.659929328718598551e+00 5.113590864509792056e+00 -1.385590016500246158e+01 -6.688377403766062379e+00 -1.688033460649899453e+01 -1.909126072522584749e+01 -1.638307995873790546e+01 -1.195442809555939867e+01 -1.616296614575232482e+01 1.209488790145212267e+00 8.975677321488024774e-01 5.633309378804250755e+00 1.000065520173258449e+00 -2.006947364013129675e+00 -7.971866061910409584e+00 -5.063062605439342612e+00 -6.454004065389586486e+00 -3.053832172228775121e+00 1.214351924450264963e+00 -5.177059795789776153e+00 3.378174374397598267e+00 -1.064425508519109220e+00 5.456744416978041023e-01 -4.451173803001689855e+00 1.011639712626806720e+01 -8.507885312726457983e+00 9.844903277725569168e+00 3.295736146046768233e-01 5.756006026975082790e+00 -6.741937495756356924e+00 -1.522752892142261949e+01 -9.186999832840472280e-01 -1.040718453249243147e+01 -1.699226532080852081e+01 -1.638691737324011077e+00 -1.146551074308771678e+00 -1.968138927120650195e+00 -1.215692516513311361e+01 6.680517620996729633e+00 -2.408305500121459275e-01 -1.742960619861995397e+01 -1.105707395721946984e+00 -1.595837863184316774e+01 -8.359393610482430681e-01 6.200096603187828848e+00 2.007475543131170426e+01 -6.173722233009000249e+00 -8.640829524396380634e+00 1.183048864208502060e+01 4.487792591813706267e-01
-2.492949683798597160e+00 -1.285805266889616760e+01 -1.164564254888752615e+01 -6.013027289464722536e+00 7.626448854483960815e+00 1.035310359901238186e+01 5.557438947873725610e+00 -1.485759754044277736e+00 1.806397181743529856e+01 2.082911201248740962e+00 -7.314527989767524829e+00 -3.652791400266641730e+00 -5.126409406163103810e-01 5.899278235230434930e+00 -1.495412697991482887e+01 1.885044138887611798e+00 -1.572482237304983954e+01 -1.024429906129483925e+01 -1.506461583959689499e+01 -3.086427377703428121e+00 5.963131229442284464e-01 9.269657114289313604e-01 5.318921160356600453e+00 7.318373468219126821e+00 1.394297668489636877e+01 -1.190024659886661240e+01 -4.417715377393918175e-01 -1.652774719775402446e+01 1.777297884837235387e+01 -1.165805069912941150e+01 1.536300025394200741e+00 -1.472836031079289398e+01 -8.965479253235921320e+00 9.438843184480292692e+00 -6.941778278803814928e+00 3.515286951380503400e+00 -5.225147709433607623e+00 -7.516338453714714873e+00 -1.195950606665783233e-01 7.613102329857264650e+00 1.457809135076670870e+01 -1.592958275574927463e+01 8.960356153069275464e+00 1.248633653053197534e+01 -3.240647344749870484e+00 3.496494225335260442e+00 -8.394243850150306940e+00 -1.046033101744652072e+01 6.373780663365296917e+00 -3.164212179112655399e+00 5.275973966566404272e+00 5.627244045732341604e+00 1.316191205666074726e+00 -8.151649648550606031e+00 2.666089879259260442e+01 -1.301699806998130882e+01 7.116387456425586677e+00 4.548136935846322615e+00 -7.718393136018679712e+00 6.462828741703477320e+00 -2.731260317217958811e+00 -4.889785476401462105e+00 -2.513668289134815481e+01 -7.774326937007923988e+00 -5.203626404168714359e+00 1.182270818088814046e+01 -1.001550039089103450e+01 3.632390273998678420e+00 -2.152329043137004305e+01 -3.884682285465324014e-02 -1.743453990583695656e+01 6.813624304992870861e+00 3.194652740280086167e+00 1.347031195777655199e+01 -9.365462203882053416e-01 -5.643419854881541298e+00 1.345629591278920234e+00 -9.869280305187164259e+00 1.516886569713757638e+01 7.749066954332777257e-01 -9.509931376602187569e+00 -1.728452935677799474e+01 1.408280129566878358e+01 1.324718513593775171e+01 -5.708858972829653489e-01 2.486399260725602911e+00 -1.790174899197377201e+01 9.923072615294625365e+00 1.533568159870748460e-01 6.827735648219281472e+00 1.100571097512119145e+01 9.281237562977853628e+00 -5.372014586171216521e+00 2.944228097376926367e+00 6.774905012136411386e+00
-2.649458289694016955e+01 -1.968890728245033195e+00 1.142309526583790991e+01 1.037270431969859175e+01 -8.980007406478515364e+00 -6.538701752084731922e+00 1.081593277594130953e+01 -8.747530874441546089e+00 -4.473735288885075434e+00 -2.226840214046603705e+00 8.994219249447784392e+00 7.481174860479637978e-01 -2.278663541748177312e+00 1.135313486707016928e-01 -1.029955559251477304e+01 -1.281316137148626666e+01 1.290503223369531227e+01 -2.436353028330842552e+00 -1.253173099275798741e+01 -7.419159576951919632e+00 -3.338628544251141417e+00 1.669209786193851741e+01 -5.214139626064606681e+00 4.415905913286831463e+00 1.301138764633322964e+01 1.253523243416804878e+00 2.953659059803404041e-01 -4.381019034809643387e+00 -1.946874551247057283e+01 -9.316290667711852436e+00 -1.085509172745463680e+01 -6.932871610525648265e-01 -8.497660709827838943e+00 -6.009949635587990002e+00 5.869077285420482681e+00 1.220107716226908501e+01 -1.102676153264976300e+01 3.073222587476522438e+00 -9.153407599778455861e-01 -9.415211126202402525e+00 -1.257097540715061745e+00 -1.317760205829713627e+01 -2.118877985082516346e+00 -2.965101131005055901e+00 -2.022428357304057300e+01 2.827013609028241614e+00 -4.585985016287382976e+00 4.019446951175668303e+00 -1.514791905611487799e+00 2.367712412103369690e+00 -6.888440721119835075e+00 -3.875774103271553805e+00 1.748171853971352885e+00 -1.686819323479006094e+00 1.624387194327095774e+00 -3.929904728242891387e+00 7.652097112419031788e+00 7.247965661582811414e-01 -6.431811182304469909e+00 2.475999878542160193e+00 -8.270444073147878328e+00 -1.656757988456721975e+01 1.215081581064192395e+00 -4.595742776327752743e+00 -7.269269941231902621e+00 1.015423604454400675e+01 4.698657928541960516e+00 -1.157831080849587302e-01 1.074885627882002037e+00 -5.833268745517493414e+00 -1.634661452232803125e+00 -5.562251642598587509e+00 -3.827957757163392927e+00 -4.874606646395315934e+00 2.165744409227880496e+01 -8.073730288220781759e-02 -1.945338833020384905e+00 4.309905628363418728e+00 -8.478064663231563713e+00 -2.544542907882463290e+00 -1.569439463171409344e+01 -9.183791746101757525e+00 5.819295466760001645e+00 -4.249729156690623455e+00 -5.536014416732449206e+00 4.385677084711385731e+00 8.598467706497414653e+00 9.429333418903240727e+00 -5.074011781549384814e+00 -2.119773867114309596e-01 1.005919458269794120e+01 1.395664541946580783e+01 -3.206910583304405371e+00 3.415778508326731799e+00 -3.138701420690673149e+00
8.639609341431661704e+00 -1.888025228633732766e+01 -5.653414472069216323e+00 9.656845912460955361e+00 -1.598180482403685154e+01 -1.299930402480755731e+01 -9.441369635278501704e+00 -1.216297706264831024e+00 -7.529686311710065638e+00 -8.150993125931206507e+00 8.463048493514362391e+00 -1.285865586570917785e+01 5.474738695838535563e+00 -5.547582383091587133e-02 -9.457860485598539313e+00 -1.725218121780783376e+00 -1.110674543828245930e+01 3.576425408425750962e+00 -1.052796142840283089e+01 1.101657466973593813e+01 1.275103579927916364e+01 -1.221982977443496843e+01 1.861919727910742228e+00 2.882274803452393730e+00 -3.889561447869826161e+00 5.097378814500370225e+00 -1.132154999777741899e+01 -2.124277617805793383e+01 -1.477960893590371327e+01 1.754282424359712067e+01 -8.499962731512068714e+00 -1.400256900079312672e+01 3.945317062517503803e+00 -1.103275482865816493e+01 -1.619002892700506280e+01 1.536838541373487743e+01 -1.586202651621380966e+01 1.612198735219821799e+01 7.129992301932615462e+00 4.820028108203300299e-01 -4.914191375029564490e+00 -1.858797947379153115e+01 -4.751036846819541637e+00 -7.162582340382929402e+00 -1.357509458029312910e+01 1.065046558925178388e+01 -9.101002602593281310e+00 2.397593869666553967e+00 -6.325389017002178704e+00 2.430382480326895855e+00 -8.516123182197604891e+00 -2.884135852952754764e+00 -8.189820499239418794e+00 -6.571734767049437487e-01 1.243913540666676365e+00 -1.386082667238867749e+01 5.660332177276037768e+00 4.209665823235138049e+00 -1.572733653023171030e+01 8.410043302324254455e+00 -1.197403073329151546e+01 -1.571868145424234164e+01 -6.648284664131235644e+00 -4.923658977991285823e+00 8.782445292316571894e-01 -8.590516273392342583e+00 4.910105326908052348e+00 1.344786748753014738e+00 -5.541743140607911400e+00 2.375158963794625766e+00 -1.011598016669996980e+01 6.009944304981925001e+00 2.094545715849498180e+01 2.243155429979593496e+00 -5.835843158613544190e+00 1.747922194165190035e+01 1.208263371127840458e+01 -1.245093231578116644e+01 -3.735775178402373164e+00 -3.936631073661657432e+00 -3.249894597488304893e+00 1.620149876362934283e+00 -5.827546765870557977e+00 1.197518633102210295e-01 -1.339212579824522642e+01 -9.195914002041376989e+00 -1.135726386999383308e+01 2.563794826203520838e+00 -1.172459537217165249e+01 -6.656628213179672571e+00 -3.105561335305973003e-01 7.732196327981142758e+00 1.830268115334023893e+00 4.455362256471255833e+00 7.399726154770441156e+00
-1.651357280248026882e+01 -4.714051286920535766e+00 1.344789847764493373e+01 -4.191795274876293220e-01 2.011756200880478929e+01 6.956946295405872505e+00 -1.574233818629641135e+01 -3.902302988741855927e+01 -6.570461147859598228e+00 2.312561953514702395e+01 5.766301499400432462e-01 4.001078171788698512e+00 -9.704189370099479461e+00 -8.968178143462633756e+00 1.140704404703581076e+01 1.721456176433473217e+01 -8.782557671003012878e-01 1.030375264078458208e+01 -1.837046283865019225e+00 -2.297035291960270698e+01 -2.478260742810369166e+01 -4.540853418427643007e+00 9.892984218072623293e+00 -9.280315204779730820e+00 -1.834847720066432686e+01 -1.311144286453281183e+00 -5.669955723046355089e+00 -6.744755581781339160e+00 -3.857419509009749170e+00 -5.140243798670031339e+00 7.675151718790256261e-01 -2.490792520521136755e+00 -1.171139277071013618e+00 3.367152335342238345e-02 6.160618365155819731e+00 -2.069702405237046072e-01 -2.995498029653852701e+00 6.911417327813234479e+00 -1.204446312606370384e+01 -4.150282913326956091e+00 -2.919429212154437625e+00 -5.489649829494988253e+00 1.444650773372825103e+00 -3.517101794464267073e+00 8.999703055439692179e+00 6.558612709913256289e-01 -1.382516633490774360e+01 -1.112656247019958933e+01 1.805254909805924868e+01 4.354606835610480786e+00 -1.249095851026577186e+01 6.428503045727756771e+00 -1.124965599176438680e+01 -1.737525691670017736e+01 -1.477215253594792088e+01 -6.739695557700331463e-02 7.009487939504447596e+00 7.730569302794336295e+00 -5.501170505829112045e+00 -8.954744853851842379e+00 -4.389827285430892623e+00 -4.063054660507580351e+00 -1.084985732209436549e+01 -6.624346152502176288e-01 -1.257131403160992456e+01 1.215705798166342611e+01 6.844692662297141794e+00 -1.068913410601076386e+01 -1.533489674321101504e+01 -4.209253311641368178e+00 -1.102045022268417718e+01 2.693142023815863428e+00 3.747304651937308773e+00 -1.947129280300377374e+01 -7.004803515848355033e+00 7.347246616625600524e+00 -1.585965367591515118e+01 -9.498672519227781663e+00 -8.215955801742182985e+00 -1.584789655468753544e+01 -1.908959143111477630e+01 7.983231823801251181e+00 1.555624331749909661e+00 -7.249411506360546653e+00 1.152995634965697391e+01 -4.414875796492711224e+00 8.033858497752747851e+00 -4.653019796037150435e+00 -4.111105135890459117e+00 -9.853616258843148401e+00 -1.336087459965898816e+01 4.043146851549899168e+00 1.981530900491129188e+01 -1.050095230905941079e+01 -1.449063399490942672e+01
-4.694546787784661390e+00 8.437055550705013118e+00 -1.377594900634562469e+00 -2.887077455145939453e+01 -7.926341170634930933e+00 -1.253205498511054117e+01 -5.951390381555399678e+00 -3.636775981907405697e+00 -1.024359061360323864e+01 -7.746761700129343176e-01 2.201543853823975105e-01 5.462889808525153157e+00 -1.481722744223049304e+01 -2.340176281893616927e+00 -2.487743405224863480e+00 1.981646033983275768e+00 -1.186402546443896178e+01 8.979942440070075804e+00 -1.179492566848511181e+01 5.769690463582175965e+00 5.519683853297136622e+00 1.219110627071578179e+01 -1.709120461467071550e+01 -1.409386129853722025e+01 -1.236253756845475493e+01 3.825482309779659307e+00 8.630356349616189249e+00 -5.265303871746071174e+00 4.731480067640509546e+00 -3.585622256737965419e+00 -8.659804150290709046e+00 -9.102065572452303854e+00 -1.065338719736857875e+01 -1.210938405554429664e+01 -1.610235568264392514e+00 -3.849765923170948234e+00 -2.814880476493836881e+00 -9.530937474916079566e+00 -1.571709598236549432e+01 -6.706409726038931041e+00 -7.469381650841253162e+00 -1.223269651865886543e+00 -3.450063885320630241e+00 1.805840923527577147e+01 -8.926964226811856307e+00 1.808513333843434623e+01 -6.310051657212644827e+00 -2.496503470477805742e+00 1.196857155147108109e+01 -5.017054693745302885e+00 -1.656919307611141434e+01 -8.303660201595841173e+00 2.380038200740413057e+00 2.814747737423886065e-01 7.231718981825336456e+00 1.195674407578245280e+01 -1.135202269456931923e+01 1.438217377974065680e+00 -7.012694236897608846e+00 -9.637680166947392379e+00 -3.060679990380510418e-02 3.153331517180946975e+01 2.791887809072552518e+00 -8.572069466468807519e+00 8.295447675530544629e+00 -1.102074377748252232e+01 -4.538701855391762408e-01 -1.835192950899477182e+01 -5.246335536402129129e+00 -1.269267123756878668e+00 -1.594032218740276363e+01 -8.745797277746149234e+00 -4.236915022794562447e+00 -8.634129464343471838e+00 6.071636566764910370e+00 -8.348775446206042616e-01 -6.145141756184665738e+00 -4.188667122605665760e+00 4.778906121412238583e-01 -2.432364808547937685e-01 -1.146744881702298535e+01 6.576576269253589402e+00 1.183546499216409131e+01 2.301378935858862107e+01 -8.124174603269482375e+00 2.355903475872514008e+01 -6.059030273536087918e+00 -1.000028518524997168e+01 -7.093397377114587954e+00 -2.831200722905159672e+00 -3.529844033843973161e+00 -1.125965960793135157e+00 -4.860427422594939983e+00 3.996010897348700741e+00 -1.779079315149260543e+00
-1.061517039877520219e+01 -4.561096486930138028e+00 -1.423301018201412838e+01 8.468964017169033909e+00 1.752984123329909050e+00 -1.629761215667726049e+01 -1.509543857124799793e+01 -3.837829427249237924e+00 -7.136971410277819672e+00 -2.220720654801665006e+01 -5.813944033825891644e+00 -1.162071537793120335e+01 -1.587219296474369834e+01 -1.825173497431347158e+01 7.357777839374076478e+00 1.957277208689393699e+00 8.672914619975118811e+00 7.055754180852865431e+00 3.367023937273138312e+00 2.436203561026252462e+00 1.230870599399099952e+01 1.634417861711619935e+01 -8.292249724127207955e+00 -3.432790491887401263e+00 3.350775698864302488e+00 6.036222073292849544e+00 1.187857324804394565e+01 7.217532054248014362e+00 4.536365710956338226e-01 -4.288434050598505465e+00 2.920257776271922179e+00 1.388902220083168615e+01 -1.845059852489227481e+01 -1.459685509476767606e+01 5.448677264295715972e+00 -3.181145544015960525e+01 -3.811812328819517148e-01 -1.480073034377702612e+01 4.106345142258836844e+00 6.655998964941375107e+00 -3.086147200949381553e+00 -2.097880790968487119e-01 -1.172419256254163855e+01 1.094250947352003323e+01 2.001561298615450823e+01 1.212727932506882667e+01 -9.556234661401134645e+00 -2.360892615148025442e+01 1.257836326578006236e+01 -1.294046731991751287e+01 7.542977514845803810e+00 -2.547548724134486164e+01 -1.816937768718969082e+01 -1.170473561336554003e+00 -9.105722600821733792e+00 4.232982334873677033e+00 -8.645386398718748922e+00 -5.608928665075212372e+00 1.816223088276270659e+01 -8.638079442769200256e+00 -2.597336548768886644e+00 -8.075534274304678739e-01 1.520391497340629616e+00 -9.020025008135684530e+00 9.613457882991387038e+00 2.127247857413654852e+00 9.389215569119273574e-01 8.112579552651142833e+00 -7.515932829716204466e+00 6.757303114600683003e+00 -6.810311708635145678e+00 -1.972074764868933627e+01 6.068939598156678272e+00 2.013628806593365628e+00 -1.602484052396885872e+01 -6.488537072512045256e+00 -5.229811189968023299e+00 3.452063879189946061e+00 1.001081062026575985e+00 8.770539723045203573e+00 1.053968696703427632e+01 1.663230823907264622e+01 -2.193763642108827572e+00 4.843629038856672508e+00 -1.891757782075749184e-01 -5.639333186710975276e+00 -1.096085634661287500e+00 6.764079023236395649e-01 7.118915784281341530e+00 -4.679126916358120170e+00 4.169604643167222235e+00 -6.814928308796467604e+00 -2.766485622929764965e+00 -8.971104059004392894e+00 -2.043652445782253224e+01
-3.359485411939398425e+00 4.330653264101426814e+00 6.004596455542271727e+00 -1.622394709302973581e+01 7.227216682775923218e+00 -1.704016512200070466e+01 7.624891693264093107e-01 -1.408153848737921088e+01 -2.103800128178390594e+01 -1.332277477850068692e+01 3.576249691829953559e+00 -2.258325327020957829e+01 -1.937214314278212512e+01 -4.655318260756299509e+00 -2.919305786207075926e+01 -3.001108367317365744e+00 1.958456454982579142e+00 -6.583448468321875247e-01 -4.972866344518260817e-01 -9.052605164443860986e+00 5.187292284789927876e+00 -1.631234805302747048e+01 -1.178780099430732520e+01 1.060883955071547202e+00 -3.738681990557871870e+00 9.350438605619087795e+00 -9.015056987938478983e+00 2.817872440036262027e-01 -3.696178366023990858e+00 -3.652329903969494751e+00 -2.221079362482097963e+01 -1.089054766742466152e+00 -2.573889955275213381e+01 -1.567658561606308609e+01 -2.686626670003856798e+00 -9.621667812788610163e+00 -4.103140319169813033e+00 -1.690226478814028876e+00 -1.437880778062608478e+01 -4.544132418448346478e+00 2.793859692618297696e+00 -1.048834552925833563e+01 -1.815226106717214805e+01 4.200288371904395746e+00 -5.274185147321454714e+00 -6.826360996852580243e+00 -3.577704587173885731e+00 1.231974136224887495e+01 1.711486146817827247e+01 -8.950505752616095378e+00 1.843756595305843149e+01 -1.783919221047504067e+01 -4.569901428291909262e-01 -5.785995823745468059e+00 -4.596243825156708596e+00 -1.338852342636084281e+01 3.771798525881720376e+00 -1.261310150589473622e+01 -4.468870622146677185e+00 1.572784048742941199e+00 -7.242093877964141946e-01 5.543132598050233284e+00 5.134910605246355786e+00 -1.665760600072838660e+00 1.685589171375293294e+00 1.449336512809620725e+00 7.430658503475664034e+00 -7.761158668736710453e+00 -7.697045499989540573e+00 -3.764480564632098236e+00 -1.206940933297674157e+01 -1.984069601117859794e+00 -1.241125728102331749e+01 -1.574673119834430857e+01 8.641033241534392673e-01 -2.510436934545398291e+00 -1.572256045627115206e+01 -1.139597627017832870e+01 -1.311712655449715825e+01 1.200225463431202577e+01 -3.912470031562397477e+00 -4.284615056099911001e+00 -8.667365480697601043e+00 -4.562849906569439007e+00 6.189548340890858924e+00 4.040767092728811960e-01 -2.313151031163113380e+00 -3.385604549696186183e-01 7.028387547734871177e+00 5.974311211156656753e+00 1.136989522664274688e+01 -1.606400850779577638e+01 1.084604158148505082e+00 -5.000204866440880025e+00 5.106596580862248658e+00
-7.290003293757569836e+00 3.082144520071698590e+00 7.722656489486494635e+00 -1.120460919065671135e+01 -1.422311143049523219e+00 -1.063619986051724453e+01 4.462473228924279667e-01 -1.942600431995502319e+01 -1.328125759673365813e+01 1.122995180467204612e+01 3.948781440420012334e+00 -2.109818008475345952e+00 -9.755053977326936021e+00 -1.114488684451272071e+01 -1.003227940342168800e+01 -7.997148644532433792e+00 -7.760130432071100870e+00 -3.519600287142917061e+00 -3.337854424103336992e+00 -8.327458537191638754e-01 -9.898868292170140748e+00 1.094601964066103861e+01 -8.601153662896255270e+00 -7.572516661423110307e+00 -2.265367369729141878e+00 1.030113797952532728e+01 -5.798389418022486197e+00 -4.022728415326334073e+00 -1.077525152576131262e+01 1.930824353367889046e+01 -2.853392951982366199e+00 -1.563638085335132466e+01 3.355230980573030930e+00 -1.306619771366674954e-01 -4.746089288670396478e-01 -2.997465203537438505e+00 -3.990780828669850955e+00 -5.949317864689765756e+00 -8.178876540406696094e+00 -1.953658630091933190e+01 8.112760812081547535e-01 -7.979124333690746695e+00 6.226884593476446739e+00 5.508536646667320014e+00 -5.079379515553356761e+00 -1.148923849093303851e+01 -2.952704182575432768e+01 3.548006147458826476e-02 -2.703812595813888997e+00 -3.425706313193813024e+00 -1.126922219072118914e+01 -1.369313288573315113e+01 9.318902888329658296e+00 -1.470503097626771982e+01 4.696930627140760706e+00 -2.012656480288145033e+00 -1.352126645744375821e+01 1.653228241427489209e+01 -1.341653156097016542e+01 -6.507034974930736126e+00 -8.723837308810631797e+00 -2.860478577085715735e+00 -1.232231268341077701e+01 2.230891352827887975e+00 -5.643078379485523044e+00 -1.468876748096021068e+01 2.695824042103531770e+00 -1.041903302587734181e+01 1.492421565581066289e+01 -1.456466965566753657e+01 8.926561316634118448e-01 1.673166162767362852e+00 8.446169667570517348e+00 1.202375148660023818e+01 -1.609800846139655661e+01 -1.554158087511737030e+01 -1.363052847076311380e+01 -6.032497489117107037e+00 2.301933915530896257e+01 -9.742799348101879531e+00 5.938462191083861086e+00 -4.623705813637942086e+00 -1.155482464956286925e+01 7.885323330003997100e-01 -2.010673952939786702e+01 -1.399486031591982638e+01 -5.235701024347420685e+00 -4.398334878139624315e+00 7.397079921976223105e+00 -6.944746927787623036e+00 -3.323486889414467349e+00 3.794592926788677101e+00 6.457649600606583107e+00 -1.810782735732607840e-01 -1.027671966999496433e+01
6.225103817377972248e+00 5.162279913627799033e+00 -1.181825695985338776e+01 -4.615587315392319034e+00 4.785813819952799975e+00 1.266926782621955017e+00 -7.145049210813749774e-01 -1.761671480495160935e+01 4.648146564872124742e+00 -1.289490518186483081e+00 -7.566731343446914337e+00 -1.137157280076437793e+01 -1.197772518856796786e+01 -2.918871991629621299e-01 -6.251226345012938168e+00 2.793586420469918341e+00 -2.288117452887670211e+01 6.222836019492234527e+00 -3.761123691662201285e+00 -6.648580278748156047e+00 6.482690363548091028e+00 1.009552121359019417e+01 -1.336534521865648451e+01 -1.656875405917267585e+01 -1.127624690753393999e+01 -6.989153563233957200e+00 -2.719094473924664079e+00 -4.974396854248059441e+00 -3.797436112320454082e+00 -9.823520259872854155e+00 -2.925116977059649681e+00 -1.046874855192083675e+00 -4.266088135020206451e+00 -6.376818785901468445e+00 -1.159895509896288424e+01 1.772217533185368765e+01 1.084093025634825302e+01 -1.050562681306585411e+01 9.738988900824905315e+00 -1.593596590614379593e+01 2.123468103628474157e+00 -1.015616923352014744e+01 -5.522440291157991510e+00 8.292867948273661582e+00 -6.294977736462183060e+00 9.638035304223828703e-01 -1.897612535686060298e+01 2.353872904100401175e+00 4.611937106475480164e+00 2.105548324676302130e+01 2.300913561208566716e+00 -1.178547946039561722e+01 -4.641966235369243243e+00 -9.868094651975635401e+00 -1.617701740491980189e+01 3.799874031039847555e+00 -1.906155512326998647e+01 -1.388867464248219541e+01 1.904648488482138635e+00 -1.104318129477325527e+01 -4.736863761361516545e+00 -6.112505624344944266e+00 -1.665932389701557881e+00 1.490979295877636890e+00 -9.530164065726283162e-01 -2.043738830718631050e+01 -6.222604459180128167e+00 -9.695226279714836082e+00 -1.034904439057125813e+01 -2.736837080875575534e+00 -4.140892940347010942e+00 -1.014227797444759549e+00 -6.463356400713229810e+00 -1.081267329509642394e+01 7.980449281575250353e+00 -9.832511659083433830e-01 6.605067445227703615e-01 -2.131074615383635518e+01 -1.953492033612625889e+01 -4.208081893459697298e+00 -8.949545967635192056e+00 5.490829533972283016e+00 7.556746851831167788e+00 1.854807896882899598e-01 -3.531893058684882458e+00 -8.894048542471081120e+00 -6.561084743970662103e-01 -7.158114337253056902e+00 -6.131508968010090044e+00 4.875179884580767009e+00 6.464078513052408326e+00 4.874318675285199021e+00 -1.637404439872397255e+00 2.216040412433821771e-01 -7.526175655359589101e+00
9.873677056246341621e+00 -2.013756284489003789e+01 -7.359028825626600323e+00 -4.368484971292124541e+00 -1.980141646371744724e+00 -2.340104624910837217e+01 -1.164285139478970832e+00 -2.042241834340848428e+01 -1.004863088394283288e+01 -7.677271519894356189e+00 -4.382509661889630870e+00 -1.124961077558627487e+01 -1.489728112757128997e+01 -5.557808174873748897e+00 4.230669335729011493e+00 -5.416309820106484096e-01 -3.168991764576140291e+00 1.759422917184958468e+00 -3.599924152735334282e-01 -1.351309620686312840e+01 2.727813559543521560e+00 8.128906030358894697e+00 1.592865183419433350e+01 -2.339694377799104075e+01 2.604174998502018923e+01 7.340138844969567700e+00 -6.532167487977893927e+00 -2.504681013032250103e+00 -2.886554695185327812e+00 -1.156573836381779152e+01 1.330164844388749401e+01 -3.488535101284242046e+00 -1.480452726614489833e+01 -6.711002590305379378e+00 8.046149055283192908e+00 -4.253140801257824677e+00 1.485118313304231563e+01 -6.274777481140387358e+00 -5.082939491776658159e+00 -1.807165228510560340e+01 -1.909731299575519614e+01 -1.328199814652153243e+01 -8.479198017570217516e+00 -9.005858999382667207e+00 -8.682945853071657893e+00 6.528002313643495924e+00 -1.880199314654165121e+01 -6.679265291061774690e+00 -2.647976653513226086e+00 -1.379846983083176548e+00 -4.157730056847439570e+00 4.313237592852422253e+00 -1.262042385998908678e+01 1.160476970185792922e+01 4.046374661386051841e+00 -2.462610819042305721e+00 -2.709640805093906479e+00 -2.999704480042232557e+00 -7.894610857948388016e+00 9.886362799134493784e+00 6.386909498344985892e+00 7.438057665785832384e+00 -1.059048763541258786e+01 2.086142182551298241e-01 1.766673071279170415e+01 -1.644232034082441629e+01 5.085732153007564094e+00 4.408362157075975674e-01 4.940735234461250514e+00 3.491258098567002310e+00 1.876216598944063119e+00 1.800270895970008667e+01 -2.758981920362845841e+00 -1.651218328039989691e+00 6.328034401079996485e+00 -2.230361401667954269e+01 -2.485912591156070661e+00 4.048055223966148475e+00 -4.949967011473840550e+00 -6.854676958466251691e+00 1.332119509841893290e+01 -7.636142344162848872e+00 -7.004441936610596997e-01 8.354634278660761915e-01 3.147044439673704286e+00 1.323793685085999883e+01 9.976681156602360545e+00 -5.486941047379356284e+00 -5.636166079169184329e+00 7.469893830790205413e+00 -7.369099121979326483e+00 -6.010776702033186147e+00 -4.706475408667636806e+00 -4.003102474035971525e+00 -1.496218542409935814e+01
-8.494422873366511695e+00 -4.219194506633972885e+00 -1.765746352627573401e+01 -5.538382686212479200e+00 -4.814235085453477225e+00 2.408469071278196427e+00 6.224267999582341560e+00 9.489592201790113535e+00 2.288984218604074172e+01 -5.008247148059647103e+00 -8.218933752134018889e+00 1.636578657759876432e+00 -4.545614669675998698e+00 -7.378784502880700202e+00 -2.023190068280141141e+00 -4.713907387279700600e+00 -1.115563054664530185e+01 -1.455305686129975840e+01 -1.332244746994399165e+01 -9.444784665004100077e+00 5.675905796021968541e+00 3.968292110962936103e+00 4.635113985115365764e+00 -9.632563315978316609e+00 -1.179629385259561225e+01 1.892236447348633277e+01 3.204736519856772770e+00 -4.764556172648637400e+00 -9.644002735554368044e+00 5.875126066843135320e+00 -3.740771421237267802e+00 -3.105877572822331789e+00 -9.759256747326075399e+00 -4.604907501152632143e+00 -5.138323596070210719e+00 5.123958639132625947e+00 1.523025242736521889e+01 1.194564656890966603e+01 -3.536426844833769678e+01 4.555298769023892191e+00 7.136115912835769848e+00 -1.146364413878989019e+01 -2.860420081488174837e+00 -7.715224967579189297e+00 -1.538628859290469819e+01 -1.315089737559757133e+01 -1.298965240262960741e+01 -1.456237202779522910e+01 1.529094342727611888e+01 -7.608992119338415350e+00 -5.788758028904660513e+00 -2.110565788067328974e+00 8.487534160655680893e-01 4.582892623503484586e+00 -9.002927415613751094e+00 -1.173003313242830181e+01 2.820128676408906632e+00 1.499923672167210142e+01 7.785568897436792923e+00 1.614747134014262997e+01 -1.818547545644338292e+00 -2.743680397722507713e+00 9.726787606481314796e+00 -5.628041800223649638e+00 -1.005637184558164199e+00 -1.213834688154010344e+01 2.007373551187914718e+00 1.016240836873282838e+01 -1.747529753070553227e+01 -9.932862865623697246e+00 1.610834772621700139e+01 1.849648962880126479e+00 -7.296805581457041612e+00 6.526237086442456814e+00 -1.838160587656961553e+01 -7.276317785274839522e+00 -2.736508734740414894e+00 -6.051173161295659852e+00 4.214964677063548493e+00 -5.734968728974174645e+00 -1.135335039735995366e+01 4.499218064894771274e+00 3.136606070245891775e+00 3.801235840933613108e+00 2.588674546319266856e+00 8.389967860297813829e+00 1.923653017765039497e+00 6.416885267464619957e+00 -9.048434922329237295e+00 -5.341266237638807368e+00 5.393480292581633861e+00 -6.356876779263209265e+00 -6.939622313814396648e+00 2.283065877957703105e+00 -1.898140304762411912e+00
-9.299100354021314629e+00 1.477656904451356112e+01 -8.672484785478077995e+00 7.146932514821534355e+00 3.931560725397765577e+00 -7.829225526383208233e+00 -7.595732882935577024e+00 9.638805306562696629e+00 7.383376857302323515e+00 -1.694870253619415124e+00 -1.732232167596439254e+01 -3.886785976212118410e+00 -8.284578951537762137e+00 -1.765709477611527944e+01 -2.271918804176701556e+01 1.027265553350712679e+01 -1.221815871550077226e+01 -4.871055314221036880e+00 -9.879390400310365195e+00 1.502888730598350975e+01 1.248774418617537485e+01 1.324422908627557760e+01 -8.667373401611321526e+00 1.081486149530955920e+01 -1.321761097472661284e+01 -3.239615391538998690e+00 3.323491513055087498e+00 -1.726078587209475756e+01 -3.171184207986734727e+00 4.763797317468164039e+00 -4.954192617451280256e+00 -3.449582588289759055e+00 -4.657290562534646128e-01 1.362070422366688849e+00 -9.910146014819170901e+00 -4.275130380344977610e+00 -1.415296846322517865e+01 -1.413241435725086070e+01 -1.056770509304612027e-01 1.212401023760074992e+01 4.310536185360072992e+00 -7.561552481055157315e+00 -1.842621884535973109e+01 -3.921923205082516795e+00 8.771098498697266876e+00 -1.383586490133683000e+01 -7.293032222528761821e+00 -5.053435229055835975e-02 -1.094828210895430409e+01 -5.472774321143946352e+00 6.534988836029658188e+00 -1.670186297532174846e+00 4.102328774153329860e-02 -3.900504146945104278e+00 2.061350197252683092e+00 2.773094217501090863e+00 -8.486018739096721220e+00 -1.504354150523606570e+01 9.707567823699108089e-01 5.362148809930815219e+00 -3.026232723116232926e+00 -1.345783338353461467e+01 -1.258178848288862461e+01 -8.823985724016234045e+00 -1.194538692014615755e+01 1.185784204921034579e+01 3.691917654889639966e+00 -1.156091333714506497e+01 -8.042682801233440593e-01 1.065646858834120358e+01 -1.915447215977932771e+01 -1.177282542514355690e+01 -6.248058083600703583e+00 -7.061466418579056992e+00 1.013701799500119627e-01 -1.442769548996748696e+01 5.708588326415808822e+00 -3.627155682170175588e-01 -5.819919888066136693e+00 -5.745822865713063443e+00 -8.300815075748884553e+00 -5.259072080011240047e+00 2.289244818027857509e+00 -1.223349104039811230e+01 2.841501291237649607e+00 -2.337077281257281314e+00 -4.466980531998902215e+00 -6.370778056765933783e+00 -4.415588124325146246e+00 -1.489867591916315348e+01 -3.593475216896362845e+00 -2.084541362322719849e+01 -2.174164749371998795e+01 5.281127696881171119e+00 -1.032395322384992209e+00
-1.109540632640761615e+01 -3.783145558253173668e+00 -1.239492909485636218e+01 -1.494788202083848994e+01 8.473691541313382203e+00 3.030643953739855334e+01 7.393448383474432006e+00 -7.992693174141010104e+00 1.620548169988612131e+01 -1.539465357944918189e+01 9.439733888830676989e+00 4.759970336470587426e+00 2.409317838123660405e+00 -1.547017021627706868e+01 6.321160391804101053e+00 -2.808190364124056870e-01 4.790527885061131030e+00 -1.477988241032458205e+01 2.458761265498836668e+00 6.634582761874048273e+00 -2.314585324367023578e+00 -5.737803875528889819e+00 -8.417636626186943971e-01 2.688046347532807356e+00 4.065695336854014741e+00 -5.165231244700795976e+00 1.176570532235019328e+01 -3.373214697586501387e+00 2.713877707840095521e+00 -7.720566207577775231e+00 2.897212267615297154e+00 -6.022615130429054275e+00 -2.209759797163899009e+01 -1.575063747147703141e+00 6.881601507086616110e+00 -1.603923003925936897e+01 -1.926434677834206255e+01 -1.156237585465889728e+00 -1.399452142429326429e+01 -1.012540701264309284e+01 -1.116523314454160598e+01 -1.213426295998898752e+01 -1.516880752303327995e+01 -7.419157177366757949e+00 -9.757841914104039560e+00 -5.951009774902588312e+00 -1.312867476788196974e+01 6.773769561466894018e+00 -5.851167799219933130e+00 -1.271857977983603405e+01 -7.118352873417478577e+00 -3.760721187241240493e-01 6.803872860655879151e+00 -1.048967782396085369e+01 -2.852863779030071711e+00 -2.463510728668103056e+00 5.411505989255955384e+00 -1.189766612103048793e+01 -1.537076203165396038e+01 -6.328478147699581058e+00 -1.815237168642132026e+00 -8.390390155565706110e+00 -1.060489739871418102e+01 2.918056423829303636e+00 -2.453878498701263666e+01 -2.088255090195245955e+01 -1.973657689504194579e+01 -1.314576240490137327e+00 -5.772118882890657332e+00 -1.556916511858577268e+00 -2.372647418431553490e+01 -2.291174239820970726e+01 9.873248697779667182e+00 4.242255015161878973e+00 -2.016643495851013057e+01 -1.761842320490901947e+00 5.239542987932635398e+00 8.618292896201717568e+00 -7.850583743264316183e+00 -1.533514239998229911e+01 -2.581665945577106669e+01 -1.144726068110309214e+01 -7.211240558771775611e+00 3.963314206041909760e+00 -1.821085143303963605e+01 -4.583469482200680289e+00 8.565142847645161872e-01 -2.405556161545918670e-02 -3.930200992669083959e+00 1.939880109308049683e+01 -5.693283100841176392e+00 -1.360734771176173474e+01 1.546116827111642067e+01 1.911096006705476569e+01 -1.020871182718299508e+01
