weight logl shared_params-g1 shared_params-g2 shared_params-theta_int shared_params-vcirc shared_params-cosi shared_params-r_hl_disk shared_params-flux shared_params-dx_disk shared_params-dy_disk shared_params-vscale O3b_params-v_0 O3b_params-I01_spec1 O3b_params-I01_spec2 O3b_params-I01_spec3
0.000000000000000000e+00 -3.524928004203723744e+06 -2.276046838725356847e-02 1.371361011633919491e-01 -1.884877171376541538e+00 9.947340225199151575e+01 2.072037504061330360e-02 1.299502017103591589e+00 5.634676745224343364e+00 -5.668858225117696659e-01 6.684289065272159824e-01 2.603631634315112464e+00 -4.176396417958963525e+01 9.953504856838361547e+02 1.492839613251211119e+02 6.876968724088105489e+01
1.332963249058134140e-04 -1.819126674466623626e+03 2.480580581420999131e-02 1.341427698056420759e-01 1.725798195782978439e+00 1.218469640116231290e+02 7.595280918655922253e-01 7.747858984099211810e-01 4.691870070601839693e+00 2.659157662783857567e-01 -1.214461719113306692e-01 3.539406527645856393e-01 -9.040014260338125496e+00 4.960930512784456070e+00 1.913166708120672865e+01 1.873686751999240698e+02
1.369905366719610770e-04 -1.819099337275274138e+03 -1.025446070217478356e-02 1.468829636802288785e-01 1.841565229864847275e+00 1.303440756940246672e+02 7.748496550960091156e-01 7.914061071019689031e-01 4.710772902663618922e+00 2.919780767474093874e-01 -1.140877575115144538e-01 4.149920091457568461e-01 -9.852008165822468300e+00 5.234839380891198601e+00 1.982502039506140079e+01 1.917394674168762947e+02
1.154171479085681884e-04 -1.819270696184899634e+03 2.871474457222747412e-02 1.252643244937675371e-01 1.871123692713271502e+00 1.586745116330169196e+02 7.279069438155146843e-01 8.436407530114413689e-01 4.721050052440815215e+00 2.817274661511457445e-01 -7.902522939979794714e-02 5.285889059345434404e-01 -1.063687078064918978e+01 4.869834667015071616e+00 1.822669434144297185e+01 1.903826741153191620e+02
1.203822051486284320e-04 -1.819228577399146616e+03 3.020467095327111773e-02 1.455141860694562361e-01 1.839525865545981631e+00 1.358480197870515269e+02 7.243515693306232794e-01 7.905425368760914395e-01 4.705329692504240491e+00 3.201868748171365908e-01 -1.188710161852832847e-01 4.574599471670503514e-01 -9.562151334712439166e+00 5.542629997131176545e+00 1.856807999208520599e+01 2.216862594603325931e+02
1.173958393621394279e-04 -1.819253697656408804e+03 1.084245056891162962e-01 1.378172705236170026e-01 1.780532761908231620e+00 1.361734916926991161e+02 6.832231783814226578e-01 7.586957646043663850e-01 4.673704995726228439e+00 3.251691927337250210e-01 -8.540972001797464408e-02 5.977688742228574048e-01 -6.505461460416768205e+00 5.606373816024468049e+00 1.979133406466138112e+01 1.878966026896042933e+02
1.159061557173748919e-04 -1.819266468262078433e+03 1.297043422271701441e-02 1.370571407717672552e-01 1.854864400298876781e+00 1.484244271440678062e+02 6.943343140670614755e-01 8.196728757695423973e-01 4.700007699129466587e+00 2.858875536593994404e-01 -8.421510743140503408e-02 4.952618580612067056e-01 -5.016882172038720000e+00 3.905167903550776920e+00 1.946758132468362490e+01 1.876790054900345694e+02
1.355965009865903821e-04 -1.819109565552089634e+03 5.100722866453963333e-02 1.178350438753234253e-01 1.849813970117941686e+00 1.226941931854308905e+02 7.340353382980520092e-01 7.763854043773923408e-01 4.696301943267608081e+00 2.739262079688731255e-01 -7.717467012053802478e-02 3.322168079313082001e-01 -7.077648551008394406e+00 5.266657314398348610e+00 1.939984459846799680e+01 1.911317877685162614e+02
1.283424373484417895e-04 -1.819164547139848310e+03 4.101565770900103547e-02 1.287990813477345731e-01 1.857010016854424350e+00 1.304548143626049921e+02 7.210806580698467805e-01 7.926818646202404839e-01 4.712533550918845293e+00 3.082727869082177996e-01 -6.651150253997029083e-02 4.699098684969960082e-01 -7.193133204785823409e+00 5.622829824629915763e+00 1.961657313110565326e+01 1.932753061593680570e+02
1.301078165833656974e-04 -1.819150885658267725e+03 -4.708501287204486241e-03 1.296725985578346674e-01 1.728515675440124966e+00 1.525124415481503490e+02 7.467679278935702714e-01 8.034794885298430778e-01 4.697080717690985452e+00 2.908525681480393921e-01 -1.580604348098206824e-01 5.114412585859110516e-01 -7.967850400459980165e+00 5.014020610220604190e+00 1.849672419575065874e+01 1.869816964559358894e+02
1.399298681155728438e-04 -1.819078107768264999e+03 3.109223105323485892e-02 1.464987195452616964e-01 1.806833478419460626e+00 1.183721175662411724e+02 7.293495906541368479e-01 7.859669426405795356e-01 4.684823009367301339e+00 3.140293396498712308e-01 -9.525878272987919893e-02 3.329852943173488011e-01 -5.058018670986825782e+00 5.602597254850572028e+00 1.928691955852901430e+01 1.812261830190554690e+02
1.363192170115516666e-04 -1.819104249804018082e+03 5.498450725220760393e-02 1.478217186073952083e-01 1.780938313566318598e+00 1.266698234743988394e+02 6.475265864596786436e-01 8.525422139665059795e-01 4.710713697341166295e+00 2.722092860268960912e-01 -8.911764172472658174e-02 4.596839460697201840e-01 -9.950076900789298406e+00 5.562462841584903117e+00 1.998826101962958290e+01 1.947947795425631909e+02
1.316450397522103439e-04 -1.819139139915634132e+03 8.065041238620765385e-02 1.488442517350953287e-01 1.789852435754847981e+00 1.175480209082305549e+02 7.191765096454908468e-01 7.699896143391347092e-01 4.682924532899987113e+00 3.263547109097819643e-01 -1.091911003468017949e-01 3.630174133910483159e-01 -9.960946046158142053e+00 4.632853861390673345e+00 1.938128520829429746e+01 2.141391965180886530e+02
1.218197375802742216e-04 -1.819216706732082912e+03 1.496445627224585184e-02 1.445780809494104646e-01 1.895725814508780971e+00 1.145614402767621414e+02 7.424981714959832946e-01 8.027642112419244302e-01 4.712782346294167368e+00 2.937019035678500867e-01 -8.540753499685660444e-02 3.251317313700199385e-01 -9.373524830023228560e+00 5.018029535208357039e+00 1.831098502602923617e+01 1.952730447999199157e+02
1.197466378751073368e-04 -1.819233870963631944e+03 -3.430139081546490498e-03 1.425196922956730450e-01 1.812882944608793068e+00 1.299510100018236756e+02 7.890484057927193984e-01 7.263507830996953629e-01 4.687966402451144710e+00 3.372602742263599573e-01 -1.151245026243428171e-01 2.905004207315232123e-01 -8.032400671048947061e+00 5.303743762811841123e+00 1.809472556641655672e+01 1.684176966166893692e+02
1.233343977174703756e-04 -1.819204349776254730e+03 5.758768560112118018e-02 1.414118122586718040e-01 1.827809052662463074e+00 1.145427287840744128e+02 6.845947621628014623e-01 8.360625621193937818e-01 4.707984914498830165e+00 2.965328705103549289e-01 -8.167175118968916792e-02 3.156842254307425932e-01 -8.653568647724171115e+00 5.707183408163785110e+00 1.850618168206419512e+01 2.025299917525469482e+02
1.240748921266181357e-04 -1.819198363771276945e+03 1.464412606225077573e-01 1.328911716617791339e-01 1.756742402376012535e+00 1.434563386769756619e+02 6.153979845462254072e-01 8.997392011785272370e-01 4.722986492008228510e+00 2.936672770781307840e-01 -9.705930010688756937e-02 8.324913284087476217e-01 -9.111696144467629210e+00 5.012570706961150258e+00 1.979806935535233237e+01 1.705808921442041424e+02
1.196653113812867357e-04 -1.819234550349077836e+03 4.241087166848392376e-02 1.268164988742909449e-01 1.732318581898526055e+00 1.458062863801445701e+02 7.011922884147379076e-01 7.669930251879442107e-01 4.686144278961750231e+00 3.142237715251681163e-01 -1.098221220099300233e-01 5.161276535272993904e-01 -8.511720437922917881e+00 5.535254275306766836e+00 1.801422869389068637e+01 2.072714548175349591e+02
1.163724650099852735e-04 -1.819262453170912522e+03 8.577943689372280467e-02 1.112854478643394984e-01 1.791441069592404567e+00 1.179216629769358065e+02 6.749431933973384368e-01 8.219206946383874612e-01 4.694430030587503744e+00 2.975965391578561103e-01 -1.085121895200478193e-01 4.178297753142538040e-01 -9.972532461191462971e+00 5.162000439353775505e+00 1.866195298149531112e+01 1.859141193334687898e+02
1.170138396587860219e-04 -1.819256956907845051e+03 1.037693161197045244e-02 1.333561610239426265e-01 1.869401967749773519e+00 1.461697236616268185e+02 7.632590642003154180e-01 7.745481457014125048e-01 4.707605769750377256e+00 3.390117502261922322e-01 -1.021978340029292553e-01 5.160154252672606301e-01 -1.050749311524285190e+01 5.662999865155060597e+00 1.935567105521784725e+01 1.760341841088235526e+02
1.273155692663853022e-04 -1.819172580321502210e+03 7.162829200208103986e-02 1.385935390747200791e-01 1.861753929749757397e+00 1.281932762674279331e+02 6.453407808153412972e-01 8.523110695780442558e-01 4.700252054442345617e+00 3.029176185480999539e-01 -8.163153154862268224e-02 4.460491025123470843e-01 -6.825217337635450576e+00 5.638922326592910039e+00 1.958858772428473571e+01 2.108139948025022932e+02
1.496864769837536586e-04 -1.819010706170093954e+03 3.770568214910052784e-02 1.238389682621361676e-01 1.859008808009161129e+00 1.420586062915728860e+02 6.704119487720046067e-01 8.290037340150644418e-01 4.712792154128377931e+00 2.653062164609865103e-01 -8.832419710157357606e-02 5.050607689430643976e-01 -5.721638041969185906e+00 4.649795886404128886e+00 1.939522073152988213e+01 1.786573736323884418e+02
1.276339562434219456e-04 -1.819170082673060506e+03 1.047284431960320561e-01 1.400902273737269221e-01 1.766888621659600034e+00 1.432283044782246577e+02 6.100063129576576149e-01 8.599760575336503621e-01 4.688289997795417108e+00 3.061422343451651873e-01 -7.410770136901767557e-02 6.470487746865422052e-01 -9.276802618217601548e+00 4.297050175699257402e+00 1.913839468258771248e+01 1.802790665033702169e+02
1.172736822913581504e-04 -1.819254738755235394e+03 1.037214245406120616e-02 1.489448818892311344e-01 1.822386150761313495e+00 1.188879959555855379e+02 7.173310241279855504e-01 7.647284062478953981e-01 4.695912429622694617e+00 3.311827344272404439e-01 -1.175957831159148981e-01 3.304327455209009612e-01 -5.268585730079337281e+00 5.612796006098430546e+00 1.894631849600769868e+01 1.886307068418634572e+02
1.224869636169219529e-04 -1.819211244518461172e+03 2.962420207460159105e-02 1.259473873413139711e-01 1.864433036843689884e+00 1.172295215549852259e+02 7.370368767907921059e-01 8.277271854870833501e-01 4.723343771778912625e+00 2.771695771321029955e-01 -9.000782866735912435e-02 3.243316122623755571e-01 -8.708956668161050629e+00 5.579530585656522490e+00 1.935698279957387413e+01 1.973071540633786185e+02
1.347158623151946866e-04 -1.819116081286525514e+03 -2.025058242979715928e-03 1.286510412435847572e-01 1.891765118818656610e+00 1.389698833118013681e+02 7.887742981016804267e-01 7.386540529504064256e-01 4.695007846248614669e+00 3.092896023197830857e-01 -9.484687320993412385e-02 3.124474581074305202e-01 -4.696841812641480374e+00 5.787558530974346027e+00 2.024905839184809508e+01 1.835562424048433741e+02
1.203204200095837938e-04 -1.819229090772362724e+03 5.709507894679191620e-02 1.492857186392570201e-01 1.791037588032249772e+00 1.120216414065688610e+02 7.045833536711971767e-01 7.911100102812729240e-01 4.703372655069121500e+00 2.932490600111521406e-01 -1.268863116180145578e-01 3.703364189660444117e-01 -7.209093779861234452e+00 4.629502214752667655e+00 1.943205219510746318e+01 1.805036407781227581e+02
1.248202856508615402e-04 -1.819192374135323689e+03 7.415054013264099630e-02 1.331727587756048325e-01 1.714459936912896332e+00 1.556828182515026811e+02 6.647728223062218111e-01 7.904831272964087940e-01 4.682500726035517147e+00 2.612754675896544754e-01 -1.347454291519136760e-01 6.212776218556971264e-01 -6.668235655110265725e+00 5.208922489974177061e+00 1.942627182640210748e+01 2.101597086911243366e+02
1.169159322146008293e-04 -1.819257793974876904e+03 1.309918494109651999e-02 1.164243772859057946e-01 1.852136510193817642e+00 1.420243286897811004e+02 8.087236996361983898e-01 7.462050825377883889e-01 4.694278080779609397e+00 3.257024784343696133e-01 -1.020892859574784595e-01 3.980530745062130227e-01 -5.594103980239708562e+00 4.420322316288971543e+00 2.010720593017978430e+01 1.692083642426490542e+02
1.328547977200125632e-04 -1.819129992337962904e+03 3.420161154647882729e-03 1.383157421490874006e-01 1.958770453617677099e+00 1.303141568004868702e+02 7.469255252977716752e-01 8.000152824950828023e-01 4.710352514794688084e+00 2.887249168413201783e-01 -6.076134464760540865e-02 4.159396679553705733e-01 -7.447798040940426745e+00 5.220494259655539260e+00 1.891461995090770642e+01 2.051378127518379415e+02
1.201374907410527259e-04 -1.819230612280249488e+03 -7.821178019535246495e-03 1.399406951775730434e-01 1.864769371270541320e+00 1.337829752468181255e+02 7.140172102317954295e-01 8.322529607426605303e-01 4.716343713204710575e+00 2.828186920466471133e-01 -9.490155687648593741e-02 4.144685411529564489e-01 -4.747229121363687909e+00 4.814494825846726833e+00 1.960231726623817750e+01 2.116562452601087330e+02
1.353241740574333773e-04 -1.819111575934064604e+03 4.986997647313048954e-02 1.208234444206742475e-01 1.804623604615259502e+00 1.376280979877343498e+02 7.173393144045938641e-01 7.535683620863664611e-01 4.675527719367686963e+00 2.918709143114635030e-01 -1.197862947875787398e-01 4.561433822459158849e-01 -8.828203032113407289e+00 6.022074758538553674e+00 1.934421706464661739e+01 1.890396621525729586e+02
1.193540289777860819e-04 -1.819237155013445317e+03 6.041175669155326999e-02 1.444712939669095253e-01 1.780173844368953873e+00 1.115378390365380312e+02 6.837122112688395204e-01 7.944132358919102632e-01 4.686216170967601791e+00 3.137866023998134857e-01 -8.261772486519802783e-02 3.540045279757241814e-01 -8.391044415339337093e+00 4.805234003234293283e+00 1.918480417407908334e+01 2.001173942887701855e+02
1.144646982173011627e-04 -1.819278982660385736e+03 9.004216460425432111e-02 1.352656152623697150e-01 1.711546797015100374e+00 1.306871433294236340e+02 6.815915117309648830e-01 8.349059632840434286e-01 4.705031663995702829e+00 2.716774835865589655e-01 -1.192647647938391842e-01 5.532441704240371738e-01 -1.072776071836358369e+01 5.578203797974468081e+00 1.904554663606394627e+01 1.627012235605621697e+02
1.216455595097496530e-04 -1.819218137556946431e+03 5.701976890706278445e-02 1.481446732277475198e-01 1.928526614540536421e+00 1.258721406272255479e+02 7.258218756747432110e-01 8.017679011267291322e-01 4.693453980087435085e+00 3.122303364298200101e-01 -6.553365444834469145e-02 3.501944428059460823e-01 -5.613702000567798223e+00 4.508118838220886992e+00 1.969625774361627535e+01 1.855445875349593905e+02
1.186861260384399608e-04 -1.819242766711119202e+03 1.059556504976233438e-02 1.491543771686842101e-01 1.881054189899680651e+00 1.168021203692404271e+02 7.873502890182064728e-01 7.703712423034669854e-01 4.702514515000514983e+00 2.815988144023995332e-01 -8.035011965891358798e-02 2.618526432854596520e-01 -8.332393438512610828e+00 4.866756602076804938e+00 1.898516083462908810e+01 1.991046777821843250e+02
1.388040959714709178e-04 -1.818290326040158561e+03 -6.525189401615311136e-03 1.119926243982212466e-01 1.758649804314942777e+00 1.236418401337174373e+02 7.987623229056858287e-01 7.544400228478862491e-01 4.699716192512263468e+00 2.809298604117693721e-01 -1.273739921366918715e-01 2.579756445326655268e-01 -9.386370890938678713e+00 5.314430146715842795e+00 1.884112791852132673e+01 1.738343920244774665e+02
1.200447607046938617e-04 -1.818435524918571673e+03 4.456275720082300551e-02 1.456055826134019793e-01 1.768969701521853288e+00 1.284790425452900706e+02 7.180383436357173910e-01 7.396533774806151040e-01 4.676521181369761138e+00 3.231777704195237799e-01 -1.012957068811761729e-01 4.202526107962787361e-01 -6.501326443067995342e+00 5.749010364699658204e+00 1.877176424044279912e+01 1.881552196982578948e+02
1.563589897079790058e-04 -1.818171235018093057e+03 2.852150253174132177e-02 1.482381299819072462e-01 1.772834857156638577e+00 1.475615021232911488e+02 7.080599670157440295e-01 7.315835826142860210e-01 4.661021875433656092e+00 3.503283400835650596e-01 -1.382414960718467700e-01 5.128863328922858011e-01 -8.746186242203805250e+00 5.630328757833980013e+00 1.964341421088999695e+01 2.016773267627523012e+02
1.800643624885952816e-04 -1.818030075241318173e+03 6.995545865053454104e-02 1.283859362485577360e-01 1.747648698979807236e+00 1.218557350396551158e+02 7.184527033851418887e-01 7.646255144675342397e-01 4.684116329673631896e+00 2.877420242468993195e-01 -1.180589628591453000e-01 4.408055122424076044e-01 -7.112040521000750459e+00 5.388494655186537585e+00 1.877075711875442110e+01 1.830954008749665718e+02
1.237411570865718251e-04 -1.818405197656667497e+03 7.282536913572865145e-02 1.316583504826565332e-01 1.802935195643167177e+00 1.403788929694383967e+02 7.319529939098134985e-01 8.353159271798666907e-01 4.712122540204193299e+00 2.616652950193951721e-01 -9.348755324685464885e-02 4.913174334201190763e-01 -8.587302749741951402e+00 5.714757413719517842e+00 1.865836623207506406e+01 1.943910476951731141e+02
1.330125308802984684e-04 -1.818332946256748073e+03 5.041230771758917206e-02 1.325721880970519850e-01 1.798575506718934847e+00 1.332595038881478899e+02 7.442443601489212579e-01 7.474128852435506509e-01 4.691569883005698216e+00 3.270403598677560364e-01 -1.029907314011875297e-01 3.853858660125996094e-01 -9.605270725866319026e+00 5.045057269773667308e+00 1.908931426675364307e+01 2.157018734928667243e+02
1.361078052492383048e-04 -1.818309942340293901e+03 9.086873499685815814e-03 1.318737184512683014e-01 1.833607559033834100e+00 1.342928168694253941e+02 8.346700139253835360e-01 7.701056605025886626e-01 4.710920056648092213e+00 3.014267416564120339e-01 -1.148844899668204356e-01 2.638507574420893009e-01 -7.213679177489382255e+00 5.473807704502897664e+00 1.927349045616722023e+01 1.707746495223246939e+02
1.371030610179802651e-04 -1.818302656684457816e+03 9.701456724950610622e-02 1.332060722248983031e-01 1.797199750000626040e+00 1.339455285757219656e+02 6.530858198289829497e-01 8.205523516360260228e-01 4.684810541612058898e+00 3.272112044967723232e-01 -1.096843832203853175e-01 5.761354878517098710e-01 -7.266116119803029960e+00 4.941246695250645082e+00 1.936791920595415206e+01 2.120346654762948049e+02
1.259606460060978112e-04 -1.818387420072796431e+03 8.175676420535793465e-03 1.451330349045708845e-01 1.842122364451073580e+00 1.527572295536215279e+02 7.925456276999680583e-01 7.178525100042680851e-01 4.677183339241352655e+00 3.200514788279495981e-01 -1.002576449274354964e-01 3.895172801139063501e-01 -6.600457369429761911e+00 5.631583363400305409e+00 1.770939970182905299e+01 2.005843239567455214e+02
1.184644469735131566e-04 -1.818448776707658226e+03 1.425545630955693532e-02 1.293205240564417602e-01 1.919174091938289806e+00 1.395359786496973982e+02 7.459055770726940038e-01 8.270985163297208675e-01 4.714157745541370126e+00 3.131230213404692098e-01 -7.763885220906141527e-02 4.190900203074718333e-01 -5.430739035163583139e+00 5.278760323957576439e+00 1.815090234828853255e+01 1.940074127575820455e+02
1.371881337586926275e-04 -1.818302036374764612e+03 1.498979795895369338e-02 1.432453202972444883e-01 1.902315663515167010e+00 1.210788042573538235e+02 7.074194839254532852e-01 7.629806354182411265e-01 4.683309896479602941e+00 3.122953411401943047e-01 -8.712465769922239645e-02 3.636431790765943806e-01 -6.130908748577155620e+00 4.663469874359171818e+00 1.912298049084137830e+01 1.822970963145865824e+02
1.713580343572751442e-04 -1.818079634461880687e+03 9.186246929498412261e-02 1.404735902143621484e-01 1.718701827923169390e+00 1.149329434856813350e+02 6.866266189940442022e-01 8.224025470337976707e-01 4.694440328712875754e+00 3.014289183916538661e-01 -1.246212377189328535e-01 3.930521643590152991e-01 -9.039098486813145428e+00 4.763852105952315341e+00 1.900192919774412559e+01 1.812008220213022867e+02
1.348663788544696390e-04 -1.818319105095663417e+03 1.063290854557798759e-01 1.106061044685015260e-01 1.705598548244021906e+00 1.290906803102506331e+02 6.331523208650686740e-01 8.570555542188786902e-01 4.707652571895438953e+00 2.749449791337941207e-01 -1.242406979620587215e-01 5.869102258070710842e-01 -1.018853596377127246e+01 5.500221213133538178e+00 1.911251812583658705e+01 1.903437762372920474e+02
1.650906185827923089e-04 -1.818116895071001181e+03 6.693202374448864456e-02 1.043012053259091687e-01 1.802130277886483611e+00 1.577821153194900887e+02 7.424632166234674813e-01 8.075782938125513066e-01 4.699746156291817911e+00 2.883599812004762342e-01 -9.838108026541014794e-02 5.342472995895296561e-01 -7.637237378036132895e+00 5.424247982203200813e+00 1.988813476716022421e+01 1.633064578646632583e+02
1.247412919988323847e-04 -1.818397147669098104e+03 2.935486354392266573e-02 1.490355298590905486e-01 1.896184902870445832e+00 1.245798806505247711e+02 6.555744813446948704e-01 8.455871685883644684e-01 4.705840929815858331e+00 3.108263527627173062e-01 -8.063651105377367401e-02 4.884650407127646421e-01 -6.061303345768493500e+00 5.294905442866371104e+00 1.945471250156716181e+01 1.935848428215940373e+02
1.466283864847157243e-04 -1.818235488194739901e+03 7.700863517926237467e-02 1.377100886954108760e-01 1.833734474062507225e+00 1.419003446818401528e+02 6.756708715429413648e-01 8.149906308126220189e-01 4.698869008114421320e+00 2.873655994868495878e-01 -7.475955435079040257e-02 5.795941787307284931e-01 -6.165454948858837270e+00 4.315104261259805618e+00 1.964184297212923269e+01 1.605056636737255360e+02
1.278966924477659389e-04 -1.818372166749881671e+03 1.090534841751309159e-01 1.400960938847637671e-01 1.788268875384143364e+00 1.389471840154147628e+02 6.192012289698375360e-01 8.242859361233321192e-01 4.695711730754991819e+00 3.023423726733265315e-01 -9.396605926497825223e-02 6.962488215138208369e-01 -6.226225342932650619e+00 6.001036646636537242e+00 2.021364296454319742e+01 1.845871220079737896e+02
1.255247405193413623e-04 -1.818390886722921323e+03 6.842599179060609993e-02 1.429563918774127418e-01 1.831973403621685037e+00 1.422720089188814541e+02 7.122987557242486112e-01 8.434421978284232235e-01 4.721742576213321385e+00 2.837681783207306463e-01 -7.133753979610801821e-02 5.262141481244648755e-01 -7.483968095086169114e+00 4.469041948124474750e+00 2.005765613312004803e+01 2.076798681575844228e+02
1.199027733767972460e-04 -1.818436708405161880e+03 1.245634491967582413e-01 1.388744604897333146e-01 1.753561412004568609e+00 1.337484650528336374e+02 5.647635533016213127e-01 8.314052946923391474e-01 4.671947123925026091e+00 3.112250891761574323e-01 -8.932615369762464397e-02 6.271389381493531756e-01 -6.888285797781975361e+00 5.032701949396090058e+00 1.907105512974782613e+01 1.763080909725788104e+02
1.700020056749328168e-04 -1.818087579362608267e+03 3.079190086439476115e-03 1.406464340833918081e-01 1.820615287144534911e+00 1.276145582078558363e+02 7.788636012625467231e-01 7.703765394077906059e-01 4.700007707761724163e+00 3.072647705000146612e-01 -1.415559001068764644e-01 3.288323588782209872e-01 -9.472290992401156018e+00 4.958260382187829052e+00 1.971962249623160446e+01 1.833263093066566114e+02
1.231515195253132865e-04 -1.818409974134369349e+03 2.423783551915234535e-02 1.480320925350639139e-01 1.795395508641531634e+00 1.426950654914025165e+02 7.454526694972913869e-01 7.843411960187189891e-01 4.712602170440622018e+00 2.997466979543723653e-01 -1.005621608540319123e-01 4.272724412193263377e-01 -8.660676331826010710e+00 5.763739776923682001e+00 1.837317142215832888e+01 1.685319021468165772e+02
1.823145971259578001e-04 -1.818017655847195783e+03 4.985220651964339389e-02 1.481255136018691798e-01 1.861077543268743639e+00 1.257494590856906882e+02 7.370550117508194443e-01 7.715544820800226411e-01 4.688286736950885825e+00 3.370113598766859564e-01 -1.032738132323165470e-01 4.262487814416256460e-01 -6.485367385794575057e+00 4.916077963413534313e+00 1.955759727342021392e+01 2.175815561730069021e+02
1.177579673181382731e-04 -1.818454758204070231e+03 1.355015015975484516e-01 1.286052796805660370e-01 1.727232244217661972e+00 1.722688969899153619e+02 5.821497436284449600e-01 8.505749056983553658e-01 4.674964447093326925e+00 2.825918867164831649e-01 -1.330087152428838237e-01 8.648130799817964620e-01 -9.283852860986939959e+00 5.043317052249696175e+00 1.940245377430516172e+01 1.817224527898544295e+02
1.192795128811220608e-04 -1.818441920011055572e+03 4.375484183536262894e-02 1.474896827172929858e-01 1.769104517505359020e+00 1.615742396839707737e+02 6.503675212559629770e-01 7.785051087114418511e-01 4.682359304403678202e+00 2.635576017711400709e-01 -1.263436562026596377e-01 6.494570766908606130e-01 -7.657606827966219498e+00 5.300017680738289272e+00 2.017205008061928595e+01 1.914143810674943040e+02
1.195843487119111658e-04 -1.818439367628336413e+03 6.667761951249007168e-02 1.385096193040676604e-01 1.814926320486520694e+00 1.193879120380139369e+02 6.738950357799549096e-01 8.318351584764596129e-01 4.700473832440532185e+00 2.980617835096084356e-01 -7.602621730047087745e-02 4.172622357431737816e-01 -5.139576429154772086e+00 4.590575106644734227e+00 1.909363825844156892e+01 1.721198812809158198e+02
1.340416963190614109e-04 -1.818325238679567974e+03 4.174629967191617608e-02 1.330626249352265533e-01 1.795550465034098764e+00 1.380547700600619692e+02 7.347169906078339086e-01 7.481200499463307452e-01 4.687803563120077399e+00 2.922599061080248806e-01 -1.033848816989588748e-01 5.544046378435154576e-01 -8.300695990898304899e+00 4.653759668921231274e+00 1.911243628119541071e+01 1.706042448673411513e+02
1.472744865283419737e-04 -1.818231091496757244e+03 2.968730825143833796e-02 1.442080610613702685e-01 1.814012688325632894e+00 1.223536856812502975e+02 6.917864339973738286e-01 8.375901272501751205e-01 4.707696625879584928e+00 3.006197668626231501e-01 -9.273791133277020649e-02 3.684117821846998875e-01 -4.506873186030475154e+00 4.745347501049379524e+00 1.929309910694798447e+01 1.897689416365040529e+02
1.655709264983004452e-04 -1.818113989935762675e+03 2.757035323237783109e-02 1.436128196104282384e-01 1.841112361112363871e+00 1.452518532237651812e+02 6.358579486730246977e-01 8.601132396222874732e-01 4.707049771259991466e+00 2.997899026299637448e-01 -9.404479277721744523e-02 5.771392570461083560e-01 -8.856462205278972988e+00 4.792723106649465770e+00 1.915385143466097162e+01 1.785662976850813664e+02
1.224250877135904677e-04 -1.818415890283620683e+03 9.099364458692130175e-02 1.490382820506026829e-01 1.818699783738208176e+00 1.263116794521717310e+02 6.889480971118089325e-01 8.029918340793831266e-01 4.688244253697945396e+00 2.974615552162196419e-01 -9.948965868204906471e-02 5.028958767853234368e-01 -7.789078953171866715e+00 5.176475157819937500e+00 2.041953925084683164e+01 1.747189621933342778e+02
1.182959706001172374e-04 -1.818450199888133739e+03 2.616025973181526632e-02 1.299585987995395542e-01 1.869401734552195826e+00 1.441146172307529412e+02 7.664037785429717031e-01 7.775217112387213803e-01 4.696730619591747313e+00 3.242296500642731782e-01 -9.495452469806875406e-02 4.551512585149331547e-01 -1.871591683761153035e+00 4.992542468923444332e+00 1.934743610625588772e+01 1.701246899499606684e+02
1.507148007526780127e-04 -1.818208000283511410e+03 3.701365527232608477e-02 1.470020251318982230e-01 1.921368204287751347e+00 1.343629283275907937e+02 7.013569075449798129e-01 8.139372132710929186e-01 4.708558448192206924e+00 2.920535216870847606e-01 -7.780542746309304647e-02 5.395622841221767718e-01 -7.883334237296764968e+00 4.820113485663357622e+00 1.995216435673319211e+01 1.879650227230471558e+02
1.244614357217651733e-04 -1.818399393682994287e+03 9.772293009671864650e-02 1.334128552398585466e-01 1.738290983650459864e+00 1.321627850769523604e+02 7.116948840270221899e-01 8.144204046070486758e-01 4.699129529958776530e+00 3.077065821367965803e-01 -1.128940100761970378e-01 4.966777382024814003e-01 -7.270534588907679563e+00 5.885372086180118423e+00 1.973018200490139762e+01 1.917824437062434129e+02
1.410111500777266901e-04 -1.818274550631859711e+03 -7.757084518445533927e-03 1.459880576898559823e-01 1.806035837921237786e+00 1.427597028510347457e+02 7.743141129140322931e-01 7.992235023782399139e-01 4.704491317011950002e+00 2.873437037851638287e-01 -1.265619097051637887e-01 3.854991797044090007e-01 -7.775806899271231032e+00 5.176668847384546801e+00 2.000115302721794563e+01 2.128737630768891052e+02
1.232174450659313575e-04 -1.818409438957040493e+03 -4.402527647454551607e-03 1.336656048059006452e-01 1.802386035872818759e+00 1.387726135706776631e+02 7.896423861895880414e-01 7.715175861133596324e-01 4.718462490345120663e+00 3.196768672851690862e-01 -1.249334080459867380e-01 3.545564384178123696e-01 -1.072352416781279771e+01 5.024421267679657355e+00 1.873256844802029164e+01 1.845129892592333078e+02
1.222024306881167282e-04 -1.818417710660072316e+03 1.179564044538478074e-03 1.110128293115642262e-01 1.817160514288254980e+00 1.290967777507501353e+02 7.180158914982089913e-01 7.895645326393063712e-01 4.703358743234677064e+00 3.110615703353445394e-01 -1.068444237805106223e-01 3.781950569273484497e-01 -6.009515019659630752e+00 5.257813261507315872e+00 1.911997352563554742e+01 1.857177779769010328e+02
1.614295866094134040e-04 -1.818139320546314593e+03 8.594341762758406222e-02 1.337868468413340450e-01 1.852206226826924151e+00 1.202484571939437785e+02 6.775592129867731295e-01 8.552771697066978707e-01 4.712847819126365856e+00 3.089074729731871027e-01 -7.642642877629945986e-02 4.208115314241926974e-01 -7.805930594371915276e+00 4.528116357519706980e+00 1.863352072832136130e+01 1.882290648007691800e+02
1.795402894523118425e-04 -1.818032989961161093e+03 1.325227207620352510e-02 1.191437601371373167e-01 1.888647284315138286e+00 1.490077947542035588e+02 7.258279896660824182e-01 8.305128385469675578e-01 4.721964476429564961e+00 3.034634317200590736e-01 -9.453326115471671898e-02 5.286162466206779653e-01 -6.185928325207157741e+00 4.808341607825505903e+00 2.008360421994215272e+01 2.028750229805902450e+02
1.308439785573490915e-04 -1.818349383987662804e+03 6.239254391750331807e-02 1.363758369029930140e-01 1.776520498207779575e+00 1.480569727638135760e+02 7.689892025253867169e-01 7.563522995232636603e-01 4.686739710062033382e+00 3.621064434184946279e-01 -1.028111454225539845e-01 4.511680589236392036e-01 -7.900603648663008016e+00 5.738183382726802506e+00 1.949539605588213220e+01 1.965770426121882224e+02
1.559565625437637235e-04 -1.818173812074432590e+03 8.993069497100700249e-02 1.384319219120415390e-01 1.766690392294852252e+00 1.299699994807901646e+02 6.631378582535008004e-01 8.182145786848644686e-01 4.689461623191721884e+00 2.921416448899312179e-01 -8.272729047782689804e-02 5.722058515694988801e-01 -5.791423487287289618e+00 4.791907177502108262e+00 1.967793906203219123e+01 1.944075883877902697e+02
1.165055630784181173e-04 -1.818465450574065017e+03 -5.922380430837370646e-03 1.378814265677854312e-01 1.892503625618634722e+00 1.289270613673809862e+02 7.525508493689366807e-01 7.837753274778906931e-01 4.697065301117565816e+00 3.149179031539102169e-01 -8.079990589331487172e-02 4.242961182346087767e-01 -6.527173886456552054e+00 4.876213882641589059e+00 1.899912239085199772e+01 2.118198446438383939e+02
1.431506559375231660e-04 -1.818259491983973930e+03 6.988073414116899307e-02 1.476410448176001811e-01 1.838324180440298328e+00 1.224847349795469000e+02 6.751454487210033495e-01 7.949198992270232189e-01 4.677007285201345788e+00 3.127139452682272669e-01 -7.162485049515243674e-02 4.396485079953411090e-01 -5.838837401364287416e+00 4.839261182899567970e+00 1.982538695530555728e+01 1.967285431213675508e+02
1.486334689865637343e-04 -1.818221906262041557e+03 8.730579062633814225e-02 1.333590000504127626e-01 1.770518468418741165e+00 1.571031198770015749e+02 6.245312758937442421e-01 8.507030520347611535e-01 4.709212888020490873e+00 2.632742370602212389e-01 -9.265565676300724363e-02 8.051013305679503018e-01 -6.687956649785917307e+00 4.089136911936797070e+00 1.835633079187604011e+01 1.893882190083199362e+02
1.435832410407362775e-04 -1.818256474653717760e+03 3.415567218759021917e-02 1.393406894558263664e-01 1.788488039891286796e+00 1.259862573123459271e+02 7.241891819635627447e-01 8.229333851909708120e-01 4.721349961414668783e+00 3.153437600171395960e-01 -1.162270057498222542e-01 3.423870352699043829e-01 -7.744560785961880356e+00 4.843577840093704623e+00 1.962250315937030720e+01 1.953675817802221673e+02
1.164118855265459511e-04 -1.818466254958257650e+03 3.063678665418273495e-02 1.382628345794420788e-01 1.649717210199137973e+00 1.545396608609957809e+02 7.202440031952520583e-01 7.696139032250211010e-01 4.686712699093442680e+00 2.808575701714244310e-01 -1.679391436408503857e-01 6.309543616645260089e-01 -1.126473061752858484e+01 5.135310323660213783e+00 1.972187861245011575e+01 1.892082284496494538e+02
1.241410711086904449e-04 -1.818401971008496730e+03 2.212656892001052533e-02 1.459575340362593010e-01 1.895532688764399509e+00 1.143496223979344819e+02 6.932256954727016307e-01 8.025554244158255024e-01 4.694238450952211039e+00 3.028918580839443653e-01 -8.109457290344912472e-02 3.402533630212436488e-01 -4.837810449523999523e+00 5.391643658994582644e+00 1.881321824719950442e+01 1.998840578814361493e+02
1.490837100603182371e-04 -1.818218881637003506e+03 6.424908192462622236e-02 1.392012540059766879e-01 1.833995836327193985e+00 1.210529794432096224e+02 7.091397103021858106e-01 8.266015709549134893e-01 4.710877256154627268e+00 3.284588761035178717e-01 -8.020775356709686221e-02 4.292492959019438836e-01 -5.643215423207379899e+00 4.787088161971930766e+00 1.884425024304103857e+01 1.998367467646104956e+02
1.754511286203219646e-04 -1.818056029062950529e+03 5.827444402708759075e-02 1.207603130781303713e-01 1.842554572801187618e+00 1.392405770023745504e+02 7.387858190564688954e-01 8.296930011948446815e-01 4.718105724011198987e+00 2.841563914183686812e-01 -8.520850031523963253e-02 4.669330384595015149e-01 -6.220101657280082463e+00 4.893238876030325812e+00 1.796785507767706491e+01 1.783217324575687712e+02
1.229926491664469880e-04 -1.818411265006964641e+03 7.045728585751240280e-02 1.334886857436048679e-01 1.801265892551243475e+00 1.190758024065860354e+02 7.202678503091058948e-01 8.155802652759844840e-01 4.713201057910222147e+00 3.017257140679574512e-01 -9.901914347764617652e-02 4.263147281961964796e-01 -8.212646187051262814e+00 5.040034078207633605e+00 1.812636027523906179e+01 2.013680767471044533e+02
1.338551343007506403e-04 -1.818326631469830090e+03 7.894999941028321699e-02 1.205803631481840721e-01 1.864073395179524972e+00 1.227499847453718047e+02 7.046744492893765033e-01 8.232918821092398698e-01 4.701579553439723114e+00 3.053348864416352004e-01 -8.482280070691672336e-02 4.101739549058412981e-01 -7.833203378075154433e+00 4.978410063556149012e+00 1.866831329510842963e+01 1.824261162111901058e+02
1.535716657989061307e-04 -1.818189222261434452e+03 2.353832854088022675e-03 1.304726690723977678e-01 1.888133576280254466e+00 1.296056424915406922e+02 7.402501068448784638e-01 7.835464830988267959e-01 4.695497260163858044e+00 2.850666769543503953e-01 -7.713388244848329300e-02 3.528036909357548101e-01 -7.513087149677858179e+00 4.599804559933806658e+00 1.840048233238744757e+01 1.884634512470808545e+02
1.229110905909038811e-04 -1.818411928344404032e+03 1.114232505533199469e-01 1.393945705057660633e-01 1.838689022869975709e+00 1.460669360371811649e+02 6.249006054900089202e-01 8.578368389070660793e-01 4.707778873141588605e+00 2.819543578572365483e-01 -6.093472961036972002e-02 7.204002498470546412e-01 -6.804588398920742520e+00 4.853617302852830662e+00 2.056038233913526270e+01 1.819404682929435353e+02
1.334065997511186717e-04 -1.818329987992022325e+03 5.262093602337070131e-02 1.281970707670585241e-01 1.830517795106747059e+00 1.403765387691766477e+02 6.954375633147853453e-01 7.748965669529663813e-01 4.676853984338658066e+00 2.877801329068305769e-01 -1.225396374394120969e-01 5.265222985315455295e-01 -6.896413406945356428e+00 4.844953902771509391e+00 1.902237794173966634e+01 1.772337816132835258e+02
1.545274048868177372e-04 -1.818183018139160367e+03 -2.788431575791303074e-02 1.104687407919532072e-01 1.928275334023656917e+00 1.426281366258457126e+02 8.304185111619442061e-01 7.716992210051913936e-01 4.712883319718725872e+00 3.042470423488592424e-01 -8.481853744413525575e-02 3.299311839472385266e-01 -5.291668258050947315e+00 5.597749442947441700e+00 1.862612400272534074e+01 1.939677486405004743e+02
1.714879995870889975e-04 -1.818078876306772145e+03 6.036558433349817343e-02 1.440390384239416399e-01 1.822053234559577461e+00 1.288473782413229003e+02 6.879498409768584066e-01 7.666242269180991720e-01 4.684949756614641636e+00 3.406698761666500097e-01 -1.191783975384854699e-01 4.004457636661771236e-01 -6.187492876657216812e+00 5.193517244197698446e+00 1.875735047129856170e+01 1.983473825110192479e+02
1.198407053543932790e-04 -1.818437226192124172e+03 4.722829245954779376e-02 1.306980078710436033e-01 1.779538258341229806e+00 1.213609685719500533e+02 6.961850233066759763e-01 8.406395054593844840e-01 4.710644420604899629e+00 3.056556164737413983e-01 -9.041996754120340540e-02 4.493399729979208335e-01 -9.307245821564521293e+00 5.215157930667957409e+00 1.887265959442519048e+01 1.796482330783164514e+02
1.723868913674769126e-04 -1.818073648278489600e+03 1.472185819536959983e-01 1.255393859091773756e-01 1.729272481462245992e+00 1.417317920521636552e+02 5.903153486077464818e-01 8.943615635390103069e-01 4.710581688775224762e+00 2.787981466343212311e-01 -8.012388872883047242e-02 6.628686470286893062e-01 -5.303928933668458967e+00 5.338120547805358385e+00 1.938320803480786481e+01 1.812949293924936853e+02
1.215127291456565299e-04 -1.818423370573752891e+03 3.886035729961101470e-03 1.058281576610940744e-01 1.876191946609852224e+00 1.313651693021954827e+02 7.646597556495039472e-01 7.723367221281229877e-01 4.702352265293463951e+00 3.038410814754932687e-01 -9.097358369151864466e-02 3.020036313146026163e-01 -7.622263979420949909e+00 4.505817004415768601e+00 1.947079502187887101e+01 1.836896983930285217e+02
1.411273741418296655e-04 -1.818273726752377115e+03 5.835198115317358214e-02 1.250294577784380745e-01 1.853454066925029231e+00 1.391722470922346986e+02 7.906922540245225894e-01 7.805896793405202594e-01 4.708550707082819642e+00 2.950769572967104626e-01 -1.085575443224251480e-01 3.789701691545479534e-01 -7.661851107531020943e+00 5.351950481821909911e+00 1.927992950114665405e+01 1.829583509770109515e+02
1.334910921531067462e-04 -1.818329354847507602e+03 2.156701088254925347e-02 1.409111362358815012e-01 1.833839029741463733e+00 1.430642455808715852e+02 7.546924419168495879e-01 7.708275565976587806e-01 4.705446249502968747e+00 3.139666416058470855e-01 -1.302735706612425659e-01 5.057175836969022287e-01 -8.565017992286527715e+00 4.375170891529056583e+00 1.827840801179825192e+01 1.794347587697636754e+02
1.210377304094317627e-04 -1.818427287279120719e+03 2.381347597531174864e-02 1.419591905959220746e-01 1.835958580112704297e+00 1.175883908971206750e+02 6.936083181989126656e-01 7.939266750303308751e-01 4.692134199556088348e+00 3.091933032971796447e-01 -1.114564606456067697e-01 3.390248662337568830e-01 -8.164390306012876408e+00 5.573885775576714607e+00 1.836022986860374928e+01 1.850477590116761348e+02
1.824551922917493237e-04 -1.818016884976488655e+03 2.998206894124758048e-02 1.393856997505233675e-01 1.858456852705644202e+00 1.222759727275370949e+02 7.445824864126483478e-01 7.783619690325491725e-01 4.698270709518715726e+00 3.238156424975890957e-01 -9.080609727701238754e-02 3.723204618242034192e-01 -1.067702033441389631e+01 4.423855117420161243e+00 1.868727138285319711e+01 1.921389459694274819e+02
1.874996661276272757e-04 -1.817989612532920546e+03 9.978714656364862101e-02 1.288105710858386821e-01 1.813446871916193359e+00 1.459391409770597932e+02 6.205350820612512974e-01 8.716798226765261060e-01 4.700854630136926282e+00 3.206830816922572325e-01 -8.895066271993323781e-02 7.383717022614960657e-01 -8.719863700514139282e+00 5.774377504219163626e+00 1.831480679016994628e+01 1.841702223443477635e+02
1.855261216315947823e-04 -1.818000193908122128e+03 2.771990939573312773e-02 1.313719012727775082e-01 1.908304507120791804e+00 1.473292072503028294e+02 7.303017282538666333e-01 7.688377035264191139e-01 4.690678048761659724e+00 2.752004147673965395e-01 -8.961834642427879416e-02 4.920427151591429960e-01 -4.379026883106405421e+00 5.191936793701779074e+00 1.958556059868543642e+01 1.807252623210429192e+02
1.589857352126767870e-04 -1.818154575115124771e+03 5.108386210034865371e-02 1.401642436161587291e-01 1.807865712576864681e+00 1.500758362735111291e+02 7.164501936176661534e-01 8.489044180176370524e-01 4.718054304168947333e+00 2.580003306051628087e-01 -1.001586495933992627e-01 5.690761973711310207e-01 -7.110561343815675173e+00 6.125561733674400600e+00 1.841579808366677895e+01 1.747672106095503750e+02
1.427679465586103528e-04 -1.818262169036842351e+03 7.210758559538182899e-02 1.244969929183503965e-01 1.729798941319769412e+00 1.323439805675736238e+02 6.847625097949083806e-01 8.388697298986238504e-01 4.717292491181951597e+00 2.789476616536614717e-01 -1.164532744626927130e-01 4.637214671526293519e-01 -5.918993388932648259e+00 5.588475004477344577e+00 1.860363353857174928e+01 1.794229658808843624e+02
1.717445255022177915e-04 -1.818077381541887462e+03 6.935732034617708708e-02 1.490605793145863001e-01 1.855244179595923804e+00 1.469805415109738362e+02 6.395858683394533006e-01 8.131081155629698021e-01 4.697754087954505664e+00 3.395798009854176236e-01 -7.271832621709162225e-02 6.069360285796163712e-01 -3.161611303674334295e+00 4.896132775433881257e+00 1.957476679204594916e+01 1.911546986922270150e+02
1.363319824676950686e-04 -1.818308296638901083e+03 6.462690100231588408e-02 1.454796866119978660e-01 1.831307875640654004e+00 1.298795147262363514e+02 7.020359817260010127e-01 7.881963470450794595e-01 4.693810476744395999e+00 2.744856920643681253e-01 -1.051318895356694316e-01 4.923403385153576339e-01 -4.922243272033682615e+00 4.954262428877087565e+00 1.958997731587452762e+01 2.018304040178251455e+02
1.175042892925968953e-04 -1.818456914760140990e+03 7.118622755875880781e-03 1.425692556488591112e-01 1.880105775914659105e+00 1.249593009586684360e+02 7.142120385831999263e-01 7.930743052749884558e-01 4.703198359413512719e+00 2.827080280777840571e-01 -8.294869324278764111e-02 3.437105736884128460e-01 -4.019655460784747447e+00 4.880544512113949018e+00 1.895255980816445884e+01 1.997550957219372947e+02
1.547705069533019935e-04 -1.818181446178230544e+03 -7.038314963572128713e-03 1.379974656937510702e-01 1.798531570531180179e+00 1.379552629187635944e+02 8.233557966222135871e-01 7.220013775780484977e-01 4.686982214160653193e+00 3.014992308572597146e-01 -1.517848684561315942e-01 3.535704457224067010e-01 -9.749937147511474222e+00 5.039697363586004286e+00 1.948602021032053244e+01 1.970987860815083366e+02
1.324509752620842465e-04 -1.818337177018738657e+03 1.850785569743998438e-02 1.352999457841211617e-01 1.814917487190203182e+00 1.441731528136037355e+02 7.531310998173508242e-01 7.454652579402016865e-01 4.686122193529642210e+00 3.615741349049963471e-01 -1.263732880056287478e-01 4.009789436122469519e-01 -9.374829056414597517e+00 5.127235145296005214e+00 1.866413284840706766e+01 2.026471768536074478e+02
1.397178810759583173e-04 -1.818283764343355870e+03 1.734690229834387476e-02 1.445386259652327865e-01 1.868039394909148498e+00 1.474581125846286511e+02 7.424812602133982198e-01 7.762137183960609033e-01 4.710801268161839417e+00 3.187301139554672424e-01 -1.014335548467029113e-01 5.262180774293350183e-01 -7.698535022057740207e+00 5.851142863817271333e+00 2.023623349408332217e+01 1.773638553947032221e+02
1.283979794363976920e-04 -1.818368254943021384e+03 1.050922923484825244e-01 1.416632934748969508e-01 1.724030148150121455e+00 1.279379705764726225e+02 6.080015154297655489e-01 8.531009256324924017e-01 4.685857428700080263e+00 2.876275345292405028e-01 -1.092574150254914667e-01 5.141146044568659645e-01 -6.786606311990169615e+00 5.100412998744863202e+00 1.892663384410364813e+01 2.002612028115134990e+02
1.340235848253373959e-04 -1.818325373807053893e+03 1.250178500400669912e-02 1.350247129071867336e-01 1.786828551572006596e+00 1.361177610407496559e+02 7.668808822893515842e-01 7.613186480997748973e-01 4.690696236572076572e+00 3.110500313447805976e-01 -1.111300988931920308e-01 4.050143823649537955e-01 -9.249388852517142823e+00 3.851596394155776260e+00 1.943826749811305987e+01 1.845744657613535082e+02
1.286556255961929934e-04 -1.818366250331990614e+03 8.042548139685809505e-02 1.254925181932361189e-01 1.738568952029721615e+00 1.497760632407457422e+02 7.564866414553252927e-01 7.482140246619799484e-01 4.682731578867729283e+00 3.051869346646653991e-01 -1.146739707170629785e-01 6.014851487820764842e-01 -6.546617242671914028e+00 4.783144232817226893e+00 1.953731076160780589e+01 1.751747047773735062e+02
1.157026194339726729e-04 -1.818472366323854658e+03 5.068492823234699296e-02 1.193760098406214387e-01 1.723319696664547429e+00 1.477587761740674921e+02 7.475712688297942998e-01 8.086791505227231003e-01 4.719444910151395334e+00 2.539551479110260246e-01 -1.234787467970210884e-01 5.185747749800888595e-01 -7.670235331020847980e+00 4.546082875026336012e+00 1.863660575719161727e+01 1.894484421913033998e+02
1.324792127888513619e-04 -1.818336963849170616e+03 1.666791862778857491e-02 1.433993615199898597e-01 1.794217197161129818e+00 1.475230240656975411e+02 7.811453603403699653e-01 8.280432969979665270e-01 4.723926728669176178e+00 2.879282033600862878e-01 -9.639158637951239506e-02 4.035968635660124315e-01 -8.469749583612724564e+00 4.851917996082089068e+00 1.932332483053467342e+01 2.065505756632235546e+02
1.281169508902105702e-04 -1.818370446072077812e+03 3.629460120521307842e-02 1.264790395675452761e-01 1.831517586500613248e+00 1.365177018550827768e+02 7.562812554895708139e-01 7.915297739707791713e-01 4.706601484629258536e+00 2.886027140573688143e-01 -1.161026732568855024e-01 3.283492643064742089e-01 -5.273866284805535543e+00 5.309768996236363670e+00 1.872306218069108752e+01 1.789707055671245826e+02
1.330072991969081977e-04 -1.818332985589781174e+03 6.153544683453165964e-02 1.482448574896521876e-01 1.893752786727040061e+00 1.328004881134711468e+02 7.588435082700507595e-01 7.721190048349964030e-01 4.691187100419509370e+00 3.414547895925010845e-01 -8.392561786510688293e-02 3.407618274517437706e-01 -8.537961425957689698e+00 5.461189044302261486e+00 1.928960087705322479e+01 1.972320264368190408e+02
1.517547874582122005e-04 -1.818201123619910504e+03 1.722866223314295508e-02 1.037375952310618243e-01 1.881101758485530517e+00 1.521825787514704018e+02 7.272974412131117949e-01 8.457792852446290865e-01 4.730144224373995954e+00 2.898492329973352266e-01 -7.294186365801547112e-02 5.816264103803708840e-01 -5.506140263615890262e+00 5.542521643134401543e+00 1.879159017744358451e+01 1.970219613094186286e+02
1.179264396698777171e-04 -1.818453328560229238e+03 5.195473946138451371e-02 1.329416371895306981e-01 1.900007466542412260e+00 1.308815640360774637e+02 7.637007365440471318e-01 7.832836878273117254e-01 4.710851388616751123e+00 3.359005626985653858e-01 -6.277164193086948174e-02 3.723401201348688350e-01 -7.170176850714597094e+00 5.430123730598146459e+00 1.934484200914820917e+01 1.758125411402677969e+02
1.163309157797259158e-04 -1.818466950745621489e+03 4.160284026397725876e-02 1.491252491516459611e-01 1.768299921040986433e+00 1.463261788315875265e+02 7.187326373459148598e-01 8.137627802230988916e-01 4.714300763709214692e+00 3.076571184195864284e-01 -1.295655662825243581e-01 5.717940369514789012e-01 -1.025135984768257913e+01 4.789343369984155885e+00 1.934103844285006701e+01 1.569254544599801875e+02
1.267139082898056230e-04 -1.818381457742974135e+03 1.226746731149634118e-01 1.453598480515091718e-01 1.889570766730421347e+00 1.413088150861755139e+02 6.471181521857229946e-01 8.322121991999973378e-01 4.692547144824749772e+00 3.074682328945135268e-01 -5.278036278971764972e-02 6.346405857567327669e-01 -4.790387067373757191e+00 5.080171468284322422e+00 1.924995029548293246e+01 1.716183475563960315e+02
1.464509184088815333e-04 -1.818236699253279767e+03 7.610231749435700244e-02 1.215541611888428519e-01 1.765339814873538415e+00 1.367963145139548260e+02 6.636135275436372272e-01 8.216550599088408013e-01 4.688655137537987905e+00 2.728087469589177694e-01 -1.007118209365613914e-01 5.624917893621762532e-01 -9.283132644429031188e+00 5.790122148513487943e+00 2.019913367038206431e+01 1.913722426556620064e+02
1.229614196062562529e-04 -1.818411518953244240e+03 1.079560297095367438e-01 1.477042450959405728e-01 1.745144980318931616e+00 1.497199662017015669e+02 6.420379535003771787e-01 8.422502008562080533e-01 4.701068982141205943e+00 2.573187281379050173e-01 -1.126999397097032674e-01 6.161015778825319478e-01 -1.079199861491366619e+01 5.005841893976681334e+00 1.830208885402462471e+01 1.984994359008649383e+02
1.225943060506388103e-04 -1.818414509018559556e+03 1.117169473727597506e-01 1.370676690318761437e-01 1.812596760717884337e+00 1.296987872811712919e+02 6.553134784900505050e-01 8.613011710793891940e-01 4.710891454685335766e+00 3.201253367995555710e-01 -7.200994299808094468e-02 5.428908615895052803e-01 -7.169014805136157520e+00 4.892299831908197838e+00 2.026019883269625410e+01 1.891035796987948743e+02
1.284975142780316862e-04 -1.818367480037668429e+03 8.675291706187221452e-02 1.445265301090278010e-01 1.940288150070063722e+00 1.541148776515184409e+02 6.904636964253014764e-01 8.542533367224132146e-01 4.713048636818991000e+00 2.959043663218552389e-01 -3.834854717940761049e-02 6.159347566702154664e-01 -4.978305270363705404e+00 5.459639212841982392e+00 1.956753173446279703e+01 2.015518151936428524e+02
1.306438593234792930e-04 -1.818350914607783125e+03 7.869896760028061156e-02 1.154257892145455766e-01 1.763724848630330300e+00 1.399827635060979958e+02 7.157767684441399547e-01 7.540316516946421466e-01 4.684893535734575565e+00 3.001772107562761249e-01 -1.088979704253856262e-01 5.707983690274062161e-01 -6.732158453076067417e+00 5.573556479948504894e+00 1.847485032888429402e+01 1.775893236547139225e+02
1.656973542319659673e-04 -1.818113226640589801e+03 5.216214309741318278e-02 1.327943775204763199e-01 1.866085163241444356e+00 1.302864652854802330e+02 6.791918832234665748e-01 8.066199919061423085e-01 4.701248237717798872e+00 3.242765508600640167e-01 -9.687104757554476642e-02 4.462308182280126378e-01 -8.316788707881045184e+00 5.657555554096527217e+00 1.879399446040819299e+01 1.950422206397829257e+02
1.145611479690653619e-04 -1.818482280873834952e+03 1.293598585361086239e-01 1.326404312599341606e-01 1.784483318046738098e+00 1.252886181596141455e+02 6.397886657409160849e-01 8.223205402818347665e-01 4.691484369699546519e+00 3.354388623272401837e-01 -8.138344273893927117e-02 5.903982085893646481e-01 -6.851687201743061451e+00 5.154435819600511337e+00 1.850590235368598968e+01 1.857828718640678289e+02
1.868053082644749116e-04 -1.817993322655452403e+03 2.888421444780647773e-02 1.374203932535087158e-01 1.883807630434838565e+00 1.218275751137527720e+02 7.413154682304132770e-01 7.896463419354937674e-01 4.698496921810964011e+00 3.222133122338373123e-01 -1.035063724491789294e-01 3.701659967095215498e-01 -4.961205033166322664e+00 4.651417285327141826e+00 1.866741753013134542e+01 1.902219327519916305e+02
1.338028946304642235e-04 -1.818327021816207207e+03 8.494338930618464123e-02 1.244643687918477182e-01 1.833304752479912203e+00 1.285246964043722926e+02 6.489834849310677223e-01 8.557451103090172317e-01 4.703078783140878016e+00 2.956339215817602728e-01 -6.562324713262679410e-02 4.735980831253862600e-01 -5.009614700683187039e+00 5.444156828751323118e+00 1.947311390331485370e+01 1.824681656678748141e+02
1.527394101863252703e-04 -1.818194656329777445e+03 5.093818391158161374e-02 1.471694490064140159e-01 1.788091288577205340e+00 1.161645691312596540e+02 6.858635991893327066e-01 8.067341915004817565e-01 4.688332585053645474e+00 2.667178491731898582e-01 -9.568570024647504724e-02 4.009407301432381110e-01 -8.057009183847696931e+00 5.149365114812565203e+00 1.952165018207496772e+01 1.859750574028911103e+02
1.708768740037256296e-04 -1.818082446335589793e+03 2.233298676145242800e-02 1.304461617567586329e-01 1.778604352371838893e+00 1.502292290059861273e+02 8.157071571348010197e-01 7.266840682807482743e-01 4.685623897791799664e+00 3.463350300041281304e-01 -1.104273623629432599e-01 4.082091622047639423e-01 -5.665181661036228888e+00 4.896125431552045271e+00 2.025845726365083266e+01 1.835317132923868257e+02
1.951508410991564422e-04 -1.817949616794045824e+03 2.890007940798888786e-02 1.284393880721711734e-01 1.853224215649453832e+00 1.449360071857295509e+02 7.009242700247936275e-01 8.306827693575746796e-01 4.716970687905794435e+00 3.028569854577973786e-01 -8.813098170871791481e-02 5.315980882552878706e-01 -1.154009292231063455e+01 5.339118149285448922e+00 1.915797973340460558e+01 1.903219274869285584e+02
1.305795635709352512e-04 -1.818351406874159011e+03 -1.859336103324663036e-02 1.439529355121387522e-01 1.866283267672935509e+00 1.479358061844838232e+02 7.424482087645080108e-01 7.593033191899307699e-01 4.697339326548322092e+00 3.208951562159050308e-01 -1.009303474419178670e-01 4.153179223400573217e-01 -6.455035799356181769e+00 5.625129826896335672e+00 2.041029184922971140e+01 1.805313841459441733e+02
1.957820409248761488e-04 -1.817946387593314739e+03 3.766630541825066736e-02 1.410932859991812227e-01 1.817862094501318637e+00 1.392903789754064690e+02 7.292548198507935453e-01 7.690312595141923779e-01 4.687894020528583283e+00 2.857355447933280779e-01 -8.421090738852643476e-02 5.458544589362591681e-01 -9.529253125372036948e+00 5.806536740915579919e+00 1.907427412704254621e+01 1.758649428020158041e+02
1.219869706497327843e-04 -1.818419475356599833e+03 -1.571108577321617128e-02 1.405387768327769071e-01 1.839954782705633285e+00 1.329406239010006345e+02 7.628013883508546478e-01 7.230320448673188682e-01 4.683510800259364615e+00 3.176915551626033896e-01 -1.222303299269893451e-01 3.458969947544471291e-01 -4.632143230548422252e+00 5.560577515645981350e+00 1.957813201836755468e+01 1.812997717333851710e+02
1.271888129169314720e-04 -1.818377716899404732e+03 7.723715786986570797e-02 1.421949889562976466e-01 1.836086865479646058e+00 1.427392526089140290e+02 6.484043433165160852e-01 8.677830668989963137e-01 4.706157031124440948e+00 3.107520435383268609e-01 -7.905754371921780432e-02 7.111934139514290987e-01 -8.124989500028448219e+00 4.599751366907711692e+00 1.836786377006172088e+01 2.091917488878890481e+02
1.337284672858637079e-04 -1.818327578217116525e+03 5.183815668201591231e-02 1.295167238351327688e-01 1.724852409056259361e+00 1.257134245529769032e+02 7.356714721785845290e-01 7.912674485286779191e-01 4.705806249229746108e+00 3.109861168388501351e-01 -1.279223487473561960e-01 3.888376187368035031e-01 -8.216031426529042392e+00 5.358301448068147899e+00 2.016476052696225452e+01 1.945891530748210414e+02
1.695189671488672983e-04 -1.818090424776533382e+03 2.668346197814835952e-02 1.302769486700847412e-01 1.838136605779676636e+00 1.223085690823971277e+02 7.489185825099835547e-01 7.544140486370720655e-01 4.686006619982401311e+00 3.188656355284091859e-01 -1.055498839578312698e-01 3.395193138506344965e-01 -5.466286431716724792e+00 5.645326916108306392e+00 1.890746903109230459e+01 2.099171002679260880e+02
1.868610715723222320e-04 -1.817993024189701828e+03 -4.769696776970033802e-04 1.236617816156440341e-01 1.793818308304765630e+00 1.251573359389923326e+02 7.689884355833193075e-01 7.490766888502853327e-01 4.695119589447417141e+00 3.239416893820399324e-01 -1.154870548283493115e-01 3.701007787496349288e-01 -8.415476878730373755e+00 4.574226308386775131e+00 1.895342659544174779e+01 1.996885680010581723e+02
1.539190742050571123e-04 -1.818186962625557499e+03 4.630362523713107969e-02 1.441317323083949609e-01 1.879670594024291930e+00 1.385543132956265140e+02 7.072546464958219259e-01 7.449551794581694697e-01 4.679147232460836747e+00 3.421137230714983435e-01 -7.151378619605308629e-02 4.558148005377587464e-01 -6.248376652697828604e+00 5.824018559474786194e+00 1.903902945413438275e+01 2.000737316914493817e+02
1.390372374446690738e-04 -1.818288647805138226e+03 8.976451158216416926e-02 1.289482053148736929e-01 1.830043239043810388e+00 1.716842183667775714e+02 6.798798570136335151e-01 8.203906787954895474e-01 4.702862332637343101e+00 2.653182050380040735e-01 -8.595621535388686674e-02 6.712025797186076392e-01 -8.041116890691682784e+00 5.995121741757203360e+00 1.917831452363905242e+01 2.116273156080964384e+02
1.469828446274659597e-04 -1.818233073720922903e+03 -1.730352978206506354e-03 1.320367690226800506e-01 1.905310893192312172e+00 1.329984075247971873e+02 8.200360848778218692e-01 7.666434312267493834e-01 4.696733261613093902e+00 3.312241460487441724e-01 -7.471769401088845797e-02 2.668478104656238359e-01 -5.404832026540503875e+00 5.101088623230554120e+00 1.950466832640318415e+01 1.957790689700115081e+02
1.182323028040849905e-04 -1.818450738240666851e+03 3.466529657260106201e-02 1.277439130519112120e-01 1.790874466175308655e+00 1.273490660431236705e+02 7.471939860357936780e-01 7.205457921207631955e-01 4.665806314305043223e+00 3.304396590548910329e-01 -1.145863097563055710e-01 3.920678940503701249e-01 -5.911568748355762182e+00 5.073380081877187919e+00 1.862190522223239242e+01 1.845905970124234159e+02
1.509222427868398160e-04 -1.818206624841924850e+03 2.470164190388457470e-02 1.464208414115306944e-01 1.824956147155141650e+00 1.327384798540285828e+02 7.726003391011503352e-01 7.051795289231610475e-01 4.669435344022144108e+00 3.360760142197558586e-01 -1.164360608412438047e-01 3.842497279425804990e-01 -1.044724515690523958e+01 4.915195305468023079e+00 1.958228878979295473e+01 1.856516092736013661e+02
1.601887193379102200e-04 -1.818147036981639758e+03 6.793380859734493571e-03 1.293992828512592619e-01 1.872139438571771564e+00 1.333996725757049546e+02 7.753380108701616313e-01 7.748327312327607519e-01 4.711320191468493235e+00 3.380411520981350115e-01 -7.548505170159391930e-02 3.870427121154827454e-01 -7.818444921045738738e+00 4.499711043743359618e+00 1.908626137359570407e+01 1.915900586963792307e+02
1.265953424826413577e-04 -1.818382393877880077e+03 3.717072634585294466e-02 1.447386382423042350e-01 1.876297567487636542e+00 1.423851790711385092e+02 7.677813578744027145e-01 7.795699307731607242e-01 4.712473424361951047e+00 3.502136013957495297e-01 -9.249519639106495994e-02 4.243408213627513081e-01 -6.899640723813831755e+00 5.711432880619815577e+00 1.858394831382059920e+01 1.708200570449300812e+02
1.576186107517436343e-04 -1.818163211338698602e+03 1.055936414395676481e-01 1.454458440089988758e-01 1.760266496694145921e+00 1.275234554683616324e+02 6.551605407362883771e-01 7.984675713202222802e-01 4.685436047782460811e+00 3.062053579747254783e-01 -1.001437297047953479e-01 4.727082218463775631e-01 -6.227156593893653280e+00 4.181017384928154001e+00 1.912668893498070588e+01 1.871297828791333018e+02
1.418342722610308837e-04 -1.818268730318416601e+03 4.468801210343104069e-02 1.271991140887137883e-01 1.854456109859866864e+00 1.455486614509966330e+02 7.122792434776816783e-01 7.896648995974011598e-01 4.677959850662817942e+00 3.006347863341451987e-01 -9.768607143387608716e-02 4.896379771936743563e-01 -8.234872242202470716e+00 4.734925185717386853e+00 1.850584259957555133e+01 1.898672244225162444e+02
1.213055995990726138e-04 -1.818425076619568244e+03 1.188291341476613305e-02 1.308047750599700410e-01 1.829133277145732706e+00 1.243148831114131241e+02 8.292443079215909840e-01 7.447913069459806135e-01 4.700917604236026115e+00 3.267195251642638354e-01 -1.304840453314466409e-01 2.566959711703964975e-01 -7.164637232575557846e+00 5.320331407394629508e+00 1.901921368584780225e+01 1.978989757743972007e+02
1.706604283843957690e-04 -1.818083713814408611e+03 -6.907949271916014045e-03 1.090214815981294938e-01 1.873700001052371888e+00 1.467903129075206721e+02 7.918512457760011891e-01 7.330315598976508973e-01 4.682666236338566712e+00 3.237721773028714445e-01 -7.906668115080117687e-02 3.968525607713802583e-01 -6.107812473194798031e+00 4.214136103649845921e+00 1.889615851290893289e+01 2.033957698206649809e+02
1.493085043822545914e-04 -1.818217374933050905e+03 1.094882565601544566e-01 1.496980905486037516e-01 1.758310156151689618e+00 1.328786682534638999e+02 6.966386118778838954e-01 7.837659742474727409e-01 4.696524371736810366e+00 3.218502819834521134e-01 -1.095502187578694109e-01 5.284423454048865487e-01 -1.127287986438554412e+01 5.162012303087881726e+00 1.828907867556106481e+01 1.938588110467271974e+02
1.583264902992109280e-04 -1.818158730302407093e+03 2.908221756825898896e-02 1.315653779578342675e-01 1.937435703123640884e+00 1.574208994222680644e+02 7.903125860494825128e-01 7.938092717296976186e-01 4.712647187119667791e+00 3.122868787856523110e-01 -6.736566791089093620e-02 5.088890522743371170e-01 -9.476568891363683633e+00 5.177181508774220120e+00 1.829410577422851958e+01 1.976108709449695482e+02
1.848909062811823973e-04 -1.818003623642314778e+03 3.051911822339234415e-02 1.469281870578596771e-01 1.820815776901615557e+00 1.348289017110699035e+02 7.247779231344695372e-01 7.842671116150294885e-01 4.692894539088269923e+00 2.926305166447917827e-01 -1.140785698552355676e-01 5.030479692698802685e-01 -1.131747941847027050e+01 5.334301889726389412e+00 1.867897192457290600e+01 1.698208223647411614e+02
1.589664123834749385e-04 -1.818154696660642685e+03 -1.651925931386355462e-03 1.383694435337693707e-01 1.797878598016732887e+00 1.334914332042889953e+02 8.064437147411289697e-01 7.341413322470062841e-01 4.692761559114826397e+00 3.146554091507343109e-01 -1.497887114001175135e-01 3.342443859512257420e-01 -6.244626021992900178e+00 4.911070954074392425e+00 1.817665207137808636e+01 1.835063101666505361e+02
1.384795391080022450e-04 -1.818292667015035022e+03 4.109947365855365353e-02 1.482713392970456401e-01 1.805485557676143493e+00 1.222084798122392471e+02 7.018383504991235755e-01 8.253881262692017717e-01 4.705346387132998132e+00 3.136513807920913166e-01 -1.091343306736483054e-01 4.010568790681009466e-01 -8.874007744744147885e+00 6.059523903930941202e+00 1.930159368391393215e+01 1.775006208906171423e+02
1.396713435949523065e-04 -1.818284097480623359e+03 3.687042031340653780e-03 1.355538698891311788e-01 1.816983842824060780e+00 1.567932973449925385e+02 8.213800455348315710e-01 7.474543342752160147e-01 4.710370715185234758e+00 3.142601137349632090e-01 -1.022129631146002637e-01 3.445355088883353400e-01 -5.557940084825503391e+00 5.126262437506357017e+00 1.868417970591340804e+01 1.624009754073032354e+02
1.347083747519269850e-04 -1.818320277342830650e+03 1.279683664665692833e-02 1.422515168712903677e-01 1.784820571231816366e+00 1.305293975737092182e+02 7.675569443788491375e-01 8.065436260786014167e-01 4.720261226119309761e+00 3.085983860893124486e-01 -1.128000148505035050e-01 3.749332654718687263e-01 -8.777326799587285677e+00 4.821674645216322830e+00 2.011653916863986780e+01 1.965386812508787102e+02
1.203918135190088645e-04 -1.818432638061141915e+03 5.088813719851809081e-02 1.436748251618899797e-01 1.854273985945420478e+00 1.237435773253991584e+02 7.176624619783223968e-01 7.673000577905695341e-01 4.678918726388005211e+00 2.966886065356286739e-01 -8.386178295368873492e-02 3.725275877513679057e-01 -8.614881364969164679e+00 5.517284302008818031e+00 1.935616016988262089e+01 1.725753776024929778e+02
1.623179385760061520e-04 -1.818133832601993390e+03 8.486804924963584074e-02 1.338158735187107984e-01 1.816290804882320309e+00 1.451592927548058753e+02 6.281225831307605256e-01 8.497221270619299549e-01 4.705410831299071006e+00 2.731975454635509060e-01 -9.480291929299666798e-02 7.825963599953679184e-01 -9.304272620939485705e+00 5.838799697744145867e+00 1.859615166258943475e+01 1.978043286838464496e+02
1.593782102460237203e-04 -1.818152109539246794e+03 1.022767899157481231e-02 1.447199978878253301e-01 1.949849474523722925e+00 1.326887969918171279e+02 7.410574268108023333e-01 7.741770415938107330e-01 4.687697022746831976e+00 3.200143275471345472e-01 -7.728359464044975979e-02 4.138577578694944137e-01 -7.661088102717826587e+00 5.260492103615121984e+00 1.841383610724534137e+01 2.011436757073291517e+02
1.464827919587773910e-04 -1.818236481637150973e+03 2.665160046223563617e-02 1.383647779761262020e-01 1.833012061969485629e+00 1.260949686572851789e+02 7.383512478348938091e-01 7.860578799725204124e-01 4.695659454117626197e+00 3.180047227019773270e-01 -8.755641888977283571e-02 3.580600956391011280e-01 -6.714229140548894748e+00 4.446910784482893675e+00 1.825879805139030054e+01 2.083998659103951638e+02
1.325594286161182946e-04 -1.818336358534947067e+03 6.595050756658793478e-02 1.433401429402416938e-01 1.858845011151644577e+00 1.249870025366163730e+02 7.443115579565343642e-01 7.987575995342048873e-01 4.712741112364112084e+00 3.113850597911100859e-01 -1.032816691253484187e-01 3.701019535028707841e-01 -7.208676997406229248e+00 4.771764098768338513e+00 1.889182015234014500e+01 2.104228732821210599e+02
1.310690245170900877e-04 -1.818347665508530554e+03 7.868264555578965980e-02 1.359364798759548909e-01 1.828570099826444917e+00 1.226319632656911267e+02 7.108422979562479815e-01 8.001395954352745754e-01 4.700973050791980690e+00 2.761902476569499942e-01 -9.900723940366651377e-02 4.805949072134877431e-01 -6.980236776232459306e+00 4.925772095628500047e+00 1.912406115102027826e+01 1.869872122447460185e+02
1.309038866024806445e-04 -1.818348926233815291e+03 9.428653316547933039e-02 1.306822580573030190e-01 1.842589176341775214e+00 1.647475617307641187e+02 6.512845928421721053e-01 8.166689686647961022e-01 4.687358909648024152e+00 3.388786463336226351e-01 -7.820358532712345934e-02 7.060063226461991137e-01 -6.393083129086051031e+00 4.556091242031268251e+00 1.990489823920082912e+01 1.611160080605324936e+02
1.619316998836767350e-04 -1.818136214957001357e+03 9.783517462328300551e-02 1.293887748617374156e-01 1.721816911095269020e+00 1.383589503202698836e+02 6.122094473256822766e-01 8.480393447812548668e-01 4.698942889953652724e+00 2.691221617440409108e-01 -1.106317840920727491e-01 7.102819468777327172e-01 -1.046946588225225128e+01 5.504068316409704842e+00 1.968805917544047546e+01 1.675342306907930947e+02
1.693814785531123901e-04 -1.818091236157014237e+03 4.278807479943386172e-02 1.304182779429527150e-01 1.797494459135172917e+00 1.458327938830637436e+02 6.753624713400819823e-01 8.021632396386459973e-01 4.700861163479777893e+00 3.127196730079275788e-01 -1.134122506130696983e-01 5.443193019853301839e-01 -1.170341429232044561e+01 5.368216278605175695e+00 1.959294747495487954e+01 1.875816624178849850e+02
1.634505450080695334e-04 -1.818126879130109728e+03 -2.253316768588392582e-03 1.337252347923829354e-01 1.802667157103668316e+00 1.434967766752623390e+02 7.928473859860958317e-01 7.440755645161849507e-01 4.701723332823346091e+00 3.149897315487932836e-01 -1.324251990526970069e-01 3.510004416492260026e-01 -5.256663141081844515e+00 6.198442220769817546e+00 1.902363888058267349e+01 1.941317820098833522e+02
1.787243676361101178e-04 -1.818037544824225051e+03 7.317029047038442480e-02 1.332569572020305404e-01 1.796893750869156925e+00 1.212357226175242033e+02 7.017362746748895264e-01 7.971115828786325963e-01 4.686283408269217077e+00 3.055173998954914261e-01 -8.317091236133777876e-02 4.603136091460714452e-01 -8.952355180781211175e+00 5.332706939478515373e+00 1.913141223040648597e+01 1.724347913624511079e+02
1.149643486698792702e-04 -1.818478767528943308e+03 1.123669801760472653e-01 1.195487316922501375e-01 1.696956008099244961e+00 1.410623335372974907e+02 6.159388343160387969e-01 8.100469228935607280e-01 4.690408657238142709e+00 2.910065097010072765e-01 -1.192159642662353747e-01 7.222186161528216797e-01 -1.058265706463967604e+01 5.372159862495728966e+00 1.834162914858128346e+01 1.852736708186616283e+02
1.169806197634250911e-04 -1.818461381319646989e+03 -1.058997722573909450e-02 1.449131740924465561e-01 1.906879565091661455e+00 1.573749940259877178e+02 7.894072738196058481e-01 7.970659338918484327e-01 4.719375857018292209e+00 2.854549968265218673e-01 -1.032690033385477157e-01 5.033961025921767085e-01 -2.389796889504509636e+00 4.749482088091006027e+00 1.909727122834192770e+01 1.983741124015131447e+02
1.474543724600741368e-04 -1.818229870809005888e+03 7.599238655661272324e-02 1.470796983506802158e-01 1.774722411330466265e+00 1.335322423454748844e+02 6.320643114119129935e-01 8.072351842656317888e-01 4.690202568668566663e+00 3.129066896854577617e-01 -1.060270339688980101e-01 5.098850144321990241e-01 -1.143860698026907130e+01 4.904545553387595902e+00 1.955995013113231806e+01 1.889007153184032575e+02
1.244051417378306049e-04 -1.818399846085928175e+03 9.299536692216295308e-02 1.401678455036799165e-01 1.816205825648914640e+00 1.281169538929482883e+02 6.743476355974137304e-01 8.371765003860638377e-01 4.718718211650009486e+00 2.980777396698517379e-01 -9.446528127710696054e-02 4.561038156347375083e-01 -9.590698949759911329e+00 5.740253913270043640e+00 1.883442295721582482e+01 1.828406691675383797e+02
1.758227610172476303e-04 -1.818053913149718483e+03 9.453336163356962363e-02 1.328608593477300925e-01 1.821244659870314031e+00 1.357251481476805282e+02 6.587001964523828690e-01 8.006293968401647643e-01 4.670465447207826415e+00 3.216880147268781354e-01 -8.970867137736071584e-02 5.314932837773475027e-01 -6.306294424443933622e+00 5.084311305233901734e+00 1.862932965281982689e+01 1.835494164337396796e+02
1.284392402880301634e-04 -1.818367933643390188e+03 6.803275805341649218e-02 1.483169006416221458e-01 1.756994444261424704e+00 1.412163403935615520e+02 6.926684336172593826e-01 8.117294034125743796e-01 4.709136869822955873e+00 2.972912485838987706e-01 -1.534306873777289137e-01 5.806113847798517469e-01 -7.475338103427588976e+00 5.144414488496895643e+00 1.911430084278620356e+01 1.788268040524477840e+02
1.147873252447971292e-04 -1.818480308527161924e+03 -3.217639281589283751e-02 1.365541685277000539e-01 1.931394334371590915e+00 1.495779073187499648e+02 7.932805322718450292e-01 7.321269755518722278e-01 4.694026162624697740e+00 3.291072376662469434e-01 -7.647737928594100509e-02 3.568381914838581470e-01 -3.545398527590862159e+00 4.460241155158306547e+00 1.865219909542970100e+01 1.910150743359353385e+02
1.196769593179611936e-04 -1.817521105460549279e+03 1.412305944572643523e-01 1.270238772311343689e-01 1.786750598081532360e+00 1.394197673564391948e+02 6.399373537854717853e-01 8.432804413907455388e-01 4.699014839092681584e+00 2.885944603265999664e-01 -8.127150603667887552e-02 6.870914415924367358e-01 -9.691502046504041346e+00 5.646840232374161772e+00 1.977791353927549522e+01 1.936088667699895609e+02
1.718221176873916474e-04 -1.817159441825516069e+03 7.752766606020905504e-02 1.456893997501711169e-01 1.859330179643700731e+00 1.091698292103698691e+02 6.723456760567587676e-01 8.232587360019976153e-01 4.700687500528536233e+00 3.033111082779109680e-01 -8.055746583269751682e-02 3.378292241114995154e-01 -5.629082429245386265e+00 4.764293750612380585e+00 1.952541142928310336e+01 1.921119444328755037e+02
1.694918709804868918e-04 -1.817173096600831059e+03 7.073670401096210369e-02 1.490886072915732219e-01 1.815385804345643450e+00 1.326106762372795913e+02 7.091121810100545764e-01 7.682765898719678965e-01 4.673775023225625880e+00 3.431819104298901024e-01 -8.968666934680014080e-02 4.979233263048927216e-01 -1.022794703011726369e+01 5.657398891929066309e+00 1.916518725608473517e+01 1.931506055524585577e+02
1.349996479472552978e-04 -1.817400629397047396e+03 1.071305803543453339e-01 1.296172548378814737e-01 1.791737365907645874e+00 1.426893434749204914e+02 6.326245993899000108e-01 8.543546302164839457e-01 4.705996759398936469e+00 3.401597680343309005e-01 -8.559231637535091863e-02 6.822888915924553155e-01 -8.869064019428009260e+00 5.162432420132256894e+00 1.988835256376220073e+01 1.907399338199031718e+02
1.185937503349276348e-04 -1.817530197777830153e+03 4.604770873196950554e-02 1.139041899879296993e-01 1.773193384356638980e+00 1.527013777438370141e+02 7.322276325711359890e-01 8.077340614807775321e-01 4.722784905112401788e+00 2.852626091667340713e-01 -1.129561858916319217e-01 5.814858597421546094e-01 -1.053861230779614289e+01 5.381318640422017019e+00 1.837535238590060160e+01 2.039275215154615637e+02
1.879658147325840309e-04 -1.817069641457917442e+03 -8.642127003687882780e-03 1.265453806210427301e-01 1.824798728811355630e+00 1.315577362472742209e+02 8.100572451839210819e-01 7.552341173602379332e-01 4.709366584100679098e+00 3.154772397995795341e-01 -1.117319415241619929e-01 2.993069876987049516e-01 -5.334571656672210338e+00 5.333698724217406095e+00 1.852843690868810711e+01 1.967155068278752026e+02
1.182933999297782867e-04 -1.817532733589213422e+03 1.255077156846937381e-01 1.238722218748613269e-01 1.700675217616339552e+00 1.328369350381670699e+02 6.435995409160478742e-01 8.088609519826730487e-01 4.690769364636003580e+00 2.891863200486168850e-01 -1.047449126515340723e-01 6.357802453000652720e-01 -9.705186713385131725e+00 5.040394060269237642e+00 1.962112929704251485e+01 1.822256179107984906e+02
1.380864276748164517e-04 -1.817378021791064612e+03 6.331660979538755729e-02 1.442357133196686958e-01 1.815097152091223798e+00 1.586563694995387834e+02 6.289359653461445987e-01 8.772005219476062265e-01 4.696021238858872238e+00 2.569770588986075577e-01 -1.036066399761557122e-01 7.143788557613757195e-01 -6.936335109793247966e+00 5.396416403435466691e+00 2.007909365971982751e+01 1.990968061951534764e+02
1.230879400879806283e-04 -1.817493002507709207e+03 8.801383780444632654e-02 1.393260660719093103e-01 1.833858616860982949e+00 1.478919786212245810e+02 7.179659471225088296e-01 7.815069180553417816e-01 4.679838014573959981e+00 3.141129783498906036e-01 -9.780803707688878745e-02 5.311350122537381591e-01 -6.005050463738911048e+00 5.072198555364226813e+00 1.937775518390916218e+01 2.138691396069651773e+02
1.343049894972258218e-04 -1.817405788312967161e+03 4.528191392601377263e-02 1.353793644401089791e-01 1.836598224966309978e+00 1.529551417868917156e+02 7.195875611406771233e-01 8.362635396332269710e-01 4.724258862290100502e+00 3.191248190431501541e-01 -7.199305709803338615e-02 6.823357626259914932e-01 -8.856444503406237345e+00 5.166285430049044614e+00 1.924562131770002438e+01 2.011674337183132479e+02
1.397834408095767337e-04 -1.817365807194044919e+03 5.065986235085009892e-02 1.416369660148012188e-01 1.827673593403571495e+00 1.413347504049733629e+02 7.515190462060570287e-01 7.666628548279492694e-01 4.685047324990212481e+00 3.593197653285753468e-01 -1.106233273075627466e-01 4.776574986444619975e-01 -9.891285628434275168e+00 5.507718265734151686e+00 1.970780737473909383e+01 1.868418178377576737e+02
1.448438148196972515e-04 -1.817330245544969557e+03 6.077718909119450563e-02 1.488637565005129504e-01 1.858746591073865417e+00 1.219979855024935915e+02 6.968526288633672960e-01 8.330772859791786278e-01 4.705839035877920296e+00 2.978559014428232565e-01 -9.229892656798832640e-02 4.378654445652820359e-01 -3.725473045833041397e+00 5.113733633528516620e+00 1.930964751900898690e+01 1.780896916609380298e+02
1.676656823855174783e-04 -1.817183929556734029e+03 1.103470485818169866e-02 1.425407021444342337e-01 1.904966694779069769e+00 1.426049450824955329e+02 7.501176082626935804e-01 7.804425164809838389e-01 4.687997851084049650e+00 3.330912733162822992e-01 -8.562937259249014943e-02 4.074069476594760486e-01 -6.099478059595384138e+00 4.509969158050020077e+00 1.870979821747897986e+01 2.040235149872647753e+02
1.267501373992140675e-04 -1.817463683841196143e+03 8.692128792834619144e-02 1.281789791542105317e-01 1.772585487655566894e+00 1.390648223274762074e+02 6.190452143389251205e-01 8.703228262420510397e-01 4.705904073581606895e+00 3.139740943793607464e-01 -8.533198487093018869e-02 5.906702549819260462e-01 -6.105939776083857851e+00 5.171388154087797062e+00 1.865225899147249322e+01 1.900664955756845700e+02
1.214145010592228535e-04 -1.817506691247599065e+03 4.365375815074140631e-02 1.359735665447663056e-01 1.817614913005862753e+00 1.391096956991243871e+02 7.215464139773934971e-01 7.626585559983112272e-01 4.678436426784879032e+00 3.155769645693256020e-01 -1.056568937513508999e-01 4.924185126672753765e-01 -6.065563198994567529e+00 4.478585584461125535e+00 1.978237096710422449e+01 2.151542633522808217e+02
1.803010599895337742e-04 -1.817111273558459970e+03 2.867438284434037366e-02 1.415975486775223613e-01 1.824183940785718328e+00 1.493768610329460387e+02 7.123148340633077558e-01 7.382597830234409741e-01 4.670919806150216402e+00 3.134640086847828577e-01 -1.268733157830364000e-01 4.892144483055160253e-01 -7.525172513586824152e+00 5.018924796495460861e+00 1.990336682337534668e+01 1.749941136555647176e+02
1.383942629004061061e-04 -1.817375794978391696e+03 -2.651603826646724282e-02 1.217289134150007779e-01 1.799559841368054691e+00 1.462112687629077357e+02 7.914921828678618265e-01 7.644594477354982320e-01 4.701094163756043720e+00 2.862374420525299890e-01 -1.009397223504071572e-01 3.289430544029841030e-01 -4.847004055024541458e+00 4.641887800496125038e+00 1.893068773672990091e+01 1.910685418112453249e+02
1.326122556868824707e-04 -1.817418472068208985e+03 9.454207072385203969e-02 1.221679161639741829e-01 1.842599386795984451e+00 1.305367132005384008e+02 6.837820087521766510e-01 8.131619994051904055e-01 4.693066253277070388e+00 3.297349979731520886e-01 -8.092513091476538634e-02 5.260091226178094104e-01 -6.346584562722313194e+00 5.538339317328944134e+00 1.924177078585998046e+01 1.830648865723807432e+02
1.359562818800570401e-04 -1.817393568190390852e+03 -8.381582141368054684e-03 1.285522379276630989e-01 1.828538600676933967e+00 1.406937535131714014e+02 7.949035951168831327e-01 7.783915050231182686e-01 4.720064464967357765e+00 2.881502075603308288e-01 -1.078596927472745826e-01 3.492147485350253766e-01 -7.569087287245167772e+00 5.159752699100406126e+00 1.972847147701406456e+01 1.677371578030154637e+02
1.217957861887364085e-04 -1.817503555809158570e+03 6.318294033823013134e-02 1.466284028038555010e-01 1.875679874832180793e+00 1.572695244381008024e+02 6.334714882689705950e-01 8.539715412122665938e-01 4.702697454728496318e+00 2.939635506114564034e-01 -1.096372755246530772e-01 6.653255913826875423e-01 -4.816324026226936894e+00 5.356475280077876988e+00 1.886617301923354617e+01 1.982340533405829603e+02
1.302925056989804719e-04 -1.817436119600948359e+03 7.801259040659117017e-02 1.199153943015913437e-01 1.809726232216704034e+00 1.396924230889175647e+02 6.851004354800964702e-01 8.165363245020584859e-01 4.693829987077408283e+00 2.646274087115170204e-01 -9.327449265749709895e-02 6.274728571172591973e-01 -7.648120237430788393e+00 4.723082751272866808e+00 1.957491051023341200e+01 1.912359229223172861e+02
1.820445723127579697e-04 -1.817101650007773969e+03 1.086521548918259750e-01 1.454426466422125419e-01 1.784551172969803368e+00 1.372302498740421584e+02 5.986284855829753226e-01 8.914169114744145972e-01 4.718374426569033275e+00 3.102727551847885845e-01 -1.016971838481386392e-01 6.900270502592005251e-01 -9.916869224375403746e+00 5.512099727156605233e+00 1.886530364648053393e+01 1.939953206276976516e+02
1.673346032569919886e-04 -1.817185906147504284e+03 4.672202431002697720e-02 1.463813121969948228e-01 1.865409017143241144e+00 1.347332700886875614e+02 6.665297369072628042e-01 8.169436364635089820e-01 4.691308562015613859e+00 3.308314097738784820e-01 -9.885138891720179899e-02 4.897066205604875821e-01 -4.016780765214093663e+00 5.059940318617672794e+00 1.900317814517183024e+01 2.007710810954089879e+02
1.794605283305004625e-04 -1.817115946281817287e+03 -1.097574697850906000e-02 1.458871350440681114e-01 1.800168625800822042e+00 1.449945072575969220e+02 8.266836151695042822e-01 7.809988595747701101e-01 4.713128072406226998e+00 2.860683125197438503e-01 -1.089150096500917098e-01 3.490884052784564706e-01 -9.431243332851920513e+00 4.881461982971013747e+00 1.867736846637757608e+01 1.914699466618582449e+02
1.176775872523475584e-04 -1.817537952994215630e+03 7.416067667011444486e-03 1.497933505957783351e-01 1.818691460835001550e+00 1.431478374472889072e+02 7.736239750483875355e-01 7.622799591755402560e-01 4.690486507754210166e+00 2.986851486773309805e-01 -1.105713478173149245e-01 4.558673990656434971e-01 -5.814099093664395923e+00 5.915055475599784174e+00 1.963117303819905857e+01 2.139059459127324772e+02
1.389899074365160726e-04 -1.817371500245560128e+03 1.651058740358923860e-02 9.517531011145238806e-02 1.814953161507085966e+00 1.483869945857601067e+02 7.174152464906439208e-01 8.292373607997358675e-01 4.705242477670850576e+00 2.892867741826061767e-01 -9.663510303989619743e-02 5.145520928297492302e-01 -6.053100702994527182e+00 5.324684644794075439e+00 1.885187126706211558e+01 1.770377682965866768e+02
1.624314116914560627e-04 -1.817215645736914894e+03 -9.508070965408427222e-03 9.597186614425834428e-02 1.790554654498349940e+00 1.546271559632536423e+02 8.187531266793478535e-01 8.128663954459174334e-01 4.727519885017391843e+00 2.705790880061735848e-01 -1.076948065614655725e-01 3.927149610260128876e-01 -9.154586659203914678e+00 5.499456073151831603e+00 1.900443069776003213e+01 1.931929256482065682e+02
1.212455684213441687e-04 -1.817508083587636975e+03 -4.093195623155612695e-02 1.457234841378620416e-01 1.850200321212234655e+00 1.496436723171748895e+02 8.029660950209690506e-01 7.147137197378412576e-01 4.672467958699506596e+00 3.291962527656968618e-01 -1.342812463361924280e-01 3.729760215823354486e-01 -6.548518303679969677e+00 5.459560241757976939e+00 1.836846129319980037e+01 1.797169317745196508e+02
1.793256678038497435e-04 -1.817116698041692416e+03 7.835844864384927666e-02 1.424781362482442082e-01 1.843064331867179995e+00 1.227022676332724274e+02 6.636682501470125839e-01 8.026373576470557936e-01 4.684294758477343557e+00 3.020218344113254627e-01 -8.091165168390723750e-02 5.023282108227776765e-01 -9.789271363256204950e+00 5.295554245527411830e+00 1.874181315535883385e+01 2.023162312185686744e+02
1.186941653534409537e-04 -1.817529351421839237e+03 1.052756605075711727e-01 1.451024337673075537e-01 1.714929475522589009e+00 1.222816355314091084e+02 6.334929012909802371e-01 8.132998861972353666e-01 4.680073757340505125e+00 2.767851928271976014e-01 -1.271680781799953142e-01 5.121036286710455299e-01 -8.315056422205088893e+00 4.905562057358370254e+00 1.896527721102570041e+01 1.893639871243002517e+02
1.192716503234417079e-04 -1.817524497900319830e+03 6.388577167641232291e-02 1.188946997694736163e-01 1.781937966148808172e+00 1.564858951844296939e+02 7.266232878086110736e-01 7.696239625750467273e-01 4.699642768117305636e+00 2.634513986677493591e-01 -1.149466072187479426e-01 5.514224308695744314e-01 -7.067476439820495671e+00 5.117074164847190687e+00 1.943130288585637189e+01 1.932980087778446432e+02
1.171388883331066889e-04 -1.817542541257138510e+03 -2.674112907591688626e-02 1.326716952030375929e-01 1.770767080094941548e+00 1.396208892906885239e+02 7.656514254498442140e-01 7.801003272793725074e-01 4.703060396350787542e+00 2.989361822279823500e-01 -1.351968376717640474e-01 3.925859616289135157e-01 -9.198051895332923777e+00 4.896659158118654709e+00 2.005326472198321142e+01 1.944904318915968702e+02
1.417783842441132087e-04 -1.817351636403541079e+03 7.069150878898433632e-02 1.356880114826485018e-01 1.850315971571670381e+00 1.339828207959550923e+02 7.214638587651074353e-01 8.047412111159129022e-01 4.712214893883822420e+00 3.047786523283324556e-01 -6.249296617681343591e-02 4.645254910306964025e-01 -8.114525528043998293e+00 5.393412759882920682e+00 1.946322822472201608e+01 1.765587181570562620e+02
1.645828295418572476e-04 -1.817202487601153280e+03 1.979568026582215201e-02 1.473636500203319433e-01 1.719350812198094935e+00 1.497735404915794390e+02 7.452576362013438871e-01 7.628791545435305022e-01 4.696365580755267999e+00 2.984397527040569820e-01 -1.429388817636916276e-01 5.964206104161035027e-01 -1.197956133268453982e+01 5.199604193941165242e+00 1.838603840594943506e+01 1.852745049116508653e+02
1.254739245685682135e-04 -1.817473803603062152e+03 5.695103171872972769e-02 1.322421303531538250e-01 1.818476061768465435e+00 1.238227648987502079e+02 7.050714002193226859e-01 8.059549924591618009e-01 4.701837471097307208e+00 3.206804928438102831e-01 -1.150299419699294390e-01 4.075061812926851768e-01 -1.057237728639987040e+01 5.330702690404032218e+00 1.944726865000778560e+01 1.925328349009149917e+02
1.156163044401246388e-04 -1.817555624579521918e+03 3.386761874285232343e-02 1.303855154164583474e-01 1.755788585514644673e+00 1.360144797777980727e+02 7.801296646991733308e-01 7.454370178527527369e-01 4.684749310893557173e+00 3.255836777658092096e-01 -1.351073994970619641e-01 4.755166367689357410e-01 -7.028330476487184342e+00 4.838808124485782791e+00 1.869406142413332361e+01 1.896269710683189373e+02
1.441029855290365633e-04 -1.817335373346440747e+03 3.846607755955627761e-02 1.119110661593326894e-01 1.785739514179862653e+00 1.394602066652623762e+02 7.112893564891276110e-01 8.171087509436285590e-01 4.707041864862286928e+00 2.911105499594330848e-01 -1.205623645554831924e-01 5.191103712386616609e-01 -8.747669102975009991e+00 5.081215356797397220e+00 1.828939281486974266e+01 1.675513839665355817e+02
1.647194285257428238e-04 -1.817201657974338559e+03 5.436059579056656821e-02 1.330506260804402430e-01 1.685427848612170543e+00 1.650179077844758808e+02 6.935077474999820080e-01 8.659854328533509449e-01 4.721852702867435525e+00 2.583970933701162931e-01 -1.306592681773168785e-01 6.585290927314553233e-01 -9.931840169704685195e+00 4.967388002392714164e+00 1.879975807910816599e+01 1.727533167832144727e+02
1.519799309100585143e-04 -1.817282153089041685e+03 1.671780292168689730e-04 1.130083989804530897e-01 1.832872047145738925e+00 1.534879483969347405e+02 7.752290315120690112e-01 7.289487665724700971e-01 4.684638659094654045e+00 3.288789568539289832e-01 -1.233396222032472345e-01 5.015663938914010078e-01 -1.069957136594214830e+01 5.548438577849479358e+00 1.911827699564605609e+01 2.050041386451337928e+02
1.180854384883382686e-04 -1.817534493150234084e+03 8.870557332002168560e-02 1.302900193805419382e-01 1.808446583668686714e+00 1.291710349643383324e+02 6.581552729489413833e-01 8.798595229817245400e-01 4.716559710280031403e+00 2.797337637400403310e-01 -7.591099476278895253e-02 5.881185410016899207e-01 -9.593699401337659083e+00 5.239131040537303718e+00 1.936222553841670901e+01 1.940458636112679756e+02
1.484175083984845512e-04 -1.817305872262788398e+03 8.906377933190154361e-02 1.383051041859453545e-01 1.752776316968875037e+00 1.578343654826213367e+02 6.703304290570090140e-01 8.333412138824562998e-01 4.692363701488964978e+00 2.939193129839980934e-01 -1.097168957668328559e-01 6.648406690865467095e-01 -9.661953025220611835e+00 5.963727933129159275e+00 1.924051139026772361e+01 1.551119270683773834e+02
1.970625545242154369e-04 -1.817022380353694189e+03 6.425232926885121598e-02 1.498235829738254477e-01 1.881885079709139319e+00 1.555785160151298498e+02 6.850685975022440255e-01 8.751788330119976145e-01 4.725675121254283795e+00 2.972624842519180355e-01 -7.647484231532208909e-02 6.797136062575438453e-01 -5.530694063534554061e+00 5.905948254292026078e+00 2.041971116705465406e+01 1.967720977065031605e+02
1.493369032008843580e-04 -1.817299696718860105e+03 4.256375683068705507e-02 1.238930939742157455e-01 1.725971801990482390e+00 1.460308328019676765e+02 7.475447395907374171e-01 7.400137745241681664e-01 4.690115408583933387e+00 2.874441365419253547e-01 -1.357528877449210025e-01 5.626571402833823177e-01 -9.360211346232802043e+00 5.611799326758815099e+00 1.920824250708941250e+01 1.889094272423793655e+02
1.322330590564227220e-04 -1.817421335603023181e+03 -2.026260879523783531e-02 1.104326432792031853e-01 1.882167313800732877e+00 1.565099481220056532e+02 8.130090029011824981e-01 7.618069692158802031e-01 4.713648168401705085e+00 3.197619019919761829e-01 -1.054228634365470541e-01 4.412305671127026430e-01 -4.358259952722619346e+00 5.652754347692190429e+00 1.840293829590578056e+01 1.844769757790189999e+02
1.830908277460425906e-04 -1.817095919211491037e+03 3.103257725331470818e-02 1.458977496611338076e-01 1.886855705342066258e+00 1.249500185378714434e+02 7.356497933921866128e-01 7.808768421609044719e-01 4.703469243774774711e+00 3.163472634053337007e-01 -7.592524171925685295e-02 4.127073755271940536e-01 -5.429882847339513319e+00 5.342120446101716880e+00 1.822384377896035801e+01 1.845451895454163207e+02
1.258932868022251937e-04 -1.817470466949721867e+03 4.497405970277051912e-02 1.464861027258503590e-01 1.771938240727677361e+00 1.234228417274489402e+02 6.419409763695591575e-01 8.521330475051436260e-01 4.702454902130006609e+00 2.837808463777471424e-01 -1.072727082331255133e-01 4.620831265123303000e-01 -9.573172011585171504e+00 5.306743725285723023e+00 1.923495787554951875e+01 1.952365424527453683e+02
1.982861517067950401e-04 -1.817016190369661217e+03 5.461834854043187693e-02 1.152647239132900958e-01 1.751652511596616613e+00 1.439515647873267028e+02 7.310999439193616167e-01 7.768332619309583631e-01 4.692928695510809156e+00 3.226953003751134030e-01 -1.186254347382980079e-01 4.501604653169457571e-01 -9.102490791377306323e+00 5.042619589180730166e+00 1.936262905575647508e+01 2.111307983808895585e+02
1.322677685684572890e-04 -1.817421073150065695e+03 1.384093431323897561e-01 1.427655444705160648e-01 1.804273248598550872e+00 1.495334469022599251e+02 6.277958057260821789e-01 8.380069466929507271e-01 4.695947634038958540e+00 3.144972366640095274e-01 -8.214851198055850290e-02 6.314218935385471632e-01 -4.470488545691324589e+00 5.642397271468535536e+00 1.923858656760369001e+01 1.658241231875583424e+02
1.338610719963507058e-04 -1.817409099081704198e+03 -2.823989032176085767e-02 1.366999915786640540e-01 1.862164170430803622e+00 1.377158577557205774e+02 7.965860374831074120e-01 7.312888650837949811e-01 4.690482785565091461e+00 3.102976094087730452e-01 -1.078851704444359072e-01 2.925254735297781461e-01 -4.286430527174758254e+00 5.165918672524694166e+00 2.012254846797201324e+01 1.972787505771911185e+02
1.322015043764265330e-04 -1.817421574260782108e+03 -3.705346543336991705e-02 1.042052895788609101e-01 1.810418800188605459e+00 1.585000597979677650e+02 7.880181789791887992e-01 7.419771510848847118e-01 4.693216113927231703e+00 2.676406747864084057e-01 -1.129354865137899289e-01 3.912952305400870801e-01 -8.332198465660070497e+00 4.778619744890244547e+00 1.911808363161615532e+01 1.801319375046302014e+02
1.740556019834745428e-04 -1.817146526767886371e+03 3.868520553563131736e-02 1.476149667487418882e-01 1.863293255721987229e+00 1.410449553325998124e+02 7.134713371109158153e-01 7.902280214286618865e-01 4.701598216542246078e+00 3.338739401341110913e-01 -1.160714248684417971e-01 6.051427429591801355e-01 -5.573187370087538284e+00 5.045314037175452349e+00 1.940307935379092896e+01 1.905572984636578724e+02
1.401286848899852173e-04 -1.817363340389474615e+03 5.285658400705339766e-02 1.336524164577802820e-01 1.742578828392247203e+00 1.397573175459166919e+02 6.431716414549121241e-01 8.299339995364818368e-01 4.698435662130050261e+00 2.844917521986116693e-01 -1.064110214065301374e-01 6.338330923913927384e-01 -1.088468325516484470e+01 4.649977604646915452e+00 1.858289123039191892e+01 1.952074416101763461e+02
1.784996525460678669e-04 -1.817121314912987145e+03 8.266416771694398702e-02 1.341928863965977936e-01 1.738020452584360775e+00 1.505284047993710601e+02 6.711701591747668560e-01 7.897407451123610311e-01 4.683533730882075474e+00 3.153992177843607525e-01 -1.198548130795140665e-01 6.980462099484822103e-01 -4.725295226215251887e+00 6.107213191181015688e+00 1.916041763338005666e+01 1.950279208799092885e+02
1.186149973991999334e-04 -1.817530018635496390e+03 3.649875299420932140e-02 1.432885761022323623e-01 1.849791535202647275e+00 1.285328666142037832e+02 7.160398818469269067e-01 8.033254450987927786e-01 4.708082121709186829e+00 3.214765165520401258e-01 -7.700771074398105043e-02 4.803897018667755980e-01 -8.872242578609700558e+00 5.147802783450283748e+00 1.980106316370600084e+01 2.059148277349065381e+02
1.491046285273325844e-04 -1.817301253303287922e+03 9.289652248801683054e-03 1.213598382923205821e-01 1.802526112782019574e+00 1.371934580641756440e+02 7.835443695180595025e-01 7.955923313059320989e-01 4.710532056747524621e+00 2.516132180149559527e-01 -1.011011983058436314e-01 3.585789996005130376e-01 -7.125896625102910775e+00 5.163449821150245533e+00 1.912247855312920564e+01 1.824217677052843953e+02
1.495212842464218716e-04 -1.817298462815445873e+03 7.144446616502483915e-02 1.203315797642941221e-01 1.822650569296753176e+00 1.560060169566269508e+02 7.047505624508628719e-01 8.477596290192863648e-01 4.718006056511603319e+00 2.654367621258633125e-01 -9.729878531652680351e-02 6.941721365689909051e-01 -9.008736143747114511e+00 4.926631902751998915e+00 1.968594791370792407e+01 1.664593392287095810e+02
1.659033831315171402e-04 -1.817194495978100804e+03 4.130908471166272466e-02 1.231496869999336996e-01 1.763900946735403430e+00 1.551514811362795854e+02 7.002193610555252912e-01 7.932217839002528859e-01 4.706951655526792067e+00 3.210494016708891341e-01 -1.125006557133243490e-01 6.994041354475044603e-01 -7.132687720140694410e+00 5.740607439812195345e+00 1.843562798571907280e+01 1.968425359897316582e+02
2.140582838515342262e-04 -1.816939653235297783e+03 6.209077596980852598e-02 1.459300751336452262e-01 1.809010623172917498e+00 1.298761566533638359e+02 6.767765572915334094e-01 7.929549656439960348e-01 4.692116739691654104e+00 3.160579329619144229e-01 -9.876334036366252178e-02 4.676065032509813535e-01 -4.973661549207093913e+00 6.041708279008073390e+00 1.937045650872137870e+01 2.012021826196629490e+02
1.317064052509624964e-04 -1.817425326324954767e+03 8.096807206278866520e-02 1.434446236189659551e-01 1.887825048513904314e+00 1.454477514079804621e+02 7.201450222789578248e-01 7.841848018711832236e-01 4.685669520771402752e+00 3.151974670270720758e-01 -8.556593923446631500e-02 5.903153423856383197e-01 -8.960403303072070003e+00 4.937755485940553690e+00 1.884651055567376687e+01 1.739814166594898381e+02
1.177263609916812538e-04 -1.817537538610851243e+03 9.066634807517065520e-02 1.499686920509062105e-01 1.813839854828590781e+00 1.287127432158377189e+02 6.528390251442037773e-01 8.325583886190024430e-01 4.700703496285274952e+00 2.658019076828974647e-01 -9.889853986233765326e-02 5.470307034742003527e-01 -6.872971743716931314e+00 4.798725881866805487e+00 1.862506495802040973e+01 2.080713572488042189e+02
1.610996165837978505e-04 -1.817223878657493060e+03 6.214752129298095618e-02 1.266809172634098812e-01 1.849424618378402663e+00 1.408233487558394756e+02 7.275781293373541070e-01 7.817830453592662376e-01 4.693802720313144938e+00 3.037127804955990218e-01 -9.302887170822327079e-02 4.683034179504050876e-01 -6.422948259601525933e+00 4.526132377668745654e+00 1.982895033880494040e+01 2.129672273295413163e+02
1.179647840320809549e-04 -1.817535515428166946e+03 7.283251092124895520e-02 1.427396565550596852e-01 1.841321870165455898e+00 1.239357190827199133e+02 7.237997744702650005e-01 7.701877864735739987e-01 4.692167777293504649e+00 3.589361870958855949e-01 -1.082592915352269536e-01 4.209250919675446290e-01 -6.599440834968532954e+00 4.950711214820158190e+00 1.896756220667039727e+01 1.845883070367945322e+02
1.248124514230244736e-04 -1.817479089345707962e+03 8.596623064424696592e-02 1.443477977081664976e-01 1.769543738770056329e+00 1.595747053608182000e+02 6.102901999560416124e-01 8.570040661007991556e-01 4.702057470848663101e+00 3.225036538114491869e-01 -9.933203336181772869e-02 7.023319505866725265e-01 -8.828982583109421967e+00 5.810808426315094977e+00 2.011230983449330267e+01 1.643386414416747527e+02
1.446290570917463023e-04 -1.817331729330071312e+03 -1.432333753122408404e-02 1.435444568931856513e-01 1.903032160999731381e+00 1.270732179372216564e+02 8.201366210122456035e-01 7.252660256327347899e-01 4.691894375784176674e+00 3.490778003683538966e-01 -1.066225767444337613e-01 2.194019395341357814e-01 -6.382258826786681993e+00 5.353252090890547876e+00 1.951009989186680471e+01 1.943050052880945771e+02
1.320647845037471084e-04 -1.817422608973801744e+03 1.289189657940794376e-01 1.392050722876179980e-01 1.726800092948867160e+00 1.357084639473085872e+02 6.104812096726446313e-01 8.851474693891814294e-01 4.699857898277745250e+00 3.091020742705234969e-01 -1.001160054765999341e-01 6.579044667807494307e-01 -6.595122484416890529e+00 4.887361265248690856e+00 1.929986100644121194e+01 1.937473309904271730e+02
1.696543452642205465e-04 -1.817172138463671445e+03 4.943502748766659405e-02 1.497221618730975867e-01 1.865629913963572584e+00 1.555926416374264249e+02 7.985269030083815833e-01 7.448445991337553362e-01 4.696586745323562795e+00 3.245708550182986318e-01 -8.378147225583321145e-02 4.733913067086605309e-01 -5.200240474713183403e+00 4.415539500407850149e+00 1.977057524041303438e+01 1.753719923370804565e+02
2.061105843158461323e-04 -1.816977488725862258e+03 4.971935114725301030e-02 1.499646367320135176e-01 1.820044506870902801e+00 1.510513256944634293e+02 7.402249585692216582e-01 7.482832918244943787e-01 4.685231400719871431e+00 3.011536669330603377e-01 -9.744408070542620592e-02 6.602634234805659919e-01 -8.502948322583563368e+00 4.682242098829836330e+00 1.883529073670353426e+01 2.092809151274202009e+02
1.236721798533965710e-04 -1.817488267213713925e+03 2.648797156258045349e-02 1.287738143902798227e-01 1.880575878595157846e+00 1.498013135247151411e+02 7.768900280786269485e-01 7.871472249909028385e-01 4.702208069346846209e+00 3.149079719694853896e-01 -6.674161269342859804e-02 4.444078850975490269e-01 -7.948060617340644285e+00 5.790381943027389511e+00 1.858658505848520548e+01 2.126562581124210567e+02
1.527772983694422083e-04 -1.817276920272870257e+03 2.737875457859639816e-02 1.342942264991001944e-01 1.867530257683345241e+00 1.373672551306349021e+02 7.787672562693989109e-01 7.410446163330697278e-01 4.693600766225423548e+00 3.298999432092559747e-01 -9.761089481339313423e-02 3.566903950665283318e-01 -3.206144302476417351e+00 4.506251906154612463e+00 1.926658889936028274e+01 1.934232041587061701e+02
1.322846042991783608e-04 -1.817420945872955599e+03 -1.094890710083593066e-02 1.412286358912494821e-01 1.895486869534641627e+00 1.278527760295978766e+02 7.803348571767154684e-01 7.392863738452000177e-01 4.686160227342154094e+00 3.264446920651871142e-01 -1.196290046996690837e-01 3.283686609328558825e-01 -6.560092292726608321e+00 5.068641816212804407e+00 1.854210375615894435e+01 1.940212628339863556e+02
1.358487770271962390e-04 -1.817394359234228659e+03 5.000988839442255252e-02 1.424257810160615423e-01 1.780513858911916714e+00 1.213784333363513213e+02 7.578003833485481566e-01 7.446030457184333873e-01 4.675183772479232225e+00 3.137174939930038597e-01 -1.275170025949270425e-01 3.204611241118823783e-01 -7.739369809217379270e+00 5.136061443639650115e+00 1.875397189994487590e+01 1.986365855235274864e+02
1.297439992415549048e-04 -1.817440338295327820e+03 6.158005956564180372e-02 1.167038382683557585e-01 1.840393599644147393e+00 1.301850451494250365e+02 7.500503884645617347e-01 7.847840671316150818e-01 4.697758343329146768e+00 2.951252746265959903e-01 -9.827611342989350796e-02 3.912609508039915363e-01 -6.851501348586282347e+00 5.360258125362671322e+00 2.001365429235901772e+01 1.860883878994267207e+02
1.365205687834352278e-04 -1.817389426277353323e+03 2.836668230034894433e-03 1.430736847500999331e-01 1.782232092488281516e+00 1.450043906204042230e+02 7.696754863023548277e-01 7.527788352438880004e-01 4.693053049639797081e+00 3.357132249373262489e-01 -1.464684051933948794e-01 5.261052842710854938e-01 -7.553210520153470497e+00 5.764614760419339845e+00 1.923559777459016118e+01 1.810780277167387453e+02
1.328501927803331774e-04 -1.817416679444366764e+03 7.662106253335804196e-02 1.271771874017067205e-01 1.803768658458707819e+00 1.312577795214936884e+02 7.484986912512536783e-01 7.630450096482304101e-01 4.701086772929541802e+00 3.189834018150892181e-01 -1.049831044858029472e-01 4.404744118524788754e-01 -7.511880154641971785e+00 5.462544581279926703e+00 1.929767117927394438e+01 1.996925568031830949e+02
1.668541968323487856e-04 -1.817188781209477838e+03 1.130097853922987505e-01 1.289948422899944991e-01 1.754083352714844501e+00 1.388221762877904268e+02 6.201313538912169854e-01 8.787237753530352524e-01 4.712475277525227213e+00 2.968934022850144849e-01 -1.091170576062250319e-01 5.889473832721902058e-01 -9.905933683636561682e+00 5.082878130575285702e+00 1.827219419938042222e+01 1.829218664538552162e+02
1.288627813173297775e-04 -1.817447153440182774e+03 6.037596151215904317e-02 1.485339318928016461e-01 1.848683724493274561e+00 1.393865632581139948e+02 7.393274528262296919e-01 7.675464563078877589e-01 4.697848524415535465e+00 3.343512413835791897e-01 -7.137893803806183435e-02 4.760498921112933934e-01 -6.263541619696951557e+00 4.948552306846099036e+00 2.007123737702809407e+01 2.103268503227296833e+02
1.492322726613545781e-04 -1.817300397598604377e+03 7.880158353268967852e-02 1.195823418368386626e-01 1.861672899014422455e+00 1.539003370315459733e+02 6.818938165960308773e-01 8.520813475504322998e-01 4.712518326572081584e+00 2.900676486061508630e-01 -6.318205605929616553e-02 6.857934191763771503e-01 -5.388862811571613065e+00 6.002852705957129054e+00 1.835250190028659034e+01 1.881350975072934091e+02
1.567323004557477683e-04 -1.817251362310299555e+03 4.322655287769713861e-02 1.458063927858532505e-01 1.769574858528946137e+00 1.336547543431406950e+02 6.834912502322716410e-01 8.251345302087687017e-01 4.713749789238754317e+00 2.940137390716011101e-01 -1.118865762788425755e-01 5.547003102256676810e-01 -7.022406178811337440e+00 4.424431698689446080e+00 1.896119541009633025e+01 1.737162500317345177e+02
1.574908772088701701e-04 -1.817246534033579564e+03 2.631683383220348449e-02 1.499926807462957090e-01 1.785627694282624134e+00 1.602143597437970470e+02 6.945479912373773157e-01 8.782518752967853892e-01 4.716788482199365085e+00 2.824855101654011325e-01 -1.066439719744285419e-01 6.030643308972921668e-01 -6.552172744226027135e+00 5.433043995080599764e+00 1.994418785277829542e+01 1.912576192149832934e+02
1.364439925679868213e-04 -1.817389987348117074e+03 5.047873336505315223e-02 1.403814071845257139e-01 1.741312955146806729e+00 1.370394321442673515e+02 6.640424172022224569e-01 8.198719155453677576e-01 4.688551650970811835e+00 2.683958108004775855e-01 -1.186810856433377914e-01 6.308143441147858743e-01 -8.268774172922832122e+00 5.284377247776417263e+00 1.973785231694091635e+01 1.893891176319713168e+02
1.428055245636702237e-04 -1.817344417831106512e+03 1.015434790879592708e-01 1.250103136596939779e-01 1.762123107357198570e+00 1.330542598526399729e+02 6.741393352831848151e-01 8.034733415429389236e-01 4.687296036736301907e+00 3.187645824894396185e-01 -1.139848633894353647e-01 6.243170848596539813e-01 -8.339882983093787061e+00 5.030757984969769225e+00 1.976452152334717738e+01 1.740542936516645796e+02
1.144895835470999452e-04 -1.817565417722216125e+03 1.236087109512954141e-01 1.250743263205670586e-01 1.792815432072277559e+00 1.331379878486640393e+02 6.469822853669319196e-01 8.183982544339454268e-01 4.697082932841420977e+00 3.224113787577760348e-01 -8.924252779838481864e-02 5.711917988248300659e-01 -9.734456780520673647e+00 5.355052423367090420e+00 1.964754132091217542e+01 1.765201204354544018e+02
1.544833156589838061e-04 -1.817265815466440017e+03 8.310532555932642618e-02 1.251733297981942050e-01 1.835644195762705877e+00 1.379066466908912219e+02 6.668289754930980529e-01 8.145996427615429525e-01 4.690418964665579615e+00 3.077442409858404115e-01 -6.110901141790625601e-02 5.723323606217947113e-01 -9.073939026034906874e+00 5.451403464874826632e+00 1.946623230233135615e+01 2.020316005575836300e+02
1.325722891389717075e-04 -1.817418773492624496e+03 1.066234740966081340e-01 9.816024453222985113e-02 1.702854246149692941e+00 1.601889343912817765e+02 6.966916574210378910e-01 8.336041069377619905e-01 4.708082446534962884e+00 2.690484762732021640e-01 -1.106796830742204918e-01 6.665591080258027601e-01 -9.033225821670924915e+00 5.243202641915023499e+00 1.915674527711374964e+01 1.637943953671972110e+02
1.651168658485680104e-04 -1.817199248066624023e+03 1.098482032720714263e-01 1.149652502789534625e-01 1.722773618971126020e+00 1.392632840512007135e+02 6.188455063355913222e-01 8.527470790943225687e-01 4.705520724968543789e+00 2.905942959194687258e-01 -1.125340107704635439e-01 6.809637832776161970e-01 -9.838099444147218264e+00 4.587745731181369635e+00 1.975042781513824863e+01 1.811167303764558199e+02
1.585834284904081226e-04 -1.817239620750131735e+03 1.475758082144910943e-01 1.330452158690700604e-01 1.784252546078513468e+00 1.391853326134923350e+02 6.217640256795415876e-01 8.578406559366464901e-01 4.700332456306384188e+00 2.923123342361564347e-01 -7.419836625791464968e-02 6.391452851815155878e-01 -7.835550491716787747e+00 4.914563297400365016e+00 1.981689519834728230e+01 2.042096453551711761e+02
1.495525132110208614e-04 -1.817298253977593959e+03 9.949802001206423108e-02 1.444457744037872249e-01 1.716359152920680309e+00 1.425154384073557026e+02 5.872404174770494700e-01 8.672348634347741836e-01 4.699429788068072433e+00 2.557451444518770156e-01 -1.101055229929244206e-01 7.134850523665768884e-01 -6.404630697390615524e+00 5.264627290145318383e+00 1.987235879354409818e+01 1.765419376665443565e+02
1.169938863748536378e-04 -1.817543779887458186e+03 3.751214066662778013e-02 1.263299701711445289e-01 1.760170169251193073e+00 1.448253777519441599e+02 7.682449671817964676e-01 7.236677590738536114e-01 4.678356567681325018e+00 2.917687625458140754e-01 -1.418773725870248192e-01 4.554049533464857857e-01 -7.562782163390863843e+00 4.665991580205530731e+00 1.933623117365490529e+01 1.999894800634235423e+02
1.162529304270627447e-04 -1.817550133315559833e+03 1.091669807597548114e-01 1.489445525477967325e-01 1.816547443976693543e+00 1.440107135481762839e+02 6.972493284030863991e-01 8.024212280195381908e-01 4.694640432863923074e+00 3.378954325377780954e-01 -7.116754691480053907e-02 6.517240653169671383e-01 -8.676579412661027391e+00 5.853169295787385984e+00 1.970805704632761035e+01 1.938416468978355738e+02
1.461139960793494431e-04 -1.817321514455573833e+03 7.087675380275254566e-02 1.157110429160853882e-01 1.723344140277078829e+00 1.293615715660792489e+02 7.073142938903121957e-01 8.029186409408355374e-01 4.699146437289499545e+00 3.076838473636898108e-01 -1.046111008977625989e-01 4.152430253207866628e-01 -8.284924261210477425e+00 4.897679691981848826e+00 1.866842277369673653e+01 1.874527048494417727e+02
1.364722064985751605e-04 -1.817389780589186785e+03 -1.587383977563033843e-02 1.368895400133092466e-01 1.907899630032471094e+00 1.419427982450441164e+02 8.003862613641348212e-01 7.567896883072211534e-01 4.699079968470199375e+00 3.096954725726712709e-01 -5.925397230111117963e-02 3.181660257008692705e-01 -4.301739855045525474e+00 5.484821463311195799e+00 1.914213321809699053e+01 1.884094864769283504e+02
1.406211039854005659e-04 -1.817359832500102129e+03 2.157977274280276081e-02 1.262077328894575523e-01 1.870418762571366855e+00 1.326415069616552671e+02 6.875783445575790465e-01 7.998324900665589876e-01 4.694429158941752611e+00 2.940451903707816950e-01 -8.742402857902575875e-02 4.508371238195162389e-01 -4.049811511320001500e+00 5.178278735227470619e+00 1.906791449517008985e+01 1.817853108868849858e+02
2.028326494178521889e-04 -1.816993520315740625e+03 7.962764354288962010e-02 1.335862757868669093e-01 1.786171263802978970e+00 1.408892653415015275e+02 6.858797248117499690e-01 8.187428886850103282e-01 4.690224123687672275e+00 2.676350509894145357e-01 -1.002927735314185220e-01 5.292399707084592952e-01 -6.785858698492944541e+00 4.857736102742871154e+00 1.928255523869137988e+01 2.077464387687648752e+02
1.230696851277026554e-04 -1.817493150826984674e+03 9.880209648438001424e-02 1.399202297758816715e-01 1.801457275994708063e+00 1.349760035636794839e+02 6.719338585251624085e-01 8.122467772919814699e-01 4.689639720905150355e+00 3.127039897102770194e-01 -9.852095397403681787e-02 6.452044505393336182e-01 -7.447463220342143586e+00 5.184246283328586280e+00 2.015539653052322677e+01 1.701619455180361058e+02
1.345732230586107266e-04 -1.817403793107421734e+03 7.559024702816308228e-02 1.393279915743378117e-01 1.734441130286276334e+00 1.354093994183234599e+02 6.312282645100883993e-01 8.560480020833585169e-01 4.704215916430358746e+00 2.614520328650529191e-01 -1.234230711055186447e-01 6.529119491110167983e-01 -9.357906994768512732e+00 5.112772157121470151e+00 1.908543091772541089e+01 1.700917425298654848e+02
1.798495424486843243e-04 -1.817113780941617733e+03 3.356309872434762309e-02 1.489209219177182464e-01 1.795650760613773933e+00 1.301806238705791259e+02 7.479690384864957631e-01 7.660433948013984917e-01 4.698135851433563381e+00 3.386738972173268802e-01 -1.118518253369460425e-01 4.202787005331176662e-01 -7.274057232506834225e+00 5.190841992212535949e+00 1.797512048141880570e+01 2.018341857648755422e+02
1.391046558593375443e-04 -1.817370674998004233e+03 6.311879647316995245e-02 1.322971850949798134e-01 1.865494575349076811e+00 1.375964912228332651e+02 7.618845614478716444e-01 8.006678041284771563e-01 4.711662187238978561e+00 3.149258616075725215e-01 -9.111890327389904343e-02 3.579326013217958291e-01 -6.355321487055761054e+00 5.513762205871741706e+00 1.946243089181520958e+01 1.866931575334237436e+02
1.209261781878856983e-04 -1.817510721305893640e+03 6.071953803419222195e-02 1.289331410737003247e-01 1.795181220357545016e+00 1.180322498547309067e+02 7.520270547023735208e-01 7.810496125191053185e-01 4.702121256656803361e+00 2.862635310769601205e-01 -1.019207597776481400e-01 3.021932458547433864e-01 -9.083296488332990748e+00 5.355638208598856309e+00 1.915760871019267597e+01 1.971678763720401548e+02
1.659322343678775184e-04 -1.817194322089374509e+03 4.776338597124368812e-02 1.361930637707392810e-01 1.826966660866065517e+00 1.292522864590957852e+02 7.485400317301027506e-01 8.013310486946547684e-01 4.704779212737792093e+00 3.344089929655638116e-01 -1.118160326569146434e-01 4.031604242822318107e-01 -9.188673700535844091e+00 4.883905787019471312e+00 1.852520346827590814e+01 1.816950429366579556e+02
1.267517761716909180e-04 -1.817463670912122325e+03 7.692704027064448113e-02 1.122435801694756374e-01 1.748557049021421506e+00 1.390171823404445206e+02 6.884374586494220738e-01 8.442828115236749031e-01 4.715332951188852206e+00 2.659911427442200882e-01 -1.191985135604860524e-01 5.382442910453953955e-01 -8.203210687021993408e+00 4.870301306490354420e+00 1.920381582178654156e+01 2.059277218080825946e+02
1.742124332039754909e-04 -1.817145626132655707e+03 7.447892668655314852e-02 1.370342879874796582e-01 1.703101820696197422e+00 1.474679581732477800e+02 6.830550703544403524e-01 8.294764067260478324e-01 4.703202831327221389e+00 2.851319092093149710e-01 -1.120983926966463429e-01 5.168414924423702095e-01 -1.009878436730954832e+01 5.102091192488278359e+00 1.953624126740383105e+01 1.885979632794760903e+02
2.042831024316184264e-04 -1.816986394778867179e+03 6.598909212886652775e-02 1.393969356635802181e-01 1.794050786455559710e+00 1.237481305222479051e+02 7.518362174944076548e-01 7.730492104747825888e-01 4.701424749214526244e+00 2.870961888993219802e-01 -1.078279886460764558e-01 3.423760068614398744e-01 -6.943824426883367096e+00 4.984672201303719241e+00 1.928424584244780959e+01 1.901615097300568493e+02
1.372675936328255936e-04 -1.817383969308749784e+03 6.585402133476364606e-02 1.398004567571660972e-01 1.780218040472361096e+00 1.507369460599909132e+02 6.458394875882962349e-01 8.661950512756115828e-01 4.715659980154667252e+00 2.837554911193460594e-01 -1.026934883636752005e-01 6.635965910841202797e-01 -6.941623113927363420e+00 6.334378299177156890e+00 1.841724862823368625e+01 2.068525868607913196e+02
1.541741822685062282e-04 -1.817267818550738411e+03 8.140194884527202079e-02 1.486364477627642733e-01 1.846164343050880063e+00 1.357727313101366065e+02 6.702516611645656930e-01 8.717334233286639922e-01 4.705760386866948863e+00 2.815182285978059529e-01 -7.553421763793988220e-02 5.465078346736320647e-01 -7.352306067006281864e+00 4.810810362280037999e+00 1.876187168681408934e+01 1.748913698501066847e+02
1.341247919814714576e-04 -1.817407130917664972e+03 3.921907988025186143e-02 1.345459192080808719e-01 1.787055998302265358e+00 1.474549129927086994e+02 7.013136776673978279e-01 7.981776588068365541e-01 4.684006328124040053e+00 3.272270868173507985e-01 -9.747144783892425224e-02 4.893669350612515623e-01 -6.755099439715252174e+00 5.870947532600534480e+00 1.953820244063120271e+01 1.835727003273112246e+02
1.287478007820395747e-04 -1.817448046109590905e+03 5.764991449389084144e-02 1.127830067144420523e-01 1.783255569129019058e+00 1.340682305628506299e+02 6.990093857599843918e-01 8.250701846110886084e-01 4.708522786239287328e+00 2.798719818110964042e-01 -1.161680355310699131e-01 5.292560769105885132e-01 -8.794571222353454232e+00 4.598553614926892408e+00 1.829063940575170832e+01 1.914807701897285312e+02
1.802096297361366047e-04 -1.817111780784780649e+03 6.624624434861769995e-02 1.426649022111225740e-01 1.805965924917869003e+00 1.497460841918347967e+02 7.079234880025756516e-01 8.175016712965295085e-01 4.700709134708745296e+00 2.946128904118594516e-01 -1.095357009034407803e-01 5.304512117610242772e-01 -1.009282488928431576e+01 4.162362196101110356e+00 1.952161911556560270e+01 1.812625779940151176e+02
1.743649500312007754e-04 -1.817144751050999275e+03 6.580528093841836457e-02 1.332483099843519703e-01 1.827822116911636208e+00 1.470838111804857817e+02 6.799021741582634837e-01 8.170142680916365752e-01 4.704604708014240799e+00 2.901824184551575758e-01 -1.018327377556831337e-01 6.329127182319143063e-01 -4.289056950870758556e+00 5.815674307778628815e+00 1.811431263073004416e+01 1.753126927989836474e+02
1.375039451292407679e-04 -1.817382248959140270e+03 5.682296261316938102e-02 1.232009625735514813e-01 1.853278198688226297e+00 1.407015487916195298e+02 7.713569008996794540e-01 7.256385235514211107e-01 4.681915368784218323e+00 3.547118692361981296e-01 -9.475954207641379412e-02 4.547347499595069120e-01 -5.864065303638994919e+00 4.988231588702651820e+00 1.928358973667421239e+01 1.804634104488032165e+02
1.252556614563788524e-04 -1.817475544627492354e+03 3.822389190960689964e-02 1.446147906213251233e-01 1.799113764961997042e+00 1.267747167601375224e+02 7.468861126894632552e-01 7.640494455979520705e-01 4.685197002239934960e+00 3.323005568001957677e-01 -1.314687706320154525e-01 3.840256064997100705e-01 -5.759112463080441557e+00 5.182167110953317390e+00 1.890181873210195107e+01 1.666578253794550619e+02
1.541393471598009564e-04 -1.817268044522715172e+03 4.017180711663709269e-02 1.468058978720008512e-01 1.917245218626224990e+00 1.294825887100717239e+02 7.026103641427884350e-01 8.097637960989545469e-01 4.696443204408456751e+00 2.906418100698413554e-01 -5.947532489511142550e-02 4.563471797836328170e-01 -4.993474664100631344e+00 5.199216272299911346e+00 1.976492409411612172e+01 1.802532596716408477e+02
1.173413505222133330e-04 -1.817540814354774284e+03 -1.272787492309357393e-02 9.543224308858344607e-02 1.724028923221643694e+00 1.514793086253489491e+02 7.788539440813199155e-01 7.821650163863436145e-01 4.703855697643094302e+00 2.836811721148446708e-01 -1.290555163917868065e-01 4.864524318697651117e-01 -7.125902106097214528e+00 5.706379149429174902e+00 1.929538808593300558e+01 1.744020234513721164e+02
1.824984759147839136e-04 -1.817099159745848510e+03 6.756177213834888007e-02 1.499962790135726254e-01 1.829509302522644099e+00 1.282506783044657652e+02 6.618938718698986756e-01 7.905410681005538009e-01 4.683835725716031462e+00 3.310730492897462351e-01 -1.057809228401933588e-01 4.321725464425636432e-01 -6.670820038606450453e+00 5.423073969989533616e+00 2.009929595814629977e+01 1.989416760050268920e+02
1.547885390179110034e-04 -1.817263841646621586e+03 3.470367030022544763e-02 1.416684988344668883e-01 1.785957541231535828e+00 1.327801267665306284e+02 7.472686818636491424e-01 7.600777329414476480e-01 4.695266893876146597e+00 3.031393069759504844e-01 -1.012836445415312703e-01 3.797849704186009312e-01 -5.111803265936060825e+00 4.671123339521021656e+00 1.913063972899797704e+01 2.055618253470554748e+02
1.926964786078928327e-04 -1.817044785266391045e+03 5.442534148418376461e-02 1.478876436651105075e-01 1.764451008782150332e+00 1.459513781575970199e+02 7.129005928541631842e-01 8.124021740404352432e-01 4.719819738544796195e+00 3.187494852635632814e-01 -1.306861856243122233e-01 5.200860185858796614e-01 -5.532837534610081320e+00 4.904879400522421662e+00 1.962804162282449738e+01 1.864254453926337192e+02
1.593840584801495871e-04 -1.817234584815864309e+03 1.026659939498033303e-01 1.221477768787831708e-01 1.739909033382305736e+00 1.523151746539546991e+02 7.029244854836667056e-01 7.752387132397673408e-01 4.684577629864046244e+00 2.888732319448625852e-01 -1.168809432606958687e-01 6.856032024419059789e-01 -5.864934184223812963e+00 4.855631916745872800e+00 1.855678642979597015e+01 1.812340869734976252e+02
1.177214445611492796e-04 -1.817537580373232686e+03 -1.829289032632108736e-02 1.404409796724872816e-01 1.776835697639433498e+00 1.355532824271302275e+02 7.573779997036313993e-01 7.340430417946828268e-01 4.682519700632026272e+00 3.022421397272665455e-01 -1.343943800002342925e-01 3.700206204948369715e-01 -5.541995549415332789e+00 4.784676913540786281e+00 1.926654222879897560e+01 1.744834893518395518e+02
2.187170195289250265e-04 -1.816918122821680981e+03 -1.295341210081199512e-02 1.472009423209920953e-01 1.905679945100159145e+00 1.491956701068262419e+02 7.583127255865410588e-01 7.892806646747334565e-01 4.711369449682867305e+00 2.922417537718151603e-01 -1.041103220352943559e-01 4.707269812459733416e-01 -6.582368323162370416e+00 4.804758329832514718e+00 1.899721007855270472e+01 1.677185538053194023e+02
1.347607985838625484e-04 -1.817402400223192444e+03 4.378546536257857391e-02 1.333011667379875032e-01 1.786509703572479957e+00 1.554963411293367415e+02 6.626287493204405799e-01 8.621098461791281142e-01 4.708198157022830621e+00 2.923605703102996056e-01 -1.014370223896690071e-01 6.521742260387008994e-01 -7.272966550768870775e+00 4.123295616746625036e+00 1.977585898035572143e+01 1.765692706166964854e+02
2.133927045202638976e-04 -1.816942767416278912e+03 4.326315504893324393e-02 9.725295427573366069e-02 1.792638011104953577e+00 1.490351330543201698e+02 7.455272968076859241e-01 7.957554345908293136e-01 4.701256027427008988e+00 2.759440193955755571e-01 -1.089583002184189020e-01 4.573571740371755179e-01 -5.938897377996539717e+00 5.300979729506605231e+00 1.888628778911027695e+01 2.042099759085059816e+02
1.423952575130868307e-04 -1.817347294873242163e+03 9.462734680405551768e-02 1.466465425802689626e-01 1.823320239215862060e+00 1.503878109513418622e+02 6.269747882870213562e-01 8.547882527353938276e-01 4.701559725954540525e+00 2.574469209802634495e-01 -9.016401721948485992e-02 6.099698367691259726e-01 -8.045452210647511038e+00 4.643123170184781934e+00 1.993806061679626040e+01 1.897446944208602702e+02
1.837520322462585318e-04 -1.817092314369808946e+03 1.323419815550342105e-01 1.382844125948074765e-01 1.834032287436493824e+00 1.618904518320500472e+02 6.489380696172871721e-01 7.918507071591787128e-01 4.667408645190661787e+00 3.445054163081500143e-01 -9.212665602461100889e-02 7.390349516644652006e-01 -6.592596816661966841e+00 5.270287526059180827e+00 1.917784261787969058e+01 1.871215627872842049e+02
1.146100385416565221e-04 -1.817564366170890480e+03 7.433409013682040767e-02 1.167943233506778811e-01 1.816968561079529643e+00 1.538136212259121862e+02 7.056049767055351252e-01 8.023679465480575423e-01 4.709842648839618562e+00 3.090842899681376377e-01 -9.363567688279195167e-02 5.579472696882565863e-01 -3.241944207380612397e+00 5.499857512610506483e+00 1.900730682393569992e+01 1.740681826243087755e+02
1.438508533228626473e-04 -1.817337124545671941e+03 7.513601323402951948e-03 1.393397135657247488e-01 1.913837142287910353e+00 1.299011551961916382e+02 7.646122165332221998e-01 7.453982539685102271e-01 4.682475799112132187e+00 3.346998459431846928e-01 -9.045368523939378846e-02 3.576871652044050776e-01 -7.679925549001865193e+00 5.029158476483108764e+00 1.848452515754484082e+01 1.776211894247201712e+02
1.440385042718959202e-04 -1.817335820913073803e+03 5.267406532564047894e-02 1.270309788639350235e-01 1.814314290703483046e+00 1.495593898464535982e+02 7.651212809928754632e-01 7.969692444861737890e-01 4.698489260441380821e+00 2.946153585207997860e-01 -1.079800111798174811e-01 4.322867192734101138e-01 -7.679502535964388699e+00 5.648528820793252692e+00 1.905372148951978062e+01 2.070339822268222463e+02
1.736695943959103605e-04 -1.817148746956415380e+03 2.479981649051918313e-02 1.341447474754897951e-01 1.833764988697564213e+00 1.415660694786322154e+02 7.861609289505798737e-01 7.640572658218049984e-01 4.688054606707942717e+00 3.079755254227476424e-01 -1.090870322234205325e-01 4.588021900305920275e-01 -7.981198529615085135e+00 5.471925008324385331e+00 1.890329747610397604e+01 1.674570726266078111e+02
1.444564823041570893e-04 -1.817332923266014632e+03 9.683319475806620447e-02 1.086564858679655299e-01 1.759248529447936527e+00 1.374784743797443696e+02 6.944892443676915494e-01 7.952385633659877495e-01 4.699756491850757278e+00 3.169499810362323977e-01 -1.126817196013263356e-01 5.730914242775824174e-01 -7.281729040499470784e+00 5.200423940276643897e+00 1.941521932002821060e+01 1.987065687887645709e+02
1.267296890620688368e-04 -1.817463845182139721e+03 4.249917296791616561e-02 1.471978597255948207e-01 1.831170440241537634e+00 1.477492075123166728e+02 6.963285558838865352e-01 8.118780211669081037e-01 4.703015749390955236e+00 3.454138573943876800e-01 -8.435798291758045409e-02 6.847559655149572100e-01 -7.259283010493504662e+00 4.931999056191016528e+00 1.838335509499056286e+01 1.974839254444056280e+02
1.405861858289422664e-04 -1.817360080844706999e+03 4.641896314176877092e-02 1.484281323958752952e-01 1.861210559857432223e+00 1.505666116492646154e+02 6.950326450266605116e-01 7.656833034129328919e-01 4.677270225806990922e+00 3.325115543312766597e-01 -1.311291511771361940e-01 5.740201158664935965e-01 -4.902068683085644807e+00 5.106991964781593119e+00 1.919333100675002513e+01 1.818180495574017641e+02
1.437922714964825035e-04 -1.817337531868650558e+03 2.760862585591797314e-02 1.409896586907324612e-01 1.784203097483206157e+00 1.332817690253147873e+02 7.172293088085680557e-01 7.442903556261624143e-01 4.683223717399737751e+00 3.125129099978167790e-01 -1.211185064783559806e-01 4.848674191237086761e-01 -7.330788630670923567e+00 4.407697193946513714e+00 1.889866867924006044e+01 1.759886731122113304e+02
1.226581476549278525e-04 -1.817496500369060414e+03 1.069638660858312218e-01 1.335779299836424572e-01 1.777619677386994113e+00 1.409522504133439895e+02 6.735845715660007116e-01 8.290584164903500586e-01 4.701372711962117812e+00 2.888917469810290406e-01 -1.242971022538412740e-01 6.451481720819935983e-01 -8.410368292276274360e+00 5.494245220943549946e+00 1.874317436042727181e+01 2.038428014481444848e+02
1.649590432980617275e-04 -1.817200204347032013e+03 1.078201012133253867e-01 1.447906849918228767e-01 1.760286621060080492e+00 1.176354758635233253e+02 6.428605839722847382e-01 8.108612657307101568e-01 4.686195500396701519e+00 3.175559251529211924e-01 -1.015383347266953784e-01 4.731524286585268579e-01 -9.087650721081558913e+00 5.721692912659115393e+00 1.966063264691342383e+01 1.997149017022667863e+02
1.604822930989953096e-04 -1.817227717954571062e+03 4.411288347916414443e-02 1.317332671441215075e-01 1.824187512580549786e+00 1.502802988871943057e+02 7.144340336523016255e-01 8.176309178176204284e-01 4.718321259202655327e+00 3.119253233981040818e-01 -9.249692999982528363e-02 5.223104130958255986e-01 -4.372394019798235831e+00 5.658499479219702977e+00 1.868145440470236807e+01 1.627579114913624210e+02
1.776951090904117922e-04 -1.817125832356310411e+03 3.863590667121177824e-02 1.499716945474577068e-01 1.799436799472097448e+00 1.253950043292627043e+02 7.618957274023712145e-01 7.712551974250978493e-01 4.701095094517492079e+00 3.118292388522276859e-01 -1.206921691791404960e-01 3.583114736812120227e-01 -4.943869170228879284e+00 4.439108458593188367e+00 1.953155258579275610e+01 1.862130681028935157e+02
1.200711122420097636e-04 -1.817517817398404759e+03 8.759901072054790405e-02 1.159798821707077321e-01 1.858958566631748077e+00 1.411648877759249103e+02 7.416531427230981244e-01 7.870220053795902171e-01 4.699518293112539880e+00 3.019924011244281559e-01 -8.190398328197190381e-02 4.835601449827383602e-01 -5.677252628915653077e+00 5.138032351915455820e+00 1.891050010605532705e+01 1.932409192553363653e+02
1.166904380998413530e-04 -1.817546376967482729e+03 1.142037551646607474e-02 1.382578367635592664e-01 1.756332083965779667e+00 1.426790694575609280e+02 7.057263736565180245e-01 7.976886705759964613e-01 4.696383274121492590e+00 2.731993736592497335e-01 -1.183755874608591885e-01 5.564022626257736359e-01 -8.391811420565744584e+00 4.166989021960332273e+00 1.944209736164392766e+01 1.917943707881991600e+02
1.269147053186526564e-04 -1.817462386318522022e+03 4.821550683436312545e-02 1.383308809256714456e-01 1.837700277096199208e+00 1.301813473948315618e+02 7.134668667568503375e-01 7.952269510483367387e-01 4.703116238425698370e+00 2.811184797181172090e-01 -8.190963088557778882e-02 4.033793104471455337e-01 -7.174371399999188270e+00 4.331439064044317888e+00 1.934255788968142298e+01 2.039242570461614719e+02
1.157940443109590594e-04 -1.817554088434688765e+03 1.219143165874995438e-01 1.296565268024917617e-01 1.741806859190123014e+00 1.446802879496831906e+02 6.401913336604159177e-01 8.547874352931110753e-01 4.705026760327220892e+00 2.809612030630628254e-01 -1.073909283509284496e-01 7.630633966538917790e-01 -4.981016434202956589e+00 4.999671284874107613e+00 1.860138689782442256e+01 1.916481166232164526e+02
1.201934163679138536e-04 -1.817516799319396796e+03 2.252182997447063628e-02 1.192167860624784581e-01 1.796905587004343552e+00 1.277480287591551900e+02 7.856125669687024082e-01 7.956172731171473611e-01 4.708350522659649151e+00 2.910762141383627100e-01 -1.178662614631376115e-01 3.395856468519228843e-01 -9.321752863716966431e+00 4.867881721352995683e+00 1.888116139873874388e+01 1.750730047980699737e+02
1.336278391125196347e-04 -1.817410842951698442e+03 3.960837498545666246e-02 1.366351382443728169e-01 1.799702537160909444e+00 1.232101285096872516e+02 7.537190407746476861e-01 7.952994231742942510e-01 4.706021780889718897e+00 2.845293585290384897e-01 -1.069826475555799572e-01 3.035522185373999426e-01 -1.003355386103228852e+01 5.065128984417133218e+00 1.918690863520522427e+01 2.065835459021830900e+02
1.599880585819985325e-04 -1.817230802389098244e+03 5.416460782365062343e-02 1.326984558211583287e-01 1.820401198248922547e+00 1.249298015858892654e+02 6.923903372843904780e-01 8.314975378497873049e-01 4.716237634616629038e+00 2.959823974885300579e-01 -9.365637439980178947e-02 5.040357792178037366e-01 -1.015386634775060770e+01 5.292719972449511090e+00 1.910413928155863061e+01 1.997112416030987276e+02
1.191675769243437128e-04 -1.817525370855721576e+03 2.150157788881892906e-02 1.496674229192095085e-01 1.723363434405323247e+00 1.424436321039933375e+02 7.844630004092226772e-01 7.480067760995332549e-01 4.707165132776514938e+00 3.082751247633244152e-01 -1.376040522873243077e-01 4.224964590308316059e-01 -9.243739876410671741e+00 4.784171421690075476e+00 1.894372024544077604e+01 1.925672079300510120e+02
1.447046967892605157e-04 -1.817331206475767431e+03 -2.610867243125732096e-02 1.431514968392955944e-01 1.849467867227503781e+00 1.472133897261914512e+02 7.342699265171319656e-01 7.885854350083232323e-01 4.701958299122079410e+00 3.147548473342260955e-01 -9.898994973033437006e-02 5.026094210401065299e-01 -5.751525161565240296e+00 4.822244957984223035e+00 1.889927374389655057e+01 1.678277535892061110e+02
1.767449227483272925e-04 -1.817131193988930818e+03 4.929715560992978252e-02 1.208267330329078348e-01 1.835664288928312793e+00 1.274734382054440402e+02 7.263946264476717207e-01 7.739385872654298559e-01 4.697016471333209431e+00 3.140207745933816241e-01 -8.224451960637924053e-02 4.420250318013692614e-01 -5.075482486545524807e+00 5.214590189819845456e+00 1.950661910734874382e+01 1.930509227052623658e+02
1.319323385091059693e-04 -1.817423612363567827e+03 -2.835949274156424060e-04 1.192713622477439561e-01 1.824429216294817913e+00 1.462993852536199881e+02 8.300657994361411163e-01 7.334627599952636690e-01 4.702077314717978851e+00 3.067766342601720986e-01 -1.027652869079918041e-01 3.244883516012710412e-01 -7.793617375785856893e+00 4.700332002550822175e+00 2.044217518187529947e+01 1.920810069891975047e+02
1.291354310067846273e-04 -1.817445039861266878e+03 5.538744692111424728e-02 1.302138063727363571e-01 1.762060856457578595e+00 1.337966470070738580e+02 6.559046637395717916e-01 8.726687095272127603e-01 4.720989961408676550e+00 2.771743954068213167e-01 -1.142674396504170797e-01 5.466070158959670522e-01 -9.337701256050962684e+00 5.681497429638637797e+00 1.917651218294946602e+01 1.946337519838732248e+02
1.603009838074195294e-04 -1.817228848370798687e+03 1.740255226538711675e-02 1.423324536199431500e-01 1.870359292771047066e+00 1.399580879510555746e+02 7.606542640377073061e-01 7.630349927218045281e-01 4.694460034431250151e+00 3.347687852174494605e-01 -8.882523248944118599e-02 4.068101823710164044e-01 -4.894871159790000092e+00 5.867052042976550474e+00 1.955277946150390989e+01 1.638651856276652836e+02
1.604535051025182050e-04 -1.817227897354916649e+03 3.593431601575769463e-02 1.297405858221828134e-01 1.756923572470242334e+00 1.344405893758151365e+02 7.398812000877977857e-01 7.984661655675713288e-01 4.696368872423482443e+00 3.069013516031287025e-01 -1.040712126877627597e-01 4.655692551739735729e-01 -8.078996157336831629e+00 5.392309305264797459e+00 1.826469731178537259e+01 1.961746052242734208e+02
1.848079044606832093e-04 -1.817086584636335829e+03 1.799619972202898266e-02 1.483794822725250373e-01 1.827913611645905156e+00 1.496700320066364895e+02 7.865761458774516157e-01 7.518191017928839148e-01 4.686226580976574851e+00 3.312434849690535366e-01 -7.804457349097759788e-02 4.375116348579223824e-01 -8.428571274305426186e+00 5.652098660727689072e+00 1.948021398298316242e+01 1.759406449222806827e+02
1.179952327297842401e-04 -1.817535257344629827e+03 6.173775755433330570e-02 1.410630258888807831e-01 1.833049609591802742e+00 1.384832226855222075e+02 7.167916354131107504e-01 7.896827473207164161e-01 4.695848428081852433e+00 3.177526377901231935e-01 -1.028144069652137116e-01 4.241857460147195336e-01 -2.592959826821697789e+00 5.247657507047587266e+00 1.984346074546738947e+01 1.926687369018996776e+02
1.642595325286830027e-04 -1.817204453875299350e+03 -4.106328966507301337e-02 1.361746037214682514e-01 1.770336991385161873e+00 1.481782538493226014e+02 7.684003894061857132e-01 7.357951961687543285e-01 4.681254496857878422e+00 3.105967792920114601e-01 -1.438536463590516234e-01 3.873009683249856172e-01 -8.657960554845487877e+00 4.693954650579090782e+00 1.936558191371418047e+01 1.925831787366161336e+02
1.220970536652926891e-04 -1.817501085317364186e+03 1.518212346824410197e-02 1.311380918083648039e-01 1.845378387530193010e+00 1.270590459752965558e+02 7.611138038253225657e-01 7.598590803449825071e-01 4.679529503458561557e+00 3.053816767808044119e-01 -8.761583573039377626e-02 3.944479740510434262e-01 -7.900895568829923832e+00 5.198662625615857458e+00 1.874774417234059598e+01 1.960179441205983721e+02
1.698652919973733029e-04 -1.817170895844764345e+03 6.657991955792208483e-02 1.414134311261028565e-01 1.797373943296928900e+00 1.262022786301241126e+02 6.472304215698965191e-01 8.481504103945962658e-01 4.702779094429363482e+00 2.943998511754004621e-01 -9.661899863436662628e-02 5.251491269361254766e-01 -1.067044511823456787e+01 4.727055514849864970e+00 1.907272246079338984e+01 1.732313554420219361e+02
1.241478822154379259e-04 -1.817484428114148386e+03 3.563395736544699988e-02 1.011825022981172884e-01 1.689586936753602942e+00 1.477731053118914133e+02 7.549272171160965605e-01 7.746360077228693353e-01 4.686989264753538720e+00 3.008049698434811514e-01 -1.438984980638946531e-01 5.121768551539799263e-01 -9.159914386554248722e+00 5.228224075811249705e+00 1.966546063480944895e+01 1.872928275942165044e+02
1.288080990730480009e-04 -1.817447577874989065e+03 7.564839058867101063e-02 1.267656646831510081e-01 1.793853750475784103e+00 1.325678461250774376e+02 7.185079965257800128e-01 7.949567867588076542e-01 4.698036135826795245e+00 3.174333593036093859e-01 -1.096938625573562476e-01 4.713724409080257693e-01 -6.216790875888847268e+00 4.452747991106953407e+00 1.823428013191952246e+01 1.952528825859575079e+02
1.274530982425922036e-04 -1.817458153127682635e+03 8.402392831801880346e-02 1.400425206273682444e-01 1.774699839314518357e+00 1.281756121932958195e+02 6.599596592883623103e-01 7.991235607284452591e-01 4.686544684359660096e+00 3.190066838910889935e-01 -1.113701193844969239e-01 5.658206412491739723e-01 -6.996028125635262995e+00 4.204436198419148063e+00 1.877539417652729270e+01 1.792810039191346050e+02
1.372641817958054119e-04 -1.817383994164430078e+03 -2.567031966424104805e-02 1.426029684026878519e-01 1.954248902253595155e+00 1.540690661970004385e+02 7.845272937389462520e-01 7.370465187418879793e-01 4.681083170202853694e+00 3.288824303756097134e-01 -6.915653152307976725e-02 4.462164869858139538e-01 -2.960227766462651289e+00 4.998262460356728276e+00 1.975114100351382973e+01 2.003490051900622575e+02
1.158096458351528287e-04 -1.817553953708646986e+03 3.079420932850263082e-02 1.448450991815123101e-01 1.723103310120679410e+00 1.446759541190254481e+02 7.669462968228437649e-01 7.841088813351504427e-01 4.712051078538462612e+00 2.914738046793103887e-01 -1.439638685875990198e-01 5.076465633354712015e-01 -5.437212343935073022e+00 5.019185530930947436e+00 1.912980893268689897e+01 1.857638961844583321e+02
1.501918407440739820e-04 -1.817293988152439169e+03 6.457323541985737769e-02 1.357956142689828172e-01 1.818858205239695991e+00 1.342958156848905844e+02 7.561456720574839530e-01 7.484838717832102972e-01 4.683675126869468741e+00 3.470222136230651788e-01 -1.244812232612928504e-01 4.493795723236830297e-01 -7.215896757058430921e+00 5.298611889362758731e+00 1.983997531755876764e+01 1.907405321879690518e+02
1.223597304740510375e-04 -1.817498936251133273e+03 8.121467408003604782e-02 1.367862868320763592e-01 1.796788773459022437e+00 1.367187126856543955e+02 6.683946620945648842e-01 8.358754898814764189e-01 4.707329317858850004e+00 3.090488335653516216e-01 -9.855527410148812173e-02 5.575736241692332840e-01 -5.310148905882755344e+00 5.724819180504159277e+00 1.852076015333825509e+01 1.595051439411125784e+02
1.146441405885823158e-04 -1.817564068666632920e+03 6.781004571652160529e-02 1.231918679225675606e-01 1.819438114435997456e+00 1.253472965801406787e+02 7.258798861833088978e-01 7.715065020834650511e-01 4.698579510875388721e+00 3.295485049210897799e-01 -1.020245511460067256e-01 4.290923730326374752e-01 -9.624385827267190052e+00 4.787414483758856143e+00 1.920538314747311048e+01 1.824855697732365911e+02
1.569774500174564978e-04 -1.817249799403113911e+03 -5.112067586243718154e-05 1.403341292164830556e-01 1.868043574106631688e+00 1.441628162973820793e+02 7.097964984505542585e-01 8.390574095165062030e-01 4.718693559603367227e+00 2.717008057051970571e-01 -7.005455957652362287e-02 4.586213165055667007e-01 -6.577363376967923614e+00 5.459231188546520563e+00 1.908316510512297981e+01 1.807403255614261752e+02
1.231209541443798253e-04 -1.817492734328473034e+03 5.542306802428104140e-02 1.249575990212637711e-01 1.877950113891231787e+00 1.462000784574055103e+02 7.292882608290015556e-01 8.177550686532224500e-01 4.714132124578593874e+00 2.995827832682578240e-01 -5.644062942661909332e-02 5.948358202993387911e-01 -7.704164456067246647e+00 5.664779415896159520e+00 1.852776898376218284e+01 2.005147399187302426e+02
1.517992946856596239e-04 -1.817283342349073109e+03 -3.482344676104037751e-02 1.487235122257432318e-01 1.850394666531044230e+00 1.620254729982821402e+02 7.858356810019706540e-01 7.513543409408538487e-01 4.695473796175449799e+00 2.825990125862436475e-01 -1.002586643377330056e-01 4.558676097206009192e-01 -7.875278796200831266e+00 5.932035079714848003e+00 1.896554503839842454e+01 2.136986138361989163e+02
1.828250942803404642e-04 -1.817097371640841175e+03 1.289018921004062013e-02 1.473080996799787379e-01 1.796857370583486713e+00 1.451531347899009745e+02 8.111097852527665575e-01 7.486725407654921671e-01 4.701714510670924163e+00 2.971064670903307281e-01 -1.069416049380134126e-01 3.477671544905065470e-01 -5.803644485490849547e+00 5.757676571854553060e+00 1.915357030313058573e+01 1.717433810148702946e+02
1.242705977074485863e-04 -1.817483440140129460e+03 1.194949963069944221e-01 1.425642669627256442e-01 1.732680318875470249e+00 1.492636669265118883e+02 7.071077327684380798e-01 8.042550184095111909e-01 4.695620767006611906e+00 3.148966174147440622e-01 -1.138756012382169391e-01 5.503103486516484066e-01 -7.312566986309064987e+00 5.467352471960507110e+00 1.957577003680677308e+01 1.871812250954094736e+02
1.222062025832123058e-04 -1.817500191764598185e+03 4.430580546992804458e-02 1.233812018108976505e-01 1.836239164380974564e+00 1.328437114797596621e+02 7.120849987600292863e-01 8.096112372701733673e-01 4.706958524110016917e+00 2.993154861248008558e-01 -1.228933441427673134e-01 4.667144554990022565e-01 -6.855687471336750605e+00 4.995823806841048764e+00 1.878964174957697963e+01 1.806075223700651691e+02
1.325741829671694049e-04 -1.817418759207477251e+03 1.095308590777746838e-01 1.394931962034767492e-01 1.720225675886728922e+00 1.344730860765137095e+02 6.799850040394402884e-01 7.807903590946143613e-01 4.674493737682032801e+00 3.109095837523938588e-01 -1.283716520032838204e-01 5.485333048468518102e-01 -7.221517678263268181e+00 4.965810911783941073e+00 1.945657663320410435e+01 1.983191320039783250e+02
1.484430718996272041e-04 -1.817305700037151837e+03 2.630748507317298701e-02 9.506040559280029556e-02 1.743523770974582554e+00 1.527064131994162324e+02 8.119694891670774517e-01 7.334470062442828286e-01 4.692296135456276218e+00 2.775368980112622452e-01 -1.252127781469480894e-01 4.165505380100198440e-01 -7.066358768290257331e+00 5.552220442005872947e+00 1.911907529341672074e+01 1.789756255435812591e+02
1.256743407831385686e-04 -1.817472207603529114e+03 -4.568952939218097475e-02 1.472398249636167333e-01 1.931768329544714113e+00 1.488337808308336605e+02 8.295636690290797421e-01 7.145593004072534615e-01 4.692898911557543684e+00 3.156850489741565013e-01 -1.028738683755419103e-01 3.040291830562835140e-01 -5.500997154781060772e+00 5.268186379062345104e+00 1.955711965981688039e+01 1.995664616609523705e+02
1.451675479888681509e-04 -1.817328012988972432e+03 -2.988618411311955159e-03 1.207978682263632086e-01 1.892049238439684089e+00 1.448615194539293327e+02 8.278559822602782337e-01 7.399728799506808397e-01 4.697176474885418784e+00 3.336520872648505165e-01 -9.532069223263905933e-02 3.746133973634723779e-01 -7.196665702825157496e+00 4.603798086761035080e+00 1.968770600124181058e+01 2.115117705627063174e+02
1.279147573587281902e-04 -1.817454537483748254e+03 1.112999355173705796e-01 1.496144098751840124e-01 1.748785567816573128e+00 1.223880643010680274e+02 6.438143107347736871e-01 7.913064485209715393e-01 4.673563252373650556e+00 3.118153155924017206e-01 -1.166551268774194128e-01 5.012788601906823516e-01 -8.905537671248794140e+00 5.823948809787204972e+00 1.889783106647413646e+01 1.978200325736988532e+02
1.612979141745644689e-04 -1.817222648513978584e+03 8.328595696039198248e-02 1.104647089895851864e-01 1.783705663790116525e+00 1.280018029378410347e+02 6.688317368055529677e-01 8.072805607483197754e-01 4.696586342350236976e+00 3.152749361639661796e-01 -8.907048748025214735e-02 5.182194441157349507e-01 -7.208247226472167313e+00 5.426394845356674601e+00 1.948713896118248101e+01 1.843222300348755880e+02
1.214547563607135149e-04 -1.817506359749884723e+03 1.760075353452095204e-02 1.378681852932962248e-01 1.824004416228187431e+00 1.305771627060065043e+02 7.496438336263788749e-01 8.192403011251117029e-01 4.723541564667537607e+00 2.654511995218489240e-01 -1.012633864215657375e-01 3.617692971781094613e-01 -7.464739419237702123e+00 5.779038182269102819e+00 1.916500394547282582e+01 1.888280751715429915e+02
1.796564467938123856e-04 -1.817114855169470502e+03 9.969711727211727492e-02 1.439461552876530048e-01 1.705240351020639089e+00 1.497017576161166232e+02 6.546707667971285449e-01 8.532747226907015925e-01 4.706604548842516778e+00 2.962820470623954705e-01 -1.241420390791851958e-01 7.459743403820765506e-01 -1.064303010682331774e+01 5.026138910114164027e+00 2.026686244990483132e+01 1.753398010302551597e+02
1.217446733938558866e-04 -1.817503975557037165e+03 -3.797164315170631355e-03 1.446776584311430802e-01 1.819112371609801215e+00 1.235648999983509952e+02 7.843829658302354790e-01 7.246075027990965811e-01 4.682733619665741642e+00 3.417920380922754298e-01 -1.244300969941001256e-01 2.980859954239174492e-01 -7.116263362338486331e+00 4.893818600420707376e+00 1.868897076944042723e+01 2.076123430603116162e+02
1.561798192159652703e-04 -1.817254893536986856e+03 7.372849145735316245e-02 1.400552404343970714e-01 1.771608672571120202e+00 1.206403242322991360e+02 7.137014516544228915e-01 7.938618743325855931e-01 4.701924661110431281e+00 3.083243183782562458e-01 -8.943798939206026866e-02 4.131822336791980965e-01 -9.426077978808621083e+00 5.388308678061393131e+00 1.962356827583377950e+01 1.957033456268362102e+02
2.096421902011276440e-04 -1.816960499346365850e+03 -1.768437200496980610e-02 1.097020810860303286e-01 1.884790643945216004e+00 1.494412534079544628e+02 8.147033393268018342e-01 7.423295556629827541e-01 4.698535766012221337e+00 3.049935744667389148e-01 -1.046837041127304246e-01 3.780858635793798994e-01 -6.661354777483296630e+00 5.261951162581990360e+00 1.865038001345664753e+01 1.644157858178527647e+02
1.963177832122726496e-04 -1.817026166878491495e+03 -1.657266886309813336e-02 1.469176652459689147e-01 1.786423195775798334e+00 1.322460113665808592e+02 7.677615962677099004e-01 7.492942961570121518e-01 4.698345666266689591e+00 3.053798991500469295e-01 -1.280297052415781955e-01 3.883266006494545119e-01 -6.080527903297877401e+00 4.773568839116726359e+00 1.941791563649908170e+01 1.935386742503314395e+02
1.366583537335989225e-04 -1.817388417524843589e+03 8.731825927212349958e-02 1.410603535439169109e-01 1.810066123433222707e+00 1.360241374434544070e+02 6.024678188195631279e-01 8.427791107517779157e-01 4.691855204387771039e+00 2.998793935473786920e-01 -9.078504099872009014e-02 5.170982441175889788e-01 -7.947251114046537168e+00 5.275272502718753032e+00 1.879415368476233894e+01 1.777275384447860631e+02
1.424520531991359305e-04 -1.817346896093371925e+03 8.947679352155837873e-02 1.452413382389553254e-01 1.719583613322589244e+00 1.342601271868072672e+02 6.832197643785146157e-01 8.603626942101467723e-01 4.720951935826969148e+00 3.024160984421928600e-01 -1.163991013027925181e-01 5.275212020723077933e-01 -9.036294498903828298e+00 5.434070268476087762e+00 1.900246274306016758e+01 1.964459205908781882e+02
1.571215464304789649e-04 -1.817248881880773752e+03 2.084105319997309191e-02 1.130628731507673790e-01 1.843994036523236346e+00 1.383093738828478081e+02 7.889151707195298791e-01 7.666355551043146921e-01 4.703314138990450033e+00 3.319662417066369109e-01 -1.231139160743417449e-01 3.569392547706037866e-01 -8.329399637392384648e+00 5.388035813681524289e+00 1.860604060510440050e+01 1.922932301944789799e+02
1.180006380916091277e-04 -1.817535211535677263e+03 1.096260532168680524e-01 1.302057644341386433e-01 1.729316481067405320e+00 1.530684354416718520e+02 6.175501261003910614e-01 8.096030451330205047e-01 4.676052539067455882e+00 3.155822692051830636e-01 -1.144046210924061224e-01 8.011713774577524649e-01 -5.967983655532179910e+00 4.699548281320020671e+00 1.807037770157771206e+01 1.906743423685311996e+02
1.840290765905285930e-04 -1.817090807797611433e+03 6.768953285687207000e-02 1.213259738203802673e-01 1.856067965884298232e+00 1.260247134131224982e+02 7.168611498892560885e-01 8.150501288583220649e-01 4.702685213722054058e+00 3.005175542266862454e-01 -9.053608785796685154e-02 4.036341229158669219e-01 -5.523675293476486559e+00 5.566699008271891458e+00 1.902830339530481396e+01 1.905547880910697245e+02
2.000638580455138982e-04 -1.817007264961870987e+03 6.485650371240714307e-05 1.182718104577813178e-01 1.889557769743655413e+00 1.256430506745225273e+02 8.041302847215431315e-01 7.455502817914110292e-01 4.694453487554302029e+00 3.022187163918035324e-01 -8.850563228660446313e-02 2.761761036481309994e-01 -6.634570578568911969e+00 5.219686958278679789e+00 1.859387193544392858e+01 2.000934222892678633e+02
1.797846094904848816e-04 -1.817114142047249970e+03 6.388513667600564938e-02 1.343543162889140608e-01 1.797735337920230769e+00 1.432898660042664858e+02 7.120612039294731410e-01 8.193101380111700305e-01 4.715055813997304668e+00 3.212326745362428237e-01 -1.245620990397677819e-01 5.702654807875287002e-01 -6.588115510905595329e+00 4.791017642237438423e+00 1.994344561108896130e+01 1.792474736274800478e+02
1.332155148898488334e-04 -1.817413933338209063e+03 8.552208026685614861e-02 1.352345388323451802e-01 1.843443155845621462e+00 1.522054276461049938e+02 6.072941104068891871e-01 8.858918336808441207e-01 4.709941745055103546e+00 2.821144966433559720e-01 -6.987466757254212624e-02 7.850976450087304714e-01 -1.109198139619010703e+01 5.068674129012018525e+00 1.951103282925936711e+01 1.808795561810771062e+02
1.288946543061101366e-04 -1.817446906130235220e+03 4.234516961266671098e-02 9.512444262807176476e-02 1.723718982197092409e+00 1.423748123083410064e+02 7.057103924392795768e-01 7.993129714883340231e-01 4.696218072012132261e+00 2.802377229643020495e-01 -1.297797070790851492e-01 5.099515371062480762e-01 -7.895102412804220648e+00 5.485385475535786703e+00 1.904345804561469180e+01 1.656246010451165489e+02
1.590756065765794964e-04 -1.817236521965424345e+03 -4.175088201751470107e-03 1.029363413748385081e-01 1.837619491279053108e+00 1.304470043157151338e+02 8.121624261655173704e-01 7.243045404642314278e-01 4.684843802569801596e+00 3.232039003455264847e-01 -9.775554614418391353e-02 2.957620987796527046e-01 -8.218080890560599983e+00 4.701474760254176211e+00 1.870748548440415249e+01 1.924827736311972615e+02
1.247037049069461975e-04 -1.817479961004878760e+03 7.737710634119859821e-02 1.425181908830769617e-01 1.750107226726788312e+00 1.301219461690718049e+02 6.239815233803706063e-01 8.680525622342285530e-01 4.694014757444951336e+00 2.980704926065573801e-01 -1.023110403640503652e-01 5.680513310490057366e-01 -7.723077944758387048e+00 5.274732953519767342e+00 1.913116421557725744e+01 1.899485993324211393e+02
1.150822476890845682e-04 -1.817560254497656388e+03 6.927014250658086736e-02 1.232445731970062408e-01 1.819916913868323327e+00 1.374746084499754488e+02 7.336161739558061390e-01 7.591304166186161329e-01 4.689724734331013778e+00 3.480180928729112999e-01 -8.428401568865595550e-02 4.812554785612439545e-01 -6.784284718308981610e+00 5.455922421307768388e+00 1.992177514539528005e+01 1.789188785743647259e+02
1.592284803529193341e-04 -1.817235561413584946e+03 6.717771049625814728e-02 1.484893208608975279e-01 1.696529188284029210e+00 1.400730370136058127e+02 6.621272966343345612e-01 8.135003262899080934e-01 4.696886118171579305e+00 2.888890915250874603e-01 -1.227304091312655387e-01 6.411144728887402389e-01 -7.472651730650852642e+00 5.592988010351795936e+00 1.981022999822956621e+01 1.934437613304705792e+02
1.804835602310760480e-04 -1.816290628392462168e+03 6.884462928977450047e-02 1.365864888258648546e-01 1.828919642997416162e+00 1.518049776974172573e+02 7.250296985683579720e-01 7.877108765435458793e-01 4.684095541279381436e+00 3.274736458728240152e-01 -9.015271032891325476e-02 5.299734609738611102e-01 -4.658586477907164181e+00 5.846843524265454839e+00 1.859247930559959627e+01 1.791087009604393074e+02
1.792676863585970900e-04 -1.816297387943755439e+03 1.031548218507235271e-01 1.400483634824825352e-01 1.720912184158869707e+00 1.457806876774837974e+02 6.729563512462557462e-01 7.740251687053789631e-01 4.678668902586483824e+00 3.346923303773901015e-01 -1.347818081091569642e-01 5.982860013705895152e-01 -7.656487407214939367e+00 4.489325384602005364e+00 1.911135675329966688e+01 1.863682098976944133e+02
1.242919559304379764e-04 -1.816663634805572656e+03 1.326775324790130384e-02 1.430898500188688416e-01 1.879530707362587094e+00 1.430498437454961049e+02 7.032886958809927425e-01 7.990847789544088808e-01 4.693984361701511787e+00 2.899149547127244375e-01 -8.112655863531381684e-02 4.689730374946550207e-01 -4.552245834328658702e+00 5.662099379828422485e+00 1.855433781773274760e+01 2.079968209170146451e+02
1.578519670041502604e-04 -1.816424610410884952e+03 2.896903704788195144e-02 1.321169237711125322e-01 1.709615948789545925e+00 1.413115097299514673e+02 7.262819823406529984e-01 7.697529663252573595e-01 4.692965764281973762e+00 2.920224651959624218e-01 -1.396672519479742469e-01 5.443327068771187660e-01 -9.243001546737104945e+00 4.866033860964291691e+00 1.939130242922004754e+01 2.061634909875372728e+02
1.590471502840771990e-04 -1.816417067386107647e+03 1.330572821944447093e-01 1.486746506353065211e-01 1.762114440082168443e+00 1.419891934060751453e+02 5.583656984256237799e-01 9.491794014067203022e-01 4.721976063834403270e+00 2.432387425640474277e-01 -8.429615890517228038e-02 7.789387607454151263e-01 -9.403811831570067170e+00 5.164651022150912318e+00 1.929704092615580535e+01 1.825841358738555869e+02
1.269529204509482626e-04 -1.816642451774415122e+03 1.072009220173534005e-01 1.454044081032572489e-01 1.860933204280859066e+00 1.341394106928034660e+02 6.683454287761770862e-01 8.544360788009046637e-01 4.717843424698280330e+00 3.199829940741354406e-01 -7.837909448912894206e-02 5.632397716882674432e-01 -7.722405218201743082e+00 5.230245543492273441e+00 1.841126960440586657e+01 1.932985570595973002e+02
1.342086509040298667e-04 -1.816586872401802793e+03 6.113652405614966590e-02 1.497051030320449005e-01 1.750330438791251275e+00 1.307986533113637506e+02 6.570515874188249672e-01 8.385553463960189191e-01 4.699716264942883193e+00 2.592170530886239721e-01 -1.196849315987948970e-01 5.306780728848471407e-01 -6.708408944233212878e+00 5.477896200948961791e+00 1.943336396157124923e+01 1.927221669596577271e+02
1.565102772232343899e-04 -1.816433146410052814e+03 4.802726671522603019e-02 1.063909115910478820e-01 1.813690180190308254e+00 1.599622109632127831e+02 7.443911168076098317e-01 7.975778767949177617e-01 4.712279468915550495e+00 3.430263776742366044e-01 -1.064780002326466413e-01 5.664822800051846352e-01 -7.422667027509561422e+00 4.731778435079436740e+00 1.932000631659813905e+01 1.961791760144960790e+02
1.539470697059995260e-04 -1.816449659246908595e+03 9.103738501969427244e-02 1.404807057589258779e-01 1.820654668124937814e+00 1.205248519825292703e+02 6.621288269724849851e-01 8.111226861547731204e-01 4.697409662240750627e+00 3.071755609246213936e-01 -1.003881923170149015e-01 4.315613532298130939e-01 -6.778427949389140394e+00 5.233453314560265746e+00 1.886195413810143151e+01 1.718937987595606671e+02
1.159404149395519340e-04 -1.816733191692213495e+03 6.990877268672682221e-02 1.217282981159098776e-01 1.807837129920295993e+00 1.175275042205146576e+02 7.283132961001136385e-01 7.924276499320643818e-01 4.694026654252676067e+00 3.092740781003961992e-01 -9.512831249827335967e-02 3.198528790333239891e-01 -8.213746405695275143e+00 5.203229020666833016e+00 1.881242228898194568e+01 1.897717865244595714e+02
1.715766986666695474e-04 -1.816341237697856968e+03 1.586229742736403048e-02 1.259576119850850107e-01 1.811772611364384389e+00 1.467741513816976635e+02 7.311106578764019481e-01 7.959759719053045579e-01 4.692667324653804428e+00 3.136010146974432811e-01 -1.080922356741380597e-01 4.552953031074010171e-01 -6.624805549527650328e+00 5.730556942899256434e+00 2.007388906397511619e+01 1.797398700391273962e+02
2.018636385886689387e-04 -1.816178675674078704e+03 3.029425189175172228e-02 1.277768615926276052e-01 1.823495780262047283e+00 1.538422065367630864e+02 7.310413283467789292e-01 8.416500463895486561e-01 4.725203136532266868e+00 2.916207258921106327e-01 -8.442556244883259176e-02 5.143036195721238935e-01 -8.461498036791510913e+00 5.039640954632274017e+00 1.801569318178530921e+01 1.926901049580337428e+02
1.384210549846110567e-04 -1.816555967924030483e+03 6.284968912153507392e-02 1.263336145015293843e-01 1.845766386906746881e+00 1.395691490985690848e+02 7.386347828737237498e-01 7.576488127464477973e-01 4.678307112047551897e+00 3.335367829481923341e-01 -9.756644750500753638e-02 4.589544546296303040e-01 -6.615532375311488522e+00 5.664683645424051228e+00 1.990433039198869025e+01 1.896612089838871498e+02
1.194786628446282896e-04 -1.816703130285207408e+03 1.088408755733979716e-01 1.251230175627406072e-01 1.780331467375773968e+00 1.539798120549787370e+02 5.801285643684105375e-01 8.529923208031879867e-01 4.691699659103396591e+00 2.809597113222255249e-01 -1.007938662573413247e-01 8.029086749318565808e-01 -5.093208981634575139e+00 5.714551824162916738e+00 1.890588668701753505e+01 1.746412344355543382e+02
2.231566268467164230e-04 -1.816078394199574632e+03 -2.288671580615489476e-02 1.359706496386658692e-01 1.776069809074064310e+00 1.450072582661041167e+02 8.084655784111959287e-01 7.339062695742817333e-01 4.699386021322288443e+00 2.930246179476851953e-01 -1.262925085556503291e-01 3.517394351977323197e-01 -7.282822927716722461e+00 5.469198452152879142e+00 1.833590236641768811e+01 1.892305766860117444e+02
1.365368111649978105e-04 -1.816569673829902285e+03 1.364014443311550584e-01 1.245860252020858094e-01 1.744592364440591403e+00 1.627133035514582104e+02 5.698268510148560839e-01 9.123057433309922359e-01 4.714773526679527649e+00 3.101090543407136746e-01 -8.582361052069931162e-02 7.926788198009380171e-01 -8.940153880664354347e+00 5.426437050013221963e+00 1.914676798290493309e+01 1.955422452774534463e+02
1.887281249974051805e-04 -1.816245960599675527e+03 -4.654603401339052482e-03 1.488897464204594068e-01 1.756251154074161214e+00 1.414574123123811660e+02 7.532876107414598899e-01 7.464827313936903685e-01 4.678474824961349476e+00 2.867664801463032376e-01 -1.416527026130518507e-01 4.127392691832545424e-01 -8.713063537835409988e+00 5.154050932612452840e+00 1.920291556343300954e+01 2.043137125726100010e+02
1.164997140897028392e-04 -1.816728379268197841e+03 5.036008733885136146e-02 1.420164609559531332e-01 1.764644536690623156e+00 1.367351575482092585e+02 6.924865886352890021e-01 8.012881976722914246e-01 4.693384373360240502e+00 3.083166314758838400e-01 -1.053816691360449642e-01 5.103966997048670073e-01 -3.548290033114369635e+00 5.090112843246785701e+00 1.964225212881409632e+01 1.882246359195327443e+02
1.144362071971913433e-04 -1.816746250561684747e+03 9.895598993711454683e-02 1.284263055654639440e-01 1.752861968507155588e+00 1.285993767104571361e+02 6.409026550195993099e-01 8.268543793396736508e-01 4.695716903842582113e+00 2.951823607571966157e-01 -1.012763396142744021e-01 5.302846364700224413e-01 -5.829817363235889616e+00 4.762247922605489237e+00 1.956322179914305082e+01 1.976769598649562454e+02
2.237105291974069083e-04 -1.816075915151262961e+03 7.477901890282792619e-02 1.468561362175785090e-01 1.748217805723417229e+00 1.459865152160553805e+02 6.397525960771307529e-01 8.353665621790293816e-01 4.690131420860412348e+00 3.022021763014983708e-01 -1.003231930055561438e-01 7.260609004354314777e-01 -9.036940053906675985e+00 5.248167348885446337e+00 2.016806717161823315e+01 1.747785378262545350e+02
1.203261736672633903e-04 -1.816696061917750285e+03 3.170550741516647841e-03 1.361854251162533946e-01 1.817109925300425921e+00 1.466343939127729072e+02 8.027732951622617019e-01 6.908001515710833207e-01 4.666311934241649695e+00 3.674212931070215404e-01 -1.377318738028996403e-01 3.942184166117254085e-01 -7.796988257521661581e+00 5.227955162686814816e+00 1.894265209924373039e+01 1.964074675535638619e+02
1.203074933458549574e-04 -1.816696217177167455e+03 1.055040208129247870e-01 1.485905152945634355e-01 1.776087978126550837e+00 1.273377471582527249e+02 6.616537435143290402e-01 8.476280980661046183e-01 4.699951678184289605e+00 2.836933997730208823e-01 -8.911059678122845717e-02 4.956445176354739024e-01 -9.587155025142919840e+00 5.433055193598268495e+00 1.983097095138408505e+01 1.982234139105449913e+02
1.416890983125817269e-04 -1.816532632878283266e+03 6.458094253080584601e-02 1.451850244632712783e-01 1.816693783840842791e+00 1.360337698273984302e+02 6.825676283933237443e-01 8.505126974995269595e-01 4.712340903413097415e+00 2.993543224308223838e-01 -1.057028005530307180e-01 4.634547104981262544e-01 -3.410047377645014421e+00 5.146223169581132240e+00 1.920382133288212145e+01 1.833678423564910531e+02
1.759843154278428496e-04 -1.816315873212855195e+03 1.168007008432521421e-01 1.477062540633143073e-01 1.781031776700874758e+00 1.542432134357632094e+02 6.012656095525962252e-01 8.913887325964096053e-01 4.716537161998548555e+00 2.565610294193665375e-01 -8.553253234396640536e-02 7.911002466385343990e-01 -5.473748166683805039e+00 4.265400688115206229e+00 1.897228398161554708e+01 1.898252728454174019e+02
1.517459227442927367e-04 -1.816464060525698187e+03 3.949524586551317329e-02 1.390812451451468312e-01 1.771497995884547372e+00 1.378488369853319853e+02 7.842747013573522219e-01 7.296742862593945667e-01 4.676626495107846004e+00 3.029382266890765507e-01 -1.142466736327882870e-01 4.004943423061508301e-01 -6.812269069279267342e+00 4.799345645295161056e+00 1.883171285317808241e+01 1.886988681471410985e+02
1.463422571310085587e-04 -1.816500319981815210e+03 9.455875974360639091e-02 1.367975023484218344e-01 1.855138860852035165e+00 1.385246900685334310e+02 6.720573125958949623e-01 8.183530849365634463e-01 4.699443439621585838e+00 3.302763680904912125e-01 -9.035447790153239289e-02 5.505445757436138177e-01 -8.209788973092656761e+00 4.885381139201561140e+00 1.954964815462334471e+01 1.725068557211811822e+02
1.379941874139487066e-04 -1.816559056522953597e+03 -2.704121071106078966e-02 1.338361201816811452e-01 1.742821486949394760e+00 1.481115086016137354e+02 8.410433851097250946e-01 7.180044717787634756e-01 4.698812540407661942e+00 3.048981718669174779e-01 -1.402554574334433646e-01 2.989789802820783104e-01 -7.855402875694437625e+00 5.129511086073179627e+00 1.976302257971562781e+01 1.855900493154223341e+02
1.255978709135335348e-04 -1.816653182784469891e+03 3.693975598221632684e-02 1.489085312250274795e-01 1.825311003257121811e+00 1.530560040307133818e+02 7.468554734741178480e-01 8.440179052245948554e-01 4.729061988350848900e+00 2.821921992913616339e-01 -1.118041854618923026e-01 5.539784519349069125e-01 -4.325794715651113620e+00 5.270321964231827749e+00 1.880538994318348145e+01 1.760899054075293293e+02
2.287033045840744289e-04 -1.816053842536683078e+03 3.882751324170130580e-02 1.346237394858700032e-01 1.786674586192641634e+00 1.436402410011314146e+02 7.616616719488795706e-01 7.704619932006531169e-01 4.683009442470958739e+00 3.105648590360325922e-01 -1.288434106310247795e-01 4.150337505542837091e-01 -6.698826838813630502e+00 5.052866464323346740e+00 1.860765765467731114e+01 1.810340151370997148e+02
1.467079742716313783e-04 -1.816497824045683501e+03 -2.702622079855976356e-02 1.327865353436691598e-01 1.807367216138255017e+00 1.522820314906825558e+02 7.741694134325427523e-01 7.514716494015811765e-01 4.688820906288404089e+00 2.725175413684493009e-01 -1.259368823576243468e-01 4.528474937188610716e-01 -9.437903298067681135e+00 5.324886576361098633e+00 1.997683657196846951e+01 1.927502272496308819e+02
1.679377814209041407e-04 -1.816362674524912791e+03 7.951159462245027676e-02 1.299928886288236607e-01 1.799188652258107091e+00 1.407708730799937769e+02 6.986093254776294392e-01 7.733497441627699143e-01 4.681057717996082168e+00 2.817187543950883111e-01 -9.610924905237894222e-02 5.189086421214619271e-01 -9.067318807436464567e+00 4.955376834773872474e+00 1.952309264084917118e+01 1.795377240894360114e+02
1.480834809179868285e-04 -1.816488491912036352e+03 7.344333779407863361e-02 1.464961104667402425e-01 1.836746541371820030e+00 1.327608981562970882e+02 6.373059313977315066e-01 8.213983484280655833e-01 4.685794943422395775e+00 3.217861956772931631e-01 -8.063811951684640711e-02 5.873156202070545229e-01 -4.871787333059785396e+00 4.744375796180144711e+00 1.923315800683667121e+01 1.754154957180744532e+02
1.529448996207695530e-04 -1.816456190363703627e+03 2.699414530529248291e-02 1.454015009310673789e-01 1.712948901645594546e+00 1.521567975474838477e+02 7.519455033506579067e-01 7.169877476595953869e-01 4.674136569275431974e+00 3.327776199115428657e-01 -1.660776042675689013e-01 5.280507050343339337e-01 -7.221529530697011978e+00 5.140831907790244237e+00 1.881639874387008859e+01 1.963333022583357774e+02
1.315360623826395770e-04 -1.816606987034362419e+03 1.720099109164291429e-03 1.419664370247449015e-01 1.750787951236906892e+00 1.471958317973623593e+02 7.582921055818498957e-01 7.553956902799747741e-01 4.681546967599806486e+00 3.222605318615778813e-01 -1.315067818591590942e-01 4.201995324941023013e-01 -6.269561237471975801e+00 4.523933839068461360e+00 1.890754736915134515e+01 1.780750970389200063e+02
1.193991035506486193e-04 -1.816703796394055644e+03 5.781365763930898516e-02 1.339852581293345113e-01 1.779433459896027081e+00 1.578653378162260594e+02 7.246575531378297574e-01 8.070561937132623154e-01 4.697524460855599493e+00 2.669955245627160245e-01 -1.193883267483868416e-01 5.284885821798204208e-01 -7.843809296656360175e+00 4.609883410129467229e+00 1.890911481216905798e+01 2.023117839522162740e+02
1.287515566608512857e-04 -1.816628383456994470e+03 6.312462865074697227e-02 1.366240870456309209e-01 1.791148291667854053e+00 1.413484323659200186e+02 7.207407754223670304e-01 8.365198806430407252e-01 4.713684811886182047e+00 2.670819457886561832e-01 -9.511818988973330669e-02 4.833083107941164025e-01 -8.202218490548290220e+00 4.604826811443252232e+00 1.882483710605620075e+01 1.728221114702794807e+02
1.697115077165546322e-04 -1.816352168104975135e+03 -1.412791573276497847e-02 1.479263883459725204e-01 1.834496180794981335e+00 1.471100848160825763e+02 7.246829922530407808e-01 7.643450996593161850e-01 4.684811368047530067e+00 3.095209341783957679e-01 -9.868074276525362620e-02 5.041480007963510257e-01 -3.808029994483632663e+00 5.176858025560338028e+00 1.883844389372379879e+01 2.027015782167734699e+02
1.581355620514225506e-04 -1.816422815434201766e+03 8.461186195796410736e-02 1.347554930249220961e-01 1.753008745488770614e+00 1.430755147019823141e+02 6.318934776657187946e-01 8.506240400408116020e-01 4.701953418955270081e+00 3.077997915432357789e-01 -1.039890305396091730e-01 6.123220373762796598e-01 -1.159976285037492971e+01 5.509375784378378604e+00 1.888589571188936844e+01 1.747915272289224333e+02
1.184945773293059651e-04 -1.816711400888440949e+03 -1.988437638535664465e-02 1.279112609584233395e-01 1.794638462994763373e+00 1.520542841881005529e+02 7.868036044986748134e-01 7.545986081746915985e-01 4.687298023041694961e+00 2.837617824008766831e-01 -1.053820051785410161e-01 3.972987955616267275e-01 -4.838098488091389981e+00 4.837175014259509354e+00 1.891002594278490179e+01 2.014545307069841442e+02
1.396677681216694901e-04 -1.816547001569499344e+03 4.664680384999039808e-02 1.495665496423902729e-01 1.763594444212635892e+00 1.329856735652767270e+02 7.227150980355753207e-01 7.506844945867494623e-01 4.688307104630500710e+00 3.142596205527987685e-01 -1.467108374229906254e-01 5.143671111532948093e-01 -8.460164459334492904e+00 5.068737049362947999e+00 1.900429259606639576e+01 1.884386127558901194e+02
1.173472304678826116e-04 -1.816721130765630960e+03 1.502789913368890451e-02 1.430377819334310019e-01 1.821612141007143748e+00 1.368686152210708258e+02 7.641622728832559996e-01 7.804562637420819904e-01 4.713735599158178857e+00 3.147342337577299087e-01 -1.251337060157453607e-01 3.391222762039690086e-01 -5.066993733901057340e+00 4.953362246995274276e+00 1.876333959694797926e+01 1.934718196436160440e+02
1.371102555491920439e-04 -1.816565482699842050e+03 1.136989798534801810e-01 1.337460921821899962e-01 1.696242897342195910e+00 1.506023287607403063e+02 6.571148229431720278e-01 8.101419863427452572e-01 4.692781629242427144e+00 3.122524836268445458e-01 -1.381273531845903513e-01 6.964820067332025966e-01 -6.806063169495757847e+00 5.500083094500785030e+00 1.964867242062972963e+01 1.633501526665547203e+02
1.346667500887586304e-04 -1.816583464878271116e+03 9.039695617142068373e-02 1.495447024065978125e-01 1.772159376873339909e+00 1.288235797231257607e+02 6.635429534779376803e-01 8.185168141319096868e-01 4.696744549301785199e+00 3.087066160442835105e-01 -1.265850449556826796e-01 5.394814944574201077e-01 -8.731189246410281157e+00 4.899590948033605287e+00 1.814225361328625041e+01 2.005045317381812708e+02
1.807827144664267676e-04 -1.816288972249474682e+03 8.456189526800744760e-02 1.367667869469916531e-01 1.803550771937216801e+00 1.469896557118931923e+02 6.312068212389205790e-01 8.027542411484005491e-01 4.670442224462600933e+00 3.276531044101818058e-01 -7.781262555408696713e-02 6.532222851219843252e-01 -6.818217308480967631e+00 4.827584200415624416e+00 1.908085596405895146e+01 1.811433491058316179e+02
1.343461531108824025e-04 -1.816585848385722556e+03 7.205156085134187260e-02 1.476093998778996996e-01 1.743102532572494923e+00 1.419982788793745385e+02 6.747927396049637760e-01 8.153685102378043226e-01 4.695772132957173106e+00 2.989623101454570442e-01 -1.146788496196806673e-01 5.756327566070063018e-01 -1.007504518329943721e+01 4.979299580598395281e+00 1.758702149635782419e+01 1.793859662712164891e+02
1.401608453434481140e-04 -1.816543477428590450e+03 1.213276412793536652e-01 1.301659530099306405e-01 1.716515947436258571e+00 1.562409355789424694e+02 6.194551180882778008e-01 8.702939837165812875e-01 4.708342563001585823e+00 2.700568921343102780e-01 -1.227802391067411847e-01 7.181231847063206386e-01 -1.053298369173754168e+01 5.856088900775269224e+00 1.869157676490029729e+01 1.989326215680070504e+02
1.163531209188312516e-04 -1.816729638374106798e+03 1.431357750088806113e-01 1.494046065504376075e-01 1.771560172183305859e+00 1.337498491401342449e+02 5.745763263381767905e-01 8.500776343056484219e-01 4.681035159426266468e+00 3.352061816898261881e-01 -8.178349706803755836e-02 7.240771418851256191e-01 -8.078640457533737163e+00 5.568499629548306906e+00 1.887101756047282564e+01 1.947766418259047043e+02
1.160897174346823879e-04 -1.816731904768707409e+03 6.678439062083030286e-02 1.458556047204801198e-01 1.818277603302973056e+00 1.316461355215156459e+02 6.943070545184543141e-01 8.330523440527464185e-01 4.706256684327561501e+00 3.088451284900539662e-01 -9.571861726194930142e-02 4.300134528349538465e-01 -8.517529450631371901e+00 5.990978658372725363e+00 1.960459354509158558e+01 2.022348329581984387e+02
1.351153453961884262e-04 -1.816580139263055116e+03 -1.318813320191750127e-02 1.205454215692509379e-01 1.877310978648256246e+00 1.351905474414690502e+02 7.902020461958024766e-01 7.962839473914105071e-01 4.709925588341629776e+00 2.810568324197311174e-01 -9.372131729388555321e-02 3.148693094654423930e-01 -6.694700882065234282e+00 4.835383230286871559e+00 1.951942354661440149e+01 1.975444094254559104e+02
1.998117571277691052e-04 -1.816188892378068431e+03 1.208689103829308220e-01 1.430690627242306168e-01 1.763041756446501296e+00 1.408186931708718816e+02 5.987639365086920851e-01 8.531397669862470501e-01 4.689578897235730182e+00 2.901568211588017032e-01 -1.085083855594346502e-01 7.037876444771554718e-01 -4.641967779843128028e+00 5.223587780450178464e+00 1.841927969016021649e+01 1.929658094187156507e+02
1.585754573788198687e-04 -1.816420037535213169e+03 4.499543719712298384e-02 1.450563574753094553e-01 1.808426145294216525e+00 1.182177656166852273e+02 7.109833819087525431e-01 8.100249457228076988e-01 4.705284932016532196e+00 3.041404211267590973e-01 -1.001586068939128715e-01 3.385569176216900456e-01 -7.181056285339934675e+00 5.397822845491839772e+00 1.903866104100348977e+01 1.663363190816270389e+02
1.201625929156762519e-04 -1.816697422320393116e+03 5.000010326803605576e-02 1.385212989044356802e-01 1.786393482478489503e+00 1.514880302593717829e+02 6.866049247391288191e-01 7.716793677723516875e-01 4.683244930614570478e+00 3.545020853255098636e-01 -9.766123533105597332e-02 6.395354908302545160e-01 -1.026588915510623679e+01 5.002023727297633116e+00 1.881952172007184032e+01 2.019686038556236554e+02
1.207415721703287368e-04 -1.816692615592628954e+03 1.936580178217231496e-02 1.461458017236063334e-01 1.910179773908638801e+00 1.358239536141948349e+02 7.931414450964866525e-01 7.768564509331152834e-01 4.703618425405657888e+00 3.088778863563805821e-01 -7.259600328358351007e-02 3.311539395458980017e-01 -3.679162509169088935e+00 5.004002318582889686e+00 1.949726515149297157e+01 2.032353721613122559e+02
1.222790439349379489e-04 -1.816679962408697293e+03 4.890731974178325059e-02 1.403333987156723250e-01 1.770366707677566431e+00 1.485893361404875179e+02 6.814098740086004247e-01 7.772067423453581370e-01 4.688381051690361012e+00 2.893340266123762827e-01 -1.374127250948500301e-01 5.588504671181067085e-01 -7.436177942758490644e+00 4.327268073048062824e+00 1.924686858442070658e+01 1.906157326228281477e+02
1.390313349805951738e-04 -1.816551568747795045e+03 -2.827814124210320523e-03 1.462378368290334352e-01 1.839114056266908825e+00 1.451105581093681280e+02 7.640663594922012525e-01 7.624365396100607484e-01 4.688862353478153722e+00 3.006619820801637033e-01 -1.244488665981078324e-01 5.336234625852794844e-01 -5.260807221601027095e+00 5.478918675533517302e+00 1.868336568817474586e+01 1.899604045354803645e+02
2.185286891794458852e-04 -1.816099350780526038e+03 5.108781502085482651e-02 1.496483719046380612e-01 1.760913578951254443e+00 1.382389201642283183e+02 7.003641246791900699e-01 7.861350305507102121e-01 4.681290077194006471e+00 3.005289425389476854e-01 -1.339435151247205802e-01 4.561491680474315524e-01 -7.679526843209686149e+00 4.468131630129046350e+00 1.925957284758761290e+01 1.955386984262955536e+02
1.638564238779203510e-04 -1.816387277506812325e+03 1.062158211038830846e-01 1.490867531654699041e-01 1.831792330665652280e+00 1.562113781778614623e+02 6.025971587417848774e-01 9.291233808482197709e-01 4.733390269237190751e+00 2.797423225501729505e-01 -6.911216155901644953e-02 8.787486452636003031e-01 -6.756259711292955217e+00 4.824971399614574885e+00 1.983134438603795147e+01 1.944586209203169460e+02
1.433137977603692677e-04 -1.816521231470999510e+03 8.913251944793518233e-02 1.463334695127972707e-01 1.763089858132361520e+00 1.348075015831029759e+02 6.205218075451180981e-01 8.550802406133246603e-01 4.708892393219361594e+00 2.893082606278039037e-01 -1.022645023887989169e-01 6.235022129194487395e-01 -1.092072525504212877e+01 4.468314138045381689e+00 1.886160432394301623e+01 1.953207146418628497e+02
1.815589400364084544e-04 -1.816284687747553562e+03 8.496716625628977781e-02 1.394869379905860074e-01 1.751010685666440025e+00 1.274274524264555168e+02 6.762236253389428686e-01 7.799784409640897476e-01 4.681142889695489195e+00 3.056490870627621703e-01 -1.204080161701881480e-01 4.718220685198342701e-01 -1.024911483150893332e+01 5.295316955211681886e+00 1.842516817941175589e+01 1.795733387637703515e+02
1.589647971722636026e-04 -1.816417585310759932e+03 6.356512913721620861e-02 1.457220176569526127e-01 1.797686193959052048e+00 1.228672792097736419e+02 6.665885184049910039e-01 8.198911108486579558e-01 4.699808636915443039e+00 3.190712779447069103e-01 -1.198577964398843676e-01 5.148677453781260738e-01 -8.362240690543814026e+00 5.369683556551096970e+00 1.890749871317798281e+01 1.914340797806248702e+02
1.663289557565495705e-04 -1.816372300598394759e+03 2.130656357285598546e-02 1.119637502802937890e-01 1.770438495369123011e+00 1.421503858154687521e+02 7.564669345913949128e-01 7.698814266960236630e-01 4.699905531954488680e+00 2.782867108436246628e-01 -1.117216869772590382e-01 4.297167584866728451e-01 -6.456776259562928999e+00 4.492120983206282503e+00 1.970494603646910647e+01 1.988225200270738924e+02
2.382089104202478238e-04 -1.816013120023507554e+03 3.420432438463577585e-02 1.497186141190184616e-01 1.769644071891002923e+00 1.276877691850514935e+02 7.630509450129893123e-01 7.361257380735981570e-01 4.679119316490613301e+00 3.272054721919150921e-01 -1.183313040575191266e-01 3.450719883300760182e-01 -7.686246202875850031e+00 5.366880022033004849e+00 1.851241558139271604e+01 1.973047008248706220e+02
1.896290968733275800e-04 -1.816241198044466728e+03 2.313894692053819480e-02 1.430449857935651437e-01 1.800701305785585404e+00 1.368430552052326163e+02 7.134518465407384546e-01 7.849220061184902786e-01 4.689143532079984134e+00 3.068036565017380202e-01 -9.821206403704518806e-02 4.011432248388571709e-01 -9.386830480721016556e+00 4.852809129409774158e+00 1.953964754988546559e+01 2.020703282648703691e+02
1.335974620829344448e-04 -1.816591436822498054e+03 1.410094525458232828e-01 1.498299959425284100e-01 1.700558025921760752e+00 1.496200114057858457e+02 5.389126813162684604e-01 9.307991981560082007e-01 4.707384711849321057e+00 2.736861306717357500e-01 -1.041224792804360533e-01 7.818972310195336783e-01 -1.103687217802411169e+01 5.102340193929744139e+00 1.969223567026634569e+01 1.816424811573482714e+02
1.204876979875274090e-04 -1.816694720430705729e+03 4.230150180679079219e-02 1.347398293841299000e-01 1.742655436874972708e+00 1.221579667496256718e+02 7.267514844627498416e-01 7.940557987808984919e-01 4.696448401944346429e+00 3.046210325682101594e-01 -1.169831688136269143e-01 3.637085637262838511e-01 -6.090858703996786971e+00 4.950870071951052331e+00 1.931965321983286543e+01 1.901605404517181626e+02
1.268637330374775690e-04 -1.816643154544827667e+03 2.850049882694200010e-02 9.929798838388317894e-02 1.864396638511681914e+00 1.531318246179415894e+02 7.646959303108749051e-01 7.822021074331149126e-01 4.707164996699480852e+00 3.105134069998083390e-01 -9.738243844478766675e-02 4.678930666133724325e-01 -7.031798329245532386e+00 5.067346854328413919e+00 1.953026267967894469e+01 2.147293863972059569e+02
1.154933626910363298e-04 -1.816737055024602796e+03 9.850900925419597831e-02 1.233516761771076553e-01 1.790000428327369164e+00 1.277687999544856723e+02 6.853416181516518435e-01 7.733609020882112883e-01 4.680682011655675545e+00 3.255042806441859060e-01 -9.883060339233740166e-02 4.734532224356750030e-01 -9.339870614859876241e+00 5.357390158350239240e+00 1.917130706621950154e+01 1.893661768074087490e+02
1.447388833446608956e-04 -1.816511336772531649e+03 5.689009246929038754e-02 1.459285793508830753e-01 1.766613899682624833e+00 1.451172693801490823e+02 7.268474711286802004e-01 7.863146817357089535e-01 4.709635623714889974e+00 3.192894710874158992e-01 -1.147302189821863827e-01 4.739015166791433198e-01 -6.942519557176808576e+00 4.389742302966848086e+00 1.871346773655935181e+01 1.934992525751906385e+02
2.198321445816638531e-04 -1.816093403811073586e+03 6.656050986972122940e-02 1.363216761763116069e-01 1.876101158048848916e+00 1.539702634099244278e+02 6.457555246485816580e-01 8.361160760979857720e-01 4.701784293777973467e+00 3.328460049328032522e-01 -8.247150406441328130e-02 7.522578076229708977e-01 -6.908154888913657032e+00 4.697715152137571515e+00 1.921145293917969710e+01 1.983931695901262060e+02
2.281799659786309454e-04 -1.816056133444965553e+03 9.668065063234962397e-02 1.114985137782081581e-01 1.693411556174650556e+00 1.519136252533477887e+02 6.528817249620909591e-01 8.176038960905076536e-01 4.688964944313977590e+00 2.681703669887633978e-01 -1.053540465193123499e-01 7.032632051942165896e-01 -9.198407060817004322e+00 5.491189696543052889e+00 1.989636912027215132e+01 1.774439272897767523e+02
2.047290779664404981e-04 -1.816164580552836924e+03 3.492107559279364337e-02 1.207951007227361095e-01 1.740830829421028625e+00 1.388639491424730750e+02 6.770673889356192410e-01 8.086019474261909590e-01 4.696071111805141030e+00 2.879586685963180237e-01 -1.114000188511834466e-01 5.553695040647311787e-01 -7.201952997997977945e+00 5.147380899434339518e+00 1.918735912158242485e+01 1.682184394850069111e+02
1.182054072653851640e-04 -1.816713844236363229e+03 7.703771393834477066e-02 1.345317906310617151e-01 1.780310101313526516e+00 1.184321646259352576e+02 6.978281955892540189e-01 8.187199496526817999e-01 4.701929137016843008e+00 2.889164096268976856e-01 -8.607083384049607488e-02 3.764912170554738369e-01 -9.550589471165324085e+00 5.287999764954087745e+00 1.874260220798284848e+01 1.911787785361329668e+02
1.424866945532625776e-04 -1.816527019463241686e+03 2.164856355145317046e-02 1.128680451690189102e-01 1.829620200863420365e+00 1.562656735811507644e+02 7.555045970060870753e-01 8.291473082115452531e-01 4.731255097273320054e+00 2.651895599874820597e-01 -9.410962214114682034e-02 6.105444688908721051e-01 -6.855766991399974586e+00 4.754607761174756142e+00 1.923962504854248579e+01 1.858276117448097864e+02
2.242185164032659472e-04 -1.816073646991032547e+03 5.153041140118941321e-03 1.446494958167192924e-01 1.850353846628944865e+00 1.249951196734423178e+02 7.725140275464007500e-01 7.759211274753101684e-01 4.697806754321220524e+00 3.141746433982175457e-01 -1.056900961102131831e-01 3.446163007971677628e-01 -8.146672857991461569e+00 5.304117451217504886e+00 1.861598402931885587e+01 2.080648995421370273e+02
1.314617489277104367e-04 -1.816607552160410705e+03 7.121071916859519901e-02 1.269405715492799291e-01 1.770500559619643255e+00 1.648592888188298389e+02 6.432468273852520735e-01 8.607586352087706061e-01 4.711193008433038898e+00 2.995830151676670550e-01 -8.800954407017691494e-02 6.770327093464352242e-01 -9.097344787638292019e+00 6.006069192968088721e+00 1.900866334340189923e+01 2.090605378903017595e+02
2.508470172834975013e-04 -1.815961424826613893e+03 9.574788933427233473e-02 1.471771969300194327e-01 1.805680604682984303e+00 1.197116206699224534e+02 6.425991403280481018e-01 8.111856068090574912e-01 4.683173136522016833e+00 3.108056882819996147e-01 -1.004843559437733624e-01 4.876386834842024176e-01 -5.395914310268807412e+00 4.895569365471419410e+00 1.923259637809027112e+01 1.873260363211013555e+02
2.236182238593395391e-04 -1.816076327847020821e+03 2.883635642558463053e-02 1.223992184413928708e-01 1.868794441991782129e+00 1.476717677157537878e+02 7.537093199426081469e-01 7.552511954358802626e-01 4.690536078992558089e+00 3.104922695642404751e-01 -8.338872609924652402e-02 4.663477254717396936e-01 -8.395382631017923813e+00 4.975847545975242703e+00 2.031310503978367521e+01 2.023971931353904097e+02
1.871428752066721683e-04 -1.816254395723370862e+03 1.186982882924918770e-01 1.461931468319358773e-01 1.784611156517112107e+00 1.565545383723770954e+02 7.154474786957796262e-01 7.979469317443859122e-01 4.702642562037119944e+00 3.046893647198132271e-01 -9.244556930575509313e-02 6.932185125432560602e-01 -9.412192711301912595e+00 4.634829413730612302e+00 1.895089390195570189e+01 1.935924587254222899e+02
1.323342818970016019e-04 -1.816600936927054136e+03 3.904963686612294982e-02 1.461954170293042476e-01 1.768107137989116673e+00 1.262053908569040033e+02 7.350764717219789857e-01 7.700085889640768677e-01 4.691809560054806205e+00 3.241194436977514748e-01 -1.188337745858794037e-01 3.338408440792510756e-01 -6.566141560857516879e+00 5.510110272163082357e+00 1.856241932735591860e+01 1.761666045089013153e+02
1.399786600719293730e-04 -1.816544778104101624e+03 2.362635827885301021e-02 1.451338823608603057e-01 1.759001904066719746e+00 1.339788566981544022e+02 6.753573696368887491e-01 8.154430257561715578e-01 4.698223606805823849e+00 2.967050047796124801e-01 -1.189020158596101329e-01 5.586688216933838325e-01 -7.221470195174561013e+00 5.444316385250225210e+00 1.915920485043553967e+01 1.878702517183634768e+02
1.304089643056876712e-04 -1.816615592695229680e+03 1.099817918413184548e-02 1.328881357471057012e-01 1.719056872880535991e+00 1.578134507591171030e+02 7.598448340162715642e-01 7.826401068598063393e-01 4.699216947711303938e+00 3.211376269760641833e-01 -1.358643808401023279e-01 4.987841602123215257e-01 -6.711540208041554934e+00 4.589759154980388445e+00 1.853502590925138094e+01 1.896364414627657027e+02
1.947156279880742839e-04 -1.816214727910861711e+03 6.275246080667040705e-02 1.400570478693010934e-01 1.823716170881192866e+00 1.195462453767675584e+02 6.945769891188393608e-01 7.914601179660101238e-01 4.698258956992795277e+00 2.967359454033471344e-01 -1.034636709793517184e-01 3.880837429335398658e-01 -9.327735106506793272e+00 5.250157536497712663e+00 1.883134996828261620e+01 2.006152119099133699e+02
1.343351019740330254e-04 -1.816585930647783243e+03 8.261088773228669746e-02 1.409373461110809689e-01 1.762195194212917038e+00 1.403967734462213457e+02 6.316483234758097920e-01 8.195608378183751874e-01 4.684843673072556669e+00 3.217849524087958990e-01 -1.074349385591693018e-01 5.494954593343542859e-01 -1.027237474886868540e+01 5.104828809261441336e+00 1.913603260393204053e+01 1.724823306831894172e+02
1.256142478626072771e-04 -1.816653052401037939e+03 1.182088164070214942e-01 1.386475493724304286e-01 1.780697526103007355e+00 1.451574939563509759e+02 6.523496822278550544e-01 9.049119643808707369e-01 4.720654975746207072e+00 2.740377623577983091e-01 -9.059051662829187279e-02 6.243035496986245603e-01 -7.969911245831383440e+00 5.014494962153559499e+00 1.950254278368113248e+01 1.821380133419550020e+02
1.746309114148909326e-04 -1.816323593417977008e+03 6.068544808528270051e-02 1.321272753450412896e-01 1.911308249444558349e+00 1.506380846009513732e+02 7.106643815938967768e-01 8.060841664283360242e-01 4.701908615848889639e+00 3.119328127891700664e-01 -6.525640007983501967e-02 5.588532216197472646e-01 -2.089311039681462034e+00 5.376338420773563165e+00 1.900910597720850603e+01 1.845842221194808985e+02
1.269616158761298862e-04 -1.816642383283455047e+03 4.520491721668920548e-02 1.435228366739774442e-01 1.745977841790681495e+00 1.293077116017448418e+02 7.314969963142400333e-01 8.131414456841750127e-01 4.704411729754668592e+00 2.763933670887745997e-01 -1.135350675843063151e-01 3.964314674820634266e-01 -7.771850276835351679e+00 4.621958772993206566e+00 1.956461876923121324e+01 1.849405469996196985e+02
1.586890537962989023e-04 -1.816419321436069822e+03 3.291166082010571481e-02 1.499102393314918069e-01 1.891246323107451666e+00 1.441823472484863657e+02 6.914988572420646129e-01 8.510309267878413131e-01 4.722353175547026716e+00 3.147878377510104908e-01 -9.603536637195819736e-02 6.011803025819192348e-01 -5.605137635685451869e+00 5.497903555711225465e+00 1.924346641304886063e+01 1.953376410063134472e+02
1.490269303001325756e-04 -1.816482141057151694e+03 9.271179593040659861e-02 1.274588623856544312e-01 1.753782277735801642e+00 1.495665442451336276e+02 7.252324976390902567e-01 7.898823096938052402e-01 4.695238562068461796e+00 2.970439372102702258e-01 -1.085879825925499809e-01 6.986956538151690710e-01 -9.752600496422275000e+00 4.765803177958161108e+00 1.876842825197777387e+01 1.790199176249175252e+02
1.322470333584585967e-04 -1.816601596448620285e+03 1.148343396491862956e-01 1.385668737128041561e-01 1.727089950208885227e+00 1.477909634071800440e+02 6.110767111042874067e-01 8.643202296018623887e-01 4.709692757865673762e+00 2.824891860436982149e-01 -1.057148580971074558e-01 6.414869505861074961e-01 -6.151699849717431334e+00 5.971735704329961258e+00 1.954514562075149087e+01 1.731548097189550219e+02
1.677264411930631078e-04 -1.816363933761027511e+03 2.017314558187494056e-02 1.178523465153083760e-01 1.869770486614647176e+00 1.442820570137934624e+02 7.447587249136667920e-01 7.798150223732711606e-01 4.700867314721481449e+00 2.950236654342230924e-01 -8.618837492527564592e-02 5.368627009169787412e-01 -5.338130010601730646e+00 4.452057955871335793e+00 1.879618889817713523e+01 1.973636332410960676e+02
1.256690551510570805e-04 -1.816652616181928579e+03 9.927788460983530405e-02 1.156473184131031895e-01 1.765948955873133386e+00 1.379881924123444037e+02 6.548934498507547053e-01 8.545174587591941595e-01 4.697723099526173840e+00 2.679077495667758768e-01 -9.345040203824073188e-02 6.105325341120286797e-01 -7.809318727673030480e+00 4.785842347119428908e+00 1.874170722922652388e+01 1.846094010008959572e+02
2.140461452161226182e-04 -1.816120076463407258e+03 6.492374091108923939e-02 1.388363288156101161e-01 1.856331191761942279e+00 1.475063108448220532e+02 6.696260603950356938e-01 8.301401022825642961e-01 4.706126082547966938e+00 2.759387211970609766e-01 -9.788917433885191421e-02 7.228532193477122947e-01 -7.551550091796087827e+00 5.317107102040807831e+00 1.962332241030395608e+01 1.821298350758782192e+02
1.265831080096295512e-04 -1.816645369014271182e+03 6.716578366429792890e-02 1.495226774006794546e-01 1.780600810552644298e+00 1.479776142986833634e+02 6.944188220257283550e-01 7.910251449811602775e-01 4.687088958093271529e+00 3.194178570222856450e-01 -1.035998429543845134e-01 5.413101831301595501e-01 -6.315643697210930441e+00 4.311154195327904226e+00 1.942948815461820189e+01 2.152848099120218137e+02
1.316436870729088479e-04 -1.816606169154593999e+03 7.814518487610161435e-02 1.483850499932143630e-01 1.779909051521647356e+00 1.318511227933528858e+02 7.211118782229858359e-01 7.547781758242673167e-01 4.675904846423319050e+00 3.489779008217992473e-01 -1.304214670517693797e-01 5.050354850380943672e-01 -8.705397565936578985e+00 4.875272402571573238e+00 1.908646011808446019e+01 1.781791839856434763e+02
1.726788670074497776e-04 -1.816334834477595450e+03 9.196245812251732654e-02 1.499911646015457400e-01 1.871759793294765828e+00 1.475202672165005993e+02 6.089729149085809645e-01 8.641698780310471673e-01 4.696804128745124984e+00 2.909395517964028510e-01 -6.882386672302254205e-02 6.516729369397015192e-01 -5.223875635471586065e+00 5.068636861048192443e+00 1.794617019174982175e+01 1.870235563301365573e+02
1.191401944993982913e-04 -1.816705967182307631e+03 -3.015431379469066253e-02 1.323425293573968486e-01 1.922287468691112444e+00 1.514956576863760063e+02 8.270570832838447517e-01 7.272615273245386369e-01 4.697290698034070289e+00 3.323177997156132601e-01 -1.033493183963247741e-01 3.724265881712293114e-01 -8.282333901507655582e+00 5.112371865584441899e+00 1.912384782146103746e+01 2.109901631690312911e+02
1.162384682511107177e-04 -1.816730624245327817e+03 4.613462800177392520e-02 1.493531681481341800e-01 1.719870241732917471e+00 1.242932592507749092e+02 6.944620563548477010e-01 7.948254808147934281e-01 4.697980094905892301e+00 3.099628956563895699e-01 -1.222823919629787426e-01 4.060525890819702277e-01 -7.523429676239430819e+00 5.302317341914553062e+00 1.908408188466970046e+01 1.841914938232579573e+02
1.660060546718634543e-04 -1.816374243825416670e+03 1.102582545192232477e-01 1.491672053870898573e-01 1.673199402150620685e+00 1.516690130844213797e+02 6.073318497511396297e-01 8.216180211185579729e-01 4.694739644248186572e+00 3.129496262907436321e-01 -1.364399899828347973e-01 7.393110931303856770e-01 -8.427030346351756407e+00 5.440687386009113169e+00 1.925981257620157550e+01 1.882259801318811867e+02
1.739901197512283353e-04 -1.816327269572471550e+03 1.222341420056434480e-01 1.331634590123375317e-01 1.780167698949429500e+00 1.411791604107804119e+02 6.324301957728187817e-01 8.387673166179245854e-01 4.691737969386978513e+00 3.072168848900937999e-01 -7.279086013383917475e-02 6.400124198781232954e-01 -8.697002026392937069e+00 6.021680745256330347e+00 1.930208392096366410e+01 1.807361572269971930e+02
2.029112616655204238e-04 -1.816173499338216971e+03 3.730601177962267201e-02 1.427230701218658859e-01 1.878862216939383600e+00 1.516378950641306460e+02 7.195482686508124504e-01 8.022430435488134837e-01 4.698781662708356066e+00 3.443631367026476209e-01 -8.155614609392869419e-02 6.064647887184556607e-01 -7.278642267819805056e+00 4.454501738326621663e+00 1.832490222533633784e+01 1.796181946118053929e+02
1.286470472827023202e-04 -1.816629195500123615e+03 6.367007698616686251e-02 1.377194925482999877e-01 1.843847619597599241e+00 1.506317416139357590e+02 6.980243279960822722e-01 7.428261917435161621e-01 4.660684494136124734e+00 3.457630435191030305e-01 -9.967593698865284679e-02 6.822893882717575575e-01 -7.119528432314268684e+00 4.952271488152359957e+00 1.905145779284633889e+01 1.908140981544137560e+02
1.447851052306032063e-04 -1.816511017476803772e+03 1.006358092893681333e-01 1.400562618898253120e-01 1.824555794105080508e+00 1.387027162641882683e+02 6.708721695292025888e-01 7.820226061409494278e-01 4.676123095839765043e+00 3.437387022031419548e-01 -9.077724335491410557e-02 5.464460724875314090e-01 -5.282724555901495478e+00 5.671218503606856309e+00 1.879385110063902431e+01 1.934356699748982464e+02
1.271315055057487778e-04 -1.816641046059889050e+03 2.110567421868492222e-02 1.274742969345898091e-01 1.863416932771487566e+00 1.300028718176749862e+02 7.863627983440436564e-01 7.367508898399364181e-01 4.692003976083972461e+00 3.169120716281468297e-01 -1.055796772598944777e-01 2.668058311914478509e-01 -7.399923717829381076e+00 5.019751037994457654e+00 1.911292761969529863e+01 1.966639445197636462e+02
1.643723793531417317e-04 -1.816384133627328765e+03 8.158265306411255358e-03 1.484561636947922814e-01 1.812868006543962629e+00 1.433546615482835875e+02 7.433406361914115523e-01 7.929391609640865646e-01 4.693136355683643401e+00 2.823444902945675405e-01 -8.140329264266599196e-02 4.828884829482175123e-01 -7.965115691900905404e+00 5.038978700383833775e+00 1.954773929852693470e+01 1.907102487073517523e+02
1.270007172194321165e-04 -1.816642075353195196e+03 1.363426041219006901e-02 1.365690506274889471e-01 1.861504688424502341e+00 1.499085638399873801e+02 7.741190626983566192e-01 7.843291225773589836e-01 4.708151134391058257e+00 3.001059864706139280e-01 -1.010151343174809924e-01 4.202133341224691399e-01 -7.331615741492811367e+00 4.872611100044887955e+00 1.849937937382794928e+01 2.233534076817348364e+02
1.175827857097203624e-04 -1.816719125442304403e+03 4.317215335065482940e-02 1.406801824714577764e-01 1.867919386999339793e+00 1.286450703638575703e+02 7.166060172223533975e-01 7.886452977519968766e-01 4.701090994906225617e+00 3.089937710939063553e-01 -9.225402128640913801e-02 4.698679939752650747e-01 -5.027083146808934089e+00 5.295118596236103592e+00 1.987277474523008181e+01 2.031849885886896061e+02
2.153849277718611506e-04 -1.816113841297964882e+03 1.321815203137033379e-02 1.492300653068363847e-01 1.901105825527313442e+00 1.345505003607828201e+02 7.190366363339374400e-01 7.990984221124430853e-01 4.695548684371214421e+00 2.996999088540424072e-01 -7.954123119427225497e-02 4.650380645054031925e-01 -8.239855911159310153e+00 5.257184030813322195e+00 1.981333209769131543e+01 2.054288906773115286e+02
1.256348866050203408e-04 -1.816652888111974789e+03 1.006304506002992649e-01 1.483647460637297077e-01 1.794163269306092268e+00 1.488657456979321978e+02 6.297944348761871369e-01 8.490000571495111004e-01 4.702326543713175155e+00 3.340104143424715843e-01 -8.874336207525246323e-02 6.332768051347666960e-01 -4.110435247112746993e+00 4.613920080177136285e+00 1.874049038146230473e+01 1.797220241781759569e+02
1.380653940238641959e-04 -1.816558540644380400e+03 4.839928505677457138e-02 1.322036090106205874e-01 1.856115989107369302e+00 1.494154858881522898e+02 7.358857593449232848e-01 7.977115860547590032e-01 4.705313401865548251e+00 2.918055903275380558e-01 -7.904561836512002948e-02 6.812152063850811512e-01 -9.243314521326936983e+00 5.055236217119785103e+00 1.861033004181411599e+01 1.886953965849815802e+02
1.213177939798491296e-04 -1.816687854587862830e+03 7.020001386175928060e-02 1.462821522591166989e-01 1.780059372284752861e+00 1.231110172950286312e+02 6.933058845311838025e-01 7.906013217604050958e-01 4.685785102385499279e+00 3.345305819536783520e-01 -1.098155689415278857e-01 4.588607532437018466e-01 -7.096880918160934471e+00 5.343714419887568567e+00 2.011947561871618717e+01 1.878766162566927278e+02
1.242382845593577247e-04 -1.816664066715764420e+03 5.728949636913538423e-02 1.422149664420253312e-01 1.828148911839930335e+00 1.382255000989635789e+02 6.383493635423604928e-01 8.673832236235896609e-01 4.700783492115784057e+00 3.017509423796522761e-01 -7.647334944187789141e-02 5.263468768466604830e-01 -7.054832324665397891e+00 5.220845496220372084e+00 1.959395505450389763e+01 1.931079822572338003e+02
1.737469763128101784e-04 -1.816328668005257668e+03 1.144338003240464585e-01 1.454512087686358479e-01 1.766512441481920881e+00 1.508887872459475830e+02 5.800600195272601622e-01 8.246910604174317871e-01 4.676855555691579625e+00 2.924296932406076355e-01 -1.005864307913939548e-01 8.049183332499980636e-01 -1.063539108635453090e+01 5.003027814558969055e+00 1.922047210664379335e+01 2.110231189050855107e+02
1.562406101316848211e-04 -1.816434870895381437e+03 1.089037238340811731e-01 1.481971741647628293e-01 1.785468755720450496e+00 1.334727307714744313e+02 6.711659127145215287e-01 8.082746635464339580e-01 4.684892312573325057e+00 3.189461418539880633e-01 -1.253218418075623397e-01 5.383881031218893387e-01 -7.877377129480521489e+00 4.944922358626202552e+00 1.945727912823513961e+01 1.787140381940592988e+02
1.418939762349996636e-04 -1.816531187954545203e+03 -7.459634007192739169e-03 1.121957960106047814e-01 1.782883138991238958e+00 1.430135893060708270e+02 7.577319102834021436e-01 7.778609626128787369e-01 4.706106381191131227e+00 2.751625627143503561e-01 -1.114539972377701638e-01 4.806402116967936622e-01 -6.110066044936559138e+00 5.594181974251211109e+00 1.917223204573259565e+01 1.941038520191603709e+02
1.384431208689238131e-04 -1.816555808525406292e+03 1.415677965892934986e-01 1.440505072595641145e-01 1.724183187687144070e+00 1.388330413591850743e+02 6.527001538883077103e-01 8.138314557445411879e-01 4.689994527540608971e+00 2.936082233559316190e-01 -1.146904894057547697e-01 6.389639561624401720e-01 -9.875089727420601093e+00 4.683412306960899052e+00 1.952220160913375935e+01 1.890926767146766565e+02
1.442402121924508539e-04 -1.816514788037034123e+03 5.373425745295848377e-02 1.490689246618470964e-01 1.791755903399513628e+00 1.499397601775750957e+02 7.313633572472183486e-01 8.092745661712901217e-01 4.703190167859073512e+00 2.911535479364919521e-01 -9.332216123543646269e-02 4.562766041854692811e-01 -4.460892762985650961e+00 5.331875036896915887e+00 1.987197841856469438e+01 1.823875211238141674e+02
2.001079304150046303e-04 -1.816187411213971700e+03 4.085260738762963584e-02 1.461414762725762595e-01 1.813054922945537051e+00 1.516786114158258272e+02 7.438710979065291662e-01 7.694809108789624208e-01 4.688829647805079048e+00 3.409019215605821884e-01 -1.199694246496276762e-01 4.779944737471318872e-01 -7.582008898352199822e+00 4.025342089030381487e+00 1.945034783563448499e+01 1.866030492959577316e+02
1.992002880532163067e-04 -1.816191957295835209e+03 6.530414047947047385e-02 1.455946379042864780e-01 1.899680160516743932e+00 1.427125896640064582e+02 7.531900036872866133e-01 7.714802463598904314e-01 4.688934662983738733e+00 3.226433843320750672e-01 -6.089762684875910104e-02 4.750959895992895587e-01 -7.601872460396236875e+00 5.128161253558860544e+00 1.862218117193459221e+01 1.833156550736074735e+02
1.844119393062799127e-04 -1.816269096031228173e+03 1.764577484802595797e-02 1.494729239069067794e-01 1.803061035578698679e+00 1.258303908184670235e+02 7.473206414528191788e-01 7.909179520150566578e-01 4.693054674611527588e+00 3.107429830347414601e-01 -1.065363441717592785e-01 3.212576462071383143e-01 -5.962668476818294039e+00 4.917047010683628372e+00 1.899944564959621474e+01 1.928226327903877007e+02
1.754872764572980217e-04 -1.816318701545576005e+03 4.766730279230940726e-02 1.463374672390475306e-01 1.792804235898043608e+00 1.457030558147941406e+02 6.940083405710057995e-01 8.139086638360009118e-01 4.693474316410859437e+00 2.939123563254339988e-01 -1.190946438334847812e-01 6.051118042301266708e-01 -7.642788787510454540e+00 5.369820888015186533e+00 1.758402680143633745e+01 1.937415702758120801e+02
1.441819654324418703e-04 -1.816515191936354768e+03 4.913997489550792075e-03 9.207152930174611338e-02 1.878922898124430141e+00 1.567484573608972198e+02 8.113273939865648376e-01 7.855454785621871494e-01 4.720073428894333567e+00 2.751149921568714074e-01 -6.942189621818095624e-02 4.062139692988114836e-01 -6.068236408537757143e+00 5.242191540941854022e+00 1.904281090792303388e+01 1.998759309594802005e+02
1.481103672989331199e-04 -1.816488310366192763e+03 9.620743564732675557e-02 1.380942142480803547e-01 1.673907265849764237e+00 1.513898423754638429e+02 6.709608713789433354e-01 8.146990716272304311e-01 4.691370510408853001e+00 2.657432980580016757e-01 -1.286086410436966254e-01 6.763120066112083828e-01 -7.253598080456470143e+00 5.152435087247608791e+00 1.842877934058939715e+01 1.833391111241404872e+02
1.161918978798819215e-04 -1.816731024970694534e+03 4.098619031712161243e-02 1.365153483701990467e-01 1.790900652773765422e+00 1.247742506309460566e+02 7.047223113436186237e-01 7.805695877460563370e-01 4.694425074905067774e+00 2.928284029327863358e-01 -1.099306238674899738e-01 4.684682212856955963e-01 -6.425477826280456384e+00 5.093382471323293359e+00 1.989666546041723905e+01 1.874770095035322015e+02
1.330634995936523870e-04 -1.816595441632197890e+03 7.429692433088069814e-02 1.498333542933645568e-01 1.816277331705459019e+00 1.444736197764228507e+02 6.812734952253365339e-01 7.998489521379550382e-01 4.704673550675144256e+00 3.064476757114764638e-01 -9.307031105419927286e-02 5.455313932372792829e-01 -8.863486310652263001e+00 4.897244750011187087e+00 1.923968650254481716e+01 1.605888735789351358e+02
2.036497370380528507e-04 -1.816169866544185879e+03 2.792289346976317699e-02 1.248707902070151643e-01 1.752433859660909476e+00 1.279288510313597556e+02 7.433425361076053672e-01 7.851904612710050024e-01 4.697997544694018757e+00 2.881918115568686822e-01 -1.334782277360120339e-01 3.737512928971047921e-01 -8.988443145736312090e+00 4.984822837310165511e+00 1.834573303868580751e+01 1.946790709144454752e+02
1.328954344815319773e-04 -1.816596705474941700e+03 3.786395024931815678e-02 1.274723487395222621e-01 1.928638285150349851e+00 1.470950795519092082e+02 7.679490927930752164e-01 7.387366460840993909e-01 4.685907357184653677e+00 3.480130954316134062e-01 -7.284158333327628299e-02 4.611643311993407490e-01 -7.981031802169098910e+00 5.167581675684984610e+00 1.937234880144744764e+01 1.905783742569668959e+02
1.874249733832847277e-04 -1.816252889463658448e+03 8.878936976846102391e-02 1.248141970733294415e-01 1.813256913561356320e+00 1.582767778036830464e+02 7.023321883281878897e-01 7.887496770369446519e-01 4.685925252899655113e+00 2.965249563461465065e-01 -7.264905841855240354e-02 6.270088531582610480e-01 -9.469025349634307531e+00 4.723114436017472606e+00 1.845799820404814184e+01 1.913603074593490589e+02
1.999872039787947329e-04 -1.816188014702639748e+03 1.246137742022840611e-01 1.427322354158555295e-01 1.832497575101964316e+00 1.477486191112725464e+02 6.029816072048722608e-01 8.545979818697222452e-01 4.699970018785840864e+00 3.155749726936880606e-01 -7.278394701864510097e-02 8.455788225554079496e-01 -7.364533429818521881e+00 4.576560642978289017e+00 1.954468280004761738e+01 1.820248940423193744e+02
1.601345255192176693e-04 -1.816410253840567293e+03 7.263061864853923022e-02 1.307768258775300618e-01 1.796658540467199749e+00 1.287551713569793890e+02 6.864334183641197518e-01 7.747299669826390733e-01 4.681971352684088039e+00 3.110411723719865851e-01 -1.029115233232649196e-01 4.971994470850694126e-01 -9.125266567928861150e+00 5.897645251762950735e+00 1.926621401827311075e+01 1.833564082197859477e+02
1.227640300481805293e-04 -1.816676004029146952e+03 1.007010590807388972e-02 1.172647303700194710e-01 1.824145065161650869e+00 1.246967071706901322e+02 7.770979499468460006e-01 7.441044137792722779e-01 4.686042414931408828e+00 3.168711104414518864e-01 -1.163400800446467986e-01 3.149053351971080050e-01 -8.680947615930534766e+00 4.685217198529101346e+00 1.852090385751914425e+01 1.909067178744292619e+02
1.254206894780011971e-04 -1.816654594484582276e+03 1.235602999695724902e-01 1.291801951057417741e-01 1.812159601589029556e+00 1.456678222745620417e+02 6.759175941003703336e-01 8.173148644376400096e-01 4.698001216597547547e+00 3.145994421204405533e-01 -1.025534889298689301e-01 6.924366143103395377e-01 -6.309772198193343229e+00 5.429518148923562215e+00 1.938583980227526382e+01 1.920854608794273588e+02
1.166672975441437014e-04 -1.816726941813712983e+03 6.047939709195965241e-02 1.422731884514666090e-01 1.752053021160579149e+00 1.186358827693064057e+02 7.170620533486685710e-01 7.637775639289781093e-01 4.684893786053124565e+00 3.063872548743324931e-01 -1.089556150218444763e-01 3.807465513474710406e-01 -6.970944693309149898e+00 5.179895257468758452e+00 1.869052145066030235e+01 1.887798261263711197e+02
1.996446633396025002e-04 -1.816189728983962596e+03 7.480186975090782897e-02 1.496967539162799843e-01 1.782668337736640574e+00 1.243627856359994013e+02 6.706437760822444583e-01 7.924319397708710078e-01 4.691779568319891069e+00 3.472054804997550814e-01 -1.194983799650746192e-01 4.980397700851882936e-01 -8.022503201852288157e+00 4.956563038655104059e+00 1.895219628179889426e+01 1.879546689596891440e+02
1.473940425455893036e-04 -1.816493158525019226e+03 2.311788133710473980e-02 1.287447713825387308e-01 1.759536844429188562e+00 1.495284659084747716e+02 7.446813411672615901e-01 8.053530995114592805e-01 4.713070294143294703e+00 2.548803245346507040e-01 -1.113630586536886735e-01 4.558301054581556655e-01 -9.807463398928547349e+00 4.734551992785496211e+00 1.917420023240490323e+01 1.812484392118830385e+02
1.703712158884411834e-04 -1.816348288407750942e+03 4.733971045656498733e-02 1.349079698082479017e-01 1.787149974799160823e+00 1.305031411723308565e+02 6.816965403576862315e-01 8.047959834068294516e-01 4.706072681551519921e+00 3.079247784511158770e-01 -9.493572039173692190e-02 4.699420225237844195e-01 -6.562829310979196862e+00 4.825298971830704886e+00 1.895086642859011761e+01 1.976850111464922861e+02
1.626239207115552600e-04 -1.816394827786894211e+03 9.965227628498718460e-03 1.176752910133357644e-01 1.827766443301348076e+00 1.260878041834558729e+02 8.019389512936924147e-01 7.353384275699896833e-01 4.686848139504258270e+00 3.139207165759092533e-01 -1.127585001183737390e-01 3.045055081766879224e-01 -7.787374400863456003e+00 4.871704634250573207e+00 1.884147373535538605e+01 1.772754583918455467e+02
1.224824252010199392e-04 -1.816678300535089420e+03 6.139150918937166801e-02 1.401005129830396323e-01 1.851477658514403046e+00 1.349089778605965080e+02 7.017396338510645259e-01 8.427770101087423971e-01 4.717636228881842975e+00 3.150467223586426169e-01 -7.139936251225131869e-02 5.082220262979822989e-01 -8.076806841998092068e+00 5.888062971854179928e+00 1.961881428545586559e+01 1.889994439804062552e+02
1.669354308775991710e-04 -1.816368660990834769e+03 1.488886891355525877e-02 1.364946920223761573e-01 1.859726613846037324e+00 1.512278859844412580e+02 7.916714702027780604e-01 7.871723187073957906e-01 4.711939348339630129e+00 2.958440978771654795e-01 -1.032396002482163233e-01 4.039787746109236855e-01 -1.030403514258421183e+01 5.084593536207937525e+00 1.984431940528652660e+01 1.961250378775611978e+02
1.699811880554064091e-04 -1.816350580314605395e+03 1.209797734208059861e-01 1.243989651730830481e-01 1.814332447127607217e+00 1.496055552278891980e+02 6.199777049141312890e-01 8.477367354101299490e-01 4.697750463504909213e+00 3.238492929090097672e-01 -9.558234684918787138e-02 7.474367974003661708e-01 -8.331682412554016537e+00 5.469584328232968140e+00 1.894699893946694047e+01 2.029843413813816539e+02
1.774774680231710491e-04 -1.816307424426891657e+03 4.190327370730059786e-02 1.435612413337596094e-01 1.810705746554440054e+00 1.492905353706168228e+02 6.877207294122443804e-01 8.252666881884482830e-01 4.705627584699751509e+00 3.381857987169181179e-01 -1.006938005715474205e-01 6.526636210532086313e-01 -4.728470732730301052e+00 5.017053124297454758e+00 1.924181672147484790e+01 1.982451384834665760e+02
1.653568706787104925e-04 -1.816378162096134702e+03 8.900877528145967332e-02 1.251327997902181022e-01 1.805256872766368481e+00 1.316392661626721008e+02 6.824296303625032589e-01 8.183201965704511860e-01 4.687840114005216385e+00 2.883021308023629992e-01 -9.216277929881311337e-02 4.827598620359894177e-01 -7.917318643878445528e+00 5.407459406518100309e+00 1.933265035648257424e+01 1.957865299364573843e+02
1.212281532293105050e-04 -1.816688593753003715e+03 -1.358416376587984198e-03 1.008933524327631226e-01 1.772696065852453096e+00 1.608306275201291555e+02 7.962263573591242816e-01 7.794407288561442382e-01 4.715801410112224090e+00 3.021685201357269257e-01 -1.311200072503113656e-01 5.911470534820543188e-01 -9.870084519952655455e+00 5.240649602314850775e+00 1.911433877319556984e+01 1.865107402879926326e+02
1.664300330013832193e-04 -1.816371693088146458e+03 3.147762243159335505e-02 1.217585078057381864e-01 1.802544461512801455e+00 1.610281180907580847e+02 7.214609589216581798e-01 7.487216113375809723e-01 4.686550281263871298e+00 2.795514558154867935e-01 -1.175175241641386314e-01 5.952044718672898638e-01 -6.116095042190323738e+00 4.603099453699410759e+00 1.890963078662688446e+01 1.723754611151602205e+02
1.589323036710054175e-04 -1.816417789738552983e+03 -1.750544471185278006e-03 1.469151715136776948e-01 1.832652232074079457e+00 1.558905369519294766e+02 6.913278857037947756e-01 8.272475351558645773e-01 4.701592051900162161e+00 3.044883139082972257e-01 -1.040175864609884648e-01 6.736506744231957056e-01 -5.200661473053116879e+00 4.800722637326670927e+00 1.913714930813803505e+01 1.756539310882788811e+02
1.794699265904339369e-04 -1.816296260433029147e+03 -2.671215341840985080e-02 1.492668692969402466e-01 1.872152186564410847e+00 1.582339256332042510e+02 7.330959621893804457e-01 7.573083666669229164e-01 4.695694735495760774e+00 3.214325649184985867e-01 -9.808893206413094035e-02 5.379690092814161106e-01 -5.683393935874960334e+00 5.219635510188780358e+00 1.917910116060106418e+01 2.162414325668490278e+02
1.513811240449063923e-04 -1.816466467429861723e+03 1.526063385321885235e-02 1.492205078831216614e-01 1.849055028126022293e+00 1.277107253005537046e+02 7.263771659841268269e-01 7.712178067135375681e-01 4.694681150238849021e+00 3.299534318201873262e-01 -1.041621096426881277e-01 3.263107995157898400e-01 -7.221148656477396344e+00 5.347890690456713614e+00 1.990113164285478575e+01 2.000836995247177299e+02
1.986583777503680352e-04 -1.816194681432241168e+03 1.095409920198897602e-02 1.428070944764717465e-01 1.843745397262070540e+00 1.284667139674166094e+02 7.815376944578502627e-01 7.375198386417878282e-01 4.685334707910229213e+00 3.136170795767407871e-01 -1.007371276600821375e-01 3.306574661457414299e-01 -7.519208901687335356e+00 4.883340860848184306e+00 1.912082506130363768e+01 2.152245509740159264e+02
1.152875719581104538e-04 -1.816738838454311008e+03 5.629574210787213762e-02 1.024277324983447757e-01 1.717606206598029317e+00 1.645146579017258830e+02 7.269863263000321263e-01 8.247550882992988885e-01 4.705186978078913285e+00 2.868484171902918600e-01 -1.089989962403143942e-01 5.794007784300698738e-01 -6.035126508647238097e+00 5.094035080359993195e+00 1.901873365970552143e+01 1.909272706799276591e+02
1.259546961487179972e-04 -1.816650345799113893e+03 4.057734030687246141e-02 1.462194627291164284e-01 1.765221905971090521e+00 1.329157940752961053e+02 6.857870897108410135e-01 8.355842322226090246e-01 4.715231463129986977e+00 2.937811445451832260e-01 -9.371105626738751582e-02 4.502116017874785991e-01 -7.000039886716166393e+00 4.952258014603416747e+00 1.951235045261079293e+01 1.827073782122929799e+02
1.168909136813298414e-04 -1.816725026948854747e+03 -7.649202156943007980e-03 1.399712264020492036e-01 1.914081081741033863e+00 1.469856776181640043e+02 8.240355016461022863e-01 7.379706326693069585e-01 4.696103058803697827e+00 3.369709048536873031e-01 -9.551734536387201935e-02 3.606257583616280793e-01 -7.188685179755680110e+00 5.223599397232159269e+00 2.020683810930479041e+01 2.083557454985578374e+02
1.468242309212544378e-04 -1.816497031923704071e+03 4.604379974722067059e-02 1.229938611543270055e-01 1.899482468241695976e+00 1.503742551375296443e+02 7.522437619989774671e-01 7.748581024454259669e-01 4.699834454512721749e+00 3.090378058008453888e-01 -6.425171412075503241e-02 5.436132310129885292e-01 -7.302961611381647344e+00 4.697720601363752913e+00 1.809108713444884842e+01 1.887511455111809937e+02
1.573301332674740551e-04 -1.816427921729725995e+03 2.148410217376298115e-02 1.382685551144352820e-01 1.862621584415809828e+00 1.411143146338810368e+02 7.715102715651266374e-01 7.774094536307054604e-01 4.707465623737762783e+00 2.881905759179956839e-01 -1.021674583147538229e-01 4.753179110010962716e-01 -6.879693289546708002e+00 4.570723414273669682e+00 1.866238085519322709e+01 2.078396897445817899e+02
1.211175615600664185e-04 -1.816689506429978564e+03 7.293631613796341950e-03 1.447935287204219768e-01 1.849939078114333668e+00 1.488710942585652788e+02 6.845815781843793690e-01 7.677687070114778134e-01 4.686214065968679066e+00 2.846832401911085775e-01 -1.017109756317253755e-01 5.685082677141422014e-01 -7.037373894774958671e+00 5.214535009768983542e+00 1.912862927630676424e+01 2.065289844944068136e+02
1.499507914417717240e-04 -1.816475960903816031e+03 -9.650217829811236214e-03 1.413553269361611797e-01 1.848745247537777914e+00 1.529204242139577445e+02 8.122608964349995464e-01 7.484210868169194342e-01 4.701573044956484537e+00 3.148449124929453280e-01 -9.388243322249367750e-02 3.539494354875684645e-01 -5.537547933933439026e+00 4.602239832983467949e+00 1.880581487923671347e+01 2.179749234482494273e+02
1.377693434060022989e-04 -1.816560687224860430e+03 8.989683569512746386e-02 1.448173965513615269e-01 1.812664273512024415e+00 1.558648214086178712e+02 6.550857642477702081e-01 8.819863954765125857e-01 4.713682879093532563e+00 3.052971974807658917e-01 -9.590815806415387001e-02 6.002973876635159245e-01 -6.423903617643873076e+00 5.861504569694253597e+00 1.944355632492833408e+01 1.740034977114467551e+02
1.508413018403232178e-04 -1.816470039784077926e+03 -1.040266505325887492e-02 1.426523098347433349e-01 1.914238347717535760e+00 1.554851570392155793e+02 7.594579671828061151e-01 8.214767333426997720e-01 4.710043393691889513e+00 3.059583921350170765e-01 -8.083766141869697108e-02 4.776622592523975808e-01 -7.476129052248921880e+00 4.799817960587815513e+00 1.900973201442857174e+01 1.958953315386436884e+02
1.406547885079008039e-04 -1.816539959507119420e+03 8.421251386144137929e-02 1.363296623329582069e-01 1.782531289744720304e+00 1.439353081555362621e+02 6.311143337987712432e-01 8.170321547599688206e-01 4.693843963915904638e+00 2.914895136161199662e-01 -7.908350552071108375e-02 6.600984864458188106e-01 -9.355308542872165845e+00 5.621122934073463639e+00 1.827088591598058542e+01 1.931314352962997134e+02
1.776362353187526072e-04 -1.816306530249592015e+03 2.807120772104357287e-02 1.139667541052884758e-01 1.805288630457245524e+00 1.317926777849538382e+02 7.186564244287231285e-01 7.903755935879894778e-01 4.698437442154784094e+00 3.018994388835392062e-01 -1.009668747110619158e-01 4.460304547830856170e-01 -8.745754328421298851e+00 5.835819538012709806e+00 1.963491158897212685e+01 1.895565170084825297e+02
1.676782674866837523e-04 -1.816364221018215403e+03 2.018133350713446905e-02 1.251268583289202596e-01 1.833040666603745983e+00 1.494809654995795540e+02 7.727673422768904787e-01 7.754031386897803912e-01 4.712448219329507637e+00 3.065041664865371107e-01 -1.164883418182312003e-01 4.656388732754106474e-01 -6.380169724939065645e+00 5.983225229160837877e+00 1.964311284779651601e+01 1.731978781693557323e+02
1.602995527884891686e-04 -1.816409223817264319e+03 6.708959008853013217e-02 1.296621660038036750e-01 1.801067161525149452e+00 1.458794969301642936e+02 7.256718411618949816e-01 8.003691398413663727e-01 4.706929250328494518e+00 3.010869189220874986e-01 -9.126060922911261031e-02 5.846560989226720073e-01 -6.086340143283734960e+00 4.943176760269896164e+00 1.819682820248136323e+01 2.094098045898766713e+02
1.163508918535496661e-04 -1.816729657532051306e+03 1.467486362447387171e-02 1.266261394420914177e-01 1.857905410387154177e+00 1.414668342959577956e+02 7.371945943301310145e-01 7.724098736764759554e-01 4.699182190164508555e+00 3.000780517782537515e-01 -8.541872277682927006e-02 3.711536140664535299e-01 -7.811763954791246078e+00 5.095247002578240370e+00 1.904222567129376742e+01 2.025564436064084646e+02
1.391294028407815547e-04 -1.816550863631285665e+03 1.232889896640157468e-02 1.327000461677042831e-01 1.899381770075907916e+00 1.401448842872408704e+02 7.966256075727193853e-01 7.421017662701903106e-01 4.695029771280163189e+00 3.191407764023641569e-01 -8.251021256773549695e-02 4.503414009065972445e-01 -9.138472137718565591e+00 5.244666217218751925e+00 1.906912740625521607e+01 1.903320409948391330e+02
1.258216069008924974e-04 -1.816651403001548033e+03 1.038540712496439922e-01 1.454171310188001887e-01 1.716223371603116554e+00 1.335795806090911526e+02 6.676624742347614383e-01 7.982071557073868728e-01 4.684041179452995252e+00 3.108329767254864873e-01 -1.456042787154339102e-01 5.139396718354379834e-01 -8.614227110368148033e+00 5.128833548854405677e+00 1.900065933550420993e+01 1.868151874151946572e+02
1.362771111694280432e-04 -1.816571577692225674e+03 5.164745073280746501e-02 1.471144973001869694e-01 1.825235280702762530e+00 1.266026941502266823e+02 7.255015509391165018e-01 7.527928051005772225e-01 4.687732465556527117e+00 3.386008101027371264e-01 -1.068851790598581708e-01 3.773699185105242604e-01 -4.708027334567333355e+00 5.101797925627038488e+00 1.878260040067147685e+01 2.010973868492821452e+02
1.544958083114506139e-04 -1.816446101121735410e+03 1.023543595828390329e-01 1.104439415283900161e-01 1.716442172778031683e+00 1.473458359897720413e+02 6.224102033628774455e-01 8.732722798603855807e-01 4.708905641340997761e+00 2.609014979830523995e-01 -8.659039076094221521e-02 7.261970971137441389e-01 -6.908763648413213332e+00 5.185610773560722642e+00 1.903096340337895498e+01 1.838232635912166870e+02
1.725329034985749271e-04 -1.816335680123833754e+03 8.169008866781679590e-03 1.250225205857377342e-01 1.813369495297507683e+00 1.308856370461764413e+02 7.689893025069427512e-01 7.465098358309361082e-01 4.690336103933526957e+00 3.111057939154224794e-01 -1.009312176068624112e-01 3.089424804179560780e-01 -9.273216780999263165e+00 5.255443759329625486e+00 1.960170509717795539e+01 2.022426079289725180e+02
1.583763679955194493e-04 -1.816421293810732323e+03 2.444821518385725811e-02 1.450600220002264129e-01 1.866411850307365228e+00 1.500832038598630334e+02 7.341141243965955132e-01 8.096450824489114240e-01 4.704381509825228846e+00 3.031265510809946218e-01 -6.149688680444320710e-02 5.614544763929796289e-01 -8.760567633757602835e+00 5.899349300569123322e+00 1.929754990025889327e+01 1.861583351691849089e+02
1.445094158288634436e-04 -1.816512923420159950e+03 6.455460452834393958e-02 1.394560854236751857e-01 1.835969607773606960e+00 1.296829560160640824e+02 6.894158308204442198e-01 7.977451082220570200e-01 4.690431876869535444e+00 3.097547607114949919e-01 -7.635402514935663021e-02 5.460001987713353211e-01 -7.254700785492929072e+00 5.540056035874596496e+00 1.858004757326048306e+01 2.040474903529527637e+02
1.710160642978163291e-04 -1.816344510591682592e+03 7.108408912994171325e-02 1.367054237698794028e-01 1.826322941874443551e+00 1.360686026595293470e+02 7.447220475076252733e-01 7.880702379456749895e-01 4.703920951228796277e+00 2.887442209359578627e-01 -1.118267182839391971e-01 4.278103896813443274e-01 -8.603907011484750456e+00 5.270188094130490164e+00 1.906894141851234181e+01 1.842945647586666666e+02
1.144990351757159397e-04 -1.816745701690489113e+03 5.132016385209225984e-02 1.395382979823938385e-01 1.814825460002404078e+00 1.378593616951389720e+02 6.713387320602749453e-01 8.172246901620618953e-01 4.706618190183533557e+00 3.008520940569634483e-01 -9.654677603999495261e-02 6.817343329661219586e-01 -6.953888811251971447e+00 5.088458251936378574e+00 1.906909516258525983e+01 1.868666284182949369e+02
1.199713264182081848e-04 -1.816699015319320097e+03 9.955328526777135201e-02 1.488490171554228969e-01 1.784272943505394338e+00 1.557458852756134320e+02 7.103103086230895258e-01 7.772012382452857526e-01 4.695606200131262398e+00 3.363926496192708449e-01 -1.209387709841873715e-01 6.268856051607809565e-01 -9.086999078767917126e+00 5.392455259030648484e+00 1.936014480454339903e+01 2.173669052457700559e+02
1.238308945895738719e-04 -1.816667351205497653e+03 -6.327279526859547198e-03 1.322568119106292961e-01 1.873334841993765210e+00 1.275830892529783256e+02 7.789770131597288927e-01 7.618253600926907509e-01 4.696659925251255530e+00 3.229788091426755159e-01 -9.447093693142383231e-02 3.066235093480124685e-01 -8.973305118269195191e+00 5.446160945919653606e+00 1.961390069094748156e+01 1.806373918823722704e+02
1.515460498030766904e-04 -1.816465378549175512e+03 -1.281080142124485510e-02 1.421217568614976112e-01 1.809647634017747642e+00 1.622644265106783621e+02 7.818999253876507405e-01 7.478794471252900866e-01 4.699438053806476390e+00 2.858044866722295740e-01 -1.367664501559828771e-01 4.127377269688943806e-01 -6.429138133846208802e+00 5.872038266469981060e+00 1.926046106698298033e+01 1.798435503084598963e+02
1.469218289512746458e-04 -1.816496367417540796e+03 2.175669099612972945e-02 1.049993654423829470e-01 1.823145474327603210e+00 1.405143099497817047e+02 7.699193342945562790e-01 7.868516113774188803e-01 4.705860499422749754e+00 2.907108726492897421e-01 -7.754733921873024904e-02 3.997489877774212386e-01 -6.696147849347369174e+00 4.667085811123516947e+00 1.852076387654100387e+01 1.964647117312953242e+02
1.218534103177228601e-04 -1.816683449319520150e+03 8.655658020231088434e-02 1.461649866115770358e-01 1.792205531773683802e+00 1.336359829268266992e+02 6.701530744657754335e-01 7.970919301235095400e-01 4.681566401967518942e+00 3.408832838972495338e-01 -1.195885364194508860e-01 6.052344475503695920e-01 -8.662887879948272030e+00 5.257942959464911858e+00 1.955775054299513371e+01 1.754511717948877845e+02
1.485275863507297389e-04 -1.816485497379373101e+03 -1.195098965719426642e-03 1.324712307106209741e-01 1.774624611629562310e+00 1.360768065217675087e+02 7.756025235957287878e-01 7.584073059556235563e-01 4.694030372366192694e+00 3.185740719357541550e-01 -1.288482723774704297e-01 3.220163302179681053e-01 -7.578742304896906035e+00 4.976869225777225125e+00 2.013540500820165846e+01 1.981125700224917239e+02
1.211325340715970242e-04 -1.816689382817960905e+03 1.011935137084322422e-01 1.468133936980174636e-01 1.828940978658581962e+00 1.230438395114608454e+02 6.884508251386095568e-01 8.363965129767283457e-01 4.706881865000600129e+00 3.054265877707229571e-01 -7.265818526217349138e-02 4.804090802556893469e-01 -8.360243867986469013e+00 4.925407527924585693e+00 1.978822890542064528e+01 1.896591102494635948e+02
1.527315490504512071e-04 -1.816457586288092898e+03 2.788333614702079299e-02 1.390840287809196607e-01 1.774405270488387920e+00 1.445106181416281856e+02 7.130324693854077633e-01 7.750998698836106815e-01 4.691703760910561627e+00 3.331595279152490541e-01 -1.144718699728675126e-01 4.359591195613901626e-01 -9.607157702713777780e+00 5.415594555577829539e+00 1.930124962427470692e+01 1.834050295466313969e+02
1.262359204094085064e-04 -1.816648115546608096e+03 1.172106978658974674e-01 1.329664149291816810e-01 1.758753379762446833e+00 1.321809650507463232e+02 6.285143592597878248e-01 8.306893125328653760e-01 4.687690330523256677e+00 3.297045218682075340e-01 -1.026640632235316097e-01 6.220450884165862337e-01 -1.025610293478635526e+01 5.307616510673907051e+00 1.837667266360587348e+01 1.908204483246996972e+02
1.350674745543514353e-04 -1.816580493621946971e+03 1.556143570051668479e-02 1.428381765611389242e-01 1.756295795015775596e+00 1.301499871148458851e+02 7.593137274339595288e-01 8.013619728993777169e-01 4.707501090644191422e+00 2.995352425722426215e-01 -1.290831969233559029e-01 4.184185408132170547e-01 -1.015948440242760853e+01 5.202782311606091170e+00 1.910100335027176044e+01 1.927841099426886728e+02
2.278346756176745185e-04 -1.816057647828037716e+03 1.316282314167087908e-01 1.486887362011506120e-01 1.781502726925685565e+00 1.449266072936987655e+02 5.708108179163740026e-01 8.606782162366517497e-01 4.695335115238552959e+00 2.982438874547885810e-01 -1.009605128394952533e-01 8.239864944307926375e-01 -8.733743857442647140e+00 5.315499753748342826e+00 1.924685495993350060e+01 1.611299591630652799e+02
2.111979726806841972e-04 -1.816133472134298700e+03 5.039868143173456549e-02 1.392843767305457503e-01 1.763307827839470932e+00 1.494543685222522527e+02 7.015388868947405321e-01 7.962956673020360476e-01 4.691395287070622366e+00 3.097969966954756682e-01 -1.484155995080698176e-01 5.955242711364349129e-01 -8.826433567968024363e+00 4.794640498582469768e+00 1.928727279139885553e+01 1.682439093368319618e+02
1.753947978746542530e-04 -1.816319228666176059e+03 -2.810561228391564303e-02 1.335336204301575680e-01 1.755057292861612162e+00 1.512762247794859718e+02 7.790055516766120070e-01 7.509266954175866093e-01 4.688051455068082518e+00 2.688483796086458266e-01 -1.402952651323023936e-01 4.715186607716599920e-01 -8.976485920428700638e+00 4.778144344063539606e+00 1.913447996993999922e+01 1.801442012284883845e+02
1.184405819496333370e-04 -1.816711856670358429e+03 9.944801663334604247e-02 1.190091878917969026e-01 1.762207283840011129e+00 1.436421843798251530e+02 6.517268172316436070e-01 8.666876605629469932e-01 4.722580013775004915e+00 2.784245582460125323e-01 -9.341133511790555843e-02 7.377626023862016158e-01 -8.047348617409681992e+00 5.317823593882442523e+00 1.851786566783930610e+01 1.840707158384917648e+02
1.436849280461687374e-04 -1.816518645184306934e+03 6.901337493550735447e-02 1.099379852446068784e-01 1.778912765246003502e+00 1.443772410963939592e+02 6.431718673974923250e-01 8.518849549157905265e-01 4.697125578105196375e+00 2.789882260996936481e-01 -1.013947342270538066e-01 6.481733995020123595e-01 -5.892675680664524407e+00 5.552716350886388597e+00 1.908885385744829577e+01 1.874774238715604042e+02
1.996030332340131635e-04 -1.816189937526709855e+03 4.118070163067011347e-02 1.371325003386325292e-01 1.814793683543109104e+00 1.401099780693470791e+02 7.521379512952294233e-01 7.437180100453275600e-01 4.676515508500016516e+00 3.260076453302207522e-01 -1.112001371643107639e-01 4.709370478868804555e-01 -8.416222609459083515e+00 4.680913172159462121e+00 1.963870594077987874e+01 2.142317213131957772e+02
2.011487350030982126e-04 -1.816182223477482694e+03 8.782730866483620669e-02 1.483977060522572444e-01 1.811383653190574705e+00 1.386863097397518629e+02 6.949888734909632770e-01 8.242613272361778431e-01 4.707328118582781329e+00 2.914648006172111394e-01 -9.742357275808322115e-02 5.223930986244855745e-01 -4.041462651280198770e+00 5.544438668216633559e+00 1.932910388074626695e+01 1.673106767094512008e+02
1.930567520178243040e-04 -1.816223283889449021e+03 4.962296764836382490e-02 1.214050723350902083e-01 1.836584217712197820e+00 1.566015189357667339e+02 7.430147321378752778e-01 7.716156808285570268e-01 4.691266703166579788e+00 2.990863452396530509e-01 -1.047397551460034215e-01 5.498400342901765825e-01 -8.740218155369575470e+00 4.786011355753960750e+00 2.048419223861008831e+01 2.013905750708246956e+02
1.260266551953621872e-04 -1.816649774653287295e+03 4.394178698149367457e-02 1.298772273064060789e-01 1.784747762757474376e+00 1.492793044533831903e+02 7.687763403568570464e-01 7.944904792769786894e-01 4.704362332573650107e+00 3.256930242435713829e-01 -1.165694080153056866e-01 5.250921137916342296e-01 -5.760945999542229856e+00 4.743479976249131980e+00 2.001390183908591069e+01 1.830186066690263544e+02
1.937748903167053882e-04 -1.816219570960901819e+03 7.438002711582811233e-02 1.187545789979095601e-01 1.857840068317113236e+00 1.578840682902134631e+02 6.662301627032658491e-01 8.537890952701889802e-01 4.713364799312018683e+00 2.848533084148223704e-01 -9.633033837701643343e-02 6.469366245424695849e-01 -6.186002101990681012e+00 5.128710741537201301e+00 1.855723424615718287e+01 1.764469799224320923e+02
1.975892808874959560e-04 -1.816200077549713342e+03 1.333112711518930349e-01 1.398967348148869860e-01 1.799453255468193902e+00 1.254700416374345053e+02 6.089599602732391759e-01 8.773270935864860842e-01 4.713969798252628962e+00 2.959339346714064956e-01 -8.405335904788158174e-02 5.671591667964510641e-01 -7.306933419163414101e+00 5.595174921285916980e+00 1.917203651451915292e+01 1.917470387584766627e+02
1.754925293383756153e-04 -1.816318671612907565e+03 2.408759169800692157e-02 1.392722162059255309e-01 1.923100856736916775e+00 1.618972605942765028e+02 7.067634464143202067e-01 8.409055365150335248e-01 4.721060999481453635e+00 3.044288223119275827e-01 -5.435390023775932278e-02 6.028601998242902882e-01 -6.611978052353691737e+00 4.523181483976013162e+00 1.982696859580945770e+01 1.865049953792394888e+02
1.962053451851385525e-04 -1.816207106296721577e+03 5.809165313156552934e-02 1.473129505178424614e-01 1.777561387127603254e+00 1.225487945894705319e+02 7.016685437254214230e-01 7.785499542738241185e-01 4.689915128379054998e+00 3.195696229278948142e-01 -1.175394507051192861e-01 4.195894042601592822e-01 -7.938365091363380088e+00 4.200601965800743187e+00 1.903917747546268657e+01 1.827039492704444115e+02
1.240504117747826267e-04 -1.816665580057476745e+03 4.595398880610018777e-02 1.292290337927956834e-01 1.886971351410977604e+00 1.586342465083934883e+02 7.245895069214437489e-01 7.711529183472136673e-01 4.689382400992176514e+00 3.155403423276024188e-01 -8.028879007848210847e-02 4.960098658561851170e-01 -6.803078291677593370e+00 4.864167382323980604e+00 1.949020643430687727e+01 2.095976014291229887e+02
1.662768791985846277e-04 -1.816372613741177702e+03 1.384421664994014978e-02 1.240417578016579647e-01 1.819671963878532139e+00 1.548338474992557963e+02 7.079154173191902766e-01 7.728306881191511213e-01 4.688503580855886810e+00 3.183191975580255129e-01 -9.617218974880281657e-02 6.146554942701172308e-01 -8.952116559038586274e+00 6.017157307143805589e+00 1.845184307845726579e+01 1.807862221886531415e+02
1.353948645371470566e-04 -1.816578072655362121e+03 -2.259548910839098701e-03 1.467868978504655864e-01 1.858880204332759689e+00 1.538280562423938420e+02 7.865467702884283430e-01 8.265137610569657234e-01 4.735161885123222447e+00 2.810199202119330053e-01 -1.044722265596225164e-01 4.773134865384925374e-01 -5.889858929345933802e+00 4.889373979188538222e+00 1.905940540868622435e+01 1.849986577863512593e+02
2.094079792424697413e-04 -1.816141983684059596e+03 5.447312857836483779e-02 1.484622919969068311e-01 1.839111241742167557e+00 1.201588701564671453e+02 7.100955790331896500e-01 7.717453145058998931e-01 4.692619427499118423e+00 3.233450145270628795e-01 -9.001994051869721680e-02 4.071286043551791134e-01 -8.253268708067565740e+00 5.575165688211591863e+00 1.981360764564710308e+01 1.928993789839369413e+02
1.856913579009835161e-04 -1.816262182157718371e+03 6.848574310682020716e-02 1.492563551450930837e-01 1.782247078375258198e+00 1.419918677839160068e+02 6.797569792989028858e-01 8.025467392470877481e-01 4.695277561016434120e+00 3.377302549253382580e-01 -1.050318818830644485e-01 6.176932937330533724e-01 -9.481579162747777900e+00 5.859000325611596338e+00 1.816889825008494341e+01 2.005156182849991922e+02
1.222245565400495470e-04 -1.816680408106803043e+03 3.447633578157791034e-02 1.419251137871558044e-01 1.808138064853655358e+00 1.491993074250425479e+02 7.118553877041994271e-01 7.642402405280834810e-01 4.677457843050921937e+00 3.259555267590046324e-01 -8.411448104792640379e-02 5.415734471713189446e-01 -1.050187844393320802e+01 4.738872495331225565e+00 1.943559512339798800e+01 2.010867611099360488e+02
1.398871317063454529e-04 -1.816545432191678856e+03 1.012554582123193769e-01 1.309900871642183107e-01 1.767349728702903633e+00 1.376391839875860512e+02 6.508116876142822083e-01 8.123966107662063951e-01 4.684095161424174592e+00 3.230360775937028972e-01 -9.559741799222831737e-02 6.475680418116754877e-01 -6.210334136390400772e+00 5.724835112658865910e+00 1.966754251066160464e+01 1.754084948547305203e+02
1.200333690666590097e-04 -1.816698498307353248e+03 5.350137409087246665e-02 1.315513833642149299e-01 1.758268381979379846e+00 1.594185854231471637e+02 7.314916965487073819e-01 7.381065272205209471e-01 4.683638018349405741e+00 3.408349393557377205e-01 -1.186703997363909302e-01 5.669916957564965498e-01 -1.050936320867205609e+01 5.203991590128964617e+00 2.018070832687246607e+01 1.892891729278960327e+02
1.213099548558781767e-04 -1.816687919206390688e+03 1.214780327924934455e-01 1.462129297998566446e-01 1.769979459563352897e+00 1.291553961168556270e+02 6.558390433263470154e-01 8.281729931421391022e-01 4.696639792561267512e+00 2.920231661745791296e-01 -9.985955350299624556e-02 5.965762063095214618e-01 -8.022712463037862562e+00 5.457945658062679506e+00 1.813900080431307771e+01 1.973681723161317905e+02
1.682945218270309794e-04 -1.816360552536415298e+03 7.612289603961092110e-02 1.404131497420277597e-01 1.713578037129918741e+00 1.493903822718409060e+02 6.930263455512216675e-01 7.562216429370427484e-01 4.674682020613198929e+00 3.210281010417315173e-01 -1.048366030633243184e-01 6.496117075162828325e-01 -9.334596806642281308e+00 5.184931192427688629e+00 1.874787362933494350e+01 1.935186045902819103e+02
2.105056041098890302e-04 -1.816136755811417061e+03 1.177293799245190120e-01 1.485159500143393430e-01 1.812521180323171777e+00 1.347222501988965746e+02 6.376508813179764257e-01 8.283255977726906583e-01 4.678812785751835790e+00 3.253178845791417917e-01 -8.492031087927309763e-02 6.324011963234038580e-01 -6.132100950098759995e+00 5.453682280839089458e+00 1.950962772225850372e+01 1.934835976158902895e+02
2.197476126080596124e-04 -1.816093788414655819e+03 1.239222241309367589e-01 1.462803238683994256e-01 1.707468604981365878e+00 1.534539869019754121e+02 6.483773682598484855e-01 8.429818580842864950e-01 4.706020392816173015e+00 3.236854760428353739e-01 -1.233910154265966952e-01 7.127721658931331916e-01 -1.098193250435110713e+01 5.642447373785275389e+00 1.860584671888232577e+01 1.754372070619998283e+02
1.279626749468627692e-04 -1.816634529467617085e+03 3.635577907377085527e-02 1.310217616975443422e-01 1.734158914246759942e+00 1.392749790861890915e+02 7.402418141226745352e-01 7.909146939618512118e-01 4.701175709799445990e+00 2.855007061000096602e-01 -1.220039708900193531e-01 4.201513415680426800e-01 -9.597728258428560366e+00 4.676165315866009919e+00 1.973275351403946942e+01 1.698570219475126351e+02
1.458611521812587021e-04 -1.816503612930282998e+03 4.875912186753278421e-02 1.498480472321637447e-01 1.740501967199022282e+00 1.390871274049412136e+02 6.599028585882280584e-01 8.292118939071857486e-01 4.702934478995393519e+00 3.062373673505138783e-01 -1.281635381766497161e-01 6.526136680767919973e-01 -8.935041937285035374e+00 5.582665917007401113e+00 1.886780259975906660e+01 1.871211954985303407e+02
1.189401846362794199e-04 -1.816707647370409632e+03 1.155082887754314280e-01 1.415985335294430436e-01 1.792671837346630603e+00 1.404990340755286695e+02 6.427031603165188622e-01 8.111750077036310458e-01 4.696664922195004976e+00 3.452113772877314357e-01 -9.217666750264963405e-02 7.068570914954412920e-01 -9.460021295136300523e+00 4.733971514767953970e+00 1.935495586550728575e+01 1.862289148765734410e+02
2.173277219529971284e-04 -1.816104861633344399e+03 4.274109758651262192e-02 1.398854473643612872e-01 1.812682156053019966e+00 1.227723323616316975e+02 7.232487008220591651e-01 7.618396197888046562e-01 4.683835108449510898e+00 3.218825641295621764e-01 -1.062935117733623258e-01 4.168274169711561616e-01 -9.935685864031228220e+00 5.292034146708535225e+00 1.858216881195773240e+01 1.787267825596636897e+02
1.614819140296652094e-04 -1.816401874938075707e+03 5.888999904136621444e-02 1.400494141299480633e-01 1.781775031749393001e+00 1.517889935736775442e+02 7.381853124871587957e-01 7.619273566523752095e-01 4.686025117695374220e+00 3.184735811082179957e-01 -1.212543104375671810e-01 6.354691737511221072e-01 -9.015257261896834962e+00 5.423626584584839705e+00 1.864347581982805835e+01 1.572290905286635052e+02
1.461690227823550525e-04 -1.816501504444643160e+03 4.404381363595846754e-02 1.444719418945182021e-01 1.843027186332514944e+00 1.427952723627262515e+02 7.158466134727361485e-01 7.997855458706188969e-01 4.709891141336456144e+00 3.171660849224613443e-01 -9.570948063400441796e-02 5.888459401660977033e-01 -9.575785713925881737e+00 6.064320869044070861e+00 1.939899787001675335e+01 1.891204770329986218e+02
1.722357693326667389e-04 -1.816337403796910166e+03 8.394320531811855224e-03 1.343094933436406457e-01 1.837189552624531430e+00 1.325084188520962414e+02 7.254464400834018667e-01 7.915226477594943244e-01 4.695672198173122425e+00 2.825606515171226185e-01 -1.084528173291330333e-01 4.961837358470845838e-01 -6.754263031342958357e+00 5.422675187633729799e+00 1.893082225663744822e+01 1.924666763659892297e+02
1.885799936422308037e-04 -1.816246745800711324e+03 7.008370212899264762e-02 1.354750156372753478e-01 1.800183672696126891e+00 1.518642568123560181e+02 6.355372762015899513e-01 8.665227782055897610e-01 4.705548636983341915e+00 2.973666471123452837e-01 -9.342852136191481804e-02 6.925538216995020813e-01 -6.072367859027338000e+00 4.610924834972607300e+00 2.045113263644926604e+01 1.794657335509374150e+02
1.428058238041134934e-04 -1.816524782255019090e+03 1.120548358397295552e-01 1.415855005393728827e-01 1.712942178020292694e+00 1.395783277434219372e+02 6.188874889346972497e-01 8.702501634521147000e-01 4.708264280139475844e+00 2.748339590278292555e-01 -9.218042590997566066e-02 6.598284494529984556e-01 -8.882064804870140051e+00 5.063892579731943400e+00 1.944263648216559659e+01 1.660043733948108979e+02
1.529175199588101114e-04 -1.816456369396237733e+03 9.555689263719055471e-02 1.481733203738336557e-01 1.840397620556228908e+00 1.386883563731155107e+02 7.275841732300033504e-01 7.979643393739563884e-01 4.699156378728067907e+00 3.108678670958053836e-01 -9.049211555655523043e-02 5.531495648425799327e-01 -5.962104944372725868e+00 5.211390423305317654e+00 1.836359477224491599e+01 1.939936720098728244e+02
1.168365892578417711e-04 -1.816725491801503949e+03 4.545403498152952859e-02 1.232034140189502691e-01 1.815016592201974532e+00 1.328863849935068515e+02 6.748656224605552589e-01 8.069661689558687012e-01 4.701863509216831716e+00 3.037234975954106186e-01 -9.166973432938263500e-02 4.920783163377281388e-01 -9.945965482384167444e+00 5.033265361602201615e+00 1.951611619251758611e+01 1.960871509121522251e+02
1.579698228789525234e-04 -1.816423864066686747e+03 7.507817286443124738e-02 1.493730782488059405e-01 1.805349156086664131e+00 1.447534703192511358e+02 6.785221305794131297e-01 7.691693346992949376e-01 4.677872928714714718e+00 3.368342689951111524e-01 -1.273186659523659614e-01 6.874247276821338071e-01 -8.569447464280415261e+00 4.508945904124650461e+00 1.898875252875453867e+01 1.854151659798006904e+02
1.244861602463349600e-04 -1.816662073539989251e+03 7.251597862648975767e-02 1.315693049323743147e-01 1.711566308160564986e+00 1.496200407873739664e+02 7.076587221245529413e-01 8.110014019490825454e-01 4.700130760377403405e+00 3.014251786292176938e-01 -1.194015717238978702e-01 6.844800898234159048e-01 -1.123541072240413996e+01 5.347741540278172501e+00 1.894094855364802754e+01 1.658864666317034846e+02
1.223001979509412201e-04 -1.816679789425774516e+03 7.026337971557106155e-02 1.448132858709735016e-01 1.713701984466900363e+00 1.336962027899273266e+02 7.120501924261247728e-01 7.880935290909854007e-01 4.691830553219213051e+00 3.327526579943389518e-01 -1.249071712863591976e-01 4.933305852927271640e-01 -8.542926747070225701e+00 5.639760679323702064e+00 1.938587370761768369e+01 1.773391465658579307e+02
1.944179386335045045e-04 -1.816216257922344539e+03 5.957575982301061002e-02 1.486033363065254742e-01 1.839462447279392343e+00 1.276830583801754102e+02 7.143319757201820330e-01 8.160741275400218431e-01 4.705003684282703880e+00 2.787358905343459980e-01 -8.309156415785934335e-02 4.408415878376649166e-01 -5.806908170462236285e+00 4.589900778592226338e+00 1.869658443156962946e+01 1.994100579252747707e+02
2.155770294723632972e-04 -1.816112949796012117e+03 2.451097720060385621e-03 1.389101933207946560e-01 1.836470599551804028e+00 1.381855360397903212e+02 7.312233247007551284e-01 8.015753175990647517e-01 4.699136741083794533e+00 3.056664540589877355e-01 -1.178800145576186509e-01 4.894095528128205030e-01 -9.758181988629075931e+00 5.115994046836713771e+00 1.891184693365688219e+01 1.989583790190626473e+02
1.854491263576138992e-04 -1.816263487494042693e+03 6.286069828848533936e-02 1.309501886491563905e-01 1.818898289737648000e+00 1.595661244196976156e+02 6.850087759182329483e-01 8.792238292230676322e-01 4.725578269170330969e+00 2.557372936744761738e-01 -8.817910005982443344e-02 7.513143362385418245e-01 -6.715206913104879050e+00 4.740984020135119437e+00 1.964564425292658711e+01 1.705852524981090710e+02
2.106767290894942903e-04 -1.816135943218031571e+03 8.689747339045988950e-02 1.230852583371383757e-01 1.776032149094786128e+00 1.468156161979505612e+02 6.699388921739194425e-01 8.172361948774249374e-01 4.701675718128652370e+00 2.963418288810868439e-01 -8.450785379298531019e-02 6.636747254545201091e-01 -9.750166923745013037e+00 5.227503389870213901e+00 1.834631452751667169e+01 2.108550245209796969e+02
1.212151038775351788e-04 -1.816688701401712478e+03 3.325227638974986855e-02 1.421035308357261051e-01 1.790364954357490213e+00 1.382514415696694812e+02 6.968226934600278977e-01 7.681947720803805613e-01 4.674000055567804957e+00 2.989697060792968486e-01 -1.036514271143897936e-01 4.975758562331536461e-01 -9.698684601359587987e+00 5.709257105414922151e+00 1.865681050914180616e+01 2.002026003779529049e+02
1.570247603150461851e-04 -1.816429864585108362e+03 8.019469309398591372e-03 1.218708321174370723e-01 1.796156218317295661e+00 1.279403413372870233e+02 7.461966989549748686e-01 7.907954663144147744e-01 4.695078407188325365e+00 2.982731890875360836e-01 -1.098586964762842122e-01 3.919743945129928187e-01 -9.849441284067978586e+00 5.106542250469803257e+00 1.898747880222795459e+01 1.970978074664720907e+02
1.552687062219724947e-04 -1.816441110882517023e+03 9.501651414678097263e-02 1.288285959635689093e-01 1.726841992424489547e+00 1.291492416379063854e+02 6.668501022354684782e-01 8.399888881170192168e-01 4.706610387574277077e+00 2.999100604481448329e-01 -1.222403234757920565e-01 5.752204294093925530e-01 -1.100708540180372097e+01 5.130245509163189332e+00 1.896939483760051814e+01 1.860022805009145941e+02
1.470275247282692586e-04 -1.816495648274734549e+03 2.629487608769945362e-02 1.331659782652582502e-01 1.844658736313899539e+00 1.335456058425672552e+02 7.556177538680780570e-01 7.603806636391166052e-01 4.698765937455751995e+00 3.000119400807819137e-01 -7.348067252498191593e-02 4.070325579437736874e-01 -9.140879515967043289e+00 5.176033078714170621e+00 1.889587265220104939e+01 1.987301335545834604e+02
2.092756060890726792e-04 -1.816142616014356008e+03 4.645374024214840580e-02 1.421588930750967428e-01 1.844835804734811902e+00 1.386298417783155799e+02 7.383102364556367592e-01 7.320767482536278958e-01 4.671960326786773976e+00 3.360768301674252889e-01 -8.333270646249291147e-02 5.300688863371315618e-01 -8.290092857805490212e+00 5.284055646224583569e+00 1.892890262020330283e+01 1.987559564077345726e+02
1.290095579925956758e-04 -1.816626381592452162e+03 4.966708088254992437e-02 1.456216627337501290e-01 1.803962366164578057e+00 1.226782214215684661e+02 7.186670936226885464e-01 7.748740427206453063e-01 4.685078799448652909e+00 3.315397623764144708e-01 -1.128410170501905618e-01 4.273355236187907358e-01 -6.523140175966744891e+00 4.441604197218618211e+00 1.892132506550270321e+01 1.984437314241084209e+02
1.255470239067475898e-04 -1.816653587706158760e+03 9.233742648685441812e-02 1.473751579618806373e-01 1.844716932712853641e+00 1.230590604878640022e+02 6.750723517095766901e-01 8.347710318745866775e-01 4.708372826108349507e+00 3.348410717264453940e-01 -7.245341516435432894e-02 5.051663501081818941e-01 -7.532792362606386405e+00 4.847584724202658180e+00 1.938771886989576387e+01 1.925498711022539737e+02
1.422530618852946131e-04 -1.816528660489583217e+03 1.450352063098221123e-01 1.464030657804718250e-01 1.715319713098796051e+00 1.491360907016798762e+02 5.402609364529671332e-01 9.316951033981146768e-01 4.709183558601605313e+00 2.651020822646381614e-01 -1.143724134277910309e-01 8.273457982099412522e-01 -8.391729933830106347e+00 4.639642157168832881e+00 1.924517559879756945e+01 1.739470584662193744e+02
1.602946849824402151e-04 -1.816409254184660085e+03 1.231112329207049438e-01 1.382792940600983400e-01 1.811827271584466104e+00 1.442706839219011954e+02 6.201560145954380099e-01 8.230426763001450485e-01 4.677289519394818740e+00 3.122599003987212019e-01 -9.961395153411789494e-02 6.904543224095844867e-01 -7.434634683115035614e+00 5.682596908626269538e+00 1.983889337415345366e+01 1.778167855675409896e+02
1.166101780079865078e-04 -1.816727431526979672e+03 2.891730156649915950e-02 1.347372371744790243e-01 1.777188542166287633e+00 1.303870733164557691e+02 7.272158785563291872e-01 7.830665937649363695e-01 4.690050893485310901e+00 2.824868012236891879e-01 -1.401822285553844250e-01 4.169441670249685039e-01 -8.141605924348027656e+00 5.317369013758344032e+00 1.875585067911888970e+01 1.985462214126423248e+02
1.762531719127999623e-04 -1.816314346648836136e+03 7.006632289805142522e-02 1.490147505503361669e-01 1.765912196905951248e+00 1.280719117003093857e+02 6.640140058671939460e-01 7.988269711794291350e-01 4.678779363532614255e+00 2.974284104917661598e-01 -1.297917526746610317e-01 4.823241858923602021e-01 -6.888560706088071584e+00 4.860129544276281521e+00 1.899926133182272636e+01 1.984779809247383469e+02
1.315483185039032594e-04 -1.816606893861812750e+03 3.113576114266713990e-03 1.415759906895695253e-01 1.843836202867016993e+00 1.499183576132057851e+02 7.430924534823588612e-01 7.559148788515424044e-01 4.691865113860226089e+00 3.059213597917138650e-01 -7.065854538540605745e-02 4.617055546345713579e-01 -5.997759792232955078e+00 4.714946126678665195e+00 1.984974832020181168e+01 1.912434044024452362e+02
1.191318331556659400e-04 -1.816706037365482871e+03 3.811281837358584945e-02 1.367642784793932365e-01 1.806124269189054665e+00 1.442047889635824163e+02 7.059331714365334465e-01 8.454689212999781933e-01 4.724185704171052436e+00 2.826653559967426954e-01 -1.169812723828769219e-01 5.075878561109417042e-01 -7.211005110211317515e+00 5.959388159073153446e+00 1.901270946969657416e+01 1.748057644076608312e+02
1.826323844197577271e-04 -1.816278792782902656e+03 1.026773159890917719e-01 1.311143634534505942e-01 1.722957428582654771e+00 1.372902858800950128e+02 6.742114652005766207e-01 8.261677974541628000e-01 4.702993650831210459e+00 3.133931694463443218e-01 -9.704971187520783360e-02 5.867405239089629188e-01 -1.004919629199949327e+01 4.852690160490280569e+00 1.855294959641407004e+01 1.849667788995252806e+02
1.420962533340706295e-04 -1.816529763418682933e+03 7.700815367720614812e-02 1.115757698688414623e-01 1.775061642806974760e+00 1.487564599246271371e+02 6.436638934074800922e-01 8.177183838830788254e-01 4.688675036584431410e+00 2.991024470529766166e-01 -1.109575451092696952e-01 6.201409496505718710e-01 -6.035315815722896104e+00 5.110479931692224476e+00 2.004118712274327407e+01 1.879614574196401975e+02
1.427022902060698449e-04 -1.816525507513584444e+03 -8.862682075375077906e-03 1.365138435395565619e-01 1.802741321335789237e+00 1.418341870630503934e+02 7.877412712811177053e-01 7.317506022318054359e-01 4.690294171645501109e+00 2.960052860102300176e-01 -1.005221490957186603e-01 4.474141569085866577e-01 -7.679387412762253007e+00 5.205564997448730580e+00 1.864568652344878075e+01 1.932644884027830869e+02
1.425801492764597713e-04 -1.816526363794379677e+03 9.089599644650958599e-02 1.376236686029709555e-01 1.706325915574839591e+00 1.442716919159771862e+02 6.496934348461896880e-01 8.298014772655990523e-01 4.702303449082601006e+00 3.008347368314689962e-01 -1.306698448797471990e-01 5.768589497551411815e-01 -8.742320704814488863e+00 4.544330081924341513e+00 1.902503289640911177e+01 1.989539670103144147e+02
1.187516918297987461e-04 -1.816709233397233902e+03 3.870654009441631960e-02 1.326529393757407693e-01 1.893399277642732415e+00 1.415503619197590979e+02 7.091026932570642094e-01 8.013792569240891783e-01 4.694837147901873564e+00 3.047428293330090021e-01 -6.920015123819767133e-02 5.678248690183576031e-01 -6.965529348583089586e+00 4.704428797058235467e+00 1.808171498990285286e+01 1.978357783405011503e+02
1.644032466609893813e-04 -1.816383945856061700e+03 8.219228493146191195e-02 1.314840760418312937e-01 1.808653652254350597e+00 1.285313427060509639e+02 6.999670345106561165e-01 8.541990558572520875e-01 4.719331782693080513e+00 2.871357069515230176e-01 -9.172180272590058081e-02 4.992110307099796307e-01 -7.438993241199312934e+00 4.610246705495923969e+00 1.917731288289370539e+01 1.925178434598908552e+02
1.263873965943107178e-04 -1.816646916320781656e+03 5.730357626497956103e-02 1.450925234464680302e-01 1.797888891149692192e+00 1.372913198957106715e+02 7.061743533980474608e-01 7.625824317664045005e-01 4.670725490181895978e+00 3.268752863512083273e-01 -8.909187374447213870e-02 5.340068233483146187e-01 -6.841060277675950374e+00 5.772910162699651515e+00 1.882133302628774629e+01 1.820239232401259528e+02
1.831788733499426175e-04 -1.816275804961587028e+03 8.475941236318457195e-02 1.173526058351471446e-01 1.762618210379569561e+00 1.439362301698447766e+02 7.065039054378640104e-01 7.874250375854039419e-01 4.690319429788388561e+00 2.893298016139926876e-01 -9.885914063289380493e-02 6.622932162364808528e-01 -9.994445850820966371e+00 5.449841847421699192e+00 1.887204084591409625e+01 1.967591432256028270e+02
1.312897290210996554e-04 -1.816608861534063180e+03 -1.560955847341471969e-02 1.402879022052570812e-01 1.789577940034026149e+00 1.542901035475099150e+02 7.477288427578028251e-01 7.348127146150609246e-01 4.675699027095580718e+00 2.790512258712392057e-01 -1.226768259259241045e-01 5.126318808215035716e-01 -8.957837920375993690e+00 5.456383323815927611e+00 1.962573021904967518e+01 2.026823740802267082e+02
1.455585919170076278e-04 -1.816505689387895018e+03 8.983501841213886729e-02 1.451070660910810661e-01 1.715670411349123015e+00 1.551923478947961428e+02 6.180468289111042957e-01 8.423825732840204417e-01 4.691048604545345668e+00 2.827860278390097459e-01 -1.083922685544349562e-01 6.737132767560434221e-01 -1.058337304753516150e+01 4.848256216456348078e+00 1.805967486289539181e+01 1.810504148775588078e+02
1.359473723094704759e-04 -1.816574000244503168e+03 5.199427452175395259e-02 1.215230268493713017e-01 1.862483415372421014e+00 1.452140454018163211e+02 7.200146156293950606e-01 7.939642156940920348e-01 4.699305241867845595e+00 3.146023514309408409e-01 -8.736214950007159530e-02 5.327003585753515846e-01 -5.116416537175382473e+00 5.051451478334745282e+00 2.015484949161794503e+01 2.104810556850538319e+02
1.857688517468562058e-04 -1.816261764918697963e+03 1.850660729908421009e-02 1.117713397488609706e-01 1.809660805707817843e+00 1.374851555040628455e+02 7.613293866022949885e-01 7.339326695407590861e-01 4.685843487195685775e+00 3.079441068848529639e-01 -1.020649794343104766e-01 4.234573269364563797e-01 -9.043100718688179995e+00 5.553959956963949729e+00 1.953956551822422227e+01 1.915815282066767224e+02
1.162060537641822796e-04 -1.816730903146175706e+03 2.211958278442510695e-02 1.410119725106347699e-01 1.797236202773780711e+00 1.329443082718954088e+02 7.335996367529662443e-01 7.754105215824471653e-01 4.686943178211478767e+00 3.021364429663162543e-01 -1.061678777122092576e-01 4.092866974110170308e-01 -7.984447740282689665e+00 5.388366153514567714e+00 1.889500968003210346e+01 1.600351999035391941e+02
2.335347952880171402e-04 -1.816032937004805035e+03 9.705666817923322420e-02 1.287728061272628011e-01 1.795282216961177291e+00 1.552452898632395488e+02 6.321340630496437019e-01 8.305597167414633386e-01 4.691375605042166441e+00 3.492557681941228509e-01 -8.661520792160071203e-02 7.930594924352868391e-01 -8.621672000540115732e+00 4.960219337227789183e+00 1.958859620507114130e+01 1.834705235105981274e+02
1.541697373517002397e-04 -1.816448213900991959e+03 9.590743080867167314e-02 1.422976345018594213e-01 1.816521982900095367e+00 1.332666156921508787e+02 6.837202704093383598e-01 8.152218720144370767e-01 4.704871989496114182e+00 3.212368683069761754e-01 -9.376380250622884382e-02 5.106406026597470893e-01 -6.595375036064382357e+00 4.474119658861352988e+00 2.011720042435027977e+01 1.832852849399702109e+02
2.075965852430661630e-04 -1.816150671384611314e+03 4.857069859072105089e-02 1.488168633254763618e-01 1.821865866527004663e+00 1.550010903990275324e+02 6.791485996035286909e-01 8.306665753751836245e-01 4.697614296264337241e+00 2.687345182595128890e-01 -6.456272185981948297e-02 6.155718720720009252e-01 -8.247930711658227665e+00 5.187428437306462747e+00 1.896390275243120627e+01 2.072767979982201894e+02
1.531959885444040355e-04 -1.816454550014507277e+03 1.594507731079580770e-02 1.467800535402784823e-01 1.863767938562856941e+00 1.475879027076794898e+02 8.045212507503315402e-01 7.329480410339026530e-01 4.692282880753790408e+00 3.726828089851847992e-01 -1.027640310661319667e-01 4.610683796316336625e-01 -6.445713755957171998e+00 5.340575770681921242e+00 1.863761365522664804e+01 1.873708051474556271e+02
1.383273747699930801e-04 -1.816556644930351922e+03 7.932190136801484104e-02 1.446494323878203259e-01 1.744404095457907644e+00 1.467086222112301925e+02 6.963573871608954580e-01 7.818006994580490865e-01 4.679065778095500505e+00 3.234288826012596818e-01 -1.074152495260602969e-01 6.580814422878189518e-01 -1.139063082522037007e+01 4.489905321517384529e+00 1.915155349483110925e+01 1.828966763259452080e+02
1.240060413391147942e-04 -1.816665937802139979e+03 8.293319375118216041e-02 1.487388257218552889e-01 1.800210217104888599e+00 1.376247125172008055e+02 6.544894449061463559e-01 8.031604293546892315e-01 4.687832539720294456e+00 3.333472365274661176e-01 -7.162879147969580806e-02 5.803224708640392082e-01 -9.219851381132770030e+00 5.688547501583873789e+00 1.915964509947565375e+01 1.818407139908074726e+02
1.550120079802693037e-04 -1.816442765502275961e+03 7.133885920158339333e-02 1.369712759067147345e-01 1.779058025742741300e+00 1.419102679709162373e+02 7.195018126158417848e-01 7.852764464678259060e-01 4.690136121018877446e+00 3.182433214205722116e-01 -1.234567342230579179e-01 5.335404969279567977e-01 -7.910732910577905841e+00 5.497608026260647485e+00 1.805301387937696589e+01 1.677162542714440860e+02
1.198546946622903043e-04 -1.816699987955772031e+03 4.666446494344156370e-02 1.477155829277502497e-01 1.817882709906773364e+00 1.932970254489214312e+02 6.924416163999137508e-01 8.521047843643014819e-01 4.717460636629576598e+00 2.815707334471464485e-01 -7.923863205415249134e-02 7.123972609494589880e-01 -5.404730511015685579e+00 4.830783842044050758e+00 2.042083053427434791e+01 1.877360501098819157e+02
1.516053236757488243e-04 -1.816464987497848597e+03 4.243372971504169588e-02 1.276424132279082302e-01 1.755053241611006953e+00 1.512624826152886328e+02 7.905060555957481583e-01 7.748360499452715544e-01 4.704440260658707906e+00 2.761897474639245509e-01 -1.087408976871890864e-01 5.287047807735262284e-01 -8.512047853488866167e+00 5.431106003312535790e+00 1.950132783297942041e+01 1.920166245181573856e+02
1.304779253998365036e-04 -1.816615064028604593e+03 8.062182742890430798e-02 1.370199397005390229e-01 1.838846391439967753e+00 1.361316688480763446e+02 6.719656125347207576e-01 8.327138517123298111e-01 4.708681612812481099e+00 2.819883750792886445e-01 -9.115896360660324937e-02 5.743485038835961509e-01 -5.828442681625290334e+00 5.080268141644195268e+00 1.978675898698023516e+01 1.660672116469454807e+02
1.241451047102605206e-04 -1.816664817006303110e+03 7.317854461842732139e-02 1.421663935905186638e-01 1.869488136480929263e+00 1.299222568021317556e+02 7.332582858573286622e-01 7.970380084924297837e-01 4.699546044184002014e+00 3.191107966343060820e-01 -8.302139827215304635e-02 4.134454441839013339e-01 -7.727427386217328831e+00 5.428411291323320675e+00 2.016557052833567454e+01 1.948470258604476726e+02
1.233786196959695306e-04 -1.816671010250737254e+03 5.963779703769281348e-02 1.221346902383561306e-01 1.825373264523494576e+00 1.488768828360553869e+02 7.139976181605792727e-01 7.728990279954197629e-01 4.689791393066131242e+00 3.514892278986347929e-01 -1.142033073022146183e-01 6.169559810866438454e-01 -5.575783544717012319e+00 5.361137786302649921e+00 1.890131617642465400e+01 1.890075550868399716e+02
1.419028285042173371e-04 -1.816531125569986443e+03 1.077790019958236034e-01 1.253218016968270232e-01 1.669094497887225081e+00 1.480165546616897814e+02 6.722901689750594434e-01 7.908974747890924473e-01 4.677183306847632949e+00 3.022509791578638083e-01 -1.354056561161023353e-01 6.821514231527979755e-01 -8.299396077573959474e+00 5.237513881348854206e+00 1.921940857209958153e+01 1.703793783929782251e+02
1.472368405603237623e-04 -1.816494225636508190e+03 5.812209994063693985e-02 1.412005310827892102e-01 1.855924591537824853e+00 1.418879465896272052e+02 6.466315156279001108e-01 7.994712219347295257e-01 4.679087342239727221e+00 3.128905107028192578e-01 -7.519560118457757625e-02 6.451574956581748177e-01 -7.462111504914219040e+00 4.854867118396444248e+00 1.925737200513399827e+01 1.719414458026620309e+02
1.574075583983356060e-04 -1.816427429731884786e+03 8.448004408818868272e-02 1.489467546956189936e-01 1.815017905149527877e+00 1.336845830301878664e+02 7.220427595525488185e-01 7.935822963813470299e-01 4.694675785033480153e+00 2.890775627806745351e-01 -1.044833122982014029e-01 4.746912077547200126e-01 -8.148178085488410716e+00 4.740051540570000554e+00 1.863769172399343432e+01 1.756933192076222099e+02
1.433370189751654873e-04 -1.816521069453565815e+03 1.105365724991800580e-01 1.374704744081278462e-01 1.788561024329518467e+00 1.300318045217845508e+02 6.277505359639454774e-01 8.471070329547716327e-01 4.696052044037789308e+00 3.153268597759963932e-01 -8.866120269867150405e-02 6.602573611574135137e-01 -9.510566235420213843e+00 5.131079890340783933e+00 1.981044083747474005e+01 1.866673003433089093e+02
1.710862598665629554e-04 -1.816344100214057107e+03 4.658117858059954153e-02 1.428637187632625649e-01 1.756680395920971804e+00 1.368784067612301101e+02 7.366304708720012862e-01 8.078229583902272193e-01 4.711965495299445195e+00 2.781979484336245534e-01 -1.133549076113031795e-01 4.231704601102445062e-01 -8.763459772992263197e+00 4.449674515692114696e+00 1.858327156924299928e+01 1.937276809478209998e+02
1.686653138690572895e-04 -1.816358351726986939e+03 7.238302954225006580e-02 1.254406591775877600e-01 1.767960347238001440e+00 1.553329102737018275e+02 7.014013947405977056e-01 7.864276947429333919e-01 4.689246960698098654e+00 3.334499702965150192e-01 -1.054954253131115127e-01 7.405100872026278980e-01 -7.701764016057268236e+00 6.193419350210449537e+00 1.880638146936608379e+01 1.833884101431528677e+02
1.682218338817189664e-04 -1.816360984538873481e+03 2.300112664126055528e-02 1.111114155162186423e-01 1.804299866189616353e+00 1.380878439982119801e+02 7.839897128446873253e-01 7.252083579273349567e-01 4.679702692472000436e+00 3.270965948262114509e-01 -1.158613446148635262e-01 3.579992282829750350e-01 -8.852104341782393249e+00 5.237650630919188366e+00 1.909019648925614021e+01 1.719728476441382270e+02
1.314622878673243206e-04 -1.816607548060826502e+03 2.254275621982299027e-02 1.484596010145454448e-01 1.810491918402905576e+00 1.354465276106394924e+02 7.406264711162797720e-01 7.829328920048514995e-01 4.702836017117236089e+00 2.775756246815139772e-01 -1.043283745672518581e-01 3.429091247763049743e-01 -7.306462016453679098e+00 5.174688126365345475e+00 1.874759777093415636e+01 2.009439716137027006e+02
1.815178076880385387e-04 -1.816284914324159217e+03 8.278560272720414392e-02 1.434042742385508162e-01 1.816743888062203993e+00 1.435983006866790390e+02 7.096638552936348487e-01 8.081114013330872314e-01 4.709461888948986541e+00 2.891243846522304484e-01 -8.585133070039230319e-02 5.526659684213086621e-01 -7.136580945295065703e+00 5.272285483358007951e+00 1.961068019226641468e+01 1.612420391906959196e+02
1.177836266837052755e-04 -1.816717418817976068e+03 3.744485676960918052e-02 1.448319888206768546e-01 1.849309314671722326e+00 1.358438834613335757e+02 7.323754033262970253e-01 7.989301152386403260e-01 4.703496382733771242e+00 3.127006558438776285e-01 -1.211650734659417417e-01 3.827735705590908366e-01 -5.528751445032185075e+00 4.578433612813848086e+00 1.953905661357669032e+01 1.891103612566713537e+02
1.246682612883815355e-04 -1.815817821563388861e+03 -1.014855816656751175e-03 1.401718234871780766e-01 1.851705807001196469e+00 1.556035672733816568e+02 7.534988752149534008e-01 8.063864546104604347e-01 4.700683013686447254e+00 2.696586799387388211e-01 -8.248090161627374961e-02 5.114715633749382651e-01 -5.283687551158124052e+00 5.547159447111260633e+00 1.983071199324293232e+01 1.914964979567671435e+02
1.207074318489172166e-04 -1.815850108164029734e+03 5.545685621137325105e-02 1.367363509411464173e-01 1.850435904212531568e+00 1.257266897438130115e+02 7.101748187727954242e-01 7.865035374689404168e-01 4.697632418229062523e+00 3.181388344722599903e-01 -9.554405801541809851e-02 4.495201684285722865e-01 -6.930042093236068013e+00 5.281740920568878117e+00 1.994817001573734316e+01 1.786702492212270954e+02
2.154492051333202322e-04 -1.815270752688414177e+03 9.199893620641552694e-02 1.438247284093327749e-01 1.850087522191349976e+00 1.426551399594623888e+02 6.786840056170156954e-01 7.975516989080360108e-01 4.694431089160876702e+00 3.066588903337541527e-01 -8.249212859546961596e-02 5.956962221736307184e-01 -6.423093087936564416e+00 5.915050572500746284e+00 1.991024476456415471e+01 1.975335163731049022e+02
1.322510583043560312e-04 -1.815758775790128993e+03 5.794077993141000249e-02 1.486048530990194128e-01 1.763135284746614850e+00 1.482694653721353006e+02 6.890350429157124923e-01 8.004256000566039031e-01 4.693273431965461207e+00 3.043850218403973962e-01 -1.444505168007266249e-01 6.334726286427069253e-01 -8.313024709123396860e+00 6.076626620652669786e+00 1.951790618162030455e+01 1.821389077978519140e+02
1.359711783405946552e-04 -1.815731034923825973e+03 2.706365874743646427e-02 1.266193223665810497e-01 1.747660306889653015e+00 1.740913882200876515e+02 6.729625709791214883e-01 7.937050919131709570e-01 4.681873885499747701e+00 2.881338582317523045e-01 -1.407185537358546235e-01 6.848067868753535681e-01 -8.603389348318756902e+00 4.570194473665689650e+00 1.962113491468176107e+01 1.804825348125700373e+02
1.646586327435025938e-04 -1.815539603424814231e+03 2.758082301879238862e-03 1.167929378562662934e-01 1.812554714964672797e+00 1.446906307680106067e+02 7.316804807336108052e-01 7.732034897682573682e-01 4.689689645160139975e+00 3.038329263313839235e-01 -1.121418803785636520e-01 4.634926175206482424e-01 -7.479601787650153710e+00 5.254259509466230327e+00 1.905319273267713953e+01 1.649572691557141866e+02
1.488609351002442339e-04 -1.815640465314481844e+03 1.944099726440395859e-02 1.398147516456800521e-01 1.887470184994789690e+00 1.262714958646515697e+02 7.385221364574924285e-01 7.674191119540820782e-01 4.690140933132523671e+00 3.263639646748661693e-01 -8.050582123026250869e-02 3.895674884935978466e-01 -8.945097013657232310e+00 5.277019265900739775e+00 1.939093451337136997e+01 1.969536046807156424e+02
1.595215556830585201e-04 -1.815571298804694834e+03 2.392605631306707337e-02 1.323299889540204555e-01 1.830798873796830151e+00 1.487730006376091580e+02 7.460478917183610559e-01 8.127605352662290450e-01 4.701516854550728652e+00 2.960288101799455340e-01 -9.836311840066569445e-02 4.686272526303817965e-01 -8.728305983399764045e+00 5.086872421971699865e+00 1.915999777365773227e+01 1.682365377539265410e+02
1.731009666392986678e-04 -1.815489602816687693e+03 5.714554651762751569e-02 1.432318688305244947e-01 1.733861324220415945e+00 1.352979765473572229e+02 6.772191572026771134e-01 7.886383190561392365e-01 4.685926646564356091e+00 3.002890775742166340e-01 -1.342780328867561046e-01 5.222600321251698041e-01 -9.161505636557620846e+00 5.570409280140964370e+00 1.880567843511693482e+01 1.696116232799360546e+02
1.731500417614490969e-04 -1.815489319351101813e+03 3.657791072207955407e-02 1.310223603002071135e-01 1.773325264389706390e+00 1.578656220155888832e+02 6.412939500663819015e-01 8.451886310048077888e-01 4.695426415273125542e+00 2.788061353375062001e-01 -1.076421255963402324e-01 7.076922523410554833e-01 -5.735671564997574023e+00 4.982126615479365306e+00 1.936686907558993198e+01 1.680352235808679779e+02
1.869680037692055723e-04 -1.815412540363760399e+03 -2.619300742319959074e-02 1.217308861339840564e-01 1.825470953161049792e+00 1.668092636194549243e+02 8.370959700418861837e-01 6.770733064856355732e-01 4.674146573637823820e+00 3.406705816503379225e-01 -1.228214932236322277e-01 4.071015164459918512e-01 -7.511180162764418355e+00 5.059553715423770193e+00 1.916116144194512927e+01 2.084791722673233778e+02
1.474263710045601976e-04 -1.815650148991618607e+03 3.126044307207601070e-02 1.248535911558142086e-01 1.770677275108198501e+00 1.701260316582443295e+02 7.387414134561897106e-01 7.936149647832559939e-01 4.708754991279740842e+00 2.928101792996644637e-01 -1.472619167098683235e-01 5.864051779637230455e-01 -9.848306092263499067e+00 5.105034911389472185e+00 1.827765338086140190e+01 1.847337183856048171e+02
1.221112005608300391e-04 -1.815838545753542348e+03 8.682050904475516195e-02 1.348777670215589308e-01 1.760188654122739393e+00 1.456181963564523869e+02 6.357206339521579430e-01 8.497027329511959159e-01 4.691670808841827522e+00 2.624940158019188896e-01 -1.025890969632756722e-01 7.095331927750969658e-01 -9.715938337559862248e+00 5.581281829233897263e+00 1.935624752806541693e+01 2.031151961138837407e+02
1.286208169701972745e-04 -1.815786609190637137e+03 7.819126913980087301e-02 1.369502249230155899e-01 1.845263466414897024e+00 1.371899161387049446e+02 6.857185672089332051e-01 8.199105871328571382e-01 4.705898608982165499e+00 2.739132054367638958e-01 -7.638034484483435804e-02 5.607768931802245005e-01 -5.510209154561721334e+00 4.679349265945265124e+00 1.938280986319895760e+01 1.885583082632519165e+02
1.471010709323970138e-04 -1.815652357955254047e+03 9.720911354220970746e-02 1.342333615952940040e-01 1.784627726847874740e+00 1.546867087189273775e+02 5.703108894448776223e-01 8.763000688070903266e-01 4.698702261319444240e+00 2.703363769247411064e-01 -9.104145049394407607e-02 7.208955895793922597e-01 -7.399270443325974611e+00 5.189508562639222333e+00 1.990499808348889133e+01 1.807410545031309255e+02
1.201095025666082004e-04 -1.815855074015060836e+03 5.948956493698775994e-02 1.449328966437211930e-01 1.770785843378754443e+00 1.571917920625375302e+02 6.890856791543081838e-01 8.288105229548563546e-01 4.708576393611559219e+00 3.295440491030225960e-01 -1.066223126904655150e-01 7.037827295561166485e-01 -1.117675204749721729e+01 4.725549619545077462e+00 1.990224841807975054e+01 1.886359677562837760e+02
1.256493640485881527e-04 -1.815809982660452533e+03 3.539759776209255859e-02 1.357813227322677563e-01 1.780727392484824811e+00 1.546346902843695545e+02 7.504036495468603407e-01 7.581413305716868667e-01 4.683762769634384426e+00 3.074212926240724730e-01 -1.242636218215751320e-01 5.686202071264739866e-01 -5.170739168741846470e+00 4.733118468652985911e+00 1.969052710889507196e+01 1.593842859392264870e+02
1.183058578662508144e-04 -1.815870204576334800e+03 1.389636893473313040e-01 1.490022367507739809e-01 1.770094409721339801e+00 1.409163469767837853e+02 5.505942411467639186e-01 8.953346917761149104e-01 4.692343913635980357e+00 2.784166120634474773e-01 -7.895730939813394578e-02 8.531840929678524699e-01 -9.501245676790773587e+00 5.209768073629716945e+00 1.955442957006026106e+01 1.832203079526303213e+02
1.178346004983340655e-04 -1.815874195912650521e+03 1.196733196480830042e-01 1.051846344570961100e-01 1.778719483520124989e+00 1.556900156476330608e+02 6.103352227836801314e-01 9.089010724220027981e-01 4.721905115536761954e+00 2.770207354052867110e-01 -7.104191134907678062e-02 7.890013726850544362e-01 -7.569153132689535823e+00 5.005190384520075142e+00 1.893343278714620936e+01 1.843535157221987220e+02
1.672206027977177082e-04 -1.815524163947603029e+03 7.279672622819199912e-02 1.316822849413828156e-01 1.806270966453665139e+00 1.535125407977262739e+02 7.110708319591355631e-01 8.115622978917704788e-01 4.704495932965282456e+00 2.866053361835365632e-01 -8.198069083660253220e-02 5.312825514024848150e-01 -7.607332951969084434e+00 5.571245061052110259e+00 1.913880270849321974e+01 1.645872912715806820e+02
1.170093626349889767e-04 -1.815881223909019354e+03 6.852510101977310475e-02 1.251117535803728253e-01 1.880700018826582998e+00 1.557260618581284461e+02 7.145199107374103908e-01 7.946608624219551054e-01 4.699662871197254788e+00 3.073636082537021252e-01 -6.469912714029302236e-02 6.799582224944318298e-01 -9.724274951796502364e+00 5.362454491212975682e+00 1.962210443391032655e+01 1.991969055226215914e+02
1.428967022652435654e-04 -1.815681355855687343e+03 9.879720081585588454e-02 1.426306594693773910e-01 1.730042203831986924e+00 1.355642771630147081e+02 6.547375053232044051e-01 8.123853249820554012e-01 4.685866778398689370e+00 3.024734808642886019e-01 -1.029900575955138287e-01 6.385418755608421870e-01 -1.054132690516041748e+01 4.986984989256870726e+00 1.881943679141828696e+01 2.028583328114427218e+02
1.318257682683154940e-04 -1.815761996749796253e+03 1.578912238636270837e-02 1.381346016618035522e-01 1.831812517119887573e+00 1.279419029642898380e+02 7.666376142183105591e-01 7.602902891902512117e-01 4.696271227441570772e+00 3.225028704191597040e-01 -1.101415237480458664e-01 3.582531307808839993e-01 -6.159968473304729741e+00 4.714760527723016459e+00 2.002237545848750599e+01 1.996366861008296212e+02
1.237683846930090405e-04 -1.815825065909546538e+03 7.179061113046328324e-02 1.152209691157064786e-01 1.709942356333844948e+00 1.406216534260896651e+02 7.134772363362150704e-01 7.949569061591286179e-01 4.700363005849300002e+00 3.128729526600759758e-01 -1.167480710420751855e-01 4.941063122954644782e-01 -8.997263506057748828e+00 4.840297065594745263e+00 1.870324676109358464e+01 1.827738933637588161e+02
1.169510061507055270e-04 -1.815881722766888288e+03 1.166109040959960874e-01 1.466524450935376700e-01 1.791805399839859092e+00 1.525373736927933237e+02 6.529357420796656486e-01 8.334642575041919521e-01 4.703929749794195203e+00 2.706868123036310081e-01 -9.847376878105151832e-02 7.069122111921141149e-01 -4.883271791494223635e+00 5.450705409407508029e+00 1.818730083349051796e+01 1.831000567862661796e+02
1.168707579383102289e-04 -1.815882409171901600e+03 4.407903501778021038e-02 1.227640833295149669e-01 1.773591230091776438e+00 1.335718539967891729e+02 6.979711104011665501e-01 8.288115428544837737e-01 4.698884126406231765e+00 2.700854131843211103e-01 -1.133425436314503543e-01 4.935051007101558529e-01 -8.103592282225690724e+00 5.119191799451749958e+00 1.874084847406320975e+01 1.933244314003590318e+02
1.505614584580899158e-04 -1.815629106500457056e+03 5.948913698391564142e-02 1.491060724254867631e-01 1.741537515489413934e+00 1.379333249425703229e+02 6.734998052965800452e-01 8.035673874968523034e-01 4.687026745352538271e+00 2.868591957529624814e-01 -1.231039923843697537e-01 6.016903774104888081e-01 -1.161936017969009072e+01 5.155345569075597822e+00 1.857388861405928537e+01 1.878291828429306065e+02
1.174338051598263426e-04 -1.815877603048641504e+03 7.281518490882626926e-02 1.392832255790008855e-01 1.802411677382266930e+00 1.401721537333846470e+02 7.029498058929478654e-01 8.353148146445363853e-01 4.701928547056654750e+00 2.958059743073859771e-01 -1.081648263769361407e-01 5.620857166102545266e-01 -6.274119829213219646e+00 5.695739823247891742e+00 1.854091433144366974e+01 1.949682917244225280e+02
1.593469975749587438e-04 -1.815572393664151832e+03 4.333016547838286492e-02 1.379268968399688100e-01 1.843383021299964675e+00 1.395660140829682518e+02 6.858531675877671541e-01 8.344358943281198204e-01 4.703874638153717314e+00 2.949291767765647165e-01 -8.299557232197729562e-02 5.387048220878656313e-01 -7.636681787709562741e+00 4.827462629083623114e+00 1.951722814201983880e+01 1.639443502448359027e+02
1.873500017660745915e-04 -1.815410499328470451e+03 1.215948291001195392e-02 1.414165509739066240e-01 1.901523386764690571e+00 1.607112648491278151e+02 7.550814600283218825e-01 8.108223631489586136e-01 4.728163582087280936e+00 2.891317543941291923e-01 -9.218979375443736579e-02 5.305483318239521129e-01 -3.610685901519133267e+00 5.055429321097371087e+00 1.911988625333016500e+01 1.829604247274136810e+02
1.226763154986089573e-04 -1.815833928557773334e+03 9.808049917371355897e-02 1.452808576924029260e-01 1.765095546432194240e+00 1.540964101952929752e+02 6.423592970048468409e-01 8.774478867806085880e-01 4.709012962773837963e+00 2.567742122971681251e-01 -1.064881164279498638e-01 7.784341548804064592e-01 -6.442885080732565939e+00 4.553439257904412507e+00 1.980062274480642870e+01 1.929547866709316963e+02
2.203005844293354535e-04 -1.815248484956452558e+03 5.140311053661972274e-02 1.336807346920542983e-01 1.823796839924954227e+00 1.563587040420069627e+02 7.470347738317268949e-01 7.923998053151859455e-01 4.708727852795791868e+00 2.840541866121788495e-01 -8.905971686607427884e-02 5.244358047650862220e-01 -4.590385707728870557e+00 4.684376599123352136e+00 2.002177978337959985e+01 1.782057992174618164e+02
1.239945519628303061e-04 -1.815823240234280547e+03 4.628192961517951787e-03 1.308273269446567910e-01 1.844990372588187988e+00 1.310723674385215247e+02 7.453389688465511531e-01 7.785492425234201708e-01 4.698785897188660243e+00 3.124095322193485291e-01 -1.016278191258725982e-01 3.933985492505887027e-01 -9.484630880029783384e+00 5.436118668427525336e+00 1.931894573308057161e+01 2.075775379340242353e+02
1.436465294120575277e-04 -1.815676122238030757e+03 8.084970334108404488e-02 1.471912002959722410e-01 1.802785061059723581e+00 1.264970964544434509e+02 6.977297188136282191e-01 8.017143801573234363e-01 4.688530998987978649e+00 2.998845276578998575e-01 -9.331139942464394821e-02 4.286737868197267320e-01 -4.992884646259739156e+00 4.993048534191579790e+00 1.875350932022790218e+01 1.842110673135928209e+02
1.252626992056761132e-04 -1.815813064737447803e+03 1.416209795835857432e-01 1.079440671089062220e-01 1.755194607842422094e+00 1.622129820822573265e+02 5.846084623595018126e-01 8.654135545291670173e-01 4.701413011957615851e+00 2.948085740894978990e-01 -8.204471079274933132e-02 8.200695943087953355e-01 -6.490182468483311595e+00 4.992906808546915265e+00 1.926804966267081554e+01 1.896645252615809625e+02
1.593055701891420975e-04 -1.815572653680170788e+03 6.864616403807194400e-02 1.169832086480750710e-01 1.805063114895381737e+00 1.278578830641146453e+02 6.911842314781946328e-01 8.345025945023558656e-01 4.707044217949106546e+00 2.882608358087292988e-01 -8.501629509528685347e-02 4.885019755893384996e-01 -8.207199369724918370e+00 5.209329431255849130e+00 1.862722168986763549e+01 1.938546146243811279e+02
1.686089488544539070e-04 -1.815515895741549002e+03 3.716632311531367638e-02 1.493167578163211717e-01 1.832289051636165844e+00 1.500490841826022859e+02 7.704566435777907563e-01 7.218357564664799053e-01 4.677398653512080173e+00 3.534116761652728034e-01 -1.038781139662814379e-01 4.699931908076634413e-01 -1.014075678457780327e+01 4.596521146427057225e+00 1.908467786597156746e+01 1.968235054825867678e+02
1.460662855652244691e-04 -1.815659417333739384e+03 1.002634921890643016e-01 1.276020896089160861e-01 1.761677572307236872e+00 1.502196204071494492e+02 6.527551149125904173e-01 7.833761081711183571e-01 4.676462272016333799e+00 2.811951211409615681e-01 -1.074122836138093895e-01 6.845716734913861456e-01 -9.750696231150044468e+00 4.821961802685126308e+00 1.941279847198018516e+01 1.795761154904157308e+02
1.431220527395775735e-04 -1.815679780081252829e+03 7.249745439910573741e-02 1.476346619785407210e-01 1.823589499743817122e+00 1.254380445228306371e+02 6.853794088921113525e-01 7.924071935221903562e-01 4.685830926056482326e+00 3.446058320344083103e-01 -8.941149129713776844e-02 4.853275866962730722e-01 -7.461437141403450823e+00 5.672855661436826402e+00 1.883852460519519667e+01 1.914650009229576995e+02
1.887514898445210882e-04 -1.815403046581822764e+03 1.051224010172698564e-01 1.459896002449397601e-01 1.823739227599221913e+00 1.364291368884157407e+02 6.441284689050813528e-01 8.643356396192831692e-01 4.708902533749077968e+00 2.723069279229937134e-01 -7.633582764846913449e-02 6.559268211745253874e-01 -7.841197812947910961e+00 5.101001814883265872e+00 1.997034730412849868e+01 1.906066211853743084e+02
1.360178278712482211e-04 -1.815730691898703299e+03 5.941540645317652802e-02 1.283687110671440645e-01 1.761006506837797581e+00 1.312395504323656610e+02 7.092552837120452702e-01 8.278345550258023877e-01 4.700487741292916688e+00 2.848457244812256928e-01 -1.065357996138909247e-01 4.735624986997224450e-01 -8.546788102649088614e+00 4.643730936129464304e+00 1.913961784872719818e+01 1.852070750204415504e+02
1.869327841769474220e-04 -1.815412728753801275e+03 6.012097664265297903e-02 1.359112079659617056e-01 1.765007401150598731e+00 1.284007095523083990e+02 6.959986399775655030e-01 8.262074083177164407e-01 4.708939236726449096e+00 2.885048662333846714e-01 -9.791280536555002634e-02 4.155435813891072971e-01 -8.557009378797062027e+00 4.611355144824247354e+00 1.897443226526984716e+01 1.921668311529045639e+02
1.731764914962718061e-04 -1.815489166606611661e+03 4.067435447328854314e-02 1.480517214563345785e-01 1.787834262370264327e+00 1.437007872981559444e+02 6.912559523648484916e-01 8.202489996258761629e-01 4.708611927166985289e+00 2.729820738041848216e-01 -1.068128960911982617e-01 6.224898876408623272e-01 -4.869754722170682726e+00 5.347915343495546203e+00 1.882153170428246725e+01 1.726905828119472801e+02
1.911990124353218933e-04 -1.815390163027620019e+03 1.019554965078946773e-01 1.352098364168386191e-01 1.745357207921061082e+00 1.433274529270601079e+02 6.788760237245468065e-01 8.103076877993942162e-01 4.688141836546388497e+00 2.839215813829474300e-01 -1.080340341266028403e-01 6.244411563171893276e-01 -9.819667895811505787e+00 4.692721133528365840e+00 1.976868229143335753e+01 1.793714720452865947e+02
1.365761082109565679e-04 -1.815726595834584714e+03 5.984242093848640698e-02 1.205431777128602999e-01 1.819875901280874508e+00 1.437786419550681387e+02 7.240517442544475157e-01 7.911116571820273613e-01 4.696556703479068062e+00 3.228397591206608741e-01 -9.869338188300513792e-02 5.396689221980116580e-01 -5.244600203351353684e+00 4.566381606108782520e+00 1.871836425724959696e+01 1.712449574266434809e+02
1.368335875218908615e-04 -1.815724712365263258e+03 4.933080066309120104e-02 1.319289579259087242e-01 1.835079398802499817e+00 1.455568599705835879e+02 6.901714491650203787e-01 7.928413162898360067e-01 4.693590280795090663e+00 3.391808461063272606e-01 -1.011669963290657837e-01 5.480629389630494730e-01 -8.141107946027631215e+00 4.431233695122660521e+00 1.965491090536875163e+01 1.847038917318464257e+02
1.955188853245312089e-04 -1.815367820888251345e+03 3.177639154061787097e-02 1.238839588915589263e-01 1.788379357002744641e+00 1.428850285430075076e+02 7.726666810583959766e-01 7.504385895704961396e-01 4.690689743444838022e+00 3.239192223275659810e-01 -1.132381896617931094e-01 3.939616154652419433e-01 -9.080012625321472797e+00 4.513013008857091890e+00 1.841850568401404331e+01 1.830578340137915063e+02
1.387910586833187361e-04 -1.815710508235847101e+03 9.593473217376030648e-02 1.319137536115774501e-01 1.804830174624160399e+00 1.443703365793697060e+02 6.986970112870091176e-01 8.116285820968489606e-01 4.707857590223811783e+00 2.905121364950131735e-01 -8.700647047562792835e-02 6.316640216808225849e-01 -8.991678164136317264e+00 4.475440647355721779e+00 1.943445208190208717e+01 1.859480264553863265e+02
1.629899444200482632e-04 -1.815549789354907489e+03 3.372236713279364029e-02 1.331761811586696653e-01 1.812277801096168872e+00 1.501364087440430239e+02 7.070200587374719792e-01 8.415319415669071379e-01 4.716059505806390106e+00 2.963823927558297822e-01 -9.183978912674706230e-02 5.372036579283597790e-01 -8.817391128434763914e+00 6.095277120573672214e+00 1.918223873592528150e+01 2.010494881138951087e+02
1.312590520527269814e-04 -1.815766304996022427e+03 3.417462345870542206e-02 1.414220404350904070e-01 1.768657107042515442e+00 1.409494126985472917e+02 7.392020756871202636e-01 7.665164449354620047e-01 4.695474970446374741e+00 3.145711279710681207e-01 -1.150001244313130222e-01 4.913571675617547929e-01 -9.181995306865161410e+00 4.813910982646163461e+00 2.035898828874704947e+01 2.012411167607941422e+02
2.189946514369053930e-04 -1.815254430556281022e+03 1.088616537428998277e-01 1.422729898264701587e-01 1.745834714102465490e+00 1.463708123289757452e+02 6.709313308454060154e-01 8.217305236863174933e-01 4.712562328315085480e+00 3.136165048326406968e-01 -1.012833632719907229e-01 6.347772256103083599e-01 -7.267659005984796750e+00 5.725416672787475569e+00 1.918074802109770616e+01 1.848656816726737020e+02
1.254686217182299571e-04 -1.815811422161976225e+03 7.355384226254502167e-02 1.352699716514032258e-01 1.778466737229530636e+00 1.727332838190829136e+02 6.157793970048759391e-01 8.850985998151288392e-01 4.713916279684623234e+00 2.589609371599568277e-01 -8.698540891477080095e-02 7.989093243326933491e-01 -5.756205459803624080e+00 4.812294911449743751e+00 2.003047938767632630e+01 1.618328812097728928e+02
1.149030876302547854e-04 -1.815899388806317120e+03 1.107078588622369131e-01 1.410418482001095375e-01 1.793206427424339111e+00 1.312945383024854209e+02 6.750326650461323519e-01 8.244904343463874685e-01 4.705740698369927699e+00 3.018648250321480653e-01 -9.736350442190566667e-02 5.669172782666286325e-01 -8.354886692590127950e+00 5.637415805266443591e+00 1.915301889328235774e+01 1.703518292396106801e+02
1.809936747747828499e-04 -1.815445015778477227e+03 3.339157528703079469e-02 1.092830265637761145e-01 1.751911874923551160e+00 1.388747240000481895e+02 7.585899379939980980e-01 7.717067774645534062e-01 4.690899826032651987e+00 2.752818688807396885e-01 -1.141494567235628033e-01 4.169929496913171163e-01 -7.872327949249211088e+00 5.478274162863838725e+00 1.895525597873215418e+01 1.864148511979172440e+02
1.957368600140920161e-04 -1.815366706656883707e+03 -9.726176482222959052e-03 1.076119730309120504e-01 1.797090928725356029e+00 1.542491091477317013e+02 7.801230079396305195e-01 7.383515168373420146e-01 4.695223960166280186e+00 2.930032125166730506e-01 -1.424061752506515788e-01 4.670073391281776010e-01 -6.474935352936199706e+00 4.945751793849262334e+00 1.914164078183078033e+01 1.831792538940006807e+02
1.469331752791297767e-04 -1.815653499969653240e+03 8.299634461684188280e-02 1.487847709776055904e-01 1.834142719641150165e+00 1.406038223265369709e+02 7.138447361768203159e-01 7.790959163542450217e-01 4.686658334451698771e+00 3.425585042047603057e-01 -9.477042480129949098e-02 5.048654376495751439e-01 -7.204586685518222566e+00 6.046293457688478590e+00 1.969729618681914474e+01 1.969805626048442093e+02
1.430491049225841220e-04 -1.815680289900755042e+03 6.083701075781508538e-02 1.375285073086990606e-01 1.804806473208842021e+00 1.250549001692206161e+02 7.072357889633711370e-01 8.075069754615107342e-01 4.699376442132095377e+00 3.043001892830978772e-01 -9.100203319248301170e-02 4.702820339570211727e-01 -7.620249451422409948e+00 5.886641490638111485e+00 1.893684433866249606e+01 1.896373679691654104e+02
1.398788024834821087e-04 -1.815702701512005660e+03 5.409610071982365320e-02 1.325465972578837859e-01 1.841276457278507195e+00 1.251482129071418683e+02 6.783285399570589957e-01 8.206609995659410739e-01 4.707004282166691311e+00 3.117109951927918843e-01 -8.225532346118358262e-02 4.366826260312589580e-01 -8.067213661376655409e+00 5.417239343084134795e+00 1.878574540809218973e+01 1.946915830767777038e+02
2.074019577688365052e-04 -1.815308819127806146e+03 3.111909615927488382e-02 1.467044945347254770e-01 1.793508198516720498e+00 1.298428293794505635e+02 7.269009819384784077e-01 7.950691715112263580e-01 4.693932837791114920e+00 3.204157600359942570e-01 -1.179801759078684675e-01 4.813643062072613388e-01 -9.341078007458833099e+00 5.186616554465062201e+00 1.872023708616887916e+01 1.913546961025295445e+02
1.478019429654381313e-04 -1.815647604708799463e+03 5.151830351104724759e-03 1.407668861534475957e-01 1.796274528426111239e+00 1.386092924471247443e+02 7.570547135825530516e-01 7.732630792846759693e-01 4.701744795743951322e+00 2.963140760281615105e-01 -1.319787562196825803e-01 4.355302132864684039e-01 -8.539459302008594932e+00 4.582392776622201680e+00 1.912087589656685793e+01 2.116010271947539252e+02
1.339556058532221110e-04 -1.815745969417680499e+03 2.025076702963135578e-02 1.375417293714683853e-01 1.779681226065207511e+00 1.577199009102395735e+02 8.496519184164565974e-01 7.412703339371413680e-01 4.702150698356803105e+00 3.194964701406604046e-01 -1.375469041135093384e-01 4.089153877608819321e-01 -8.457669359645933582e+00 5.339054782376062569e+00 1.869283795115683944e+01 1.868270926645283510e+02
1.148222116654059390e-04 -1.815900092916560425e+03 6.646928878235089377e-02 1.097173335176207798e-01 1.780122053640552870e+00 1.607314316735545106e+02 7.137564462992294079e-01 8.284131531293503770e-01 4.708557710976468691e+00 3.004733463752318201e-01 -1.027748879776071433e-01 6.016014788017087778e-01 -9.518194387261530665e+00 4.711562899317067732e+00 1.859658362268301701e+01 1.660917124685167323e+02
1.236680702285711231e-04 -1.815825876739704654e+03 6.859526016265579673e-02 1.212533316536896499e-01 1.816207635342491855e+00 1.512026788752283437e+02 6.730665421724220110e-01 8.067631311146621353e-01 4.699204139082350906e+00 2.966397595805119192e-01 -7.955502121571411678e-02 7.264603260857048772e-01 -8.245614855942903887e+00 5.850566789012523472e+00 1.853233273019150218e+01 1.791171884644173815e+02
1.162826602957701505e-04 -1.815887453909347187e+03 5.799126235473459068e-02 1.398809364111862352e-01 1.724059024738282098e+00 1.359138673920807037e+02 6.847165126304741722e-01 7.968967485143527707e-01 4.696939339712361772e+00 2.753663929276504163e-01 -1.221303225362522227e-01 5.208841532632336735e-01 -6.658110730626873419e+00 4.638552543395291217e+00 1.946777080056716258e+01 1.851723984148706563e+02
1.199407731990652734e-04 -1.815856479798868349e+03 8.312379270034256362e-02 1.258976632092944359e-01 1.727083236062282978e+00 1.449133362807985179e+02 6.600514528118291979e-01 8.684596922915148731e-01 4.713688333590972057e+00 2.896156442830490896e-01 -1.171580911507028588e-01 6.531949412870886595e-01 -9.058694615471011957e+00 4.490159836752494193e+00 1.947212108753082305e+01 1.855012146175172347e+02
1.827173781757506356e-04 -1.815435537285635064e+03 5.911825640637452528e-02 1.374262517077494417e-01 1.869432017427987702e+00 1.493327514369304367e+02 7.522693220842502360e-01 7.876666822117064370e-01 4.709883235221036024e+00 3.286578358981249171e-01 -1.016098266150990970e-01 5.288351775901635188e-01 -7.052850991750233334e+00 5.635368453465350314e+00 1.923516468170094385e+01 1.750975186242282859e+02
1.818549654005764942e-04 -1.815440268387151718e+03 4.993880111473217309e-02 1.037851351941568578e-01 1.774941067176978748e+00 1.533477565992605491e+02 7.430059225772887022e-01 7.885532715899452594e-01 4.702382505408605695e+00 2.755241443948623914e-01 -1.194093591844498370e-01 5.329217511444277466e-01 -1.068830570780360745e+01 5.174290107935686223e+00 1.862383535470402052e+01 1.812861929426851191e+02
1.484834462727646544e-04 -1.815643004384018241e+03 8.618679993324104838e-02 1.249783574894509919e-01 1.764595482422044448e+00 1.430445210607232696e+02 6.593757535013358151e-01 8.109359980231714005e-01 4.694803902033387821e+00 3.299536703582730546e-01 -8.881541361754941022e-02 6.265388588287421623e-01 -9.909480471439934490e+00 5.582866436794398091e+00 1.915687293032908300e+01 1.935718658482574597e+02
2.214935703099253314e-04 -1.815243084302019042e+03 -3.109020445750895756e-02 1.120862946966804385e-01 1.875618746337365472e+00 1.667491542012874959e+02 8.678017905225431372e-01 7.396678944110361975e-01 4.709546916996199428e+00 3.146710440598410319e-01 -9.694555635552259965e-02 3.207058733094279579e-01 -5.717595756183101230e+00 5.357838776845702533e+00 2.025347514213171607e+01 1.900788517586125010e+02
1.654136613498547327e-04 -1.815535028488130592e+03 1.240098731934359544e-01 1.370997018915592613e-01 1.725737503493655289e+00 1.423749095646646481e+02 6.226093417074131109e-01 8.259155898338450541e-01 4.692777747805291000e+00 3.001010949019851104e-01 -1.041105467111733685e-01 6.465600087285454656e-01 -9.388365058227918780e+00 6.002368109924383077e+00 1.921074977445025311e+01 1.995428929907149325e+02
2.095649968802030345e-04 -1.815298443924253206e+03 7.397024756761991227e-02 1.448916185357304320e-01 1.773078283811529765e+00 1.381035938314684870e+02 7.064161253425903508e-01 7.804372453621082339e-01 4.685044901843404830e+00 3.381729029519979779e-01 -1.106726894808518491e-01 5.298679084725871347e-01 -8.358965148793373601e+00 4.755756449658643525e+00 1.982972011527217404e+01 2.069733362124417511e+02
1.514613566217479527e-04 -1.815623147342527318e+03 6.185038215621896374e-02 1.386551229181264000e-01 1.843017794360669370e+00 1.439178527015587292e+02 7.063808593259149893e-01 7.921038218670033437e-01 4.696074746912042741e+00 3.124424839154851252e-01 -8.752793776652079139e-02 5.138023703113256957e-01 -3.064662678564843645e+00 5.864919308919747110e+00 1.882144481282077564e+01 1.787337694473893919e+02
1.212116528342389675e-04 -1.815845939648626199e+03 3.261804018275854533e-02 1.495267005418974005e-01 1.840522730039092281e+00 1.413403319719177205e+02 6.800986759752503108e-01 8.174442970667161745e-01 4.684214945431826038e+00 3.123136283792637968e-01 -1.086510062599428394e-01 5.250752655931565371e-01 -5.881098695623762751e+00 5.028063448655251122e+00 1.950420456256596324e+01 1.842212843259710553e+02
1.986476146762451895e-04 -1.815351945388618788e+03 8.777451116564854994e-02 1.337508761747373265e-01 1.780857887464426526e+00 1.446347401223458746e+02 7.167926940157013371e-01 8.391114604930631771e-01 4.709587829072512832e+00 2.874637726293995943e-01 -1.026386262551886031e-01 6.019106310434443330e-01 -8.833968039410251549e+00 5.291097904039032684e+00 1.926459866544771771e+01 1.772745054277316115e+02
1.390432447778219166e-04 -1.815708692864882323e+03 1.368762395603121129e-01 1.469531220483750455e-01 1.790665281198719150e+00 1.373914794160814665e+02 6.278200524987971320e-01 8.468240116433884968e-01 4.692826929041947537e+00 3.019814941051475188e-01 -1.048513935028219102e-01 6.893305263093558732e-01 -9.867491173034693475e+00 4.729998828059689409e+00 1.918344323907128413e+01 1.797850001489117346e+02
1.831321349966809830e-04 -1.815433269921685223e+03 1.106789967749333969e-01 1.495848084626439645e-01 1.804926594917668048e+00 1.227925423113770620e+02 6.694339242953452063e-01 8.062012130736446736e-01 4.692452120158625561e+00 3.249814902816972051e-01 -1.046946296045785374e-01 4.846615845621843333e-01 -7.181664857842093852e+00 5.533170521859420710e+00 1.937949303598196593e+01 1.973388089392116171e+02
1.503893309020292064e-04 -1.815630250392288644e+03 3.485711500433907872e-02 1.357107415727064337e-01 1.780724553858785697e+00 1.274362278266838615e+02 6.867615756604470434e-01 7.963075795113014888e-01 4.691645377038390130e+00 3.173929230696734827e-01 -1.179081689115513143e-01 4.220609738600164529e-01 -8.100070086794659119e+00 4.994934561079134028e+00 1.933426134559390519e+01 1.769877830478535543e+02
1.555510324753854199e-04 -1.815596504002236316e+03 9.982745549074212299e-02 1.485213005741733705e-01 1.787924899860999339e+00 1.306697112226584636e+02 6.280306035602399861e-01 8.844284278654424014e-01 4.714216100106134455e+00 3.061500986999916574e-01 -8.996697102068162977e-02 6.104133051751302608e-01 -9.521691832285654300e+00 5.047478864015242372e+00 1.842760129780407397e+01 1.905539876146814606e+02
1.151828092556474886e-04 -1.815896957351221545e+03 1.288171383531569181e-01 1.479030243856293836e-01 1.822404449905515200e+00 1.382728137457231696e+02 5.817409242994799889e-01 8.460429232277133504e-01 4.690762725095846797e+00 3.071922321630340402e-01 -8.235042260559133354e-02 6.481295324007608771e-01 -7.845829371875709057e+00 5.252739734957989626e+00 1.902482462719545708e+01 1.686372211139578496e+02
1.547345151127105288e-04 -1.815601767020470788e+03 5.128563493190702038e-02 1.372751083872613409e-01 1.774672255329379666e+00 1.576157237030330407e+02 7.059935647259537594e-01 8.328988632242366741e-01 4.718434661215938242e+00 2.843098610128516057e-01 -9.501258464406703297e-02 7.358714737177807219e-01 -1.036654781281424675e+01 4.618739227953749804e+00 1.975485977653868019e+01 1.908572774301504751e+02
1.881509197412472667e-04 -1.815406233457768849e+03 7.898792795913711640e-04 1.412251029719721884e-01 1.881734787425727085e+00 1.445081940054677148e+02 7.183684180156546528e-01 8.072043720822654755e-01 4.707017212925733496e+00 2.871195570267963681e-01 -6.867446241318075906e-02 4.805868890673031246e-01 -5.248842387211254845e+00 5.091365758173260758e+00 1.890910075228113740e+01 2.052911345222563284e+02
1.601611179654329137e-04 -1.815567297567290552e+03 3.549350843943605005e-02 1.352028864134176278e-01 1.785355690236601234e+00 1.424303733588070031e+02 7.776267161655100457e-01 7.639243618034137207e-01 4.698878350400859993e+00 3.025210832122886551e-01 -1.131308227910006181e-01 5.270641855693205535e-01 -8.085919763787671855e+00 4.954944563256513668e+00 1.936042726211428899e+01 1.738424411759886823e+02
1.956092624815178749e-04 -1.815367358752457221e+03 1.295777883765844851e-01 1.462765003171903333e-01 1.759453890014025745e+00 1.402885928598953456e+02 6.712399860591837797e-01 8.131504887659353198e-01 4.700732273489312441e+00 3.194593910693364069e-01 -9.795395858993272142e-02 6.208562320331895146e-01 -9.466522256187403173e+00 4.884989779147863587e+00 1.894464545849650250e+01 2.010139862617629092e+02
1.610026465650898670e-04 -1.815562057059994913e+03 5.180844273263709998e-02 1.315921112041044394e-01 1.739538076923206056e+00 1.457008530940291848e+02 7.160378841268900674e-01 8.034417904152826306e-01 4.702067764315373211e+00 2.818959166127037452e-01 -1.326922211486785130e-01 5.483381149456117987e-01 -8.370183610181442191e+00 5.973183185862374067e+00 1.841064215527010717e+01 1.964148024078012895e+02
2.047916716841393368e-04 -1.815321484636403056e+03 5.863522247587010794e-02 1.491932550413768432e-01 1.821018451951123218e+00 1.488654030909092114e+02 7.309414296316908422e-01 7.603546505507710052e-01 4.691758613803742151e+00 3.366002807200731972e-01 -1.272972265752994048e-01 4.693416267836229006e-01 -8.388190911934572114e+00 5.515007285263995307e+00 1.916454702297254542e+01 1.920502027674501164e+02
1.154689286087778443e-04 -1.815894476385740518e+03 7.321730952417560001e-02 1.451888609077547077e-01 1.828436130797238768e+00 1.334037024867199648e+02 6.465116998418519723e-01 8.328141575397287610e-01 4.695318594256296052e+00 2.748024555292569726e-01 -9.976011034152487689e-02 4.983329364861238120e-01 -6.331847779715729985e+00 4.586305994682571274e+00 1.913200314022811455e+01 1.965689848845794074e+02
1.268998036825945473e-04 -1.815800080035442079e+03 3.447297670856494523e-02 1.424292342496424058e-01 1.816340749537219246e+00 1.303865421457640252e+02 7.360307293713524990e-01 8.256780078278374013e-01 4.708561640678581739e+00 2.900208171551152958e-01 -1.114081767182453220e-01 3.789401070129087001e-01 -6.332679544836366858e+00 5.436376364634232239e+00 1.956975739057520514e+01 1.848061641490933482e+02
1.712605154841745890e-04 -1.815500291983592433e+03 -5.426669096725705854e-03 1.366799413418587072e-01 1.801931200696429869e+00 1.333114014194188996e+02 8.268017850151664350e-01 7.422455515040737861e-01 4.698164933096641072e+00 3.305982091316164162e-01 -1.238881192785654672e-01 2.766234172755421272e-01 -6.750714314140168426e+00 4.872662499735058717e+00 1.926463573864922552e+01 1.979704573906591065e+02
1.155288162908415302e-04 -1.815893957872597184e+03 4.335926613455731715e-02 1.367512484686113361e-01 1.821484479130049294e+00 1.282900221465451693e+02 6.709910736114871321e-01 8.490964513068397501e-01 4.714597409616292367e+00 2.818232306708314816e-01 -1.061315192211318426e-01 4.632326181272887200e-01 -7.950102112376782770e+00 5.206552116249762996e+00 1.967286884780750000e+01 1.951344063978990278e+02
1.419635999241577920e-04 -1.815687907176958106e+03 1.102512524740414113e-01 1.377895341399809903e-01 1.823096625098972190e+00 1.320682493103566912e+02 6.498142720323020205e-01 8.263602933548781504e-01 4.695021568153796565e+00 3.009812987034738985e-01 -6.762632528661183251e-02 5.438577060472926661e-01 -6.362520743480729379e+00 4.721270875660210642e+00 1.951335728679559622e+01 1.892175570021851172e+02
1.357519286938020718e-04 -1.815732648696734486e+03 3.217734937950234020e-02 1.394184113120224000e-01 1.797266384159221353e+00 1.219341613440676468e+02 7.151025578349888834e-01 8.106041646950525870e-01 4.712766070743516167e+00 2.873526369048879925e-01 -1.078506833984622659e-01 3.997450331363197051e-01 -9.583158977600902517e+00 5.008782981925641309e+00 1.939258306840896395e+01 1.859726759837282373e+02
1.175596390398896531e-04 -1.815876532092023808e+03 3.368457488783022091e-02 1.303994090985299004e-01 1.843361363144587095e+00 1.561762225833014952e+02 7.545565781441396780e-01 7.638899287824090223e-01 4.703771266829912534e+00 3.022798795395398308e-01 -8.798877506876356946e-02 5.329326948489824245e-01 -6.845558753196172574e+00 5.080218466321451132e+00 1.768662471519100166e+01 1.941158563705890288e+02
2.024978379143805359e-04 -1.815332748653613180e+03 -3.624963545759474215e-02 1.365767968197824367e-01 1.809318452231640784e+00 1.693799136977312116e+02 8.036167967690115432e-01 7.596135170664199965e-01 4.702829828115193678e+00 2.942972606803710978e-01 -1.169986505709526003e-01 4.464278926022702265e-01 -2.327119196722719607e+00 4.900365860472710722e+00 1.905485066632295243e+01 1.928475873104293896e+02
1.787063144020550019e-04 -1.815457734106385487e+03 5.953202324599671247e-03 9.389254478597372500e-02 1.827287271788670786e+00 1.708583348958265162e+02 7.436240147978815385e-01 8.216078268259858763e-01 4.716715239984049290e+00 2.665197700220198751e-01 -8.519177549409473471e-02 5.580394153786033540e-01 -4.030180242320824391e+00 5.252257569982377028e+00 1.934433066684426805e+01 1.736617358290739617e+02
1.355191980651058623e-04 -1.815734364549715792e+03 -3.520437119713115681e-03 1.234084698688030224e-01 1.797398928968922505e+00 1.652143951755834905e+02 7.617076621686349469e-01 7.585923837261372427e-01 4.679588328224883576e+00 2.898780466891819341e-01 -1.187053556553385736e-01 5.368803543608375861e-01 -7.133495174421057072e+00 5.033449246526822130e+00 1.938896746462481957e+01 2.194880543022715926e+02
1.387460687004387326e-04 -1.815710832444602147e+03 5.761399860088134428e-02 1.314978894203301107e-01 1.864225816779237377e+00 1.515410823944225740e+02 7.077126123915944422e-01 8.066141632218191138e-01 4.706968525878918008e+00 3.030012160346486905e-01 -5.091212925438637349e-02 5.521916722566755364e-01 -5.022145945779129761e+00 5.381297450990474296e+00 1.957445075011743540e+01 1.919271387415265622e+02
1.183572652487133257e-04 -1.815869770141239087e+03 1.889869226359577881e-02 1.435336592942763889e-01 1.729054936043002755e+00 1.469390674247427739e+02 8.094566831449800937e-01 7.473043269023027513e-01 4.696269063009337330e+00 2.928858759029253633e-01 -1.445282067867252884e-01 3.709477849152441609e-01 -8.088407425081953761e+00 5.327067001127838708e+00 1.881536387255056297e+01 1.738824876833496944e+02
2.005628942144319072e-04 -1.815342349978724542e+03 4.253415874957650056e-02 1.477300949225267279e-01 1.802279436067315999e+00 1.415203216382653864e+02 7.186793384537698559e-01 8.030095446477290011e-01 4.691225008406696872e+00 3.284994737073836379e-01 -1.237903286623209809e-01 5.536599870360509046e-01 -7.347506241314846420e+00 4.810779004222776045e+00 1.858934834617098630e+01 1.863576944087637060e+02
1.746948440015537636e-04 -1.815480437159875009e+03 4.122973633657675552e-02 1.314034669996599625e-01 1.824540202079011131e+00 1.244724770358411661e+02 7.591024332773163019e-01 7.815010400909163657e-01 4.707599072832124421e+00 3.218201165258760543e-01 -1.125911428395882652e-01 3.607023264800642282e-01 -7.293475299148695967e+00 5.273219530073425254e+00 1.932017915679296038e+01 1.992407199014249954e+02
2.079938858702415144e-04 -1.815305969178722080e+03 4.037407803254511318e-02 1.210850413295376515e-01 1.763874669871870360e+00 1.390315550591553517e+02 7.192119755689366789e-01 7.957403850388349298e-01 4.699215654844543621e+00 2.779347770110440763e-01 -1.187012685883788166e-01 5.407155436487560696e-01 -8.044415406890834674e+00 5.027639359712288147e+00 1.811049742627979242e+01 1.853347551463755281e+02
1.375471713137678756e-04 -1.815719510940763030e+03 6.596905228475763439e-02 1.454677919017394461e-01 1.759056320380484095e+00 1.362114587323179080e+02 6.581550748148730090e-01 8.286073966210860675e-01 4.689630893295758440e+00 2.966127553130228911e-01 -1.254248514755889055e-01 5.446306516859226177e-01 -1.015571669119520948e+01 4.634460035802701050e+00 1.923656841281362517e+01 1.885779287662169281e+02
1.566287345114861576e-04 -1.815589599606556021e+03 2.798040632642662118e-02 1.257664960328680748e-01 1.790860657997301431e+00 1.590148083628245104e+02 7.717192539497977899e-01 7.984582162066475863e-01 4.710426949598560675e+00 3.270273210110148376e-01 -1.005562777335313740e-01 5.133394889253913851e-01 -6.792748906469455505e+00 5.301197515824696005e+00 2.033755359084410230e+01 1.949392667374335701e+02
1.464414060435738482e-04 -1.815656852473431400e+03 8.713854683889446506e-02 1.346837429922027318e-01 1.859970610267062341e+00 1.396739829869143534e+02 6.617944896993793735e-01 8.426888112866981473e-01 4.703898258428811374e+00 2.724276645727867763e-01 -7.701423677566232584e-02 6.396222704885006216e-01 -6.099786223809815056e+00 5.266117033623340937e+00 1.868144313146991209e+01 1.874843273018789205e+02
1.797049845359964429e-04 -1.815452161331635125e+03 4.921475512778716865e-02 1.463441200961827782e-01 1.862748953127510099e+00 1.454577904993868458e+02 7.061692315148456744e-01 7.733163122850956750e-01 4.683446217396855182e+00 2.888959094258669591e-01 -8.324792441434647472e-02 6.004021141748356882e-01 -5.253540270025439440e+00 5.202484757409919780e+00 1.841249103732101133e+01 2.018223577459087323e+02
1.428455357078877504e-04 -1.815681713986555678e+03 9.488932404563804601e-03 1.275763756449542485e-01 1.803509676179594123e+00 1.389291029062345331e+02 7.819122590085441082e-01 7.761368919326434579e-01 4.702396407447621662e+00 2.945110245697786233e-01 -1.197797444121195820e-01 4.615784506011217925e-01 -6.886772328324951786e+00 5.592685053046664301e+00 1.936686326288405979e+01 1.802436567728413763e+02
1.547502895665493891e-04 -1.815601665080384464e+03 1.196212587909401825e-01 1.364130846127548369e-01 1.809488864616041859e+00 1.518883557584843516e+02 6.521733344869976579e-01 8.411732230131749866e-01 4.698781227226549895e+00 3.265495091981611697e-01 -8.204938604555422899e-02 6.961119431003289781e-01 -9.199136800609835518e+00 6.070877357789106199e+00 1.876710530655478948e+01 2.016210467945616074e+02
1.832118816107492388e-04 -1.815432834557045908e+03 2.879573160293585898e-02 1.424084882926115181e-01 1.774159237003690492e+00 1.497527147756349564e+02 7.187908392854742701e-01 7.329754886139314696e-01 4.673626677517505712e+00 3.205014306914226729e-01 -1.325128039810623548e-01 6.414567915685120969e-01 -8.432497235684763837e+00 5.375454206722696249e+00 1.896737143966709027e+01 2.006555282409536858e+02
1.643225849197608502e-04 -1.815541646386069033e+03 3.090457915868186078e-02 1.345247770705703394e-01 1.857201508740346618e+00 1.443420463670810250e+02 6.997101354376583648e-01 8.271294862639528844e-01 4.708182690035709328e+00 2.987697172055550077e-01 -1.048206079923783562e-01 5.211805025157827398e-01 -5.021249575853232727e+00 5.575643399147178769e+00 2.013880138947887843e+01 1.885204216514052575e+02
1.190553290949591334e-04 -1.815863889527703350e+03 6.904907317818836932e-02 1.132511358381732280e-01 1.833362472592154901e+00 1.452151533810941828e+02 6.859144826406126105e-01 7.971613327348108236e-01 4.694114823932801883e+00 3.002696424421118504e-01 -9.758909451578201555e-02 6.546382242333038670e-01 -6.605627254175402641e+00 5.056986468758961628e+00 1.856737538807251653e+01 1.869222440314036646e+02
1.563256643634116879e-04 -1.815591536439806532e+03 7.633271026635626844e-02 1.489861507531474449e-01 1.894785742919661509e+00 1.476659278604612950e+02 6.946433761281264330e-01 8.401373214882896789e-01 4.709576838184675651e+00 3.172210616391673010e-01 -8.229359713052053493e-02 5.968282440096487340e-01 -5.903242740976139658e+00 5.811941270438492069e+00 1.840624137184088127e+01 1.832678032516083988e+02
1.523336478510441800e-04 -1.815617404696245103e+03 1.017299962788867085e-01 1.429892176648842883e-01 1.765620620638871152e+00 1.595279387261833222e+02 5.928663233390667475e-01 8.189877873544022524e-01 4.683061094076735209e+00 3.233745489023811537e-01 -1.146402708507761048e-01 8.036499072758646056e-01 -8.113070394060827084e+00 4.370805595651283681e+00 1.901943532060212760e+01 1.754555219279074834e+02
1.492068823730014686e-04 -1.815638144047925607e+03 8.097313038406381280e-02 1.487199849250094019e-01 1.715382480109830965e+00 1.560396651589420287e+02 7.022532430437641304e-01 7.924360584690901543e-01 4.694012720424709073e+00 3.217102033053891308e-01 -1.404283958508663055e-01 7.457240792894808123e-01 -6.462341350524070549e+00 5.144231079103889215e+00 1.828398536166120181e+01 1.883227786495750422e+02
1.455291144728373595e-04 -1.815663101697072761e+03 5.278241590814974904e-02 1.420554179536955008e-01 1.840238936599060793e+00 1.296456208850464122e+02 7.527723358173799006e-01 7.491877303806706578e-01 4.694550059508282303e+00 3.219947930729945007e-01 -1.062941163300115122e-01 3.551034697649378402e-01 -7.155787595007979007e+00 4.883508337992004122e+00 1.943120354139193751e+01 1.953956233761778947e+02
1.226380289484612501e-04 -1.815834240700551163e+03 5.038107111690651174e-02 1.402307949248909613e-01 1.817688716479351818e+00 1.366473305245447705e+02 7.329580832426590975e-01 8.201539568675870751e-01 4.716240354183910632e+00 2.832142057178743677e-01 -9.235284100775986715e-02 4.880708326955414678e-01 -5.510118363254889573e+00 4.736944900455397622e+00 1.906046543303896357e+01 1.695865963023970266e+02
1.273035089711188562e-04 -1.815796903793372621e+03 6.822629615945896564e-02 1.395236009452709702e-01 1.778801240233468306e+00 1.507371498061155535e+02 6.243984991205736579e-01 8.337714515806142757e-01 4.695886263932897542e+00 3.057978015698423757e-01 -1.088281701307751703e-01 7.022604217470116428e-01 -8.801312685698491123e+00 5.541503054939611594e+00 2.050473212853720639e+01 1.814242633582811095e+02
1.300911021736849977e-04 -1.815775242872165563e+03 7.215539768320816671e-02 1.460010214118535321e-01 1.788098234121865637e+00 1.370946807484399983e+02 6.846420489876301474e-01 7.715550952521175176e-01 4.680823243818738710e+00 2.908212122410041012e-01 -1.094303817893744757e-01 5.144902001149322945e-01 -8.824010990202168614e+00 5.605534896068853357e+00 2.003075521959418737e+01 1.893091749386669562e+02
1.149161255491132561e-04 -1.815899275343924728e+03 7.231048893848945891e-02 1.449104752702088661e-01 1.753362083256540416e+00 1.377299669663989334e+02 6.471579986854636424e-01 8.368947744627477370e-01 4.688010399178259568e+00 3.130419901150909290e-01 -9.848092381794226746e-02 5.755314827204965900e-01 -9.750684820661064123e+00 5.367407553986014435e+00 1.898126386689236256e+01 1.879795410363557266e+02
1.417150426321410028e-04 -1.815689659563767236e+03 3.679430300100036688e-02 1.479846287900833668e-01 1.871895417023702102e+00 1.454258091629382363e+02 7.080126931705086335e-01 8.085450577468045186e-01 4.709035797432280290e+00 3.076307416558097252e-01 -6.915561044054863160e-02 4.541121313200613407e-01 -5.252769625589991165e+00 5.875669362898960912e+00 1.892160951110854938e+01 1.911503888224130776e+02
1.363812007860459462e-04 -1.815728023951375235e+03 5.567138836403795477e-02 1.343393368975049629e-01 1.828217601942942139e+00 1.355855385315983312e+02 7.085527613687586657e-01 7.960539232888017569e-01 4.695869927946857203e+00 3.390474653721720077e-01 -1.048047173687129963e-01 4.972566445225342635e-01 -6.752138761695817948e+00 5.241799166362026696e+00 2.017771767576581610e+01 1.930883821910955760e+02
1.599037685780269904e-04 -1.815568905675231690e+03 8.069792559458152659e-02 1.450809091089677316e-01 1.801595810941465814e+00 1.568604125787727526e+02 6.354672459852139799e-01 7.866085676409839689e-01 4.666402067982694746e+00 3.194938824556750046e-01 -9.754283722798895440e-02 7.586308830627057631e-01 -8.124066601957508738e+00 5.006679275678882490e+00 1.838053394244942851e+01 1.641052019235000898e+02
2.241319163519885646e-04 -1.815231243072336838e+03 1.132181667414387805e-01 1.323004461473973603e-01 1.693525053088302812e+00 1.604231077752985186e+02 6.033184932410171619e-01 8.718369372660192962e-01 4.692281666893381775e+00 2.737454758020956280e-01 -1.097803218177570983e-01 8.179942749479887087e-01 -5.549258673309878986e+00 5.603584203986100576e+00 1.943616502952660952e+01 1.767643782281145377e+02
2.115163367399145974e-04 -1.815289175625364351e+03 2.830705907507113928e-02 1.402213608064413475e-01 1.850309036904625337e+00 1.665426463127841714e+02 7.200718979026399236e-01 7.687625936044097941e-01 4.687137421722487929e+00 3.284568554086146897e-01 -1.235186349943655504e-01 6.061139062214950801e-01 -8.685082706189376722e+00 5.140937497315256621e+00 1.854715760924119294e+01 2.147816995022966466e+02
1.326738958600000697e-04 -1.815755583656597992e+03 2.838365369192441534e-02 1.346169750630519524e-01 1.885609531696689878e+00 1.459223778436613657e+02 7.748689356695181996e-01 7.619791919408880343e-01 4.702731636414578809e+00 2.907696635433258958e-01 -1.048835572354391843e-01 4.195179548934213076e-01 -5.676034730161831021e+00 5.220350555687147676e+00 1.902952335583518817e+01 1.804416410183454786e+02
1.160122228569698707e-04 -1.815889782308124722e+03 5.345789334343364896e-02 1.086303081828556560e-01 1.793429599893564763e+00 1.364654104685770903e+02 7.367158386036132267e-01 7.979724936092444931e-01 4.699159237799459987e+00 2.886458297359253411e-01 -1.159712655613971410e-01 4.630418428294088562e-01 -5.893437355839694192e+00 4.944130078238906378e+00 1.935930134531249536e+01 1.832487045962696186e+02
1.704411516366778135e-04 -1.815505087777682775e+03 1.163656729254118061e-01 1.229945619297767856e-01 1.747123851991530863e+00 1.434046433193379642e+02 6.448145840486196878e-01 8.119717731930402582e-01 4.683916092306034784e+00 3.172734641657473098e-01 -1.067286546267447456e-01 7.258947157687900553e-01 -6.768920672832649643e+00 4.743277651563682085e+00 1.886536424398121881e+01 1.852999947304528803e+02
2.091344730303656713e-04 -1.815300500406443916e+03 6.984223085371271678e-02 1.316586326611296209e-01 1.832489170417670010e+00 1.466880809395946699e+02 7.059364052950648505e-01 7.582282923309404676e-01 4.682870234849710656e+00 3.440613207921758843e-01 -1.088082312655203054e-01 5.388127119059511472e-01 -8.380427681601048562e+00 4.969463270411589306e+00 1.907550735927410201e+01 1.792581604932563835e+02
1.669997231272536383e-04 -1.815525485708642009e+03 1.047070986271120552e-01 1.411899388580899195e-01 1.747782508467634166e+00 1.327022292075803875e+02 6.705292640059093978e-01 8.450648279423600417e-01 4.708830744308315275e+00 2.917521789241852570e-01 -9.644086127277873288e-02 5.908144419877437992e-01 -1.056714314497355645e+01 4.984132805546548362e+00 1.948461495315678604e+01 1.833531666773471329e+02
1.884886442299130974e-04 -1.815404440100875490e+03 1.266383353646200194e-01 1.445952984691147580e-01 1.776440517678096853e+00 1.426981603012168875e+02 6.399633591465261340e-01 8.245490410388671698e-01 4.689909149708400449e+00 3.295605918624930908e-01 -1.106129199863710166e-01 7.157665691141295028e-01 -7.633858469865003826e+00 6.053894393664660534e+00 1.919459248262611695e+01 1.882975106222655199e+02
1.260021973030717255e-04 -1.815807178517424063e+03 2.854619732611254901e-02 1.127366718924230626e-01 1.871154897566634112e+00 1.483682645514469129e+02 7.874875193078103575e-01 7.634006808425395363e-01 4.704267248939963508e+00 2.802016610273980746e-01 -8.441481868884981310e-02 3.919898691342381669e-01 -6.095250203655922405e+00 5.372670506374688237e+00 1.908520535387936334e+01 1.935913385195406988e+02
1.804739179343191910e-04 -1.815447891594783641e+03 7.295501231417120258e-02 1.452857213841022010e-01 1.818998622744799398e+00 1.383357640862342066e+02 6.658691680972044225e-01 8.200430076144584746e-01 4.694631302212853186e+00 3.349977919623463585e-01 -1.101324266744456715e-01 5.807560789987534777e-01 -5.324270592101470356e+00 5.639220482697604453e+00 1.913384415797225557e+01 1.759376862163146598e+02
1.783941914342200791e-04 -1.815459482202746130e+03 1.559716896536109121e-02 1.227323897308834344e-01 1.760066406505718106e+00 1.372144394423023357e+02 7.168235670388333203e-01 8.020549137896946235e-01 4.701794058655257125e+00 2.854509814623331643e-01 -1.050594673821698688e-01 5.175676457765617799e-01 -7.241194905659256165e+00 5.214395667201721096e+00 1.895352566928165672e+01 1.819426642760354582e+02
1.228389114223461830e-04 -1.815832604029355707e+03 1.206953758555372180e-01 1.437946638419102807e-01 1.777889012491006504e+00 1.489654450326782182e+02 6.158549006302385109e-01 8.380395208430375664e-01 4.680748842437528090e+00 3.067565114186183717e-01 -8.611916055486013022e-02 7.833343943810798793e-01 -8.856764729522694779e+00 4.843227771068825405e+00 1.850819956818261502e+01 2.126492739244054633e+02
1.498840037995528526e-04 -1.815633616176200348e+03 7.167651742664613024e-02 1.270442851752679736e-01 1.807392590165266988e+00 1.615739575193387054e+02 6.644065292042424797e-01 8.107311084582384808e-01 4.694622817933081116e+00 2.787306421305915105e-01 -1.211937464930530339e-01 7.323281852715568530e-01 -8.588477316164215836e+00 4.464610644105415638e+00 1.861627537755494899e+01 1.898044667202546520e+02
1.754287644695716182e-04 -1.815476244803089003e+03 3.382248765939738222e-02 1.455211744632051996e-01 1.843331285099249151e+00 1.551408985676731902e+02 6.759952865067602179e-01 8.179730973146159823e-01 4.701795047051321674e+00 3.204389950015322786e-01 -1.218033688702024886e-01 7.226329590467199804e-01 -5.911891765310258506e+00 4.994817336806733898e+00 1.880271816316803069e+01 1.919681185685151377e+02
1.199763504363995079e-04 -1.815856183219474133e+03 7.616892632827934606e-02 1.322661490473052426e-01 1.752034774268904194e+00 1.420488548034266501e+02 7.013287867405887388e-01 8.203812969805432953e-01 4.714871054117045546e+00 3.043476445534281094e-01 -1.041387478842854541e-01 5.745505263136672092e-01 -6.841976403551484509e+00 5.133727675092458753e+00 2.005182229424062967e+01 1.971767218007223335e+02
1.415801688222789202e-04 -1.815690611742375268e+03 6.454806751507266571e-02 1.474906067348213667e-01 1.732153958077510936e+00 1.552126721995673790e+02 6.725774892946341232e-01 8.428706890356640891e-01 4.702813361570949979e+00 2.597571700500835856e-01 -1.026961519889659780e-01 7.596422319436741954e-01 -1.118181641699021611e+01 5.147122983539254015e+00 1.895718335060403348e+01 1.890837865650307776e+02
1.597077256509232552e-04 -1.815570132433062554e+03 4.596462740183682172e-02 1.340218959578443891e-01 1.814571893716227180e+00 1.246967279565798492e+02 7.555064831673483638e-01 7.967566825040903744e-01 4.704587494253891222e+00 3.140826052668279633e-01 -1.064999960080230679e-01 3.962845942093375373e-01 -6.468141887806609702e+00 4.953355698937067508e+00 1.939963880057593570e+01 1.891385780190897208e+02
1.486012011763161885e-04 -1.815642211647599652e+03 5.044833265875114936e-02 1.252915471654598434e-01 1.787084840494528315e+00 1.286805742649594322e+02 7.538370925409809686e-01 7.863575234010684589e-01 4.703699968562183642e+00 3.074560656387772539e-01 -1.104577125233987545e-01 3.528828134498830926e-01 -8.483633643250612977e+00 5.435723864051222876e+00 1.900198263048291736e+01 1.719956838371238348e+02
1.473336890971161815e-04 -1.815650777855043771e+03 1.263265217856189004e-01 1.464337055958831180e-01 1.794701234747635432e+00 1.551918095358176117e+02 6.453568588110631943e-01 8.818033842484884754e-01 4.718857730819477680e+00 2.823745998533582213e-01 -9.454404028010654493e-02 7.139633222952377345e-01 -5.361063349484822993e+00 4.865578506266121650e+00 1.912825577981214309e+01 1.635964545363510751e+02
1.386715563831579577e-04 -1.815711369629786759e+03 1.872132570266291096e-02 1.432133330693552697e-01 1.816872788043173870e+00 1.340859572394319628e+02 7.420146737164529105e-01 8.158587130869185966e-01 4.710098228165723100e+00 2.856266558983013848e-01 -1.032089362787338427e-01 4.379359714108416735e-01 -1.043967772382427484e+01 5.259625213374530261e+00 1.865172831267047826e+01 1.982943254268988369e+02
1.881578490690151233e-04 -1.815406196629885244e+03 1.009782805478360579e-01 1.443364136195189051e-01 1.844730937777266710e+00 1.648570660360821307e+02 5.989579774317814742e-01 9.000684044841684717e-01 4.718536692892902451e+00 2.776237185260410634e-01 -6.137896666881514918e-02 7.902944260923222553e-01 -4.713657342593364774e+00 5.446309198915755267e+00 2.017014210208267855e+01 2.024517283788202064e+02
1.709137283189983674e-04 -1.815502318946697869e+03 6.881183650915773109e-02 1.204363740833624685e-01 1.852913292525723676e+00 1.589154968945888413e+02 6.799560541409234160e-01 7.823648497447888150e-01 4.681339995548932542e+00 3.066556928638648483e-01 -9.197549698386442429e-02 6.930892602885831977e-01 -9.545819041697882312e+00 5.595795181377205552e+00 1.974816704318183014e+01 1.912725118697244966e+02
1.186777119263498245e-04 -1.815867066347253285e+03 4.024089848337952802e-02 1.417860644353080846e-01 1.753042022057545779e+00 1.595026093017793016e+02 7.629242076619165980e-01 7.744811802869164818e-01 4.696721609772273709e+00 3.215892273266434120e-01 -1.329155706877187537e-01 6.521448966028179361e-01 -1.161922462126148048e+01 5.430208820586424068e+00 1.867819784136082006e+01 2.036206610949453761e+02
1.187474144161475639e-04 -1.815866479193796749e+03 1.553039133221351120e-02 1.413221170836807816e-01 1.750552659193620464e+00 1.546073020035332490e+02 7.898646031530631717e-01 7.691062052344557198e-01 4.717904186004625799e+00 3.028852240699040355e-01 -1.496477828421796108e-01 4.711200997360625031e-01 -7.877743686666690337e+00 5.212611694927482553e+00 1.874795046155741574e+01 1.863829616722482285e+02
1.524760439194708384e-04 -1.815616470368481714e+03 7.342079905295090247e-02 1.419390961552310648e-01 1.806010129820913690e+00 1.237993546240677318e+02 6.622500337080232669e-01 8.086594023268209863e-01 4.689181177976897708e+00 2.973096716229504111e-01 -9.518352597881740706e-02 5.455533926031302938e-01 -7.060467026563287618e+00 4.750604390649559861e+00 1.911436087816120732e+01 1.827752109484932532e+02
2.302541102346204445e-04 -1.815204294336978819e+03 -1.405768871223697647e-02 1.340360210586028222e-01 1.762028712279201770e+00 1.502341734335676620e+02 8.056020981443658968e-01 7.817774491505082857e-01 4.717527824631853051e+00 2.794134576663147573e-01 -1.250894358709091492e-01 3.750113510159343577e-01 -8.170185073921118146e+00 5.443442109692497866e+00 1.868716847719564811e+01 1.832647825424582493e+02
1.220938586506890280e-04 -1.815838687780986220e+03 5.649524612748768604e-02 1.258693110358031497e-01 1.768910847442940693e+00 1.335643783462245153e+02 6.690415002888123741e-01 8.334590364927045858e-01 4.697427900684393975e+00 2.736546311495759998e-01 -9.831238420765142649e-02 5.447796637076028903e-01 -9.046916531828514962e+00 5.507329433417140763e+00 1.860526111444060859e+01 1.794742365575190490e+02
1.788008388765683168e-04 -1.815457205308704943e+03 8.415041444810689164e-02 1.268357264428107423e-01 1.770497595576055794e+00 1.560387310318390064e+02 6.778978494875391725e-01 8.250891310198047446e-01 4.703490600285793022e+00 2.616343890065855327e-01 -1.153158979773016846e-01 7.804379991177090581e-01 -9.525405928373970710e+00 4.646391931113713625e+00 1.888356333941132448e+01 1.939068093451237189e+02
1.403380692599579004e-04 -1.815699423570996260e+03 2.453110835455959982e-02 1.374743949470390858e-01 1.796474446755324195e+00 1.482402445801485840e+02 7.237550357643243171e-01 7.876170367117329985e-01 4.697838026276130563e+00 3.150350118772085040e-01 -8.765029933693502251e-02 5.925152549874577179e-01 -9.074716865743198468e+00 4.525923599158598876e+00 1.968906717156304609e+01 1.980646005726435135e+02
1.801546216460652415e-04 -1.815449662371838940e+03 7.051097162298630705e-02 1.187254601658534192e-01 1.782012022749027480e+00 1.502256380552990720e+02 7.200814916244929753e-01 7.830337563723397398e-01 4.691491028638831828e+00 2.808112946794787401e-01 -1.216744139221135335e-01 6.117716224616146503e-01 -7.743372977324668227e+00 5.224287670863136945e+00 1.962145016829763833e+01 2.037860241768987350e+02
1.291666897041717074e-04 -1.815782374124656599e+03 7.852380612605702748e-02 1.422546525347144486e-01 1.785910761127515123e+00 1.365614669727530099e+02 6.455075293098322398e-01 8.047945764363271248e-01 4.683534303176051239e+00 3.103103607241903816e-01 -9.151344977661146629e-02 6.286406076711279489e-01 -7.562668239714440688e+00 5.132608022820339677e+00 1.804617340326397823e+01 1.977343404376452725e+02
1.175798518389022253e-04 -1.815876360170251019e+03 4.697537798531803421e-02 1.428294464040474610e-01 1.806284266811533534e+00 1.263084415780982255e+02 6.997406134065179417e-01 7.695873170035760769e-01 4.678295152121263456e+00 3.295351127387202705e-01 -1.094480904217709494e-01 4.457189708223708857e-01 -7.383453619369845455e+00 4.963495587928967723e+00 1.840108238218640579e+01 1.758797829479997858e+02
1.608580973129204955e-04 -1.815562955269948361e+03 5.543952137817420578e-02 1.205676137626407185e-01 1.813182192186958197e+00 1.637964045773894668e+02 6.817271281791446036e-01 7.975963475852130280e-01 4.691969777781540785e+00 2.882167137080278163e-01 -1.095990407248366161e-01 6.788407626879057188e-01 -9.192097886628914694e+00 4.682611539066239281e+00 1.917369458633355706e+01 2.172806420888123569e+02
1.268558872727721450e-04 -1.815800426166873422e+03 7.817113206974066197e-02 1.379115434068182988e-01 1.745775112215132374e+00 1.455226946579791729e+02 6.757214300651824823e-01 8.186333263835807728e-01 4.686547141327338295e+00 2.956403514151639822e-01 -1.195836355846493504e-01 5.683924412936322001e-01 -7.209291711531051305e+00 6.028321151971161029e+00 1.896990741522908053e+01 1.756661023302682452e+02
1.465125186251384226e-04 -1.815656366986964258e+03 6.835158757234754967e-02 1.496106978162116408e-01 1.736995765139941028e+00 1.401789197756941405e+02 6.877194848518342063e-01 7.926683236889864315e-01 4.687621603337316145e+00 3.227603464457675653e-01 -1.089532485774302728e-01 5.258018124507175539e-01 -9.397970701928272774e+00 4.893278425909808327e+00 1.818208937234677691e+01 1.943751801584993188e+02
1.358814929881056830e-04 -1.815731694732356118e+03 9.797697332864832576e-02 1.198375752528254845e-01 1.861007010318796340e+00 1.580046460124788439e+02 6.344255124616610120e-01 8.268531314261089449e-01 4.692067210601098992e+00 3.103915418257208181e-01 -8.546747720971881179e-02 7.814731238326139140e-01 -7.130347391253451406e+00 5.454800705082862855e+00 1.906441721172369341e+01 1.952363516816952824e+02
1.444119259999315427e-04 -1.815670808050061169e+03 7.745121751853500935e-02 1.437495694469041185e-01 1.784157528266056225e+00 1.340122687279989577e+02 6.549883663679539891e-01 8.600599112402624868e-01 4.718259076857383327e+00 2.931730080365695379e-01 -9.393617234448381481e-02 5.373548323020077566e-01 -5.735078294567529156e+00 4.930352739844434673e+00 1.959499684064858371e+01 2.032426093903969502e+02
1.651307943736781238e-04 -1.815536740010077665e+03 8.611815605946174235e-02 1.360196686603492300e-01 1.785874656931836668e+00 1.305362337818487788e+02 6.186598245608807556e-01 8.297413332843197598e-01 4.697807389960336089e+00 2.916838469777494058e-01 -1.000763299987674770e-01 5.409190447317718808e-01 -7.880144227097787279e+00 5.451954800458014283e+00 1.904704033723825063e+01 1.923660874601583828e+02
1.627951830559487111e-04 -1.815550984998114473e+03 9.431658050388336267e-02 1.494474757949305344e-01 1.738545499219986468e+00 1.550546284804913171e+02 6.416072471502095587e-01 8.371218970131277803e-01 4.697319956475073610e+00 2.469358788467739263e-01 -1.071578710594791595e-01 6.610906052998403171e-01 -8.996883684433754524e+00 4.881897178278027383e+00 1.866837839532187360e+01 1.829727501931486131e+02
1.313417054684748854e-04 -1.815765675497316806e+03 2.795850612717351580e-02 1.239550530724211341e-01 1.841021772793368427e+00 1.289406548801682959e+02 7.468484265247565812e-01 7.661688856059831743e-01 4.701685069077066181e+00 3.239637435526614428e-01 -9.331246524209957371e-02 4.248122742750119474e-01 -6.942309331425207120e+00 5.137793455324168868e+00 1.873804532461453931e+01 1.854418043451535709e+02
1.982734546203152742e-04 -1.815353830701320476e+03 5.973783455676040521e-02 1.160911944260016593e-01 1.844745677359700409e+00 1.473669708359368258e+02 7.143970096902180211e-01 8.169119160715323513e-01 4.707853870851967493e+00 2.834260340311853810e-01 -8.195014654918097996e-02 5.075520655844886209e-01 -8.715608775396901819e+00 4.882181244785344099e+00 1.985487790785056461e+01 1.839106207132443842e+02
1.691289571209151276e-04 -1.815512816379308788e+03 2.973356659967646420e-03 1.407081567313729076e-01 1.841400916674061250e+00 1.339403206402982676e+02 7.894961511617114569e-01 7.728517836189661150e-01 4.700197234489243314e+00 3.040870959009638330e-01 -1.015649786817918176e-01 2.794451330361763519e-01 -5.920470117790557651e+00 4.779563539004438866e+00 1.917152928872090101e+01 1.793590354880911661e+02
1.967703793839746767e-04 -1.815361440401106847e+03 -2.328133906645046824e-03 1.343595134140282699e-01 1.821987566730365771e+00 1.413557589073944598e+02 7.543557164271428306e-01 7.750647449245331444e-01 4.706682628948362535e+00 2.846011039398468334e-01 -9.830738801643157387e-02 4.474534154059212621e-01 -8.868019730364267161e+00 5.687380172611389284e+00 1.898079140648967211e+01 2.003739510064375224e+02
1.273799262333086941e-04 -1.815796303697301028e+03 2.566261959227778000e-02 1.383671252764465398e-01 1.904329736066036283e+00 1.340149071455919341e+02 7.542407038727821922e-01 8.039273072931691910e-01 4.717383170949002391e+00 3.055368335572710148e-01 -8.551118421109693557e-02 3.821164276424385275e-01 -7.910895831998885797e+00 5.042134767367922876e+00 1.958799326711957534e+01 1.839917059067208811e+02
2.165480860548329924e-04 -1.815265665233867367e+03 4.459223349574240047e-02 1.492782275324980035e-01 1.810298336031249455e+00 1.400631459049346859e+02 7.520178054896576869e-01 7.778621814443680282e-01 4.690274657314941642e+00 3.018488483025500990e-01 -1.072444336727440550e-01 4.838492501763401732e-01 -4.544200466562841711e+00 5.572593469517661546e+00 1.948578381245513924e+01 1.947209334374363436e+02
1.667947949155572905e-04 -1.815526713579241232e+03 -1.070113075314210738e-02 1.378675944026930555e-01 1.848566011796623165e+00 1.267424574227960932e+02 7.798907509353327772e-01 7.519908694700188079e-01 4.690704760165917975e+00 3.175219026523774524e-01 -9.394161362692488026e-02 3.481599434884947719e-01 -6.947894197472038513e+00 5.066607439879189378e+00 1.894479755571754254e+01 1.936537144224470524e+02
1.716263944672778794e-04 -1.815498157873999162e+03 2.975240030044645767e-02 1.409076761899537844e-01 1.866925547588738965e+00 1.299421698376218330e+02 7.670201879659938049e-01 7.739745767448389380e-01 4.698686638181406749e+00 3.320170377743525414e-01 -9.679663297832430402e-02 3.357871309389725001e-01 -6.789579517442547285e+00 4.364938223826220209e+00 1.954491785801415560e+01 1.902664528811037883e+02
1.165457736093451660e-04 -1.815885193760780567e+03 2.430660710286880466e-02 1.260855901614412466e-01 1.791032476880793922e+00 1.555569106141583404e+02 7.355256649483893350e-01 7.941565924215372441e-01 4.708627143438533835e+00 2.696950308088872372e-01 -9.899731231693809086e-02 5.907996264444941303e-01 -8.899786823739901820e+00 4.761153392588757249e+00 1.880836584542222667e+01 1.609648668303751435e+02
1.349417366837305052e-04 -1.815738634757976342e+03 6.815209041428765824e-02 1.309125358574169395e-01 1.802452711253781814e+00 1.459583673440506857e+02 6.650540809468147296e-01 8.511216657917770601e-01 4.703230296692741952e+00 2.523478570395036868e-01 -8.767526244657775081e-02 5.574234310946164506e-01 -8.497238367203948428e+00 5.185829437767464078e+00 1.942788566130071359e+01 1.984614723165751684e+02
1.318060718088001897e-04 -1.815762146173777410e+03 4.286096394466054615e-02 1.251146698651500466e-01 1.788014150786750633e+00 1.410418910596582123e+02 7.606097800540269072e-01 7.913773831258728020e-01 4.712403453748185811e+00 3.253555770416827198e-01 -1.199396519287092566e-01 4.572643889763197689e-01 -5.572157889494775418e+00 4.876857977991644333e+00 1.953495308292041344e+01 1.815167438506719577e+02
1.172981027853957554e-04 -1.815878759281645671e+03 6.204149591089722082e-02 1.197090126493342288e-01 1.787217503336628432e+00 1.295992816837915029e+02 6.737859121981241151e-01 8.137112850863570390e-01 4.688843849732833746e+00 3.066918179386777243e-01 -9.830431181474130753e-02 5.258122128703918152e-01 -7.952209936254462264e+00 5.090066849189001097e+00 1.903796388074174928e+01 1.977144783467349498e+02
1.553611109958659192e-04 -1.815597725707513064e+03 3.643428754062094654e-02 1.377061641977199991e-01 1.816375276513947590e+00 1.631183022746879487e+02 7.957065634094673268e-01 7.549860732642832417e-01 4.701869174658084738e+00 3.317967738586200532e-01 -1.277042484291830426e-01 5.598065363650943649e-01 -8.869226397081860114e+00 5.855858286542003910e+00 1.823561859532318863e+01 1.956231143197350093e+02
1.537255874308600411e-04 -1.815608308749994649e+03 2.352643376514862439e-02 1.492055501492398906e-01 1.864448379880438544e+00 1.490559764881449780e+02 7.134033857478018215e-01 8.339766853407593050e-01 4.720014847150738824e+00 2.840393696393668233e-01 -1.014722878569918052e-01 5.176664354713947924e-01 -8.562701681700616518e+00 5.275027300157386634e+00 1.930146770977814086e+01 2.140742109055127003e+02
2.213434102139020837e-04 -1.815243762475289941e+03 3.116162302356667579e-02 1.464708892386598904e-01 1.838195638963782130e+00 1.510098987637980201e+02 7.174722358668264022e-01 8.298565704566633894e-01 4.717043936931116122e+00 3.161175790799231056e-01 -1.020622252356058191e-01 5.612116183191162566e-01 -9.580378769836983111e+00 5.810775377198873493e+00 1.860743066319503569e+01 2.029583212210733905e+02
1.830767574293221502e-04 -1.815433572358730999e+03 7.135930847833166224e-02 1.373811753990381856e-01 1.814626059374147005e+00 1.327391128223054864e+02 6.852910764094961582e-01 7.943736445365494614e-01 4.692290795265572356e+00 3.476644306452003619e-01 -9.890834062089348677e-02 4.855620428784805931e-01 -8.363197786385853760e+00 5.136058727612136110e+00 1.948498327670422725e+01 1.776830864377010357e+02
1.509053417050202695e-04 -1.815626825099016514e+03 -5.315108030542664563e-03 1.032962881053574311e-01 1.835736158034892540e+00 1.529160779045205913e+02 8.054589611006732763e-01 7.589166910991347326e-01 4.697446896936395611e+00 3.163660235766672102e-01 -1.094958429275971756e-01 4.115760801173622419e-01 -7.273511036662085871e+00 5.488649629390107698e+00 2.004027608197878152e+01 1.726397754100191833e+02
1.656299442137816884e-04 -1.815533721814985029e+03 4.461468978571603294e-02 1.371810317852417416e-01 1.836851447446479213e+00 1.378372360730015771e+02 7.436395051176297732e-01 7.587881997939747158e-01 4.698613374551895205e+00 3.196363320719159962e-01 -1.216260634305135202e-01 4.765435765197015838e-01 -6.611236564764055856e+00 4.906377777552761721e+00 1.902766145705592038e+01 1.823176944634341510e+02
1.349886112723428042e-04 -1.815738287449202517e+03 1.175257492757509070e-01 1.355102404961044116e-01 1.742026544206556338e+00 1.361303256148362664e+02 6.680175808025889950e-01 8.059988376555613510e-01 4.694447142711426935e+00 3.237633862234579052e-01 -1.183587693905163718e-01 6.005892276512273531e-01 -9.789595977365308954e+00 4.639390964814027463e+00 1.952428703840103452e+01 1.850150420768379433e+02
2.026515200774728495e-04 -1.815331990009091442e+03 4.991941211056719063e-02 1.391956972254282110e-01 1.811775491802911198e+00 1.554568160507769221e+02 7.305486057289327650e-01 8.079832594836986459e-01 4.699520434933203816e+00 2.836817367963131442e-01 -1.070763045875127162e-01 5.987978876960314834e-01 -6.661348623204816022e+00 5.331275166049698200e+00 2.069649592375466440e+01 1.831508901581309203e+02
2.072361475968184674e-04 -1.815309618910453764e+03 4.922646857481552396e-02 1.295747247868092311e-01 1.709901278458438867e+00 1.574138528994135413e+02 7.351332751297456891e-01 7.621124551579292472e-01 4.687532214162746236e+00 3.186131388842621259e-01 -1.091828229406190953e-01 6.013275694683876127e-01 -1.009252149644447627e+01 4.985938418532120942e+00 1.872937357139903369e+01 1.984891565252132750e+02
1.202956934410692546e-04 -1.815853525039291753e+03 8.298344699181284256e-02 1.460805659259413469e-01 1.813740110688033980e+00 1.387538883346535954e+02 7.133823304730373405e-01 7.864876198260042361e-01 4.700218523547255778e+00 2.865594508071642732e-01 -9.814457016147981605e-02 5.186735615185650294e-01 -8.491468891053443713e+00 4.632219856102293143e+00 1.883072849426603668e+01 2.006442096561004007e+02
2.251873184868128340e-04 -1.815226545280682330e+03 8.992119362183825793e-02 1.443055563321200274e-01 1.754412853088664903e+00 1.240439858789495702e+02 6.416650706122586367e-01 8.344339373926883408e-01 4.703033678620688107e+00 2.799063557975585148e-01 -9.974299063869818127e-02 4.730891310891653379e-01 -8.597432523503357515e+00 4.775451007877684617e+00 1.902626148151709273e+01 1.844647775952065274e+02
1.167595676298304391e-04 -1.815883361020225266e+03 5.618052176228874317e-02 1.497722071812740141e-01 1.750206508807448991e+00 1.334027035241159354e+02 7.362449424782786522e-01 7.678948081805627712e-01 4.695130362913489286e+00 3.023535300589677011e-01 -1.154402202490714124e-01 4.073369153375687168e-01 -1.021613704997454875e+01 5.572085522755454434e+00 1.875747477832700838e+01 1.917249917550407758e+02
1.640130602012556456e-04 -1.815543531803109772e+03 7.101833302551541216e-02 1.372113054675375976e-01 1.746075106542926747e+00 1.285196435260812393e+02 6.931581324683203649e-01 8.026826778936815288e-01 4.701395215183627130e+00 3.091754202829217757e-01 -1.271632170482739355e-01 4.596593510208299427e-01 -5.947181483440630245e+00 5.056425525404861787e+00 1.876906755277774153e+01 1.880294612893293902e+02
1.188526202273245433e-04 -1.815865593623066843e+03 -2.123370493731610575e-02 1.420926081291042087e-01 1.840019469184419165e+00 1.603171527700257570e+02 7.432602051700553103e-01 7.626238460805636610e-01 4.686584717855948767e+00 2.908666936468276010e-01 -1.214426315647283428e-01 4.821597802040366587e-01 -5.127757124063407446e+00 5.066689595790374590e+00 2.036992623673139491e+01 1.947054599946300755e+02
1.272832585269186305e-04 -1.815797062878186352e+03 8.428365416813565769e-02 1.356776382242449175e-01 1.799563326208724945e+00 1.518540988255982711e+02 6.581493791324340981e-01 8.200783179122810296e-01 4.686861910496888051e+00 3.151658921331059737e-01 -8.554340453012465595e-02 5.719197356991158054e-01 -8.665885941764230438e+00 5.956339385982611923e+00 1.938533934199593389e+01 1.902237453975374990e+02
1.315991579969272122e-04 -1.815763717242465646e+03 7.481498369020589401e-02 1.436873495134725898e-01 1.776194076506244279e+00 1.443968394125705004e+02 6.784697588969821336e-01 7.876841130287397519e-01 4.688720384990766377e+00 3.109639980086016386e-01 -1.339947069890772280e-01 7.068389296389756549e-01 -9.837282439264214418e+00 5.325943719643233543e+00 1.910132423008414904e+01 1.947978336361385630e+02
1.458363298694980814e-04 -1.815660992898541735e+03 1.492490346581037963e-02 1.287180687699045756e-01 1.889500692282698679e+00 1.303322506872104611e+02 7.648926159418405479e-01 7.630139762528291847e-01 4.704102765568538125e+00 3.097242973787586173e-01 -8.154749743337630363e-02 3.287367990281380714e-01 -5.046881653087439190e+00 4.976158769496530354e+00 1.917255643604387672e+01 1.923732828458020094e+02
1.626827519106242978e-04 -1.815551675866144024e+03 8.947499987592436033e-02 1.471151217328885707e-01 1.808081742029987282e+00 1.398396138811923208e+02 6.599653545732373505e-01 8.489387999242610228e-01 4.710615464278800069e+00 3.021059917665700478e-01 -1.166758473608158209e-01 5.549926979173622765e-01 -7.465315507598859313e+00 4.887168977357636557e+00 1.951215052483756907e+01 2.048408952075830882e+02
1.533345103852242972e-04 -1.815610855985925809e+03 3.373680074689638930e-02 1.285698572960665975e-01 1.831443875434312751e+00 1.440807140489913536e+02 7.691103176754905402e-01 7.396208241849919762e-01 4.682276993785468022e+00 3.296613319816377174e-01 -8.636292540180368071e-02 4.661791010454733875e-01 -5.571712657239942246e+00 5.559103246576824198e+00 1.866232659838973262e+01 1.744863505415654572e+02
1.274910907484952827e-04 -1.815795431377462137e+03 3.737344085152558004e-02 1.063901236681746576e-01 1.824783884230415154e+00 1.553605567787024881e+02 7.236263637880360200e-01 7.816350478001377056e-01 4.697854494401633829e+00 2.664421476009595224e-01 -8.014503490117919071e-02 5.370363499036416854e-01 -7.117064992440703008e+00 5.423571917571479162e+00 1.887627967923444317e+01 1.986710825362745254e+02
1.947773084609730004e-04 -1.815371620965053353e+03 4.737770961001125380e-02 1.482496257254923566e-01 1.754716593104014954e+00 1.531519036253335173e+02 6.641702924043708656e-01 8.168832818522682171e-01 4.695776882579091094e+00 2.843624084098652638e-01 -1.096307334224067009e-01 7.141031128352255397e-01 -5.946739041033481499e+00 4.750444590555402691e+00 1.993817404454889441e+01 1.665235403545358679e+02
2.644197060713458173e-04 -1.815065940226653083e+03 -1.834079201103705481e-03 1.237310044241581586e-01 1.826521906733186817e+00 1.486319149628705247e+02 8.319220603913335399e-01 7.179295185799143830e-01 4.686524075461600880e+00 3.072507732115710155e-01 -1.123409289149992496e-01 3.305321071255409859e-01 -9.625112581967783854e+00 4.693563353846963437e+00 1.890185506452313291e+01 1.989872680875964761e+02
1.482393237655490808e-04 -1.815644649842924309e+03 4.254043775736449096e-02 1.181121660035804599e-01 1.775317917410482060e+00 1.450728749179887132e+02 6.997214142583273455e-01 7.827867481065466926e-01 4.689271016027262817e+00 2.801109044287477534e-01 -1.070695826308363241e-01 5.404865500668163403e-01 -6.024905354045102968e+00 5.967456229115764010e+00 1.901817538102956817e+01 1.769544430328558917e+02
1.178613979555087989e-04 -1.815873968522644191e+03 8.172167962628718030e-02 1.427402657019347931e-01 1.836775957478664623e+00 1.493549165732576682e+02 6.293223176861288959e-01 8.253261692983118181e-01 4.697996247438473993e+00 3.206713326825609833e-01 -9.539853554859023532e-02 7.493886217918892534e-01 -7.600077039669173473e+00 5.539061139641754394e+00 1.959865289802864652e+01 2.104469290234751782e+02
1.840218766106931656e-04 -1.815428423217971840e+03 6.554458307005406326e-03 1.391272442767091111e-01 1.815873609909278485e+00 1.399452820669901030e+02 7.880230223281395885e-01 7.930746376741841797e-01 4.709211399227926975e+00 3.008757283581082742e-01 -1.236831850837907254e-01 3.519881336750893541e-01 -5.488238813627219770e+00 4.863603387744497297e+00 1.970403704899559472e+01 1.894424574126689720e+02
1.607551341286252546e-04 -1.815563595561937291e+03 6.811022084019335843e-02 1.441206289824721043e-01 1.828263207771834153e+00 1.450308518904391235e+02 7.437813496252849710e-01 7.949356617807672443e-01 4.701652553994858152e+00 3.353445428456007793e-01 -8.471380013954199484e-02 4.882770991415004147e-01 -9.750210174093950855e+00 4.608190594271421858e+00 1.944227374617735293e+01 1.924198423602894081e+02
1.286000678782501757e-04 -1.815786770523508721e+03 3.115485701464357216e-02 1.243640175901189193e-01 1.766705543548258817e+00 1.563472420119478272e+02 7.588885318799170054e-01 7.885723006625651177e-01 4.699790341619392464e+00 3.038309808945851564e-01 -1.269511441275459340e-01 4.917574652334288920e-01 -1.143906310154400785e+01 4.636355211877996041e+00 1.950631534676772105e+01 1.825832423513349454e+02
1.859556378891722740e-04 -1.815417969723842816e+03 6.775343538630601570e-03 1.438751806109460907e-01 1.892698290433735941e+00 1.505642607402690771e+02 6.845346027131892219e-01 8.319246233994412876e-01 4.709708182411372235e+00 2.970381805383359719e-01 -7.880312942658851405e-02 5.285271642601081510e-01 -5.623904954168068571e+00 5.368631583686278574e+00 1.999629032318339483e+01 1.966011764280890475e+02
1.780886929903094981e-04 -1.815461196161716089e+03 6.158854314432790633e-02 1.484227896510189326e-01 1.822622574140329910e+00 1.265902145032764281e+02 7.005010535504445635e-01 7.897175535263292190e-01 4.698051140518812119e+00 2.917709901818426044e-01 -8.993284123911782224e-02 4.055670990961299238e-01 -5.555118392716337894e+00 5.459292878306709618e+00 1.889032944520896251e+01 1.991961116353935211e+02
1.415096937646773828e-04 -1.815691109641229104e+03 -2.767305234388692248e-02 1.213551307584345984e-01 1.828935773358860040e+00 1.382574315186448928e+02 7.872264106289840191e-01 7.605033140952275339e-01 4.704644794025210075e+00 3.088668139853045780e-01 -1.071448259194940356e-01 3.828597890426122530e-01 -8.177422892350307393e+00 5.042557147670323481e+00 1.845252043372502726e+01 1.858560364577307382e+02
1.490562507020607049e-04 -1.815639154106944261e+03 6.068995091830542421e-02 1.159004002988564264e-01 1.855776546437385655e+00 1.471513794966152489e+02 7.057659751582879837e-01 7.810430239010996978e-01 4.688206343081882110e+00 3.194412753409625605e-01 -9.407350676866421679e-02 5.941985795728456088e-01 -9.459177062535275127e+00 5.011546041290504405e+00 1.948654286448647710e+01 1.958704564408838564e+02
1.881480917645538974e-04 -1.815406248488245183e+03 5.244769942535743024e-02 1.303382996351258594e-01 1.851967190075896497e+00 1.657468935169975452e+02 6.582416847696802575e-01 8.646087292540047820e-01 4.719102659216470208e+00 2.456782385274587366e-01 -7.503623166934758615e-02 7.291005120245147575e-01 -6.746678336789699415e+00 5.255759057645081889e+00 1.832657462138287485e+01 2.018416331829875219e+02
1.158193012219821280e-04 -1.815891446634667773e+03 6.043805132378202161e-02 1.486074632709362964e-01 1.783718333927128086e+00 1.363404384211126512e+02 7.436923190022629582e-01 7.706984510456458271e-01 4.703566216009786416e+00 3.359917593291616988e-01 -1.365517327449947693e-01 4.582193156410705459e-01 -8.368404693477515366e+00 5.381064543263924804e+00 1.935499122776596082e+01 1.889514015532646170e+02
1.686964165182108170e-04 -1.815515377115551928e+03 -8.372841992185964255e-03 1.304131644637241683e-01 1.685956952417280164e+00 1.554158126585577691e+02 7.785864053109048388e-01 7.296358757276655282e-01 4.687060768337246053e+00 2.966697325212237502e-01 -1.545904434683174067e-01 4.449502455812796020e-01 -8.884541221054178095e+00 5.260512870379652206e+00 1.899469968712408274e+01 1.838176058312199643e+02
1.332568851924460080e-04 -1.815751199130187842e+03 5.621272402645346999e-02 1.301525679534023816e-01 1.857913640055786075e+00 1.459624786045410474e+02 7.127264019412864471e-01 8.163663603724780060e-01 4.715070388958100267e+00 2.981223694927135348e-01 -9.487845521884885613e-02 5.157863067850204652e-01 -9.334101973455830148e+00 4.866264258230779127e+00 1.849575692411831085e+01 1.854659615354874518e+02
1.287159283347532029e-04 -1.815785869992907919e+03 7.637948745942318984e-02 1.453469353329024660e-01 1.879794967612932410e+00 1.620702530422804557e+02 6.403431713165791406e-01 8.127082963517919811e-01 4.694960303104958044e+00 3.014545985636798431e-01 -5.350394461270857605e-02 6.720805765108353036e-01 -7.622478061019847928e+00 5.227208310128683699e+00 1.929882837122431738e+01 1.967112132605745103e+02
1.370648433935976100e-04 -1.815723023739841892e+03 4.890600074051731916e-02 1.490248203374821279e-01 1.835326155112026569e+00 1.326960968923757775e+02 7.476799606846715740e-01 7.768990019122232749e-01 4.700426997606713897e+00 3.181040354133313208e-01 -9.487925759142656901e-02 5.100266494401083373e-01 -8.301217435411103907e+00 5.089613869680320590e+00 1.987631206244855520e+01 1.881664012412248610e+02
1.339321052069779132e-04 -1.815746144869150157e+03 8.603175129861542758e-02 1.481127904833424991e-01 1.736555607306796034e+00 1.410257429526896544e+02 6.745293056766960005e-01 7.933700860904977503e-01 4.701543253311993631e+00 3.101621933904679107e-01 -1.130705524651842708e-01 6.489073808695973167e-01 -1.024872775900044530e+01 4.922110807675128541e+00 1.888698980388048199e+01 1.821384054934651715e+02
2.166091698054573055e-04 -1.815265383194260721e+03 3.603252292662911804e-02 1.494433005035877005e-01 1.800904723845678568e+00 1.472356089069153313e+02 7.059131722522332675e-01 7.966038242929540658e-01 4.696072873062702158e+00 2.664015565381168127e-01 -1.110719373796515974e-01 4.967140823197428445e-01 -4.882570708484223587e+00 4.749040971740448036e+00 1.861363669662596720e+01 1.912547924664727077e+02
1.879861239060213877e-04 -1.815407109712041347e+03 3.739157162257017442e-02 1.354278854032499868e-01 1.847150651565682367e+00 1.519746827417442603e+02 7.517831960853209594e-01 7.840931288245365227e-01 4.704984767011659130e+00 2.971799920891717850e-01 -7.471940196465354234e-02 5.611349834276804227e-01 -6.060196649979928907e+00 5.042685583753314660e+00 1.990866328939000596e+01 1.665175082508310140e+02
1.671511950088552952e-04 -1.815524579100976098e+03 8.088236385362193581e-02 1.389130155776562570e-01 1.766501224086038491e+00 1.316974136510392555e+02 6.791013086710721014e-01 8.435113076352516170e-01 4.715901854622736700e+00 2.720338329754485862e-01 -1.086534695877219292e-01 5.126094517032553366e-01 -9.904146109655442842e+00 5.559156363285855385e+00 1.889835616094515203e+01 1.828509926066274147e+02
1.802305468634947828e-04 -1.815449241015883217e+03 1.192082224302901117e-02 1.190516426349662316e-01 1.710717352846895523e+00 1.609678405654059361e+02 7.644822208967773092e-01 7.665233575428642698e-01 4.691374562925549441e+00 2.949647703723983216e-01 -1.436933536382585253e-01 6.048143397514030850e-01 -8.017497375076857224e+00 5.707505356076336689e+00 1.970383146618404169e+01 1.989107382630006668e+02
1.710413172252990121e-04 -1.815501572714619215e+03 4.927057856763206178e-02 1.268573076910982922e-01 1.722122783188717143e+00 1.557426244589844089e+02 7.034367419373309671e-01 8.066272877458893209e-01 4.716472179527998243e+00 3.062583304661881112e-01 -1.291260795191155886e-01 6.257059960367951090e-01 -7.586321945084222307e+00 5.402705139384678112e+00 1.966392418745222059e+01 1.909655139756527547e+02
1.999019823392408175e-04 -1.815345650705025037e+03 3.664940498615371078e-02 1.407131182161143468e-01 1.853817618178701387e+00 1.422416946914360381e+02 7.293930671923856135e-01 7.871884132419386670e-01 4.696594954999768312e+00 2.964195151973956222e-01 -6.609951736981667381e-02 5.026924886117296598e-01 -6.598606611340329664e+00 5.038003924763390096e+00 1.904410430817615918e+01 1.679566128091865096e+02
2.251308748972519571e-04 -1.815226795963824543e+03 4.140095082105946234e-02 1.477090251110398655e-01 1.821342803593658743e+00 1.304152563634725368e+02 7.162627122954551284e-01 7.890153489002527110e-01 4.688547408596649646e+00 3.039111428270815374e-01 -7.746069044399295223e-02 4.201958537310550579e-01 -6.263414766351843355e+00 5.476537255526658932e+00 1.888997459358965259e+01 1.912105870239660987e+02
1.529881660544016265e-04 -1.815613117290785340e+03 -1.037451166914041267e-02 1.385204390481271919e-01 1.857597288077196929e+00 1.497004888613144260e+02 7.696582691743640847e-01 7.565504478402258481e-01 4.693406372416445649e+00 3.528182817670664218e-01 -1.151796631638246637e-01 5.233473805601194240e-01 -6.213989051410806042e+00 5.239840675945961479e+00 1.913337660438141441e+01 1.882137468100939373e+02
1.832495530224137719e-04 -1.815432628961541241e+03 3.932936328250707936e-02 1.496074658599582385e-01 1.813819546930608873e+00 1.423775677729425695e+02 6.724961103312404598e-01 8.029764034033741726e-01 4.696168190896830907e+00 2.885601014652012797e-01 -9.272834134521867888e-02 4.651281039464010836e-01 -5.551991358403398635e+00 5.644686159081535592e+00 1.920022067035287350e+01 1.947226392625707092e+02
1.348316960425173755e-04 -1.815739450558451608e+03 7.985965391249214007e-02 1.385111945529599320e-01 1.804267806272845220e+00 1.765684228281168089e+02 6.404294053172783219e-01 8.133989637539251749e-01 4.682987368681668983e+00 2.719408867702191035e-01 -8.306826161513658491e-02 7.443395417774595346e-01 -4.840385285582868846e+00 4.809169015396519420e+00 1.854539829569323928e+01 1.949209611275332179e+02
1.681416185638338228e-04 -1.815518671271189305e+03 4.857115734613665081e-02 1.259951063758647793e-01 1.733252898566076006e+00 1.528082937553742511e+02 6.452138961007252149e-01 8.117887605867839529e-01 4.685644216134212670e+00 2.933042142948978359e-01 -1.317665220424322214e-01 6.263258749138953529e-01 -9.886028331870534203e+00 5.081159107953259202e+00 1.939937124896085052e+01 1.821706786478367519e+02
1.818315629741304766e-04 -1.815440397082743402e+03 1.261098831688934052e-01 1.305335690071266208e-01 1.744992870885379688e+00 1.335737709367035393e+02 6.008437273140468937e-01 8.872073134139153439e-01 4.715851604754953463e+00 2.863279462287930954e-01 -9.412420168674495713e-02 6.784618974515566059e-01 -7.479388064546355963e+00 5.234921910105994058e+00 1.904119307849316911e+01 1.881092113682343268e+02
1.513396188043154963e-04 -1.815623951420676804e+03 2.652112517607066455e-02 1.351176895792185195e-01 1.806014034202243934e+00 1.541867249381446072e+02 7.616260761053933459e-01 7.648079355679486824e-01 4.695457818480813117e+00 3.205537733495555930e-01 -1.230307981142244600e-01 4.878276820933393765e-01 -4.893684915169416172e+00 4.979953102432488343e+00 1.924201836872507698e+01 1.545907562571593417e+02
1.267049554393141981e-04 -1.815801616664977701e+03 4.177043666525384613e-02 1.478937847350556278e-01 1.830139144772457094e+00 1.390652954491882554e+02 7.334474825299994727e-01 8.002720138898553603e-01 4.709288247910576430e+00 3.520925902158551501e-01 -1.123797600288369836e-01 4.504865419297511275e-01 -7.804627198971957114e+00 4.954042582706152942e+00 1.887684107437437220e+01 1.847166667739431603e+02
2.306150566906518882e-04 -1.815202727963891903e+03 3.587914177639803248e-02 1.222252083053703975e-01 1.762522196566859378e+00 1.476617938582692489e+02 7.823680015891483208e-01 7.776046942939756068e-01 4.704521986341898554e+00 2.915369798831537462e-01 -1.045865895825452974e-01 4.977538682910878087e-01 -9.131727350973562807e+00 4.902459250042068284e+00 1.943273568204162416e+01 2.047171331893077308e+02
1.430826651910911435e-04 -1.815680055321640339e+03 8.379734261451213251e-02 1.485172998732038618e-01 1.787567059151667692e+00 1.344624227471376514e+02 6.090310986046993946e-01 8.627783736347285348e-01 4.710304497096948317e+00 2.864159131651651258e-01 -1.008281005815017117e-01 6.627410544386420632e-01 -9.478461844259697955e+00 5.468207754376286367e+00 1.916631866179241328e+01 1.831317736633032496e+02
1.583244572292476519e-04 -1.815578831408946371e+03 5.624322267157597088e-02 1.311069781391045741e-01 1.787758177483369515e+00 1.417057779483618276e+02 6.562009962500501281e-01 8.004104956329485265e-01 4.678142300060942560e+00 2.815518592928007990e-01 -9.806513907008129749e-02 6.312485956902849082e-01 -7.296420938864770278e+00 5.341583426593632389e+00 1.859914127784745119e+01 1.921649083225152026e+02
1.515783323219356538e-04 -1.815622375326779775e+03 -4.993845510543021282e-03 1.252632978394379315e-01 1.812061934046598211e+00 1.548061619706405736e+02 7.532882920894538037e-01 7.996412680071447454e-01 4.705227139836427597e+00 2.499216989006141088e-01 -9.259185016432902593e-02 5.242448148815688214e-01 -7.486854063976409179e+00 5.323665970022983807e+00 1.947620239804592757e+01 1.994955744624616898e+02
1.827930519887669119e-04 -1.815435123213653242e+03 8.897231771864924643e-02 1.439637019214816405e-01 1.789774039433096320e+00 1.294547070614586062e+02 6.657731974474931924e-01 8.326594416752954864e-01 4.707230916219906192e+00 3.101721144485591886e-01 -1.127480535997467115e-01 4.814092080593278533e-01 -7.104736639596978875e+00 4.988635917856920621e+00 2.006921003497264167e+01 1.865492836273365924e+02
1.671648029029203654e-04 -1.815524497693600097e+03 -4.846337485739926620e-04 1.365400922881747914e-01 1.867916905575244257e+00 1.432593950146820418e+02 7.614604093635510829e-01 7.560337637110803310e-01 4.695765473547822921e+00 3.409826036651102399e-01 -9.821459249543318393e-02 4.756938358470760853e-01 -7.168893917616742328e+00 5.706732299288641563e+00 1.979315065344233915e+01 1.886139609358513667e+02
1.552765064764808538e-04 -1.815598270422748556e+03 1.417083124451815057e-02 1.375938943620369226e-01 1.828585349981651120e+00 1.270037518696613859e+02 7.620217167698188909e-01 7.494913006942791611e-01 4.692648818956110190e+00 3.283824946680051760e-01 -1.091227174157276547e-01 3.914539240376571638e-01 -8.026344481299389599e+00 5.289047696002580068e+00 1.905034616656453750e+01 2.069004032802741335e+02
1.496923293331194939e-04 -1.815634895813283720e+03 2.026417377400185904e-02 1.241366251630784678e-01 1.840174896149235018e+00 1.470152518362784519e+02 7.585483571965733196e-01 7.796833755155527790e-01 4.695591220943478028e+00 3.199839047335228948e-01 -9.677378988966722773e-02 4.472848870716955583e-01 -6.123628090273143698e+00 4.358275315992976573e+00 1.983477133382427482e+01 1.729372756196952992e+02
2.220955514097905836e-04 -1.815240370162109230e+03 6.699077850508292076e-02 1.377173645483077136e-01 1.803058239376862382e+00 1.497505397549010695e+02 7.197049219551611143e-01 7.875421760505902924e-01 4.700931785028733323e+00 3.380501205333128478e-01 -1.236557700975686735e-01 5.199490990713204752e-01 -6.720709562687801508e+00 4.996478370521417744e+00 1.974274465960057512e+01 2.025287582013525309e+02
1.789117246580040628e-04 -1.815456585337273737e+03 1.523522558312140340e-02 1.490929639483257463e-01 1.834550689088503717e+00 1.378884350254524236e+02 7.406521545446514976e-01 7.946600965645220782e-01 4.714426447822382293e+00 2.930299860533349676e-01 -9.241869088101983820e-02 4.374614452690238631e-01 -8.875677163312815310e+00 4.878908946682747327e+00 1.986315429276830358e+01 2.000477164227918365e+02
1.340004942094646706e-04 -1.815745634375062309e+03 6.897917723553637082e-03 1.394271995661792996e-01 1.875697004326325690e+00 1.516559179364808472e+02 7.370641010023559758e-01 7.743205047149428477e-01 4.695159681043181266e+00 2.822731846667596578e-01 -1.179635379686343466e-01 5.163454479106128758e-01 -5.536050212589088915e+00 4.903008156975308118e+00 1.956093953570981014e+01 1.763680506886531418e+02
1.317830837305692532e-04 -1.815762320597328653e+03 4.363659427811114599e-02 1.414417036388348758e-01 1.719607728814840364e+00 1.597383043152774178e+02 7.720099019828021714e-01 7.313020439308441922e-01 4.680266114702833491e+00 3.199433334469732326e-01 -1.428110736475352027e-01 5.128934873771104908e-01 -9.613512245422384694e+00 4.989888280933274523e+00 1.970365499608350746e+01 2.093735754998700145e+02
1.672156234575402777e-04 -1.815524193725119858e+03 1.374029836783839664e-01 1.470841021332729703e-01 1.760055934329685101e+00 1.450526710840797762e+02 6.116203770853571031e-01 8.402727423458615785e-01 4.686303520248465304e+00 3.268206518729965815e-01 -8.893477445626496447e-02 7.751096435324833500e-01 -7.805884125428491416e+00 5.115680705298331077e+00 1.850778207141912191e+01 2.096301647534168922e+02
1.723080683531299639e-04 -1.815494193893345027e+03 3.847955390466312187e-02 1.447974027438361511e-01 1.793785397502052348e+00 1.280155433036670729e+02 7.323681825060388562e-01 8.194235986082516465e-01 4.707664528186398911e+00 2.957065286651021641e-01 -1.110053650410045556e-01 3.523965439438733194e-01 -6.040514166700688747e+00 5.296022810186595819e+00 1.882831704651088955e+01 1.897262990731375396e+02
1.700445554135924782e-04 -1.815507417369758059e+03 1.133239219864743130e-01 1.280112352804243236e-01 1.834566609882210209e+00 1.423313416742150821e+02 6.149983870397316421e-01 8.719334739794950551e-01 4.709462502079109214e+00 2.957204540796936065e-01 -6.942781563161815050e-02 7.303252509066074927e-01 -7.179696225780702434e+00 4.951303557149344670e+00 1.938095696106278965e+01 1.919491586621767567e+02
1.188257460669381430e-04 -1.815865819761952935e+03 1.219608656679385394e-01 1.370555215577205777e-01 1.776940153037558368e+00 1.461904243598715993e+02 6.309742746467229546e-01 8.022570648804747684e-01 4.677522275833206677e+00 3.297079165977605530e-01 -9.666757192619490624e-02 7.817185133858423063e-01 -6.369575574189866529e+00 5.577311052456623841e+00 1.847516717684061405e+01 1.794072445827696924e+02
1.897683905644193100e-04 -1.815397673531586861e+03 1.209359422142441964e-02 1.495735368943379162e-01 1.858494146439690908e+00 1.528573260123447142e+02 7.628214772660497633e-01 7.694604464557333046e-01 4.698491497931591709e+00 3.423403902422423872e-01 -1.048303186559724764e-01 5.881713378418231830e-01 -7.425023485421064606e+00 6.009932400749207204e+00 1.912044944455626450e+01 1.853259309798283994e+02
1.342861717847696043e-04 -1.815743504730025961e+03 2.624165292508401359e-02 1.361810124002061084e-01 1.804635126272824408e+00 1.593557478033347934e+02 7.533916566167360163e-01 8.144992111357629572e-01 4.718197242129958724e+00 2.908695605761117964e-01 -1.154295554975974802e-01 5.167669004730455207e-01 -1.168408755416643885e+01 5.233169050105734854e+00 1.883824621042051817e+01 1.984502895787477712e+02
2.097266307893873348e-04 -1.815297672938588221e+03 4.758495172471000068e-02 1.497099749416249959e-01 1.738281058278240643e+00 1.299113190017371835e+02 7.185867225789994706e-01 7.920128403982302778e-01 4.690247256229082673e+00 3.041484842148796108e-01 -1.108151316984020696e-01 4.539327924447675300e-01 -8.164305793326519733e+00 5.256946745590851400e+00 1.894879003490457237e+01 1.927055645125506089e+02
2.008636796828223037e-04 -1.815340851395699701e+03 3.369167674102602206e-02 1.350967893410567056e-01 1.811954467591398554e+00 1.570951953989457195e+02 7.433215397284509418e-01 8.041637230723168717e-01 4.701530569591879427e+00 2.600140700628543744e-01 -1.052286344147383979e-01 5.990999087031113612e-01 -6.603660379961212357e+00 6.001046246137731188e+00 1.885101233374364327e+01 1.938023298397488645e+02
1.241184804551834166e-04 -1.815822241266177571e+03 1.198224763323469111e-01 1.476594080883804894e-01 1.788438113838318522e+00 1.415693760419021885e+02 6.633901564363939851e-01 8.014250857887070811e-01 4.692293909206327385e+00 3.385580302243871298e-01 -1.070645326380468276e-01 6.619613603749592290e-01 -8.055408959112554612e+00 5.059787413427607738e+00 1.816076644147668162e+01 1.751470878158351070e+02
1.680532289059663510e-04 -1.815519197095190293e+03 1.482376247018739324e-01 1.438426662655963584e-01 1.778693303097251821e+00 1.743140987176416843e+02 5.553980874471683427e-01 9.294317536560048332e-01 4.721681173687737321e+00 2.861953427928516369e-01 -7.079321558383000479e-02 9.153740137492325513e-01 -8.962536748295093503e+00 5.612440513459104885e+00 1.901412738810137526e+01 2.132535595943642193e+02
1.265874522454695341e-04 -1.815802544471723650e+03 1.102035649230554692e-01 1.289607759884955629e-01 1.713281780821094280e+00 1.515631609272085996e+02 6.486394322946565927e-01 8.320613315819307410e-01 4.700449157158218760e+00 3.145761411559051535e-01 -1.150689151450001724e-01 7.570162505040439749e-01 -1.030833904941928836e+01 4.532475721346962416e+00 1.852020184551206228e+01 1.694419888530148626e+02
2.066223464113235643e-04 -1.815312585149612460e+03 1.070779861555559709e-02 1.361798807092360064e-01 1.806696483718298829e+00 1.284815973029804468e+02 7.314736769822189899e-01 7.698346126012425295e-01 4.698464979010855913e+00 3.093118762359343688e-01 -1.132352195437271725e-01 3.676010329606155813e-01 -8.838279716570383471e+00 4.699627019182139875e+00 1.939546271939429545e+01 1.887446153260452490e+02
1.690126606898545382e-04 -1.815513504235695109e+03 7.201340008043832785e-02 1.420605041206533803e-01 1.728580222305349245e+00 1.362134386911406239e+02 6.846659837123694192e-01 7.917403538340948010e-01 4.690631364660933222e+00 2.951846258702259806e-01 -1.196238628265666737e-01 4.997487048836274370e-01 -5.610107778426026925e+00 5.610452409082533620e+00 1.933842078908199014e+01 1.751033186386391378e+02
1.569015064642613792e-04 -1.815587859602014532e+03 2.022134380246726204e-02 1.444097103730591358e-01 1.870091709536812807e+00 1.410592023332341682e+02 6.859404145059879720e-01 8.210476924235547980e-01 4.712744720714669100e+00 3.033031900519833624e-01 -8.185328453698170748e-02 4.931459889892160775e-01 -7.371414106442927050e+00 5.040147863169974762e+00 1.865460238539096238e+01 1.795719055624104215e+02
1.538132623857638452e-04 -1.815607738578406043e+03 7.533540707887456667e-02 1.397447317610906181e-01 1.767833297760596167e+00 1.503427436906454204e+02 6.967614394899990238e-01 8.110710603592325985e-01 4.699223061892015885e+00 3.404214651812815795e-01 -9.562901009364477289e-02 5.520972397106708174e-01 -8.092872128755288941e+00 4.815691036036295891e+00 1.910071793919987471e+01 2.018965658249938144e+02
1.745537457523814321e-04 -1.815481245170335114e+03 7.965589896790456481e-02 1.397875623133492951e-01 1.799976202035830752e+00 1.450344643124453512e+02 6.621290982456152774e-01 7.978573108376127987e-01 4.680862726101366889e+00 3.215500740929779777e-01 -9.195622539720171851e-02 5.801615218933334761e-01 -8.297066440610450400e+00 5.943013617649262059e+00 1.846550821849057655e+01 2.037508977759584639e+02
1.886243277856149234e-04 -1.815403720509815912e+03 5.108469662287704049e-02 1.464267429728385028e-01 1.852459495754922081e+00 1.545730021773603653e+02 7.301938124279911957e-01 7.754478578512276066e-01 4.694424842315456203e+00 3.048409400107832123e-01 -9.014777102770876738e-02 5.693791106919421363e-01 -9.995587599594273343e+00 5.999749632959794354e+00 1.918756824697387486e+01 2.108463777309517297e+02
1.322904656137384785e-04 -1.815758477861024403e+03 4.706432498712684320e-02 1.323088775497417713e-01 1.782910526559516207e+00 1.541545323855735319e+02 7.322081765369139461e-01 8.361812551973697438e-01 4.720301086190267448e+00 2.469704559424539259e-01 -9.125616154157301096e-02 5.616996834831030627e-01 -6.968222690934453567e+00 5.373076374863838822e+00 1.901556516931679397e+01 1.966460723593691569e+02
1.884646666414657474e-04 -1.815404567318691534e+03 4.099804006718088534e-02 1.315959007962723970e-01 1.789968591971484280e+00 1.385245640685104149e+02 7.542189817911498784e-01 7.934460848460820337e-01 4.708126431835095715e+00 3.217493536946136601e-01 -1.076290376174973140e-01 4.224459106877808678e-01 -6.481320518741682690e+00 5.028067914099487723e+00 2.023324425947103933e+01 1.905891356873645748e+02
1.429419488715507214e-04 -1.815681039267244842e+03 9.142563789795002394e-02 1.289778554237520358e-01 1.813970692010512309e+00 1.482657677833016692e+02 6.415415386085059346e-01 8.527869767302944659e-01 4.697299441583465018e+00 2.812295596601586123e-01 -9.031285982888070940e-02 5.880724047226620899e-01 -5.932598735663901834e+00 5.912550370466895799e+00 1.905380966512193552e+01 1.794888250460169274e+02
1.700989543510702130e-04 -1.815507097511013853e+03 4.944178118809272604e-02 1.442250704056828037e-01 1.830252891389601011e+00 1.442059120197187383e+02 6.997893386133093863e-01 8.118269257605890132e-01 4.701634493797154590e+00 2.886012266720259234e-01 -6.259590417713312149e-02 5.805334848932572900e-01 -8.025769060159149149e+00 5.603835732876816245e+00 1.933844341318824434e+01 1.794124872374767108e+02
1.518430592430727172e-04 -1.815620630380670718e+03 7.111186377732750530e-02 1.498447637602470517e-01 1.829072877303643097e+00 1.268291823605714654e+02 6.686756949331714717e-01 8.085321356509471702e-01 4.701128206324975523e+00 2.969104174006382824e-01 -9.474741102092520961e-02 4.364553200574425307e-01 -9.413398611295150431e+00 5.310038215885271029e+00 1.869623349593485528e+01 1.956814666479426137e+02
1.209240333178653628e-04 -1.815848315338523207e+03 4.956585009459429925e-02 1.317281893877440824e-01 1.757425505614307326e+00 1.252543035571621459e+02 6.958336798540943891e-01 7.904902562085327489e-01 4.688054297321192720e+00 3.135251356852830629e-01 -1.090554709953650558e-01 4.125874409221906292e-01 -8.101090603832773240e+00 5.651391606506295240e+00 1.892469661859963281e+01 1.918135402115257477e+02
1.758921065243485894e-04 -1.815473607087190658e+03 7.999546841078822301e-02 1.338228251543000236e-01 1.770816546008191494e+00 1.396623146288723376e+02 6.943879377416644072e-01 8.328658674117250804e-01 4.715580355026286696e+00 2.866503462187337536e-01 -1.064147288879095932e-01 5.187434040373425370e-01 -5.632014917042056368e+00 4.604479549425555263e+00 1.956201579889826903e+01 1.795266288179885237e+02
1.413340886471773662e-04 -1.815692351352385458e+03 8.269147628294543084e-02 1.449806163742980714e-01 1.801150093021592014e+00 1.326205569452126269e+02 6.473576414213841890e-01 8.181776731075387499e-01 4.689355199567476262e+00 3.350226411714483099e-01 -9.309537844585236144e-02 4.919288004148648086e-01 -6.535117510842411548e+00 4.750465614969390238e+00 1.870584298838773307e+01 1.830437774249040785e+02
1.577092968403373487e-04 -1.815582724418208272e+03 7.698084703212695890e-02 1.108718583347524655e-01 1.797128796660619088e+00 1.761699967837951135e+02 6.352112083371771467e-01 8.402576818599463149e-01 4.702319423180403746e+00 3.012778628305194939e-01 -8.567355780024454859e-02 7.594024327275992192e-01 -8.070088837644163959e+00 5.175381805283096881e+00 1.841207341245276652e+01 1.643115320709379716e+02
2.128141110176942500e-04 -1.815283058796694377e+03 9.139789651290042283e-02 1.312466985315080825e-01 1.814783255351530400e+00 1.260746861781583874e+02 6.390156113486068490e-01 8.595917522518567999e-01 4.703374242241967096e+00 2.846861081505251967e-01 -9.057085016379096132e-02 5.220946602667457803e-01 -6.532692368407481354e+00 4.999719291592263914e+00 1.932100958741800412e+01 1.834203413817164687e+02
1.377689817690328508e-04 -1.815717899625910832e+03 9.026265237014480247e-02 1.498510016064556749e-01 1.834843555352435374e+00 1.363164202945785348e+02 6.964901586600084071e-01 8.206181496898645733e-01 4.698826313922646492e+00 2.969409346011275819e-01 -9.448346107090421775e-02 5.644455053726576965e-01 -9.739728105674117842e+00 4.469743717652963078e+00 1.914208506789016795e+01 1.879287362737020999e+02
1.541275384148253888e-04 -1.815605697431943099e+03 2.839299346965712401e-02 1.199995971386945970e-01 1.843530646882935997e+00 1.372754368264268692e+02 7.901162308897929920e-01 7.691262293165121999e-01 4.697190839692459541e+00 3.093682861184392507e-01 -1.012137855469879000e-01 3.742195743207887837e-01 -7.586107691259798003e+00 4.733084631770800854e+00 1.988412352252377957e+01 2.015732650495126848e+02
1.238910675248422412e-04 -1.815824075171331060e+03 1.649334623512416220e-02 1.272278009086584005e-01 1.893045554175603939e+00 1.455481589566677485e+02 7.809789638017976543e-01 7.869805292714988632e-01 4.709263443839088126e+00 3.260064127138413426e-01 -6.623681245976831278e-02 4.324482071897075564e-01 -6.362232051536267363e+00 5.412643060103583537e+00 1.961886108767729553e+01 2.083337362413196843e+02
1.300207436965093830e-04 -1.815775783858514387e+03 3.018331734103063546e-02 1.284751451539498379e-01 1.829684930451104030e+00 1.513654968773815312e+02 7.333430812373707974e-01 7.852253689689223659e-01 4.696147456331754455e+00 3.178593826190705407e-01 -8.487541532196174465e-02 6.593325467741092405e-01 -4.909914061101801508e+00 5.327421481898797495e+00 1.900879090441132035e+01 1.827583302318793699e+02
2.199483301310510791e-04 -1.815250085207409711e+03 1.421198762035349727e-01 1.408801989765444962e-01 1.717121312541300071e+00 1.504020990074803876e+02 5.767676915026650475e-01 8.491759347711529404e-01 4.681075663119786512e+00 2.966523238609899416e-01 -1.089177506918372895e-01 7.170134273782055034e-01 -6.465344525786321128e+00 5.563293993168572094e+00 1.957199239934603696e+01 1.694371853005831667e+02
1.229590027510952090e-04 -1.815831626874291487e+03 8.211806862779058580e-02 1.430457229831368637e-01 1.818158436785191512e+00 1.332888338310911251e+02 6.305285121072609078e-01 8.630216013890219529e-01 4.706491068436071679e+00 2.746204869903445811e-01 -8.669083820472645030e-02 5.264051621009750992e-01 -7.238310734166987004e+00 4.799498995309514626e+00 1.824070979373937362e+01 1.945684609751627931e+02
1.554889400540899222e-04 -1.815596903259101055e+03 3.568913355076150373e-02 1.338317216756040040e-01 1.876352676226876959e+00 1.404071999730069820e+02 7.112131969601818149e-01 7.912061823725635712e-01 4.701967541277214835e+00 3.278121101099269463e-01 -9.249762975467534787e-02 5.104814365069132442e-01 -8.359176584725730663e+00 4.568351234094381041e+00 1.861777645052598018e+01 1.941946432156671563e+02
1.651606500890171207e-04 -1.815536559226010013e+03 8.494337026291701176e-02 1.497821976928231658e-01 1.849610377968556207e+00 1.485892907830047136e+02 6.564112038491272116e-01 8.474092061648650365e-01 4.693571162527967466e+00 2.975834323805282011e-01 -7.647490317653815595e-02 6.809464415554307148e-01 -9.302766926208335008e+00 5.777061583008280543e+00 1.892962967699307697e+01 1.716263950790859383e+02
1.421115513825164359e-04 -1.815686865540820236e+03 4.812985512143286293e-02 1.438121152924901336e-01 1.888647766845896747e+00 1.345337615882885416e+02 6.993809405897754017e-01 8.325797454502381623e-01 4.718493890280999636e+00 3.015609885988668193e-01 -7.062019335534142073e-02 5.054918664967377184e-01 -7.168412868053138709e+00 5.553574277369910384e+00 1.916972493570290226e+01 1.752406803218660230e+02
1.160304015652883309e-04 -1.815889625623908614e+03 8.540971887142490004e-02 1.337272385869651414e-01 1.728306473886526362e+00 1.604563716935339812e+02 6.839363502174069520e-01 7.519925260197208861e-01 4.674863903551118582e+00 3.512399219073407686e-01 -1.319097454858506602e-01 6.321584885079972738e-01 -9.302698818952819693e+00 5.264234114397803310e+00 1.904336907246339905e+01 1.818914356543540691e+02
1.212513919598237237e-04 -1.815845611853304035e+03 4.909189731225518938e-02 1.468611592216980954e-01 1.762802883458779668e+00 1.451533151829672761e+02 7.349850210212498514e-01 7.782350869304819341e-01 4.685447091840223344e+00 3.028088849026822071e-01 -1.262822418491131859e-01 5.159770133381714752e-01 -1.012868379818706899e+01 5.884439038805089339e+00 1.873368559955157409e+01 1.740663093628591582e+02
1.219113417187172118e-04 -1.815840183789806815e+03 6.875041500179582266e-02 1.237580836762147418e-01 1.827777990413673059e+00 1.657203473927961852e+02 6.692159518567217802e-01 8.847581627004710292e-01 4.723307159203901762e+00 2.787013143529584180e-01 -6.430919353357844592e-02 6.640829035758536447e-01 -7.650066347032407066e+00 5.717054739727056578e+00 1.970460533773443856e+01 2.006250618849808518e+02
1.573026618844990652e-04 -1.815585306130873050e+03 4.220527337098936571e-02 1.113448646804202913e-01 1.791156265638376155e+00 1.333297958610482397e+02 7.711673989579879152e-01 7.521700451679291799e-01 4.692293450351424866e+00 3.176180292944481565e-01 -1.102766517665849655e-01 3.585423336772652902e-01 -8.747229532429429355e+00 5.533351214371484694e+00 1.939862156064386767e+01 1.811538768011564571e+02
1.302479710169660541e-04 -1.815774037760229476e+03 8.091886882583718132e-02 1.493997993207542840e-01 1.784345652954134387e+00 1.321874206904065261e+02 6.216443018405000132e-01 8.136390569590370436e-01 4.683581736384768490e+00 3.124598724026459440e-01 -8.517145672080239649e-02 5.340912751475052067e-01 -7.750662224540064926e+00 5.031970897767634732e+00 1.857371949452157978e+01 1.881783142838265803e+02
1.198261413973865033e-04 -1.815857435992600131e+03 -2.526625852667505057e-02 9.979750104157245061e-02 1.822548908158901249e+00 1.707790556480998418e+02 7.781772176376902106e-01 7.921077782413357138e-01 4.713244953129400727e+00 2.798846891972504025e-01 -9.899803729335698854e-02 4.457283814321605919e-01 -5.491116446011631069e+00 4.920865603857627057e+00 1.927812662843053459e+01 2.040997633646813938e+02
1.347482018761197347e-04 -1.815740069997584214e+03 1.042938244268290793e-01 1.360959804841322118e-01 1.750961516991907274e+00 1.486348463953835619e+02 6.687683982126447768e-01 7.952891149557623773e-01 4.670963001411510440e+00 3.211162537219625079e-01 -9.654457690269180326e-02 6.407021995309246654e-01 -8.415125107025062334e+00 5.466530753996390324e+00 1.917625382180465721e+01 1.968215157143682461e+02
1.195193408619491183e-04 -1.815859999656644050e+03 2.589714325271441631e-02 1.459614571376869618e-01 1.783551245725224277e+00 1.481763784235356525e+02 7.108434755752959244e-01 7.753926946959488475e-01 4.682375570275535637e+00 2.973307858452436392e-01 -1.013280488457701800e-01 5.819170934285544661e-01 -6.020540457257766320e+00 4.336797282853743774e+00 1.966696155018787806e+01 1.980833734061219218e+02
1.324772402759409476e-04 -1.815757067003967222e+03 5.060114525400832841e-02 1.480817586002343422e-01 1.807547898987593271e+00 1.479035356176081564e+02 6.736362080693441001e-01 8.023073044345270244e-01 4.690427475146815794e+00 3.066918625801233755e-01 -1.226460653389485067e-01 5.445200729394116257e-01 -7.994885427815177081e+00 5.411338457913528188e+00 1.915817629283555945e+01 2.184748255608742795e+02
2.244664273600781681e-04 -1.815229751711190374e+03 6.359168380084415095e-02 1.462922103903224469e-01 1.735811718448265317e+00 1.581211043553227000e+02 7.251669738193221582e-01 7.884587658056489978e-01 4.690521910758189250e+00 3.115375579507011494e-01 -1.184203966744747927e-01 6.493712664739906826e-01 -5.224412518713450027e+00 5.523466568784884956e+00 1.816889453432468571e+01 1.928928745514301113e+02
1.473839621354416929e-04 -1.815650436694352493e+03 1.117588219194144694e-01 1.386984314673497531e-01 1.814632330607357069e+00 1.366705674181691279e+02 6.950981743648465550e-01 8.126006288179592474e-01 4.701522464106686172e+00 3.161844198094951874e-01 -8.382362007760923994e-02 5.748731818311277886e-01 -7.177649819063901759e+00 5.733532735320623352e+00 1.947593417323800935e+01 1.934649917147749250e+02
1.696880512883390871e-04 -1.815509516104169052e+03 4.558652940777224716e-02 1.269984727393934920e-01 1.835474311718814810e+00 1.432010244204794560e+02 7.148473782633770757e-01 8.182807975521546595e-01 4.697683311464069256e+00 3.153713826496478134e-01 -9.151070601904431889e-02 5.470845068782022036e-01 -8.906712664455625372e+00 5.423816456969987598e+00 1.954863924955319021e+01 1.760704137180880764e+02
1.632040533314341223e-04 -1.815548476584325499e+03 4.913236208082738532e-02 1.479961297067374504e-01 1.856992916009206240e+00 1.425961531561308107e+02 6.879794774609240271e-01 8.067626350849403938e-01 4.689487688104788887e+00 2.693562633484507529e-01 -8.889123775750285006e-02 5.432561719079483931e-01 -8.353428453687484989e+00 5.773297030468138580e+00 1.924168260121927787e+01 1.956756935278480682e+02
1.866788796073861863e-04 -1.815414087943747745e+03 5.068080273251893142e-02 1.385947837555086826e-01 1.738854743910226652e+00 1.468258794467815846e+02 7.491595221172323571e-01 7.646373127792218671e-01 4.688051904799966252e+00 3.242205987314443760e-01 -1.344663164835502300e-01 4.812573718075135454e-01 -7.860555852705232383e+00 4.296443158635532278e+00 1.914628144894292561e+01 1.759978800178468816e+02
1.715614649076157747e-04 -1.815498536264776476e+03 3.358017324349191202e-02 1.241580694185440426e-01 1.818899878631553335e+00 1.291137095027654311e+02 7.027484382501022475e-01 7.988399882247279038e-01 4.695725200110061337e+00 2.847807970867644034e-01 -9.771787535441323058e-02 3.789881037957837373e-01 -6.550596202160960502e+00 5.022330062336211043e+00 1.888629892645876751e+01 1.925419467036491028e+02
1.312503732868565225e-04 -1.815766371117578728e+03 6.304948001377400080e-02 1.429885790704082116e-01 1.897839387529959509e+00 1.390480926127277712e+02 6.979836882551189170e-01 8.338161575026858952e-01 4.719888490649037927e+00 3.104407010770215969e-01 -6.381128341357777956e-02 5.825771105743693390e-01 -5.400329433610096430e+00 5.074619496858612244e+00 1.905529962927343490e+01 1.943087114467297738e+02
1.545124561763844143e-04 -1.815603203147547902e+03 1.195574087984206668e-01 1.492249757454836290e-01 1.861851795391991971e+00 1.374352526423455458e+02 6.045334165667661797e-01 8.375409035493315280e-01 4.688596140350879793e+00 3.010766196056549049e-01 -5.973434496620821932e-02 6.538533273640587673e-01 -7.230072635712957663e+00 5.277305543374022356e+00 1.949400642064602707e+01 1.854803885967202177e+02
1.502619206976544587e-04 -1.815631097953782728e+03 1.115697505173885717e-01 1.462258731209368501e-01 1.815123847290801784e+00 1.447903718778608777e+02 6.593673516825786507e-01 8.109153755874405345e-01 4.688065563952391379e+00 3.013274289499638936e-01 -9.002688004498615726e-02 6.681995273653288381e-01 -4.359282420212082343e+00 4.642389981374117625e+00 1.982601187326304881e+01 1.903475061102337804e+02
1.812692004837830465e-04 -1.814737482578653953e+03 5.255292091488528161e-02 1.336043195025340136e-01 1.814736778897843017e+00 1.321143731932249636e+02 7.113997108940968150e-01 8.127242027559606896e-01 4.702413252966122670e+00 2.849792149819727616e-01 -9.631587202462554842e-02 4.984983800537505227e-01 -1.010672662521986354e+01 4.769997259929881217e+00 1.870410183138315574e+01 1.931734360786703348e+02
1.456024553104734529e-04 -1.814956585801465280e+03 6.688840189791317448e-02 1.422578178902839385e-01 1.838945188675511488e+00 1.415190276564663066e+02 6.601799951572373537e-01 8.186303375306687169e-01 4.681833870148436105e+00 2.867224203526685944e-01 -1.010649015151177110e-01 5.704219482228429783e-01 -6.464871656517686915e+00 4.995509544021392578e+00 1.933031104317195314e+01 1.832830101532281333e+02
1.266984801454440869e-04 -1.815095655708921640e+03 1.723069378769179205e-02 1.485631100479809230e-01 1.856539406241657808e+00 1.372743002622928543e+02 7.218257440148398985e-01 7.858855275800642470e-01 4.700394756548101682e+00 3.057457163465051586e-01 -1.025826033893533218e-01 3.891548963627073920e-01 -8.035269582874917660e+00 5.415345550848105205e+00 1.908645152033805559e+01 1.758826952736903877e+02
1.494066471176096460e-04 -1.814930794036687075e+03 3.160020408811195503e-02 1.146515728277618662e-01 1.825622208890613329e+00 1.407927248698242693e+02 7.506567451536650948e-01 7.933446071042884462e-01 4.701862662981046270e+00 3.143898064892149957e-01 -1.031928290339148013e-01 4.260652381660645083e-01 -7.266147701808193915e+00 4.457357779266257758e+00 1.929764827017843487e+01 1.800777585112578549e+02
2.177888159358669221e-04 -1.814553939941458111e+03 7.271225917840101749e-02 1.454993619060529764e-01 1.783818092634922969e+00 1.264877283187125840e+02 6.838200660051979574e-01 8.101444741050258802e-01 4.696906787353894330e+00 3.108756511404322520e-01 -1.115609014664420418e-01 4.461566798906806408e-01 -6.341929295708439440e+00 4.699539658027607203e+00 1.864316730233617392e+01 1.768838179846219418e+02
1.419559515248151361e-04 -1.814981948991532136e+03 1.730680566145426091e-02 1.305575638602027022e-01 1.787153671727932824e+00 1.558951041524532855e+02 6.773382628489059698e-01 8.141156968235747637e-01 4.698149370888677012e+00 3.093229609490253385e-01 -1.048821107399366959e-01 6.134408250982116284e-01 -6.553308394066704068e+00 4.774203967054524433e+00 1.994791491634373415e+01 1.935238110915571497e+02
1.559874407259734122e-04 -1.814887690304640046e+03 2.384234874319635100e-02 1.275112030736791080e-01 1.835524899421034917e+00 1.623178668243972140e+02 6.960721345043867636e-01 8.129219018275559705e-01 4.705890023647551601e+00 3.054611209797040150e-01 -7.929283015359955833e-02 6.443134346095100717e-01 -7.885077238124551968e+00 4.556952073852427176e+00 2.022392062348554731e+01 1.804783811812104091e+02
1.844236504936809669e-04 -1.814720230241110130e+03 3.322579557819332896e-02 1.286557644425591895e-01 1.719479562188153565e+00 1.494911335330595250e+02 7.448744745518216526e-01 7.788538457444784679e-01 4.696426771713648307e+00 3.101802273399367760e-01 -1.478523643273539356e-01 5.067853403717740290e-01 -1.056018999683004722e+01 4.748838043328484915e+00 1.945938854847628718e+01 1.910261114670595077e+02
1.671747619510292307e-04 -1.814818426056493536e+03 1.237654765949357250e-01 1.308513267303072769e-01 1.746787166850148232e+00 1.507352999396403277e+02 6.059187359709260479e-01 8.518307804326465948e-01 4.692187512575578978e+00 2.854257598435581134e-01 -1.032504745908382482e-01 7.209222501796876958e-01 -1.026236329787860768e+01 5.194556387546622744e+00 1.804135844678944522e+01 1.760938900333718493e+02
1.244372257589783533e-04 -1.815113664422505281e+03 6.262794758804662854e-02 1.490664440603721996e-01 1.816900697965270872e+00 1.298625154452272739e+02 6.682251040417379606e-01 8.114274097313747269e-01 4.697928730526200525e+00 2.864138022045807919e-01 -1.007761480804516552e-01 4.878626753791731607e-01 -6.776367762724618160e+00 6.009722967351027734e+00 1.944423851872656428e+01 1.899989140254675419e+02
1.489211705185048535e-04 -1.814934048691459111e+03 8.801549358968832615e-02 1.422740850824993075e-01 1.814136474101815999e+00 1.505086614930184510e+02 7.147453937809363778e-01 7.836410715362713830e-01 4.685084970434211016e+00 3.509451073949632072e-01 -1.008730285000321025e-01 5.759317415574876087e-01 -9.151725777324003275e+00 4.956504923646409821e+00 1.916185295850258896e+01 1.750476357984687183e+02
1.366118154392438220e-04 -1.815020322360458749e+03 1.334103039213190567e-01 1.469031541753884895e-01 1.739107628159451302e+00 1.481348456498612336e+02 5.780910728543319221e-01 8.595116717324007283e-01 4.681064120836544440e+00 3.047871697668957935e-01 -8.649176762313093292e-02 8.199919137989600815e-01 -9.213787798465688184e+00 5.738967530042327070e+00 1.843711417616999881e+01 1.893753041305855618e+02
1.765848625937023605e-04 -1.814763664231763187e+03 1.366925870822785494e-02 1.425867639580122581e-01 1.818116022776532503e+00 1.327310138605652696e+02 7.254520765163814389e-01 7.498609646043183918e-01 4.679387261914467189e+00 3.097059429271102893e-01 -1.198566294339253879e-01 4.067464766357558048e-01 -6.031694952289115008e+00 4.854175357478118791e+00 1.897352425319043334e+01 1.814416625010095743e+02
1.901552116629007868e-04 -1.814689625158316403e+03 4.421903122191386815e-02 1.392610487631234795e-01 1.874538129240209905e+00 1.618488041357251461e+02 7.029816565839916986e-01 8.264321414472972638e-01 4.709787525339288905e+00 3.116705997312017029e-01 -7.738949361917946135e-02 6.878203458462543995e-01 -1.065790572714939799e+01 4.563765617868975610e+00 1.950140668926902876e+01 1.919765759495468558e+02
1.648865637996823621e-04 -1.814832208055135425e+03 5.139503321948710179e-02 1.380989100390895563e-01 1.746767447276965868e+00 1.382126194239774861e+02 7.120209724314351396e-01 8.034382249447959978e-01 4.707994486349569740e+00 3.011662717332188599e-01 -1.172299759364952010e-01 5.532798073856882715e-01 -9.735431733497563300e+00 5.157853726174277398e+00 1.961501542576804624e+01 1.737026338458186387e+02
1.820726065458139556e-04 -1.814733060255894316e+03 -8.804071202699048637e-03 1.421249987147651661e-01 1.798208778952098186e+00 1.476744793639731199e+02 7.571361262921858515e-01 7.769235867773247595e-01 4.697245591105764007e+00 2.782257045614611179e-01 -1.377259801405086304e-01 4.126248163296598603e-01 -6.343872934938730168e+00 5.280080393173736120e+00 1.951526664241542974e+01 1.948407565245224760e+02
2.010002564794069468e-04 -1.814634159616406578e+03 2.846124108216424586e-02 1.402194375212920952e-01 1.808230971038228496e+00 1.572175919070072894e+02 7.117531661047330482e-01 7.662125280476790312e-01 4.677603552436267798e+00 3.155980638871787036e-01 -1.047576581252291916e-01 6.315185999747741086e-01 -8.741988466489857501e+00 6.179155676831360466e+00 1.986040160999402815e+01 1.859354362512440844e+02
1.844991767831554125e-04 -1.814719820798891078e+03 3.163112028101050521e-02 1.140376224012784878e-01 1.783829624268234326e+00 1.582913090956965050e+02 7.673223387166445697e-01 7.332130208563505391e-01 4.676564216353353842e+00 3.553673784364226318e-01 -1.272809658042031167e-01 5.079356356343809331e-01 -7.107850315079758730e+00 5.038821150872507815e+00 1.927762947865729970e+01 1.890698937404047228e+02
1.833088885844286675e-04 -1.814726293154807308e+03 4.602946846013694637e-02 1.422377145382468233e-01 1.804493803517755346e+00 1.405428565915038348e+02 7.433034142261023547e-01 7.724757360604306289e-01 4.704766405643319160e+00 2.851523089432679292e-01 -1.049864888811953278e-01 4.705865400878129767e-01 -7.140688673349643523e+00 5.548436678873835959e+00 1.967275898512965782e+01 1.896328505546556187e+02
1.157895020214230340e-04 -1.815185691895571381e+03 2.347693308572509907e-02 1.400471875527240784e-01 1.860622047215772845e+00 1.360725492502008933e+02 7.798631581222555953e-01 7.918546901718495068e-01 4.709768423485435562e+00 3.020123409849588825e-01 -1.016697002744757494e-01 3.635705999437728320e-01 -6.458293087594654480e+00 5.203335843164680341e+00 1.828505464945540027e+01 1.818547626208426493e+02
1.510513585909216601e-04 -1.814919845898376934e+03 4.058158314653476095e-02 1.355903406134852662e-01 1.877893666881787382e+00 1.392116054893507169e+02 7.537414760562340943e-01 7.891715627573427927e-01 4.711455773210516895e+00 3.221265707602989359e-01 -7.327253999324812028e-02 3.841509113008945153e-01 -6.055246664869571305e+00 4.879098368150813769e+00 1.913950442241230121e+01 1.975584707918408469e+02
1.702205049798762536e-04 -1.814800371115806684e+03 2.788361124730734386e-02 1.447512109709322148e-01 1.860986080241006313e+00 1.447820420467506040e+02 7.210763715330668067e-01 8.117508390705132637e-01 4.693771715583866744e+00 2.877240986508924347e-01 -1.039312641960421502e-01 4.595464957565930098e-01 -5.872335332786548179e+00 5.339881281604452745e+00 1.905517615818908084e+01 1.925087627943995585e+02
1.479291242079552675e-04 -1.814940732531909134e+03 2.586558382545237067e-02 1.413540219395287567e-01 1.886266555184592519e+00 1.501010684881799477e+02 6.807805441041007155e-01 8.160101382424824745e-01 4.698404578702862544e+00 2.987547342067393696e-01 -6.660907021794404415e-02 5.714965801567803982e-01 -5.125751561454222838e+00 5.561552100984634706e+00 1.857991094823319145e+01 1.754921134054166032e+02
1.208604583255002107e-04 -1.815142829157353844e+03 1.101718454523996360e-01 1.446389142596941901e-01 1.773814163194704641e+00 1.329904723794386427e+02 6.569166491132154562e-01 8.061228914857885286e-01 4.685839547205506328e+00 3.010598674918916196e-01 -8.844981946613561519e-02 5.310842589592165153e-01 -7.642269132699624379e+00 4.907636040817120460e+00 1.932968429009551770e+01 2.038736842679250572e+02
1.286043803761471014e-04 -1.815080724927235451e+03 1.367869650533665160e-02 1.481287102772045616e-01 1.817169292232430955e+00 1.343546682100068494e+02 7.038829258796530652e-01 7.948711517339979160e-01 4.700866954684494559e+00 3.062851665159755932e-01 -9.759186272490349978e-02 4.656740095804199342e-01 -5.739893188136534263e+00 4.616005335402628695e+00 1.932111791892710073e+01 1.979611018763798427e+02
1.340093904653204878e-04 -1.815039555924886827e+03 3.321468564921159494e-02 1.191053287494011903e-01 1.798700561479068760e+00 1.473850903837034423e+02 7.862135353160629725e-01 7.900332355969019726e-01 4.711658836563342945e+00 2.953295405502240900e-01 -1.031382194607357583e-01 5.241799414110825950e-01 -9.182388322945001846e+00 5.177209739638866104e+00 1.905138424372465522e+01 1.986100775523848085e+02
1.172227945407669844e-04 -1.815173389449581464e+03 4.506675390620057398e-02 1.453043776927927244e-01 1.863618679945288292e+00 1.374156539307690252e+02 7.253981442116239631e-01 8.094646514898831136e-01 4.699887897232175149e+00 2.943989115658336431e-01 -8.158021380200186634e-02 5.163351499149466672e-01 -9.647369901587808272e+00 5.469993914168802540e+00 1.878981496442444410e+01 2.021482819215223401e+02
1.295411608272364012e-04 -1.815073467125618208e+03 1.009201984943734753e-01 1.254739771513696811e-01 1.732403292120071825e+00 1.642475103673757530e+02 6.426043281689456377e-01 7.906384605209770822e-01 4.666499758200607140e+00 3.053444352998038180e-01 -1.219621420668137723e-01 7.659502551559648209e-01 -7.895613578751920159e+00 4.716348962821692581e+00 1.931719392914299505e+01 1.985072009521321377e+02
1.356140522720421834e-04 -1.815027652800019951e+03 1.475761308797163274e-02 1.410794484899884627e-01 1.819637455612686416e+00 1.561507060528819864e+02 7.630798336785176161e-01 7.481939381418720725e-01 4.691075893320350687e+00 3.558391574948547298e-01 -1.147366436575762982e-01 5.477623024616423697e-01 -7.520026426866365910e+00 4.275832806119983509e+00 1.919809935031058146e+01 1.776933034680097023e+02
1.796494185809993573e-04 -1.814746458523326055e+03 4.249524315753536174e-02 1.480594101341598801e-01 1.823695810106645609e+00 1.504014601156756328e+02 7.636503456006973334e-01 7.522523764714468264e-01 4.685648688790982064e+00 3.091956051025381846e-01 -1.381347882806713834e-01 4.872417543196143064e-01 -7.007143083033241737e+00 5.494555275410206718e+00 1.881663828938429006e+01 1.897780062767076004e+02
1.496684134509925087e-04 -1.814929043530310992e+03 7.026879263390922725e-02 1.276689381616728791e-01 1.808341483587473597e+00 1.600949929707740580e+02 6.441940806336554637e-01 8.384486324542381741e-01 4.693693063294436030e+00 3.327658899212839749e-01 -1.008238100545464366e-01 8.003574111547884229e-01 -6.753307107828106837e+00 5.119505817339886633e+00 1.966616773193641166e+01 1.868110003145234543e+02
1.721606245138599018e-04 -1.814789037895994852e+03 6.754305521259706957e-02 1.491731740196056422e-01 1.757027566993124346e+00 1.511513073784217625e+02 6.870634433198321567e-01 7.706336166075518079e-01 4.686052973450665071e+00 3.118358974079173951e-01 -1.236144537101224739e-01 6.076070873769621183e-01 -8.242822140309726819e+00 6.254958323883896831e+00 1.972229132920211470e+01 1.956600854970305079e+02
1.266929679598819249e-04 -1.815095699216195499e+03 6.847349355542239890e-02 1.288949919833985158e-01 1.757713516111977903e+00 1.501959550205303628e+02 7.193953833396530273e-01 7.782369417289516367e-01 4.696470487037140984e+00 3.188017706722503508e-01 -1.285778490381797035e-01 5.564874528257880426e-01 -1.113539055134364730e+01 5.166313846000414323e+00 1.946671610204364811e+01 1.746290802172945007e+02
1.327372363581226218e-04 -1.815049094292943664e+03 4.285006065561666744e-02 1.382685564740772366e-01 1.824701743919682428e+00 1.644937327274762993e+02 6.659795992563010136e-01 8.104273773799204328e-01 4.694003211556635691e+00 2.838461178617373015e-01 -1.155974737643528094e-01 6.594938907724152699e-01 -7.038068688127623318e+00 5.996407732111852518e+00 1.848132589641060619e+01 2.072515079449249811e+02
1.473614707416842542e-04 -1.814944577247421421e+03 7.607999674770074550e-02 1.404510419376661379e-01 1.779345258175557554e+00 1.473329824429573307e+02 6.232170943695503063e-01 8.692734089337572634e-01 4.703253159707809772e+00 2.757713692321619448e-01 -8.222173357939133176e-02 7.601189935505084927e-01 -8.295540265670524605e+00 5.562487410650240882e+00 1.969482086365881202e+01 1.840004302341941980e+02
1.226524376321444759e-04 -1.815128111155273245e+03 1.222427288675426160e-02 1.480266966274459695e-01 1.786768925252999018e+00 1.475697081827907766e+02 7.249421548426003836e-01 7.552526950112807835e-01 4.681537340917916623e+00 3.212879054808310819e-01 -1.296387919407271383e-01 4.610093894306031559e-01 -1.029535970671008727e+01 5.039849477957658586e+00 1.970378737629008370e+01 1.913554254843216142e+02
1.358474637921150939e-04 -1.815025933133962099e+03 -3.261095231877250700e-02 1.318125467808743123e-01 1.879738711757115155e+00 1.584023976234347231e+02 7.962952319014883207e-01 7.516097844214104651e-01 4.694937431762133961e+00 3.475533580208212125e-01 -1.039187363976181722e-01 4.079816941810013309e-01 -6.786873894374082283e+00 5.336372455782112389e+00 1.941974100780197077e+01 1.811495074194419033e+02
1.262631985158487727e-04 -1.815099097195090735e+03 1.669569913592550137e-02 1.396748366622535820e-01 1.801675861247875154e+00 1.546498629243642995e+02 7.108366577858600266e-01 7.435261004274376084e-01 4.681281632507556800e+00 3.373483031072965765e-01 -1.288086384784059568e-01 6.149954124822588630e-01 -7.360034309128053565e+00 5.229896769232800224e+00 1.885093250306557522e+01 1.710618913418202567e+02
1.424118831239393765e-04 -1.814978742356081511e+03 2.558322837052867671e-02 1.248628979493174584e-01 1.807731686826255846e+00 1.552008126877247491e+02 7.839195856389130634e-01 7.855475076098243914e-01 4.702633160754904118e+00 3.121147975292595245e-01 -1.311099785375209326e-01 4.936046363824199701e-01 -5.907694171800500271e+00 5.404398297012336094e+00 1.922920259284222055e+01 1.721109336580903744e+02
1.164190687479228797e-04 -1.815180269457743179e+03 6.629145112308387766e-02 1.467320418907011315e-01 1.787910682999749312e+00 1.456427406843098709e+02 6.468560783873668063e-01 8.358622025902096020e-01 4.693465162593208007e+00 2.771772521690945013e-01 -9.473837164992149340e-02 6.431102865654204637e-01 -8.771386955885702719e+00 5.611605364618132974e+00 1.925255634817657580e+01 2.171759636915618898e+02
1.491354958013900163e-04 -1.814932610539966163e+03 8.467825608145121419e-02 1.343009245243819982e-01 1.823361546567019431e+00 1.325005494777703916e+02 7.003897683487312342e-01 8.087891176960559925e-01 4.701819008174529912e+00 3.265088149094426129e-01 -9.865634728646943685e-02 4.701287809920030591e-01 -8.512148303230844704e+00 5.563211529015510415e+00 1.882144014631248297e+01 1.952206310707160810e+02
1.205131407860716194e-04 -1.815145707001330265e+03 9.462281826059673606e-02 1.405640258560110489e-01 1.804555263172780144e+00 1.243270624372784710e+02 6.564126245168404594e-01 8.120829780433467260e-01 4.692969648034512886e+00 3.306061171100034279e-01 -9.136572640020190761e-02 4.756993561606237542e-01 -7.801826669461803476e+00 5.155253881609644928e+00 1.983142142610061498e+01 1.895080175987403663e+02
1.237228078136223559e-04 -1.815119422158017642e+03 9.710480539983079584e-04 1.454959509330017442e-01 1.854478951298363043e+00 1.300918153130589872e+02 7.955817886192437793e-01 7.535892853416141790e-01 4.702672294808298403e+00 3.181171708535699416e-01 -1.053960436340881657e-01 3.283431715106501780e-01 -7.043200299770916217e+00 5.533441456158971761e+00 1.945449064474635748e+01 1.790889981517783553e+02
1.697652616620174912e-04 -1.814803049131386160e+03 2.865088344475705262e-02 1.171086267176238704e-01 1.799385214186391302e+00 1.746748149364591143e+02 7.202467294309220502e-01 7.983415727288747377e-01 4.692692010895898491e+00 2.603282327525804352e-01 -1.062845568805168561e-01 6.083650902309128972e-01 -7.665715780107206001e+00 4.937366670813236880e+00 1.857021316440487979e+01 1.711572057787691392e+02
2.085666836747828107e-04 -1.814597206984597960e+03 1.277323935474547756e-01 1.444334338174240451e-01 1.809170493611932606e+00 1.549211846451981671e+02 6.296483958697095540e-01 8.528245640922504922e-01 4.700950778291316468e+00 2.872287787328404729e-01 -9.880617318049322861e-02 7.477386546753806984e-01 -1.046836891966955818e+01 4.714098132184263434e+00 1.872072005750613499e+01 1.943671282453499600e+02
1.953600749537227801e-04 -1.814662621406449716e+03 4.755623632746219798e-02 1.453949419367208395e-01 1.698207663004215995e+00 1.561087915998587903e+02 7.281206820768272303e-01 7.708971682589207397e-01 4.691323022239751062e+00 2.776388954727107006e-01 -1.534744354879351569e-01 5.559323891368198600e-01 -7.935858480687784322e+00 5.420653269607611513e+00 1.889975250200503964e+01 1.923843444100481577e+02
1.337526939506345619e-04 -1.815041473273221527e+03 3.800547740640328187e-02 1.200013445961506109e-01 1.802040933258530764e+00 1.322799109272303895e+02 6.920652278003848190e-01 8.240421315551882397e-01 4.710508497774182679e+00 2.927573807960139884e-01 -9.450055480631158744e-02 4.739297380791501757e-01 -8.863570309906350531e+00 4.980036305991863976e+00 1.879911003254264301e+01 1.826332917379774869e+02
1.948810163801988668e-04 -1.814665076600558223e+03 1.134175311712391776e-01 1.431904922846503336e-01 1.798712570710348402e+00 1.489001866197933452e+02 6.428791266372750890e-01 8.259697206246201517e-01 4.693108638095342400e+00 3.158127205127334580e-01 -8.737222957721280103e-02 8.075867588233602845e-01 -7.559501232032602047e+00 4.710521794710875731e+00 1.929649472435646018e+01 2.076480087073404661e+02
1.208979237972050106e-04 -1.815142519215901757e+03 4.722060628515217795e-02 1.472122418509969333e-01 1.786669218787747759e+00 1.217382441037672294e+02 6.995730081521414068e-01 7.959554654041607336e-01 4.696267889723253930e+00 3.088860796363597228e-01 -1.053790011628084056e-01 3.593927896104914255e-01 -9.353892758745558922e+00 5.187143546549588535e+00 1.907219309079188818e+01 1.771521041678485346e+02
1.423770746119462692e-04 -1.814978986807358297e+03 7.602375671276387359e-02 1.282405966527745689e-01 1.793536888544522867e+00 1.583299492739415371e+02 7.158430231763887042e-01 8.332955117164440040e-01 4.713614780930889481e+00 3.011227839715202581e-01 -9.591627007926462056e-02 6.948001190716849296e-01 -9.126850192099226433e+00 5.917437493107469137e+00 1.816857556622652936e+01 1.945402383321703894e+02
1.212168799409878855e-04 -1.815139884463103726e+03 4.865154248881950472e-02 1.330158706382923162e-01 1.764367644622727660e+00 1.467391474792427744e+02 6.863356216121158093e-01 8.379856737971325131e-01 4.699845385853937962e+00 2.981110609824049185e-01 -1.111008720207016243e-01 5.175775828691266955e-01 -7.203815388952961030e+00 4.951000654096815445e+00 1.868300031745329193e+01 1.919833356783348108e+02
1.524756229271567764e-04 -1.814910461066869630e+03 6.642543575596715488e-02 1.421887289827882539e-01 1.891070653032524085e+00 1.395942427213831252e+02 7.129693070949094658e-01 8.076958909862153035e-01 4.707741050284917073e+00 3.121201450824748758e-01 -5.873041417265101316e-02 5.579066030445398727e-01 -6.154272684463933274e+00 4.816461775733693607e+00 1.930278880618075021e+01 1.960979269567402241e+02
1.310401102327231695e-04 -1.815061962339163074e+03 2.256111214844658264e-02 1.486299629564129254e-01 1.859702137130264887e+00 1.431433200821099661e+02 6.924887308821092713e-01 7.897397559275185497e-01 4.693495271938946445e+00 2.846324766452732469e-01 -7.943021154158502739e-02 4.593511303433476800e-01 -6.019930896272768450e+00 5.285667842246266623e+00 1.920245326903535954e+01 1.818856360702405652e+02
1.290969198775030120e-04 -1.815076902361337488e+03 7.663867845872515683e-02 1.459870589037279565e-01 1.819750609889980275e+00 1.487310822871389746e+02 6.669164814738925973e-01 8.368893418204941259e-01 4.706561295810340440e+00 3.103291311269815722e-01 -1.020795404782057769e-01 6.266148719592646854e-01 -3.656920832287539724e+00 6.165693646214220891e+00 1.906274983756983588e+01 1.858659716011091803e+02
1.466186822618163765e-04 -1.814949630582164900e+03 1.870539264003392987e-02 1.384550210486663879e-01 1.834365237072016264e+00 1.272064914403673015e+02 7.347409823722387268e-01 7.929447303603029962e-01 4.708530860075454960e+00 3.073400572353537363e-01 -1.160169087033868784e-01 3.657094376953906045e-01 -6.246596245975808870e+00 4.956025604564984199e+00 1.873302456632075419e+01 1.872524053144604181e+02
1.221012037668178470e-04 -1.815132615560553631e+03 4.147225707798277150e-02 1.456859995293486587e-01 1.700779465787538136e+00 1.612028023485644894e+02 7.176622599522498591e-01 8.150949174217296811e-01 4.706785053601240776e+00 3.120345791399807833e-01 -1.236313357971035032e-01 6.348842546836607204e-01 -9.715802506070303934e+00 4.678069296571552016e+00 1.924858189761680194e+01 1.901804377059643798e+02
1.664895063533873044e-04 -1.814822533517952024e+03 6.433167311805890187e-02 1.400172215710282220e-01 1.795401952275001989e+00 1.580020429999927956e+02 6.493204236201040036e-01 8.188493507583423092e-01 4.692723157154157221e+00 2.951904391038908670e-01 -8.701467810171270578e-02 7.549179746950067660e-01 -6.669369722234989695e+00 4.165669441509645132e+00 1.931014827200216999e+01 1.692239720454357155e+02
1.521648089146146964e-04 -1.814912501597855680e+03 4.712676398929066535e-02 1.324096804143767570e-01 1.812854684102588543e+00 1.508539054067229870e+02 7.185852704163814275e-01 8.080011348101785451e-01 4.701412251813885668e+00 3.181975110316421773e-01 -8.834651361558965021e-02 6.977986805444800211e-01 -8.107906862629448597e+00 4.687218910647050762e+00 1.918754725253624116e+01 1.858434447454562246e+02
1.258302628895272381e-04 -1.815102531921636455e+03 1.307684005654111969e-01 1.372092139945608469e-01 1.721911092698325874e+00 1.558064395934073900e+02 5.640782955938067333e-01 8.914684429633623619e-01 4.710444784513340366e+00 2.975655886170012199e-01 -9.882716428041105061e-02 8.286989092841895443e-01 -8.906373516699375159e+00 5.522662185419635605e+00 1.840526482095084049e+01 1.716124478894886920e+02
1.784468181503159878e-04 -1.814753175181187544e+03 7.701508453103897422e-02 1.479790763266825848e-01 1.764747471064359807e+00 1.434398118808451557e+02 7.103123115642884233e-01 7.896198404119327829e-01 4.683689269245311593e+00 3.131030672692587391e-01 -1.318871678094462041e-01 6.292300274727880005e-01 -8.209018430601730643e+00 5.386603050923088887e+00 1.887468967234884332e+01 1.862373801295456133e+02
1.801167478010236539e-04 -1.814743860560946359e+03 9.025690973697300667e-02 1.471722644637380173e-01 1.712266351950275656e+00 1.313864858383526837e+02 6.497332835892518643e-01 8.129730254453750860e-01 4.687927710694961725e+00 2.959811461392962695e-01 -1.225110095622889972e-01 5.316504632674109443e-01 -9.908020558211688922e+00 4.745490568551891108e+00 1.897121611802587893e+01 1.831853523545872235e+02
2.139714875491646436e-04 -1.814571623030088176e+03 6.678618640002259577e-02 1.231594266824801165e-01 1.726868734760711455e+00 1.564906992043811442e+02 7.294145874722640643e-01 8.067541302395071501e-01 4.699637083111512403e+00 2.895702021265740278e-01 -1.129661673102102526e-01 5.938910249488741355e-01 -9.772216142769906355e+00 5.453178810550296518e+00 1.988315474092239299e+01 1.744209796723794739e+02
1.273220663108456474e-04 -1.815090745968928104e+03 4.740703063338763679e-03 1.460548681195791565e-01 1.863126118874520287e+00 1.352201181957181007e+02 7.879948934437275287e-01 7.807027536048585237e-01 4.701819722567558202e+00 2.806921575818814851e-01 -9.795844377241236245e-02 3.597104790448631961e-01 -7.222236091805910974e+00 5.269522727089692715e+00 1.922497976008419229e+01 1.897007418122662727e+02
1.276771876116448111e-04 -1.815087960693874038e+03 9.250380678863770467e-02 1.437305715349449786e-01 1.830818894186716506e+00 1.343217178105449534e+02 6.732704769650899035e-01 8.044902144508401243e-01 4.691117187042934233e+00 3.316834762553155791e-01 -8.368400004152887206e-02 5.400659043860251973e-01 -6.105945562186548159e+00 5.596852512589123307e+00 1.980566440739439571e+01 2.030906772087495256e+02
1.222861006252336377e-04 -1.815131102414081852e+03 1.829359622320667067e-02 1.166794023896125798e-01 1.911951936512208405e+00 1.613200264509428621e+02 7.932635472373198438e-01 7.597181699213535477e-01 4.697916683510658942e+00 3.092695436522159280e-01 -7.676182337708881143e-02 4.427597768291615665e-01 -8.973773908005028943e+00 5.194114226644397370e+00 1.934099819167034440e+01 1.939876580249130313e+02
1.328653164403386636e-04 -1.815048129843688230e+03 1.998250215303312705e-02 1.105992437218499547e-01 1.796720736450964750e+00 1.512193291013627459e+02 7.195747944854812284e-01 7.796194472759256922e-01 4.698534220664662087e+00 3.058225492306849702e-01 -1.207418517391372070e-01 5.767520308195532852e-01 -5.841337812645122085e+00 5.561171496051287022e+00 1.974286015081605683e+01 1.903017801330917393e+02
1.626258899490614480e-04 -1.814846013391264023e+03 2.896006769868170183e-02 1.366050281597926130e-01 1.858548377884574165e+00 1.540839420208150443e+02 7.086762978430514170e-01 8.480086162412165951e-01 4.722751057736423341e+00 2.976345061674929848e-01 -6.167613845657760052e-02 6.119607963204579670e-01 -7.038265257939485764e+00 5.000961329664987964e+00 1.869314381951747706e+01 1.916135881453102741e+02
1.450972752564435436e-04 -1.814960061419152225e+03 1.039275995033397681e-01 1.437985525286227528e-01 1.776041110241357579e+00 1.441479469553125909e+02 5.992573196616974851e-01 8.813371125013618190e-01 4.703655045406339497e+00 2.677592533796684382e-01 -1.106599111531973989e-01 6.954690530761642453e-01 -6.764866941511684217e+00 5.088552175118055132e+00 1.836731684344239568e+01 1.911856464977373946e+02
1.662224877136550744e-04 -1.814824138622077044e+03 2.013891789356994644e-02 1.499060078651062999e-01 1.812617922124413639e+00 1.393779246678542734e+02 7.068102713257636838e-01 8.013183280282436538e-01 4.692180289641964208e+00 3.013034412598405432e-01 -8.886230036544540134e-02 4.267740654116584098e-01 -6.865868176335510498e+00 5.074136382690164204e+00 1.940930128205686600e+01 1.962478375992188262e+02
1.716423711365428113e-04 -1.814792052725862050e+03 -1.389637198701110243e-02 1.498700381729069220e-01 1.814319133385408733e+00 1.520395415522105793e+02 7.870847072772103603e-01 7.598998812937569625e-01 4.693974545623923689e+00 3.325629901708371250e-01 -1.228870809407576203e-01 4.437812322381060604e-01 -8.744929163578802900e+00 5.938148617572691634e+00 1.895694682481286009e+01 1.868364502719185225e+02
1.176901630587712580e-04 -1.815169410366099328e+03 5.673858641431328564e-03 1.435584074341997585e-01 1.872417583829705023e+00 1.641797326578630702e+02 7.783035859854117167e-01 8.028611132191556532e-01 4.720717423663446155e+00 3.224189880027332755e-01 -8.471348411960111235e-02 5.723120108387377281e-01 -8.965872722456026622e+00 4.961885181432923453e+00 1.955029139063357846e+01 1.753493919980179214e+02
1.663897268785391524e-04 -1.814823133011509299e+03 3.535910882053291959e-02 1.360909080915397584e-01 1.800861983451195414e+00 1.386771198633864515e+02 7.210979348261568056e-01 7.842566151331660240e-01 4.689604273986645921e+00 3.199586773555815888e-01 -9.384407299698205307e-02 4.833427588161522404e-01 -6.945315244947522615e+00 5.204313640192137491e+00 2.023888964310094352e+01 1.921391780756739252e+02
1.914380558476489803e-04 -1.814682901512346689e+03 1.319132200657228415e-01 1.339009442950920004e-01 1.718858433559593557e+00 1.492007122964562882e+02 5.983977582422065344e-01 8.748042412981433813e-01 4.706295936870871444e+00 2.798703240778017687e-01 -1.134682808364524398e-01 6.887536031373051593e-01 -6.788261516338764068e+00 5.455939850116275913e+00 1.856594833634894570e+01 1.823598409720999030e+02
1.741175170898102878e-04 -1.814777735343663835e+03 6.797492138120406202e-02 1.445427717529283729e-01 1.826747821248932979e+00 1.290316018005503054e+02 6.705616792253331626e-01 8.422442236917333513e-01 4.710351035997204505e+00 2.846704644570208220e-01 -9.722056970525461139e-02 5.368900592431550267e-01 -1.004434005134848462e+01 5.093487713391908756e+00 1.891811779034679830e+01 1.934938928479270714e+02
1.177897255646857323e-04 -1.815168564752383190e+03 1.483818827749214253e-02 1.292407150494429835e-01 1.874874365691444389e+00 1.409190073252892432e+02 8.098907854590802202e-01 7.487608646733248108e-01 4.695083408000519043e+00 3.369800140088397011e-01 -7.891794674032470702e-02 3.915676747840315941e-01 -7.412777837375529089e+00 5.259108439715332040e+00 1.915756365065046651e+01 1.807508776704829359e+02
1.533386593635567433e-04 -1.814904816865290286e+03 5.702592566717215594e-02 1.489955982806519807e-01 1.756573922518567699e+00 1.452967815860138217e+02 6.721798750309879722e-01 7.768194559138847932e-01 4.682411892843514778e+00 3.386193977885070261e-01 -1.332325319511837858e-01 6.189165955956713594e-01 -7.786457541783988745e+00 5.230477958900747737e+00 1.897077908427547044e+01 1.675984278161146790e+02
1.687231070281580280e-04 -1.814809206849188286e+03 1.106960842998928329e-01 1.471886739144776246e-01 1.778626429208905790e+00 1.463692029572547710e+02 6.413735076066416907e-01 8.252508828268843022e-01 4.689465726244967492e+00 3.048879933254389218e-01 -1.099207807092308364e-01 7.285976434942734725e-01 -6.657311500454255793e+00 4.331087646693099202e+00 1.836370523327235560e+01 1.860402659668286560e+02
1.495873571400445237e-04 -1.814929585249608635e+03 1.399479927248967193e-02 1.481141542897060626e-01 1.856378152032786666e+00 1.509355896487952293e+02 7.343454666162643196e-01 7.866112478095057536e-01 4.690374030022942620e+00 2.945126764709156131e-01 -7.557062503890943361e-02 5.343251539073435863e-01 -5.438676677854431318e+00 5.226488255574923691e+00 1.809103182209326377e+01 1.904582321760341870e+02
1.646183371056240703e-04 -1.814833836114399901e+03 1.039635150758753401e-01 1.207624307250537987e-01 1.736205924190034722e+00 1.509473976165583906e+02 6.021966607449769082e-01 8.792621537004938759e-01 4.705288100814684071e+00 2.691863533354148519e-01 -8.886238152527337064e-02 7.932803116961364420e-01 -8.532580738223231265e+00 4.687915779134299576e+00 1.861069982954677471e+01 1.828366520879672805e+02
1.417358717823230454e-04 -1.814983500532807284e+03 3.703573729977283069e-02 1.401976299075059218e-01 1.809242263590861377e+00 1.379388863551341444e+02 7.062521075275510762e-01 8.133215626201786286e-01 4.710384695920925680e+00 2.924166810913391146e-01 -1.043045686832404506e-01 4.708362615159378262e-01 -6.311254650045015069e+00 5.747351052532212456e+00 1.939739394051975907e+01 1.669684098759616120e+02
1.610049097971836271e-04 -1.814856030940327628e+03 1.029976850421132628e-02 1.385938784006545965e-01 1.874962029815292475e+00 1.357914950462924253e+02 7.466617472945688005e-01 7.852689835506383442e-01 4.701330959552576516e+00 3.034410971421301895e-01 -9.419902767029553203e-02 4.540278530241702581e-01 -6.193927708169582047e+00 4.528037985887300998e+00 1.936166116517101798e+01 2.049534831001172961e+02
1.413936981348482100e-04 -1.814985917615658536e+03 5.232673882351102090e-02 1.293504914306945197e-01 1.771987019518737938e+00 1.380402776453049398e+02 6.580151251120673894e-01 8.131770025195967921e-01 4.688604168861943755e+00 3.017507329581792241e-01 -1.194382019965809505e-01 5.289675271884721752e-01 -9.167859790103847217e+00 5.129406971272176818e+00 1.874356863596671019e+01 1.905445203584718001e+02
1.188846260256975443e-04 -1.815159312306863512e+03 1.883167409357172639e-02 1.376825200292706997e-01 1.834873968193496019e+00 1.367006886255375093e+02 7.576284062109696071e-01 7.796279179431981898e-01 4.693773563569420659e+00 3.128086893233985588e-01 -8.854245050648223980e-02 4.721055587703242296e-01 -9.245610306581141913e+00 5.368570576894993174e+00 1.915707223243479262e+01 2.019939298888668873e+02
1.793891937098734859e-04 -1.814747908088402255e+03 3.045547759447725378e-02 1.472799414563009390e-01 1.833914826349870353e+00 1.300375418223450481e+02 7.103540719543701698e-01 8.099149553242466215e-01 4.708248628677486280e+00 3.032562347662031144e-01 -9.185632495945972309e-02 5.079055853231303486e-01 -8.275180374150608031e+00 4.951423876031091353e+00 1.854268413037529939e+01 1.877871352865832932e+02
1.810264992987363464e-04 -1.814738822374966730e+03 4.016817758654570025e-02 1.378246807663699169e-01 1.858954381160373259e+00 1.514679457188961749e+02 7.071518593541096243e-01 7.802264512892971293e-01 4.688729826637411335e+00 3.550720971584988561e-01 -9.747732834864608620e-02 5.690130691932117069e-01 -6.778360615834486680e+00 4.599436310099291880e+00 1.967721929649535184e+01 1.912239683173857543e+02
1.499828956458561203e-04 -1.814926944541914963e+03 5.974600136912294746e-02 1.288776411510747233e-01 1.749046051857772177e+00 1.640921381331094437e+02 7.296749671556234107e-01 8.447763175337215102e-01 4.714281333394227502e+00 2.905665508024981580e-01 -1.238674561980317446e-01 6.507841078132381440e-01 -8.565805562823669561e+00 5.858406890806078238e+00 1.889139768191738966e+01 1.903630566114514693e+02
1.581079107936135661e-04 -1.814874188020872907e+03 3.013616272489841319e-02 1.300513975710051173e-01 1.790559150978834779e+00 1.404053237708566826e+02 7.760399043285658438e-01 7.914373830935790277e-01 4.709972019471571514e+00 3.158456962488456199e-01 -1.038969976320331945e-01 4.411655118146964316e-01 -6.430599475926896957e+00 5.374577226384347206e+00 1.878734251730851312e+01 1.985665252201958992e+02
2.038677749106428876e-04 -1.814619994178988236e+03 5.423482949618452231e-02 1.451415312466931284e-01 1.858082898548050643e+00 1.396473179455913680e+02 7.349526503082394191e-01 7.587473446372601238e-01 4.689074225397840578e+00 3.040100142984327736e-01 -9.465376064392394539e-02 5.181383805261016162e-01 -7.166660537552303367e+00 5.497673550283521671e+00 1.864069114100308511e+01 2.012404802112466200e+02
1.274046411455048396e-04 -1.815090097628293734e+03 1.311393108947479791e-01 1.428115274586754524e-01 1.739364275567915286e+00 1.324760802612395878e+02 6.034942651016120818e-01 8.364115413441657321e-01 4.690247495640404551e+00 2.814599738853564848e-01 -1.072685085112634606e-01 6.470777111056410513e-01 -8.530865683919586218e+00 5.050738518095787555e+00 1.947956973663911384e+01 1.998119471044844602e+02
1.197821133349252656e-04 -1.815151791430330377e+03 1.333000699086046847e-01 1.427443773389372728e-01 1.779011558917264146e+00 1.590396914134861390e+02 5.998087108018944624e-01 8.539637910714610314e-01 4.690887687799879302e+00 2.840401069738995865e-01 -9.007533200200934509e-02 7.992601517336640482e-01 -5.398779421214442209e+00 5.118993715512498710e+00 1.963056807671426185e+01 1.533363947426527147e+02
1.676219145416219436e-04 -1.814815754865959889e+03 6.979066676451131657e-02 1.252909192667136240e-01 1.818151627067933873e+00 1.508840168007269540e+02 6.207262076237275439e-01 8.312843476172084856e-01 4.695747472012845591e+00 2.991890526183826893e-01 -8.890153589947846768e-02 6.705441595338144101e-01 -7.407678048760402589e+00 5.334960981399516911e+00 1.958655747976922967e+01 1.998946279638404917e+02
1.764519110358907380e-04 -1.814764417419952224e+03 4.875369274303487099e-03 1.375612489489801138e-01 1.819081260623203633e+00 1.443570136711246050e+02 8.267081201706529825e-01 7.412570921491115072e-01 4.700015245334962621e+00 3.118751618660735581e-01 -1.039129075203706343e-01 3.202931795357735201e-01 -9.197241136237465753e+00 5.634921945102289165e+00 1.898047323608120962e+01 1.898292935092692346e+02
1.553929960420647371e-04 -1.814891508434078332e+03 2.804591644689538588e-02 1.416214812989709249e-01 1.833306122487091905e+00 1.403909293438530881e+02 7.681258837018445362e-01 7.818957485414630426e-01 4.698138913559863461e+00 3.012276240282265594e-01 -9.152158507166729962e-02 4.084522056498574027e-01 -5.633834288375510368e+00 5.931126075720105639e+00 1.954369722520410591e+01 1.916045221460182972e+02
1.489093231398676948e-04 -1.814934128249321020e+03 1.266023458312513783e-01 1.389116007854898360e-01 1.799294439561597514e+00 1.650760444847631163e+02 5.595703298396947911e-01 8.590473988026250396e-01 4.688541930861167550e+00 2.948130312176227008e-01 -6.949425702595712906e-02 8.462841183431404346e-01 -9.544881308782720453e+00 5.709764532448757812e+00 1.900485582636590820e+01 1.985842322872381942e+02
1.346586361386948184e-04 -1.815034722845600299e+03 7.552773289178479899e-02 1.296610348826125192e-01 1.750409271443686521e+00 1.419363896718056424e+02 6.662051166777650524e-01 8.673941540405238904e-01 4.718616697887767941e+00 2.695162911247412918e-01 -9.802323101665111338e-02 6.064121574125697078e-01 -5.601481333699780407e+00 5.274540308975672609e+00 1.928174405385540879e+01 1.831389721437197693e+02
1.559965466004439589e-04 -1.814887631930653924e+03 5.283213802902531064e-02 1.212374770718502581e-01 1.804271015169032211e+00 1.583330274408638445e+02 7.123259501571764796e-01 7.904447753486558703e-01 4.690480063157152379e+00 3.321169010459903426e-01 -1.132665173135560810e-01 6.537781328616318888e-01 -8.537303547152646388e+00 4.983615986206002546e+00 1.877479727690378652e+01 2.147664845339637338e+02
1.232519037030543137e-04 -1.815123235541811709e+03 4.479795431193323019e-02 1.211189218953044044e-01 1.810563932463367109e+00 1.411116562546699811e+02 7.177484357551694449e-01 8.050559675349311384e-01 4.699209276000957836e+00 3.031371344544742108e-01 -1.031801347039649208e-01 4.759131381260472970e-01 -9.684231730822403961e+00 4.526761526066680474e+00 1.866320878247840298e+01 1.827968198516506391e+02
1.697332731505968772e-04 -1.814803237577038999e+03 7.983902506533013810e-02 1.416469038738609465e-01 1.826895670172195452e+00 1.363072968986755029e+02 6.737648533969028408e-01 7.751079859340952449e-01 4.669301746757577476e+00 3.175605663354332808e-01 -9.071616452250941265e-02 5.640889816946144109e-01 -6.799456091442550587e+00 5.094145905119473738e+00 1.909841665805100774e+01 1.811138795014526295e+02
2.183414116025651980e-04 -1.814551405854492714e+03 1.188918608960115864e-01 1.486630696525578499e-01 1.773576928915478135e+00 1.349384768508942045e+02 6.234049301229597217e-01 8.112585103805154407e-01 4.679855522214960928e+00 3.241208816088527733e-01 -1.067103069579702357e-01 5.525625019925721748e-01 -7.009901209088127416e+00 5.309532728711041649e+00 1.866205376726826159e+01 1.828419069100166610e+02
1.491892038295599581e-04 -1.814932250475721958e+03 1.269917405746396610e-01 1.496930887224814655e-01 1.748064293854365125e+00 1.530114193445589308e+02 6.350791234414558950e-01 8.682373172720618815e-01 4.708359354588107948e+00 3.031403437055610883e-01 -1.032966425481771644e-01 7.023436685107078414e-01 -8.453458269647427414e+00 5.338532213613356170e+00 2.028445346241536384e+01 2.053117124185331761e+02
1.337659887778488684e-04 -1.815041373879585990e+03 9.561669303287945176e-04 1.361192478183621823e-01 1.778839757352726814e+00 1.609455314977630849e+02 7.550382238042812055e-01 7.865652865314891606e-01 4.703493483538450093e+00 3.153128612543554254e-01 -1.486012268980703155e-01 5.934225148871986599e-01 -7.901097809995178523e+00 5.361387793452521144e+00 1.818881400560756845e+01 1.908278490049374341e+02
2.100029314521025274e-04 -1.814590344310566024e+03 3.340700231798232611e-02 1.455211171223861621e-01 1.814024371922442036e+00 1.415664478786642633e+02 7.477546478085672632e-01 7.960617658944317832e-01 4.712788471861493633e+00 3.088677200195064643e-01 -1.051673142682325590e-01 4.595484773982970172e-01 -6.853340616543846409e+00 5.618588817429492899e+00 1.994117806641537527e+01 2.075773759355804486e+02
1.238955826085842932e-04 -1.815118026665358911e+03 8.820049052057057914e-02 1.286820434956894299e-01 1.753538992290586407e+00 1.425588467167426927e+02 7.079159958145166964e-01 7.985291739499245089e-01 4.699590967268061803e+00 2.797002968308177628e-01 -1.003103086258005927e-01 5.246954909267629308e-01 -9.564538755291664529e+00 5.007055502280421955e+00 1.943032154964397051e+01 1.805952481017991715e+02
1.547957843632873445e-04 -1.814895359072492283e+03 8.627138339839415804e-02 1.289751276348947429e-01 1.787205877787701347e+00 1.621839682649438146e+02 6.521982571276602192e-01 8.202036687209868226e-01 4.692415990137643433e+00 2.919259638342057706e-01 -9.078871043069725033e-02 6.550140354039005741e-01 -7.834700684240033297e+00 5.010611806352205377e+00 1.999603965272822492e+01 1.634382628683449639e+02
1.986804614473115837e-04 -1.814645767987679847e+03 6.009074168493308554e-02 1.373979389096859072e-01 1.819539039580393869e+00 1.467048430208996024e+02 6.554754581131985169e-01 7.668981001083163829e-01 4.676404469980168344e+00 3.155735742995968707e-01 -9.886636831553574645e-02 5.922106810355114437e-01 -7.645292350554228733e+00 5.193936328217296783e+00 1.932317078322309811e+01 1.859688194481767880e+02
1.323699380661377269e-04 -1.815051865236640651e+03 1.093485551889780416e-01 1.398298360537336416e-01 1.785887042839148009e+00 1.542720894375771934e+02 6.151794104191501411e-01 8.164172972372829573e-01 4.684564030328226103e+00 3.272358514355933057e-01 -8.997232485077155673e-02 7.062123478639883434e-01 -1.038531373547058934e+01 5.025698352588148232e+00 1.837161522164143435e+01 1.968037192015426058e+02
1.270055829799158825e-04 -1.815093234754517653e+03 3.017161314753705192e-02 1.278623867782718027e-01 1.765142483072136059e+00 1.450198030893737382e+02 7.516651359286918854e-01 7.588468701588497733e-01 4.697391424974396656e+00 3.219675722041588362e-01 -1.123384273502889830e-01 5.453646009155574959e-01 -8.618519584588426596e+00 5.347311452655212349e+00 1.972578455342233283e+01 1.989297102733910094e+02
1.645186926161556985e-04 -1.814834441603807136e+03 4.326785423390924756e-02 1.335934340027068734e-01 1.815397995393826847e+00 1.509864634855330792e+02 7.055394491050388517e-01 8.142284543986357814e-01 4.699632203592829072e+00 3.044464189769799933e-01 -1.077979503481181212e-01 5.521869773203202936e-01 -2.579725673912463435e+00 5.138442556395284022e+00 1.886451929537613736e+01 1.829029666796142521e+02
1.679973039511237893e-04 -1.814813517869117277e+03 7.373185524890102371e-02 1.301091254704120626e-01 1.757770914791042749e+00 1.524021488545567706e+02 6.844173061063349994e-01 8.153008602378797320e-01 4.712179270929594210e+00 2.816815297667591977e-01 -1.066465642268235037e-01 7.349926778583872888e-01 -1.028294844051558243e+01 4.878503878135487248e+00 1.882414354340589213e+01 1.823655133593207154e+02
1.534862374649261006e-04 -1.814903854895683025e+03 2.114422876101065829e-02 1.154445068381603490e-01 1.813254579546128120e+00 1.482035096163429557e+02 7.476970561033406959e-01 7.955161878750138804e-01 4.700899234222491785e+00 3.046658417342946734e-01 -1.114731279122773699e-01 4.059009436504359414e-01 -7.045623605508694709e+00 5.436508423557029346e+00 1.901441512814683321e+01 1.950727211140537065e+02
1.536449924784226960e-04 -1.814902821102879443e+03 2.054179117392634923e-02 1.491384754570747317e-01 1.915374705800840793e+00 1.477020640938896179e+02 7.380612130084895917e-01 7.732779430571454782e-01 4.683799639184885066e+00 3.297378659432685932e-01 -7.771676277904560060e-02 4.363654381532158233e-01 -6.552500691698583069e+00 4.823508353706817964e+00 1.928301225259443186e+01 1.945176945397444399e+02
1.226155670829596014e-04 -1.815128411810464740e+03 4.624781244910786127e-02 1.494618570533665924e-01 1.815788378573288675e+00 1.582490472662402397e+02 7.194560788143731234e-01 7.859650573517253935e-01 4.689195056335046630e+00 3.166791257444985241e-01 -1.144032886051715714e-01 5.475525924356852148e-01 -8.972192892614572202e+00 6.214247077519274853e+00 1.847312716731108750e+01 1.992534525965843386e+02
2.023518559107807010e-04 -1.814627457757416551e+03 3.668366713853515870e-02 1.224638395176756711e-01 1.831705618266658675e+00 1.454259157732562642e+02 7.115806498720254059e-01 7.908456437907711578e-01 4.689352924976804005e+00 3.078399156899080946e-01 -8.624355167019737145e-02 5.742534632693937491e-01 -5.082951932983661436e+00 4.794981780607332489e+00 1.874395542211193444e+01 1.797386017627282797e+02
1.357391225596565518e-04 -1.815026730973352187e+03 2.244421858073999965e-02 1.233790852992857900e-01 1.791742519358146879e+00 1.572661698712753946e+02 7.761296516038453941e-01 7.735547822027886156e-01 4.701212169333061297e+00 3.389194067643634956e-01 -1.126030595546998470e-01 4.487895293429806087e-01 -7.089213437713567600e+00 5.946544103618611743e+00 1.914776157901665243e+01 1.925107566857798815e+02
2.281384376813182615e-04 -1.814507513172975450e+03 7.657052361000959984e-02 1.408998077352021372e-01 1.813410080076943487e+00 1.489609050291171002e+02 6.672121539429718418e-01 8.504610980738827042e-01 4.701083608287752291e+00 2.689356637285218454e-01 -8.951785864789796321e-02 5.894132919148545868e-01 -6.684380965995842416e+00 5.080773206932120978e+00 1.886938383483116510e+01 2.085427350501752812e+02
1.774485795426718269e-04 -1.814758784926252702e+03 1.959762944449633393e-02 1.349487388436409752e-01 1.808946692324744809e+00 1.586019955715415222e+02 7.605427424871915587e-01 7.833694385864895526e-01 4.698559834823142545e+00 2.820685684494304013e-01 -1.000866002414446676e-01 4.387331162547743468e-01 -5.149701102739925318e+00 5.437037836927505197e+00 1.889258897176237895e+01 1.745825259367467197e+02
1.171128877697365212e-04 -1.815174327478122450e+03 -2.933274066289487392e-03 1.460423774915672601e-01 1.768882696055533721e+00 1.370351734868440587e+02 7.476535304467422094e-01 7.865439460020782203e-01 4.705347549038347843e+00 3.006972659752025212e-01 -1.249369811535780972e-01 3.615720510931900722e-01 -8.418985480245424924e+00 4.960829744630967930e+00 1.901757807235060582e+01 1.832444178681115261e+02
1.813309392613407967e-04 -1.814737142044984012e+03 8.076079713795272785e-02 1.341371831904480116e-01 1.745314451402692590e+00 1.574764350891888398e+02 6.533733030864307123e-01 8.367147916241859384e-01 4.700392024347856079e+00 3.218479694740843389e-01 -8.998489007529242301e-02 7.199000840909267618e-01 -7.585729990191595107e+00 4.583119243988353908e+00 1.936039743479711461e+01 1.952606013821933573e+02
1.152278050538192217e-04 -1.815190554718029034e+03 5.497784944614447777e-02 1.469549281896247728e-01 1.766009607767010436e+00 1.600854419266570687e+02 6.427845261503357666e-01 8.448154961928358020e-01 4.703886870824062427e+00 2.998690002209360994e-01 -1.344786535034314667e-01 6.457367897152138658e-01 -9.074812136667532059e+00 5.375401977341764947e+00 1.935007831843071813e+01 1.757649172235611275e+02
1.593946452417863916e-04 -1.814866082627903324e+03 7.123542366701321460e-02 1.308565738455348126e-01 1.807422790453646400e+00 1.422212222536737727e+02 6.820407282384525205e-01 7.866112631871871042e-01 4.679606085652662451e+00 2.898467418919576932e-01 -1.103245982471219300e-01 5.964840632609977877e-01 -6.109203059215872145e+00 5.371858926569106352e+00 1.956405610905587267e+01 1.808633173329657780e+02
1.220417390562077316e-04 -1.815133102690847863e+03 1.200331108259065360e-01 1.400309131539397567e-01 1.762988131669846581e+00 1.519149924737331787e+02 6.351160776148598863e-01 8.472557058240568484e-01 4.711580216273062227e+00 2.815744715543753163e-01 -9.052553642173788440e-02 7.179645777459280342e-01 -5.984285555442085069e+00 5.674406276156562789e+00 1.889645836420306324e+01 2.039771605570751660e+02
1.510885515656889427e-04 -1.814919599701342349e+03 4.331868945343703148e-02 1.457297198864397070e-01 1.764289614716999743e+00 1.545276012465702138e+02 6.735369749524624527e-01 8.305156369409552042e-01 4.703940110850059142e+00 3.066350484405755417e-01 -1.266207874845532988e-01 6.661997003563026043e-01 -6.794659431603605526e+00 6.235256394380495060e+00 1.927477802664112616e+01 1.772267756914286281e+02
2.005881236375610974e-04 -1.814636212130906188e+03 1.184203042076452383e-01 1.308349437902102397e-01 1.846303180758050999e+00 1.516216924771591721e+02 6.734989614842838979e-01 8.369079416918216996e-01 4.705244413377863921e+00 3.078762659118907674e-01 -8.074121105878151461e-02 6.470336261923598231e-01 -6.263991827654251665e+00 4.910650761832724420e+00 1.934403465593570459e+01 1.926188446586343161e+02
1.953895295468630066e-04 -1.814662470647022928e+03 7.064438764573144347e-02 1.260031202765160840e-01 1.791161852933901066e+00 1.522695628927110931e+02 6.799940193697204815e-01 8.170740174278867674e-01 4.700636171203687041e+00 2.802411219255545038e-01 -1.150884091241615170e-01 6.256084366943486241e-01 -8.183068090096298874e+00 4.605274761110611514e+00 1.856563421171397721e+01 2.057023505229194029e+02
1.375735707675532216e-04 -1.815013306966341133e+03 2.145721784333934345e-02 1.458269878978676048e-01 1.848436463341680103e+00 1.376484834014126193e+02 7.300973124118700364e-01 7.765623381162527483e-01 4.692607117509875359e+00 2.776207033115092315e-01 -9.571144248740548477e-02 4.832738978720118594e-01 -9.411321761793146834e+00 4.972009612985273108e+00 1.898724057279255106e+01 1.993300716976706894e+02
1.571307299809316402e-04 -1.814880387666577235e+03 6.279647188287257320e-02 1.456559925111067522e-01 1.865838149418809877e+00 1.368291962598905798e+02 7.163904235370713858e-01 8.088081810938796412e-01 4.693851487025826330e+00 3.188384885630031196e-01 -9.363112396748496380e-02 5.054899836150902326e-01 -8.394180305982843038e+00 4.925258303131618831e+00 1.943466525158876834e+01 1.800734790772646647e+02
2.095267434593344055e-04 -1.814592614415522803e+03 9.497318702208593089e-02 1.180637903972059644e-01 1.769826158270350724e+00 1.569734398283467272e+02 6.833348942532279091e-01 8.151650174930618054e-01 4.700719586851260345e+00 2.984935162182731361e-01 -8.585487518163748000e-02 5.862659719224716515e-01 -7.712420469322296412e+00 5.104139462682732997e+00 1.945422794776863284e+01 1.887105913171070029e+02
1.276919376291813630e-04 -1.815087845174681661e+03 5.798337929946109637e-02 1.344190768433702610e-01 1.742939052755494878e+00 1.303057157164241460e+02 7.095835364421857472e-01 8.163312722278988076e-01 4.706947932657222111e+00 2.978769601985598037e-01 -1.098999684971366797e-01 4.180441369021365428e-01 -7.934336432711035059e+00 5.240457483581706377e+00 1.899349534474070822e+01 1.738255283730110250e+02
1.617357673550783872e-04 -1.814851501862594660e+03 1.321549064053608447e-01 1.468288221870936716e-01 1.776363889340987434e+00 1.543120868594053263e+02 5.809948490236812590e-01 9.062612059606245385e-01 4.722182816472018985e+00 3.067396704603464475e-01 -8.329075237008698451e-02 8.584231938286864816e-01 -7.568014735654145397e+00 5.578507309079494547e+00 1.832141007613596884e+01 1.916902056293901069e+02
2.019029007277799929e-04 -1.814629678908115238e+03 9.682945995396818883e-02 1.330725295726097601e-01 1.715927746443624891e+00 1.556566074113922582e+02 6.590031458902702033e-01 8.144555298491067408e-01 4.680752941053379246e+00 2.875628804986087861e-01 -1.268205234163488626e-01 7.835343139146918601e-01 -8.081287795945684138e+00 4.851174623084930637e+00 1.976113791011835374e+01 1.864507833162249995e+02
1.190628011061479232e-04 -1.815157814706188447e+03 1.186282798942880079e-01 1.425389114300941451e-01 1.756506648848632501e+00 1.286221452670052372e+02 6.144048862171653802e-01 8.534795974545117403e-01 4.701246520787242034e+00 2.819199161603691550e-01 -1.084047208618432734e-01 6.366201141673460961e-01 -9.860048481190034408e+00 5.007341790340125165e+00 1.937974241680395693e+01 1.817451361899129552e+02
1.615727418146353713e-04 -1.814852510345511973e+03 7.501551236596043504e-03 1.442302933179967217e-01 1.811372489610025838e+00 1.616030407674313096e+02 8.213247658443936228e-01 7.510989433914241342e-01 4.709931443296596854e+00 3.134428058292584307e-01 -1.154636708310536886e-01 3.900829289529649246e-01 -7.901265930600146703e+00 5.023553104873568209e+00 1.935162098542930664e+01 2.138776267730879681e+02
1.147733992201609106e-04 -1.815194506057556282e+03 1.125184423581377102e-01 1.449448457327665307e-01 1.826898202883159072e+00 1.469436091628302847e+02 6.073012753621043203e-01 8.144520277895195282e-01 4.673003121038625807e+00 3.326478747582433115e-01 -9.303314959226027803e-02 6.907833320828765666e-01 -8.763876043619035272e+00 5.323665499781693455e+00 1.922918664524475574e+01 1.823989358189521681e+02
1.917217921816499250e-04 -1.814681420478322252e+03 7.203459850794430297e-02 1.470871960740713080e-01 1.776140361555254010e+00 1.238243704458943597e+02 7.081998090125122269e-01 7.905814636650405625e-01 4.696262497505555800e+00 3.033684775576253045e-01 -1.004753338198973722e-01 4.061605885544208316e-01 -9.963767380527031037e+00 5.230958559662601814e+00 1.926609965005654601e+01 1.962630067839470485e+02
1.416729508378274951e-04 -1.814983944562354054e+03 3.635946355958380449e-02 1.404700009288129270e-01 1.843094551846989226e+00 1.595626009129873353e+02 7.022330395578206819e-01 8.212589721291545519e-01 4.698558481258725550e+00 2.591548933326806026e-01 -9.718694861390431150e-02 6.677702412758166339e-01 -8.187954993059292974e+00 5.292719755061625619e+00 1.904294298945008279e+01 2.146095394304172714e+02
1.528657410442576354e-04 -1.814907905773840866e+03 8.898888894635270663e-02 1.469174788771384910e-01 1.860971204058535555e+00 1.361939673594440876e+02 6.177997766181780870e-01 8.694657402717076433e-01 4.712430046191869337e+00 2.823694041287976297e-01 -7.199073697090319079e-02 6.354224900432822176e-01 -5.924284728337738670e+00 5.188729499562727554e+00 1.950067742477390453e+01 1.882157724054793846e+02
2.135878660561772399e-04 -1.814573417501862423e+03 8.512018418152197952e-02 1.466817376872461554e-01 1.774755117837878871e+00 1.546681899434289278e+02 6.450944503492277438e-01 7.901535943221194014e-01 4.679387083623726795e+00 3.243043465033403905e-01 -1.118749834402317234e-01 6.446438686747689717e-01 -9.352558096741717009e+00 4.848441543282233646e+00 2.015030723163402371e+01 1.778734625581123225e+02
1.427263100771461175e-04 -1.814976536919642967e+03 1.064953445183880187e-01 1.336086275705826998e-01 1.733034147324283403e+00 1.494846458197004040e+02 6.003746853790578042e-01 8.849420868990582889e-01 4.706131101851322995e+00 3.005468499105050650e-01 -9.676185715985607949e-02 6.606059117663164448e-01 -8.966579087886117350e+00 5.263174834506223476e+00 1.959280483964898067e+01 1.834391085002167188e+02
1.183144806132403059e-04 -1.815164119631128415e+03 8.561992188513681268e-02 1.310463462335892115e-01 1.847606975872339241e+00 1.526753546920769224e+02 6.629578332754693104e-01 8.257313955765512858e-01 4.688804842022182839e+00 3.193798112673764678e-01 -9.447713584588957048e-02 7.284646098980113171e-01 -8.289902286819284427e+00 5.542083666547181764e+00 1.898868446180090785e+01 2.020945235296964881e+02
1.331949598512410229e-04 -1.815045651882046059e+03 1.008733860854161557e-01 1.385432687394449747e-01 1.690858904837716281e+00 1.570386191577523789e+02 6.679087353979435981e-01 7.770309868051852309e-01 4.685509245113946619e+00 3.242568654555082475e-01 -1.329728149678235383e-01 7.440059723376848400e-01 -9.958202470406035900e+00 5.832024766070253996e+00 1.941501245633625672e+01 1.783214358223184206e+02
1.290253390894679900e-04 -1.815077456988359245e+03 -7.054534165966103165e-03 1.403434528765369615e-01 1.895341879228476856e+00 1.481263111710879912e+02 7.508932504220918736e-01 7.591072781140717485e-01 4.693405125317527293e+00 2.863670025977851363e-01 -9.514677081673328374e-02 4.290884265055147084e-01 -5.707125469942155860e+00 5.331287853007404820e+00 1.865929330155402610e+01 1.943496712173868843e+02
2.260088773772537304e-04 -1.814516891521550633e+03 1.043774549134894036e-01 1.440661237340822576e-01 1.814051318573134175e+00 1.485171331212679604e+02 6.146510658404251704e-01 8.379525034099764014e-01 4.694577748521865601e+00 3.288184174415966776e-01 -8.825231135655986492e-02 6.935437726512007073e-01 -4.357848382134619669e+00 5.265384519486659975e+00 1.844740805137456974e+01 1.900001809232450114e+02
1.754125866347968721e-04 -1.814770324963512849e+03 -4.900552472009406246e-03 1.222355020707148465e-01 1.749608954730454080e+00 1.576842631939711907e+02 7.663361917854757399e-01 7.515266479752005235e-01 4.686656146379529986e+00 3.174974421623000254e-01 -1.553266202729945977e-01 5.632176561591906161e-01 -7.527164249675422525e+00 5.454736559161621479e+00 1.938010104607968032e+01 1.858309202697770957e+02
1.436725835530097771e-04 -1.814969928815070489e+03 3.370712827436686543e-02 1.405799813358130368e-01 1.855285065685337464e+00 1.414792368930384328e+02 7.152535592754634131e-01 8.369128747922782718e-01 4.704930374023929218e+00 2.928982503239372370e-01 -9.615433276749563163e-02 5.443747898297035537e-01 -7.835492920492015401e+00 4.996643230731012686e+00 1.951517904260846592e+01 1.946482185309854742e+02
2.231061981191504134e-04 -1.814529817917631135e+03 -2.112277387144506635e-02 9.111758475856177042e-02 1.827978688885694147e+00 1.535097008452767966e+02 8.380321097261302921e-01 7.470223067055439259e-01 4.705843167103346047e+00 2.918512439368996514e-01 -1.206231065093512633e-01 3.293892908515060336e-01 -6.838625759704001439e+00 4.925260314935897554e+00 1.947709058022817175e+01 1.952990303580057798e+02
1.317876049734793972e-04 -1.815056274227043104e+03 9.433668366142097805e-02 1.471072926494389199e-01 1.789281527582028630e+00 1.661679822214472608e+02 6.375976501010752751e-01 8.677216094932895807e-01 4.713181982584389473e+00 2.615009090413440429e-01 -1.057264924955134688e-01 7.377063205655932654e-01 -4.910987310606117262e+00 5.384588913995180803e+00 1.917487728067690611e+01 2.133563121804627940e+02
1.655867350641328901e-04 -1.814827970664008717e+03 5.003489475816566556e-02 1.223872335898618380e-01 1.886645650524219953e+00 1.515945679509302124e+02 7.393592206786110399e-01 7.984278681450069914e-01 4.709138234204403695e+00 2.884385583911162065e-01 -8.826597913189759836e-02 5.299304340167954042e-01 -7.183308149443206503e+00 5.015364774121233715e+00 1.932335413942254476e+01 2.063255802639155547e+02
1.292128696059950644e-04 -1.815076004604140508e+03 4.341897406933614700e-02 1.391499093275139487e-01 1.816819697570188907e+00 1.350640568390233511e+02 6.924817376663315871e-01 8.242112735506157417e-01 4.703517201329955988e+00 2.749495648034927520e-01 -8.026179383897114050e-02 4.831372351354074612e-01 -7.629447622828706699e+00 4.991541012908329300e+00 1.860425890799632853e+01 2.031240884610877515e+02
1.520848536643834342e-04 -1.814913027187605849e+03 4.984905692148958178e-02 1.309392991535612005e-01 1.843008085569100452e+00 1.623824812458169617e+02 6.864424420630597101e-01 8.508212563215333812e-01 4.710782766044410153e+00 2.774841166272343784e-01 -1.010154730481045426e-01 6.375430940119863887e-01 -5.049439017389317996e+00 5.621457563767862098e+00 1.825907972983376126e+01 1.732036555049694186e+02
1.547527424242353688e-04 -1.814895637167431232e+03 6.139682750725622418e-02 1.384802309767760586e-01 1.766324637563847055e+00 1.377732103475197789e+02 6.491128917000563714e-01 8.411983439076902158e-01 4.694072153765548094e+00 2.779679523804232666e-01 -8.918192381966960625e-02 5.827853071525854745e-01 -8.215610105659578721e+00 4.971394529129424811e+00 1.894306489043840003e+01 1.919602552407982898e+02
1.350510116945022917e-04 -1.815031813229012414e+03 7.016510344369761287e-02 1.494959420814444273e-01 1.811721523916974164e+00 1.486999378765805488e+02 6.737003546899278383e-01 8.186751405304801832e-01 4.698833299522320317e+00 3.081859998504825615e-01 -8.831688136636217656e-02 5.982507748644031453e-01 -6.978314794575851465e+00 5.928152438343436970e+00 2.069910932557972316e+01 1.884236710080664636e+02
1.146333512639774980e-04 -1.815195727015294324e+03 3.130492709986712474e-02 1.261093001745999531e-01 1.733748855498485675e+00 1.555733934019226865e+02 7.291779702720125877e-01 8.256600330485979189e-01 4.722845355665685751e+00 2.614593214949898492e-01 -1.252331150734737886e-01 5.497876683389880670e-01 -5.967661046260190005e+00 4.990738278388473503e+00 1.916942598487536742e+01 1.799196261177335998e+02
1.147192767183016716e-04 -1.815194977728407139e+03 4.909030293287017233e-02 1.472181412781505550e-01 1.751448832420238411e+00 1.621327810025642009e+02 6.612145308947113831e-01 8.131298693344513051e-01 4.690360922654360110e+00 2.629371112563205770e-01 -9.952635661157538394e-02 6.152637765625358357e-01 -9.048984827917081475e+00 5.610109329388879296e+00 1.892730559789534794e+01 1.860598129194397359e+02
2.050508365570852926e-04 -1.814614207868880840e+03 3.788087498176420653e-02 1.305102429266575548e-01 1.795779437641882303e+00 1.515907188645059307e+02 6.876706241029206801e-01 8.211101339388529041e-01 4.714953692557612541e+00 2.641881819568099310e-01 -9.868105462227050317e-02 5.381428327691150093e-01 -6.432096718138211600e+00 5.301971359410351248e+00 1.943556280817293569e+01 1.909649332043552477e+02
1.647635004037448702e-04 -1.814832954685668938e+03 3.019439792442255022e-02 1.363227751541247479e-01 1.809588170153830333e+00 1.497515700240327874e+02 7.455988894202122408e-01 7.762228351519493419e-01 4.689962535562175461e+00 2.934174268265927754e-01 -1.036055413528746971e-01 5.837124293843047873e-01 -5.665544263507484857e+00 5.424834904848685468e+00 1.823559744635816315e+01 1.763253362786946354e+02
1.497953303540289205e-04 -1.814928195902421066e+03 6.264346112273880274e-02 1.301661228424515204e-01 1.750170414576335709e+00 1.516777685867346293e+02 6.808179896542588816e-01 8.324540714167067978e-01 4.700359393438804823e+00 3.122073052751492828e-01 -1.232698126127014238e-01 6.202729674582124764e-01 -6.574827707973639690e+00 5.137122762050583269e+00 1.895376796669246033e+01 2.065373285972942199e+02
2.166357279612064941e-04 -1.814559248530481455e+03 9.497200964674173962e-02 1.364491578621589707e-01 1.797219619836770477e+00 1.358637605008938749e+02 6.417710699399221674e-01 8.685594867974923972e-01 4.720724013272382003e+00 2.928628764765845993e-01 -8.958274892979933846e-02 5.630229780872242351e-01 -6.996820533253981012e+00 5.139176705590386973e+00 1.965307172250430057e+01 1.938223499587773517e+02
1.456532327348764651e-04 -1.814956237122095217e+03 5.106881549133404641e-02 1.472426571726306033e-01 1.844061341410846211e+00 1.277621128986933314e+02 7.146855922269442773e-01 7.840901059410685381e-01 4.697237576655655111e+00 3.190016612532979856e-01 -1.117613646583262010e-01 4.094722901628934375e-01 -8.707147949819102450e+00 4.738158236257894451e+00 1.892955821349428902e+01 1.814816658915193841e+02
1.487705686090461869e-04 -1.814935060489252010e+03 5.006664507608116210e-02 1.337094412254198617e-01 1.861390890481834148e+00 1.553710671660337539e+02 7.101158575932540185e-01 8.008107686309977602e-01 4.685640483416110946e+00 3.045260864162373515e-01 -8.538886868288919629e-02 5.779493803929055540e-01 -8.254174846914565933e+00 5.734588172238153092e+00 1.947841376906245259e+01 1.740575339813326252e+02
1.417458494014401673e-04 -1.814983430139421216e+03 2.966285673860663552e-02 1.452915339823755148e-01 1.831229195324094228e+00 1.441796347511626664e+02 8.047730091307928602e-01 7.523257629628707921e-01 4.694918465466951574e+00 3.548621947843497715e-01 -1.002853224893194284e-01 3.967619788513549461e-01 -7.467050617011551594e+00 5.071623991582452362e+00 1.955598254787693691e+01 1.825044169754752659e+02
1.471822216250232528e-04 -1.814945794378485061e+03 3.682355363824479921e-02 1.488600672941397807e-01 1.795633781915324967e+00 1.281574164574109318e+02 7.556267747444276317e-01 7.841022296745501219e-01 4.700052103865385078e+00 3.076398920118612601e-01 -1.223310602210354592e-01 3.526172668067039107e-01 -8.721333484530731539e+00 5.558871019540112535e+00 1.913333883191137375e+01 1.765645847220829125e+02
1.160627280168376115e-04 -1.815183334996766916e+03 2.383320924627066462e-02 1.023353794826159235e-01 1.865246069892805281e+00 1.651880432769161473e+02 7.363569180430843408e-01 7.808099446662586374e-01 4.695932451369282390e+00 3.096311294209557197e-01 -9.541964273708325450e-02 5.411735092629802457e-01 -7.096198505383881638e+00 4.445629834362141430e+00 1.903208945586232304e+01 1.879378655612997591e+02
1.186866191129806985e-04 -1.815160979233839043e+03 1.019778539740471557e-01 1.470056863019977011e-01 1.830615489299512788e+00 1.347004972280204527e+02 6.714440449488972007e-01 8.173541519656750687e-01 4.685391967426882687e+00 3.147274264452655235e-01 -7.931832425525930930e-02 5.726111860439128121e-01 -8.029654355780792230e+00 5.100342157157045087e+00 1.973728742262448321e+01 1.786105259640136182e+02
1.176167179478052987e-04 -1.815170034615700843e+03 5.942510541648785005e-02 1.342931941079906488e-01 1.799780063840891842e+00 1.278631770859618371e+02 7.367909402418471032e-01 7.838433815003458260e-01 4.698947646362057640e+00 2.911737669485157110e-01 -9.922672506792595826e-02 4.522543611178437839e-01 -8.273381539222384617e+00 4.762271772636106348e+00 1.867705030977562330e+01 1.944841342795368178e+02
1.370989320193337477e-04 -1.815016763003737196e+03 8.074712723117866142e-02 1.492974208522380997e-01 1.828258736674650997e+00 1.508795620613573760e+02 6.820925975577261102e-01 8.143471471477978785e-01 4.713625159368982409e+00 3.035623652026524510e-01 -1.127318049266281541e-01 6.214955513414605059e-01 -7.570631975146397963e+00 4.800940199554681875e+00 1.938427807879961051e+01 1.807493793280789873e+02
1.912532904762484758e-04 -1.814683867122818583e+03 1.128530008694717257e-01 1.459547607934894853e-01 1.748576230100914231e+00 1.517565335136793578e+02 6.380703280823747381e-01 8.609124886405576937e-01 4.716984794926271540e+00 2.974094516305658686e-01 -1.161770885835209377e-01 7.038548849145903619e-01 -5.308720661886553671e+00 5.456722967735805341e+00 1.974136303729345698e+01 1.891890851510090670e+02
1.700035194153576810e-04 -1.814801646661202540e+03 7.522774529026929335e-02 1.460520928035778654e-01 1.766461180241677198e+00 1.547723928959549653e+02 7.103878545413946366e-01 7.617280391908249904e-01 4.672391284505080122e+00 3.316140614421072552e-01 -1.066606361782200807e-01 5.319521236479147763e-01 -6.637055117857499908e+00 5.447172474340566950e+00 1.927137177110205357e+01 1.826453702216402917e+02
1.926930339223598956e-04 -1.814676367375572909e+03 5.172301608136961604e-02 1.405524106697482456e-01 1.769900631965564131e+00 1.625103859091640004e+02 7.092480779473465669e-01 8.253190441079072404e-01 4.715799359681252412e+00 2.899981500863617612e-01 -9.533899662311640100e-02 6.538219610321837072e-01 -6.038626663264125227e+00 6.067981682755574369e+00 1.997764447180938419e+01 1.710539178623861005e+02
1.800190506193920996e-04 -1.814744403118417495e+03 1.257327242288361624e-01 1.401689011520778350e-01 1.708780120544505010e+00 1.508682946909471525e+02 5.850188840765176979e-01 8.231427904629773362e-01 4.673381626435369363e+00 3.284287679982085262e-01 -1.129361496789116348e-01 8.396662086372833622e-01 -9.273646904214842834e+00 5.318111586192331153e+00 1.884326840335825892e+01 1.861443826664119854e+02
1.491268341380175776e-04 -1.814932668620806453e+03 9.973126237496976465e-02 1.453976407009985039e-01 1.747822669650797245e+00 1.565581398513278373e+02 6.211752958254957990e-01 8.006431053559956990e-01 4.675811248793604769e+00 2.809831438565599804e-01 -1.089417290516112580e-01 8.545573433984319234e-01 -1.066935012562456109e+01 5.403003817322726832e+00 1.972104638023430923e+01 1.930690709534824805e+02
1.947603302946866602e-04 -1.814665696073262552e+03 1.025477612381379966e-01 1.349516213137083309e-01 1.806893489800516228e+00 1.476623050730992190e+02 6.087750994371361468e-01 8.976012858255766336e-01 4.708400986334041249e+00 2.978451294468267285e-01 -8.969488620483923036e-02 7.190739417746052631e-01 -7.290168088697924986e+00 5.165796263555622048e+00 1.833041727027684331e+01 1.862253564415653386e+02
1.481577011587919407e-04 -1.814939188545641173e+03 8.827065360679917094e-02 1.357139563880321587e-01 1.787975335605673344e+00 1.552516090890276246e+02 6.404522943524673106e-01 8.300139097749710260e-01 4.684687873745582820e+00 2.920312818317576387e-01 -8.193181519318804007e-02 8.336786723411985234e-01 -5.916758822629276438e+00 5.351730552109801309e+00 1.896648604142992056e+01 1.719948536831304011e+02
1.541630531066384929e-04 -1.814899454971780415e+03 4.192438643971174717e-02 1.400753622230905548e-01 1.858025911260607010e+00 1.448884678945928783e+02 6.852510927478979719e-01 7.986226931455755462e-01 4.705204730422867243e+00 3.318619098771031783e-01 -9.205533930597598058e-02 5.797394042399749425e-01 -6.075360825647237561e+00 4.727203103956023611e+00 1.900980411549302218e+01 1.876932774472680592e+02
1.176140297785040602e-04 -1.815170057471295422e+03 6.779084564270831947e-02 1.329360441759684097e-01 1.836254171928236367e+00 1.538038304159130121e+02 7.093818650593494146e-01 7.680057799779766992e-01 4.689746327551063132e+00 3.104759747508094581e-01 -8.096120956528607415e-02 5.643664249978465053e-01 -5.493872631943247598e+00 4.397146672162954850e+00 1.965034497562778881e+01 1.919080488291098447e+02
1.603598524000311211e-04 -1.814860045433136747e+03 7.874027470631375647e-02 1.154537125565444355e-01 1.775697588225867207e+00 1.416548161504173038e+02 6.976397634386607427e-01 8.164165720956075845e-01 4.704951408403275082e+00 2.984713413872377430e-01 -8.665742442907253817e-02 6.045502778623191853e-01 -6.878091071594553796e+00 5.584420651516208700e+00 1.891603699531874128e+01 1.921901172342180928e+02
2.014187868024358140e-04 -1.814632079543502869e+03 5.853443571424593594e-02 1.485266144327817839e-01 1.759123364878791840e+00 1.645766921222491135e+02 6.817073337373398267e-01 7.620543676983542181e-01 4.665546610284080131e+00 3.164646282713363679e-01 -9.655980781077833086e-02 7.523734092551690456e-01 -7.191638374125204791e+00 5.132727810897352860e+00 1.888187440798327899e+01 1.670784331436818775e+02
1.386763863736808100e-04 -1.815005322737304141e+03 1.051110203309463531e-01 1.475876682043150978e-01 1.790096937267804833e+00 1.303056644282919763e+02 6.092323644926095350e-01 8.362696791011385855e-01 4.690130598329938394e+00 2.808085202756300802e-01 -1.042589703149729985e-01 5.865341631179661341e-01 -9.692290927968173264e+00 5.140882031654081530e+00 1.884743849062209264e+01 1.879615140064506704e+02
1.336853459054766844e-04 -1.815041976926677989e+03 1.272230568167341536e-01 1.457140388001184894e-01 1.715417111510230797e+00 1.435121852070072919e+02 5.811286856360672326e-01 8.875210663396537747e-01 4.706423968369238153e+00 2.927012342825585645e-01 -1.022075799388542094e-01 7.757488881631614541e-01 -9.544479362210893214e+00 5.195732923681584126e+00 1.992422790991499326e+01 1.743060822665936200e+02
2.019689615698867455e-04 -1.814629351770481435e+03 5.716664393701600955e-02 1.401555597697009270e-01 1.772590091248967603e+00 1.525018845473222200e+02 6.741816182971963611e-01 8.402430614281417576e-01 4.704150123820083351e+00 3.017145167696961838e-01 -9.509326066165124658e-02 7.116429731246439738e-01 -6.775124649562201284e+00 4.511599842388691606e+00 1.922784590793558124e+01 1.699178392818929808e+02
1.421990234615689761e-04 -1.814980238150495097e+03 -4.547790624755271294e-03 1.376956962702077514e-01 1.841211954435088671e+00 1.412140013119640685e+02 8.193345204927899861e-01 7.300847531424705661e-01 4.692503615862728239e+00 3.435586099501561907e-01 -1.093618791197727980e-01 3.514886389676278866e-01 -8.565621582858597094e+00 5.675127729609430460e+00 1.946001852367274054e+01 1.947492494168145925e+02
1.370775843856591829e-04 -1.815016918725561936e+03 2.528510526809371606e-02 1.406322846972083707e-01 1.828033306150216752e+00 1.430405672245077824e+02 7.501940367838572099e-01 8.053664435061185234e-01 4.716405952900384335e+00 3.150055852066278028e-01 -1.019009735954408136e-01 5.405117943709998318e-01 -5.751005479307110591e+00 5.015003741629331380e+00 1.953145969843950169e+01 1.971622008648911049e+02
1.470913236060678508e-04 -1.814946412157577470e+03 7.409737961363913050e-02 1.432343595720858842e-01 1.845934463521333946e+00 1.472516201987217528e+02 7.379339742706462202e-01 8.147139059421437679e-01 4.699519736295391326e+00 2.928192651911505351e-01 -9.198338634569158678e-02 5.598369376520169194e-01 -6.639758652306795739e+00 4.997945427858918599e+00 1.912089102628245030e+01 1.849633426735949229e+02
1.218427825528732675e-04 -1.815134734254394061e+03 1.030836434177396510e-01 1.420229622136505998e-01 1.818879668559071128e+00 1.359795736737120535e+02 6.108099848745766058e-01 8.435864243850501598e-01 4.701224643244949597e+00 3.043343524177193338e-01 -1.013181744921027860e-01 6.263552947635393497e-01 -7.370409633671755500e+00 5.218506537387868072e+00 1.936953597342705535e+01 1.923675479751794057e+02
2.094410005104233984e-04 -1.814593023721257396e+03 2.061495310877131670e-02 1.440227395400263954e-01 1.881886712494039493e+00 1.336053258117723885e+02 7.366922055855205098e-01 7.831712126095724535e-01 4.694085455709056554e+00 3.118821460213645480e-01 -8.466557565123844498e-02 3.580815145849518544e-01 -6.897515458122086329e+00 5.585853681075558796e+00 1.893301687792736487e+01 1.955519523762929737e+02
1.192480770337920047e-04 -1.815156259796346149e+03 6.097163152963944177e-02 1.089204207504853306e-01 1.814986027709160510e+00 1.496272118677361789e+02 7.202404497580334741e-01 8.241688062858345543e-01 4.707982370843886599e+00 2.918844875916930537e-01 -7.270053673315768350e-02 5.553659804712052228e-01 -4.900376642306440544e+00 5.148217529456489139e+00 1.920920369483913959e+01 1.841845099631331664e+02
1.788320782187894894e-04 -1.814751018545451643e+03 7.285262323796501405e-02 1.464109806787257939e-01 1.778393801310642175e+00 1.362884574067248593e+02 7.178055916531179692e-01 7.712367204882382143e-01 4.684388860727750625e+00 3.038157098021039282e-01 -1.158473948437754864e-01 4.176415126398549948e-01 -7.496066602725278472e+00 5.337803787273109890e+00 1.927698561642166197e+01 1.950169303019042673e+02
1.149640921242621499e-04 -1.815192845963274067e+03 2.832716971882784374e-02 1.428716300828336838e-01 1.847525986683821841e+00 1.459097251112283686e+02 6.893270700374879434e-01 8.193107546861935209e-01 4.695639547281766468e+00 2.876735269028045661e-01 -8.823777579389369130e-02 6.605296466183027126e-01 -7.276010326045025067e+00 5.042897542557267521e+00 1.924705498607492871e+01 1.738753611967156587e+02
2.148890568281125099e-04 -1.814567343920288522e+03 8.303341034049877001e-02 1.124340364545905746e-01 1.844742089072264335e+00 1.648719873089743544e+02 6.624851339221079494e-01 8.459527921744904866e-01 4.711992282458334458e+00 2.879981170975209892e-01 -7.389882051775620297e-02 7.110220544694314526e-01 -7.732872135287976789e+00 4.773285009494143694e+00 1.840748239105050033e+01 1.818228732580286078e+02
1.305415438928755033e-04 -1.815065774280373034e+03 6.385034509251708013e-02 1.398099284332309511e-01 1.844175411433991663e+00 1.377362710544963988e+02 6.822112884233346719e-01 8.453005003709763709e-01 4.719643683410521540e+00 2.907416611369482151e-01 -1.060832726527682901e-01 5.410703450075133869e-01 -7.086091328489004582e+00 5.059362909963449617e+00 1.928842686940657103e+01 1.806810164391365845e+02
1.470884576559112133e-04 -1.814946431641922345e+03 -8.071502347042680547e-03 1.365370803297834279e-01 1.866156827376870275e+00 1.572815412774444894e+02 7.529651421112254495e-01 7.826395944854991349e-01 4.705038568401741728e+00 3.328037784201345328e-01 -1.064273302109604025e-01 4.881170008534457816e-01 -4.118679501634176177e+00 5.311839416694663640e+00 1.948512449821904369e+01 1.698436489265304772e+02
1.659456541665338468e-04 -1.814825805450266216e+03 2.157182749790911847e-02 9.409413121008972092e-02 1.763846383422233544e+00 1.559681757137570628e+02 7.509874532720935969e-01 7.922728630568771635e-01 4.702316972916936066e+00 2.828921695025712335e-01 -1.067820499345284446e-01 5.813650142525338405e-01 -6.326041799722702308e+00 4.908042464583539655e+00 1.957466371922656023e+01 1.732068514095365117e+02
1.633205394041276212e-04 -1.814841751031292006e+03 8.405998052785412789e-03 1.479296393773532892e-01 1.777360782862188238e+00 1.467304800993096308e+02 7.987321049649726001e-01 7.288781838503242128e-01 4.681522292286340203e+00 3.189275446402051184e-01 -1.436957163565284468e-01 3.972399796201985245e-01 -5.744889371757835761e+00 5.089992901436524164e+00 1.959338535154309113e+01 2.026161117262447249e+02
1.212500768201976703e-04 -1.815139610637095757e+03 9.742201990364413033e-02 1.490671463517137252e-01 1.777661507039207223e+00 1.266059486053069776e+02 6.619970439396151152e-01 8.300487332483152958e-01 4.700619964148630814e+00 2.950447204981392346e-01 -1.161024071874492414e-01 4.468425374882119550e-01 -8.655076736137004900e+00 5.396921197999282604e+00 1.925706353978728913e+01 1.972329891127719748e+02
1.638548438113558920e-04 -1.814838484863299982e+03 9.453045194059292444e-02 1.365248176602111008e-01 1.751041561699378413e+00 1.682758961594175560e+02 7.374442388097506296e-01 7.855171682753394613e-01 4.702062746374659596e+00 3.000279467173330161e-01 -1.320593873013515829e-01 6.543631188564038581e-01 -6.747253907785477622e+00 4.824184009209142587e+00 1.917794650230841924e+01 1.793063131529599730e+02
1.492578519364721036e-04 -1.814931790440303303e+03 -4.224420878932294565e-03 1.331145030543706975e-01 1.824680937781200996e+00 1.446850604317936302e+02 7.996680512926797046e-01 7.441139926234523472e-01 4.692976436215976932e+00 2.987122721931589897e-01 -1.295972638111058117e-01 3.613125293166569718e-01 -6.518247680223311136e+00 5.923992433774283306e+00 1.915586303931771184e+01 1.854858740524096845e+02
1.201035110708363656e-04 -1.815149111837261671e+03 3.445979407092583657e-02 1.477747508632350770e-01 1.835156314803286115e+00 1.524200493578208011e+02 7.750572027372135686e-01 7.414045930209156587e-01 4.683021402830912727e+00 3.305090462196738077e-01 -1.025228530027906260e-01 4.308460783023368434e-01 -4.788882648375931694e+00 4.861996594661022186e+00 1.991285099749529053e+01 1.694127025368253783e+02
1.369264167574783776e-04 -1.815018022122905677e+03 2.561146776253561685e-02 1.483342437158251814e-01 1.871511169755901705e+00 1.436546749048217464e+02 8.004430523433637701e-01 7.450456986913656099e-01 4.691800153583358224e+00 3.122687853110963641e-01 -8.619247401315677237e-02 3.983061664380372902e-01 -6.424975036998745281e+00 5.614412024552373204e+00 1.916303110378547814e+01 1.761076332203700474e+02
1.873391384466879415e-04 -1.814704545251586751e+03 1.995711027398006099e-02 1.475159646155263238e-01 1.835556534965058439e+00 1.433331666267243634e+02 7.480372202045183494e-01 8.035834770770842184e-01 4.712512767176644246e+00 2.805512029287782205e-01 -9.687760049923044292e-02 4.472995526738594019e-01 -4.001754371898584850e+00 5.222467303878097766e+00 1.982726731247197449e+01 1.961678306358207635e+02
1.268194431450515717e-04 -1.815094701433127511e+03 7.378986192813072331e-02 1.210992400465656649e-01 1.764628821765962918e+00 1.525836340519890655e+02 6.657746180137178449e-01 8.133405924544530041e-01 4.696388442417462450e+00 2.748511906637229885e-01 -1.055331024728687339e-01 6.486960801384274999e-01 -1.040673019327982729e+01 5.371146773005097685e+00 1.978179689469905611e+01 1.676216654158204733e+02
1.296020314538332279e-04 -1.815072997341888367e+03 4.156739023008254597e-02 1.479997112291142891e-01 1.841431203600598643e+00 1.406205866577320478e+02 7.119356641893871407e-01 7.940409752911987695e-01 4.708122827250738496e+00 3.301005988613383568e-01 -8.920866417401396298e-02 4.966753502013811494e-01 -4.406881671203620954e+00 5.095110852147977099e+00 1.850866836793052528e+01 1.805883865116473146e+02
2.160101783831040376e-04 -1.814562140271763838e+03 1.077191923728390566e-02 1.259117876434198979e-01 1.850510825331718401e+00 1.338426687542811351e+02 7.328278477328575846e-01 7.998035364136368841e-01 4.701732007430370786e+00 3.025199624899055362e-01 -8.266330375719244117e-02 4.403259238777001983e-01 -6.516803461026142941e+00 4.833582345038278660e+00 1.897060432165098476e+01 1.868342168339818272e+02
1.236103111082232395e-04 -1.815120331835732031e+03 4.218840734820353267e-02 1.454389788826803975e-01 1.769452937917561641e+00 1.441256494666584160e+02 6.893336206076693395e-01 8.307521135752939934e-01 4.714265356392454365e+00 3.085633995916254868e-01 -1.272265972577601989e-01 5.835317546455039972e-01 -8.947331746368774930e+00 5.134637256843488373e+00 1.851105222946136664e+01 2.017758902560776733e+02
1.851129946212139209e-04 -1.814716499380118421e+03 1.523374682479880504e-02 1.433601567500884799e-01 1.867313027406796166e+00 1.354742777010844463e+02 7.296532661000375564e-01 8.059070431226751374e-01 4.708633974923985832e+00 2.946906193626748216e-01 -1.059440864443279562e-01 4.090139057333528894e-01 -7.852165235827726519e+00 5.023421492021395984e+00 1.908522085394015377e+01 2.068972003956093317e+02
1.378504305336557267e-04 -1.815011296539812975e+03 4.295365431465625328e-02 1.147537698931299921e-01 1.751110511048891816e+00 1.444548890320630221e+02 7.205290410981239901e-01 8.161007644959092922e-01 4.709716562619208347e+00 2.977006817615357459e-01 -1.152635663497454388e-01 4.926975717618309880e-01 -7.632198078463119373e+00 5.524243768519010445e+00 1.980059711930515221e+01 1.727283592697159804e+02
1.522771307194146822e-04 -1.814911763711281765e+03 5.059413587249961264e-02 1.498208368177224858e-01 1.830054655738009295e+00 1.363981668835369589e+02 7.197583684084494227e-01 8.021148994008910904e-01 4.700377855037073616e+00 3.086127721473066465e-01 -8.195045891379804104e-02 5.553185312216218916e-01 -6.872948824901925491e+00 5.761952411366011439e+00 1.866732302328588844e+01 1.924626019609498826e+02
1.624108794293136989e-04 -1.814847336383438233e+03 4.503390351641828326e-02 1.283214424454202918e-01 1.756388390927230425e+00 1.550176976245887204e+02 7.656279929379852245e-01 7.687125306440867334e-01 4.702420379215779711e+00 2.978845073753182415e-01 -1.016776292542940219e-01 5.285426657996658006e-01 -8.646659615777650743e+00 5.808414237777670408e+00 1.894419421566728801e+01 2.039337831828084120e+02
1.724763913885778448e-04 -1.814787205434892257e+03 3.179485685441291176e-02 1.350084578636925048e-01 1.863691220574689389e+00 1.491959816711388953e+02 7.264219694401162775e-01 7.708848627650262131e-01 4.680094671907407466e+00 3.003700430610882766e-01 -1.099184734373501726e-01 5.211669985225514390e-01 -5.207636210659558174e+00 4.666227892123342436e+00 1.931885609063044384e+01 1.915012490364507016e+02
1.886112745695926621e-04 -1.814697777651742626e+03 4.332038751416095179e-02 1.467960812758455635e-01 1.739355588364115413e+00 1.562945644145976587e+02 7.158390623183391588e-01 7.339982339460660032e-01 4.663162283626074434e+00 3.025003989511134694e-01 -1.450461593624221557e-01 5.947348767969036221e-01 -7.475771563565473343e+00 5.035069833313032817e+00 1.950177761456384218e+01 1.798265863332375716e+02
2.083118353859976057e-04 -1.814598429634885179e+03 1.713749882533560642e-02 1.275114712480842349e-01 1.767040505089796376e+00 1.403137039799838988e+02 7.290307698733199393e-01 7.482788898909398245e-01 4.688904236271966397e+00 3.057760606162116535e-01 -1.161012052981869047e-01 4.710749847327536100e-01 -8.929880918821595515e+00 5.029917205209732955e+00 1.922291837349643373e+01 1.903411913100760842e+02
1.923655405848556936e-04 -1.814678068381280355e+03 -5.525654442118832499e-03 1.138886419681068018e-01 1.861741217754415700e+00 1.508779967365449863e+02 7.780576147660887010e-01 7.831135365974568607e-01 4.713565805665566266e+00 2.971716761365770232e-01 -9.445184102525328029e-02 5.236103895415243903e-01 -8.456111510641250106e+00 5.373213801690202018e+00 1.895123896984773992e+01 1.949676948145000495e+02
1.393533799534596646e-04 -1.815000452791710131e+03 1.007734466827207853e-01 1.374975944323148791e-01 1.834803116870824979e+00 1.638771921417218493e+02 6.640354208913705758e-01 7.872584206673227669e-01 4.673424181995879501e+00 3.330476549875598380e-01 -7.706504930503310646e-02 7.299633653228757568e-01 -6.254435487370244573e+00 5.750660477497948619e+00 2.030356522672738251e+01 1.864577628490001757e+02
1.838574847100541288e-04 -1.814723304882602861e+03 6.625563222624614168e-02 1.317903226937437167e-01 1.711539029971946846e+00 1.483531123346438392e+02 6.887528024076501332e-01 7.995900049424300438e-01 4.695622061603030417e+00 3.282583551140372258e-01 -1.373941660696804679e-01 5.883265533623606158e-01 -8.347429682508504811e+00 4.778120779282857278e+00 1.903033226398531497e+01 1.820826338031917828e+02
1.532331550700925782e-04 -1.814905505149683449e+03 1.366063427202282576e-02 1.482520803126355646e-01 1.779238714120844556e+00 1.423000641694998762e+02 6.816940996088599602e-01 8.025191116899015320e-01 4.697313299107500839e+00 2.850820885808709182e-01 -1.239712045246053052e-01 4.946700594751721747e-01 -8.751877451270303254e+00 5.220985081808238171e+00 1.881208980343229697e+01 1.948706068118057999e+02
1.333738359390217241e-04 -1.815044309818627880e+03 6.839481033616925942e-02 1.357243357130118178e-01 1.716955618596912814e+00 1.643126780831050837e+02 7.383683003230966380e-01 7.797588965406161421e-01 4.696262245546738434e+00 3.025429435691628921e-01 -1.216392772414947032e-01 5.677737198573848953e-01 -9.231215027115098337e+00 4.714158303874116385e+00 1.986360483434601676e+01 1.795576250601465063e+02
1.496228593827859878e-04 -1.814929347943253788e+03 7.082117788665404090e-02 1.410153372501286306e-01 1.826931521165505501e+00 1.340757700217002650e+02 6.972425512828529515e-01 7.758731015784186003e-01 4.686757068094580703e+00 3.307558544216704366e-01 -1.056442307393199442e-01 5.010739466844356116e-01 -6.518093677934558627e+00 5.459444377334143894e+00 1.826092635806575259e+01 1.834582202940915465e+02
1.535649094395423052e-04 -1.814903342460037493e+03 5.266179305581078496e-02 1.367814992368200644e-01 1.860142340512590309e+00 1.342698373318827123e+02 7.025607412231359428e-01 7.829139759896244222e-01 4.684547561649700320e+00 3.042207460050219137e-01 -9.046944838764403585e-02 5.130870954143520457e-01 -6.497105810729209452e+00 4.885507174023917543e+00 1.987071483893510049e+01 1.952963232010970103e+02
1.539816520001266334e-04 -1.814900632348022555e+03 6.297630466616779832e-02 1.413454464260111842e-01 1.838288454274514372e+00 1.370513904929910325e+02 6.933162333283763301e-01 7.787583555196768703e-01 4.685955866481160470e+00 3.171787084389579014e-01 -9.930228544830410620e-02 4.324863432735618907e-01 -8.000322258586095359e+00 5.008416241159441284e+00 1.923231148240267530e+01 1.831495093556225697e+02
1.690607197760300761e-04 -1.814807207861471852e+03 5.950543329484367372e-02 1.071639349938291741e-01 1.799687807328147038e+00 1.517723113582930239e+02 7.638946083566608980e-01 7.621686159967233642e-01 4.697425068175240526e+00 3.183575132840195110e-01 -1.016853559463979373e-01 5.005205648424033704e-01 -5.408542234290223405e+00 5.148091504680096797e+00 1.952871526026789439e+01 1.944987140399421151e+02
1.952900402396365559e-04 -1.814662979961136443e+03 9.993643216027470189e-04 1.305544279657255002e-01 1.780951622513733845e+00 1.486309685191615415e+02 7.476272365343131776e-01 7.604174298657706554e-01 4.690182730365881625e+00 2.771066793676761897e-01 -1.291450161433260746e-01 5.141206932843916944e-01 -5.714040844180942713e+00 5.415884939124704367e+00 1.862386649070169042e+01 1.858321039290107137e+02
1.443418122772595390e-04 -1.814965281617302935e+03 5.367081557824318616e-02 1.364416654713285493e-01 1.837363756713792817e+00 1.317254603784177505e+02 7.444458973287439996e-01 7.613152006908037173e-01 4.695730610899797597e+00 3.337528313009765490e-01 -9.947750452527182041e-02 3.978978031171572782e-01 -5.120332641622923120e+00 5.286856022458263915e+00 1.884474167671456968e+01 1.947520926377128774e+02
2.160146594494447264e-04 -1.814562119527279037e+03 2.809618435762181732e-02 1.432837343050981371e-01 1.867256685120735504e+00 1.290919698488700931e+02 7.329611553434094429e-01 7.933721111210865207e-01 4.701876240661919226e+00 3.104906753350378246e-01 -9.253300495700056416e-02 4.235770197353092015e-01 -7.643953970861787184e+00 5.277464104789020283e+00 2.006988634421569273e+01 1.889127019158948144e+02
1.151230490698725299e-04 -1.815191464252239939e+03 1.019302726181958441e-01 1.396134183903300074e-01 1.833117846372847026e+00 1.379034238737742726e+02 6.580478133135527763e-01 8.378780685286078000e-01 4.701290064877562180e+00 2.754815688470173551e-01 -8.469461117327492516e-02 5.955843486613255910e-01 -7.264180707051423269e+00 5.295553969280053508e+00 1.987176091493692098e+01 1.775901713678144063e+02
1.243020355284577428e-04 -1.815114751426166322e+03 2.348914460696954754e-02 1.175900600327344503e-01 1.839674385904201515e+00 1.398206963890845600e+02 7.337578685092210895e-01 7.924542340079954172e-01 4.704984435231478912e+00 2.711892011052809970e-01 -9.442882735360935698e-02 4.707825655829608325e-01 -8.375027007533418555e+00 4.659693780451501510e+00 1.933476452644566734e+01 1.939337052512624098e+02
1.331635074045976394e-04 -1.815045888048345660e+03 8.124417561058766557e-02 1.410174626706214018e-01 1.774595711321054203e+00 1.390290386755193879e+02 6.573545344601677831e-01 8.041519805453118952e-01 4.695276765611868797e+00 3.122685407846930161e-01 -1.268704076768836231e-01 5.937360312036649157e-01 -8.689822518784325212e+00 5.406728567729945922e+00 1.851753179294357565e+01 1.984625668384729522e+02
1.326321851830059332e-04 -1.815049886028328956e+03 5.188172461127615875e-02 1.244258144124922028e-01 1.771903833485329649e+00 1.671951448501633308e+02 6.815635202394424441e-01 7.567838271523807947e-01 4.670254402752692435e+00 3.130020803968709409e-01 -1.242939789599395439e-01 6.695352874991929992e-01 -1.110859450818577443e+01 5.282678507447569061e+00 1.937028336385748872e+01 1.931238630234235529e+02
1.362496275598808681e-04 -1.815022977100447633e+03 3.172606632529426096e-02 1.375703403378515655e-01 1.796063797493924419e+00 1.344652566068529893e+02 7.297349086137782104e-01 7.775474869802219136e-01 4.700607666293506348e+00 3.127117701427826191e-01 -1.364983747043799767e-01 4.704645438506082633e-01 -9.307131326480600819e+00 5.161799132938238444e+00 1.916308414273459704e+01 1.874553802927181323e+02
2.412854263695828332e-04 -1.814451485225988108e+03 1.472345412711571766e-01 1.466747263046049021e-01 1.725481140887370479e+00 1.542048259842806317e+02 5.679892041859053720e-01 8.910440494286788748e-01 4.701429407296151552e+00 3.034531691448982826e-01 -9.344806021079832270e-02 9.743572883336495405e-01 -8.162830882799340770e+00 4.932518847777456195e+00 1.883671460180902457e+01 1.675707580056905499e+02
1.510106670093512137e-04 -1.814920115323715891e+03 6.495350326746826553e-02 1.479418329223232964e-01 1.757348731355023119e+00 1.528933615095945697e+02 6.734984105353390982e-01 8.278941176540666191e-01 4.698608607264604942e+00 2.526464938906014535e-01 -1.167873735160329662e-01 7.035217996532381335e-01 -6.417787608819708112e+00 5.167527201841881634e+00 1.991719124756819070e+01 1.797815933691622092e+02
1.541274527502815167e-04 -1.814899685925091262e+03 8.211556827991334240e-02 1.421514437031076994e-01 1.869502719396022528e+00 1.590559700032099784e+02 6.352511032380977474e-01 8.673694657819526199e-01 4.701560390499225583e+00 3.017053369571602861e-01 -6.585651519386503949e-02 7.142400557292619689e-01 -5.564141040191884713e+00 5.581740700692505719e+00 1.918432340651388301e+01 1.616245863056945495e+02
1.370808279757610684e-04 -1.815016895063401989e+03 -1.427415309023355450e-02 1.389024246007437846e-01 1.800252577354656935e+00 1.369393164469124997e+02 7.981444847745750026e-01 7.283637961823017370e-01 4.683677982624394609e+00 3.180361753698648375e-01 -1.364101979150682542e-01 3.139316906761856485e-01 -9.138599968612027169e+00 5.499591980108298195e+00 1.938457773471591139e+01 1.947337049554838018e+02
1.422467439630704900e-04 -1.814979902617276366e+03 1.116837347315175755e-01 1.440336452556224833e-01 1.807076267223756361e+00 1.501064319623875178e+02 6.111866489662931556e-01 9.055006235890361577e-01 4.708966772934378042e+00 2.754122483601872950e-01 -8.546580070791343076e-02 7.670391809348297008e-01 -5.081746230254736929e+00 5.686424714945514935e+00 1.932856377629699196e+01 1.728016201650255255e+02
1.586356572451180997e-04 -1.814870855691549650e+03 8.289442778496955433e-02 1.428678676000616210e-01 1.787285141091725649e+00 1.332900806284332589e+02 6.648018822227299562e-01 8.101686106303120916e-01 4.688142378475299132e+00 2.750147877381501349e-01 -9.388206542827637335e-02 5.954352005347830490e-01 -7.643413143977312529e+00 5.496291831258104388e+00 1.885611336787729186e+01 1.835550393686251596e+02
1.211853778093716235e-04 -1.815140144379261983e+03 1.157223997362841206e-02 1.257483661248254558e-01 1.849997589421801258e+00 1.558019290526671625e+02 7.901237400394235388e-01 7.795872340648948295e-01 4.697369069394468966e+00 3.126986720853546231e-01 -9.422457076596302272e-02 4.593443920365001265e-01 -8.669874483089870409e+00 5.855149483532051669e+00 1.956775086385453832e+01 1.803846408557877510e+02
1.401307036739040865e-04 -1.814994890215732994e+03 5.845473485255178736e-02 1.281996722053352633e-01 1.860814264689248709e+00 1.372738100416779332e+02 6.774571484320724979e-01 8.231111963852926205e-01 4.698710089188278261e+00 3.022701092414381563e-01 -7.551447657678767023e-02 5.592568180936365874e-01 -6.917082922518176247e+00 4.726456397398215437e+00 1.851978247163943436e+01 1.946905479173041158e+02
1.405556438922451849e-04 -1.814991862348174209e+03 6.281173900394981802e-02 1.386696708080371876e-01 1.745225461060616823e+00 1.601142651172923479e+02 6.609960456175656418e-01 8.110221769402052860e-01 4.696750191481982029e+00 2.803601523396810347e-01 -1.166811780538932197e-01 7.961975049667187054e-01 -1.127475083456150173e+01 5.412538648697728938e+00 1.951455243777544624e+01 1.657122111114208565e+02
1.419444658275866228e-04 -1.814982029905095715e+03 1.285158050167251043e-02 1.243345334656638379e-01 1.823726453122559654e+00 1.574969401833444351e+02 7.338586459887425084e-01 7.701006736510525030e-01 4.707895693099357182e+00 3.199659764409972240e-01 -9.951531878276442811e-02 5.143304293683896855e-01 -5.245599548947410540e+00 5.002215019342171054e+00 1.906465285832869938e+01 1.932499046479572087e+02
1.184260532373324103e-04 -1.815163177058003839e+03 9.813080887469380342e-02 1.333626883549927367e-01 1.698391569590556038e+00 1.715234236496968947e+02 6.821869111856012635e-01 8.025019841774192475e-01 4.687403061523072623e+00 3.072566542806955958e-01 -1.071784592904481137e-01 7.068246832945360714e-01 -1.009397282107534011e+01 4.873901335925578948e+00 1.903313544120055667e+01 1.954838976603735432e+02
1.240158727621451583e-04 -1.815117056236922508e+03 9.369834100809412702e-02 1.417604333257012350e-01 1.804698467633826908e+00 1.641786938017070270e+02 6.674164962234355736e-01 7.823976122080853468e-01 4.676195419628593086e+00 3.040307429539756967e-01 -1.056873236597559718e-01 6.810948679241042303e-01 -9.043430842832549388e+00 4.348772764712349748e+00 1.949134871626723253e+01 1.878154467245502985e+02
1.594324113529532066e-04 -1.814865845721338701e+03 5.250374086709327925e-02 1.357971819908312117e-01 1.848534889726364483e+00 1.567905327722376683e+02 6.999057555034905453e-01 8.487797956379488085e-01 4.722510803873174012e+00 2.717593059844756187e-01 -8.420613977330981825e-02 5.453721658362654656e-01 -8.728089645938894137e+00 5.284781609238731193e+00 1.948884621790070071e+01 1.952889790085284858e+02
1.246801729647049016e-04 -1.815111713958314567e+03 3.376605311586095004e-03 1.423684755084137221e-01 1.805442065473141788e+00 1.555429278584556698e+02 7.670729553334367790e-01 7.473618807486348548e-01 4.695635987041883119e+00 2.772772908747396237e-01 -1.327009703595507517e-01 4.713671614371603424e-01 -6.603624754169658218e+00 5.103943286413059610e+00 1.930455069970449244e+01 2.080073785023949142e+02
1.482351446103877984e-04 -1.814938665972613762e+03 7.786667451421552810e-02 1.293056726689353064e-01 1.747657563492922783e+00 1.369670501834892207e+02 6.871253451689204317e-01 8.245452339813430509e-01 4.701424971344364323e+00 3.041739456119993967e-01 -1.104469665967848790e-01 5.055524029468430047e-01 -7.442433995690294068e+00 5.390169269650968431e+00 1.866928431961423129e+01 2.033026985782742031e+02
2.001697546670126520e-04 -1.814638300020603083e+03 5.049182398017423856e-02 1.465392128429506002e-01 1.826124419997274373e+00 1.405892812877196434e+02 7.647147742339301946e-01 7.747532515522310703e-01 4.704471568076188603e+00 3.012222957259174105e-01 -8.871249377939904868e-02 4.678015627005576715e-01 -5.277348259667803632e+00 5.173209611537887831e+00 1.885855914210132767e+01 1.954383126613716968e+02
1.829692475502003662e-04 -1.814728147707935477e+03 5.051542213828652539e-02 1.425100570408098510e-01 1.716033288743468610e+00 1.431086856055080432e+02 7.112604890370362032e-01 7.885022660030749364e-01 4.689455679685417877e+00 2.996645814884240089e-01 -1.304016444101221417e-01 5.137416519092604661e-01 -1.148634745335900220e+01 5.247077146191880814e+00 1.888288087089140532e+01 1.874416166706597267e+02
1.215668978282092205e-04 -1.815137001089816295e+03 1.371407253710389684e-01 1.407290394797689748e-01 1.704269302309364242e+00 1.444877083297893705e+02 5.979212384756444898e-01 8.782529026986225507e-01 4.700199338440492980e+00 2.891981754796177917e-01 -8.737254496693380723e-02 7.661407606990602304e-01 -8.846235551874968905e+00 5.458285853191080506e+00 1.910849438951023416e+01 1.874307475496202926e+02
1.921952541647990286e-04 -1.814678953996421114e+03 1.082000636696079654e-01 1.401688524271193226e-01 1.743129854548687518e+00 1.492169299218173819e+02 6.376064062868969096e-01 8.668225328376977235e-01 4.712286130637574288e+00 2.846227319077243578e-01 -8.730258586935768506e-02 6.898052748741079210e-01 -9.310917304840245379e+00 4.799617406226253102e+00 1.819320005232161108e+01 1.844819636801683487e+02
1.925908989300879166e-04 -1.814676897555972118e+03 1.890759743735878629e-02 1.165052700580417044e-01 1.812280983441103999e+00 1.650547698127006981e+02 7.137423603227935898e-01 8.235347568240638516e-01 4.702668649508473742e+00 2.759585222620561940e-01 -1.104960547272659799e-01 5.586262688752455796e-01 -6.886608020997982749e+00 5.076954653488008340e+00 1.843421351313700995e+01 1.971241299927785064e+02
1.773260879606845016e-04 -1.814759475458007500e+03 3.072964076188144933e-02 1.266876909200984336e-01 1.860369284491665276e+00 1.494645093669024618e+02 7.080165290715909610e-01 8.054057867941992743e-01 4.711546818517870605e+00 3.014682557538892471e-01 -9.006969813795406843e-02 4.965417670857207311e-01 -7.836591728288112790e+00 5.369848962793022373e+00 1.874220765522727206e+01 1.817111951712027178e+02
2.185492746248893280e-04 -1.814550454298213026e+03 5.621306050082436334e-02 1.493472783379416191e-01 1.771565024576485570e+00 1.353906189748611553e+02 6.924990850090170236e-01 8.032809967726532996e-01 4.704740142892785748e+00 2.867709106285241116e-01 -1.020541935903935826e-01 4.783490662075114419e-01 -7.752327849532065329e+00 5.766053905753576458e+00 1.933968651437844954e+01 1.959265954838320738e+02
1.729883975852392855e-04 -1.814784241274214310e+03 -1.943808811593450425e-03 1.190390109553970122e-01 1.856187098975157213e+00 1.523404643642059852e+02 8.014314032647172903e-01 7.564971859295144263e-01 4.704147405074949440e+00 3.094582041065094824e-01 -1.256520283943585170e-01 4.257922098513653997e-01 -5.092829515158996401e+00 4.633492911692127514e+00 1.932125233776205064e+01 1.908266686732309552e+02
1.186620656777358836e-04 -1.815161186131428167e+03 6.520270383276544068e-03 1.245519748179584607e-01 1.796822524770163021e+00 1.590137922623133306e+02 7.054060912777138093e-01 7.808872298250160160e-01 4.682453620210610623e+00 3.166635038893341747e-01 -1.068262170266536248e-01 6.369405936181612438e-01 -6.010579554248920431e+00 5.694212968667011765e+00 1.980228958963026287e+01 1.880279791797634346e+02
1.199258962939997274e-04 -1.815150591779333809e+03 2.649766533782951794e-02 1.491948397389971370e-01 1.894125765857467947e+00 1.339492162592753743e+02 6.997510851958202993e-01 8.126714346557513124e-01 4.699736468576064752e+00 3.066677163757380864e-01 -7.148190052287595186e-02 4.869344880642981210e-01 -5.843494079204560876e+00 4.443288950895407652e+00 1.925199539627175938e+01 1.982305145518297138e+02
1.800163455848800950e-04 -1.814744418144909559e+03 9.955680751558082520e-02 1.409959004367477842e-01 1.812859200163163820e+00 1.380732070673599878e+02 6.453268272704938413e-01 8.433381217772144556e-01 4.713205521753103255e+00 2.954177076759685328e-01 -8.367726048283996576e-02 6.451330896259592773e-01 -9.547030073285242224e+00 5.412624582038061405e+00 1.883052749518476787e+01 1.951931372507670233e+02
1.474144565324474610e-04 -1.814944217748653500e+03 5.141479685618993711e-02 1.361503449853993797e-01 1.732911814534127792e+00 1.477871529877024273e+02 7.112086461470297216e-01 8.133851645162752941e-01 4.710699603052232121e+00 3.145085840893662166e-01 -1.111983329632360018e-01 5.865040028041282882e-01 -7.265197054375903463e+00 4.892039232724076925e+00 1.861395970869783412e+01 1.754558874883884698e+02
1.900830224069479768e-04 -1.814690004863723971e+03 4.285640002787649561e-02 1.123339961991145775e-01 1.812070011863557539e+00 1.582893688000695818e+02 7.143957239033452700e-01 8.119389718667542333e-01 4.709965416899882129e+00 2.970955565292230371e-01 -1.178117013199955210e-01 6.795793231902074183e-01 -6.234978378612169081e+00 5.112837196778352578e+00 1.835384325499989089e+01 1.908948432143682226e+02
1.413797037094747687e-04 -1.814986016595444426e+03 2.140588072395760433e-02 1.233209759720546861e-01 1.812210620473090117e+00 1.528876904677399011e+02 8.041089948925552733e-01 7.370289955356117417e-01 4.697493823708209781e+00 3.056991509309465727e-01 -9.066894572792927320e-02 4.470964084708575204e-01 -6.340760319736546080e+00 5.051927875742934226e+00 1.838330091682149714e+01 1.880986026563637949e+02
1.505676892939046118e-04 -1.814923053054655611e+03 1.429969003823697293e-02 1.364119696466601084e-01 1.738959179983880610e+00 1.629398589843095522e+02 7.268628802978795989e-01 8.009015739695228842e-01 4.707469369237950119e+00 2.624322008823820607e-01 -1.403354446293980651e-01 5.586192660802956622e-01 -9.387840590822406739e+00 5.800149124810749512e+00 1.953195764809734314e+01 1.819039250005921531e+02
2.056571958212240225e-04 -1.814611255115796439e+03 -1.769076697522714570e-02 1.128235964547343040e-01 1.786548946451736342e+00 1.627382800021805451e+02 7.880390876456688787e-01 7.803951562997002434e-01 4.708637857084781331e+00 3.143725454516337336e-01 -1.344573356487166471e-01 4.765732288366609226e-01 -6.875177998406400093e+00 4.657360042726321758e+00 1.961527733790324746e+01 1.987869276236637859e+02
1.827325442239436726e-04 -1.814729442223656406e+03 8.705367467246843960e-03 1.495276209609447127e-01 1.765291992798816878e+00 1.405894460010329965e+02 7.611109732833497565e-01 7.458490596501305969e-01 4.688804419632949028e+00 3.163163728093043581e-01 -1.068036426669634054e-01 4.390094705166857070e-01 -8.606329259663169751e+00 5.041286217072338260e+00 1.940156816883042978e+01 1.916726346743553506e+02
1.364843004759101611e-04 -1.815021256207299984e+03 1.375276238670747608e-01 1.420605639160407996e-01 1.715316235218176999e+00 1.631877486915347504e+02 6.213881397293672393e-01 8.117643445769191501e-01 4.679516276576308087e+00 3.087325756421845924e-01 -1.107042322883553531e-01 8.422999507282262766e-01 -1.272213049077734581e+01 5.606082607952478369e+00 1.950840571485523611e+01 1.768696787892769464e+02
1.911635724063002280e-04 -1.814684336338903449e+03 4.060944349949446863e-02 1.432130185538541822e-01 1.803116728713800576e+00 1.291802767973356936e+02 7.510504509664592820e-01 7.625982299255276153e-01 4.688266200458928168e+00 2.971035997633713066e-01 -1.199846735441056911e-01 3.534800633342322085e-01 -7.945272527658914896e+00 5.532396306991760326e+00 1.937824421689293786e+01 1.938502302802025383e+02
1.304463286779670766e-04 -1.815066503932813930e+03 7.622551262087745583e-03 1.472277884320789820e-01 1.870621486004097278e+00 1.375175544333719984e+02 7.968082293624406676e-01 7.597072589518805152e-01 4.700701801819283432e+00 3.367878184887227455e-01 -9.677050970069589475e-02 3.974052805328387450e-01 -5.805257340787051135e+00 5.402010232503751119e+00 1.846865969174238487e+01 1.943777457511637294e+02
1.633241527950595471e-04 -1.814841728907002107e+03 3.147623274263680604e-02 1.439709723464059066e-01 1.838648221665701854e+00 1.409392027098105586e+02 7.710040394112016582e-01 7.840879417037764920e-01 4.713617714340628595e+00 3.189034657646681037e-01 -1.015215683241672551e-01 3.930263025750375117e-01 -8.259871076907302268e+00 4.619894747876496233e+00 1.919773551548120594e+01 2.064422649846754325e+02
1.536356033462096652e-04 -1.814902882214009423e+03 4.675989767226532146e-02 1.486812779548842556e-01 1.798614795570236069e+00 1.388825879317735712e+02 7.126131192612428222e-01 8.046076604250447240e-01 4.714413232300844747e+00 3.100607883679815657e-01 -9.026878440008534454e-02 5.114964735843229304e-01 -7.562791705389741992e+00 5.569821648885531218e+00 1.937298599365189133e+01 1.786900983137540493e+02
1.295834681050929459e-04 -1.815073140585617693e+03 1.070919465585622732e-01 1.314408789454392934e-01 1.771443018970004779e+00 1.538198141085636053e+02 7.046134935312609038e-01 7.624233464017575734e-01 4.684680118450600617e+00 3.393074481017113175e-01 -1.124740038024665267e-01 6.261293610721453406e-01 -6.732515386846785077e+00 5.299233886502441315e+00 1.907097088855602607e+01 1.978788379623677258e+02
1.808641293955732306e-04 -1.814739719717429807e+03 9.385744953705307814e-02 1.400727675746802625e-01 1.765849441340842318e+00 1.401351300018327777e+02 6.285429153640155198e-01 8.154637809847242735e-01 4.685155518663401075e+00 2.773293291082006284e-01 -1.003288259987713538e-01 6.321094409390327629e-01 -8.696001756399141414e+00 4.783439812165668492e+00 1.847580366878220914e+01 1.959671270043697007e+02
1.893743748922526240e-04 -1.814693739925122600e+03 3.176486729306818302e-02 1.214669985896316973e-01 1.737143729728408914e+00 1.383586576687130787e+02 7.600708429666029886e-01 7.730713243372908661e-01 4.691808515894024367e+00 2.929211744314257349e-01 -1.168564018764710610e-01 4.316275242882073870e-01 -7.541849119828356152e+00 5.185622231304920504e+00 1.890858786822324689e+01 1.764603059730668235e+02
1.548472846221831658e-04 -1.814895026429752761e+03 4.449515702508918813e-02 1.469504297574406315e-01 1.768810318887921618e+00 1.314034782093349349e+02 6.881495345056104496e-01 7.998927173097727383e-01 4.692761697643891061e+00 2.923405290576790438e-01 -9.886540124902021276e-02 5.367651271444027206e-01 -8.907557215540464313e+00 4.856899387731261619e+00 1.935047408352563636e+01 1.932342839100653578e+02
1.644163372253143159e-04 -1.814835063947947219e+03 2.876357126017575760e-02 1.486223522020439780e-01 1.825279928213658032e+00 1.484274893768576362e+02 7.303451619753498214e-01 7.568737023850959922e-01 4.698685234124281074e+00 3.271380625737752013e-01 -9.253951133143578645e-02 5.627712620536724497e-01 -7.420367193048861054e+00 5.699701640581533724e+00 1.956198590066460241e+01 1.873515238113497787e+02
1.437183254473305518e-04 -1.814969610489798015e+03 6.386022336688529366e-02 1.408388196830551997e-01 1.822719975751615706e+00 1.363932193830697486e+02 6.882693602463616500e-01 8.281443532920613748e-01 4.706053020329074243e+00 3.111875500657401705e-01 -1.069895471333526249e-01 4.486824103841555167e-01 -8.139612111071386380e+00 4.856906386287107580e+00 1.866453858105443686e+01 1.908746266718933668e+02
1.562172381913232990e-04 -1.814886218209425806e+03 8.873303110730695886e-02 1.431746153711721259e-01 1.747852569830234515e+00 1.436498967042571735e+02 7.061389448291469639e-01 7.816728420706251512e-01 4.685115635129773359e+00 2.935778396646693267e-01 -1.137701716619476944e-01 5.640896574594065349e-01 -8.084112887857799024e+00 5.929616798488135387e+00 1.947930906463635381e+01 1.863840017433546734e+02
1.710717878826238235e-04 -1.814795382519896521e+03 6.121984827808354956e-02 1.357935704194824511e-01 1.811210182101171462e+00 1.506019889323393102e+02 7.680766290298115528e-01 7.476716461980028594e-01 4.685970668685459195e+00 3.438933985274763572e-01 -1.196358329452866798e-01 5.376061255476736189e-01 -6.945175471997941941e+00 5.620660792782228299e+00 1.964876970610285412e+01 1.821722594649701819e+02
2.115602609129789804e-04 -1.814582955921003531e+03 1.221674996772350308e-01 1.496818019417817391e-01 1.700118641393665975e+00 1.654621107538127092e+02 6.212415116634065759e-01 8.590690971667591658e-01 4.701628622560516391e+00 2.795355444122680222e-01 -9.992070770353533860e-02 8.940062840810036882e-01 -8.788050660785302171e+00 4.714194877696864516e+00 1.839634334517603520e+01 1.646506795578584956e+02
2.109376549070259249e-04 -1.814585903185041161e+03 1.020324613053950891e-01 1.439736339843820379e-01 1.734583936433288009e+00 1.652219652906250360e+02 6.502340332311031812e-01 7.838686012929569902e-01 4.669241207899203161e+00 3.255623226763331157e-01 -1.139745060145860300e-01 7.523772757430375879e-01 -9.638059051507383401e+00 5.436205446037067901e+00 1.952918752763954657e+01 1.598607703633801975e+02
1.203509690802705227e-04 -1.815147053584101741e+03 1.171766984625341457e-02 1.417175729082019997e-01 1.852768790817213684e+00 1.396713001737555828e+02 7.270125831525872107e-01 7.898248611581761836e-01 4.702484170408920860e+00 3.061554465665998759e-01 -9.571243072221857773e-02 5.214062021945783387e-01 -6.197202797884330039e+00 4.578034527170204981e+00 1.854918433836472147e+01 1.751595306606548093e+02
1.533138249292618908e-04 -1.814904978836483224e+03 1.459311122617523715e-02 1.341028600862987641e-01 1.832799252333641604e+00 1.414836119262111254e+02 7.343903267232072540e-01 7.804500466439583395e-01 4.699351732558617378e+00 3.209544480971198155e-01 -9.858666639351021388e-02 5.472358330036537488e-01 -6.441462042007088939e+00 5.297039409691173262e+00 1.888678330693849361e+01 1.726036400816876153e+02
1.218108666988729357e-04 -1.815134996231625109e+03 5.062152755666957105e-02 1.362543014005998254e-01 1.859641104267542033e+00 1.515702583183619083e+02 7.175303104124236553e-01 8.065053585409511783e-01 4.710821255089896020e+00 3.019223063475946489e-01 -1.067156364919958911e-01 5.200877420726495171e-01 -5.814351465993382817e+00 5.620091497172019501e+00 1.930366596075639052e+01 2.093654089566309153e+02
1.829987153495001202e-04 -1.814727986667613095e+03 3.962332585630395920e-02 1.479259810173078338e-01 1.903482623593511391e+00 1.431922420410386678e+02 7.433285259933263278e-01 8.151017811525109735e-01 4.719903585374327193e+00 3.183037479807508952e-01 -8.341132100332715460e-02 4.492763041845982408e-01 -4.625536319143321862e+00 4.833142313130478485e+00 1.926562975009771250e+01 1.998561608746605032e+02
1.876765836252086640e-04 -1.814702745618932795e+03 5.683738523443560009e-02 1.151634735842305413e-01 1.742213395878227544e+00 1.513096660676625618e+02 6.796134916229910061e-01 8.274422735806654661e-01 4.698659557428170430e+00 2.751861939160873405e-01 -8.993906746607471803e-02 6.597705400891065164e-01 -8.832532248028115873e+00 5.394535990233761957e+00 1.963961409837933303e+01 1.915566737421071650e+02
1.650695047513026591e-04 -1.814831099174361270e+03 1.178720126473976337e-01 1.490996286237352420e-01 1.812294488437439455e+00 1.643673778247503776e+02 6.336612997314252649e-01 8.328197576533118429e-01 4.696222562335263362e+00 3.198135757028757187e-01 -1.196342110604184938e-01 7.912730617850892711e-01 -8.679910437433505876e+00 5.036241632968119220e+00 1.973293709128665085e+01 1.741486097665430179e+02
1.963657644175124646e-04 -1.814657486735349266e+03 1.271559664642621101e-01 1.456615439055546080e-01 1.766641883722090967e+00 1.517008664481548408e+02 5.976927020240920818e-01 9.027251479195299577e-01 4.715173644542218767e+00 3.056911799664367990e-01 -8.860335154798892887e-02 7.742374917658904065e-01 -9.157398692580585475e+00 5.392229118912572616e+00 1.998961329795168140e+01 2.069844938430338459e+02
1.863229543104515942e-04 -1.814709984318921215e+03 3.679876518897623461e-02 1.449644176857867450e-01 1.863303772129261127e+00 1.472892011329103354e+02 7.034495882435463088e-01 7.972539521240211702e-01 4.690694344211793876e+00 2.802000656910588194e-01 -1.038787304895822938e-01 6.078371984670156714e-01 -6.741264292880572384e+00 5.326431988168622844e+00 1.842610541214839515e+01 1.820314954879014238e+02
1.304334237407633467e-04 -1.815066602866802441e+03 6.213173730462037692e-02 1.322980015136808463e-01 1.851618836112665534e+00 1.565880049227038455e+02 7.200951695750186232e-01 7.723267318345410359e-01 4.690157876713994867e+00 3.161514565300447277e-01 -6.289557449793958810e-02 5.594886207956841773e-01 -5.652086953100706523e+00 4.794266559057569488e+00 1.868994202635420976e+01 2.019803038591000472e+02
1.396327215514186245e-04 -1.814998450242552281e+03 2.006835501925435805e-02 1.362277526576551046e-01 1.823341419070142244e+00 1.240568295424897798e+02 7.141359830085918237e-01 7.824671470438748777e-01 4.690237168741594687e+00 3.095494735198487390e-01 -1.081312787632369155e-01 3.465191810991050114e-01 -7.860395733251579031e+00 5.343044710196087621e+00 1.903457965801724683e+01 1.872398154160426316e+02
1.667728975658706490e-04 -1.814820832808376281e+03 5.525948165111649324e-02 1.253832455698578874e-01 1.702234284111843188e+00 1.564213414672941553e+02 7.014200332244011626e-01 7.920956599609401128e-01 4.685892971386584449e+00 2.836606937810184359e-01 -1.342290714635314686e-01 6.696216128396453859e-01 -9.020930371388828917e+00 5.852818633051981578e+00 1.983307317547522430e+01 1.890555159467321005e+02
1.483470203905725392e-04 -1.814937911538944491e+03 1.355628671234468396e-02 1.486556803899934109e-01 1.837722297573959551e+00 1.483374671231801756e+02 7.403672255603510610e-01 7.707780455280006660e-01 4.687135304436175431e+00 3.287643046502957134e-01 -9.316178209399161858e-02 4.510588432614263676e-01 -7.123878113755466757e+00 4.424168722660937192e+00 1.984399911618217516e+01 1.803985255939228978e+02
1.907343793501111860e-04 -1.814686584024364493e+03 6.055972536397960515e-02 1.304947583955028689e-01 1.738065516120399501e+00 1.543761618679141066e+02 6.982030735434060498e-01 8.159083801987017104e-01 4.689818382941154162e+00 2.699692170833734028e-01 -1.158273676650845019e-01 6.024444883314726829e-01 -9.690572944633430552e+00 5.659477848253380294e+00 1.883525179073941658e+01 1.840577268938001794e+02
2.117024621989607724e-04 -1.814582283991804161e+03 5.251436375702964177e-02 1.325205171015680083e-01 1.839630814369325407e+00 1.587470429761121409e+02 6.926833970568891941e-01 7.784028796204796041e-01 4.677491702534070761e+00 3.364470948132165518e-01 -9.847152701475869740e-02 5.961697821917111284e-01 -7.789366326987050115e+00 5.745690012613269282e+00 1.976734002748092678e+01 2.012387266153646692e+02
1.159255882906733224e-04 -1.815184517295464730e+03 7.300192271112995734e-02 1.188108511102185794e-01 1.757594608371892519e+00 1.392182761795209842e+02 6.681184596106286566e-01 8.137509580478807791e-01 4.687814595448770660e+00 2.853778165796148070e-01 -1.176605604001226268e-01 5.599829994071920947e-01 -8.240497180554910983e+00 4.696666797280202310e+00 1.952835472164549202e+01 1.924299009577539152e+02
2.128467588665993761e-04 -1.814576893335635759e+03 5.440433005832917557e-02 1.497562019864651373e-01 1.806453778590355164e+00 1.473551225340241615e+02 6.414471694108464517e-01 8.414083698912142584e-01 4.711294576877019580e+00 2.824484134925275836e-01 -1.005675454042131989e-01 6.838642483143246853e-01 -8.067712277850489500e+00 5.055445269034786193e+00 2.007358192125852270e+01 1.812045238650401586e+02
1.444432229990704484e-04 -1.814964579290564416e+03 7.194350031417554026e-02 1.490970735326943297e-01 1.828769719024587737e+00 1.255660070959195309e+02 6.531571499951174253e-01 8.143180313829823103e-01 4.685650531727212353e+00 3.211262758742590151e-01 -8.902118712009965407e-02 4.239371898919038761e-01 -7.089407016470204326e+00 5.160727745921578347e+00 1.897834984578439332e+01 1.851469540226368053e+02
1.715279582745863772e-04 -1.814792719525153188e+03 2.253151950028745021e-02 1.420920702976075922e-01 1.756334772270844446e+00 1.419918643492219417e+02 7.269439125028266391e-01 8.174811509734170034e-01 4.709374456165588363e+00 2.992462466823353484e-01 -1.218411615465033737e-01 4.838508822850794977e-01 -9.366818785929638125e+00 5.478131798471452818e+00 1.974617613289053608e+01 1.829898546233719117e+02
1.879926095442322257e-04 -1.814701063149359470e+03 1.174206452839079706e-01 1.467915556876615291e-01 1.748921365872686096e+00 1.731608575356080735e+02 5.523980356251823043e-01 9.042558066970025621e-01 4.704015036874030109e+00 2.642147746535017383e-01 -9.151879782144733966e-02 8.465682644913345989e-01 -7.707693825153825173e+00 5.818819551985487948e+00 1.885680630947816994e+01 1.653940218263535371e+02
1.532612055923606223e-04 -1.814905322108649443e+03 5.877575797760464793e-03 1.376854159525693622e-01 1.871796825257466601e+00 1.571518729580523939e+02 7.889736573592232016e-01 7.722669533179080670e-01 4.715472497992495349e+00 3.196595852864840825e-01 -1.084033907695269860e-01 4.934362978599028393e-01 -8.968571279139467833e+00 5.615026342732809539e+00 1.857840637291430141e+01 1.947215243511045628e+02
1.956035789167823277e-04 -1.814661375745927899e+03 5.978072832071532061e-02 1.436210248789322741e-01 1.748529142935153047e+00 1.433718491005610645e+02 7.042601982880666300e-01 7.808606333994103643e-01 4.689718631141701621e+00 3.253462079432791754e-01 -1.377044918366985282e-01 6.354876378368473633e-01 -7.654247189386808259e+00 5.505969901883345230e+00 1.865481708849603493e+01 1.869521127482575196e+02
2.259686332863838389e-04 -1.814517069601610046e+03 1.125643266224204686e-01 1.418149458041982613e-01 1.802300939366971555e+00 1.469246348527407804e+02 6.660467206662553652e-01 8.186675156201845827e-01 4.699804382885668375e+00 3.049171564262800338e-01 -8.451853410034515512e-02 6.860506866083455613e-01 -5.209089623782688250e+00 5.085941794612858224e+00 1.988887668456340663e+01 1.732006380630199942e+02
1.334158598661843137e-04 -1.815043994784515462e+03 6.333422028554730465e-02 1.379338494593989883e-01 1.770687809202342144e+00 1.315639993621547887e+02 7.222597044120360188e-01 7.834897664886848467e-01 4.701417423544626217e+00 2.957144794487263084e-01 -1.070630987590983629e-01 4.154544949093781914e-01 -8.842942215981764775e+00 4.814440048976242892e+00 1.967754843212499338e+01 1.939681537938529061e+02
1.843184469607167758e-04 -1.814720800848787121e+03 5.982388921105019630e-02 1.437898281229410269e-01 1.787362942624703521e+00 1.434183305863746227e+02 6.877872827799226263e-01 7.976044351836106827e-01 4.693144141195345398e+00 2.844497965061714151e-01 -1.169350166431719629e-01 4.995928362498183728e-01 -9.146149993864440830e+00 5.650597055106842959e+00 1.964649122164008332e+01 1.779757141244607794e+02
1.437595469483104039e-04 -1.814969323709456148e+03 5.722509311869392046e-02 1.377758288429693223e-01 1.779525267352472184e+00 1.598635376258228291e+02 6.519756681253993102e-01 8.054268295456530335e-01 4.690432494641680883e+00 3.374632835149316001e-01 -9.736632070765471880e-02 7.489309752242377938e-01 -9.076959702566028909e+00 5.833872834409947750e+00 1.862175984930014749e+01 1.996552560577802353e+02
2.117009485148505074e-04 -1.814582291141884070e+03 7.014516449301813616e-02 1.431517541241997538e-01 1.831701106113801103e+00 1.535282652499345488e+02 6.583912665226246963e-01 7.718943492017544816e-01 4.672507007418793989e+00 3.182821620089995029e-01 -8.237108211497323751e-02 6.905608868541330825e-01 -7.737202161076282891e+00 5.365843847065621119e+00 1.818767724471426206e+01 1.794999158554843177e+02
1.233948202641867381e-04 -1.815122076665060149e+03 5.135866827887622388e-02 1.434034983028985299e-01 1.824199737097165652e+00 1.630252511035126588e+02 7.246567428862197291e-01 7.734447386617329112e-01 4.680234091464367197e+00 3.429760479295391740e-01 -1.178816574186125621e-01 5.716444969899878714e-01 -9.282913116799846875e+00 5.271884885131861154e+00 1.877836080380790307e+01 2.065635617356893476e+02
1.356008214578051417e-04 -1.815027750367045428e+03 4.705128493547539037e-03 1.230294296868600645e-01 1.794332028385412059e+00 1.831026453616099445e+02 7.968153044718916389e-01 7.724289332351752524e-01 4.696222474025159244e+00 2.700976058409370051e-01 -1.124518195070938198e-01 4.883865841817512377e-01 -5.471082626582699504e+00 4.836017725426966507e+00 1.904626396043984471e+01 1.823533772217724618e+02
1.383567229698648979e-04 -1.815007630501502035e+03 9.562170363598460066e-02 1.443738664660551840e-01 1.750804646568325573e+00 1.486740075408888515e+02 6.334198731954927553e-01 8.441851982273635979e-01 4.705285485979034732e+00 3.256847059979317560e-01 -9.409598445068034778e-02 6.767684009066269324e-01 -7.868216392804669113e+00 5.331377792696101459e+00 1.947728338445264740e+01 1.653065479913756803e+02
2.048065807068511802e-04 -1.814615399775474998e+03 -9.345365850706555122e-03 1.164572409654321128e-01 1.816670697662984502e+00 1.432876044593261611e+02 7.828649957939957105e-01 7.845101196398005516e-01 4.708097563904568794e+00 2.749264608924064657e-01 -1.048597002239988196e-01 4.264929032640343842e-01 -6.147990124920255539e+00 4.764982958162300442e+00 1.905309868915039573e+01 1.923178377072163414e+02
2.034372219533267816e-04 -1.814622108334822315e+03 8.933125110159803595e-02 1.466118433694449663e-01 1.799693496532391634e+00 1.333107846989328209e+02 6.384226444884614216e-01 8.272948769092691723e-01 4.685939618388781369e+00 2.845861250952546051e-01 -1.001488565027630617e-01 5.712500257890711364e-01 -8.418889185800850328e+00 5.814648998073268515e+00 1.933109378264874323e+01 1.947955282617185446e+02
1.629410257610889787e-04 -1.814844077470288994e+03 3.577427759929477369e-02 1.470017642102762478e-01 1.898194662171953873e+00 1.562315694753167747e+02 7.295687688207973531e-01 8.068325543666676758e-01 4.701861681693531025e+00 2.890094854073730346e-01 -9.283920332536244047e-02 5.701223701673899802e-01 -5.244438371482146977e+00 4.616483637720714128e+00 1.960392254696874303e+01 1.698948628183525216e+02
1.871680156508987976e-04 -1.814705459107601655e+03 9.387200304200235546e-02 1.401390715266252751e-01 1.803395726430158774e+00 1.589896443290696766e+02 6.811890376725217022e-01 8.000325993074730579e-01 4.700903830430705810e+00 3.308147003368124839e-01 -1.083814995894463173e-01 6.291584384696511378e-01 -6.315316605617994128e+00 5.194763490206977252e+00 2.025994742693681872e+01 1.845821140707517429e+02
1.353881460396379958e-04 -1.815029319991549301e+03 9.693637121115955546e-02 1.393823719049194498e-01 1.785596494511732857e+00 1.424912305965015946e+02 6.306490675323894735e-01 8.439057392440694194e-01 4.701356245106705245e+00 2.814437319759901523e-01 -1.072201333933482381e-01 6.819385147761664046e-01 -6.938301700268652894e+00 5.506222218775946864e+00 1.982719219043005410e+01 1.659939577849605143e+02
1.661882034373533910e-04 -1.814824344898694108e+03 8.132217416045314784e-02 1.455298364803578604e-01 1.805341608386926922e+00 1.469048031269362582e+02 7.182019162675359336e-01 7.901718577373137986e-01 4.690237724205859493e+00 3.142372695130375426e-01 -8.537546315737642999e-02 6.215017854140354459e-01 -7.222771347276932374e+00 4.487409479327797435e+00 1.863748167867818140e+01 1.992175472243366983e+02
1.437242151567174426e-04 -1.814969569509716393e+03 7.412481298905390648e-02 1.202359007146683034e-01 1.685710623296766464e+00 1.593204705316204013e+02 6.786841074753712233e-01 8.018254636373960409e-01 4.691613724228221649e+00 2.935956233511973767e-01 -1.276680692208391754e-01 6.479697590277356811e-01 -8.875033384652255108e+00 5.323641973920101300e+00 2.023311071840205955e+01 1.865389226980471733e+02
1.176060780363721354e-04 -1.815170125082370078e+03 5.946065671533462549e-02 1.276949582159137841e-01 1.725446341966311081e+00 1.519513193053650753e+02 6.502912888885111764e-01 7.992340574466347825e-01 4.684321290197175358e+00 3.027301140636287080e-01 -1.043523198717801748e-01 6.519123853785339096e-01 -7.599134710833652662e+00 5.290457382360447269e+00 1.836538258190434192e+01 1.817466555068603213e+02
1.505174890230192046e-04 -1.814923386516911251e+03 1.106079142388622649e-01 1.239251027945230399e-01 1.740513236246177264e+00 1.296408476188654220e+02 6.350210078230067445e-01 8.480630993018618557e-01 4.701470308337427184e+00 2.804459175102373969e-01 -1.006181436328859036e-01 5.555051978019048819e-01 -9.260703697191985384e+00 5.072215390242718058e+00 1.871263037528336781e+01 1.797459872955106164e+02
1.456223353227466028e-04 -1.814956449274542138e+03 7.013083136459813405e-02 1.402269174277186170e-01 1.804479574580197365e+00 1.626225088234939733e+02 7.210527640877723021e-01 7.687098342332900902e-01 4.686929210450749395e+00 3.171289975070752387e-01 -8.782938783949711947e-02 5.381754000153187167e-01 -4.834378510693596809e+00 4.882075102036309566e+00 1.932129916927283375e+01 1.837751535923236474e+02
1.849422860113512728e-04 -1.814717421991581659e+03 8.136203483763781996e-02 1.375898497652936758e-01 1.729831516648845380e+00 1.468449405208930614e+02 6.309260424464488981e-01 8.315502273271544453e-01 4.700945247297999785e+00 2.879535679818554517e-01 -1.252112790052568592e-01 6.601917361581925991e-01 -7.786861101315679434e+00 4.505974695327985557e+00 1.893212972059166077e+01 1.792189364125314910e+02
1.180317190565446760e-04 -1.815166512406573929e+03 9.538453013272829573e-02 1.393856928160951136e-01 1.819157198897542571e+00 1.350979143335830202e+02 7.020068379914595758e-01 7.879126398514355589e-01 4.694346822805128383e+00 3.421923177251060544e-01 -9.948266924849580306e-02 5.315550062903239281e-01 -8.878240723535441248e+00 5.335930658381893288e+00 1.935129609046115462e+01 1.998257836858952032e+02
1.364175054375090716e-04 -1.815021745724322500e+03 8.734560088915493958e-02 1.231948618375560411e-01 1.708731823050483989e+00 1.490080206139489292e+02 6.617235024498981932e-01 7.966947023825226015e-01 4.682566753292233486e+00 2.907320570605067545e-01 -1.317645412917758385e-01 7.041816687067723457e-01 -1.157298645232222611e+01 5.146668093771067376e+00 1.921492269191482549e+01 1.803564086226569998e+02
1.629904955715410077e-04 -1.814843773910752134e+03 3.342357396184719720e-02 1.332978670304842128e-01 1.826430558546044303e+00 1.496916664503463323e+02 7.090334853352101563e-01 7.979130553358366740e-01 4.685663641806874224e+00 3.029705944709146781e-01 -8.794817838367041674e-02 5.975646646444218169e-01 -7.160101024798734670e+00 5.683598648297705225e+00 1.972577219122895187e+01 1.744199137373535393e+02
1.158770187043944399e-04 -1.815184936355350374e+03 -1.119498148377701119e-02 1.410694877677974579e-01 1.793138780802042476e+00 1.563491206549990693e+02 7.254856358177875775e-01 7.841122296003959491e-01 4.694956214608990486e+00 2.664695817609410433e-01 -1.200059585259685146e-01 5.732827902349481031e-01 -8.880178480640040561e+00 5.137527402657715569e+00 1.927146302229176911e+01 2.101000487459290298e+02
1.508099312993822967e-04 -1.814921445489653479e+03 7.556888069896428028e-02 1.201167262855133699e-01 1.796846355659382333e+00 1.445960553433133668e+02 7.068455305637271202e-01 7.937509994844405004e-01 4.688730161583949396e+00 2.873032027910735753e-01 -8.285224986720041152e-02 5.999346079437419821e-01 -6.545434095980311895e+00 5.314682608328680224e+00 1.960487705617786247e+01 1.874524465228620898e+02
1.858503842738085652e-04 -1.814712523836084983e+03 9.273906550532448612e-02 1.263121761239867913e-01 1.767870261081274208e+00 1.465797270705246831e+02 6.530546069999183523e-01 8.407989458798728055e-01 4.700246643250599377e+00 3.054860443695033290e-01 -8.260808966418053956e-02 7.285947283850822132e-01 -9.905978658605562259e+00 5.505553633730508878e+00 1.873203927414068914e+01 1.811339603354037422e+02
1.829320097983319214e-04 -1.814728351247831824e+03 1.106524780965024990e-01 1.444012567143821701e-01 1.772225731939878202e+00 1.390383271096340536e+02 6.413893341130890713e-01 8.626721397806209612e-01 4.715872685563409661e+00 2.825166009635584619e-01 -1.090632217972411500e-01 6.574549844375042751e-01 -7.150806415466689714e+00 4.887023525724343287e+00 1.950620957158388791e+01 1.740509233790978953e+02
1.668205460314929210e-04 -1.814820547140496046e+03 3.716978425176492573e-02 1.483628468181971971e-01 1.869002686922510037e+00 1.774012535856088277e+02 7.415214849392482988e-01 7.923778861947983199e-01 4.711564664298132143e+00 2.938833479800877502e-01 -9.007204506225807705e-02 5.859607674672423494e-01 -8.741801905568792108e+00 5.636691751157885122e+00 1.877871980714251876e+01 2.058079549679259230e+02
1.713708845811270237e-04 -1.814793635677002158e+03 6.056833209576106825e-02 1.378944062934255033e-01 1.839534126123877122e+00 1.525617561810866789e+02 6.415979377339257050e-01 8.487475066874179408e-01 4.704143088228002867e+00 3.261359415145106411e-01 -7.966621094998571628e-02 7.265452704817122465e-01 -6.963029828660296516e+00 4.748409024357913566e+00 1.953529608053794675e+01 1.832771089735076941e+02
1.220182445885975272e-04 -1.815133295221121216e+03 -1.467258552777284120e-02 1.304393030251636276e-01 1.891006224624920407e+00 1.577498362402885448e+02 7.590341486602529830e-01 7.872537909423287239e-01 4.710564012044233806e+00 2.944441004384359406e-01 -1.031272994024192702e-01 5.551141222542618214e-01 -9.034138979499147126e+00 5.541053427070785631e+00 1.916609886861941803e+01 1.967349228460547579e+02
1.860440988749625078e-04 -1.814711482064144548e+03 4.181831132252850081e-02 1.250999731171355267e-01 1.828841950377502634e+00 1.478018562030464409e+02 7.001445058288975343e-01 7.999771860338882323e-01 4.689661671106062357e+00 2.813841492225592766e-01 -9.536270377464672876e-02 5.391247470365263528e-01 -6.723711694846883802e+00 5.514242493425691727e+00 2.020641312784099597e+01 1.852861134454827265e+02
2.065973437744199424e-04 -1.814606694100730692e+03 1.085020969132657054e-01 1.289022106898488895e-01 1.804549668163456744e+00 1.547286369897143459e+02 6.439174924101073172e-01 8.423373387845223270e-01 4.690878162571745946e+00 3.221592790134168993e-01 -7.895022806497609125e-02 7.558191725584094689e-01 -6.414844193453347998e+00 5.428111526264434161e+00 1.902765743125412001e+01 1.669015698734058617e+02
1.769525697989320729e-04 -1.814761584071055267e+03 4.594803663174695796e-02 1.343071950704119166e-01 1.783244914061228314e+00 1.436106601754104020e+02 7.038383534343883863e-01 8.411804406798686351e-01 4.712746651890646454e+00 2.678877585818117968e-01 -1.130908574196818339e-01 5.296031702716214040e-01 -5.267399528211370807e+00 5.275721667384103419e+00 1.974829618123019515e+01 1.848494517288681322e+02
1.513047272203483931e-04 -1.814918169936154754e+03 1.383321740520304932e-01 1.480106427091082144e-01 1.747450978207955252e+00 1.381281456994730092e+02 5.638344918330657762e-01 8.842639735849293636e-01 4.704524298161864237e+00 3.065432542231119051e-01 -1.113511336302499544e-01 7.297738495415884152e-01 -7.878672983094162419e+00 5.368889494312578670e+00 1.923764726316468199e+01 1.867591987060027634e+02
1.827085984695979480e-04 -1.814729573274879613e+03 8.644433628895181743e-02 1.293916722919955242e-01 1.806607735419255789e+00 1.461802970743993058e+02 6.655599342033708954e-01 8.346556860700258262e-01 4.701719811374129421e+00 2.882568615068363815e-01 -1.075093472339869738e-01 6.195038517324688021e-01 -6.602519559942521710e+00 4.794523690660135173e+00 1.847986732226181061e+01 2.022982531074957251e+02
1.192837592631903950e-04 -1.815155960614230935e+03 3.471920849080506466e-02 1.489003434852032848e-01 1.789673575650263970e+00 1.441447510492386925e+02 7.098178067201851293e-01 8.199618414395328791e-01 4.719099707741190031e+00 2.685708043722512262e-01 -9.863384448257628279e-02 5.474270928475892806e-01 -9.089670551463200354e+00 5.264676982966287611e+00 1.887445089882611171e+01 1.784145364930521680e+02
1.183994139176801493e-04 -1.815163402028063729e+03 4.109617445278207493e-02 1.441621853969466127e-01 1.854633168531048426e+00 1.437565802500126040e+02 7.041353119645703540e-01 7.478343459476095578e-01 4.676658520512406270e+00 3.503693012137067964e-01 -9.280161318186985753e-02 5.360385197747062902e-01 -4.250793035348891635e+00 4.989152524683460044e+00 1.910533303600869814e+01 1.919799799039788581e+02
1.492879495516744135e-04 -1.814931588812176869e+03 -4.875644535117878986e-03 1.393327228667091411e-01 1.811052736430260879e+00 1.458895865389664266e+02 8.268199450768574099e-01 7.455941201728928380e-01 4.696280276259158448e+00 2.934549754898494456e-01 -1.342517852956710556e-01 3.553880213723771830e-01 -6.248947999830960498e+00 4.960656941324081970e+00 1.910448025594546806e+01 1.986380226907515976e+02
1.467304260827339277e-04 -1.814948868733411018e+03 5.220655785631644896e-02 1.455072212250839436e-01 1.815998454515536764e+00 1.602488088846324388e+02 7.305504651840484254e-01 7.500124078485830292e-01 4.682231229141057938e+00 3.662563930625244435e-01 -1.318301625510591712e-01 5.511949923014487496e-01 -6.326645017403592419e+00 4.985039526975376667e+00 1.946493975426066925e+01 1.856434341479897796e+02
1.318876280327143681e-04 -1.814162645277325282e+03 8.923491083273715763e-02 1.300371034415541416e-01 1.745852385618012370e+00 1.488194197668092329e+02 6.196947324600832196e-01 8.444961072050107820e-01 4.700371348162810214e+00 2.867291400428149117e-01 -8.796633747088655753e-02 7.386600030051633237e-01 -8.911828504585230348e+00 5.779427441763185236e+00 1.905477480738848683e+01 1.823586829505137246e+02
1.382845533469034469e-04 -1.814115281991597840e+03 -5.109264874360780473e-03 1.422064213268951771e-01 1.838940848974006670e+00 1.468938257400033081e+02 7.630251221119200844e-01 7.308976879259345694e-01 4.681377065782977631e+00 3.364250155571046896e-01 -1.089148235939774167e-01 4.412582416569346133e-01 -4.272636107356646562e+00 5.065708322199213853e+00 1.969111375552046184e+01 1.914605187126169312e+02
1.604905055005137926e-04 -1.813966360749504929e+03 5.146221625887459350e-03 1.483640423287826138e-01 1.761504437886445729e+00 1.558467143539053836e+02 7.190868458819322795e-01 7.640624435375527046e-01 4.683835418886577173e+00 2.929209062343274272e-01 -1.382436309740040503e-01 5.920640855033482142e-01 -8.991977656208746339e+00 4.984309432918387905e+00 1.830729299900390927e+01 1.788382989727652728e+02
1.612798020993069618e-04 -1.813961454776745768e+03 7.132948497579899572e-02 1.474904977008661688e-01 1.825002904917105262e+00 1.330557096621554933e+02 6.787108299287260005e-01 7.957742543236629995e-01 4.693884690174195740e+00 3.090461525000851584e-01 -9.822496453887441525e-02 5.439276242355710611e-01 -7.644093748850536940e+00 5.731065345427444058e+00 1.871101443221123617e+01 2.023078784872586198e+02
2.204188106656426629e-04 -1.813649066113080607e+03 1.209374211077528238e-01 1.461084916043385584e-01 1.763543038640739802e+00 1.511865063769978690e+02 5.664559109541374982e-01 9.133829526712071711e-01 4.708514928955943368e+00 2.782088774675917087e-01 -9.765566227459898663e-02 7.301671160714710007e-01 -7.822994959111866820e+00 5.665847569467863387e+00 1.939639460769049251e+01 1.704620735980292352e+02
2.195452792666544787e-04 -1.813653037039648552e+03 5.452878665836671801e-02 1.411768733585200553e-01 1.763468287491009256e+00 1.454173512621802047e+02 6.855378362421301608e-01 7.924660319667748976e-01 4.681036425527072886e+00 2.789661765890509848e-01 -1.073396695422526026e-01 5.809187787124360236e-01 -5.801694756433448674e+00 5.313011738175998921e+00 1.910742237516804920e+01 1.830500938373782560e+02
1.671264014309159322e-04 -1.813925845113652940e+03 9.130592385752203666e-02 1.486911486035204233e-01 1.810309985736275884e+00 1.674717014404028816e+02 6.524105332122847045e-01 8.304231274198896617e-01 4.704263759466002170e+00 2.656039980113484855e-01 -1.157813992726353103e-01 7.696663537619679030e-01 -9.704002254422647411e+00 5.486248720954933766e+00 1.947102661905586274e+01 1.870701512941560622e+02
1.235905626534893932e-04 -1.814227621346392880e+03 8.166810995790277361e-02 1.359551880362380449e-01 1.840302177331273548e+00 1.649555294464643964e+02 6.604671626852275379e-01 8.172224146737325778e-01 4.691769737315754085e+00 3.103982262226476774e-01 -8.034622963823245811e-02 6.251742517282018463e-01 -4.430282904687629753e+00 5.614678751877044682e+00 1.879490199038025366e+01 1.837331046496910574e+02
1.156017142112586226e-04 -1.814294444749619743e+03 5.624234074255071714e-02 1.480254370693862287e-01 1.794675451046498615e+00 1.412245113187277354e+02 6.749990762959642288e-01 7.785636678729466187e-01 4.684954297910099541e+00 3.315559684813205177e-01 -1.118402392139210555e-01 5.624762693802144442e-01 -8.638639574086226958e+00 4.562237964230386744e+00 1.868994902659348867e+01 1.768728995403130568e+02
1.317022235193682775e-04 -1.814164052042743833e+03 1.466524790510638498e-01 1.449353580259977459e-01 1.774165929951687204e+00 1.561945120408869059e+02 6.225686370964306215e-01 8.375581165885301882e-01 4.700655716725538724e+00 3.432935013275211222e-01 -1.039613969410764227e-01 8.166863903772054734e-01 -9.283051468695333597e+00 4.951641038367760039e+00 1.913513990716531055e+01 1.949496190535796529e+02
1.472728846644397085e-04 -1.814052308310428543e+03 -1.733518022529606517e-03 1.227927950594093487e-01 1.802618703706471592e+00 1.398352448817047389e+02 7.915552950659188181e-01 7.253177250952922428e-01 4.679697689974636532e+00 3.040171742099451180e-01 -1.124775887127782426e-01 3.815431387545121789e-01 -7.676318658973656284e+00 4.927098398336715590e+00 1.897168398151982771e+01 1.881815580713590634e+02
1.396640162753603825e-04 -1.814105355880039951e+03 9.793767475660583588e-02 1.414085498584532752e-01 1.812982227421039205e+00 1.342406046978780694e+02 6.617608519814585089e-01 8.386515307517621309e-01 4.698082500836293640e+00 2.950353738022530870e-01 -9.107954339084578521e-02 5.463925397785268645e-01 -6.632231601443692171e+00 5.811789461954930402e+00 1.930824992598045853e+01 1.959314830039882054e+02
1.732704230450256050e-04 -1.813889742021508937e+03 -1.296630143917548716e-02 1.307655424562974844e-01 1.867497157668327468e+00 1.739883150699415637e+02 7.994085490784781367e-01 7.600497214961068337e-01 4.701960415586274422e+00 3.270907978665431592e-01 -8.848925309052346755e-02 5.125653148330541198e-01 -1.014504637326029979e+01 5.170451697314559780e+00 1.886522670386370137e+01 2.072088032236445372e+02
1.448834262738671992e-04 -1.814068666072223095e+03 4.223498278938747630e-02 1.300822183199348558e-01 1.813619359176878554e+00 1.540505449384060626e+02 7.179769827678423866e-01 7.703597077708619345e-01 4.693651634454312216e+00 3.168223333132265118e-01 -1.315467516848938256e-01 5.764527356008442016e-01 -7.847269411546676565e+00 5.116828440771881148e+00 1.842177257135502089e+01 1.958832491851907207e+02
1.636073149389438144e-04 -1.813947126399055378e+03 6.915986617868091768e-02 1.403863396703489974e-01 1.773706231420345780e+00 1.422005993504241417e+02 7.146750247167488190e-01 8.083966161089530811e-01 4.713724280864321159e+00 3.119111619932084523e-01 -9.800353392866290037e-02 5.057441185340023626e-01 -8.968646008657088942e+00 5.395607738200691728e+00 1.902302777088415908e+01 1.828573829209189228e+02
1.310118747368864368e-04 -1.814169307568625754e+03 7.162048560058942304e-02 1.474221397321582028e-01 1.817367801817152184e+00 1.526560202012155401e+02 6.654632599312531038e-01 8.596388232206164659e-01 4.716086620632239601e+00 3.025998494349251278e-01 -7.927947531718215757e-02 5.913106728421131386e-01 -5.877849191063802436e+00 4.475579599550805199e+00 1.952729460125368632e+01 1.811111962122435841e+02
1.191836694044560746e-04 -1.814263929790959992e+03 6.242278498010364607e-02 1.408959403083613615e-01 1.731445484670445012e+00 1.557968112265527623e+02 6.755949710152552301e-01 8.012818253192794948e-01 4.685901268790422236e+00 3.229260858574372062e-01 -1.301255413131461314e-01 6.278820631723354140e-01 -6.510732616957483287e+00 4.844572294896876130e+00 1.952043409320247491e+01 1.685620715115916255e+02
2.102157366729613805e-04 -1.813696461213686916e+03 7.411313065836241942e-02 1.472946490568334543e-01 1.758997961573580682e+00 1.404632271109417445e+02 6.571580750211237776e-01 8.465198570841381276e-01 4.714690371046585504e+00 2.808644176705714646e-01 -1.009878149288443439e-01 6.133625156117233912e-01 -8.889566168193397289e+00 5.585244339435080363e+00 1.866430561942100752e+01 1.829210130587909475e+02
1.285030513761620588e-04 -1.814188642884393857e+03 9.111709657530178696e-02 1.383733512033592794e-01 1.794240008355779459e+00 1.414714784575878355e+02 6.662612758447493677e-01 7.900676358350822159e-01 4.687606588113690798e+00 3.082460931415698102e-01 -1.123078859939217189e-01 6.151937573302176387e-01 -6.020208365843444653e+00 5.245748414504425305e+00 1.931793079449717254e+01 1.702611831642670950e+02
1.368640958875800987e-04 -1.814125607101916103e+03 5.334336298187553060e-02 1.445320191734115467e-01 1.824406893120567474e+00 1.427914053904355001e+02 6.766713349311859194e-01 8.249243314945455818e-01 4.699825789972484458e+00 3.031346989996106522e-01 -8.519129538882208585e-02 6.035182232706176597e-01 -8.266946133830799681e+00 5.402673258588341909e+00 1.826094538468692008e+01 1.707596684210657259e+02
1.854653331153112417e-04 -1.813821727553458004e+03 1.135313358206380963e-01 1.384970370271112750e-01 1.752719517731424759e+00 1.491284798839717780e+02 5.885133632093738631e-01 8.544466287335541477e-01 4.687831948711822960e+00 2.680712078119604769e-01 -9.663533376267086084e-02 7.398692682794771880e-01 -8.981061883149948244e+00 4.998362709066395126e+00 1.892002614021481932e+01 1.699834920246083811e+02
1.359701569446877562e-04 -1.814132160107138589e+03 5.812349382707254764e-02 1.412426393218747245e-01 1.843499210324445414e+00 1.466586780336848790e+02 7.179786807024814976e-01 7.848779757271848734e-01 4.688372056396742593e+00 3.101476755616270342e-01 -1.044669300281522162e-01 5.955710792922939145e-01 -6.506445682293247046e+00 5.225910976393799423e+00 1.804026860185037151e+01 1.964854039379159190e+02
1.636702038911531844e-04 -1.813946742083302752e+03 5.006583498938926846e-02 1.225110579834547686e-01 1.788863831179422270e+00 1.342911253046358411e+02 7.386834003475651889e-01 7.678450159345917569e-01 4.694466622974599268e+00 3.182055234312273218e-01 -1.063614255267646413e-01 4.377456847914496518e-01 -9.107163561309704392e+00 4.779720698402933898e+00 1.928434855897687328e+01 1.806523927609153759e+02
1.383002316444431298e-04 -1.814115168620954137e+03 1.991386189529842365e-02 1.389651025165689335e-01 1.869315410253961751e+00 1.506052774101958391e+02 7.144933436286450279e-01 7.813431010942677446e-01 4.688703037366424908e+00 3.286765499600958762e-01 -8.743985082657435015e-02 5.532604236131999365e-01 -6.114060893893508819e+00 5.734115701769959550e+00 1.999171690510970123e+01 2.020602920532707003e+02
2.239728505454864616e-04 -1.813633070692977753e+03 5.763305667531720689e-02 1.460023925879040119e-01 1.817092580331235219e+00 1.373128773558604792e+02 7.265008282140387186e-01 7.987789427717180146e-01 4.703739141628477505e+00 3.313805884334133367e-01 -1.006791584159445474e-01 5.187083406652472917e-01 -6.680620079738901040e+00 5.552205396058607079e+00 1.889141690714590993e+01 2.007796627383315808e+02
1.367675685463565736e-04 -1.814126312629512313e+03 1.646283357299546668e-02 1.200213315836596573e-01 1.899175275488032000e+00 1.526433142483485597e+02 7.726077893038209021e-01 7.585122300025661790e-01 4.696245506124364866e+00 3.300500549708518250e-01 -7.365006383753192054e-02 4.675730323046061176e-01 -7.097153102839115490e+00 5.630512602713966253e+00 1.973899875683682126e+01 1.954785425180469645e+02
1.539487091481340109e-04 -1.814007976045107171e+03 1.154757346765086790e-02 1.325245799691519288e-01 1.818343145800063176e+00 1.756278093135137794e+02 7.228110052356905291e-01 7.429733433652423447e-01 4.671305132248235736e+00 3.123375498193490252e-01 -9.545618997449656362e-02 6.173823633683129808e-01 -4.111811295840453795e+00 5.551398424160414180e+00 1.875869302147137319e+01 2.019165918058072293e+02
1.984338635873387948e-04 -1.813754139670875247e+03 2.284167435377676414e-02 1.368776676484513566e-01 1.816895836939270481e+00 1.297888385454202762e+02 7.559399262242127993e-01 7.796945906545234006e-01 4.703851962483706295e+00 3.004069118676251371e-01 -1.162006327178395360e-01 3.734635851816107133e-01 -5.937346152849784175e+00 5.447344602664272450e+00 1.922675109694193907e+01 1.865563324637569167e+02
1.343917006097640054e-04 -1.814143836859798284e+03 6.353126100522105135e-02 1.084365457866609261e-01 1.851047268717810113e+00 1.586796602927977347e+02 6.823401297692543999e-01 8.291395248552262398e-01 4.709708106860698962e+00 2.792738864455046599e-01 -7.950878461433830147e-02 6.924640024573819330e-01 -7.587794934537754443e+00 5.681044886665986837e+00 1.873678699336311837e+01 1.853438265117347612e+02
1.243487185969865310e-04 -1.814221505669177986e+03 4.328804993528698186e-02 1.368483089117380203e-01 1.774191809693265398e+00 1.380897314079940941e+02 7.246200000090449178e-01 7.989622709325068239e-01 4.708330954234446253e+00 2.972747176162369165e-01 -1.269826545175622989e-01 5.202981213342137146e-01 -7.279723929581990660e+00 5.593626817891106384e+00 1.962087067057294121e+01 1.870074003090003032e+02
1.890266526845620391e-04 -1.813802707509952825e+03 9.068336287178871413e-02 1.381857980089775950e-01 1.785495028472870338e+00 1.527655155367926909e+02 6.690810235347426360e-01 8.066210941245439692e-01 4.683891333593020789e+00 3.173153495749063691e-01 -1.030460440000582345e-01 7.847110843734805830e-01 -1.058733375083724582e+01 5.363543514438906534e+00 1.918045033086901441e+01 1.975687016482876572e+02
1.267726589583757519e-04 -1.814202200139168781e+03 4.796211694410382198e-02 1.429634001173304136e-01 1.744270920722753360e+00 1.559094286881902747e+02 7.204402568431560461e-01 7.864461885984015410e-01 4.694304802861535286e+00 2.680518768898920712e-01 -1.319300036897885775e-01 6.156388615752956817e-01 -1.037035478550592416e+01 5.327725629080348746e+00 1.846092473235561116e+01 1.989985588720272176e+02
1.704788290453981175e-04 -1.813905984415373041e+03 5.994386050645694741e-02 1.402646514895675434e-01 1.833097372492855648e+00 1.570640937400020789e+02 6.711300059037279553e-01 8.248879077267798898e-01 4.700026640387280352e+00 3.002525830670550455e-01 -9.227169251405076267e-02 6.788017077441137470e-01 -5.830754349710616680e+00 4.137943245852815366e+00 1.950174901383916648e+01 1.709153016939587530e+02
1.701744724845810153e-04 -1.813907771315076843e+03 5.843950195274105752e-02 1.320039668542056510e-01 1.761318291391802404e+00 1.431071704656314978e+02 7.037157498003796530e-01 8.087664863567007867e-01 4.695238518924950810e+00 2.948506523579486061e-01 -1.112190939046939775e-01 5.472084624707871381e-01 -8.159263706599887200e+00 4.788122157679652879e+00 1.814003977537559464e+01 1.810048121353242720e+02
1.315069773382093700e-04 -1.814165535624748827e+03 6.983679992550678728e-02 1.339619888844165441e-01 1.838242817823039665e+00 1.541513924686756241e+02 7.407298622852523939e-01 7.916671942935828987e-01 4.694833897702689995e+00 2.837776937202616256e-01 -8.158535752398154983e-02 6.156629961564508147e-01 -8.746961807797134725e+00 5.133337493629208659e+00 1.891379265497039697e+01 1.893470718175932461e+02
1.957189521753832705e-04 -1.813767915821850693e+03 1.624829383596360088e-02 1.309450936586400160e-01 1.823509283319883600e+00 1.458979944847033607e+02 7.466082779711407102e-01 7.983253478190401875e-01 4.706562567497861949e+00 2.854060895649297436e-01 -8.744752571593483736e-02 4.554196551405068627e-01 -4.872082635022962904e+00 5.252912401584319824e+00 1.860863245159294266e+01 1.812539119091143220e+02
1.217017671588849535e-04 -1.814243022014061808e+03 5.828929275159835943e-02 1.447645691856169481e-01 1.839402537378003188e+00 1.544958356975168954e+02 6.509453979318153838e-01 8.527480680506200894e-01 4.696703639611497394e+00 2.963545918351395692e-01 -8.626908393550403176e-02 6.574308299412977563e-01 -9.003999256879495761e+00 4.857388985995747532e+00 1.838338046728771502e+01 1.813413982381659650e+02
1.565230897454366059e-04 -1.813991391997158189e+03 9.316487469978754210e-02 1.350824017231326557e-01 1.883767999313783470e+00 1.576298096944835265e+02 6.858430292174999554e-01 8.239749230325483786e-01 4.703863428076802577e+00 3.273508047146533873e-01 -6.151529517663290036e-02 7.340525246618574418e-01 -5.477639973645835880e+00 4.953172695931540304e+00 1.908104899519113928e+01 1.815299510575567581e+02
1.254594994371719774e-04 -1.814212612541724639e+03 7.322846994718987257e-02 1.458871899186413856e-01 1.835103766394141189e+00 1.449949595807254070e+02 7.410410251810520821e-01 7.617183245945755576e-01 4.682822189676411284e+00 3.498634324825460329e-01 -8.958120194958318905e-02 5.297888388398125370e-01 -6.019804365527477330e+00 5.480379882855435092e+00 1.873515048719698228e+01 1.859335553125903573e+02
1.749797012078842576e-04 -1.813879925560467200e+03 6.822454506954089837e-02 1.325224915713053842e-01 1.819037410485076833e+00 1.460046545403148457e+02 6.633558568009993994e-01 7.944568089137098443e-01 4.683702691822317021e+00 3.045367960903562210e-01 -1.017927423149784794e-01 6.729539559352307743e-01 -8.451197026067347906e+00 5.686924200839271748e+00 1.884547190023999619e+01 1.972383679872737900e+02
1.259341116658314929e-04 -1.814208836687672829e+03 1.487956259962583128e-01 1.462214107429730403e-01 1.737617021056528266e+00 1.496450112425952170e+02 6.263996681222456786e-01 7.999758803788306061e-01 4.676459470228817139e+00 3.118019504061162461e-01 -1.170593288704075974e-01 7.873885688777509939e-01 -7.637643142676267871e+00 5.188384908384469085e+00 1.910493220823772376e+01 1.941530120757603015e+02
1.458886174043813328e-04 -1.814061752098499483e+03 9.005165335830453421e-02 1.492573163745659903e-01 1.770763666851935092e+00 1.395671465045027162e+02 6.419584455372152609e-01 8.104496500988733754e-01 4.688449881880614178e+00 3.165359793305893010e-01 -9.499669287328682543e-02 6.523870326619007898e-01 -1.021461316809035225e+01 5.783279963253229461e+00 1.926406359035270910e+01 1.942578756481501046e+02
1.907000592939133668e-04 -1.813793893711031160e+03 5.572937774357678009e-02 1.461069044700195330e-01 1.881644521420937188e+00 1.456057653309632371e+02 7.024915595274826563e-01 7.957772864775722876e-01 4.688949638083973248e+00 2.900883868702865964e-01 -8.247125045982661717e-02 5.276641029454905985e-01 -6.174628238108311962e+00 4.802872466100116533e+00 1.917092057559910501e+01 1.769384107965072985e+02
1.603593418782650376e-04 -1.813967178350826089e+03 -3.781129374866104564e-03 1.262163440847076379e-01 1.772985193241992441e+00 1.422348358834349256e+02 7.954274513086063703e-01 7.436345913442286015e-01 4.691059030196814916e+00 3.074097712180965392e-01 -1.371796373159295257e-01 3.826201401263745194e-01 -9.815678494531255183e+00 4.885416110903206821e+00 1.957006667114968934e+01 1.924479858989548404e+02
1.260124613719109982e-04 -1.814208214732726901e+03 7.041463083274096535e-02 1.457563355421767903e-01 1.783221773031169022e+00 1.548570013358740596e+02 6.919310114842326387e-01 7.926980754708101706e-01 4.703010086074757901e+00 3.035192411772673626e-01 -9.343908278997270500e-02 7.175535140496653863e-01 -7.136417712825618764e+00 5.649842275107452849e+00 1.851281402042903679e+01 2.028220292558714561e+02
1.180123464313142666e-04 -1.814273806284799093e+03 1.008857680885187069e-01 1.158695560928937052e-01 1.767237984518676086e+00 1.630791584317205150e+02 6.427406680590121990e-01 8.437697963151200575e-01 4.703150376938907584e+00 2.868814137197208680e-01 -9.886881069950970158e-02 7.956515702787344546e-01 -9.041101679368580335e+00 6.370410396701609024e+00 1.972581992263078376e+01 1.860163094009472786e+02
1.376035821497487664e-04 -1.814120218576339767e+03 9.489544229266047570e-02 1.424747534903233748e-01 1.742592585456662846e+00 1.533022664728777329e+02 6.359809828285536426e-01 8.578823277924423341e-01 4.705556503032746640e+00 2.768316931730814279e-01 -1.217499549135514503e-01 6.934912396967710668e-01 -6.304140680248650597e+00 4.929259335604729841e+00 2.009258049054762907e+01 1.926000021505851407e+02
1.909238007931110634e-04 -1.813792721134846943e+03 1.093208788474472060e-01 1.255820548584809793e-01 1.758727719019373303e+00 1.640572593268067294e+02 5.916062110065515300e-01 8.501790350441000843e-01 4.694038273073434908e+00 2.667707086376374104e-01 -9.208245221448541074e-02 8.719848625540077558e-01 -6.123145814298624146e+00 5.445602488563294763e+00 2.000949076658076109e+01 1.795942891216483304e+02
1.270780417235724106e-04 -1.814199794135075081e+03 -2.285810221509926299e-02 1.462701039037680728e-01 1.802719993636168638e+00 1.518588973979808827e+02 7.730742727416576310e-01 7.313944113394379443e-01 4.683897164234776866e+00 3.201879836674783597e-01 -1.175151721328770993e-01 5.037134044280912049e-01 -7.496176029497235049e+00 4.850834423239858140e+00 1.957095296411781504e+01 1.986979580237111520e+02
1.439920056592190105e-04 -1.814074837752785697e+03 5.992025751029397829e-02 1.480134364948404724e-01 1.816071205851593540e+00 1.429601242526529745e+02 6.828831591747098750e-01 7.937938108784514668e-01 4.692003583417861279e+00 2.892192965970699081e-01 -1.146966402667255469e-01 5.784636025921883196e-01 -4.527844574541774136e+00 5.550151745579712248e+00 1.955825552946544121e+01 1.929291187626222097e+02
1.174005237659375705e-04 -1.814279004165801780e+03 3.334349958990567853e-03 1.357787710450266971e-01 1.811276955449066861e+00 1.385196747855569299e+02 8.134731838471905840e-01 7.285639999488908725e-01 4.691406036665851431e+00 3.288596763523010669e-01 -1.135025408895571353e-01 3.165564821145341878e-01 -6.918092852219160704e+00 4.685704586632533086e+00 1.964089203955743557e+01 1.940714771131463294e+02
1.772842366925915709e-04 -1.813866841232980732e+03 2.667353639372493923e-02 1.400339800009090807e-01 1.806814904093812402e+00 1.282696485020848627e+02 7.190961095855107343e-01 7.946928531087082970e-01 4.696880721757226596e+00 3.187695546694635507e-01 -1.065599102789764885e-01 4.431808436542005181e-01 -7.845857117635034683e+00 5.037298698674863573e+00 1.917982421343311472e+01 1.814756365840910348e+02
1.656121764270318509e-04 -1.813934946766168423e+03 2.065302148492079160e-02 1.476495601592753559e-01 1.788873740307080240e+00 1.615599179962697178e+02 7.191191526246207832e-01 7.658905438123593257e-01 4.691039489762793835e+00 3.332255216635111594e-01 -1.306073282914290701e-01 6.432552186791614668e-01 -9.069221459580489864e+00 5.275383582004744554e+00 1.783748695664277761e+01 1.872667711647974045e+02
1.782286860499795501e-04 -1.813861528055772396e+03 5.327920922857995456e-02 1.492789479933662455e-01 1.805840311714734803e+00 1.592275489848555026e+02 7.327806691157203733e-01 7.802230958988234377e-01 4.689982081408171410e+00 3.269100472683812431e-01 -1.246600831150792565e-01 5.921599251008430320e-01 -7.846298223161454644e+00 5.930678909470965543e+00 2.027626005477012328e+01 1.835682470358129876e+02
1.271123591814276004e-04 -1.814199524121274862e+03 4.545903963772379708e-02 1.448192020981277917e-01 1.761400982153808137e+00 1.612488686718076281e+02 6.921029377732865751e-01 7.779040160426204942e-01 4.689941457583444162e+00 2.830713366967130273e-01 -1.270814557209747342e-01 6.118826278417863751e-01 -6.283718323902604652e+00 5.076288178235466297e+00 2.031233299521972668e+01 1.757837366056093060e+02
1.405759580067097298e-04 -1.814098847565494907e+03 5.161972398162623099e-02 1.415950768575678087e-01 1.819341151808362866e+00 1.425883841088105441e+02 7.655886303080741140e-01 7.534332271046269014e-01 4.686477328734790504e+00 3.353379855481861682e-01 -1.258144893606347736e-01 4.397131363003039528e-01 -6.538897053456054209e+00 4.993918633229843529e+00 1.934848280983747415e+01 1.992911864394411054e+02
1.929043143061325342e-04 -1.813782401249397481e+03 2.892169161005236910e-03 1.394428222655889338e-01 1.794777055221289608e+00 1.479401259239040769e+02 7.558083411003514440e-01 7.709414663800508993e-01 4.697355249621057993e+00 3.234636883777979310e-01 -1.065580999589088584e-01 4.535965793396928847e-01 -8.308050850216517347e+00 4.449425409468354964e+00 1.920404493228400256e+01 1.842695990225955427e+02
1.582449053944390391e-04 -1.813980451667459192e+03 3.220715567658305467e-02 1.234653599449906103e-01 1.769016544842842542e+00 1.424842329514415269e+02 7.212842337634777223e-01 8.064826515436123167e-01 4.707410639663091700e+00 2.953345262612498967e-01 -1.248885808946587073e-01 5.542708880221496326e-01 -7.779140167501481073e+00 4.603135281363801568e+00 1.911259811019361265e+01 1.886410092702194277e+02
1.641326319304500726e-04 -1.813943920702304695e+03 3.474014508381387256e-02 1.336575637986427700e-01 1.873522100910994581e+00 1.509132477341157710e+02 7.070278129465010775e-01 7.719718439071252547e-01 4.689369531901554922e+00 3.332186961834329164e-01 -9.396047751748670684e-02 4.980901851989579798e-01 -5.601458997636711956e+00 5.047494173872957290e+00 1.915306095272107001e+01 1.947154500524875687e+02
1.674876120146131869e-04 -1.813923686144156818e+03 8.891607897837824903e-02 1.303841828835639316e-01 1.757324199520738262e+00 1.436086742620119026e+02 6.302251040202194732e-01 8.450303923500914749e-01 4.695602227837374798e+00 2.665426016077860893e-01 -9.511245009512858672e-02 6.596471139732743572e-01 -8.036229213486933531e+00 4.672290942365209254e+00 1.919307227512856429e+01 1.778391424629895994e+02
1.236497520858089491e-04 -1.814227142545566949e+03 1.178721460133762278e-01 1.397182108398441203e-01 1.708857622057779579e+00 1.656059971011808329e+02 6.360278453057498504e-01 7.991394392927988477e-01 4.682489624123634009e+00 3.363000539514693354e-01 -1.021241888375281626e-01 8.139077334805486785e-01 -9.975321542805204444e+00 4.927896562085365417e+00 1.858657834390275809e+01 1.820318317638432859e+02
1.232030222367618358e-04 -1.814230761952624107e+03 2.522866607560253494e-02 1.294952350071635616e-01 1.762479175203645276e+00 1.496223058800576098e+02 7.306050501491230253e-01 7.999916437035057282e-01 4.702280949484621608e+00 3.074280688674153605e-01 -1.070796424470801256e-01 4.731718570476815544e-01 -6.936162867306165936e+00 4.777963673850527115e+00 1.974419459979948144e+01 1.935248681572126941e+02
1.487788304563886514e-04 -1.814042134690725561e+03 1.813311937389844308e-03 1.070861040755870242e-01 1.811133712745453650e+00 1.548974098462861377e+02 7.684994653032507506e-01 7.655096510637771079e-01 4.699457446073473932e+00 3.044098057820319170e-01 -1.111386898951904900e-01 4.907080655355904319e-01 -5.976682090487685173e+00 4.923659841050032071e+00 1.818145459907805161e+01 1.773409500461029609e+02
1.827146086001671149e-04 -1.813836670114880462e+03 2.211761402593415138e-02 1.377827657469809786e-01 1.870384077352337471e+00 1.480428194926800529e+02 7.172969343142404641e-01 7.777508775088866066e-01 4.695185945576103137e+00 3.177524395377415711e-01 -9.886797333107066876e-02 5.111014725395512937e-01 -8.743557592437554149e+00 5.002572285546791342e+00 1.986705183231407545e+01 1.961768534644762099e+02
1.431804419966218873e-04 -1.814080489867602182e+03 9.932329845018492143e-02 1.494624768075070997e-01 1.748844459794762329e+00 1.300560337500768924e+02 6.419642840985431143e-01 8.303483107955211828e-01 4.696542546485856562e+00 2.947113945685182479e-01 -9.741301006212088609e-02 5.622416428910724795e-01 -1.027423244013630210e+01 5.027317817278720291e+00 1.863094199099846193e+01 1.875924371025033963e+02
1.315558184180194679e-04 -1.814165164298349509e+03 2.859365640554950572e-02 1.468587445426777494e-01 1.759898901523606618e+00 1.475272437534640630e+02 7.333782731679552302e-01 8.148166871722200000e-01 4.718671384099746291e+00 3.044544567579301475e-01 -1.104967921274806475e-01 5.201589795271707173e-01 -6.339315554574085354e+00 4.956240631883157555e+00 1.923855596218437825e+01 1.807468940143166378e+02
1.491703313594567833e-04 -1.814039506718047278e+03 4.469380332039882275e-02 1.186429003390825632e-01 1.826064958571507191e+00 1.497565992795865952e+02 7.279928492317714328e-01 7.735021036506994907e-01 4.693545325964569415e+00 3.107289788894498361e-01 -1.053687215051781756e-01 5.758786690176814771e-01 -5.197822813358669691e+00 5.338975154709380000e+00 1.829192185810990523e+01 1.874344219327425094e+02
2.022722840916089113e-04 -1.813734980803773396e+03 8.066202269312516826e-02 1.284746187306543275e-01 1.808984325036839813e+00 1.528733196851374601e+02 6.768544985699044281e-01 8.046480343969188986e-01 4.695147809415171736e+00 3.155987149207075682e-01 -9.460536952346565442e-02 5.734821639242471125e-01 -6.859541993908720769e+00 5.096079668199471335e+00 1.926695033828007553e+01 2.079464286614432069e+02
1.449747373326078909e-04 -1.814068036032615964e+03 7.518679205491199391e-02 1.289157867227302690e-01 1.780595396925001239e+00 1.334437516524189391e+02 6.945608724610904394e-01 7.919954732373373218e-01 4.691461676128609426e+00 2.926258511238306603e-01 -9.833761808455898645e-02 4.795531570830119938e-01 -8.512626207978229331e+00 4.970041813078696080e+00 1.960272694535225568e+01 1.785969818087965848e+02
1.865190840260403651e-04 -1.813816061973499018e+03 -1.551808325415168777e-02 1.205420414527273720e-01 1.823053088195409899e+00 1.552490552858855040e+02 8.156971649056881102e-01 7.505123611665280858e-01 4.702800456842758159e+00 2.888783033903499220e-01 -1.344807762943895924e-01 3.789763969521811049e-01 -7.500803632664428733e+00 5.231985829312835179e+00 1.950405392420206852e+01 2.021071110545215106e+02
1.239681566314775800e-04 -1.814224570803298320e+03 4.030925761016757036e-02 1.412406153955116650e-01 1.805075367251215646e+00 1.321562035875016079e+02 7.162947600084930144e-01 7.752740427742152995e-01 4.686565746308136937e+00 3.090143899441812891e-01 -9.701061885410311447e-02 4.518551796672732879e-01 -8.423236874904091565e+00 5.243088254847649843e+00 1.983554450775148936e+01 1.758084135232346057e+02
1.186742479427845042e-04 -1.814268213207263670e+03 4.516507188465573863e-02 1.478915078252963922e-01 1.822300055093790228e+00 1.345884701362003568e+02 7.112651404812628808e-01 7.958636074752656331e-01 4.696406917494585720e+00 3.299226481591315263e-01 -8.294513691725802218e-02 4.720853938250549886e-01 -5.856204235743831532e+00 4.936012993737248777e+00 1.875109289481613573e+01 1.989440676427533958e+02
1.581571948943112172e-04 -1.813981006091733207e+03 5.661361162713829387e-02 1.483845741737936652e-01 1.761968517648728749e+00 1.491327745591180758e+02 6.634611618753033513e-01 8.039646376384252946e-01 4.692445978362889569e+00 3.189511207831923212e-01 -1.057654839084389842e-01 5.731664831286510386e-01 -7.518147314960174299e+00 5.289613116572278173e+00 1.848428531524737295e+01 1.706847099840676947e+02
1.434185498039823993e-04 -1.814078828257694568e+03 2.953186178217215296e-02 1.414416210909763272e-01 1.871030999048695520e+00 1.391705979462882112e+02 7.705956157761003622e-01 7.462654815848712708e-01 4.687760161681549853e+00 3.333459794607971372e-01 -8.940643627511768443e-02 4.140840767019596802e-01 -5.494733581925686394e+00 4.774541573534296646e+00 1.976790803200611890e+01 1.796479362423624195e+02
1.365216652047172266e-04 -1.814128112213086297e+03 1.553620555177992468e-03 1.261738551216718129e-01 1.824058749430188087e+00 1.380718786440002361e+02 8.047840770244166775e-01 7.401068502325147680e-01 4.688611347334989965e+00 3.281962880496556156e-01 -1.122880668474401933e-01 3.684542462476387836e-01 -7.874420069067667782e+00 5.487055631088977314e+00 1.870737360741081545e+01 1.887122220008853333e+02
1.197108264233632185e-04 -1.814259516479780814e+03 1.881456331851050212e-02 1.353804970565334609e-01 1.733100683766575223e+00 1.604790706001027161e+02 7.705950001247422465e-01 7.406300125212175178e-01 4.692720180526977813e+00 3.157851131775128994e-01 -1.423539861526341710e-01 6.450506986585992086e-01 -9.121381931618373073e+00 5.089507959442296503e+00 1.918957461790238384e+01 1.942732878000860239e+02
1.384171550621890543e-04 -1.814114323546301648e+03 9.125207192436510240e-02 1.365819922446679657e-01 1.721038330719175669e+00 1.579586127134314211e+02 6.225611449616327286e-01 8.319339639906084827e-01 4.683781949949236356e+00 2.948376928213776171e-01 -9.506475788684820571e-02 7.476584270561187351e-01 -6.674306430568179849e+00 5.186340224022645273e+00 1.874675920213575608e+01 1.944412090351488303e+02
1.227438436739063446e-04 -1.814234495922517681e+03 6.523172022802914416e-02 1.389359205625284865e-01 1.843018690219604849e+00 1.527025488872243955e+02 6.470879760121970303e-01 8.460273869758763166e-01 4.706671951309136404e+00 3.074104636128760504e-01 -6.285955836474954594e-02 7.062160074681633759e-01 -9.540967932769518711e+00 5.160218512064607133e+00 1.885872037180003247e+01 1.925984842221917290e+02
1.532439852682573444e-04 -1.814012564208360800e+03 3.650926176539340262e-02 1.337400981554622559e-01 1.811415777179639086e+00 1.413347623976437148e+02 7.303833903666427929e-01 7.959515287320781951e-01 4.702347423987136565e+00 2.994165301475446572e-01 -1.082936812840311624e-01 5.309998330485946605e-01 -6.506656257628804951e+00 4.869525495360238487e+00 1.904984426539591169e+01 1.645706090493539477e+02
1.671705108495149931e-04 -1.813925581219986952e+03 1.075729493346080645e-01 1.489485856441878642e-01 1.803767491333220896e+00 1.382417940295589460e+02 6.589595059658053255e-01 8.086436677292139219e-01 4.699274973824722146e+00 3.092688083308630098e-01 -9.551027379325627287e-02 5.725021996241531630e-01 -8.845482338744602657e+00 5.697342251788528600e+00 1.901309897424352613e+01 1.924201760993160519e+02
1.416709865628387917e-04 -1.814091088161389052e+03 4.487784543370473833e-02 1.439967463153813132e-01 1.834226572426027602e+00 1.555594367589041269e+02 7.614565588985705569e-01 7.615417643834330175e-01 4.685676490090374458e+00 3.145409169668860194e-01 -1.001853315621854534e-01 5.668237918816265708e-01 -7.769955085397896255e+00 4.586570843426951427e+00 1.802753885139896184e+01 1.937880940353572328e+02
1.487686044463457547e-04 -1.814042203426052083e+03 2.015057511888365682e-02 1.402854688468810618e-01 1.881692966891053587e+00 1.577950703534808099e+02 7.105424762114800341e-01 7.861000997466118800e-01 4.689212042046622564e+00 2.827267611581489870e-01 -8.145640453031899320e-02 5.829937831762529443e-01 -6.727417365578475028e+00 5.611078803942293192e+00 1.824661797705318023e+01 1.861815012096775774e+02
1.827336344741843459e-04 -1.813836565991386124e+03 3.239720883168734078e-02 1.472080083700879893e-01 1.803830893563093341e+00 1.343029206982730557e+02 7.489598519442723923e-01 7.613713850538341710e-01 4.688666648906331780e+00 3.251992323818650998e-01 -1.149606934157176852e-01 4.065965778153294852e-01 -5.981464715977210744e+00 4.602647688874417220e+00 1.904855607756661584e+01 1.751091565308800000e+02
1.453238594540845246e-04 -1.814065630769251584e+03 6.737261096696206542e-02 1.456630219910781399e-01 1.855164181789396238e+00 1.562237161344097558e+02 7.233834441327141596e-01 7.816145906889278017e-01 4.684631868278140487e+00 2.976037049644340016e-01 -9.974117911197311059e-02 6.303063557759505109e-01 -9.522340485955538725e+00 5.163704611119812604e+00 1.912431866240293843e+01 2.029264963027027591e+02
1.184758444023661781e-04 -1.814269886439474931e+03 1.097267170450888230e-01 1.433794324720548963e-01 1.792668898131720923e+00 1.600855535243563565e+02 6.635854233170410676e-01 8.488923094735889574e-01 4.713195197920645896e+00 2.979676697729551904e-01 -1.122166296764697258e-01 7.088864525823080909e-01 -7.360507420587452998e+00 6.074115610757990780e+00 1.876630405407198054e+01 1.755264424725635592e+02
1.472761716296459920e-04 -1.814052285991801909e+03 2.012826987242757881e-02 1.367062505367580838e-01 1.804228225634305183e+00 1.439662844721625561e+02 7.149340233464643868e-01 8.178841337621025609e-01 4.704352264599842570e+00 3.010501583555660332e-01 -1.246649609957624083e-01 4.882998627167717820e-01 -8.793065255442087391e+00 4.910659107562276304e+00 1.891737662133763465e+01 1.912952627774427015e+02
1.822477628730634043e-04 -1.813839228438796681e+03 5.052587071441269617e-02 1.494543039429861719e-01 1.806599876096248281e+00 1.442245143198380504e+02 6.866758974116928815e-01 8.081457128266567036e-01 4.703923029169271963e+00 3.067210249953609136e-01 -1.107649128679764061e-01 6.450363036843009823e-01 -9.781360990632634866e+00 5.746239901691096996e+00 1.911638995193654011e+01 1.818662167087960029e+02
1.371506087742903367e-04 -1.814123515878443413e+03 1.373839294392522892e-01 1.465096488557920129e-01 1.750259465665902958e+00 1.537028327120889060e+02 5.791993948552022209e-01 8.929368725359958514e-01 4.705461608451967592e+00 2.927632066631116192e-01 -1.009631169829274810e-01 7.262616358855621401e-01 -7.176450738538193264e+00 5.897852953406723664e+00 1.861457842769187465e+01 1.995873718351529646e+02
1.728783602518558604e-04 -1.813892007307303629e+03 9.969543874762906710e-02 1.309580354210927167e-01 1.754651242639336139e+00 1.520322734581447719e+02 6.654462635741871246e-01 7.968272400746327921e-01 4.678071701363904822e+00 3.105025752690424579e-01 -1.175636394857537681e-01 7.782528171769154124e-01 -8.123317297641762025e+00 5.332397827930268619e+00 1.861236677582911625e+01 1.845708493008851860e+02
1.907267621187852655e-04 -1.813793753695576470e+03 1.167675978868037978e-02 1.468123530161035972e-01 1.842428238569756793e+00 1.378848581427161832e+02 7.656868939162769783e-01 7.647782449652351655e-01 4.685334168537841570e+00 3.100619422378882994e-01 -1.085026389160126392e-01 3.927239700296351055e-01 -8.633323752153074793e+00 5.219073700198362253e+00 1.873966364861612277e+01 1.936618755002303942e+02
1.830552770487311803e-04 -1.813834807366959240e+03 -3.650726537663268045e-03 1.309107505445334108e-01 1.819398585657643785e+00 1.573583047780467155e+02 7.963336590606343579e-01 7.688538197506098459e-01 4.710367585643426835e+00 3.245024622762100464e-01 -1.169637640992702288e-01 3.814974094385621406e-01 -6.520101739118956630e+00 4.962005169153238526e+00 1.868965727645366570e+01 1.954611125661967037e+02
1.368589613715185630e-04 -1.814125644618054594e+03 1.088553704564857727e-01 1.389597128656895608e-01 1.704738524922364107e+00 1.508707828620316889e+02 6.600082993354726701e-01 8.320488237232215312e-01 4.696489930053167505e+00 2.973105294364060125e-01 -1.119026990120701726e-01 7.542895076913009866e-01 -9.650934584203810118e+00 5.495365287384368358e+00 1.858272113594061636e+01 1.719383469457731337e+02
1.360719521885284697e-04 -1.814131411728522380e+03 2.605598800193970055e-02 1.434220231830995174e-01 1.826012562960869445e+00 1.463416911117213033e+02 7.831387869640795696e-01 7.681204983214691140e-01 4.699786431270164044e+00 3.320685146312063463e-01 -1.048804942822005870e-01 4.490725662714263322e-01 -6.864408666448355234e+00 5.267624475505883197e+00 1.919322506022691499e+01 2.158841602795099561e+02
1.850752192842851872e-04 -1.813823833201396610e+03 -1.735028947974223690e-02 1.364247541631622151e-01 1.821163759508791280e+00 1.711882596337410689e+02 7.625619594293969739e-01 7.571448687520925258e-01 4.701254670474099839e+00 3.051527703100460620e-01 -1.010451119891730976e-01 5.157317989078321618e-01 -3.452529932720835859e+00 4.949403199023150179e+00 1.874727935548881064e+01 1.826915880146771087e+02
1.909243004984493967e-04 -1.813792718517547883e+03 1.260634429646434462e-02 1.488251997309582852e-01 1.840948589865031515e+00 1.531572411364730897e+02 7.555235949604518497e-01 7.763359013296704525e-01 4.700741531910631821e+00 3.120471303693104215e-01 -9.391847375350037552e-02 5.623043779546752496e-01 -5.419470341281481751e+00 5.599704646845560241e+00 2.020494844931231171e+01 1.836703600896742898e+02
1.171738671028500230e-04 -1.814280936659223471e+03 7.758175262733030264e-02 1.363474027821672541e-01 1.769375556852679665e+00 1.421259843108213090e+02 6.969664881963897329e-01 7.975996134601579524e-01 4.693868099589734832e+00 2.918295170609133127e-01 -9.778212562947574682e-02 5.885499554840857295e-01 -6.890579914160099406e+00 6.019088453597776223e+00 1.913121545265350676e+01 1.833275481884255669e+02
1.661107245694030054e-04 -1.813931940953086269e+03 6.555976428625717722e-02 1.297139281244645559e-01 1.710192509785668058e+00 1.684098754806823024e+02 6.728805737039054158e-01 8.358909314626945530e-01 4.711594676549609950e+00 2.808218461316236425e-01 -1.343090472498782439e-01 7.898664390548532088e-01 -8.818182507712123197e+00 5.264652428569438491e+00 2.035556272886363161e+01 1.764460554417362914e+02
2.805080037296990634e-04 -1.813407993276213801e+03 7.195102668034428217e-02 1.355212975052894342e-01 1.782087879372570960e+00 1.304914105511038542e+02 6.747417530658607054e-01 8.193249608703283560e-01 4.695590267348847213e+00 2.984492664539384332e-01 -9.484562701159870990e-02 5.180906563129006326e-01 -8.359874095508018854e+00 5.212773672984227780e+00 1.965906524341398764e+01 1.949638426145299377e+02
1.255612168466026040e-04 -1.814211802111282850e+03 1.085862715632875120e-01 1.470797516340991151e-01 1.771986296422336515e+00 1.539754161407048798e+02 6.540550983291455456e-01 8.523938996249207367e-01 4.699773352415094863e+00 2.719978670827130074e-01 -8.226224065411180675e-02 7.911747561819195695e-01 -8.961930251960666283e+00 4.795950406892623974e+00 1.951597502238477944e+01 1.955035516173854262e+02
1.781615667520243843e-04 -1.813861904717581865e+03 5.140559387551477122e-02 1.222148914945723475e-01 1.834573365759974983e+00 1.506608999683250261e+02 7.108569751938476067e-01 8.425112312260549796e-01 4.720467943407959055e+00 2.825318929004767554e-01 -8.678885900096622308e-02 5.444773296360838621e-01 -5.720192449162425419e+00 5.726566575836145034e+00 1.869576308708376189e+01 1.848712630070179443e+02
1.739990978116010890e-04 -1.813885545420354902e+03 6.159248761857047394e-02 1.452995206361817615e-01 1.771881925748756359e+00 1.664719468299914524e+02 6.670252199601973686e-01 8.667070162872589911e-01 4.720248551234597301e+00 2.748605327728583791e-01 -8.705023572655656849e-02 7.481880267869067680e-01 -6.761254920040556726e+00 5.023637350134668722e+00 1.791887385703316937e+01 1.786039995462509467e+02
1.223024120078940516e-04 -1.814238098770006900e+03 7.002374946268330458e-02 1.436007256168570223e-01 1.772257968205354750e+00 1.520660023496704412e+02 6.750916144071602565e-01 8.370135973185326428e-01 4.709840173993850243e+00 2.829174801748275403e-01 -7.531146416618250683e-02 6.361650167271319933e-01 -6.458565407096870103e+00 5.349510945396707129e+00 1.946291875893269108e+01 1.976346714693054594e+02
1.708462929564404347e-04 -1.813903831253889621e+03 6.467962582095049262e-02 1.446976642469398888e-01 1.834815699713819193e+00 1.348117121185238432e+02 6.857679453665811442e-01 7.714025735410583451e-01 4.682002106394247853e+00 3.317949844347338750e-01 -8.691833015775518589e-02 5.556708016159136454e-01 -7.229282020438716927e+00 4.945971432440576798e+00 1.898013180720381499e+01 1.800385355764169049e+02
1.811025163887987073e-04 -1.813845532274748621e+03 8.375621957327070155e-02 1.439884981668587971e-01 1.761405741657330104e+00 1.431775289758943472e+02 6.583260325068642782e-01 8.480209297464487150e-01 4.698321619976260521e+00 2.919659020654608028e-01 -8.976595727341374342e-02 6.270421703856733364e-01 -7.640701641526135290e+00 4.711208253363574627e+00 1.913295688914018555e+01 1.976171684321802502e+02
1.763945285520634369e-04 -1.813871872408752097e+03 1.196793458632637586e-01 1.319946057597168043e-01 1.819769924589967225e+00 1.481889460465798436e+02 6.366418044414375865e-01 8.603112263809837845e-01 4.706696954135692224e+00 2.918204970668818454e-01 -8.712754217981788507e-02 6.403867952496217208e-01 -8.362529042543542346e+00 5.045754287827608486e+00 1.883358696295123025e+01 1.855283997996135668e+02
1.226821155283733689e-04 -1.814234998951186981e+03 1.444500011015781571e-01 1.383155799736964509e-01 1.759237192734708799e+00 1.370011518685766418e+02 5.797035444900650036e-01 8.821324319696395300e-01 4.703544470572131431e+00 2.884118594841469374e-01 -9.380221705361946327e-02 7.445474416693940167e-01 -8.494831126692616863e+00 5.600685531785165594e+00 1.918550339376423608e+01 1.961466985642941268e+02
1.823308258925355107e-04 -1.813838772772866378e+03 7.941644284852589220e-02 1.420285808134598426e-01 1.731566613456436698e+00 1.617197322713886081e+02 6.309315448752945699e-01 8.290623626415614122e-01 4.675671939664232113e+00 2.982142026678953339e-01 -1.099104986413634855e-01 7.713085594331120509e-01 -9.013733098115551456e+00 5.514112423199768465e+00 1.941797544897594463e+01 1.982017462273344393e+02
1.513089836054796263e-04 -1.814025271539423329e+03 -6.021028087178470489e-03 1.488974345725262161e-01 1.832186031239751323e+00 1.484149026474718482e+02 7.567992696446621537e-01 7.485218849804227137e-01 4.691846684441994597e+00 3.285603282174831552e-01 -1.261258249895229611e-01 4.196063067074827235e-01 -3.981123632057489203e+00 4.992513346415816677e+00 1.915129053816922067e+01 1.948331565449172729e+02
1.503326073349078797e-04 -1.814031745313000101e+03 2.896103414805353826e-02 1.370822543474508881e-01 1.783684448130213873e+00 1.544408144106126031e+02 7.471678104807311094e-01 7.667997312053034253e-01 4.688628805378951547e+00 2.890833782738699842e-01 -9.770947979741029243e-02 4.670758882387995858e-01 -8.044019414553901015e+00 4.909372413732904228e+00 1.942078853808759575e+01 2.016723358003673638e+02
1.295126445560938581e-04 -1.814180817016832407e+03 1.066394046962476361e-01 1.451647233238040069e-01 1.753960545656976677e+00 1.522800722519277485e+02 6.660890567487178782e-01 8.231480802548323261e-01 4.702145398114216945e+00 2.952399967082235399e-01 -1.076451047727231547e-01 7.660420669899726809e-01 -7.732215977253900974e+00 5.886478325451860449e+00 1.819212679171011615e+01 1.795571624786863651e+02
1.299277167557427888e-04 -1.814177617263704633e+03 4.094368002586695754e-02 1.494593901559399252e-01 1.858738985076302974e+00 1.568134705132358704e+02 7.166976859271340095e-01 8.242132123678937994e-01 4.695523306638243355e+00 3.134129480989460426e-01 -9.446800699867941020e-02 6.498516069893045533e-01 -8.704607518155654589e+00 5.223337574548514439e+00 1.856649969933044275e+01 1.932026940041111516e+02
1.372596798076998058e-04 -1.814122720929830393e+03 5.269442617045763666e-02 1.419451631017990823e-01 1.811786165479572830e+00 1.492322985530551023e+02 7.311151910555314659e-01 7.658776448868087616e-01 4.687592632996683051e+00 3.105889889808370885e-01 -1.109398535206262970e-01 4.780121180061704944e-01 -8.683036435286510368e+00 4.417691922222632961e+00 1.953917467141963371e+01 1.932803261780411503e+02
1.153360528355921381e-04 -1.814296745468954214e+03 1.102116303095588556e-01 1.326111465272406253e-01 1.718196307313681892e+00 1.522866624714841066e+02 6.293149621092470891e-01 8.486546443173310639e-01 4.709283619361610107e+00 2.927848236532137882e-01 -1.161944713932092643e-01 7.147655574032624193e-01 -9.590776290496933143e+00 4.528707755856786754e+00 1.871682085374670734e+01 1.855143089329007751e+02
2.254055307778249318e-04 -1.813626694395648201e+03 5.858459783209615801e-02 1.378796022636995244e-01 1.810264538940388412e+00 1.717849958199767855e+02 7.066908588250074841e-01 8.394679315898394556e-01 4.702420589882386537e+00 2.779063750514267905e-01 -1.095156487963180325e-01 6.993817943413592753e-01 -6.125549797974770172e+00 4.647083222056980212e+00 1.854104483704443851e+01 1.766850156703736445e+02
1.176840983253253463e-04 -1.814276591632864438e+03 8.712670662389493392e-02 1.162712873984911022e-01 1.721741035586424218e+00 1.367003394634781159e+02 6.614238785637047702e-01 8.339885324640321507e-01 4.704870073856067592e+00 2.888043506808046779e-01 -1.141763084537046335e-01 5.524330166260379427e-01 -8.381442434121964880e+00 5.208708415475715725e+00 1.932600207160806249e+01 1.901493563417809867e+02
1.764969584299789888e-04 -1.813871291891031660e+03 8.714565284115330379e-02 1.446771717866100204e-01 1.794493993198241988e+00 1.312727552435353005e+02 6.857631876445171581e-01 7.965065731055511744e-01 4.689872617228620477e+00 2.976184410672400027e-01 -9.422240095371847701e-02 5.355917744740745778e-01 -7.715512433470877340e+00 5.357314311876026913e+00 1.938628596141489524e+01 1.739714755012568048e+02
1.894913971574942754e-04 -1.813800251908658993e+03 3.556936039872782285e-03 1.353106913346150131e-01 1.799329041414861940e+00 1.400003513497202050e+02 7.906656224517980558e-01 7.484116866797985157e-01 4.689560728775001408e+00 3.158043157844303561e-01 -1.333068653784426072e-01 3.810890932373135476e-01 -9.170809248664141933e+00 5.052403601153665491e+00 1.940393021380726424e+01 1.791933525451208027e+02
1.165287203108941218e-04 -1.814286457765668274e+03 7.961209937641583467e-02 1.314433455305804299e-01 1.853324456628977046e+00 1.610338344564391093e+02 6.681612672442611700e-01 8.774604908688636851e-01 4.718117590244647275e+00 2.931921381679334360e-01 -8.729612029177080679e-02 6.751723557953915877e-01 -5.322410852562256878e+00 5.249807456106370118e+00 1.902817616188379191e+01 1.696746640809932956e+02
1.518984978591712083e-04 -1.814021383014023741e+03 7.845221922721068442e-02 1.362663480280431882e-01 1.792937414622517878e+00 1.607672693627163198e+02 6.973861082664163380e-01 8.057282810969090825e-01 4.696110059161722639e+00 3.308106238254775455e-01 -8.481839588237161109e-02 6.965122837188092442e-01 -9.167655713051885868e+00 5.595704226595832331e+00 2.035208538826194058e+01 1.901782158318996494e+02
1.221430645523372840e-04 -1.814239402516595874e+03 7.805936187321807496e-02 1.432938003901685076e-01 1.755652460349321764e+00 1.686762485419423285e+02 6.640255993175723237e-01 8.212725888854650602e-01 4.704464362337436256e+00 2.949974536837816075e-01 -9.160233415627772047e-02 7.805437612938609382e-01 -6.986285189609901636e+00 5.533855870474391203e+00 2.078485709810018278e+01 1.804437002466744389e+02
1.446939882185521741e-04 -1.814069974448310859e+03 6.232394681318992324e-02 1.477055422789429195e-01 1.796558293747346546e+00 1.602787518210905660e+02 7.182141674382587215e-01 7.735160564551875062e-01 4.706864031096648304e+00 3.262668142242790559e-01 -1.180219074219315267e-01 6.315724487365501627e-01 -5.324240942696008005e+00 4.958117799491068567e+00 1.888770221583191500e+01 1.814858865546109428e+02
1.241810911273396516e-04 -1.814222854622007844e+03 8.063189614459156940e-02 1.419150138327681943e-01 1.804561877494536226e+00 1.612553067849466402e+02 6.541141463550980140e-01 8.192604521928796846e-01 4.691911037566557141e+00 2.662491620515690105e-01 -7.568243726111067993e-02 7.386844021034726371e-01 -8.313981756032433168e+00 5.287592186537626304e+00 2.031057660976376411e+01 1.928959315985215994e+02
1.327337430817633081e-04 -1.814156250344603222e+03 4.866028683156864432e-02 1.443340155474794606e-01 1.806454422860197973e+00 1.515449275215757154e+02 6.500587513465870826e-01 8.222804376388412884e-01 4.700446059389475906e+00 3.128487518186031657e-01 -8.954606431224565455e-02 6.017438112693521690e-01 -7.541043360007734009e+00 5.234430817490420829e+00 2.003045648698586945e+01 1.765710080313929211e+02
1.292236316418145421e-04 -1.814183051052497831e+03 4.104360245561833320e-02 1.318733514248559835e-01 1.738793722230902006e+00 1.355379774518889633e+02 7.545065296649240416e-01 7.813343111103359107e-01 4.701787768657844424e+00 3.014147736026773217e-01 -1.245037619241107230e-01 4.662402261518621138e-01 -9.390124166193430710e+00 4.867061621842361241e+00 1.929240303816748181e+01 1.930672057224459479e+02
1.220527416743333343e-04 -1.814240142274444452e+03 9.352848984266076693e-02 1.491120732696233631e-01 1.773987586908842395e+00 1.579690855371034957e+02 6.303333556611996347e-01 8.636519491818768213e-01 4.704018669631989447e+00 2.709808182576616264e-01 -1.149066478016789183e-01 7.352390816069126478e-01 -5.882080645102604421e+00 6.295463334876516548e+00 1.872843823592384993e+01 1.868971296929791208e+02
1.932050121153954154e-04 -1.813780843670497006e+03 5.217355095128145548e-02 1.373643619165768326e-01 1.907439072845036776e+00 1.623442596324489102e+02 7.098561694001531697e-01 7.904673763803240494e-01 4.698174104984138566e+00 3.314807184286996389e-01 -6.191325269315894886e-02 6.574587412426283750e-01 -4.205900012341572847e+00 4.782050304318885559e+00 1.996394006542023902e+01 1.888635161064011641e+02
2.189933678957663773e-04 -1.813655554088788222e+03 1.510414284895936210e-02 1.474052695422027603e-01 1.771671500577022051e+00 1.506106571123021070e+02 7.623817903044182165e-01 7.421476701328209025e-01 4.691302427047169488e+00 3.238556505621776882e-01 -1.489895529004405805e-01 4.500785944171831754e-01 -8.805833239825659575e+00 5.522030176467129792e+00 1.945234705441734135e+01 1.914243333761727115e+02
1.178356169953916261e-04 -1.814275304957642675e+03 8.184806741783764994e-02 1.496262609465747462e-01 1.825088554400755569e+00 1.434165862667863394e+02 6.924203461035108864e-01 8.195834430772370727e-01 4.703553649985744656e+00 2.744727901285166638e-01 -9.962839640026155408e-02 6.151295575219734024e-01 -5.131446790523085610e+00 5.445874915709136843e+00 1.941748352389127774e+01 1.875350168814500194e+02
1.889681203377204714e-04 -1.813803017209194650e+03 7.083155402585972205e-03 1.421593823419331215e-01 1.877310453797511158e+00 1.351958175497298384e+02 7.990856197190541188e-01 7.396746916243475134e-01 4.692123961339879301e+00 3.368575092239254332e-01 -9.912678411419273417e-02 3.716094445512723166e-01 -6.108590012307786310e+00 5.144068145411573312e+00 1.900112408243026607e+01 1.917586049806194808e+02
1.868467011547349731e-04 -1.813814307033835121e+03 1.048206747841443909e-01 1.465277616656345538e-01 1.823545232742013411e+00 1.423067322517042896e+02 5.938376551623999466e-01 8.544449849534716535e-01 4.691018798532933687e+00 3.074057481183265494e-01 -8.951178331148534895e-02 6.633152614276731640e-01 -7.940958212330230026e+00 4.826632415763532080e+00 1.865819291823633819e+01 1.890276949861604407e+02
1.483357977765548683e-04 -1.814045116926981109e+03 5.364569449291989311e-02 1.311696294427636966e-01 1.839305640982564327e+00 1.403073049606099403e+02 7.184730676438384478e-01 7.896793915331787872e-01 4.690722903014053813e+00 3.332411338582639271e-01 -9.154387172946787388e-02 5.141889162336739094e-01 -8.776528620396305769e+00 5.248361727898886997e+00 1.874964230343278970e+01 1.783720494241394192e+02
1.655871296372795612e-04 -1.813935098015215999e+03 2.130579686160544162e-02 1.451576681186285411e-01 1.794456830972240624e+00 1.565134878120476856e+02 7.046178824667608254e-01 7.901186198832734764e-01 4.687927449186094719e+00 2.697658388993151579e-01 -1.196299064186061578e-01 6.749695788279251873e-01 -6.958839014032776049e+00 5.302087204659855502e+00 1.845757601896025335e+01 1.800597164679383866e+02
1.198463380200481538e-04 -1.814258385128844566e+03 4.978453135772545335e-02 1.355097573770790154e-01 1.833096328459475899e+00 1.576113993592790621e+02 7.288423589837680350e-01 7.926455580091997799e-01 4.698024368022805319e+00 3.147568909351705635e-01 -9.641658860722035485e-02 4.747804470913581931e-01 -5.233323633681720821e+00 4.856383122529561724e+00 1.887139160569251217e+01 1.926345740699575515e+02
1.159344731270856780e-04 -1.814291570389902972e+03 -3.424725856167543103e-03 1.146752544274406149e-01 1.862679238583862862e+00 1.605671900211432330e+02 7.856438672430223757e-01 7.947309503930020114e-01 4.711898738922442931e+00 2.696288946790759145e-01 -9.032552750278810549e-02 4.771797513799722612e-01 -6.640394018260963094e+00 4.425258578864443848e+00 1.937985551340926094e+01 1.941284858084040366e+02
1.572609107795637420e-04 -1.813986689256465979e+03 1.017228952525902896e-01 1.277780554656721967e-01 1.761529359786202953e+00 1.360347468131483026e+02 6.541124439072529828e-01 8.263390228496216849e-01 4.690846821237419917e+00 2.864584116242860912e-01 -1.056237189859192682e-01 6.284124619812896384e-01 -7.376620113139381374e+00 5.074370137994055341e+00 1.934062866728169894e+01 1.893117838110436253e+02
1.307990499315940622e-04 -1.814170933359088394e+03 7.563361939026966296e-02 1.458505684363219090e-01 1.803110325060084840e+00 1.454116883806957787e+02 6.346129896685575034e-01 8.530171940455197888e-01 4.698284428541507296e+00 3.059252868589223961e-01 -1.037468378930037627e-01 5.852875986237741079e-01 -7.791240663479129580e+00 5.494440814943657436e+00 1.864235905211897304e+01 2.037172911663387538e+02
1.180643013657906531e-04 -1.814273366131689500e+03 5.336530786685456107e-02 1.384318044732732733e-01 1.841581451049829177e+00 1.633821137157535475e+02 7.187662587397494196e-01 7.710017585553934349e-01 4.694311113427620974e+00 3.322056314829608947e-01 -9.919155479878360993e-02 7.441077527777434364e-01 -4.463546870147609980e+00 5.089292827297753341e+00 1.994567223357379504e+01 1.766674687082816604e+02
2.034491987689985442e-04 -1.813729179198345946e+03 4.028366840371691571e-02 1.404920439135739774e-01 1.785633045865322899e+00 1.381364496891143290e+02 7.236593033640976724e-01 7.874819085773512306e-01 4.697082316961313175e+00 2.765971101760174022e-01 -1.075173686290669117e-01 4.578402123985252925e-01 -8.350272139540209082e+00 5.664172126452649003e+00 1.908426138757091195e+01 1.803015835479395719e+02
1.311908367229178629e-04 -1.814167942502545202e+03 7.419927507130164024e-03 1.370271800492667003e-01 1.811924693989260149e+00 1.585950004482837130e+02 7.683144311162961593e-01 7.481517987567261052e-01 4.698698330442177884e+00 2.833504993746254197e-01 -1.151787536504431664e-01 5.842208037268908916e-01 -8.968980405367403819e+00 4.871120766184122708e+00 1.908549875238740867e+01 1.995438903695989552e+02
1.853663313548128239e-04 -1.813822261497952695e+03 6.727111538388982903e-02 1.399290464922530453e-01 1.832478048555632455e+00 1.470494308219597599e+02 6.632735258769709707e-01 8.616089356834335522e-01 4.714356389557933014e+00 3.037875721107987648e-01 -9.653244385425230334e-02 6.114633820546996334e-01 -8.453995929189773051e+00 5.733451241111131580e+00 1.858927031895940729e+01 1.935097067046974644e+02
1.879126914152199040e-04 -1.813808618086971592e+03 8.350258160220300208e-02 1.326826107639107744e-01 1.781687734889760399e+00 1.409160274559912978e+02 6.569019092495504974e-01 8.285789083271593025e-01 4.700545255297175373e+00 2.758251140278749070e-01 -8.592359764013268730e-02 6.317340692366903987e-01 -9.054518191909949110e+00 4.688451816902472480e+00 1.882182177027747016e+01 1.873408440458911173e+02
1.360100262054788343e-04 -1.814131866929447369e+03 6.877042764329399649e-02 1.331931246744770536e-01 1.775549139952670608e+00 1.596225034212001788e+02 7.555904886999784686e-01 7.807231076783598400e-01 4.698785374658701386e+00 3.231405072585746829e-01 -1.282488422486594004e-01 6.042165370867402796e-01 -1.096247652704326470e+01 5.170733748708800093e+00 1.879743760110719109e+01 1.886531933490104223e+02
1.148761127642963027e-04 -1.814300741267195917e+03 3.745516131142401228e-02 1.317754287554801229e-01 1.815971132418029654e+00 1.379736710273816982e+02 7.239493003956156691e-01 8.033788000662254181e-01 4.714056940557568964e+00 2.986087278705620296e-01 -1.111924070924557029e-01 4.898145948536178351e-01 -7.348583564550750680e+00 4.712824176445917779e+00 1.971322857800039685e+01 1.887305387160561736e+02
1.470315345819072468e-04 -1.814053948449827431e+03 3.221410195498350393e-02 1.401851963034405346e-01 1.816143038462660897e+00 1.441517084861060880e+02 6.950152181031004073e-01 8.205301254306336389e-01 4.697121592424066350e+00 2.729416966899478325e-01 -9.647310004661546756e-02 5.138991995468118468e-01 -8.264197172791000412e+00 5.473366909461430119e+00 1.885656210994024562e+01 1.765807399792660419e+02
1.171271277168615602e-04 -1.814281335627965746e+03 1.428574465525314641e-02 1.065509725130231733e-01 1.767057028036061794e+00 1.404719811238271632e+02 7.588586551419195247e-01 7.913689131466097315e-01 4.706191421809254649e+00 2.887593245339907799e-01 -1.181581595743668167e-01 4.143789418343860054e-01 -7.707649443422724289e+00 5.175249531088277344e+00 1.936899464225472300e+01 1.743153735867517469e+02
1.848518656037643755e-04 -1.813825040756705675e+03 4.995500138679057067e-02 1.434695020735885784e-01 1.836512333782918560e+00 1.431973903709114211e+02 6.844879117779437694e-01 8.145869774432143995e-01 4.705771131157948872e+00 2.857288681071605829e-01 -9.597428530807938785e-02 5.751863704738058303e-01 -8.012933848384591329e+00 4.831974174215658557e+00 1.813298206204127894e+01 1.854677254370268429e+02
1.314073020850665941e-04 -1.814166293858635072e+03 6.708658907858239262e-02 1.475871378665033207e-01 1.746318285789263847e+00 1.574830514390192775e+02 6.584551067005448566e-01 8.333718731524162315e-01 4.693894834867756494e+00 2.960804434467192436e-01 -1.300641577651191483e-01 6.609743452023497667e-01 -8.716038129063434781e+00 5.575957531138153733e+00 2.011368916329492151e+01 1.722402068292730917e+02
1.727392635783968073e-04 -1.813892812223901501e+03 2.013407377892670325e-02 1.411165957390536352e-01 1.822489218322568938e+00 1.373702416629032257e+02 7.156996641086267319e-01 7.795912912980413889e-01 4.694664145973931113e+00 2.920426921297332168e-01 -1.154040401445111108e-01 4.719466682789054679e-01 -5.055522426783369383e+00 5.110079635562980727e+00 1.882141688005334146e+01 1.812833499382733180e+02
1.933767562567006407e-04 -1.813779955143584175e+03 3.823432158492212629e-02 1.328568346748580098e-01 1.785409672792076741e+00 1.307661411108868492e+02 7.224036291844490032e-01 7.923420920607626705e-01 4.702570437342894039e+00 2.923582415620447073e-01 -1.005707958550263736e-01 4.116936848556211892e-01 -7.146150054824829567e+00 5.449776586368582088e+00 1.957561293940557334e+01 1.891365354116820754e+02
2.063194674392315828e-04 -1.813715169754232193e+03 2.921638984869970312e-02 1.480834607197825392e-01 1.743606791867231998e+00 1.526478883672168649e+02 7.823867047958483756e-01 7.639815190472027950e-01 4.703781446981906811e+00 2.932401974962217661e-01 -1.345100447733629245e-01 5.209710508777550819e-01 -8.855996055603554851e+00 5.443224868499130231e+00 1.891883383279024855e+01 1.804115551537884699e+02
1.220004627902498181e-04 -1.814240570696476425e+03 7.215840510832124965e-02 1.457818482095652179e-01 1.799316290328281553e+00 1.633411846238216185e+02 6.555340530454526471e-01 7.872206194208983820e-01 4.678492683887168546e+00 3.163270568175484687e-01 -1.122661118402681346e-01 6.742947514427091171e-01 -6.363083784505789708e+00 4.464527402533224887e+00 2.013730354141585366e+01 1.937312651821283680e+02
1.428974183645514821e-04 -1.814082468515820892e+03 7.873725294905242755e-02 1.373669922791796172e-01 1.761904306164648659e+00 1.448848151859974394e+02 6.995103063271386201e-01 7.926582346169348536e-01 4.681793336067400446e+00 3.122355931528812967e-01 -1.156202617564212609e-01 5.655816033998624093e-01 -7.928771895775923895e+00 5.691997804462056720e+00 1.959958002513218034e+01 1.982847173631411408e+02
1.162797927011270861e-04 -1.814288596241632149e+03 3.184456600812118898e-02 1.201151414512579285e-01 1.831048220075919275e+00 1.512992971555080999e+02 7.956958891299912295e-01 7.732583482726964608e-01 4.704288780174818996e+00 2.957621762962152623e-01 -1.153705463470502401e-01 4.934661487774603672e-01 -6.440160465412134272e+00 4.934598567968739857e+00 1.916505147025937461e+01 1.829273864562914866e+02
1.974725371584415022e-04 -1.813758996012255011e+03 5.978810644400497920e-02 1.327667975835993552e-01 1.802309116739316153e+00 1.477200922037566500e+02 6.892568835285430850e-01 7.989377135842434807e-01 4.703925847684798711e+00 3.079663254730227173e-01 -9.648088809738331051e-02 6.711762070010465209e-01 -7.191846565707010086e+00 5.241883202258157404e+00 1.956037388951648026e+01 1.732590561097449040e+02
1.163510119424675612e-04 -1.814287983947454904e+03 4.474260653665199094e-02 1.188188655032800523e-01 1.740971146757417820e+00 1.635956492069798003e+02 7.358082760516988508e-01 7.835869892612601362e-01 4.702115453775155274e+00 3.132592692127347256e-01 -1.235584098684983090e-01 5.582683050312521322e-01 -9.316744050678664735e+00 5.081312059806220027e+00 1.809511860027001973e+01 1.778249847776354216e+02
1.435713422701255157e-04 -1.814077763464231111e+03 8.345211620798084762e-02 1.398573530283797328e-01 1.828856685415025218e+00 1.387594524208281257e+02 6.532658660599461875e-01 8.677872224811402635e-01 4.714647699959600757e+00 2.960218404636190126e-01 -7.987643067486560611e-02 6.174756144319609730e-01 -7.518386080201167943e+00 5.611116549788186525e+00 1.842581983088042819e+01 1.868529727958605520e+02
1.283875884749894030e-04 -1.814189541810948867e+03 4.096393254798724737e-02 1.487945195592547953e-01 1.852459492689360943e+00 1.293248474347757906e+02 7.472929768404324991e-01 7.621614119435269341e-01 4.693342419654005226e+00 3.242350666313000840e-01 -8.750769322111873194e-02 3.600485744053091852e-01 -7.086091521415681882e+00 5.269334317598239892e+00 1.947388421288842508e+01 1.759153601268514819e+02
1.440612028830153349e-04 -1.814074357305263675e+03 1.201389036310321345e-02 1.488559838002850577e-01 1.806187201187571034e+00 1.560701169861063136e+02 7.751322258765853679e-01 7.662494231715279991e-01 4.705284350938442550e+00 3.033113911132814255e-01 -1.097021273175193823e-01 4.079709623180353129e-01 -6.934823742386555523e+00 4.543502958517686707e+00 1.943945281226699962e+01 1.863970910059943265e+02
2.173735806289417709e-04 -1.813662978091508649e+03 8.662203728500236788e-02 1.354429129058499492e-01 1.769292140556603776e+00 1.562350509133608227e+02 7.150811841459923102e-01 8.129496138130778427e-01 4.699145812296122493e+00 3.152139923208134853e-01 -1.248624567879810243e-01 6.219063518039157357e-01 -6.459188734354256667e+00 4.946262637685494568e+00 1.892868926174429234e+01 1.947122783511299247e+02
1.260850436417238981e-04 -1.814207638905752219e+03 4.535145547695923485e-02 1.484232581917514227e-01 1.828664679370963775e+00 1.325206259752465030e+02 7.479150837118057060e-01 7.415732221324593532e-01 4.678964458324780473e+00 3.284047356705697140e-01 -1.073634234905609386e-01 4.651077448746989140e-01 -7.517839097894636780e+00 4.718139168017887464e+00 1.901857358908409878e+01 1.934651994816205445e+02
1.650018688386537880e-04 -1.813938638734433880e+03 1.464764062709030534e-01 1.314826196772677924e-01 1.768522506591282628e+00 1.611042733388216277e+02 6.328547340812884503e-01 8.080020941404213453e-01 4.684572612186627794e+00 3.385069182161000167e-01 -9.932575950553346189e-02 8.548644010727912690e-01 -7.432239612366061010e+00 5.254644842693223517e+00 1.844768550753672542e+01 1.868379722990679568e+02
1.997002969198442910e-04 -1.813747777807315060e+03 2.244563897371026906e-02 1.448246687298008484e-01 1.853367323326835070e+00 1.587570648372046946e+02 7.106617336629845738e-01 7.815326541388174508e-01 4.698317972417738630e+00 3.048718685043823040e-01 -1.128083504894306088e-01 5.543494867278474514e-01 -8.477201686848076179e+00 5.525295545015018739e+00 1.884044906722315460e+01 1.747003703680088904e+02
1.467624333240445764e-04 -1.814055780354920898e+03 4.953061267495095787e-02 1.345753440161467085e-01 1.861131663136568193e+00 1.370213333928541033e+02 7.338847372358487942e-01 8.143744620197321815e-01 4.708652239200985079e+00 3.292385156744144226e-01 -8.750019981749601605e-02 4.596911316682433801e-01 -6.198583636588210766e+00 5.347401788245997878e+00 1.920935188076566646e+01 1.858933730569315514e+02
1.180996949937970184e-04 -1.814273066393974887e+03 5.443305413049687180e-02 1.197826436943454087e-01 1.761658331808153122e+00 1.520626187427874925e+02 6.828454111356454526e-01 7.957774774239487758e-01 4.700183985703019651e+00 3.108941667650200191e-01 -9.498666733443839050e-02 6.075963893421630901e-01 -6.385465837329491023e+00 5.166905983597480656e+00 1.868981713587092486e+01 1.832774201578592965e+02
1.267844424551033014e-04 -1.814202107193661277e+03 6.308975814717182606e-02 1.439374379517706359e-01 1.796258643766332597e+00 1.394257677604902597e+02 7.247464676126158523e-01 7.782658538039830542e-01 4.688626154418397363e+00 3.281516988316441896e-01 -1.009326685848757066e-01 4.557747866484115895e-01 -5.567723619402016766e+00 4.970644190763096049e+00 1.997530552695969774e+01 1.922703835607063638e+02
1.355403539131992230e-04 -1.814135326123725918e+03 6.908371679963395962e-02 1.481704666036794682e-01 1.767642601592602780e+00 1.550400811866896049e+02 6.964709221909131109e-01 8.033293924923283758e-01 4.698021222230795324e+00 3.153313306454372800e-01 -1.260664384716443376e-01 7.176541855201864495e-01 -9.392208979557693738e+00 5.246268038178736326e+00 1.863072091444839629e+01 2.163692582569694025e+02
2.088898641436230576e-04 -1.813702788387315650e+03 8.790370100709196666e-02 1.475170031163332285e-01 1.747201848942695257e+00 1.495624235046577155e+02 6.897204791941805579e-01 8.254880239631625649e-01 4.698992307152365377e+00 3.028094486787638040e-01 -1.069104244222123246e-01 6.777416269462944731e-01 -7.515542594610479910e+00 5.333917149677458447e+00 1.811051814094144419e+01 1.856211749958746111e+02
1.275607122042387047e-04 -1.814196003109150752e+03 3.464865003195535809e-02 1.228899538660944424e-01 1.735553431794535584e+00 1.450235064992971559e+02 7.676205674642472276e-01 7.409426721559360107e-01 4.684559731355255607e+00 3.098575968023815630e-01 -1.317519011930410322e-01 4.871416078283730688e-01 -1.080934821599382190e+01 5.028959264487209424e+00 1.894923600052089796e+01 1.872641432522279672e+02
2.094606545821993881e-04 -1.813700059619131025e+03 -2.262392777911348407e-03 1.335435502589583379e-01 1.870219977508179809e+00 1.448476368868032864e+02 7.819786100850771859e-01 7.698237348529135549e-01 4.695681225311603590e+00 3.180278210883755730e-01 -9.414183040993728824e-02 3.760546560972169994e-01 -5.588383537078954078e+00 4.728702189313871429e+00 1.917234229586794925e+01 1.782194372578414061e+02
1.161100169587221578e-04 -1.814290057370868908e+03 5.886090860146220294e-02 1.391707731047838459e-01 1.823053953773912106e+00 1.603768417782582389e+02 7.037438807514925232e-01 8.220405510061772336e-01 4.717916183376351213e+00 2.747170208690676851e-01 -1.046742919935765848e-01 6.521208380536671623e-01 -9.949279712413130028e+00 5.759455026735693650e+00 1.947136905519042216e+01 1.855701909240580108e+02
1.951293931024445792e-04 -1.813770932641684794e+03 3.031051388383920742e-02 1.499198037445702847e-01 1.870881792019928547e+00 1.338206864018674480e+02 7.059459943553580974e-01 7.798604792581256273e-01 4.688813904238058328e+00 3.207115406192613261e-01 -9.577862053291474886e-02 4.505255135645364062e-01 -4.161582917543825033e+00 4.908708635953495936e+00 1.892913223238923592e+01 1.866917754338162183e+02
1.474586855829787037e-04 -1.814051047495762532e+03 1.292934373357218503e-02 1.389495844040868067e-01 1.807994550461335947e+00 1.502861868154126341e+02 7.612081671927412030e-01 7.943513859948136968e-01 4.703427042855391704e+00 2.896814762459705150e-01 -1.232474853346654520e-01 4.819791650044467080e-01 -8.179893242743901283e+00 5.278121951189040928e+00 1.909707993256415293e+01 1.658096582812642623e+02
1.954837528101034379e-04 -1.813769118264423923e+03 9.259469123287608627e-02 1.245233135254958656e-01 1.759295556576613961e+00 1.444848481960489721e+02 6.507919126989804015e-01 8.001270971067855342e-01 4.684074456668166242e+00 3.184645920505597694e-01 -1.155577554832809550e-01 6.218045057009127241e-01 -6.557521404700224821e+00 5.349690328391387695e+00 1.927004626123696340e+01 1.784759517358971550e+02
1.327713415392563559e-04 -1.814155967122473612e+03 9.067302100955185185e-02 1.479237894105859541e-01 1.802453617208096937e+00 1.678663183093239581e+02 5.601721071536975849e-01 8.761831956977261804e-01 4.689956681684268602e+00 2.902773668426774645e-01 -8.646551114102307700e-02 8.189413369766910256e-01 -6.689297775394749124e+00 5.527311377396593173e+00 1.987804432278839073e+01 1.981490918929781344e+02
1.310719875773128074e-04 -1.814168848838805843e+03 1.462930678883903879e-01 1.433894809485818655e-01 1.752312388020962786e+00 1.608317752548383055e+02 5.658871479556012440e-01 8.925289654371206804e-01 4.700393810946197348e+00 3.065850674654968522e-01 -8.795656430284926053e-02 7.479669245766017438e-01 -8.727865943578336783e+00 5.542785815694672991e+00 1.912407071621591115e+01 1.838942909477945307e+02
1.730399347688849315e-04 -1.813891073129891765e+03 1.115277203243847659e-01 1.171358381537150051e-01 1.804980507507337961e+00 1.525239108218825379e+02 6.206259575248980198e-01 8.809376066247571746e-01 4.705596863062590174e+00 2.776923648859208615e-01 -7.430931724221823131e-02 7.093187204563109471e-01 -7.753046953943709241e+00 5.403638519057230027e+00 1.924282519165709715e+01 1.804721902147485935e+02
1.312392796383896824e-04 -1.814167573315374966e+03 -2.087507948813932535e-03 1.462771748233322178e-01 1.777304932644974578e+00 1.489278705697301746e+02 7.583095461773124990e-01 7.441206471460604099e-01 4.684603526425082265e+00 3.218496320726000892e-01 -1.156755270583806894e-01 4.336745352257904695e-01 -6.491692585740082677e+00 4.655412571011097178e+00 1.878855372851784367e+01 1.822605198561597604e+02
2.013768793495672471e-04 -1.813739417360525294e+03 1.155049380757006972e-01 1.385254867311360438e-01 1.772242811022326947e+00 1.444384895553697277e+02 6.199226843892789995e-01 8.447545491953036834e-01 4.690340066508916550e+00 3.090706396474312001e-01 -1.025413057278541373e-01 7.046219455057090020e-01 -9.223846382059946336e+00 5.435420855848804855e+00 1.991324464085120383e+01 2.012224985352713986e+02
1.447331237024607079e-04 -1.814069704014184026e+03 8.237936985749594321e-03 1.472447149943410249e-01 1.847988055072126379e+00 1.539963442502663042e+02 7.453968103700817638e-01 7.637633202536160404e-01 4.691886423712575471e+00 3.105595747446721067e-01 -8.436166881099627091e-02 4.770844999377183426e-01 -8.318190569048056204e+00 5.075278769317459471e+00 1.991004419689390659e+01 2.077792198319185957e+02
1.411305998363661233e-04 -1.814094909832908343e+03 8.099546109230235102e-02 1.294146699287798408e-01 1.860803640357725719e+00 1.518076818883880321e+02 6.496659869165283263e-01 8.519249604870833270e-01 4.713982901593557706e+00 2.894715786503005983e-01 -7.271371342308352581e-02 6.998789176935468204e-01 -5.197368075065526227e+00 5.593216941539025377e+00 1.880797859847749365e+01 1.879429182363254824e+02
1.222287359910518450e-04 -1.814238701360062805e+03 -4.136308845616741559e-02 1.350348808894141495e-01 1.846337013649003822e+00 1.652160662251722272e+02 7.990350989726920927e-01 7.554579493838065041e-01 4.700400911309966290e+00 2.813168837052006932e-01 -1.144179476809108476e-01 4.146555127033180188e-01 -7.611679992308495457e+00 5.547506181171169004e+00 1.895397573162271954e+01 1.814161034791200677e+02
1.339325170414034977e-04 -1.814147259465634079e+03 1.322433006546423762e-01 1.307884004628160624e-01 1.762562505182422967e+00 1.467950599825464906e+02 5.598264216021244799e-01 8.852630829965411063e-01 4.697360771366771992e+00 2.906906244170766040e-01 -1.008790874398273196e-01 7.860251288758732802e-01 -8.079901270862194451e+00 5.514813660935091733e+00 1.895597023335915310e+01 1.816669128292984681e+02
1.270092280304271719e-04 -1.814200335789089422e+03 8.805045007678519164e-02 1.482191406407332435e-01 1.829202146934162165e+00 1.565273082735471348e+02 6.675009823801246744e-01 8.162597982731547575e-01 4.711369587682245452e+00 3.275768539012604563e-01 -6.996840320070862873e-02 7.433428888856911110e-01 -7.123583589358162271e+00 5.213191834592789675e+00 1.905578640714256267e+01 1.794857454604991176e+02
1.662942377860824000e-04 -1.813930836798479049e+03 5.090810092498770922e-02 1.417485952333457921e-01 1.860091381728671500e+00 1.429371426846357451e+02 7.387480460712344543e-01 7.755302500669367660e-01 4.687023473267721840e+00 3.152671214690478951e-01 -9.118501538985257504e-02 4.863188024186954062e-01 -4.334899700249678745e+00 5.652173015650463483e+00 1.949512814812315398e+01 1.924025673467162392e+02
1.915473139379561172e-04 -1.813789460686289203e+03 4.045390086903172255e-02 1.410187195681786021e-01 1.893372428277666053e+00 1.539151063485168152e+02 7.241745665279838429e-01 7.823003151174561243e-01 4.696310958692912152e+00 3.313025063220047528e-01 -9.518431979217201189e-02 5.790365251561345739e-01 -9.101678362657025900e+00 5.458020722651224510e+00 1.884979482137216777e+01 1.837888374619740546e+02
1.641502088010798660e-04 -1.813943813618604509e+03 6.727140194598230094e-02 1.486675713257947506e-01 1.739138028234608058e+00 1.515807127630127695e+02 7.021717702412431095e-01 7.722082816983071307e-01 4.687172820567929499e+00 3.401209210533628902e-01 -1.183796647155550552e-01 6.110114893230991218e-01 -1.031376635273423403e+01 4.887796802749422298e+00 1.972327070088597623e+01 1.832080925388095523e+02
1.145837451038924553e-04 -1.814303289580625005e+03 5.685497996635702211e-02 1.247065605227317964e-01 1.854765302865429177e+00 1.626948591712255450e+02 7.441867749505940433e-01 7.682193628024163168e-01 4.691470492831292916e+00 3.418237186514154757e-01 -1.040407742001527858e-01 5.342064653047516876e-01 -6.542329130596471032e+00 5.582215084657726756e+00 1.879638874097999590e+01 1.955769940899914161e+02
1.317924320253438726e-04 -1.814163367334286932e+03 8.444557175989009234e-02 1.435086640834737082e-01 1.866443463061900232e+00 1.515443501209879287e+02 6.752067289520828908e-01 8.073042787246496044e-01 4.702252910955563081e+00 2.969874498361870785e-01 -8.358362907661343044e-02 6.681896628521589721e-01 -7.218101091920743784e+00 4.486645010546075341e+00 1.952607137076089927e+01 1.910770436424436127e+02
1.185035583048355771e-04 -1.814269652546551924e+03 4.539539855579577399e-02 1.495158081798507455e-01 1.835596481417360870e+00 1.346384484713841800e+02 6.803374212431775314e-01 8.217279955587153406e-01 4.695030971192051261e+00 2.823987912168344216e-01 -9.968851405296641488e-02 5.006040434861733779e-01 -9.098882666622785109e+00 4.679907957353290904e+00 1.910144519627854365e+01 1.900170342836469217e+02
1.303522955502243780e-04 -1.814174354783675426e+03 1.132525826304086325e-01 1.472481843501220744e-01 1.792027543270619638e+00 1.431878083818912444e+02 6.498783032140080795e-01 8.369915477188329955e-01 4.690987249209099375e+00 3.020841884435971902e-01 -1.104363018892455806e-01 6.873031971674373741e-01 -6.572787267757405516e+00 5.038215263518996956e+00 1.928118766205211188e+01 1.724584115391496368e+02
1.870486056804781454e-04 -1.813813227028059828e+03 3.810508158311187721e-04 1.462714022203846220e-01 1.772241108507467189e+00 1.491289958300377521e+02 7.838695287789911870e-01 7.475476127261524439e-01 4.693765177102380726e+00 3.067731503680461991e-01 -1.220468445418192438e-01 4.332123321002174232e-01 -5.763576054223761957e+00 4.906436146892234618e+00 1.931910240133294465e+01 1.697636783053675344e+02
1.720637803625455473e-04 -1.813896730310425710e+03 3.459090429684352763e-02 1.357348954172449551e-01 1.825421788410554136e+00 1.405348031318827111e+02 7.416345304358574753e-01 7.687095664977194875e-01 4.686973515652026023e+00 3.207547328989550639e-01 -1.108335476314583623e-01 5.483643772684129170e-01 -7.130219676877572965e+00 5.104861119376691292e+00 1.905501919192653659e+01 2.006420361841364581e+02
1.216461570837025388e-04 -1.814243479055775424e+03 4.387799043991164050e-02 1.464421679917572161e-01 1.828405185802047583e+00 1.524776878579378092e+02 6.914018251555366090e-01 7.888634708607915602e-01 4.708670333982395206e+00 3.129913071780265899e-01 -1.032506324281445842e-01 6.275332538214116740e-01 -6.950505011492737140e+00 5.233305718662095707e+00 1.929283494260680598e+01 2.034577786289500807e+02
1.420626647089273415e-04 -1.814088327273541381e+03 4.474317014156040107e-02 1.352288471568959538e-01 1.762484334036498623e+00 1.536769213940030738e+02 7.397998039269668702e-01 7.532439884665738106e-01 4.695068493418125932e+00 3.339194391522519734e-01 -1.389989399237896439e-01 5.523339749462535808e-01 -6.139498188959635172e+00 5.291945898988403840e+00 1.908127294211869796e+01 1.970731646546238665e+02
1.299648390488703854e-04 -1.814177331589547748e+03 3.523284865811127098e-02 1.240015830062681512e-01 1.782438261386833922e+00 1.490871205797587606e+02 7.862304912509944232e-01 7.663374199161445688e-01 4.696506119193116113e+00 2.948136222751907010e-01 -1.023930857800976479e-01 4.390611835112324668e-01 -6.978838182860414463e+00 5.785135068896885002e+00 1.913135453509218209e+01 1.931087944926902367e+02
1.939436190746111780e-04 -1.813777028041067751e+03 1.231103989594378723e-02 1.304420072484722415e-01 1.854410361088794090e+00 1.422984836433880389e+02 7.257013634090081489e-01 7.777699623559373165e-01 4.690728284535719439e+00 2.964319684868244043e-01 -1.022231970350180319e-01 5.084231635910393399e-01 -6.247444227503763159e+00 4.637759323288137558e+00 1.891683144613176637e+01 1.850168395915585791e+02
1.594419289884117439e-04 -1.813972915760211436e+03 4.508882053622198516e-02 1.427933781593313800e-01 1.746747548368186465e+00 1.347700600525873256e+02 7.358481550540059146e-01 7.685975767157955385e-01 4.684663022963896140e+00 3.025739634296271685e-01 -1.305061012405281939e-01 4.336258445453778365e-01 -6.754978758495639113e+00 5.350595311806705112e+00 1.892815728163765954e+01 1.868145042559959847e+02
1.870503471347069316e-04 -1.813813217717933640e+03 9.272258941488945028e-02 1.480940353434554158e-01 1.764008070084755353e+00 1.382962224009046395e+02 6.319308756346594391e-01 8.361935184820044054e-01 4.684996290068992764e+00 2.882645622266868379e-01 -1.009076059530458203e-01 6.373598117173890909e-01 -9.142749612106115364e+00 4.628692650690768851e+00 1.889571936999900714e+01 1.884555519528696834e+02
2.331001419378290584e-04 -1.813593127379609768e+03 1.302259559565491220e-02 1.266248144128393760e-01 1.765993479924990339e+00 1.661612465336884270e+02 7.680252252436516880e-01 7.395941781706778517e-01 4.686570959735819386e+00 3.371736490026160382e-01 -1.437202401313313338e-01 5.453034310616672320e-01 -1.064123455362604886e+01 5.017139566991346555e+00 1.861325862649842833e+01 1.908806300104290870e+02
1.201195778583159324e-04 -1.814256107805789270e+03 1.152647476492667244e-01 1.441403692274459136e-01 1.792732341114869676e+00 1.807207583743937960e+02 5.999564648507011988e-01 8.025696886507380778e-01 4.667055672107977671e+00 2.964372755930322345e-01 -9.603947163824333444e-02 8.555046285299814368e-01 -7.700309629457478877e+00 5.123997028844695656e+00 1.989765867684256762e+01 1.907536004380805252e+02
1.358929809332062237e-04 -1.814132727863504215e+03 5.173896702344787935e-02 1.390157796213968011e-01 1.818187030638495294e+00 1.440739701171546585e+02 7.186512548797604483e-01 7.914453362421940419e-01 4.688652293583367658e+00 3.215496253652441183e-01 -1.085248280053148218e-01 5.916504184420802170e-01 -7.972456833003406018e+00 4.608260618708892586e+00 1.843406034853023456e+01 1.905659468482982959e+02
1.180618230433920322e-04 -1.814273387123203293e+03 7.189645486218643189e-02 1.442757585219596461e-01 1.787237198236408808e+00 1.543134760319809402e+02 7.192723855566058866e-01 8.203412026861873763e-01 4.719213285200980934e+00 3.067290486329894428e-01 -1.077185837407257374e-01 5.652453324105255472e-01 -6.696652149081330663e+00 5.443192075755831638e+00 1.866212492622743113e+01 1.681398242502760638e+02
1.662630606246592272e-04 -1.813931024297966587e+03 4.182999535064940710e-02 1.389933101093880630e-01 1.776269813793841301e+00 1.808639893327429604e+02 6.575192245413766789e-01 8.063278928405830381e-01 4.689920110886549587e+00 2.870423922759000046e-01 -1.167797412134896629e-01 7.316307690400992714e-01 -3.198298553194149463e+00 5.585083384130218320e+00 1.898617934692858711e+01 1.950859364119520478e+02
2.068313551547656893e-04 -1.813712691782753154e+03 1.742630953342563793e-02 1.443712781776760601e-01 1.874799530464986042e+00 1.545059411497258566e+02 7.383560403560207597e-01 7.741598757140470966e-01 4.695487657631861822e+00 3.214137148742075567e-01 -1.065598946702808192e-01 6.542402571721005478e-01 -5.565496992531933529e+00 5.010407337517452930e+00 1.894181093316138487e+01 1.824446996671345005e+02
1.240207135692400410e-04 -1.814224146937997375e+03 7.267228374467660235e-02 1.484304458850389807e-01 1.870720054276849176e+00 1.446861336458248672e+02 6.566726850198982834e-01 8.832277584698131623e-01 4.721757014674643926e+00 2.792374347414545710e-01 -6.667685281719348822e-02 5.810752521691330275e-01 -5.050032186755231578e+00 5.520511630422553218e+00 1.942931158401317759e+01 1.837318291471582370e+02
1.952078151463338990e-04 -1.813770530824777325e+03 4.150734825411458995e-02 1.287345039662070312e-01 1.818517723459514457e+00 1.652584469784925432e+02 7.122714394813074446e-01 8.428042536879245539e-01 4.701491853921467623e+00 2.892129556020932579e-01 -8.436067998444274352e-02 6.472424258187730040e-01 -8.252559893340503550e+00 5.232623474972886157e+00 1.880002733824992589e+01 1.937049018641794476e+02
1.346451224570214069e-04 -1.814141952939825387e+03 8.229760187444931652e-02 1.493199311617852409e-01 1.795938949523365302e+00 1.495371130662032328e+02 6.152198828075265968e-01 8.327606760483685644e-01 4.685503763404982536e+00 3.159665890427203472e-01 -9.178120122788202551e-02 6.559335062964736229e-01 -6.454656962559511157e+00 4.386789916995592620e+00 1.929368528694197593e+01 1.911515926592459778e+02
1.876802405784868657e-04 -1.813809855867806164e+03 3.608602414245015710e-03 1.386052030080811848e-01 1.867554075130392732e+00 1.610251652872912871e+02 7.543416278851452494e-01 7.961384343674975383e-01 4.703001558299402696e+00 3.408792927069688172e-01 -9.106127849062639612e-02 5.620643218771904648e-01 -6.903394003131296586e+00 4.996110240988893558e+00 1.984052889579967882e+01 1.980267881775492640e+02
1.651769809664824207e-04 -1.813937578023583683e+03 1.227310566259859070e-01 1.440798036882058042e-01 1.746681827419503286e+00 1.311411566395947830e+02 6.306337879547715408e-01 8.339588762561216395e-01 4.695547887544098131e+00 2.894993610295724107e-01 -1.030549517321737163e-01 6.018955742214469051e-01 -7.144296161158251834e+00 5.064071632341460294e+00 1.897203854164253300e+01 1.740443026763103376e+02
1.792078845716517062e-04 -1.813856049036266540e+03 5.255637199208731958e-02 1.474257245734761079e-01 1.821952736730974465e+00 1.467531679847822375e+02 6.448551131463547970e-01 8.118694369918664222e-01 4.686817216737351188e+00 2.997663503365226578e-01 -8.233817126252063190e-02 5.973122691454784139e-01 -6.761181147875248598e+00 5.409964718658955007e+00 1.832948369788523024e+01 1.953187497477941861e+02
1.974119243497978056e-04 -1.813759303002349725e+03 2.760344685874835391e-02 1.422990512192847945e-01 1.815999213125519596e+00 1.312515636382287312e+02 7.432946334614354278e-01 7.646474205277964398e-01 4.700942669496391169e+00 3.074150909762829453e-01 -1.049701931447342140e-01 4.161374793116603965e-01 -8.477586793745530258e+00 5.363007694870192132e+00 1.903460941509283089e+01 1.872063583189346048e+02
1.748138438298934465e-04 -1.813880873876368241e+03 5.181269608919292224e-04 1.332861858234231367e-01 1.862913923693847451e+00 1.510666838428682581e+02 7.618896686949423458e-01 7.627358863319591009e-01 4.687278684919832017e+00 3.092649819771799979e-01 -9.518351873200314728e-02 4.193923438486494293e-01 -8.298716380763352163e+00 5.539871047285815919e+00 1.902775478501272843e+01 1.849702172585947437e+02
1.305730766354790888e-04 -1.814172662490311268e+03 1.014654922394239989e-01 1.423730967190330599e-01 1.832400739470222639e+00 1.418016355073776822e+02 6.468333976325696399e-01 8.623798696940956354e-01 4.700728160991325844e+00 2.774290657877480637e-01 -7.025506411594539813e-02 6.191515420068099962e-01 -5.912719320313101434e+00 5.097848837451568471e+00 1.921908662548588254e+01 1.817641422430792488e+02
1.260348773054477368e-04 -1.814208036861905384e+03 9.674075763009726270e-02 1.340368822001526128e-01 1.814110860554025706e+00 1.515423909222835448e+02 6.391790329293672857e-01 8.246750368589428337e-01 4.680088456968810817e+00 3.177675032069680050e-01 -9.332814696814950572e-02 7.440154554971541989e-01 -8.635110926473060999e+00 5.053871594674741452e+00 1.969925929767924089e+01 1.800774478945863564e+02
1.457434473944862487e-04 -1.814062747668187512e+03 5.220243205347815940e-02 1.383935142509176985e-01 1.836854149106484257e+00 1.316355998938333300e+02 7.261792280918353271e-01 7.741095889332643143e-01 4.693728136197202083e+00 3.181163180182484673e-01 -1.119799960844585218e-01 4.428718402014200639e-01 -7.552293099900623474e+00 4.807702247362821701e+00 1.919095214032451224e+01 2.026171235364042786e+02
1.208263060061018173e-04 -1.814250241507820647e+03 1.010195086049264501e-01 1.258941718884896976e-01 1.810911614879127995e+00 1.578955604106352553e+02 6.795333254176447735e-01 8.475508523989083720e-01 4.719982732493652300e+00 2.816904940508053734e-01 -8.408074175729374211e-02 7.479061088554175285e-01 -5.638329097686920477e+00 5.563376620900895020e+00 1.954497308657598964e+01 1.874485817757866073e+02
2.083766988701821557e-04 -1.813705248040581182e+03 4.243676785576885879e-02 1.303712796872642243e-01 1.757094165630559424e+00 1.482807465438733630e+02 7.094572516106756321e-01 7.609748882778171186e-01 4.683759404766481893e+00 3.042120828244820885e-01 -1.266042609055697543e-01 5.092490516447449878e-01 -8.145604834170683262e+00 5.311328924015312758e+00 1.992768456786975406e+01 1.822649616698307398e+02
1.378331384944894429e-04 -1.814118551722353459e+03 5.374359504772013851e-02 1.353160697791024603e-01 1.782665910695443223e+00 1.555890841907250604e+02 7.044804231991682597e-01 7.484706419437887615e-01 4.667930805290495755e+00 2.990286709249105890e-01 -1.192562528815181988e-01 5.704866303034126229e-01 -6.831582907373785929e+00 5.470562635325304512e+00 1.959553632320987049e+01 1.789553916980137842e+02
1.634685121148843269e-04 -1.813947975149228341e+03 1.251217099687811640e-01 1.350283262231013193e-01 1.742404071594891413e+00 1.547696177209194559e+02 6.061452050884630349e-01 8.375279894673834935e-01 4.678637165704362388e+00 2.909593877443550358e-01 -8.549468772915203019e-02 8.489378673211251947e-01 -9.010169010345435936e+00 5.722088039784578584e+00 1.893591897575530680e+01 1.867560482185597266e+02
1.445639053032481971e-04 -1.814070873873543405e+03 4.007005403662938781e-02 1.491392713782974944e-01 1.773898937520849373e+00 1.632331553293907973e+02 7.328670619160678745e-01 8.360566454187423613e-01 4.716796495986277371e+00 3.147143517266639545e-01 -1.173186778803656516e-01 6.687636691553746626e-01 -7.703686474100578607e+00 5.201338451737091972e+00 1.991809467292771174e+01 1.971025970490666168e+02
1.801779406871790914e-04 -1.813850650612604795e+03 2.515084566580225167e-02 1.406910349742264976e-01 1.864332333188595037e+00 1.383101617260963394e+02 6.981408192439410021e-01 8.117323538919773984e-01 4.696345234881635022e+00 3.141447171059623678e-01 -1.001302443375204909e-01 4.990436019034539816e-01 -7.492406767655609201e+00 4.891676713794423925e+00 1.933038045435120367e+01 1.879464781970673357e+02
1.571421508594111254e-04 -1.813987444719375162e+03 3.127429742378637356e-02 1.474120622181310514e-01 1.798397357720388001e+00 1.535725031158679883e+02 6.967187109637927867e-01 8.028541119397500925e-01 4.705958522718659331e+00 3.272804805527269600e-01 -1.132977947589302037e-01 5.639632451206544328e-01 -8.020147985897580156e+00 5.130802801748823860e+00 2.002055771564259601e+01 1.749427188093424093e+02
2.156411173865305675e-04 -1.813670980002273154e+03 6.820565144801968294e-02 1.210831114431161482e-01 1.708522378650719098e+00 1.620331673192456492e+02 6.876936694150506124e-01 7.956955149373412528e-01 4.682212781182721884e+00 2.887422153960448323e-01 -1.356510496923111209e-01 6.800700299017233830e-01 -7.712061701867980901e+00 5.820463748554272065e+00 1.948301937886065360e+01 1.893189152831038484e+02
1.564550696980547063e-04 -1.813991826660385641e+03 5.271183837519669013e-02 1.432102300260139904e-01 1.734711632580181018e+00 1.428884663752069457e+02 7.043535914322115454e-01 7.964286988355333552e-01 4.706261429329835266e+00 2.962159953497178755e-01 -1.167386121680806799e-01 5.058758047653245660e-01 -7.476127881311185774e+00 4.929821693998803767e+00 1.872765277328469580e+01 1.871636151741561491e+02
1.424178760742468000e-04 -1.814085830009236815e+03 2.655996153591236308e-02 1.473995219954143676e-01 1.870980076924254831e+00 1.488718993284491319e+02 7.549001112240766309e-01 8.129387729244224037e-01 4.704420936020630606e+00 2.855664688434620402e-01 -8.228670267108029179e-02 5.282937841620731767e-01 -6.623359773902478764e+00 5.114716458956336531e+00 1.870249791402778072e+01 1.910802720537708694e+02
1.615285648846019877e-04 -1.813959913535192072e+03 2.068318941008015499e-02 1.485202612879448492e-01 1.868907928509167427e+00 1.633475797454677547e+02 7.515776330950908468e-01 7.612694910626176537e-01 4.686456469926252311e+00 2.928302831304772091e-01 -8.990499685361985627e-02 5.356441267406375495e-01 -7.291272248490628272e+00 6.041782491098657282e+00 1.859423182596298219e+01 1.979569948098155407e+02
1.648582939677028408e-04 -1.813939509254103768e+03 6.526757429734655891e-02 1.434034467906257493e-01 1.787874332379403519e+00 1.389710319098032016e+02 6.741938130297149279e-01 7.866234732855947875e-01 4.688405344713522105e+00 2.968589252211932816e-01 -8.987166665022372491e-02 5.457565908357485673e-01 -9.157090828439180541e+00 4.774494600637169128e+00 1.943831795090289560e+01 1.920420154688455909e+02
1.644882055567441399e-04 -1.813941756665673438e+03 1.361784448965347449e-02 1.481920641303308972e-01 1.828019377893513209e+00 1.398002546182047467e+02 7.276423768283829530e-01 7.918091600492520588e-01 4.690191467776864798e+00 2.908764631008959878e-01 -1.128192457752956734e-01 4.844675247423483322e-01 -6.106910755187016093e+00 4.997811579115940539e+00 1.872047543659949298e+01 1.987391721301994210e+02
1.352126556846378839e-04 -1.814137746768202305e+03 6.981666819262757895e-02 1.486295181410076383e-01 1.778650583399699059e+00 1.337786664112128392e+02 6.768622047805644693e-01 8.038536797674822321e-01 4.694897900039586958e+00 3.244565185036685229e-01 -1.202453467500772533e-01 4.838434456781760540e-01 -6.186932799217885304e+00 5.179574908222295271e+00 1.941976615197682321e+01 1.719416624430076865e+02
1.149124624343326616e-04 -1.814300424892282081e+03 6.194865929216597511e-02 1.376957215823777225e-01 1.798790469540744397e+00 1.363728206158308183e+02 7.143281186139637251e-01 7.871204555980553241e-01 4.693910934592857132e+00 3.093791072600480252e-01 -1.034290525338019684e-01 4.571310095108352956e-01 -9.231571777512073140e+00 5.738055228867500190e+00 1.883678627082352364e+01 2.043762719027344303e+02
1.846322788218442243e-04 -1.813826229369592511e+03 1.004525768148042120e-01 1.480889937212885588e-01 1.790483825248259109e+00 1.532385758907201705e+02 5.850306070444478701e-01 8.764446546775501723e-01 4.698034303962312919e+00 3.012428448643582612e-01 -8.151276587615807756e-02 7.273559132768881996e-01 -7.460523070202185636e+00 5.809074009871961763e+00 1.826054190268544630e+01 1.922291028872220693e+02
1.462879745798720895e-04 -1.814059018426910825e+03 5.783120626612062165e-02 1.363943670673149200e-01 1.801326559080089318e+00 1.586401403807795703e+02 7.220855764623340667e-01 7.779920340731756312e-01 4.701897411654560877e+00 3.390289829384651732e-01 -8.517967561361894369e-02 6.093397676212338743e-01 -8.901657358510135509e+00 5.692967801405490746e+00 1.900292791983215679e+01 1.804696892729978970e+02
1.337726571583534429e-04 -1.814148453763820726e+03 1.830205345074215062e-02 1.454956077404687964e-01 1.812093020869894211e+00 1.388905230690728274e+02 7.411317052207960776e-01 7.983123159073965969e-01 4.702890415171138372e+00 3.135768158205960443e-01 -1.283425366396113709e-01 4.887312946169419248e-01 -6.368843321455528894e+00 5.435783333580967991e+00 1.910014304182094946e+01 1.888590615989366199e+02
2.129874471689370910e-04 -1.813683362304071579e+03 7.592865856237018818e-02 1.495999190636694565e-01 1.823306634053200703e+00 1.348474984987066136e+02 6.656683168024830621e-01 8.227122533377138058e-01 4.693893085546319455e+00 3.064964730728592102e-01 -8.448752089930788856e-02 5.974954711726461198e-01 -7.566086893021093829e+00 4.859482542983406539e+00 1.943485892513474766e+01 2.075675490271675585e+02
1.608289065806074996e-04 -1.813964254426684192e+03 3.758729000576530033e-02 1.450299147331781391e-01 1.797022983364700899e+00 1.535960857365663799e+02 6.644230291095146734e-01 7.924929814328298683e-01 4.676829260285583878e+00 2.969990474913346556e-01 -9.895514297120167058e-02 5.792397242808021707e-01 -5.713694349007710116e+00 4.922899891951271201e+00 1.918502610399974628e+01 1.790750593330958509e+02
1.335335302173659136e-04 -1.814150242925584053e+03 1.208393718720369436e-01 1.444535676232349963e-01 1.733684666037444089e+00 1.551742527134263128e+02 5.569017139801116789e-01 8.780283107336184223e-01 4.690236312679372688e+00 2.860203862697494603e-01 -1.150110783098905465e-01 8.564950916640079459e-01 -9.809597996276551157e+00 5.810941992893003949e+00 1.887334083170455301e+01 1.966388465749461147e+02
1.412003888056412369e-04 -1.814094415455928811e+03 5.093747234856038641e-02 1.112854330174878059e-01 1.786096809747611758e+00 1.595244461687800310e+02 6.973042177383161899e-01 8.353978534843014003e-01 4.714441637570097932e+00 3.034829178382378867e-01 -8.330734440968123877e-02 6.793952316735100139e-01 -8.941578238513386623e+00 5.188835068112518378e+00 1.875818120952999024e+01 2.040666719718636841e+02
1.303685591584327543e-04 -1.814174230024892722e+03 9.496910042749689973e-03 1.391040434083435640e-01 1.811630077903308766e+00 1.427993345677266177e+02 7.273230374671650900e-01 8.279053236181166398e-01 4.720892510489760774e+00 2.780409153714851200e-01 -1.090094780618504622e-01 5.161236092316545676e-01 -8.696688509504696185e+00 5.305086770342359870e+00 1.935756528492016315e+01 1.911089998672164256e+02
1.304000946391784368e-04 -1.814173988159312330e+03 9.235827506783791940e-02 1.453566541249171895e-01 1.865170788672134705e+00 1.597510444853396336e+02 6.655843575865567630e-01 7.983152926105456793e-01 4.687976511672728996e+00 3.358117890799501293e-01 -7.118327814405778220e-02 7.185826543760150953e-01 -3.235491554488902466e+00 4.758258984812524517e+00 1.931070377279542427e+01 1.790290447175897270e+02
1.371123318489153966e-04 -1.814123795004201611e+03 1.043364860614635903e-01 1.412961513542299874e-01 1.784449403433097103e+00 1.472796120720667261e+02 6.530063920510917885e-01 8.541314653064411289e-01 4.699807248175626562e+00 2.688783399597929336e-01 -1.001816827570398694e-01 6.403102287112251156e-01 -7.460726514463402737e+00 5.513652549821945748e+00 1.945783426816138828e+01 1.708298480414096616e+02
1.380870632551672254e-04 -1.814116711155184021e+03 7.140221714682287724e-03 1.465823862429837809e-01 1.837136774632529779e+00 1.648390231864813700e+02 7.302698315187261535e-01 8.135419575187046171e-01 4.708721697097520753e+00 3.051847071837252567e-01 -8.605864398277085492e-02 5.512614033895633092e-01 -7.804295710509705941e+00 5.985446539625960405e+00 1.883712395605041579e+01 2.048351689878259378e+02
1.242823362337466288e-04 -1.814222039652069725e+03 2.655236371292479802e-02 1.123262425887771310e-01 1.750533169538789124e+00 1.608522075150564774e+02 7.371708101658959178e-01 7.542195039982402260e-01 4.683664776037957722e+00 3.134750233427980870e-01 -1.174623072655494038e-01 5.708547533242319671e-01 -6.407585070602692667e+00 5.881517978343242525e+00 1.863116793967833829e+01 1.741203688321276672e+02
1.580197937096300225e-04 -1.813981875232741459e+03 6.408148589219278546e-02 1.484606215273322760e-01 1.765113211533444471e+00 1.351468838726335662e+02 7.247477987458620374e-01 7.723954006540185713e-01 4.690186067172274598e+00 3.251006704873964370e-01 -1.172798279198312699e-01 4.550363479777408404e-01 -8.906027937861750843e+00 5.083674377428515356e+00 1.826154561468962356e+01 1.930074721257578574e+02
1.861303905763883517e-04 -1.813818148081850723e+03 8.886710943005673990e-02 1.447143333899250928e-01 1.780057660478352233e+00 1.350557132261021138e+02 6.979892767136592902e-01 7.803428847113151878e-01 4.686451354070651831e+00 3.129534230410739859e-01 -1.003300070421957457e-01 5.007546909378722821e-01 -8.408227404102973424e+00 5.115545850422065222e+00 1.883427218936950709e+01 1.730988375813281550e+02
1.733151290615988680e-04 -1.813889484041817923e+03 5.084182582865842681e-02 1.364313827671367607e-01 1.775012357706373223e+00 1.613020372447988677e+02 7.635920171581748184e-01 7.609784831496813062e-01 4.690173090813225976e+00 3.023440283880043378e-01 -1.326720144627278053e-01 6.180442122131641902e-01 -7.315796547025200880e+00 5.429133168304178803e+00 2.018942388529965015e+01 1.913531851298123740e+02
1.648898277249001630e-04 -1.813939317994440898e+03 8.268610173916549066e-02 1.418466499693805949e-01 1.805689548529624489e+00 1.723114787402170975e+02 7.367749951045906576e-01 8.113569104387494679e-01 4.702275689465579944e+00 3.183484533405116501e-01 -1.036886643336782932e-01 6.340725867812181393e-01 -5.746383963210234924e+00 4.704953153639168661e+00 1.861126378898969591e+01 1.910671167346742436e+02
1.839769206345694759e-04 -1.813829785216157234e+03 7.817011132804635443e-02 1.403044194662279864e-01 1.800580991088861715e+00 1.327826612748361583e+02 6.782305536255327505e-01 8.124904765563236708e-01 4.693326167069301391e+00 2.985969923494931066e-01 -8.571312044313605938e-02 5.251111092014174586e-01 -7.671845635535333940e+00 4.686531063413101883e+00 1.871411093458718966e+01 1.772754662050753893e+02
2.179558906217481812e-04 -1.813660302828846397e+03 5.486227701794224587e-02 1.482050859974112511e-01 1.777405852450467449e+00 1.304189106202653079e+02 6.864612703830667018e-01 8.018331983925057749e-01 4.696743470389490582e+00 2.989220613527276971e-01 -1.190370678408938510e-01 4.657926807009271641e-01 -9.856124401422022174e+00 5.028483980100917350e+00 1.866263737436535308e+01 1.835029207550281569e+02
1.414282856352934144e-04 -1.814092802761254461e+03 5.183204710259697867e-02 1.256687321540864433e-01 1.823824362166849511e+00 1.410699717717410806e+02 7.126906179909315853e-01 7.855637230447900521e-01 4.695996520925579176e+00 3.194255191759078905e-01 -1.156390293803004621e-01 5.191660591249986911e-01 -8.544646919902220361e+00 5.465221710733048077e+00 1.880179793028824520e+01 1.830995663449458277e+02
1.515367106988438990e-04 -1.814023767624125412e+03 8.965421481173327378e-02 1.353400595362179437e-01 1.758075148189481851e+00 1.564677740114832432e+02 6.566187946189756541e-01 7.979877874489162970e-01 4.678782896852766271e+00 3.051634263026410387e-01 -1.031738353857476476e-01 7.539706960347024589e-01 -9.816612652570739783e+00 6.091568722474516306e+00 1.867923398868309803e+01 1.995561187361484201e+02
1.627153886342867968e-04 -1.813952592941934654e+03 6.686595787706639538e-02 1.476165732235435180e-01 1.781613822336710840e+00 1.391740991328418318e+02 6.467255400486012773e-01 8.390536394254266561e-01 4.698839214051585778e+00 2.783202259379935484e-01 -9.259983565917728754e-02 5.177378250941442328e-01 -6.526697398092977664e+00 5.221477825957721031e+00 1.873408942736254446e+01 1.939922567444342008e+02
1.739608967387911277e-04 -1.813885764991992801e+03 4.340899071454196179e-02 1.257097803966667759e-01 1.808393284984152416e+00 1.395953879212044342e+02 7.304191624129432459e-01 8.038876374802874647e-01 4.710052116421900692e+00 2.983248938673161987e-01 -1.218818281887816823e-01 4.760824673574065025e-01 -7.960184645139975146e+00 5.417187481125962378e+00 1.950534158172811772e+01 1.888757664561301226e+02
1.225094924666058271e-04 -1.814236407018059253e+03 6.486082623931785363e-02 1.353618117301196577e-01 1.778256698866621299e+00 1.476063785773518475e+02 6.819437713273441837e-01 8.328293089615936839e-01 4.721270342751570759e+00 3.155853176138918581e-01 -1.053424249980283722e-01 6.154652669396852849e-01 -8.090482346372937172e+00 5.234106493085088907e+00 1.934715708752765551e+01 1.839167713320815096e+02
1.796718004413120360e-04 -1.813853463678847675e+03 4.446472579649557444e-02 1.361415804316149225e-01 1.774948243637115119e+00 1.532052814537028951e+02 6.805575628590460058e-01 8.116204110944973404e-01 4.711436280751389205e+00 3.027764424653003328e-01 -1.127173410202950699e-01 6.778355282268349047e-01 -9.708432429630818206e+00 5.456244568178947318e+00 1.947550700113609423e+01 1.860323846506010170e+02
1.893210441166040048e-04 -1.813801151314453591e+03 5.575825693599278932e-02 1.479187331946385242e-01 1.828311480131639577e+00 1.460890978242871086e+02 7.104111611396654036e-01 7.750577243145750916e-01 4.696451726112899294e+00 2.935008190944476958e-01 -9.981985147571914574e-02 5.708557205363541387e-01 -7.814349151264025295e+00 5.624823354312469270e+00 1.868110880686002417e+01 1.752091424688813106e+02
1.336156485881684840e-04 -1.814149628150170884e+03 9.585344792179983919e-03 1.320130210451331554e-01 1.807649386001040526e+00 1.432652489116990751e+02 7.659077185651785857e-01 7.643171728131192832e-01 4.699617076328550525e+00 3.107336059448975174e-01 -1.072106422556160510e-01 4.219760222173424835e-01 -9.608650458239310410e+00 4.742748712418642931e+00 1.834985182635995216e+01 1.995792260057887120e+02
1.186312571415643448e-04 -1.814268575531784336e+03 3.771180679139563008e-03 1.410001589895593377e-01 1.870180457315635536e+00 1.583647224778273426e+02 7.242654649772444220e-01 7.620180808709036135e-01 4.692171986750727442e+00 3.052652883193076594e-01 -1.141486210117710343e-01 5.155719173851698311e-01 -5.538934120775593328e+00 5.664762727232708350e+00 1.877140766395446292e+01 1.863110260262347140e+02
1.290275900971848033e-04 -1.814184569276349521e+03 6.350058672445357821e-02 1.445695337866451935e-01 1.840819135847719501e+00 1.501332276614143950e+02 6.180077198958526807e-01 8.622563487000849403e-01 4.704691050768564864e+00 3.051756971597139323e-01 -9.136511617870146651e-02 6.514383250105014733e-01 -7.570047656293525051e+00 5.504043648258738486e+00 1.986305526335174676e+01 1.939584460350316419e+02
1.278140424079044109e-04 -1.814194019120661778e+03 6.044094912244768469e-02 1.498547004622420575e-01 1.767537563525066524e+00 1.495055057278649713e+02 7.025952708826042059e-01 8.474271038087075603e-01 4.723530599665958007e+00 2.691473518278912902e-01 -9.791575747017300380e-02 5.984980866295532831e-01 -8.677002647457271678e+00 5.042378101675515367e+00 1.891530280554920651e+01 1.760104636006265650e+02
1.358241295981678018e-04 -1.814133234650407530e+03 1.098583784660424889e-01 1.454174209104136251e-01 1.771144400163866983e+00 1.483906795352866936e+02 6.231526497596547864e-01 8.374410659779363275e-01 4.683248942349493404e+00 2.800636393167590388e-01 -9.100326247228851528e-02 6.908494234065749584e-01 -9.263993065325990983e+00 5.453375054064513172e+00 2.005579735717222434e+01 1.928602493202182870e+02
1.777614891511444697e-04 -1.813864152831396041e+03 5.534940845512875685e-02 1.314980917496275381e-01 1.747802623485886997e+00 1.530611128153566085e+02 7.230983725275621499e-01 7.516945209838981068e-01 4.677756211021026012e+00 3.273480389649976452e-01 -1.415000615062358413e-01 5.822404606748540212e-01 -9.858242924519970529e+00 4.929369658513205188e+00 1.876644693703899236e+01 1.979396438236867937e+02
1.945383569839155048e-04 -1.813773966182806134e+03 1.040429407960007657e-01 1.336387527408134102e-01 1.780147804698578362e+00 1.504578545632959106e+02 6.446579600723478798e-01 8.347598403149880664e-01 4.690169861637192739e+00 3.262272613240546626e-01 -8.828836265185957544e-02 7.710502672061967377e-01 -8.677881794616013167e+00 5.628969892632285088e+00 1.919354120908078798e+01 1.800107700796657184e+02
1.279714519092056658e-04 -1.814192788327480230e+03 6.321830466253369751e-02 1.167974712447817642e-01 1.742343842142657806e+00 1.634432396977278472e+02 7.431463275696020832e-01 7.492887702423447482e-01 4.682857078445977095e+00 3.132235251896628991e-01 -1.341795687678386528e-01 5.557799707053047156e-01 -7.251769202423929528e+00 5.474872893706739241e+00 1.931742378743961552e+01 1.744487836757353421e+02
1.372100221631203474e-04 -1.814123082774105114e+03 1.028403544687270244e-02 1.373406871432822085e-01 1.814304048383534429e+00 1.406711507911159345e+02 7.635236939968655934e-01 7.616003364751009475e-01 4.690195037685412238e+00 3.107521426069907999e-01 -1.092147099924525300e-01 4.826072149494786134e-01 -4.996290715416961348e+00 5.272865117494029974e+00 1.922361275301354056e+01 1.900775566449239875e+02
1.653621739619376353e-04 -1.813936457472435222e+03 2.085925089025289503e-02 9.780151451817464814e-02 1.794361072965040549e+00 1.588279123865633551e+02 7.711296088366259571e-01 7.779238837388202654e-01 4.704817851399583084e+00 2.705123172852399449e-01 -1.102312243257119739e-01 5.368534811914809080e-01 -5.439923032583863005e+00 5.410172547616998173e+00 1.914445804629583137e+01 1.915750357219978639e+02
1.570843748142014746e-04 -1.813987812454376126e+03 6.002186451128482814e-02 1.128949288100672133e-01 1.717025938047584077e+00 1.572082405258150004e+02 6.546870531254063152e-01 8.389043550421664275e-01 4.697120833926980765e+00 2.886358600609613134e-01 -1.039678553091345492e-01 6.737952897501051641e-01 -9.016053380681199769e+00 5.369671418771093663e+00 1.930729727387758743e+01 1.880310188413902779e+02
1.377971048699673604e-04 -1.814118813185858244e+03 7.691247774399687098e-02 1.404771718326404961e-01 1.817643141532113482e+00 1.353459899160016562e+02 7.151976117265187449e-01 7.903972402152605881e-01 4.697941761515894044e+00 3.353764834780847970e-01 -1.065119046552713833e-01 4.932275257683386704e-01 -7.567821713486040380e+00 5.012422190409426825e+00 1.849892731052083050e+01 1.813821954636443081e+02
1.198228097603747127e-04 -1.814258581468339798e+03 3.142637504969061912e-02 1.480443129713495398e-01 1.826949415711984770e+00 1.442229132021645626e+02 7.076723911601270345e-01 7.918825700693965519e-01 4.697167397937497491e+00 3.097960471603118382e-01 -1.051637182457738628e-01 6.057230641713651220e-01 -4.909933527269316755e+00 4.615705205231579455e+00 1.966334417588000605e+01 1.814796439210792869e+02
1.983648851804013357e-04 -1.813754487345397138e+03 6.036361069297432880e-02 1.337026463850098656e-01 1.767267423074229349e+00 1.420994622330407537e+02 6.909148341074685673e-01 8.130214643899094096e-01 4.702937911737334886e+00 3.156969980488555372e-01 -1.090296092566660491e-01 5.366602182508120045e-01 -1.046247679416688925e+01 4.853894186393925558e+00 1.868699510597604529e+01 1.864614629110126316e+02
2.241492830240458074e-04 -1.813632283262612418e+03 -6.781388368943541689e-03 1.428307616576358352e-01 1.800812024556372570e+00 1.762858103087140478e+02 7.832203778713264786e-01 7.647048749041553961e-01 4.705573580045721016e+00 3.103543127399515100e-01 -1.484722910709757038e-01 4.901128339581109494e-01 -7.107419581252202079e+00 5.160496162174621482e+00 1.860053883335255165e+01 1.825926455716485464e+02
1.882507612377981338e-04 -1.813806820624133479e+03 5.680490589439443627e-02 1.484420825033749003e-01 1.824559333593962940e+00 1.436610723078049432e+02 7.335433382379290546e-01 7.728923921182788703e-01 4.682665433199885818e+00 3.493531857118863382e-01 -1.147889938093245021e-01 5.156719173882537977e-01 -8.273995796723824014e+00 5.296471234140787132e+00 1.888817584959956264e+01 1.947833640481906343e+02
1.844933731182376246e-04 -1.813826981989788010e+03 4.263741060838746599e-02 1.292715799815645494e-01 1.808334527724245078e+00 1.475464390476222150e+02 6.800749827047140039e-01 8.145557186543159744e-01 4.695168372743736995e+00 2.728631508342693746e-01 -1.086469229145872184e-01 5.518551394488336870e-01 -5.656807625314939969e+00 4.815473521795898826e+00 1.955573580140168488e+01 1.872055225382038941e+02
1.338765769254777452e-04 -1.814147677226778114e+03 9.776868807919167348e-02 1.431585649201543020e-01 1.747261253393245894e+00 1.669269528791384687e+02 6.611415592264311414e-01 7.931407558288428028e-01 4.680575655418418357e+00 3.112501983525735039e-01 -1.047977306286520527e-01 7.349272333369081256e-01 -8.798101501350544140e+00 5.339315461115767825e+00 1.858301235643600080e+01 1.540475105125035498e+02
1.878257100193588978e-04 -1.813809081076099574e+03 1.158613540247648566e-01 1.495645455593969386e-01 1.797843936157264011e+00 1.400615697729318185e+02 6.266238369396337493e-01 8.509227793348972391e-01 4.694666248030794797e+00 2.903294260689710526e-01 -8.629856399849633597e-02 7.454847705235828625e-01 -7.178838700787053995e+00 5.560454765109246189e+00 1.961137439895388468e+01 1.841390388364290231e+02
1.295255796083363874e-04 -1.814180717146998177e+03 7.073808966769781770e-02 1.458716834230372184e-01 1.789098819740558177e+00 1.314629839260807387e+02 7.018484352041441943e-01 7.939454167148516373e-01 4.699838178939633515e+00 3.130426327772988238e-01 -1.255387455545791120e-01 4.592400799421140767e-01 -8.439377407875070958e+00 5.102358113164395803e+00 1.917509909560566328e+01 2.010695786883336496e+02
1.426136227605509033e-04 -1.814084456499867656e+03 7.957233426350387995e-02 1.275740154544678651e-01 1.785760869906163784e+00 1.664161250776033967e+02 6.882403611527012632e-01 8.123298935662124354e-01 4.682478085554689251e+00 3.145480583387700868e-01 -9.285548246996899735e-02 6.956648112682354279e-01 -8.846399196116749408e+00 5.422725359732094574e+00 1.877584684968724815e+01 1.697534178716283293e+02
1.435358146329813523e-04 -1.814078010951181341e+03 2.931178899252909198e-02 1.288340052609781849e-01 1.800430520900018649e+00 1.489086294389796876e+02 7.646101193769179183e-01 7.982701042941924285e-01 4.719125618738470251e+00 2.892849565328401429e-01 -1.159216380291812065e-01 4.809148428073987125e-01 -4.928027795179247050e+00 5.099921678086261068e+00 1.912462660840419204e+01 1.941253889170106959e+02
1.957878494453457968e-04 -1.813767563862342513e+03 5.094032510480372977e-02 1.350794474617385832e-01 1.756112021739995477e+00 1.430479487604920337e+02 6.900846228556513084e-01 8.116911005822646796e-01 4.711588300212332214e+00 2.947438084773590372e-01 -1.086586304980239337e-01 5.862716564022072419e-01 -8.528046838543133390e+00 4.940815040169410644e+00 1.959382689480015927e+01 1.864123043219902911e+02
1.149991519659579123e-04 -1.814299670780438191e+03 -1.589588923388463026e-02 1.403616074474743625e-01 1.868808566307375685e+00 1.549125490870675605e+02 7.940693719740981038e-01 7.476367635833232050e-01 4.691448450982889540e+00 3.429955929917056778e-01 -9.336943526078167466e-02 5.206047043541934816e-01 -6.254525586514603219e+00 5.030083141729591034e+00 1.906089577245207067e+01 1.929871262575347828e+02
1.537881653712894149e-04 -1.814009019428625379e+03 6.336718751195968835e-02 1.353799523949256456e-01 1.810250033420356175e+00 1.581001529139891773e+02 7.152151403716668909e-01 7.562734323108324386e-01 4.677951353374760757e+00 3.184335255667991582e-01 -1.047154918921795463e-01 6.065610944069022015e-01 -5.516011419515848502e+00 5.301411778352083104e+00 1.949635174457664633e+01 1.599463151735123176e+02
1.852892682849397496e-04 -1.813822677318304841e+03 5.569786816080318781e-02 1.339174803765806054e-01 1.887867860208703341e+00 1.687633979840120446e+02 7.132133838916682178e-01 8.491148341056560245e-01 4.719137566649436621e+00 3.051680801457534731e-01 -7.176939987335506643e-02 6.437951264196269952e-01 -5.100044437699324362e+00 4.907812844629932947e+00 1.870015081269682611e+01 2.086175295759140624e+02
1.603519262310545382e-04 -1.813967224595831794e+03 9.134543268459777154e-03 1.417059625068966822e-01 1.882095869017315515e+00 1.565843752218488873e+02 7.793808885259893016e-01 7.274085646964689733e-01 4.687136339412853125e+00 3.505233046650746420e-01 -8.551158708417894161e-02 4.557284707136506352e-01 -5.744997948583005609e+00 5.504228008775924330e+00 1.973063094382754201e+01 1.796729442014266453e+02
2.073931937665275064e-04 -1.813709979056248812e+03 3.379456696584481890e-02 1.358250813475319896e-01 1.775522769121549160e+00 1.441030304268910527e+02 7.429403951099610159e-01 7.975526454502328555e-01 4.701121763099529893e+00 2.893558631817543247e-01 -1.176337641631395314e-01 4.355489875261921440e-01 -8.354706772728519582e+00 5.652356650824086337e+00 1.971720554436706863e+01 1.879359604039748604e+02
1.471999474278201008e-04 -1.814052803685418439e+03 7.258241562757306031e-02 1.361343664101918038e-01 1.838129330967720243e+00 1.404337851590549349e+02 6.979023125039366393e-01 7.764393086784335818e-01 4.678628090676133056e+00 3.078663149119840181e-01 -7.909234696321898461e-02 5.793939933024316868e-01 -7.451535634733005509e+00 4.956826698940042242e+00 1.931402537237636352e+01 1.943027846246737624e+02
1.224724985805697496e-04 -1.814236709031167720e+03 -2.257518883537962262e-02 1.141004203974971543e-01 1.833139884633405714e+00 1.544991203087336089e+02 7.909248369093406783e-01 7.668804340312029844e-01 4.710235512864500151e+00 3.108714829324548123e-01 -1.000082418663121864e-01 4.360706853209054268e-01 -5.625102333232774754e+00 4.709880809863120632e+00 1.924448250901467006e+01 2.007894597350884283e+02
1.754591008486781109e-04 -1.813877189562415424e+03 2.485207360999849846e-02 1.355835547411717024e-01 1.825049324687033625e+00 1.592220851093612168e+02 7.466677130754839631e-01 8.143118360653609500e-01 4.704804936634678469e+00 3.036154414446761152e-01 -1.197299508682454494e-01 4.963546529121762863e-01 -6.820650995202754530e+00 5.569835402744027775e+00 1.922327756339903360e+01 1.965155854004357820e+02
1.306625123347389546e-04 -1.814171977777304846e+03 -1.657844235971955849e-03 1.288578292205485309e-01 1.869993008331023887e+00 1.536502305036045755e+02 7.639753180405501887e-01 7.689895694970831919e-01 4.692008874800315255e+00 2.912491596574118269e-01 -1.039210800803980206e-01 4.863940666839616234e-01 -5.950592002829068861e+00 4.539748228524209672e+00 1.947277717241280470e+01 2.065582935376727391e+02
1.536511910488396273e-04 -1.813150174577213193e+03 6.587327056137656789e-02 1.186838955620377056e-01 1.770932671096305810e+00 1.522289035580485859e+02 6.997191772103513729e-01 7.875755640478869779e-01 4.689334606977934250e+00 2.907354775368775623e-01 -1.251684057520154880e-01 6.287668391215990304e-01 -8.545150164147486294e+00 5.425648326189635995e+00 1.977845140554357428e+01 1.843788560039586457e+02
1.469102468932663441e-04 -1.813195037782504642e+03 1.031611599011652836e-01 1.479008207297713151e-01 1.785703455219317171e+00 1.425188948124648505e+02 6.121730284487688634e-01 8.445644118947168710e-01 4.698584575343742742e+00 2.759068230285470769e-01 -1.037479423635323528e-01 6.981603947596125570e-01 -6.574860389342319422e+00 5.604993158363047456e+00 1.879988546119404447e+01 1.829029007401265972e+02
1.519386507867007683e-04 -1.813161382791333381e+03 1.005872820453596883e-01 1.453249525061825753e-01 1.822339786322666022e+00 1.727921812584146153e+02 6.156803584804328988e-01 8.398579019562666392e-01 4.696782099454527071e+00 3.001282859605933773e-01 -7.698354916939154080e-02 8.135446058914496126e-01 -9.156939287185963394e+00 6.435866196673134532e+00 1.964076390914804193e+01 1.855483945880214094e+02
1.196768582249413063e-04 -1.813400064355041650e+03 6.197503377707563876e-02 1.171189761556709896e-01 1.754238199161816780e+00 1.543711409585997103e+02 7.226120215823835791e-01 7.877979794298521909e-01 4.700212867870251721e+00 2.910013905636255060e-01 -1.172960836445509081e-01 5.694954034821864131e-01 -9.806190213591378324e+00 4.572379466604936660e+00 1.897233586254165516e+01 1.787692206513136171e+02
1.576576314064896591e-04 -1.813124433825368669e+03 7.544817683050650259e-02 1.447106906091948642e-01 1.776595724485454220e+00 1.620850580190395931e+02 6.737236916029660794e-01 8.839669906803526711e-01 4.723604918163434085e+00 2.854803129986964727e-01 -9.130815381379253637e-02 7.357089037179701529e-01 -8.920022351022964813e+00 4.947460571253059491e+00 1.892281276468443707e+01 2.048659686423063420e+02
1.462197640473880244e-04 -1.813199748894278855e+03 9.158306250656395031e-02 1.276854510600647641e-01 1.800761528347800677e+00 1.639524817822580189e+02 7.322447509958265321e-01 7.852510561704020287e-01 4.704493745678679062e+00 3.228918528573982982e-01 -8.077664103507586901e-02 6.623295999644532861e-01 -7.505439378982657672e+00 5.260045344363528663e+00 1.913317668415292871e+01 1.819158063266283989e+02
1.214505679820109088e-04 -1.813385352285349654e+03 9.082893275094414132e-02 1.441101572770994432e-01 1.768752608046478159e+00 1.866799852609358936e+02 7.099544072915636717e-01 8.277851680323056183e-01 4.716894516508299162e+00 2.715444576670380528e-01 -1.082995474939898450e-01 7.488491164530054478e-01 -5.729373857057851183e+00 5.030489909921609382e+00 1.894725720961165649e+01 1.785697104060773768e+02
1.256536838426424634e-04 -1.813351330035614637e+03 1.685872504369267944e-02 1.267770141395800076e-01 1.842217477551645111e+00 1.468267916778678455e+02 7.926796209209941990e-01 7.444167459209869442e-01 4.694682119859863612e+00 2.979406406819127273e-01 -1.122669919536405381e-01 3.802341400543849947e-01 -7.779298348771732208e+00 5.339886068855270729e+00 1.943926074953916583e+01 1.939337726797087953e+02
1.269712014741087734e-04 -1.813340899316762261e+03 5.719624606779480369e-02 1.441271461539767318e-01 1.788891078912627997e+00 1.447381894499304167e+02 7.318054975252800132e-01 7.584106491553685991e-01 4.695444804648479575e+00 3.303713713816263109e-01 -1.195376569118555832e-01 5.272244081342076782e-01 -7.190738173213134132e+00 4.805457280664726660e+00 1.960549119538945817e+01 1.955127670900429564e+02
1.319722500026792060e-04 -1.813302267944227424e+03 6.584970204760054457e-02 1.385330688969743929e-01 1.793286070962687440e+00 1.380941804913745443e+02 6.876014291257238620e-01 8.364699061303937366e-01 4.711832614417323484e+00 2.996957739547114752e-01 -1.044698771291587835e-01 5.424978661498458532e-01 -7.836322061625480728e+00 4.469474786447658055e+00 1.929669874424622122e+01 1.945721798932555942e+02
1.211116595482840971e-04 -1.813388146691203474e+03 9.448734282145085372e-02 1.453437392986162979e-01 1.794208821905091789e+00 1.541825276286561746e+02 6.065642691166457379e-01 8.889338567716544848e-01 4.705071285400589609e+00 2.882227567165798199e-01 -1.011807463996738932e-01 7.219480816309962190e-01 -8.571094635765604153e+00 5.858779225845767158e+00 1.885997861112920049e+01 2.020421506345892908e+02
1.623111882244849332e-04 -1.813095344209860059e+03 1.115736303047352995e-01 1.413931111586250455e-01 1.767824889391388155e+00 1.650120776079446330e+02 6.200926983170869100e-01 8.710353972503557252e-01 4.695600079264186100e+00 2.529730908319680616e-01 -9.181116744022066456e-02 8.232171751372272528e-01 -9.235928290024503440e+00 4.889059382239602236e+00 1.913163442157939187e+01 1.741769739393390637e+02
1.395655269667334293e-04 -1.813246325399126363e+03 6.203671129791746286e-02 1.264709436938163123e-01 1.822184017459145267e+00 1.570282999283413972e+02 7.227847530920207264e-01 8.032801903100350582e-01 4.702453623768089841e+00 2.777159049604678298e-01 -8.940215069134183068e-02 5.412506160762984297e-01 -7.427466748407141495e+00 5.691589710437705563e+00 1.881426792319384944e+01 1.924116987341016909e+02
1.241618208319071571e-04 -1.813363273895927705e+03 8.625349810190252597e-02 1.490917983788350443e-01 1.763182542439866829e+00 1.499043698465191028e+02 7.010617567463547362e-01 8.034283515993176916e-01 4.704197263876453761e+00 3.132899981973804593e-01 -1.038112690170027719e-01 6.887236229872101267e-01 -7.231847631864184223e+00 5.560237529727007910e+00 1.850377956744308960e+01 1.933551204415675500e+02
1.174233699365451596e-04 -1.813419073667384964e+03 2.345575552691278598e-02 1.162651949496933124e-01 1.824893912053891398e+00 1.576578830163387579e+02 7.785732770777689105e-01 7.670274267553074399e-01 4.703240043819362448e+00 3.142519398695919897e-01 -1.250318777697794204e-01 4.920651512447157261e-01 -4.899574577650014362e+00 4.976776796015380810e+00 1.931919096542511483e+01 1.968828366640358354e+02
1.351111291022885803e-04 -1.813278761999112248e+03 7.620871581702437503e-02 1.431451808377798007e-01 1.839854197633022714e+00 1.535032283606710450e+02 6.588632079373070161e-01 8.378368714242498960e-01 4.700930395841344200e+00 3.019132724865936090e-01 -9.269322842884553104e-02 6.633410076344398165e-01 -9.682661833547342667e+00 5.584808875349178692e+00 1.888117039471659453e+01 2.106251710985875718e+02
2.425704739623031376e-04 -1.812693567335025591e+03 8.244473961887988089e-03 1.321552610022079521e-01 1.818364653154723065e+00 1.696505307350637111e+02 7.686749348507659896e-01 7.782474700945842816e-01 4.708357942043959632e+00 3.324936303166490248e-01 -1.022720311767297829e-01 5.567203144075822951e-01 -5.206340168733930795e+00 4.577892000509287129e+00 1.952363113615085410e+01 2.016294652091117428e+02
1.315212670594564481e-04 -1.813305691052231168e+03 2.853307315455549942e-02 1.350321746650774146e-01 1.875988196203896230e+00 1.634958724972326536e+02 7.308805822010655540e-01 8.010855306741722082e-01 4.696796285489136302e+00 2.827273354317527687e-01 -1.023758492969684131e-01 5.689334858640009429e-01 -5.619356819270933556e+00 5.294986634730380892e+00 1.999890309679874889e+01 1.964991771930402251e+02
1.334491806339136452e-04 -1.813291138881502093e+03 4.041693230871362674e-02 1.406731041074771593e-01 1.842133879546283382e+00 1.581262226851633557e+02 7.088280837988625294e-01 7.676250373996169607e-01 4.684720294025044751e+00 3.040526614944418782e-01 -1.176805543059673553e-01 5.859893377061234920e-01 -8.284326646676362316e+00 4.624138817588163697e+00 1.955554086158251081e+01 1.858046725156163745e+02
1.226746450943558340e-04 -1.813375323928544731e+03 1.053999826618910729e-01 1.489368879662014977e-01 1.825410267387298724e+00 1.551392669234907373e+02 5.995304064912527764e-01 8.387666102159017090e-01 4.685215097537553497e+00 2.995702206149437608e-01 -9.160061097682326015e-02 7.820745172811334189e-01 -5.121478451645970154e+00 5.697097078253388069e+00 1.929761565122811717e+01 1.667263077570344478e+02
1.538653051500756908e-04 -1.813148782039651906e+03 8.106011243209310102e-02 1.426374727543086307e-01 1.785993084256795704e+00 1.564223447547798571e+02 6.640005052313487921e-01 8.422395887515898849e-01 4.707154271083745734e+00 3.190194839328630572e-01 -1.009553217256140556e-01 7.595448435631305673e-01 -7.102592094963910085e+00 6.224855493148329089e+00 1.908159483746974061e+01 1.868000487555090388e+02
1.670948384230739247e-04 -1.813066298071486017e+03 -1.411783372951364024e-03 1.452852204945174475e-01 1.840091340850325885e+00 1.580985678764968441e+02 7.766318003528365210e-01 7.949861678802021547e-01 4.703969146666993950e+00 2.908370124564796377e-01 -1.086945190216579427e-01 5.418500617868503566e-01 -6.927851868048549022e+00 5.511605131121255496e+00 1.858875622386324622e+01 1.939911392841504494e+02
1.728462658311449298e-04 -1.813032457054848692e+03 2.434004123298494360e-02 1.057269137167487771e-01 1.766707202561913270e+00 1.587198832973969616e+02 7.796396621094154877e-01 7.579962981023975477e-01 4.694496714461346087e+00 3.069198258013046132e-01 -1.018417242966003222e-01 5.293982444702957091e-01 -8.902005041476485303e+00 4.597511000837717354e+00 1.915838958572468798e+01 1.852108431225322249e+02
1.607081691884545537e-04 -1.813105269510984499e+03 6.988561783932470406e-02 1.365151250179658382e-01 1.875672049898065019e+00 1.481057297990313089e+02 6.754656757308291626e-01 8.441725834593507560e-01 4.713489163206737942e+00 3.005330052267833896e-01 -6.859950793763891497e-02 6.188990120995105926e-01 -7.058592174381175255e+00 5.774329808266642772e+00 1.909662218761898345e+01 1.894969990696533273e+02
1.848874939352238651e-04 -1.812965112118265552e+03 1.192417846306419726e-01 1.487355913576110800e-01 1.806366764609816045e+00 1.780171397295758595e+02 6.393065970604822068e-01 8.066149473074069043e-01 4.680137481092098817e+00 3.496726332013944116e-01 -1.081222534854364703e-01 8.194602942436713944e-01 -8.507395026140102345e+00 5.125593716332033090e+00 1.919788357852903005e+01 1.727693215861841907e+02
1.402274191339967808e-04 -1.813241594090412491e+03 2.072121177044203288e-02 1.130824757882956944e-01 1.815649988915206237e+00 1.622573977976853996e+02 8.087033945855006678e-01 7.410400900834319682e-01 4.691205701677988671e+00 3.254330738216775210e-01 -1.040695470206980389e-01 4.338690629400780430e-01 -5.080956835451274856e+00 4.772299999148299499e+00 1.963146958385497598e+01 1.856222582868279858e+02
1.664166596667209744e-04 -1.813070364975895473e+03 4.941885959347241952e-02 1.152618884841125901e-01 1.832441770401710635e+00 1.699335305023906244e+02 7.478268175425569764e-01 8.071458963205502268e-01 4.715760761929686851e+00 2.768669526841809336e-01 -9.547254136837146632e-02 6.280550714890034136e-01 -7.343796548178971761e+00 5.466750404992115620e+00 1.857286717774142559e+01 1.701935591647787476e+02
1.804070252619088799e-04 -1.812989644067896734e+03 1.056647260823411483e-01 1.308894653656268725e-01 1.837114802032990823e+00 1.728866150400798745e+02 6.804153309231155689e-01 8.524190428240219219e-01 4.714052919823873644e+00 2.878100340414464497e-01 -8.657459405358691740e-02 7.486286893971916268e-01 -6.363462607418171046e+00 5.392814253026290139e+00 1.828284847169470240e+01 1.887448291727057494e+02
1.535432184195367874e-04 -1.813150877536840198e+03 7.090711222181420026e-02 1.477637510763849249e-01 1.803837132551747935e+00 1.409971883038411988e+02 6.661593766324054311e-01 8.374197899788524690e-01 4.712493457132120867e+00 2.890807036303844058e-01 -9.174208665238792193e-02 6.130233332263606005e-01 -7.859237972936796268e+00 4.508799019637299565e+00 1.895805693580165752e+01 1.792355822049032099e+02
1.540959235660654568e-04 -1.813147284328657179e+03 1.112791505380651136e-01 1.459573824614054660e-01 1.817650150513531848e+00 1.682548393523961465e+02 6.940899401154798642e-01 7.816779653502894387e-01 4.698167888322683616e+00 3.467648098897109232e-01 -9.458694368972775379e-02 7.473557940435633373e-01 -6.107118434345437663e+00 5.518618521577756120e+00 1.946925744610483733e+01 1.859275486293741153e+02
1.595042735257579342e-04 -1.813112788902329612e+03 1.371767707929002211e-01 1.488002104489609956e-01 1.739892862608291679e+00 1.547374467850865187e+02 5.796469536651197574e-01 8.668109309582381350e-01 4.682298160641686025e+00 3.049591091459320502e-01 -1.174830368443857687e-01 8.898831951818387820e-01 -7.592673825277643118e+00 5.216648373438825814e+00 1.902527322652358777e+01 1.785472215488011045e+02
1.576874122476198535e-04 -1.813124244947554871e+03 4.259055645822787395e-02 1.405416817425344800e-01 1.833983253121081347e+00 1.455716938737313626e+02 6.942867410639245174e-01 7.758437545221861242e-01 4.686998534635662850e+00 3.171504285082451524e-01 -1.133275888147757815e-01 5.388348608082262903e-01 -4.976305267937135568e+00 5.251902037887501429e+00 1.971052148364094236e+01 1.932283424561903473e+02
2.072803862306170223e-04 -1.812850787217880452e+03 7.709415225008553474e-02 1.394439890560424666e-01 1.751801591915827849e+00 1.667604324455658684e+02 6.383828888351852360e-01 8.252511061447969087e-01 4.692983469509855787e+00 3.022798815813338980e-01 -1.003860553506452646e-01 7.402917971920234264e-01 -1.001104043777868924e+01 5.488971688571764318e+00 1.999830363941013189e+01 1.680510620665855868e+02
1.306008553052077112e-04 -1.813312713851595163e+03 1.055538822505573682e-01 1.392410640465645832e-01 1.840081282787207506e+00 1.506813364702755678e+02 6.706067851193331375e-01 8.135375245806499844e-01 4.696177771575293036e+00 3.326690685375945922e-01 -9.860582888098612386e-02 6.725085063840615662e-01 -8.139595298920454525e+00 5.197905904541166855e+00 1.910740101790009504e+01 1.943255235208907266e+02
2.419977871039574854e-04 -1.812695931035544163e+03 2.599820834282998150e-02 1.401794757159716964e-01 1.812490239250579727e+00 1.534352495271265013e+02 6.998615373306104059e-01 8.264439630583555463e-01 4.708257482872400423e+00 2.584633105986993140e-01 -8.666635064902461494e-02 5.856216922429489102e-01 -6.608339845996027861e+00 5.244011457591568615e+00 1.888230319604622309e+01 1.881364521680544044e+02
1.657833825111376138e-04 -1.813074177605891236e+03 5.878863655993440962e-02 1.490649266109814464e-01 1.836290083688917996e+00 1.673234098341083609e+02 7.385058745871782016e-01 7.818785702382475833e-01 4.682167857384906817e+00 2.844514405807028190e-01 -9.416640939580456227e-02 6.071535677384890528e-01 -6.492046636486549005e+00 5.120813089034781385e+00 1.934517660926104909e+01 1.892249089257428523e+02
1.301722683251678979e-04 -1.813316000903266513e+03 1.196532300123565318e-01 1.392022130349302167e-01 1.770667619458921926e+00 1.702328926305789025e+02 6.303240158389171732e-01 8.355142762363003683e-01 4.677481619909480415e+00 2.845715475200345512e-01 -1.026478496713609800e-01 8.418889359364443159e-01 -7.058064497004721716e+00 5.203110089963547402e+00 1.969273620285538584e+01 2.019117556996554583e+02
1.372630055133041045e-04 -1.813262960783721837e+03 2.519067007867251129e-02 1.402648551172740732e-01 1.795993043580807580e+00 1.485257325734756932e+02 7.538252993921568113e-01 8.023672477148022786e-01 4.708125179357522505e+00 2.882143194187094526e-01 -1.037035545247819712e-01 4.340885080206325908e-01 -7.548989929474856808e+00 5.361864824510953476e+00 1.985236265537360012e+01 1.959934101682487722e+02
1.311159187708648701e-04 -1.813308777809417961e+03 9.701261538431296683e-02 1.407044608453903167e-01 1.761656553678523807e+00 1.373365601633824724e+02 6.872400657453705541e-01 8.306470328942803238e-01 4.705018512283206888e+00 3.044669398127044513e-01 -1.184807871960036341e-01 5.459487466182918469e-01 -8.632357987436733993e+00 5.222638266374923788e+00 1.925545398822259102e+01 1.864878788710824153e+02
1.867460546632711466e-04 -1.812955109919971846e+03 6.146993090543381721e-02 1.499468717274758112e-01 1.801086752204586361e+00 1.614955706076382853e+02 7.078617947656730136e-01 7.609196765213812608e-01 4.691983457327806306e+00 3.428140812605766641e-01 -1.230795115110625559e-01 6.542945126488652896e-01 -5.710454897766368276e+00 5.158688607074024546e+00 1.994993236951769688e+01 1.966239879398741266e+02
2.382424500604609860e-04 -1.812711570764576436e+03 7.130593920060360191e-02 1.360433379703798462e-01 1.762227169184177100e+00 1.585650297919292484e+02 7.308316822014031544e-01 7.855455981181682645e-01 4.693560935172158111e+00 2.831024874811833847e-01 -1.014588539430061331e-01 6.044364852306061131e-01 -6.679595569351732820e+00 5.348517712274403202e+00 1.971012981601194625e+01 1.800123008101016637e+02
1.268799204694978124e-04 -1.813341618486390871e+03 6.124991871302726265e-02 1.453348299971530533e-01 1.845891101977255033e+00 1.408036622460899139e+02 7.356018322532028586e-01 7.928638151321487637e-01 4.699732921610475067e+00 2.973583423407744064e-01 -9.829682633248459922e-02 4.899311051007915752e-01 -8.642980440944000975e+00 4.715243281940728615e+00 1.925783234356570617e+01 1.841338904406501911e+02
1.374410370663618622e-04 -1.813261664613659605e+03 1.187575989443306890e-02 1.324260997806604168e-01 1.879022998510272657e+00 1.485202017261690628e+02 7.818439212047374465e-01 7.751900224211458745e-01 4.708575865653644499e+00 3.003043634849664745e-01 -9.138297266812989150e-02 4.963919520776191030e-01 -7.470175779938642791e+00 5.463555788063900742e+00 1.906916017610027581e+01 1.990367741565532924e+02
1.808449547261632988e-04 -1.812987219557012168e+03 7.425720906486577011e-02 1.499816059376698207e-01 1.756661222568881797e+00 1.321077910566399112e+02 6.535112929204610621e-01 8.139460983327078125e-01 4.694512550334557055e+00 3.030970130036423349e-01 -1.178424623307388064e-01 5.060091934558531568e-01 -7.580277164434420456e+00 5.020952523110855381e+00 1.877372075612826308e+01 1.895476422688630009e+02
1.275899794108205669e-04 -1.813336037780896731e+03 8.244772920689508178e-03 1.482904652831202597e-01 1.833319115223390305e+00 1.519431892413193452e+02 7.598528376184008337e-01 7.946826683664474089e-01 4.704615554125871846e+00 3.142441194398728488e-01 -1.178931167525361090e-01 4.939538266235116160e-01 -7.007207250782727215e+00 4.488093320598407487e+00 1.868149184117284989e+01 2.018386185301644957e+02
1.312341055239653093e-04 -1.813307876824091863e+03 3.659232327163433607e-02 1.248811370355014383e-01 1.810592628927891745e+00 1.436849868679985320e+02 6.996964122693972721e-01 8.118459197047649401e-01 4.699695661486499532e+00 2.959813388216250285e-01 -1.187353436405746976e-01 5.402781911259738612e-01 -6.181153032500901645e+00 5.113199035209348153e+00 1.943544252553641627e+01 1.885272349490678607e+02
1.691660163996386995e-04 -1.813053979039163096e+03 8.953435225334122061e-02 1.398889467066175840e-01 1.829262973103397805e+00 1.440461677937679781e+02 6.675939772712065068e-01 8.440779762601435809e-01 4.714380110349939201e+00 2.810209882969907369e-01 -7.549895661071293063e-02 6.086490025447364172e-01 -7.064112104526088842e+00 5.253392982248694665e+00 1.900268926605352959e+01 1.772415380971051775e+02
1.318335555653695162e-04 -1.813303319433217894e+03 9.055314412950185576e-02 1.494922740136765682e-01 1.845844858444668724e+00 1.506443831928879717e+02 6.225975213765458927e-01 8.424430127700235360e-01 4.702698980692031405e+00 2.962272810405208734e-01 -6.533038000816304702e-02 6.813936403154997601e-01 -4.701737785657428503e+00 5.717977704460364130e+00 1.917018671223558357e+01 1.876296240498259635e+02
1.712220345228882999e-04 -1.813041898455709543e+03 1.640713848752994863e-02 1.441706864292503776e-01 1.882372945450210722e+00 1.399618659022430336e+02 7.511778927453609533e-01 7.522145747454573872e-01 4.684537725318786094e+00 3.259917864640113905e-01 -8.785170517604168339e-02 4.559419104517304366e-01 -5.236046209913837401e+00 5.205528811258575139e+00 1.964596091149939383e+01 1.892057433546049481e+02
1.551558839165853262e-04 -1.813140429303233759e+03 4.522830807086036797e-02 1.459870187791540708e-01 1.830615088997431528e+00 1.446731160441559325e+02 6.993470354693513968e-01 8.059396070442279569e-01 4.690052405672358482e+00 3.127981414930547377e-01 -8.632111670398501246e-02 5.945014461490449875e-01 -7.167425484614796005e+00 5.820356846345187130e+00 1.940550803107565869e+01 1.913996170929905816e+02
1.393845755704460870e-04 -1.813247622773961666e+03 -5.736058037396324361e-03 1.272678844649393903e-01 1.813398694713151293e+00 1.627505083028951276e+02 7.399678177068202967e-01 8.077714672275744245e-01 4.702033173903721774e+00 3.007698671349050557e-01 -9.999483858278068737e-02 5.922092568643941846e-01 -7.117640434413118555e+00 5.222339929744745923e+00 1.856499863832827657e+01 2.025982700163200150e+02
1.775107502260062640e-04 -1.813005828445725456e+03 1.283650205011849510e-01 1.383279566314075393e-01 1.725541186965574347e+00 1.512269224007323771e+02 6.321397788720218847e-01 8.304058529909712494e-01 4.683611061094894445e+00 2.977405008204829784e-01 -9.789228740852640165e-02 7.863392136324596216e-01 -7.939522772364625780e+00 5.249133507415959521e+00 1.927615773438984093e+01 1.934997902895026982e+02
1.346898732036285829e-04 -1.813281884717244338e+03 6.691833518686093885e-02 1.471053170060706294e-01 1.745335906404664961e+00 1.610452345398209673e+02 7.230923435906145835e-01 7.762479902752661420e-01 4.691492357986613015e+00 2.928337809203225284e-01 -1.058372565346388239e-01 7.031490210323464440e-01 -8.721808494617363294e+00 4.901676073995719918e+00 1.991586296916125676e+01 1.777959574454258700e+02
1.551738242351339886e-04 -1.813140313682214583e+03 2.382808630896127156e-03 1.086581676045355882e-01 1.744742415640564204e+00 1.560869842627615469e+02 7.522969580663813050e-01 7.564994029050580160e-01 4.684748976844439916e+00 2.954196921694178801e-01 -1.202413462529772215e-01 5.049102033055350436e-01 -7.914622098778608006e+00 4.962695725867938279e+00 1.931663879299549791e+01 1.891949852746981264e+02
2.737369289555750167e-04 -1.812572692085577273e+03 8.543031571490050657e-02 1.465523289115760186e-01 1.830118940417925444e+00 1.363876362706865564e+02 6.274288999279538093e-01 8.513235449685268019e-01 4.701243664401572708e+00 3.127121180433556358e-01 -8.587694275286805734e-02 5.889621976620807997e-01 -6.967070780121702001e+00 4.932377236887219851e+00 1.898458553961901529e+01 1.868780495851215449e+02
1.257751310700040877e-04 -1.813350363978984660e+03 4.618029904025239274e-02 1.422892861418817712e-01 1.858168694208312210e+00 1.448983099677880659e+02 7.202787128256731286e-01 8.026214763253849416e-01 4.707449692587416301e+00 3.142942705266178471e-01 -1.027946780857453835e-01 5.840775927520996946e-01 -6.856163112790028435e+00 5.365938484407584141e+00 1.985913564316554769e+01 1.859627895076929462e+02
2.272181497416960177e-04 -1.812758949049377634e+03 4.723079043235139940e-02 1.344052253582449785e-01 1.819176926166155006e+00 1.381299569540299217e+02 7.304389093244602060e-01 7.875483936322154044e-01 4.697222769823299338e+00 3.068098399315275504e-01 -9.870715234848592701e-02 5.222858925119449047e-01 -6.589288398698840865e+00 4.730434602977284797e+00 1.942822920053033187e+01 1.827515338909697675e+02
1.187392535628683772e-04 -1.813407929674953493e+03 6.252186475448806569e-02 1.438669761018530335e-01 1.849884446870794896e+00 1.700524228614296476e+02 6.986632486731091385e-01 7.898615137518774088e-01 4.701599774701013423e+00 3.420451065042975358e-01 -9.736029899925480180e-02 7.359934969025108131e-01 -9.025670471868920686e+00 4.792594589258403204e+00 1.875211585423397409e+01 1.689248900147119912e+02
1.497602424727937178e-04 -1.813175823985656734e+03 1.066921195309241399e-01 1.346136170201324977e-01 1.760058467767842139e+00 1.601153501446810594e+02 6.698169455769106273e-01 8.108897189387223037e-01 4.689990635110200756e+00 3.136836598205947624e-01 -9.455747252662938251e-02 7.370053515382742892e-01 -1.074907425505489300e+01 4.491546261474854695e+00 1.929271500340190570e+01 1.907710203636912070e+02
1.725343907980883193e-04 -1.813034263033914613e+03 8.786811558452914395e-02 1.479209822920375117e-01 1.839843103290394133e+00 1.539997089687148559e+02 6.538318360644094218e-01 8.167017565819318925e-01 4.691157685958363466e+00 2.845347161034907923e-01 -8.940549065351266478e-02 7.770285445865049434e-01 -6.868547834472764180e+00 5.168140943666799103e+00 1.880199623078282656e+01 2.080949867603179086e+02
1.563554264865480662e-04 -1.813132727826857717e+03 4.873052956950990611e-02 1.297992948371209099e-01 1.817514497318740041e+00 1.494768674851544290e+02 6.941569742339935845e-01 7.804767902377620636e-01 4.688832321883094956e+00 2.983762224045505285e-01 -1.086831683735818288e-01 6.478083874540908615e-01 -7.867111837789792617e+00 5.242899904806752609e+00 1.864281164554482118e+01 1.749433769576989164e+02
1.283246755625268992e-04 -1.813330296037265725e+03 1.383985298201901581e-01 1.428375885559927949e-01 1.749424569813615271e+00 1.533173915082469136e+02 6.033833809051690755e-01 8.700742369088514394e-01 4.701487639925418627e+00 2.602919305295030572e-01 -9.005970554088538194e-02 7.995640887541967112e-01 -7.332381461361052288e+00 4.786136411382146960e+00 1.879817988286813701e+01 1.933694788868789374e+02
1.595702522392620755e-04 -1.813112375339295795e+03 7.377070938411772749e-02 1.393274959032733407e-01 1.852880009760118796e+00 1.638491932169604866e+02 6.479514161997182997e-01 8.541831002931035144e-01 4.704963384407538918e+00 2.956020306272479914e-01 -7.519587950693251699e-02 7.716693307088738907e-01 -9.130064130196018368e+00 6.204605189374379215e+00 1.896583658148276541e+01 1.807358375821619347e+02
1.563875580923027237e-04 -1.813132522344353220e+03 5.056480201214172410e-02 1.438542020203311400e-01 1.806810958600451045e+00 1.554194070144346824e+02 6.691677810018478167e-01 7.628560059888183087e-01 4.677478549312292344e+00 2.937126264924754260e-01 -1.012168807828435213e-01 6.396120982770658880e-01 -6.593020277651874039e+00 5.497703746153215221e+00 1.885657679583829704e+01 1.904945432017709379e+02
1.710164962558356771e-04 -1.813043099596278353e+03 -1.748716006071099338e-03 1.249863846015538960e-01 1.817410153406039619e+00 1.479715797888009376e+02 7.687872773661359460e-01 7.802712748842177692e-01 4.698305350415399317e+00 3.012579772034986725e-01 -1.122396895386144067e-01 4.343773074741382190e-01 -5.413769989583954612e+00 5.613773573848734877e+00 1.933688801052879569e+01 1.923875492895339505e+02
1.926532131592939947e-04 -1.812923967867787269e+03 1.045238494672436069e-01 1.468966873027204023e-01 1.823963561518182175e+00 1.592739932815459269e+02 6.270076235279009591e-01 8.409737907697132364e-01 4.693984644025357866e+00 3.491088764807606104e-01 -7.258615126995637823e-02 7.650640658593962362e-01 -7.815217469448327847e+00 5.431595585517867697e+00 1.882774588071711719e+01 1.838871963418232554e+02
1.825468048721421712e-04 -1.812977853012266678e+03 1.636327609933560523e-02 1.464318258614515644e-01 1.824030087060952710e+00 1.365216978827795629e+02 7.353860984239114496e-01 7.702752010502507130e-01 4.689844106135866220e+00 3.170632426548563032e-01 -1.137357631460798046e-01 4.442931244246118294e-01 -6.613032037649389849e+00 5.468301238936934539e+00 1.919005950060026322e+01 1.739277861355079722e+02
2.066898875621579377e-04 -1.812853640075229578e+03 8.033189834847276334e-02 1.164880071191335131e-01 1.760821961410025338e+00 1.548123505412778229e+02 6.819515047492227255e-01 8.027780021458483795e-01 4.683126822203455220e+00 3.021596448065770879e-01 -9.699048627287054636e-02 6.794841148376646878e-01 -7.563321662634848508e+00 5.380567116449075371e+00 1.864724305948117689e+01 1.893573426610384445e+02
1.778095407899879228e-04 -1.813004146635584220e+03 1.009143249587200197e-01 1.372996412258039312e-01 1.754433540066522745e+00 1.519568125209254674e+02 6.304740568889988239e-01 8.706559437638874410e-01 4.712838454143073008e+00 2.824108636468463107e-01 -1.135270847320368759e-01 8.005429589641966936e-01 -8.725318659050543602e+00 5.124164873406167331e+00 1.945613308455940071e+01 1.734459160722429090e+02
1.310182939117154660e-04 -1.813309522655828232e+03 5.858024931789718170e-02 1.364945597869298977e-01 1.798279005682574372e+00 1.380146382812379215e+02 6.783560428423096589e-01 8.420387785795060420e-01 4.712663466430401904e+00 2.756259828719149763e-01 -9.868977937229672648e-02 4.974205291508367877e-01 -7.914876807287413385e+00 5.499432812361648715e+00 1.904607107732802973e+01 1.807119744737034637e+02
1.494375992654187950e-04 -1.813177980707981760e+03 6.827093008626483606e-02 1.354705485839979573e-01 1.830068160504850994e+00 1.447535693197003752e+02 6.733467876908544314e-01 8.631870529556333604e-01 4.718588523675347091e+00 2.770714651776908788e-01 -8.000792716432192364e-02 6.425441522887459511e-01 -6.732347406856774796e+00 4.907174758775334489e+00 1.942418177378446487e+01 1.827555606763168328e+02
1.918264014383291687e-04 -1.812928268813606564e+03 2.064507701493781266e-02 1.313428601733196144e-01 1.878552635750816435e+00 1.677967111831259501e+02 6.929030417559418620e-01 8.003517951954430831e-01 4.709368030719941700e+00 2.978478912558639724e-01 -7.501557159156502230e-02 6.895160996913275442e-01 -7.565756580609672710e+00 5.316948718784408889e+00 1.922978026410337904e+01 1.890798308178198681e+02
1.193548133716858500e-04 -1.813402758935604652e+03 9.218926900385895906e-02 1.498680403432365027e-01 1.784671220050092266e+00 1.517677033035006104e+02 6.335227570674667463e-01 8.438053435404175850e-01 4.700594143082547305e+00 3.211791770048904038e-01 -1.078287027765574280e-01 6.240280875758406065e-01 -7.072260579460191821e+00 5.288488358691556535e+00 1.823562439719616890e+01 1.846146558809185194e+02
1.501899007807693464e-04 -1.813172959118867993e+03 3.985053532676463561e-02 1.432226487222851008e-01 1.845488259831202349e+00 1.575109725989292713e+02 6.761347306193928874e-01 7.977266013630539554e-01 4.702514744234266075e+00 3.013656015901204910e-01 -1.078716299760973385e-01 6.553862766184421762e-01 -6.751939385029857021e+00 4.859791989052175687e+00 1.984524168845480574e+01 1.891285430040981055e+02
1.524678406955666174e-04 -1.813157905924336319e+03 7.015526265614979717e-02 1.465751196032356873e-01 1.834452745267903140e+00 1.604482577123955309e+02 7.091145328026478012e-01 8.081872458510528379e-01 4.687603706647372803e+00 3.180545034264081750e-01 -7.989146186060080979e-02 6.219537535877096568e-01 -6.653664301993387653e+00 5.639723809192531689e+00 1.843934371525424254e+01 1.907554489826955830e+02
1.370222063244456371e-04 -1.813264716614808094e+03 1.799500533117351364e-02 1.388569455757984461e-01 1.859355550483537733e+00 1.495678788444705560e+02 7.521537896065773054e-01 7.826851477317513517e-01 4.706776003832340294e+00 3.161866746156152264e-01 -8.208570490908817519e-02 4.522058096384099501e-01 -8.678460146389966212e+00 5.095415602738517791e+00 1.864994352618809614e+01 1.857836269873106687e+02
1.362998323160704661e-04 -1.813270002509015058e+03 8.029740296138304645e-02 1.375130359725456330e-01 1.789778777346542782e+00 1.437596935215285612e+02 6.320393262402478340e-01 8.580686230759460020e-01 4.694396086107252231e+00 2.937276395999168788e-01 -9.563723119247491411e-02 6.383830212768366597e-01 -8.013335773587897393e+00 5.015038304069352471e+00 1.965611283917500884e+01 1.829797525358216603e+02
1.235073365065675875e-04 -1.813368559058245410e+03 2.396269411672594107e-02 1.420728737489561355e-01 1.763328878846546210e+00 1.524655025767631571e+02 7.738675505426306778e-01 7.668897537982828361e-01 4.696074446382153766e+00 2.957760191091520774e-01 -1.249344413380488739e-01 4.572419403259931348e-01 -5.529437770551282938e+00 5.198840717795083499e+00 1.926357897873032243e+01 2.040643567736436523e+02
1.233321150039469894e-04 -1.813369978778885525e+03 6.137944887547408523e-02 1.482519848012500974e-01 1.895196090253716825e+00 1.467272339301162845e+02 7.148378040879960205e-01 7.964470238424807835e-01 4.697994574007974045e+00 3.154172256596721180e-01 -8.816377274788922414e-02 5.129547697254966954e-01 -5.312380144267450532e+00 5.010479073815465867e+00 1.945092546456361760e+01 2.060376549533687864e+02
1.275353379062724526e-04 -1.813336466131214593e+03 3.728773128629681022e-02 1.201460109090546624e-01 1.865336673213829677e+00 1.654351666277730999e+02 7.336918245182139087e-01 7.635982088104780185e-01 4.693263955480974303e+00 3.244996908104735844e-01 -7.279621293343896404e-02 5.897984848723001328e-01 -4.205114958760134414e+00 5.646871367973149702e+00 1.967931407523981591e+01 1.869400953415571962e+02
1.294134291753291346e-04 -1.813321847460443678e+03 1.733983347142770137e-02 1.381494192084903594e-01 1.869588392072797589e+00 1.609213702179606003e+02 7.296414956639386551e-01 8.011632962890471443e-01 4.714751721375439075e+00 2.951852344489760416e-01 -9.549916569350136442e-02 6.147177728982750056e-01 -8.175012594081465522e+00 5.433288055591511956e+00 1.816312406781062094e+01 1.868619711013168683e+02
1.391480867047764321e-04 -1.813249320879458992e+03 4.569504967906548587e-02 1.282923234567344417e-01 1.746789877112897571e+00 1.702367651918362128e+02 6.855129702797797542e-01 8.137978644003838191e-01 4.689650219835085565e+00 2.895039436590143289e-01 -1.115388686956917397e-01 6.529499247966005226e-01 -7.167926028475733347e+00 4.950470899022452187e+00 1.936938672293098307e+01 1.660578317916927631e+02
1.211911929008413903e-04 -1.813387490212300236e+03 7.404391416784600333e-02 1.440789203625321979e-01 1.810540502445840083e+00 1.492897145310338090e+02 6.406390618542893156e-01 8.516703244928955918e-01 4.713043883584928651e+00 2.758546114660243020e-01 -8.238027635914813018e-02 6.613188949772579317e-01 -9.817904244609934494e+00 4.935407349838105695e+00 1.952370953952253885e+01 1.903717683536241339e+02
2.378556143927583542e-04 -1.812713195790098325e+03 5.318426996560607356e-02 1.495043109762564659e-01 1.751990635289264020e+00 1.353891368720933031e+02 7.083188463265873702e-01 7.976283796959520167e-01 4.696626743938575821e+00 2.934792707650408783e-01 -1.192948490300151931e-01 4.713038299883872129e-01 -6.827482993707718606e+00 5.334094004150968793e+00 1.930693563716246075e+01 1.800528424596291472e+02
1.320104137842177780e-04 -1.813301978805681301e+03 4.737780688120951655e-02 1.470603736851531507e-01 1.829085824025191265e+00 1.568088064786936684e+02 6.860092994947157852e-01 8.576136846716932993e-01 4.714945802401862451e+00 2.851645335556636240e-01 -9.220683600509405053e-02 5.705939174571312833e-01 -5.383360588062487295e+00 5.211373097708915658e+00 1.947484570360413869e+01 2.078754349835178061e+02
1.854144608542341796e-04 -1.812962265969235432e+03 2.193235725735193098e-02 1.479321903076388500e-01 1.830196744141779241e+00 1.567687759352053547e+02 6.777612920683471209e-01 8.069901010597835267e-01 4.690983772842825417e+00 3.355077262509345015e-01 -1.016994692053216909e-01 6.108776366241535083e-01 -7.147953377579682410e+00 5.480304450559025931e+00 1.915502909690058786e+01 1.849069373913043819e+02
1.400050006615949502e-04 -1.813243181476477730e+03 3.076500682722582702e-03 1.331506219803854363e-01 1.842439277269093623e+00 1.508959794179235985e+02 7.345256090262318738e-01 8.100045744306167972e-01 4.710520670462098991e+00 2.981236514872793730e-01 -1.049127947112344916e-01 5.078645862157640245e-01 -6.066394803145215064e+00 5.027454483785609440e+00 1.907484217132970983e+01 1.688392358116767014e+02
1.385803195633394046e-04 -1.813253409535279388e+03 1.215515628298935447e-02 1.487529963050682469e-01 1.836648683147099170e+00 1.552236803468352662e+02 7.068069402188669192e-01 8.270436450039091447e-01 4.711188476355460786e+00 2.872314934567268274e-01 -8.028620387427443106e-02 6.446066093541510389e-01 -8.926071531411281512e+00 5.179955976556960273e+00 1.892062544947459202e+01 1.908836203991693878e+02
1.222597005653288348e-04 -1.813378712142025961e+03 8.275789286307869141e-02 1.312483297399923143e-01 1.793128613916525005e+00 1.525322740191804769e+02 6.572251244042363050e-01 8.544109388823719620e-01 4.703950211235529366e+00 3.037216124147996688e-01 -7.293171147858701353e-02 7.209864170366737657e-01 -8.826367711786133441e+00 5.024769012575869276e+00 1.934571235443161186e+01 1.815369356378699877e+02
1.479676548284618960e-04 -1.813187865916037936e+03 1.280404906969190570e-01 1.448647056379414322e-01 1.771197206785980249e+00 1.596090116171153568e+02 6.555528356593427475e-01 8.506040733581967661e-01 4.709449519429318443e+00 3.065180556583768645e-01 -8.729975415464830135e-02 8.076701527334912978e-01 -1.001606433275739505e+01 5.594333327284872759e+00 1.872151185014292452e+01 2.051863985856718955e+02
1.243556464727471990e-04 -1.813361714040338939e+03 1.642527532689658232e-02 1.484446485751127198e-01 1.814208306348811028e+00 1.488523429176420620e+02 7.226398957638174858e-01 8.042375860190080772e-01 4.716194835573435995e+00 2.827356205104090137e-01 -1.053699571232955545e-01 5.259541007580726957e-01 -7.017482691452471499e+00 5.116568446119962310e+00 1.980159899374811516e+01 1.805045461286388786e+02
1.174377469651023009e-04 -1.813418951237339797e+03 9.475174698854030297e-02 1.337182640070807282e-01 1.788953931387820440e+00 1.618788296066518058e+02 6.119588310336305792e-01 8.332205244092054652e-01 4.701180636169709715e+00 3.255241234693326824e-01 -9.396216641702404004e-02 7.930070986948246636e-01 -7.246186616290515303e+00 5.608402008560275931e+00 1.952676472948699882e+01 1.786812468728137162e+02
1.712105110336493259e-04 -1.813041965759412960e+03 1.204704027780952036e-01 1.317796654330528339e-01 1.758035778135597305e+00 1.612977404807866719e+02 5.966280327879135426e-01 8.383171599281584729e-01 4.685118932626012089e+00 3.240064538793785420e-01 -8.620360659413384141e-02 8.284864838094890827e-01 -8.588438947543068025e+00 5.751072151643277230e+00 1.951985479734741347e+01 1.984282200143500177e+02
1.813954351960949210e-04 -1.812984180244395475e+03 1.113781973380274237e-01 1.390015475329870742e-01 1.724106115141649909e+00 1.598898547040063534e+02 6.094308168889639443e-01 8.487246883443764212e-01 4.695884588099508150e+00 2.911192817271002209e-01 -1.106072417033576727e-01 9.059728310245154237e-01 -1.063409492733265438e+01 4.939965349424979557e+00 1.982588806600027453e+01 1.985323140412747023e+02
1.755583014170870382e-04 -1.813016888427914637e+03 9.222762818526800133e-02 1.311374671190261021e-01 1.823548812699754329e+00 1.713806343582196519e+02 6.934009537366657705e-01 8.054638342163005227e-01 4.695057068836338665e+00 2.815860998542447646e-01 -8.937442446304411092e-02 7.075585023686502550e-01 -8.911506296316872522e+00 5.600137514991110343e+00 1.874005221553798251e+01 2.028362829427519216e+02
1.633333463189132878e-04 -1.813089066435520408e+03 7.783610333570800677e-02 1.340856403899637062e-01 1.812481086520520535e+00 1.698835633087900590e+02 6.832964052253566178e-01 8.022021733655153586e-01 4.696473830416062256e+00 3.421339742107618598e-01 -9.523392030437860534e-02 7.092470432437377736e-01 -8.119483683640027039e+00 6.108040969061923064e+00 1.950951845281068131e+01 1.723059915127895749e+02
1.271132854389818998e-04 -1.813339780917277039e+03 6.623764959711925249e-03 1.220616285632431242e-01 1.802065110274665649e+00 1.422555911423081056e+02 7.864921547415953951e-01 7.647119450782025041e-01 4.696351218231955116e+00 2.920555619125460023e-01 -1.177210846157032975e-01 3.634768642838509534e-01 -8.285789465665374109e+00 5.117159649745017802e+00 1.929524972549046069e+01 2.017927739751004310e+02
1.699608279650908897e-04 -1.813049291630696644e+03 4.974969094035730510e-02 1.442435306343318457e-01 1.863963237230780834e+00 1.625268351407904674e+02 6.883026667939259324e-01 7.919503846192736951e-01 4.696949993297834247e+00 2.791081171788296622e-01 -8.411405341041344741e-02 6.767233790833423468e-01 -8.305800992229819713e+00 5.585395246662128166e+00 1.944465264521788583e+01 1.753735412694128399e+02
1.479751062456720963e-04 -1.813187815558886541e+03 1.171943165142727561e-02 1.248030760863359789e-01 1.876270980060241733e+00 1.713003354547524850e+02 8.038395710008977568e-01 7.705353250266235854e-01 4.717394276578417589e+00 3.127068696965586980e-01 -1.007358827675495228e-01 5.435246027386974044e-01 -7.401020815080443072e+00 5.342894024825239896e+00 1.831021596843451960e+01 1.905846842431222399e+02
1.893084462987397291e-04 -1.812941481941652455e+03 1.410328145768405261e-02 1.296463295941766847e-01 1.841097871581967027e+00 1.583253806507254069e+02 8.203906937578716585e-01 7.242880702361125245e-01 4.696333151179215015e+00 3.355349846704167582e-01 -1.165968400825179163e-01 4.356169810860035518e-01 -8.513600923165569156e+00 5.343698894968218482e+00 1.920511159252436073e+01 1.888114712643480573e+02
2.809660946859658345e-04 -1.812546625614887262e+03 9.842890337961471281e-02 1.366186847937502502e-01 1.808751547321744368e+00 1.529053521601694570e+02 6.362578528537846667e-01 8.167287558341163045e-01 4.686666911456108586e+00 3.330691455923995292e-01 -9.186013718451446763e-02 7.298395517707334523e-01 -7.407000022445998866e+00 4.664698828842572809e+00 1.941200205369264609e+01 1.823292371667607483e+02
2.296013407971618525e-04 -1.812748515113323265e+03 5.975179310588596415e-02 1.456149394237482297e-01 1.829944885756660256e+00 1.410686423512789816e+02 6.766131181185697230e-01 7.987856301659188585e-01 4.695958648694771753e+00 3.169001179134041113e-01 -8.592456997987496514e-02 6.056102225396102767e-01 -8.966403858611073474e+00 5.515727725015739935e+00 1.939690272968852724e+01 1.954812513918493551e+02
1.824019228661211188e-04 -1.812978646997846681e+03 4.869161417975095829e-02 1.439504525271214919e-01 1.763433687098152625e+00 1.549342069074779715e+02 6.582943075102797303e-01 8.367406017790293138e-01 4.702057126136075738e+00 2.974412069165242034e-01 -1.123385284805655804e-01 6.914965962731709492e-01 -5.600998955200878981e+00 5.503746236164341887e+00 1.872466881129397720e+01 1.692323694821101867e+02
1.672814571765237430e-04 -1.813065181851375428e+03 2.094611346436181520e-02 1.487363981531563406e-01 1.811396494020201864e+00 1.449707589145876341e+02 6.930846579726701595e-01 8.110111990855399799e-01 4.695082021097420011e+00 3.076705989482517722e-01 -9.870316010407731433e-02 4.967221087549830161e-01 -6.146027304943913805e+00 5.523094679749429581e+00 1.911545920006607702e+01 1.947367008612271775e+02
1.172586776659732035e-04 -1.813420477202928396e+03 6.358683308912266297e-02 1.460538661048041142e-01 1.840753923304516704e+00 1.614760786160834698e+02 7.031354951845404377e-01 8.213954348947656303e-01 4.713582617546869358e+00 3.526505075910331133e-01 -9.040581219618148978e-02 7.008708432378403241e-01 -6.238568025560311980e+00 5.205546322377685442e+00 1.958808565543457192e+01 1.892822969655176735e+02
1.230155770525259078e-04 -1.813372548627403148e+03 2.400530593409747060e-02 1.274828450171399952e-01 1.828563700838525818e+00 1.457832963023327011e+02 7.613473541214038631e-01 7.617063942407509280e-01 4.685488749818908616e+00 3.072017800630753026e-01 -9.227564600753490609e-02 4.465320546868550844e-01 -6.089710247073583105e+00 5.263023654811460617e+00 1.938285215080814794e+01 2.051583404685002279e+02
1.212687161000032342e-04 -1.813386850739967485e+03 4.308619302003569018e-02 1.382099486279105560e-01 1.813211347179374933e+00 1.537442946477366945e+02 6.801546662047286418e-01 8.570771117058004762e-01 4.716379468390431207e+00 2.961230369240417382e-01 -1.078056000780476253e-01 5.746704280085904726e-01 -8.027489140043201132e+00 5.007813989511000763e+00 1.912007475169996695e+01 2.010165051372547680e+02
1.400323596303292635e-04 -1.813242986081343361e+03 8.188858541313329131e-02 1.360447472298249860e-01 1.843361680581278250e+00 1.544237646534137411e+02 7.084246256695141408e-01 8.312983536530620388e-01 4.713518413754250069e+00 3.091921911647306231e-01 -6.966272716717281099e-02 6.666830805084162925e-01 -6.449185440542009928e+00 5.726725193935577884e+00 1.939000401289947462e+01 1.923571329846742799e+02
1.370746505949631798e-04 -1.813264333945179942e+03 4.907050733793674735e-02 1.341613036097595579e-01 1.786133853969190000e+00 1.366953605908497309e+02 7.562587109519743889e-01 7.605228517126680909e-01 4.692201601799602884e+00 3.115507423602037473e-01 -1.068875764112382498e-01 4.349484756878700398e-01 -7.317035889999033316e+00 4.763604291178946681e+00 1.941726305016078413e+01 1.961901020621599230e+02
2.187324006243356728e-04 -1.812797010549748165e+03 1.086618295864413830e-02 1.338143352133286113e-01 1.813089726066397844e+00 1.583764627494862509e+02 7.473487915415766292e-01 7.999224148293562209e-01 4.712801193262011523e+00 2.718644866977670826e-01 -9.532167937620261711e-02 5.199934883923172935e-01 -8.905116541575125666e+00 4.691502334856267886e+00 1.927758498177367841e+01 1.917890931918049375e+02
1.145696728448125878e-04 -1.813443676483063882e+03 3.524560961903785983e-02 1.333406247082255802e-01 1.830921761069578046e+00 1.469928687049205394e+02 7.531585061738914622e-01 7.536035116791977018e-01 4.692821725886707540e+00 3.147546530842519896e-01 -1.243095574867876252e-01 5.013783643738011220e-01 -7.013682607630869370e+00 5.188745976454689490e+00 1.889737855517170573e+01 1.760671939234910042e+02
1.658230950020029020e-04 -1.813073938090117281e+03 4.883139467636071762e-02 1.385725343319709479e-01 1.837848692287955998e+00 1.432438593018336235e+02 7.091510686157560528e-01 8.005668010233009113e-01 4.688721695197898498e+00 2.908267672980002772e-01 -9.274139367199518702e-02 5.525033762910768198e-01 -6.208726198595172718e+00 5.501492898338455895e+00 1.871663592070360593e+01 1.860183152413088408e+02
1.653194882564918854e-04 -1.813076979723294244e+03 1.133439622816198866e-01 1.422459418749128235e-01 1.757496062252473124e+00 1.356596394218707644e+02 6.025467075328803102e-01 8.806220136652374020e-01 4.701885379072324511e+00 2.860567762157721905e-01 -9.579934574135795522e-02 6.348205738962418021e-01 -7.063730265736239744e+00 5.082957989456460268e+00 1.946514194066928383e+01 1.847230970093236522e+02
2.029548651075899299e-04 -1.812871876002511272e+03 9.884300456868580498e-02 1.354893323874248601e-01 1.754891005666966208e+00 1.378308681801968021e+02 6.702194799421913318e-01 8.242837900419772712e-01 4.694964001342047943e+00 2.957983468365255053e-01 -1.080266045583344603e-01 5.506875394751959973e-01 -7.616910549523595364e+00 5.218722213436777224e+00 1.901027632942609102e+01 1.764177904977390767e+02
1.623637614812531384e-04 -1.813095020358221518e+03 5.888098543941908125e-02 1.494543659920447298e-01 1.759365459091632111e+00 1.501676569990703456e+02 6.730237267376697474e-01 8.424029307844447256e-01 4.714794649537028093e+00 2.632786383178307155e-01 -1.087100907037044095e-01 6.557537300974413119e-01 -8.269784615998815980e+00 5.632605706364812725e+00 1.911438909702256694e+01 1.989782638684274332e+02
1.155488404907531935e-04 -1.813435166315487550e+03 1.454572175311799609e-02 1.136440766770346611e-01 1.782428040570934513e+00 1.539129039416608862e+02 7.343592152637694603e-01 8.034644791850038548e-01 4.701826593000651755e+00 3.016467161406073405e-01 -1.176753438817104147e-01 5.960788106423899890e-01 -7.601769113212213824e+00 4.856038350801616943e+00 1.910803251679759995e+01 1.778167728047126275e+02
1.351522521295445199e-04 -1.813278457680951306e+03 3.584938362199568962e-02 1.287361632385755350e-01 1.737208042650282280e+00 1.478382114005660526e+02 7.536318837679942817e-01 7.444117416599123072e-01 4.683713812346688599e+00 3.085822890236544769e-01 -1.371385790988701725e-01 4.962295056701968576e-01 -7.803353478371320762e+00 5.529400732498634952e+00 1.880304888530925922e+01 1.777655768252063240e+02
1.676395590783923313e-04 -1.813063043424576563e+03 8.718891067573353304e-02 1.450668044981928417e-01 1.811994383344386783e+00 1.551193043682241068e+02 6.654519427852705338e-01 8.544275530162279697e-01 4.699804102149331975e+00 2.851760299165932988e-01 -8.811345476890153350e-02 6.822371064957745146e-01 -7.860066476027327553e+00 6.033908823415923273e+00 1.873507664523554794e+01 1.890212795304890960e+02
1.416057579711619879e-04 -1.813231812773389493e+03 5.738801570827578580e-02 1.414558079217917153e-01 1.797645507594381797e+00 1.453497244422553933e+02 7.420692313185072164e-01 7.743748930253540053e-01 4.701252729498305527e+00 3.228764730517230674e-01 -1.106343571650456603e-01 4.809868542600483354e-01 -4.795078538285565628e+00 5.190354051038958971e+00 1.960336701616838440e+01 1.853457728842251697e+02
1.320858458164492081e-04 -1.813301407559163863e+03 3.964415836298568196e-02 1.465080654385991499e-01 1.798619344606143144e+00 1.592891328675763418e+02 7.057196091689527107e-01 7.713855469559391942e-01 4.681477928440757275e+00 3.134480496857514620e-01 -1.026872841513426504e-01 6.467432047359379377e-01 -5.096306623520320045e+00 5.821458250622524311e+00 2.016952717881581592e+01 1.744141072739233778e+02
1.836377835563509102e-04 -1.812971894367655977e+03 5.053464504511523403e-02 1.326060710400392140e-01 1.798012388976465203e+00 1.666340356286207509e+02 6.628017435833187809e-01 8.284978939814622301e-01 4.686628377217926911e+00 2.675976147493634993e-01 -9.097736504482312192e-02 7.183129126763452277e-01 -8.869233159963869184e+00 4.929227340548569813e+00 1.950501991684627967e+01 1.847793332797417065e+02
1.648915798959135596e-04 -1.813079571451079119e+03 7.109174057096451227e-02 1.297271562338546402e-01 1.855612992062859234e+00 1.563724835881453714e+02 6.546773831316075043e-01 8.405846958344469488e-01 4.706797877987053624e+00 2.681188471283897368e-01 -7.152351200301376721e-02 6.593622351442778307e-01 -5.915807856500236994e+00 5.131821918639478675e+00 1.893986974978334459e+01 1.891173894288625945e+02
1.276219373308232728e-04 -1.813335787338671480e+03 1.023205268867380113e-01 1.464041306645648965e-01 1.768806519449751313e+00 1.617120617520509711e+02 5.915879965156896070e-01 8.752077168094354320e-01 4.697304418179822250e+00 3.048294686221411087e-01 -8.442917194379195855e-02 9.187761297890062462e-01 -7.156405998790177136e+00 4.583307521604962353e+00 1.866967103625660940e+01 1.907200670775714855e+02
1.222708382953833388e-04 -1.813378621047227625e+03 1.065011704137351078e-01 1.464026351074964871e-01 1.738875328569713830e+00 1.622818891128700045e+02 6.423203738872613755e-01 8.307218187801816978e-01 4.694675154412506046e+00 2.758675623431134927e-01 -9.199521219474382505e-02 7.468775718126773322e-01 -9.250941503128530030e+00 5.165260423267037382e+00 1.816431181029798481e+01 1.752779420817795994e+02
1.308070358957313299e-04 -1.813311136388632349e+03 -7.495717057272838213e-03 1.232772494931619056e-01 1.863215080497175435e+00 1.523597181773967861e+02 7.823406563371816391e-01 7.659293341348989426e-01 4.701407783886057956e+00 3.227568133098444036e-01 -9.281508005941629946e-02 3.921587277785064662e-01 -6.324074123067759956e+00 4.898395137174604841e+00 1.862138183766715116e+01 1.864710633973856204e+02
1.522621920386060053e-04 -1.813159255635005366e+03 4.147822359771208278e-02 1.420198998627114351e-01 1.790671347554004811e+00 1.522278311660936652e+02 6.972574625372915946e-01 7.661707652865672458e-01 4.691983984011621089e+00 3.222238947944873200e-01 -1.145520913824600306e-01 5.983989557083270183e-01 -7.009085470214472480e+00 5.717823112803332997e+00 1.908404839252286678e+01 2.029731631453229852e+02
1.168112753597213291e-04 -1.813424300016111602e+03 9.326131317265659582e-02 1.257179419286528488e-01 1.743048833370455242e+00 1.593644348205361325e+02 6.580910909920320018e-01 7.999873423815591078e-01 4.686795063942177819e+00 2.909663393889316829e-01 -1.202841979430511188e-01 7.038231881599412709e-01 -1.058098624043842051e+01 5.195083525595389773e+00 1.917804169644710299e+01 1.686012477787475063e+02
1.845953266948345052e-04 -1.812966693611558185e+03 -2.173244311190677958e-02 1.341965385439111980e-01 1.754702755716667895e+00 1.610439951252386948e+02 8.083005278493070600e-01 7.484443779702010247e-01 4.694833813309630344e+00 3.160957793639422864e-01 -1.328833479104913895e-01 4.433562497907347910e-01 -7.703281019904210325e+00 5.358074661976686137e+00 1.948494005251921735e+01 2.008593254595383257e+02
1.409096354535696897e-04 -1.813236740815843859e+03 8.915437226638980861e-02 1.347392307719032789e-01 1.813650584176332181e+00 1.542741996985326978e+02 6.827543085338103612e-01 7.940831314845835376e-01 4.696240745751540935e+00 2.915238750641384602e-01 -9.683881298598362442e-02 6.239588835540654799e-01 -7.717925850651454311e+00 5.326684548258797669e+00 1.839706229607507382e+01 1.839935333637947679e+02
1.293489691024323851e-04 -1.813322345678690681e+03 2.180788220758275719e-02 1.144191241974953088e-01 1.805774692475064391e+00 1.576758326184254031e+02 7.576855321037572200e-01 7.552904603458310273e-01 4.679094221313481405e+00 3.118537714889590973e-01 -1.200634132983586788e-01 5.184139764654082105e-01 -6.109818967389060163e+00 5.493467627864734304e+00 1.868495691121674440e+01 1.881932282400155998e+02
1.233734911429381405e-04 -1.813369643349626131e+03 7.401170816648627859e-02 1.497687041226887505e-01 1.773322153826716097e+00 1.394265898677626581e+02 6.805144435232998168e-01 8.526736937505008385e-01 4.715976477083135165e+00 2.856757069133857296e-01 -1.069856944393481335e-01 6.191713547842516707e-01 -9.615867477589716827e+00 5.209230808633225074e+00 1.896691741753109284e+01 1.830385570187405051e+02
1.172717098919690975e-04 -1.813420366068280600e+03 6.957927934762631050e-03 1.195262402677289837e-01 1.790166414794445160e+00 1.524982761986885009e+02 7.472087604591310939e-01 7.617502229626862409e-01 4.696549416101302832e+00 3.015347113195883111e-01 -1.192639894720792793e-01 5.426565691382717604e-01 -9.005272028495568293e+00 5.401168404030709524e+00 1.827876231570924048e+01 1.851846329046660173e+02
2.648468283592516942e-04 -1.812605707964775775e+03 5.719704018878579710e-02 1.467944834287281675e-01 1.756133358852591364e+00 1.818990490493961261e+02 6.771049344296206085e-01 8.233736156878741497e-01 4.710218076567031176e+00 3.097687416338783528e-01 -1.168971550825048666e-01 7.710489835421023841e-01 -6.248899037479446861e+00 5.137528145849779015e+00 1.943247015946114686e+01 1.538117841018897707e+02
1.594339509294310131e-04 -1.813113229881754933e+03 5.045779234502331678e-02 1.267063606534340747e-01 1.829838688919878997e+00 1.469839823213087016e+02 7.293613928730738882e-01 7.566090570057870668e-01 4.682916578643835592e+00 3.274301164093229577e-01 -1.072797830987197720e-01 5.218755085663000504e-01 -7.353002657249874119e+00 5.240166362907361375e+00 1.899721355360994934e+01 2.054980309869622772e+02
1.460315314818218214e-04 -1.813201037050016566e+03 1.165310640768486283e-01 1.422565789727407159e-01 1.815351636397227075e+00 1.625090449172905664e+02 5.707478917166617371e-01 8.594752049456721998e-01 4.686967405148839028e+00 3.058617698651926453e-01 -7.734401818492409042e-02 9.329815350074048830e-01 -8.975157662264507508e+00 4.910617499622071946e+00 1.854453713437065332e+01 1.819397451434612378e+02
1.155089295351553150e-04 -1.813435511778494401e+03 1.067229145779072519e-01 1.491104307208099000e-01 1.793092926404650456e+00 1.478387950602443652e+02 6.260547908765478065e-01 8.816513529365057611e-01 4.711015262936898651e+00 3.294302038422323164e-01 -9.375035994844616027e-02 7.164451963713174276e-01 -8.283318859900134612e+00 5.097730041749848340e+00 1.916427942541920615e+01 1.935480541082276318e+02
1.392515087948473847e-04 -1.813248577903560317e+03 5.421064831884159219e-02 1.382745783599115541e-01 1.849514115481700749e+00 1.655462858457154027e+02 7.355119440595269120e-01 8.391994352996585693e-01 4.724426628226179758e+00 2.848759130798477202e-01 -7.668208271419718614e-02 7.122923006904046117e-01 -9.014087799621279373e+00 5.410735435986246955e+00 1.902308570674993149e+01 1.867451643204188656e+02
1.874657971292346850e-04 -1.812951263204000497e+03 3.639844140735551403e-02 1.475375397741378325e-01 1.807610950489407564e+00 1.647279453042418993e+02 7.014062896080242027e-01 8.378514407835473410e-01 4.713604022181669961e+00 2.786854586178768578e-01 -8.944588629292971049e-02 7.361158972760926122e-01 -8.850287871326997902e+00 4.992011164182241778e+00 1.969328275526183347e+01 2.118651119338484818e+02
1.186972628426050000e-04 -1.813408283375566498e+03 3.332910357010454572e-02 1.411575374528859783e-01 1.915779601232046936e+00 1.704609012275277848e+02 6.777725679854578189e-01 8.619802295410832205e-01 4.718261000151549034e+00 2.851874923962349762e-01 -7.723439630731787631e-02 6.852321533908477535e-01 -7.231248933830897840e+00 5.339426544314851419e+00 1.884141155036211757e+01 1.828479259840584064e+02
2.501733508326520650e-04 -1.812662705536560679e+03 9.486525686398100676e-03 1.426988418612681053e-01 1.878399270623996031e+00 1.733808658774844105e+02 7.375940719188146533e-01 8.056904504363959774e-01 4.708676797524756985e+00 3.132559141246258338e-01 -7.090942359438168197e-02 5.876692126777356417e-01 -5.165838660168361685e+00 6.107404113272707491e+00 1.947269376892379711e+01 1.928946625995511113e+02
1.504362176962292287e-04 -1.813171320425784188e+03 1.024949840201451468e-01 1.360715970257407037e-01 1.735023421941519928e+00 1.639716045922133674e+02 6.193901067805495098e-01 8.678647660647271778e-01 4.704356102085951008e+00 3.168441255425726855e-01 -1.114200648475915933e-01 8.999270564019021812e-01 -9.579332839305124025e+00 5.845263131906586196e+00 1.945047253652820629e+01 1.815985630539200884e+02
1.373539998548928612e-04 -1.813262298083720452e+03 4.688907115205886988e-02 1.219730736867754850e-01 1.783323653293014566e+00 1.678216483916698110e+02 7.124328818574068301e-01 8.248803612001287533e-01 4.714348485220909879e+00 2.598569883615780007e-01 -9.758803563320239682e-02 6.405676003599845014e-01 -1.026344400046798455e+01 5.071754665505578963e+00 1.937510080798876544e+01 1.745162290723084482e+02
1.860609960938264717e-04 -1.812958785061518256e+03 6.392286174570166457e-02 1.423443301823646701e-01 1.822015276120279914e+00 1.497440652286353497e+02 6.821071263705744681e-01 7.965439413356694143e-01 4.688758536072072935e+00 2.827453020246313287e-01 -8.048504604326245371e-02 6.777179333646263792e-01 -7.974919262675854270e+00 5.303480753733436082e+00 1.852148375933060365e+01 1.931139251187252626e+02
1.379004749924531029e-04 -1.813258327388196903e+03 7.098429468672379228e-02 1.439997217352115000e-01 1.721332275713856497e+00 1.535036025808008446e+02 7.095320429374710747e-01 7.977021034976274905e-01 4.694580819767406155e+00 3.103409023853147541e-01 -1.181486468443826432e-01 7.051979819310539854e-01 -7.294092884825516876e+00 5.219560989968230480e+00 1.874990621289529713e+01 1.819434288249608471e+02
1.450140812566899932e-04 -1.813208028767639917e+03 1.197358488838695667e-02 1.022140177211608714e-01 1.850624019480785698e+00 1.634546548012556570e+02 7.319159622895674566e-01 7.752623684381061420e-01 4.691467124791457444e+00 3.006813017738458882e-01 -9.095476924752876613e-02 6.141268973607020287e-01 -7.181558689802443496e+00 4.775349788376681559e+00 1.937826549984911395e+01 1.781132219821720639e+02
1.610721168689175438e-04 -1.813103007421904294e+03 1.372219277260845749e-01 1.340484940725862606e-01 1.727221134638242894e+00 1.624898454163192696e+02 6.203506050087885804e-01 8.155660484680435918e-01 4.674855432533629340e+00 2.837648388890925411e-01 -1.072691457420473782e-01 8.793940502435871887e-01 -1.002090365501027236e+01 5.561965075574937245e+00 1.944759351804325931e+01 1.870495103776999031e+02
1.781453111574948399e-04 -1.813002260045387402e+03 6.918211329298420975e-02 1.439460418638593697e-01 1.734020061953370551e+00 1.433820063204093458e+02 7.018341283746697412e-01 7.678478577767433588e-01 4.684572926047060548e+00 3.170088091595881785e-01 -1.296446157431234703e-01 5.340938247572062370e-01 -7.475101167405540536e+00 4.758249251916479849e+00 1.893884886297247760e+01 1.862179177661978997e+02
1.510783853226437662e-04 -1.813167060807238613e+03 4.664451851290712936e-02 1.492681178293821243e-01 1.898717611492715562e+00 1.603237396817406193e+02 7.242758568730996993e-01 8.215844535070342403e-01 4.722318998191058270e+00 3.070384150665952383e-01 -8.505745305157885738e-02 6.530108993374208470e-01 -4.815543536660754853e+00 5.056989632644226518e+00 1.925802841423396217e+01 1.775451106029302082e+02
2.195760219639170401e-04 -1.812793161103386410e+03 9.366244350776051220e-02 1.406143422040469770e-01 1.781230683272152504e+00 1.429136985923510395e+02 6.703889481295431940e-01 8.170387992191159299e-01 4.696547583671219606e+00 3.122740282330633832e-01 -8.645390129706198579e-02 5.765409132771499578e-01 -6.738757987706378572e+00 5.734020430805508717e+00 1.904675956116752644e+01 1.932985663589503815e+02
1.749137495991087883e-04 -1.813020566624465800e+03 6.909795827660270007e-03 1.438117996172418034e-01 1.818212400271979945e+00 1.437068740723214546e+02 7.241090226133929386e-01 7.857667857203889383e-01 4.701488947715903421e+00 2.942027536237497021e-01 -1.051964444069592997e-01 5.488316702156836868e-01 -7.903272189800333081e+00 4.802962760942830478e+00 1.934478403147876691e+01 1.944010819549818336e+02
1.516508253689646617e-04 -1.813163278940749478e+03 2.256245741047629982e-02 1.407138956106802341e-01 1.761828146014241092e+00 1.532660974602028716e+02 7.541301751628421979e-01 7.575015138967193806e-01 4.687066014541908743e+00 3.047926696809488689e-01 -1.017758547380356315e-01 4.758562551137365815e-01 -7.834259900601011850e+00 5.389394958903781507e+00 1.882678998697784323e+01 1.890673228839572175e+02
1.306041667413982343e-04 -1.813312688496522242e+03 1.509655355404082577e-02 1.359292325623437103e-01 1.829925955218932643e+00 1.589080652203643069e+02 7.626374021481407972e-01 7.419719108085169879e-01 4.686011692575108079e+00 3.044294007850669725e-01 -8.213739597502422995e-02 5.662766208004285096e-01 -6.591702824548377748e+00 5.008721838045571140e+00 1.872245783521197993e+01 2.026800308855758317e+02
1.321496064420209476e-04 -1.813300924954530274e+03 1.246868540913409762e-01 1.469703212653465096e-01 1.795573583546508090e+00 1.408825709646584130e+02 5.888799109029015932e-01 8.933966207865722264e-01 4.704777959938569509e+00 2.883735596030598813e-01 -8.459053525903703630e-02 7.311669046797731886e-01 -8.886460226650058303e+00 5.500429110966376101e+00 1.962656284172248178e+01 1.758872586499442434e+02
1.207339725193188576e-04 -1.813391270066496872e+03 3.961269377356826937e-02 1.477523334403062771e-01 1.845021552864148262e+00 1.371742315265690308e+02 7.375706663479699721e-01 7.470408604555567322e-01 4.685215585452282561e+00 3.291014322752734422e-01 -1.148973038506260202e-01 4.652543316178667787e-01 -5.895428171250870264e+00 5.063590658147987256e+00 1.951756160482376146e+01 1.935431310678925456e+02
1.632010813708608397e-04 -1.813089876548905522e+03 3.718939496229653474e-02 1.498415391167352284e-01 1.819285135917596996e+00 1.444657373663339399e+02 7.416101036943859581e-01 7.671477155077948140e-01 4.684166452893683719e+00 3.283020075148779249e-01 -1.139189187247493518e-01 5.669964997789793681e-01 -9.173412236465736669e+00 5.100929029405731896e+00 1.866451185947803992e+01 1.922154388995687100e+02
1.357757174374049289e-04 -1.813273855229536593e+03 5.122536420503084886e-02 1.429443721844492476e-01 1.861647940947565694e+00 1.615151044001088962e+02 7.232823276877953234e-01 8.260779047216098014e-01 4.705648001491437249e+00 2.993228297141927730e-01 -8.427569293051506705e-02 6.659238012536913276e-01 -8.632995104806042264e+00 5.351869144627929842e+00 1.848806135906211523e+01 1.713201381599200772e+02
1.570720335081238911e-04 -1.813128155105180667e+03 4.889768339791764062e-02 1.496194015906399388e-01 1.770021164317213902e+00 1.408233623348945684e+02 7.019174115626075627e-01 7.845329191255641099e-01 4.685118841472641904e+00 3.100697312329832034e-01 -1.088418446207701784e-01 5.874083053113373643e-01 -9.146832122832989853e+00 5.335586392986035875e+00 1.859905565526787186e+01 1.971252370365974684e+02
1.641299134307997755e-04 -1.813084201348159695e+03 1.655706666945117034e-02 1.406654297384279106e-01 1.785765299370167369e+00 1.426068209574517027e+02 7.371162970382251212e-01 7.667717408543441859e-01 4.692191010179643129e+00 3.280710533174404642e-01 -1.189956000165515171e-01 4.316395867425169008e-01 -7.019580814370556254e+00 4.895544386627648237e+00 1.883509101080793613e+01 1.961632859846571648e+02
1.644460049708298499e-04 -1.813082277338396125e+03 1.674640113675243680e-02 1.459489615420850595e-01 1.819021184126372148e+00 1.440301530128745924e+02 7.398132451043066826e-01 7.465650738973537148e-01 4.680106390247408932e+00 3.350814770018142319e-01 -1.185210975119537213e-01 5.124424382142317436e-01 -8.286166651331143385e+00 4.595156460518445840e+00 1.893902617227427498e+01 1.902696342999790033e+02
1.285387923281269720e-04 -1.813328628872861600e+03 2.562064942664354916e-02 1.370682937731859397e-01 1.764930872039156107e+00 1.558240738896201663e+02 7.392380261709634581e-01 7.824888990998677407e-01 4.712134818325339758e+00 2.929295372414579823e-01 -1.095149816658937958e-01 5.579206037352060221e-01 -5.902241236908565725e+00 5.385920397672716575e+00 1.897985196184848178e+01 1.881948639270685248e+02
1.492993777888321813e-04 -1.813178906080446950e+03 1.176982500763909534e-02 1.352617520047989796e-01 1.860270357938965446e+00 1.500039986901967950e+02 8.128745427047037175e-01 7.472032706260351986e-01 4.706235562815541229e+00 3.239863901504711485e-01 -1.067093365774220981e-01 3.851222067474733834e-01 -5.161230965840076124e+00 5.032824527116508406e+00 1.902843028805223469e+01 1.872676949126356192e+02
1.363619830422588329e-04 -1.813269546627598857e+03 1.089203436037490536e-01 1.336126366437418722e-01 1.790907778606461775e+00 1.632510901827447185e+02 6.558888379046357020e-01 8.716543685826678711e-01 4.711373172476648996e+00 2.779547866178817550e-01 -8.455273140086605466e-02 7.615203492917171912e-01 -5.470002290621579277e+00 4.647172956756762119e+00 1.968274837936156985e+01 1.824189955197108475e+02
1.234690154713303188e-04 -1.813368869379741682e+03 5.413275986229162950e-02 1.253891697701575991e-01 1.812820847425110848e+00 1.572336432747619313e+02 7.399792473674061677e-01 7.580519198384434443e-01 4.688560166402531593e+00 3.162107616316627290e-01 -1.261933718080459066e-01 5.757623339417231589e-01 -5.504391327590042238e+00 4.892949812531743881e+00 1.917203736069483710e+01 1.789757063369600303e+02
2.885210669466334288e-04 -1.812520091511833016e+03 5.289295988657821690e-02 1.344434108468804678e-01 1.838990587231146279e+00 1.381891308088336245e+02 7.070715542658599917e-01 7.752010120237129431e-01 4.685946709827461198e+00 3.183434906717661494e-01 -9.543199854604988985e-02 5.265360595782676567e-01 -7.050592937116903158e+00 5.380061155395243766e+00 1.953149847794444227e+01 1.914677457824491853e+02
1.731904396758863975e-04 -1.813030467821031834e+03 1.657584405018369678e-03 1.464126115318405141e-01 1.883584077972574100e+00 1.636844206446604062e+02 7.429325148839130977e-01 8.007863588018597767e-01 4.711420108495337544e+00 2.951880267066173680e-01 -9.043475358317598634e-02 5.840899083407870007e-01 -6.723656778122347077e+00 5.174599764969811666e+00 1.905938830985343202e+01 1.628894818086452574e+02
1.791968241742965284e-04 -1.812996374839318378e+03 3.576508718419912913e-02 1.222692519766782893e-01 1.845749765666059972e+00 1.592127768044287279e+02 7.300340581490269987e-01 7.913387105969158508e-01 4.696874173503168493e+00 3.236409917841231998e-01 -8.466467251991405263e-02 6.075549734389994461e-01 -6.326946224162611543e+00 4.299583119524053032e+00 1.915423249635894720e+01 1.857421616559919926e+02
1.521628903889076347e-04 -1.813159908023122853e+03 3.041026166766080951e-02 1.308533250103326162e-01 1.864337561514467723e+00 1.458913816259765497e+02 7.219477206052918872e-01 8.069687056420886684e-01 4.706045073795049660e+00 3.060141947136936214e-01 -7.580890605787993231e-02 4.854727414595413904e-01 -8.268104408557348961e+00 5.326129549932279161e+00 1.969552588239598023e+01 1.895615948874405206e+02
2.073744717995564240e-04 -1.812850333416031845e+03 7.114372652763495397e-02 1.388201572461678912e-01 1.802389483758410016e+00 1.434300936376840809e+02 7.311286850611218302e-01 7.679856000755638235e-01 4.685322261336892780e+00 3.148156058420323866e-01 -1.015033396635294238e-01 5.211941253066136870e-01 -6.694552957447882591e+00 5.721017976291653540e+00 1.915325380838106639e+01 1.869851605993611088e+02
2.962474815021989773e-04 -1.812493664426305713e+03 1.163708343782304533e-01 1.395740490604007455e-01 1.785587059845088476e+00 1.681622877109556953e+02 5.939042269837502275e-01 9.067185521112175461e-01 4.717621547568533913e+00 3.092454417491765639e-01 -6.961578866704654089e-02 8.660789889702534827e-01 -8.513931984340672443e+00 5.392278456237575845e+00 1.890164969202989909e+01 1.801542483726925639e+02
2.552559856118646062e-04 -1.812642592710693179e+03 3.586013928503833936e-02 1.488284773817024342e-01 1.803085482472699397e+00 1.684182583184579300e+02 6.845589784130838851e-01 7.990778537166132178e-01 4.705840364149955768e+00 3.376901738820536902e-01 -9.563598911311532724e-02 6.801242685057830029e-01 -8.038414924698457753e+00 5.162349631788964999e+00 1.934568915273371204e+01 1.949010033122542325e+02
1.266680450270930576e-04 -1.813343289771674563e+03 1.027616142021371137e-01 1.409589408830269897e-01 1.784500043224926280e+00 1.516304059007208593e+02 6.064926236007690541e-01 8.391429971496089379e-01 4.691293202353042702e+00 2.818367384596651704e-01 -8.221408645122396663e-02 7.859835644021440082e-01 -9.858053228931851208e+00 4.957402897998175462e+00 1.903358669773091805e+01 1.740611846506375855e+02
1.495681380633324291e-04 -1.813177107555463863e+03 5.489429504460932585e-02 1.386328639994203471e-01 1.807836684743581834e+00 1.534121143686797950e+02 6.984859396410573185e-01 7.988677875990286559e-01 4.698629055229115892e+00 3.027801578498510171e-01 -1.032028702140692644e-01 6.459400512800479444e-01 -8.783553577621603381e+00 5.881235261359529787e+00 1.903391169656298842e+01 2.148050737866125246e+02
1.459461361731339277e-04 -1.813201621994144716e+03 5.750705864483829366e-02 1.447406204283288311e-01 1.840036112027902071e+00 1.397372981178541238e+02 7.183135282461501347e-01 7.735337806521767057e-01 4.693017780051720322e+00 3.042778702098360988e-01 -9.451900726643991391e-02 5.253304417808584148e-01 -6.580614954689565366e+00 5.176492756457262701e+00 1.879550552094810811e+01 2.072378047760843458e+02
2.353264101030813800e-04 -1.812723886087893561e+03 9.873679170099480817e-02 1.435969804073886913e-01 1.822782713039992508e+00 1.720348523626682891e+02 6.692015368830870337e-01 8.138751530133423451e-01 4.704969278569905988e+00 3.463870888413285165e-01 -8.606771112400046775e-02 8.005976179492274580e-01 -7.118344876023144252e+00 5.407712870349801193e+00 2.029491672632899224e+01 1.835056694729319986e+02
2.009153128660188419e-04 -1.812881976127210237e+03 7.320905192516991011e-02 1.330931604810522140e-01 1.864847469414579351e+00 1.633039126884180519e+02 7.110753858242235825e-01 8.467382732387318534e-01 4.716808563208725325e+00 3.096847782619309708e-01 -6.431890058241851449e-02 6.365870232975613385e-01 -6.625354895447287618e+00 5.174153220481647608e+00 1.882258007103376940e+01 1.824124359967856890e+02
1.350892566298413674e-04 -1.813278923897271170e+03 7.917814721074531437e-02 1.364639307441299076e-01 1.835384088358051002e+00 1.660142662383161962e+02 7.371998432799843348e-01 8.250251936518953055e-01 4.711044263730270742e+00 3.142773453789737825e-01 -9.030450809464829476e-02 7.011819938461194557e-01 -6.166228503335844380e+00 5.250806500515015074e+00 1.923841054193331601e+01 2.052160006891110697e+02
1.204552301413973516e-04 -1.813393581467661988e+03 1.384361923233940750e-01 1.423449556479397249e-01 1.734307386837535603e+00 1.630020150873866669e+02 6.379058590178184884e-01 8.490421116400188595e-01 4.703887640762923539e+00 3.028476287027612734e-01 -8.991924361532599441e-02 8.311065201711923534e-01 -1.031658889207182028e+01 5.895535720500388877e+00 1.967649437749119556e+01 1.820123198110537146e+02
1.361615116864993641e-04 -1.813271017850416683e+03 7.948804200678513676e-02 1.420638476392641347e-01 1.761147287550481444e+00 1.467691074242317200e+02 6.596667686178145917e-01 8.362309801739098436e-01 4.703538374236185149e+00 2.796920087509151553e-01 -1.218169737536038966e-01 6.432311274210571472e-01 -5.727660084149363229e+00 5.107018488259562616e+00 1.849756387664525192e+01 1.827170782383249446e+02
1.531593774272319258e-04 -1.813153380555711919e+03 6.801823162996387118e-02 1.394914611598099541e-01 1.852669044630250283e+00 1.565082168468486543e+02 6.397502497701433866e-01 8.403428738185239055e-01 4.701248560307723423e+00 2.767839435431855843e-01 -7.308639636123448469e-02 6.622886320672909388e-01 -6.915062657179419148e+00 5.762599375111254751e+00 1.964788138080286828e+01 1.984569166509104718e+02
1.150090447348052388e-04 -1.813439848842322135e+03 1.485180086562695734e-02 1.490631255628622476e-01 1.868782946326036587e+00 1.610495370457965407e+02 7.249009001000645824e-01 8.027632759054343925e-01 4.717366383007583153e+00 2.789219402905198653e-01 -9.504353396355424977e-02 6.432975252664171473e-01 -5.134559291970845152e+00 5.108109240614111535e+00 1.864337931869319931e+01 1.936801099191014544e+02
1.149477354724246842e-04 -1.813440382066554776e+03 6.951780522563810738e-02 1.464293263483969765e-01 1.812080734431694928e+00 1.355357168328214641e+02 6.598139208800904987e-01 8.382549060858959233e-01 4.703220261640238320e+00 2.868422085594570792e-01 -9.946044350034455306e-02 5.925670815933758995e-01 -8.490944465879778136e+00 5.467663542174538982e+00 1.990038532873228405e+01 1.875936901107872927e+02
2.371241388820869442e-04 -1.812716275820705505e+03 8.808415250224485571e-02 1.457667965074576355e-01 1.770974643409570781e+00 1.362657465890581250e+02 6.608713367794065707e-01 7.954705870897835762e-01 4.684138069964273399e+00 3.116741224123793508e-01 -1.132920222643163388e-01 5.990518397678911144e-01 -1.007637860107189454e+01 5.064109944447281464e+00 1.896934196096733416e+01 1.856592415723005161e+02
1.435995482961579931e-04 -1.813217831106421272e+03 6.816107531801321451e-02 1.486336084357502696e-01 1.879542868295822622e+00 1.555056559185845799e+02 6.878543509314724025e-01 8.306314986934910660e-01 4.696001679230264791e+00 3.375892068499037890e-01 -8.210704112545874622e-02 6.483623893179465414e-01 -7.064282743962394306e+00 5.412521303950312834e+00 1.920874199890909750e+01 1.836957395193454659e+02
1.235202404476970278e-04 -1.813368454584556275e+03 3.633728304404482135e-02 1.473131026549455436e-01 1.824816296647901126e+00 1.480800551694985643e+02 7.170029692378045993e-01 7.932324623291944210e-01 4.690455835051103861e+00 2.712498073356603978e-01 -9.220573657659025812e-02 5.736485655349001789e-01 -5.450332325845607784e+00 5.121454024076155243e+00 1.891947903835167111e+01 1.845188487092522678e+02
2.191514501382520338e-04 -1.812795096573514002e+03 5.737409897676162829e-02 1.436498956156446460e-01 1.845401043161371213e+00 1.375610405493249857e+02 6.897424738555192336e-01 8.385624277908760860e-01 4.712302090602017657e+00 2.883202798826465241e-01 -8.121353902602912456e-02 5.153051094564217172e-01 -6.945126725027705561e+00 4.908930401426592205e+00 1.910245210399796889e+01 1.757022812059781813e+02
1.604535889512694979e-04 -1.813106854882119478e+03 8.866831209265352287e-02 1.490827501355788398e-01 1.759650719492009685e+00 1.687894027365777845e+02 6.742192246690340562e-01 7.784456453694166278e-01 4.685316295489160510e+00 3.101259720185511881e-01 -8.747543175070515709e-02 7.585690988070163954e-01 -8.394728625096433916e+00 5.559822321757779129e+00 1.988526642660914945e+01 1.712475459871807288e+02
1.176750144602740976e-04 -1.813416932907290175e+03 4.465125784329157521e-02 1.496030126587656051e-01 1.741149265528388668e+00 1.579363493595180046e+02 7.366015757237722728e-01 7.624540108144353123e-01 4.682177676283496126e+00 3.231117368716696081e-01 -1.284184949913589335e-01 5.875832800329531258e-01 -8.987801760570476972e+00 4.757034468954923767e+00 2.017600450355350006e+01 1.840562574284765276e+02
1.922588620796772309e-04 -1.812926016913493868e+03 5.686401929053083726e-02 1.259184533205636447e-01 1.811320475165757671e+00 1.371930176687578182e+02 7.082837041033893666e-01 7.989654532842107582e-01 4.695904880563794848e+00 3.023191153263391495e-01 -8.600405972632740870e-02 4.974778995174351515e-01 -8.370421669897893935e+00 5.072655207901788366e+00 1.867889635624841915e+01 1.842393380155164948e+02
2.519768939886106256e-04 -1.812655522224674314e+03 3.342050541177674083e-02 1.473155306522430930e-01 1.777660497513054771e+00 1.386997382274398092e+02 7.360975003842475939e-01 7.592022534404041512e-01 4.689292599127488081e+00 3.079188593264226004e-01 -1.103079012633059186e-01 4.922889044588590335e-01 -7.821600921482854574e+00 4.731956426680006267e+00 1.915979820959856639e+01 1.844985324703332026e+02
1.319540227067280899e-04 -1.813302406068376968e+03 8.801894305683494180e-02 1.386257708365825903e-01 1.791975221578574029e+00 1.474497649760982654e+02 6.826871803357051904e-01 7.779320197335666265e-01 4.677700033930460854e+00 3.093890935146259569e-01 -1.099823233180516890e-01 6.106805709289604422e-01 -6.325791765092645846e+00 5.474634517557031010e+00 1.848188890702617826e+01 1.921930347451215084e+02
1.490836850844528942e-04 -1.813180351824316404e+03 -2.376024773413246138e-02 1.289237047296841465e-01 1.786503529920576483e+00 1.522905353351643782e+02 7.946393730956493595e-01 7.588543839415160530e-01 4.699586488392684558e+00 3.146800623907894945e-01 -1.284562772253430296e-01 4.099989810137320556e-01 -9.259809875924929656e+00 4.897593387955034849e+00 1.940357186644670051e+01 1.847077127117270265e+02
1.838025487021790973e-04 -1.812970997540920280e+03 2.253172745390236154e-02 1.310343735762261874e-01 1.747630539862457866e+00 1.498189423665023128e+02 7.243142010134466791e-01 7.705792247791838356e-01 4.690215948713600369e+00 3.093012674844812793e-01 -1.393903507181855073e-01 5.278238220926690927e-01 -6.189787227340673326e+00 5.247676730150141466e+00 1.936812361218354184e+01 1.773057907086039791e+02
2.541758381441275999e-04 -1.812646833313796606e+03 3.535051913525510958e-02 1.423912432470856027e-01 1.767096210875448214e+00 1.364054777860871184e+02 7.099771262808517447e-01 8.005549765004826845e-01 4.700496223595559186e+00 2.976068683164037054e-01 -1.142776563461276318e-01 4.504100340022884064e-01 -7.003690763270725483e+00 4.883804301598848596e+00 1.945713664901382955e+01 1.870253921579820826e+02
1.240988517308265504e-04 -1.813363781178066120e+03 7.679321570257011120e-02 1.415744603430668935e-01 1.870947631291985935e+00 1.721301424863070508e+02 6.706145194264027110e-01 8.242212786082263598e-01 4.693638501933320661e+00 3.356158630303580637e-01 -1.020559858593996783e-01 7.574266548607685445e-01 -8.269522570786364213e+00 5.485475934309147483e+00 1.931459500848209387e+01 1.854401489917646302e+02
1.786463703079251085e-04 -1.812999451350533491e+03 1.098895678471031589e-01 1.356081507486571469e-01 1.795498950685074924e+00 1.550567071002050170e+02 6.424584035488496436e-01 8.246532784547728756e-01 4.691720397606367499e+00 3.248979736143928765e-01 -8.433733718899438792e-02 7.292019353683811822e-01 -8.253864044445037962e+00 4.953587330927100574e+00 1.933745730493041748e+01 2.111868019008664703e+02
1.304178457185472986e-04 -1.813314116123661734e+03 2.878269255616544564e-03 1.437626113831145525e-01 1.852148745757578929e+00 1.611153635716048598e+02 8.073815241766137962e-01 7.235462161449970342e-01 4.688809644533731280e+00 3.238231799704702762e-01 -9.337769846111587668e-02 4.128755091588534598e-01 -4.074431560558224419e+00 5.008310215692812761e+00 1.923219248427177064e+01 1.792993068182631191e+02
1.570584084132997747e-04 -1.813128241853187319e+03 1.111809808685810530e-01 1.428084315914830149e-01 1.722996935401263308e+00 1.494584828399597711e+02 6.349718963707619013e-01 7.998672443630865381e-01 4.676831720019366756e+00 3.031036600271996839e-01 -1.017957130231166296e-01 7.195850192283567148e-01 -8.531709488120156948e+00 5.432325541380067513e+00 1.864122653966071397e+01 1.862694951349999144e+02
1.433190737115851902e-04 -1.813219786188123180e+03 -7.593557584017668338e-03 1.070761732728716387e-01 1.770562954793361676e+00 1.706412945980935376e+02 7.884558948593133332e-01 7.935773296095129936e-01 4.713760392020734713e+00 2.781510083769072050e-01 -1.053819965464621866e-01 4.814168719367790672e-01 -8.774460704813691336e+00 5.139705686237339144e+00 1.932599751980901459e+01 1.761436720980180723e+02
2.218641298507932603e-04 -1.812782794450652773e+03 3.366368270861552769e-02 1.440518975242052468e-01 1.749735398085952909e+00 1.556540988154924889e+02 7.284063759479684208e-01 7.828849580313723688e-01 4.694830916113655661e+00 2.930339850274092939e-01 -1.228314636832779083e-01 5.540689761365488186e-01 -7.596122855375142535e+00 5.201492524122941497e+00 1.933005496087580966e+01 1.604950916535616727e+02
1.298605919377676893e-04 -1.813318398112114210e+03 1.195832438732443992e-01 1.499157762611648959e-01 1.764560995557684642e+00 1.513881626543900438e+02 6.325397965113012111e-01 8.628934040715225962e-01 4.705917763375053298e+00 2.868901834223143155e-01 -1.075963978922773734e-01 7.877989300288728014e-01 -6.607766359614743124e+00 5.030582708980380069e+00 1.806323027587630747e+01 1.854524394295127365e+02
1.360947381535428081e-04 -1.813271508370170295e+03 1.008012611591844465e-01 1.441366088796376677e-01 1.804868640664482271e+00 1.464384181957586861e+02 6.293858402123155837e-01 8.412134445565635499e-01 4.700864467327708240e+00 3.148349793612177372e-01 -8.112151212788365484e-02 7.077118768532925097e-01 -9.622362117050698771e+00 4.940681907441235587e+00 1.835841181914721432e+01 1.811125125532045956e+02
2.060741378171408299e-04 -1.812856623621100425e+03 1.087130116612057551e-01 1.462273206232524159e-01 1.761519471669957149e+00 1.533743154361777954e+02 5.996769512434394489e-01 8.919590325341082426e-01 4.711839205038738321e+00 2.817943233277473425e-01 -8.609539109645281130e-02 7.140853956224197940e-01 -7.937160979382269943e+00 4.824156714343552643e+00 1.973564331570298691e+01 1.767492804548469394e+02
1.239005666508538194e-04 -1.813365380255382661e+03 8.162630645298063481e-02 1.355387387511041986e-01 1.759423890701368620e+00 1.599731770949647114e+02 6.412532230148360046e-01 7.938952891229622555e-01 4.673678847703177652e+00 3.274900059333727409e-01 -1.129920677282818531e-01 7.202246711647595223e-01 -8.127703480976663286e+00 5.627802227676892421e+00 1.906792273384849778e+01 1.662206285713415639e+02
2.446156545001221239e-04 -1.812685171395846055e+03 5.125512440163237926e-03 1.431391993899170101e-01 1.826916649649127145e+00 1.489687198823060896e+02 7.886015505451169361e-01 7.529953541554459395e-01 4.697929033637991303e+00 3.355869005541520789e-01 -1.054154121667107979e-01 3.953291124544584534e-01 -4.976755045455433901e+00 5.026038814109679009e+00 1.943890719662233479e+01 1.823716200723837346e+02
1.574906146222200467e-04 -1.813125493750670557e+03 5.083434913982926018e-02 1.436569669704005625e-01 1.790200703515805181e+00 1.497417132933352661e+02 7.315415486889292884e-01 7.446945590746882893e-01 4.680174290093615852e+00 3.109760967089454375e-01 -9.741079726800583316e-02 5.713569322230549474e-01 -7.719552358763763777e+00 5.327296791210578419e+00 1.980309244617239983e+01 1.908692972603860483e+02
2.392151421148230081e-04 -1.812707496294231987e+03 9.814348790814858559e-02 1.376740571054370921e-01 1.707378397436007944e+00 1.506798812502271403e+02 6.426162780881679026e-01 8.417346980634914377e-01 4.700348405085654768e+00 2.821474589791408416e-01 -1.247925713963011773e-01 7.757148327013617672e-01 -8.547824513479923780e+00 4.907324885690678151e+00 1.899957998657608726e+01 1.891838278806807807e+02
1.789831409322443806e-04 -1.812997568000791489e+03 4.751368363191149635e-02 1.362512101278158527e-01 1.827697930027043505e+00 1.578401314505888706e+02 7.269665276090262473e-01 7.907731261919777044e-01 4.707103460746096424e+00 2.859773078570746474e-01 -9.738322134906240990e-02 5.625794193506441498e-01 -6.169979784952602131e+00 5.962327325900518282e+00 1.860796491918581452e+01 1.909373179877662494e+02
2.001752152784696116e-04 -1.812885666558051071e+03 8.423825021394831802e-02 1.432979046300351389e-01 1.795315359037207514e+00 1.516014437270227120e+02 6.258026070376146999e-01 8.666463549834786395e-01 4.701593985482469762e+00 2.887947815122338113e-01 -7.905816926776587650e-02 7.006644103180511562e-01 -7.289629792332874558e+00 5.239726568618485736e+00 1.817510467951044717e+01 1.802962812343107544e+02
1.626210866658719348e-04 -1.813093436744463133e+03 9.981501146213292430e-02 1.301150917582582223e-01 1.768139596474943787e+00 1.508615027204843670e+02 6.713235365067071747e-01 8.663194995711334112e-01 4.717556872613036134e+00 2.960298598864454789e-01 -8.589701761830137450e-02 6.529384337286440187e-01 -8.593491026925960341e+00 5.431439772167756530e+00 1.914434842857759378e+01 1.817304114211814010e+02
1.730325872057153871e-04 -1.813031379675350308e+03 3.967879433194571037e-02 1.378708610045172034e-01 1.858759129122373288e+00 1.476110243090108725e+02 7.419959986127222518e-01 7.907798656255005110e-01 4.696081293885661978e+00 3.416353450233615696e-01 -8.273117104029514834e-02 5.049550065114730701e-01 -6.324686844292273236e+00 4.920469604842270250e+00 1.913096092344246557e+01 1.979481970757367435e+02
1.506772497515838287e-04 -1.813169719487049178e+03 2.809403366446366901e-02 1.450022850263432417e-01 1.811343595983790244e+00 1.474612676549816968e+02 7.766919719884817219e-01 7.698282733064603089e-01 4.699861075521608811e+00 3.397270741745799238e-01 -1.082642917167850882e-01 4.808708162574414358e-01 -7.754730436764589285e+00 5.312550504582458366e+00 1.918264787239209923e+01 1.739484833853190935e+02
1.249452681457591816e-04 -1.813356983830878562e+03 3.641814151218367157e-02 1.355962658554923650e-01 1.801714003822732835e+00 1.490519095088812662e+02 6.802625667977351132e-01 7.765565060767090078e-01 4.678761847369292681e+00 3.151050876945662438e-01 -9.536093371261200602e-02 6.319078492444075712e-01 -7.789319628385044325e+00 5.240102634345822352e+00 1.886428643152326856e+01 1.998723282974739277e+02
1.480550220851489947e-04 -1.813187275641940460e+03 3.800127538133879490e-02 1.420841628055677097e-01 1.802298344682266240e+00 1.651910868259803919e+02 6.855955010867562649e-01 8.413969606293514314e-01 4.713768775192927585e+00 3.268476441291821022e-01 -1.178873231505757069e-01 6.601997891778709215e-01 -6.339031188836912634e+00 5.591470064444381549e+00 1.884181085285141677e+01 1.880019660250261779e+02
1.913860590192488118e-04 -1.812930566977984427e+03 2.102270345625548154e-02 1.178747403262991045e-01 1.851951347893098010e+00 1.437832229388240535e+02 7.692131358073376335e-01 7.839154322025065902e-01 4.703468641169195052e+00 2.938384079691807038e-01 -9.730344752610120551e-02 3.972038297343630786e-01 -7.068858038871724148e+00 5.358163390665859893e+00 1.945318158822551169e+01 1.893329633444284923e+02
1.322762887144571730e-04 -1.813299966786026744e+03 9.557497497517897234e-02 1.267307078332634840e-01 1.780926513090393293e+00 1.490894706292482397e+02 6.255559011440877670e-01 8.479917916395125488e-01 4.699729266655413795e+00 2.795098632824812857e-01 -9.240092606366046013e-02 7.240624104890377444e-01 -9.922177632730182495e+00 5.633628050582095703e+00 1.945982727190664718e+01 1.975156002907778543e+02
1.613951865054537088e-04 -1.813101003685455680e+03 7.430066630623399782e-03 1.445951684736876131e-01 1.859103516275572687e+00 1.503292281332108473e+02 7.897229247149851750e-01 7.452608749927911447e-01 4.692675721948967649e+00 3.269550743213009980e-01 -1.155367557281272717e-01 4.061884804280747052e-01 -5.476890643047880758e+00 5.075387257737817848e+00 1.859118191768527240e+01 1.747787178773602079e+02
1.283462318818131968e-04 -1.813330128068721478e+03 6.283593025399894505e-02 1.289697682256676636e-01 1.748805100671217083e+00 1.396384980083441576e+02 7.055387410049029917e-01 8.071831498929527005e-01 4.698560016830358066e+00 3.046841518121579107e-01 -1.174398999144332656e-01 4.894042755993184279e-01 -9.610212983212363724e+00 4.972466531969699233e+00 1.911855217723590528e+01 1.964246295735891863e+02
1.439092444838719026e-04 -1.813215676763213196e+03 4.565604430588407481e-02 1.485939094393891324e-01 1.756334928897610226e+00 1.452363111842571470e+02 7.434888136884739707e-01 7.982788305028865050e-01 4.701937468017779231e+00 3.094153482682058254e-01 -1.199920290174516513e-01 4.778184768526428927e-01 -8.121540496905225837e+00 5.489669658934714924e+00 1.956670748941890992e+01 1.779399505722806225e+02
2.692448172674268827e-04 -1.812589238550383925e+03 4.336764985121044358e-02 1.321944026570131825e-01 1.803488972159435377e+00 1.594550794101659221e+02 6.810526968914921708e-01 7.974645511217872684e-01 4.683344096243146737e+00 2.852003661203477147e-01 -1.085188098324412209e-01 6.115031293039457916e-01 -6.406881229065021444e+00 4.766399828175615916e+00 1.886297331513775433e+01 1.791065942670578863e+02
1.257481371152354419e-04 -1.813350578622783360e+03 6.046568787247458276e-02 1.374827835832474199e-01 1.862595390396145412e+00 1.466881532339851901e+02 7.158569524949832674e-01 7.847297594646098773e-01 4.699379301155090616e+00 3.133585112466417133e-01 -8.857664591805791687e-02 5.308037040071794666e-01 -8.851467834698638626e+00 4.892236924280535248e+00 1.969054426327843288e+01 1.948737048728641525e+02
1.933037769170466765e-04 -1.812920596692290474e+03 5.767835909412369344e-02 1.187117171672119331e-01 1.808180491683915925e+00 1.533954232035912355e+02 7.233797205503424976e-01 7.783258892837561227e-01 4.686485034075920986e+00 3.077889313522748083e-01 -1.033742850319547824e-01 5.882237385291948506e-01 -5.257693466176107222e+00 5.581032932084450948e+00 1.964020736812688384e+01 1.861152860737460628e+02
1.462390701617520528e-04 -1.813199616868078010e+03 9.351426589576519732e-02 1.394238247630330274e-01 1.719667534005592913e+00 1.611447790472141719e+02 6.501677873680877795e-01 7.818377573665702407e-01 4.675690793765838293e+00 3.134966473994589276e-01 -1.376376704443065258e-01 7.789514654512046388e-01 -6.220515370615174788e+00 5.140503069278490322e+00 1.969766191311317272e+01 1.825919016653041353e+02
1.191301116620304312e-04 -1.813404643346337252e+03 4.860392808150271193e-02 1.096142181195231269e-01 1.778168980733063620e+00 1.525659837281559987e+02 7.543251727414762575e-01 7.716190137799612270e-01 4.699990579699607096e+00 3.037544073787392662e-01 -1.229210387968067142e-01 5.584840702272008128e-01 -8.188687273694483792e+00 5.377510637324722786e+00 1.978502666424664014e+01 1.917543014325129320e+02
1.681676329845205027e-04 -1.813059898320160073e+03 8.824210151057995666e-02 1.462291151692261815e-01 1.782806458960379814e+00 1.436542752504486202e+02 6.728631391662002192e-01 8.033316555757232802e-01 4.691020858173610364e+00 3.278946664566055880e-01 -9.488738792526008048e-02 6.120571021410646795e-01 -5.119426239063926687e+00 5.069033688900881351e+00 1.895668283247031738e+01 1.982722880374659837e+02
1.637377169390944441e-04 -1.813086593756817592e+03 -4.387366636654538299e-03 1.487605714047013084e-01 1.837084637339221338e+00 1.460150749372039058e+02 7.395446209497914536e-01 7.673208439645635703e-01 4.688042562817013703e+00 3.138105879589703218e-01 -1.125693637274669534e-01 5.418576434188808744e-01 -6.706613987708038849e+00 5.403987118364761422e+00 1.876019891462432554e+01 1.916297432432374421e+02
1.689107783041847530e-04 -1.813055488980974815e+03 6.381792413894243898e-02 1.440143651822172466e-01 1.806431074012147420e+00 1.506686864224985243e+02 7.096047029162420028e-01 7.551867754517913589e-01 4.686418893983910650e+00 3.363457575486548112e-01 -1.235304554783995812e-01 6.372747820419097931e-01 -7.854359098252587046e+00 5.129986546139941872e+00 1.907178254565877751e+01 1.809849348864644867e+02
2.256567278305730687e-04 -1.812765844676295956e+03 3.134172595781353765e-02 1.492742477322157868e-01 1.847305571143696312e+00 1.591392546724883061e+02 6.859226914732952096e-01 8.268870137876587201e-01 4.704625353637238661e+00 3.058843212818165291e-01 -9.839612681439025010e-02 6.348833889468074032e-01 -6.314739148176613526e+00 4.477939639232042524e+00 1.929139065693185984e+01 1.672996078426123177e+02
1.678119382323996461e-04 -1.813062015680353852e+03 3.841250220037345509e-02 1.255409400561691424e-01 1.790057685656846864e+00 1.639772973743546629e+02 7.406487821145060213e-01 8.051125103122296345e-01 4.701915146198432538e+00 2.997997333689219612e-01 -9.682465976859444545e-02 5.155775466997363221e-01 -5.648925826345390533e+00 5.525647064613559145e+00 1.894979108624228559e+01 1.875944613462762334e+02
2.109994821349313072e-04 -1.812833003938324282e+03 1.229187441226033128e-01 1.498739196195485179e-01 1.764839200726237678e+00 1.692925363758265291e+02 6.184223788253540022e-01 8.821095216062269095e-01 4.712034977356439391e+00 3.133564209628831865e-01 -9.225551133334830567e-02 7.986219806635058704e-01 -1.064561555536033666e+01 5.657481924652763006e+00 1.938507566272373950e+01 2.010699636513020323e+02
1.752648253079107518e-04 -1.813018561499928865e+03 1.344752045749061098e-01 1.199718882840402900e-01 1.736576691243761239e+00 1.618769122666423641e+02 6.135420253842431837e-01 8.808073375022502649e-01 4.713639331302378999e+00 2.797999266201749435e-01 -8.307369034176836919e-02 8.232294934435888667e-01 -9.534748888454174676e+00 5.499596508273474349e+00 1.952051827855294519e+01 1.761838936870296948e+02
1.582103601172141433e-04 -1.813120934076804588e+03 7.603177576547537342e-02 1.485534858009604220e-01 1.767358333189258168e+00 1.692180969479049111e+02 7.750537905712558961e-01 7.606512939745100343e-01 4.694111544081978948e+00 3.253901274844379632e-01 -1.097264850058348173e-01 6.016128402249427687e-01 -6.857503163374161659e+00 5.210100230042535863e+00 1.884202529429679274e+01 1.913001618616671067e+02
1.333180022794934613e-04 -1.813292122348535486e+03 1.898656189283048912e-02 1.450149239190292316e-01 1.797730248761783223e+00 1.350414946040287134e+02 7.587791840063037307e-01 7.633889854839410738e-01 4.694896988226898493e+00 3.009333431589746866e-01 -1.017426420300260315e-01 3.920994987285117972e-01 -8.153171537249164658e+00 5.219182708606107113e+00 1.865459455886342255e+01 1.848686890688826452e+02
1.219188139340108011e-04 -1.813381504253801040e+03 8.598380926575327488e-02 1.364926919513314296e-01 1.818780415338562939e+00 1.599455793425270542e+02 6.246486922425183996e-01 8.516136154159379412e-01 4.696874428277089564e+00 3.198780993712391219e-01 -8.769442427586038313e-02 6.984559918536308309e-01 -8.995147017530882749e+00 5.532545583169956593e+00 1.857723651512777252e+01 1.880060334343099839e+02
1.195289593775257438e-04 -1.813401300937560791e+03 3.103478658022745806e-02 1.388399939534888106e-01 1.791867142919604916e+00 1.557708734033436428e+02 7.295886979976172748e-01 7.809811906136121529e-01 4.692884339101904168e+00 3.148219465740544898e-01 -9.107121332556444848e-02 5.320363753756919278e-01 -9.377461402653295863e+00 4.981546199972153310e+00 1.998744547485387102e+01 1.888709879390089270e+02
1.592574945567203071e-04 -1.813114337262534946e+03 6.493026144193661531e-02 1.321222438930700072e-01 1.825363595332706090e+00 1.468322234314870514e+02 7.078700446222857545e-01 8.107133586056678443e-01 4.695467521214625073e+00 3.239882182219337992e-01 -9.051830744716338195e-02 5.568830519752557828e-01 -8.197603210053472367e+00 4.972305709974977894e+00 1.889651707589634810e+01 1.748938194171732903e+02
1.197772498482738536e-04 -1.813399225850912217e+03 2.008669205803503832e-03 1.337460069891440451e-01 1.877038281782716034e+00 1.621553964260554608e+02 7.356334870888934230e-01 7.865269448223874971e-01 4.708432424919219983e+00 3.198371324607105493e-01 -8.211744693338962620e-02 5.804662363336746678e-01 -8.214140711409868345e+00 5.356276102731483135e+00 1.900071416733140239e+01 2.077807454793085924e+02
1.829211151562487462e-04 -1.812975804622274154e+03 6.564728462446048352e-02 1.300346122995213183e-01 1.822839840558676983e+00 1.459546382783201182e+02 7.036980027716992492e-01 8.015634838300811360e-01 4.694843801970624675e+00 3.028583492798264665e-01 -1.044932548350798740e-01 5.931855340622148587e-01 -8.200657703554981026e+00 4.667145467195932262e+00 1.852094232308420985e+01 1.939450963510729196e+02
1.429794897199652916e-04 -1.813222158426019178e+03 7.056930959283777560e-02 1.489024223708574068e-01 1.833098912772173072e+00 1.650333303252930079e+02 7.308564348041857173e-01 7.490847495569230574e-01 4.687430558714739348e+00 3.383681364364758970e-01 -1.189978814020764553e-01 6.218789066796736043e-01 -8.452342954051005108e+00 5.553786811499761278e+00 1.882492732926877110e+01 1.850464168828365246e+02
1.274641598969740365e-04 -1.813337024391224986e+03 3.713312309826183322e-02 1.157404821562020014e-01 1.819234292401429087e+00 1.694288898062979172e+02 7.350653497291748106e-01 8.117112447573802125e-01 4.714192247168597305e+00 2.917835522630998213e-01 -7.393697085461581331e-02 6.396603483424229131e-01 -5.274281807704966241e+00 4.569685767704667612e+00 1.879030751150190071e+01 1.964210763357652354e+02
2.130931512207710407e-04 -1.812823130217676862e+03 8.054326082695292821e-02 1.333106207359920081e-01 1.844636993519914725e+00 1.507281980271689008e+02 6.884744586926889731e-01 7.990136115489669955e-01 4.697768440039637561e+00 3.061049829787902965e-01 -9.005584775395192310e-02 6.240234398374505664e-01 -8.508843992237672182e+00 5.099266222889031752e+00 1.839603946392010059e+01 1.872569538775776721e+02
1.979362485554964264e-04 -1.812896914615604146e+03 -4.096059154033521166e-03 1.440175648197845881e-01 1.833072830140855203e+00 1.508750960929291409e+02 8.149649064754518335e-01 7.572859651005148240e-01 4.707770806152179688e+00 3.059124596091160608e-01 -9.807828041805288777e-02 3.851671130859929959e-01 -7.104841800883946235e+00 5.243792531841373616e+00 1.893547437202869332e+01 1.809304678810739233e+02
1.233799896069835299e-04 -1.813369590677914857e+03 5.071832600023140625e-03 1.464367479959028107e-01 1.804962148843400449e+00 1.513349293903234809e+02 7.705280232684972308e-01 7.463238716182776233e-01 4.698357367363502846e+00 3.316144538576732970e-01 -1.280435583254639909e-01 5.037383545604346979e-01 -6.074410486950000632e+00 4.745654153231027017e+00 1.947447945051261797e+01 1.808627267969946786e+02
1.397324138964262433e-04 -1.813245130353083141e+03 7.984491521550940440e-02 1.293655111753896636e-01 1.774882672077747081e+00 1.619001443955642117e+02 7.001667199390372298e-01 8.350687944117527461e-01 4.707421997946276804e+00 3.074818115404882590e-01 -8.278377669362591007e-02 6.330113826885241934e-01 -7.498883903583788424e+00 5.617901174918116247e+00 1.922864491409292853e+01 1.750404088191336314e+02
1.364919081701404405e-04 -1.813268594285397512e+03 9.534030542705457245e-02 1.387256894708457644e-01 1.776668712183326448e+00 1.354886367437922274e+02 6.513076757763562874e-01 8.450668217069654542e-01 4.704252349386390364e+00 3.001125868734013658e-01 -9.095035629819614442e-02 5.741958226931378473e-01 -9.105836979595068215e+00 4.804002755898872934e+00 1.874444582550449567e+01 1.784622901868164604e+02
3.496700123828533737e-04 -1.812327869729476333e+03 5.853469095571176006e-02 1.402565284882852648e-01 1.796745576966884528e+00 1.398309918796223599e+02 7.066613913409529601e-01 7.796959521094259937e-01 4.687760000955465856e+00 2.900590265174771698e-01 -1.000011595616148163e-01 5.405433652469344707e-01 -7.771777093989186369e+00 4.857375160927546176e+00 1.944760225756847660e+01 1.924939716031148862e+02
1.433335233224374320e-04 -1.813219685371936521e+03 1.530976234877431952e-02 1.382819678502124894e-01 1.851239697948270368e+00 1.579453233082776649e+02 7.024638290439665367e-01 7.987412514951099940e-01 4.705092664679117576e+00 3.152196135797440402e-01 -1.142928917339092187e-01 6.687585042276714686e-01 -6.743218189763268811e+00 5.473673184858252050e+00 1.941010697104939098e+01 1.910574673691176599e+02
1.457413466325390642e-04 -1.813203026165295796e+03 5.840243250062246427e-02 1.469823972161874714e-01 1.843561956819343095e+00 1.495818546441803960e+02 6.548744953065431806e-01 8.179558142531799803e-01 4.686226561957597347e+00 3.192410919647930001e-01 -9.118688310754619053e-02 7.350072693035392124e-01 -5.953766562477539992e+00 5.403925264641507020e+00 1.911940294230540616e+01 1.867062847012692544e+02
2.178196603912269016e-04 -1.812801192142939954e+03 3.897583624684844428e-02 1.455061966623664993e-01 1.800792974859005469e+00 1.531545452679317236e+02 6.382774632700914941e-01 8.336994076766899298e-01 4.692647386260295761e+00 2.942771992260579950e-01 -1.126646046449573113e-01 6.598413581004927142e-01 -8.009684958622784734e+00 5.110027999644328744e+00 1.892627152341786001e+01 1.821398673162096884e+02
1.388503103348986891e-04 -1.813251463168673126e+03 7.309468096210114396e-02 1.341179419704838505e-01 1.776757775033342313e+00 1.500759165371581219e+02 7.182469999415871387e-01 7.736758308107447579e-01 4.690655196787528070e+00 2.986202338434718051e-01 -1.146320372306834923e-01 5.622031611865353495e-01 -5.034668658136553177e+00 5.401810385340488629e+00 1.938823706339021413e+01 1.933723541351777158e+02
1.247516310885252817e-04 -1.813358534808056447e+03 8.318630896113188289e-02 1.224009775801531419e-01 1.775176520245605793e+00 1.583275261411571364e+02 6.780919993373111243e-01 8.750243642858026583e-01 4.718446191899245079e+00 2.807287457369234129e-01 -8.780051092404317359e-02 6.923836952031473535e-01 -8.649237925050471176e+00 5.530106165339110369e+00 1.891374248656651957e+01 1.750276494263607390e+02
1.401111271922965450e-04 -1.813242423744057305e+03 7.884197527985525866e-03 1.322556600996536436e-01 1.832101677440448384e+00 1.606589087964441092e+02 7.633682190910200394e-01 7.606954429794940964e-01 4.698497214607495920e+00 3.253627374006322626e-01 -9.928945052531457094e-02 5.303453664817353586e-01 -4.672265276827886282e+00 4.546455262249837759e+00 1.938890792180214362e+01 1.699663191311370269e+02
1.614386364451366590e-04 -1.813100734507092966e+03 -3.056057638226555850e-03 1.428151937691049256e-01 1.859031003856543407e+00 1.490227525721304858e+02 7.910125402035897979e-01 7.695415392578228708e-01 4.705059783630181514e+00 3.356759235875959035e-01 -1.075457689259506910e-01 4.339750370381156852e-01 -8.565006672284198430e+00 4.894520225994791751e+00 1.885316401306913292e+01 1.901202586363322098e+02
1.805160972731836529e-04 -1.812989039662095138e+03 4.230578099489651356e-02 1.308249874881173003e-01 1.820722066282625562e+00 1.521596806211422859e+02 7.220128905360512217e-01 7.635265527611365677e-01 4.685039788022867135e+00 3.124051537112551014e-01 -8.517701193898097323e-02 6.163999216039686146e-01 -6.679322969897299345e+00 5.608446625899432547e+00 1.962612510767258556e+01 1.801792320180830700e+02
1.362980238106904546e-04 -1.813270015777684193e+03 1.465654651114956797e-01 1.397652236232545253e-01 1.755811422563552604e+00 1.517917625389784746e+02 5.856344163562957617e-01 8.944367554065635328e-01 4.701405381607131062e+00 2.766975849863568815e-01 -9.309638128194985818e-02 8.100566057223206329e-01 -9.604781256400457323e+00 5.648621834352662852e+00 1.987626110618090536e+01 1.760885538491591262e+02
3.103174750875694948e-04 -1.812447263730841769e+03 4.434391964204165149e-02 1.330322392234622730e-01 1.872563580756779089e+00 1.580612181793160573e+02 7.524898432206813537e-01 8.118243382917500472e-01 4.714158685211796040e+00 3.202725418662719648e-01 -8.653998605193558014e-02 5.431939107197691907e-01 -5.303721901243250159e+00 4.737536026385158472e+00 1.938849881384285823e+01 1.857878269540395024e+02
2.156426439085269145e-04 -1.812811237006200372e+03 8.461230332213379168e-02 1.076484084540093311e-01 1.744758711871450707e+00 1.665167357170120681e+02 7.124829326951712671e-01 8.166343401546811709e-01 4.709958650527134694e+00 2.916490601837331553e-01 -9.910102974017753752e-02 7.485518702167074379e-01 -8.257481390843310010e+00 4.981024384337340294e+00 1.938189586438310386e+01 2.001952230659791496e+02
1.200256716092676877e-04 -1.813397153967481017e+03 1.286918540394302035e-01 1.383331674192152250e-01 1.771618894159235680e+00 1.554498511551082629e+02 6.268050397591778955e-01 8.013339834414965335e-01 4.679031546468822356e+00 3.352575880605803693e-01 -1.076034101134339949e-01 7.540664235825125239e-01 -6.077770809788574979e+00 5.068933037883693871e+00 1.873940134946971980e+01 1.855992060066760132e+02
1.157289346584467084e-04 -1.813433608931048184e+03 4.409883172769227255e-02 1.248400493307778858e-01 1.772486334333493119e+00 1.568196063750478686e+02 7.108932815121054016e-01 7.814645920911609256e-01 4.683247827519385176e+00 3.178126635146474310e-01 -1.001992548919821147e-01 6.618945441802657204e-01 -9.023082415710405257e+00 5.638657188454576641e+00 1.924827697602005117e+01 2.028021686713175029e+02
1.900357816591467439e-04 -1.812937647238509044e+03 1.240507630618939705e-01 1.381977777975729460e-01 1.832708742304353322e+00 1.625833032344274898e+02 6.561668978352495074e-01 8.013912293588456581e-01 4.687919119181433558e+00 2.980969516444265111e-01 -8.557083155100864147e-02 7.763843885659467148e-01 -7.654944578012703005e+00 5.442798343763377567e+00 1.927554262841402277e+01 1.821917943343163131e+02
1.558214473530792200e-04 -1.813136148833978950e+03 9.710543943767988018e-02 1.497278367168808078e-01 1.774316087452899815e+00 1.498794721225533806e+02 6.259523261339499101e-01 8.633727774843269476e-01 4.712519226510291759e+00 3.125584382538664219e-01 -8.754775538810388724e-02 7.004090809735771250e-01 -6.271329303415484446e+00 5.318636959543709963e+00 1.976940601510301931e+01 1.972777627893499357e+02
1.198476209372488228e-04 -1.813398638507112992e+03 1.406949560933687671e-01 1.498916185588748673e-01 1.760152281235615845e+00 1.422962043197531727e+02 6.220549851201346847e-01 8.477330002395557784e-01 4.699952964575226488e+00 2.818144318556115024e-01 -1.028450798468130145e-01 7.058115722390395641e-01 -9.086208096736982043e+00 5.509468462917888054e+00 1.886900681470082830e+01 1.774171349975651708e+02
1.977134190285769421e-04 -1.812898041013873808e+03 -1.695291527382486452e-03 1.276490041306798384e-01 1.802454812626006486e+00 1.482765627666409216e+02 8.032492130934112406e-01 7.459395212187445168e-01 4.687439496722221044e+00 3.114287982712229397e-01 -1.083879842005757155e-01 4.076832267577118474e-01 -7.625323170774862547e+00 5.362316618149232106e+00 1.908521891107706381e+01 1.803253747041906365e+02
1.157251900556545578e-04 -1.813433641288240324e+03 3.786184809160181297e-02 1.475508762698549414e-01 1.818899680339395530e+00 1.609949727722446653e+02 6.957887524127702727e-01 7.706645763140715921e-01 4.682301392720764177e+00 3.002256068474611350e-01 -1.091421095276667863e-01 6.345805128050832078e-01 -7.301092750092806227e+00 4.205247693536473541e+00 1.985893946405525767e+01 1.981438413948686161e+02
1.313480553943689050e-04 -1.813307008906201645e+03 3.600027302272684748e-02 1.474969731598085032e-01 1.830287325162267997e+00 1.538555260369890050e+02 7.041693769167087780e-01 7.586830024342314793e-01 4.681020844820601212e+00 3.370887140771714474e-01 -9.581523939153124836e-02 6.714335430449294151e-01 -7.771573474367215795e+00 5.419606868918847020e+00 1.831822568439323007e+01 1.830862207649852564e+02
1.638187823007167287e-04 -1.813086098786554658e+03 9.984819439843811706e-02 1.362286923922457482e-01 1.756032128761823685e+00 1.529910207778220297e+02 6.970052873071982402e-01 8.117921461207873168e-01 4.707191233767774818e+00 3.034362574666658041e-01 -9.205365777648610859e-02 6.582989339823163144e-01 -7.519221462324054528e+00 5.593695468482429156e+00 1.908345741160388798e+01 1.817790680924338176e+02
1.190733692054491213e-04 -1.812585732621339048e+03 1.076143673708640780e-01 1.444233601829103819e-01 1.794155801008479045e+00 1.579167521327645431e+02 6.131059435313929162e-01 8.272421847342468215e-01 4.681489343017057436e+00 3.183070536545704599e-01 -8.227858415308642037e-02 8.756522164714021228e-01 -9.732084367393156299e+00 5.703506698690796739e+00 1.884687295099551818e+01 1.867229257155345010e+02
1.991040618086927904e-04 -1.812071644860698598e+03 8.358723592631267518e-02 1.395888697194936634e-01 1.854572744239742832e+00 1.490762229552076121e+02 6.833834087029782012e-01 7.967674201436383274e-01 4.692032355149656553e+00 3.141844778527069781e-01 -6.800910298646800634e-02 6.469084262589875900e-01 -6.883398844159387409e+00 5.168353840537598387e+00 1.953842729454535743e+01 1.884980577361587848e+02
1.355145584776277948e-04 -1.812456393395220402e+03 7.948220347093465366e-02 1.463630354786235321e-01 1.809022620441393059e+00 1.495641457966088410e+02 6.706479539572614001e-01 7.912198300206105817e-01 4.694056160825686774e+00 2.946680374303749517e-01 -8.978050493302180968e-02 5.847493608716562985e-01 -7.476506752667546607e+00 5.080978698951299499e+00 1.909254067784826958e+01 1.950570219393335947e+02
1.196388889281393178e-04 -1.812580994525481856e+03 9.672692806024860146e-02 1.370410389569158005e-01 1.773440888172240548e+00 1.653611292133234656e+02 6.773021494202561277e-01 8.252485007268723916e-01 4.700423634627634684e+00 2.784196670519023531e-01 -9.102018256291377618e-02 6.608224376347064943e-01 -7.052518928334222892e+00 5.518868617321981418e+00 1.882134581666539219e+01 1.741096532702027844e+02
2.421617171095812038e-04 -1.811875866716913606e+03 4.055043827093834929e-02 1.375809101200253515e-01 1.855228155732284279e+00 1.591073740403714112e+02 7.422570405926816051e-01 7.926328615827682444e-01 4.704585392891205586e+00 3.278122357361126227e-01 -7.382175764191378775e-02 5.233489837216686036e-01 -6.243563340680651663e+00 5.330015150091127474e+00 1.888819347609860344e+01 1.986147018410654539e+02
1.217445896141169758e-04 -1.812563547149920396e+03 2.862139340379052377e-02 1.434410374364313012e-01 1.875248965871894491e+00 1.624296222591383412e+02 6.671774623801423054e-01 8.263428070369021050e-01 4.699057315980208926e+00 3.116066728519746309e-01 -8.724550219579518817e-02 6.676209601619614853e-01 -8.980395606510057860e+00 5.290874076807949855e+00 1.920115658550059123e+01 1.931060043138430729e+02
1.832660103475687390e-04 -1.812154533766575923e+03 -1.510226226615940526e-02 1.425773468686119261e-01 1.809013001664988352e+00 1.693456541629759329e+02 7.968149685258258952e-01 7.480671558027669477e-01 4.698314881574575885e+00 3.198674015805613724e-01 -1.196489948436547657e-01 4.394873992877700308e-01 -6.327684769469072990e+00 5.560569238225010480e+00 1.852382074436298609e+01 1.976558827861722989e+02
1.950135061579880928e-04 -1.812092403653894053e+03 1.938457139246543837e-02 1.470920060097341830e-01 1.817523569170333531e+00 1.427725385308501131e+02 7.156936846182186951e-01 7.927963984565522537e-01 4.704432110474958684e+00 3.016938670315851834e-01 -1.179051610391250726e-01 5.455867000020645508e-01 -7.955869475540737312e+00 5.237482815663829783e+00 1.905700842751345547e+01 1.894627163443224447e+02
1.293375235762653903e-04 -1.812503047023192039e+03 8.465225616225505179e-02 1.415120845128489957e-01 1.787612737105161109e+00 1.507476191644878725e+02 6.490318998477957457e-01 8.064268364232882735e-01 4.684576248363768514e+00 3.021624189243234948e-01 -9.877444268632240565e-02 6.172533587467784466e-01 -6.918323501574519696e+00 5.374807373684453715e+00 1.846269972450553709e+01 2.015263784356739052e+02
1.245776715028419754e-04 -1.812540543083534885e+03 -1.120264260412340285e-03 1.134951019172187603e-01 1.785185581181304215e+00 1.644139007115268782e+02 7.796301757929836596e-01 7.262508465805905811e-01 4.674435423725670447e+00 3.087322185657581652e-01 -1.236316047868264434e-01 4.881464581116081725e-01 -7.003402545198696316e+00 5.540849097420585956e+00 1.899788642373245651e+01 1.933346895295617855e+02
1.337531114831845189e-04 -1.812469476823476725e+03 9.910969173346753647e-02 1.479460095463774050e-01 1.761933742777388012e+00 1.505164276704054771e+02 6.609553990667189627e-01 8.591552151096604195e-01 4.710797337952088881e+00 2.870635889272459274e-01 -9.843344550974086893e-02 6.658869256185339092e-01 -6.633419651807201944e+00 5.263836781984387869e+00 1.867045316018389656e+01 2.030864800108220720e+02
1.577705754225065750e-04 -1.812304330548921371e+03 8.272220324943929670e-02 1.386687989532202903e-01 1.799377602836003121e+00 1.500131297278933005e+02 6.516317972630523148e-01 8.382561046305574415e-01 4.689391322245287874e+00 2.929448421575877592e-01 -8.132147771434494743e-02 6.661142199274245890e-01 -6.941651890148278881e+00 5.152376410482384372e+00 1.868824353659404025e+01 1.855203495215840235e+02
1.919184458116566757e-04 -1.812108401952014447e+03 8.352670803390901955e-02 1.478929101528491941e-01 1.833228421471250869e+00 1.514048152875248832e+02 6.681700189333289464e-01 8.245547985721393136e-01 4.704483909738062408e+00 3.252216247920194370e-01 -8.206700640636510613e-02 7.254953284162977134e-01 -7.554625034381416526e+00 5.124855058589394829e+00 1.952450039279307603e+01 2.065942851646307474e+02
1.386170142330724617e-04 -1.812433757635371876e+03 9.781834714311996026e-02 1.298636750932601058e-01 1.758641768184554977e+00 1.596442280718048892e+02 6.098900804367899386e-01 8.330187013366572302e-01 4.691029784958477222e+00 2.757994585979102187e-01 -1.018628819362836779e-01 8.173686796796696408e-01 -7.020749862103656369e+00 5.574032928956085264e+00 1.925091711932736160e+01 2.022350654028179804e+02
1.342870413100833891e-04 -1.812465492864151656e+03 5.515611529928926560e-02 1.459689361077148584e-01 1.891862046980298473e+00 1.665584253591070478e+02 6.963133490673164561e-01 7.768535138070580270e-01 4.679527154999174599e+00 3.256332634184844199e-01 -5.608211174467392368e-02 6.854203919161793168e-01 -6.588582136609176132e+00 5.130157396604717590e+00 1.871097198044380150e+01 1.998532554152088210e+02
1.520645164535377450e-04 -1.812341167591263002e+03 1.116653602249998711e-01 1.373646247793841313e-01 1.779318876802709504e+00 1.572905153440288757e+02 6.297778844182810865e-01 8.575901446876093015e-01 4.700265443338199844e+00 3.093877357938450423e-01 -9.171339530197863965e-02 8.031625443157466293e-01 -8.460105617539994682e+00 4.875265387133898010e+00 1.826277600594339390e+01 2.026604368957040094e+02
1.305547736009007160e-04 -1.812493679612623737e+03 7.063572850471830367e-02 1.311340447681008381e-01 1.790236595216210702e+00 1.620799810131852325e+02 6.574043435584594475e-01 8.021447845029612278e-01 4.695936715567708752e+00 2.916554165729021708e-01 -9.919516446012011102e-02 7.042710466092787502e-01 -7.118348455645985950e+00 5.329068408684634051e+00 1.815737959923713163e+01 1.764093874039457432e+02
1.284874330199557940e-04 -1.812509641370365216e+03 3.386606293500718512e-02 1.490087090445095519e-01 1.848910031238993668e+00 1.435685326389161105e+02 7.292731525210363053e-01 8.298826257559432928e-01 4.715629251615243156e+00 2.933840624923094165e-01 -9.094770356469972228e-02 5.416311723322834171e-01 -5.821529479555039188e+00 5.123852839001075132e+00 1.898419877088308638e+01 1.953186798460388900e+02
1.424787039091655752e-04 -1.812406279930118899e+03 6.502739424448863992e-02 1.467844749546619865e-01 1.850055485903701502e+00 1.472521527762384892e+02 6.670070296604062587e-01 8.503592947027227567e-01 4.707210022685484496e+00 2.886180105698654685e-01 -8.562064200060182095e-02 5.803380414618352079e-01 -5.506723992934865919e+00 4.953377195578978487e+00 1.890730249163896559e+01 2.050968990133514751e+02
1.539784975897614226e-04 -1.812328659505783435e+03 -7.730155618087763969e-03 1.222479907741118310e-01 1.837938701933099495e+00 1.627278659799270031e+02 7.693828158805260387e-01 7.328272322584443721e-01 4.681974628535231275e+00 3.264662641759896733e-01 -1.173345164784760364e-01 5.644370117128024722e-01 -6.637054027329071459e+00 4.967365601720730162e+00 1.854792381958903036e+01 1.855745953334311196e+02
1.593496315705397986e-04 -1.812294371743624197e+03 8.328257308806316650e-02 1.493159081269913313e-01 1.787597085618100934e+00 1.722845744127868954e+02 6.686654107203051645e-01 8.328841411198308897e-01 4.715586222016202811e+00 2.684594104069839560e-01 -1.142220670410964978e-01 7.561914814442138866e-01 -7.597909516765923854e+00 5.826799638627755407e+00 1.947235400170144004e+01 1.964255187296554084e+02
1.452012548241953221e-04 -1.812387351728014664e+03 9.426893687885548601e-02 1.389549280576254653e-01 1.733844035714865228e+00 1.627692752465534340e+02 6.559363714441091009e-01 8.191502682681750525e-01 4.704475248227644180e+00 3.082859565543076830e-01 -1.106312914688198923e-01 7.765194024252050076e-01 -7.855844651020618130e+00 5.136588907598715892e+00 1.959347010951473322e+01 2.082262109463448496e+02
1.150304715928447192e-04 -1.812620275408770567e+03 2.722199431608374187e-02 1.411913746515221779e-01 1.811312010152492213e+00 1.587724798563120885e+02 7.039195368206565551e-01 7.810958705116022305e-01 4.685419878125865800e+00 3.125888238515563966e-01 -1.235790457330478986e-01 5.814931732289594368e-01 -4.660368294356544538e+00 4.616870036687426015e+00 1.905783507854907910e+01 1.864409506913076200e+02
1.260653445138715798e-04 -1.812528672092633769e+03 7.897511817395788669e-02 1.478985137141078654e-01 1.789213152376420979e+00 1.457492789781377098e+02 6.381768460315531133e-01 8.503965470244465585e-01 4.703018457572151867e+00 2.833477007085509758e-01 -1.056738520414230997e-01 6.251982747191155987e-01 -5.639935946350561835e+00 5.536899766841907322e+00 1.923629786420488585e+01 1.689871177657622638e+02
1.193036761392531400e-04 -1.812583800329535279e+03 4.675074554727243203e-02 1.489167064943386631e-01 1.823222310874720087e+00 1.528432188922589887e+02 7.076777096479847096e-01 7.905982167032576946e-01 4.694541382169370891e+00 3.141320566660219527e-01 -9.984754085695790593e-02 6.428923230529305366e-01 -7.580310535494731994e+00 4.107100440026045796e+00 1.911735352008969713e+01 1.974341084618102116e+02
1.159238873065009871e-04 -1.812612538640567664e+03 3.946614249026236809e-02 1.497432727543861752e-01 1.834008288093252226e+00 1.605340804188160462e+02 6.665468584702224364e-01 8.334804759835656718e-01 4.705510461027031077e+00 2.526240171496816345e-01 -8.567527524081031132e-02 6.836257329736981081e-01 -6.254525563077635297e+00 5.309643167434541233e+00 1.972995336578165038e+01 1.815220575764824389e+02
1.318486159666236565e-04 -1.812483818056693508e+03 1.859181802630435754e-02 1.337313319805799317e-01 1.862359468439155563e+00 1.518369141037202610e+02 7.332976842285799934e-01 7.667518942075246535e-01 4.691945654370448970e+00 3.416605352573809373e-01 -8.905572947116291438e-02 5.083189966133799809e-01 -5.164889001409250113e+00 5.266736913511538276e+00 1.925829204689055629e+01 1.835864065909915723e+02
1.194102599995402726e-04 -1.812582907345496778e+03 1.186392097245423660e-01 1.415780067467268533e-01 1.802641779284507528e+00 1.655011689390782408e+02 6.202561644974124988e-01 8.745348169524644888e-01 4.709719710740109200e+00 2.872171631306401629e-01 -8.638129406212713413e-02 7.528248170095771519e-01 -1.039489027395501353e+01 5.722241394885418941e+00 1.899991651028032180e+01 1.912205812377480925e+02
1.330718134923339476e-04 -1.812474583538837123e+03 9.256782914606068169e-02 1.332965590710897541e-01 1.796219132956873743e+00 1.480597888956996542e+02 6.658959019947133795e-01 8.503992308732299943e-01 4.715738458548598189e+00 2.947727736599765613e-01 -9.092061743257606743e-02 5.840618010336957600e-01 -7.296871816192236793e+00 4.931069505738627790e+00 1.925421225973877881e+01 1.862971281455634198e+02
1.390601695176697718e-04 -1.812430565758712419e+03 -5.277879406142993446e-03 1.451166876884485701e-01 1.877116320880775291e+00 1.515822674184647383e+02 7.615547174557232291e-01 7.608058886260380405e-01 4.695742932234237443e+00 2.979529505995788252e-01 -1.045344816705107149e-01 4.618222655653664854e-01 -5.252637897519434773e+00 5.144450465967898012e+00 1.851289287467494660e+01 1.911016495335913135e+02
1.156720919708958782e-04 -1.812614713077581655e+03 2.826535923423412200e-02 1.311337153669166755e-01 1.909220854517669430e+00 1.603854540239600226e+02 7.658665226516911950e-01 7.828483833144648241e-01 4.706018061957427889e+00 3.022422476928685597e-01 -7.592855429267753031e-02 5.142826426537105977e-01 -7.382309238200321033e+00 4.822853288427908502e+00 1.942748734216415230e+01 2.004557220844361893e+02
1.285489454271966842e-04 -1.812509162742329863e+03 1.486438031765980605e-01 1.498726714605308208e-01 1.747854808471478449e+00 1.622001204602853193e+02 5.556749967091045850e-01 8.816818767345968588e-01 4.685354213632606957e+00 2.838621202682796163e-01 -9.837633400296352804e-02 8.767855118348063526e-01 -6.544952817186270977e+00 5.566327495797662728e+00 1.868257097035586156e+01 2.049733520803329725e+02
2.183622083023413799e-04 -1.811979317282418833e+03 5.025638785006883436e-02 1.373838701932635076e-01 1.811735495108307781e+00 1.579193859421745003e+02 7.234742213109012221e-01 7.832509359901536072e-01 4.685464258908104362e+00 2.883660267331433769e-01 -8.937844401258887572e-02 6.087124247541314537e-01 -7.949361640717910404e+00 4.915500821987439650e+00 1.978299279807571764e+01 1.958547703538572193e+02
1.282798298102573421e-04 -1.812511258424289053e+03 5.310002060120322387e-02 1.475409629505406162e-01 1.816908841388108264e+00 1.629270495354903971e+02 6.142594192977077761e-01 8.502306269440718101e-01 4.694608008351815798e+00 2.819194327934138045e-01 -8.630421638334162537e-02 8.240903313281086051e-01 -6.351156285646965216e+00 5.106271020931751892e+00 1.839958648943806807e+01 1.863884127835748643e+02
1.384593669303463065e-04 -1.812434895569389028e+03 6.254502347385748617e-02 1.363604652254469529e-01 1.806974877907524757e+00 1.584246009083283298e+02 6.765457199582495251e-01 8.532146829639304375e-01 4.706954117588959541e+00 2.845616814898550562e-01 -8.670396583274042612e-02 6.481105740773808188e-01 -4.793609057758288827e+00 5.570940400945745274e+00 1.861440216995458030e+01 1.938257103112822506e+02
1.437141384009533497e-04 -1.812397646295847153e+03 1.906566303287615671e-02 1.462326549873110004e-01 1.866000258363681219e+00 1.533977130236180813e+02 6.834481016619776694e-01 8.185750914047997817e-01 4.704282514807670346e+00 3.132492329676634935e-01 -8.416666913692161245e-02 6.111727699522179202e-01 -6.701313610544673338e+00 4.739418105340620357e+00 1.896878739929963587e+01 1.983838223181150227e+02
1.419683759489033222e-04 -1.812409868144194206e+03 6.455150117396166176e-02 1.291676738712205508e-01 1.780366200249338782e+00 1.517018033930448837e+02 6.465128314320709446e-01 8.397836167093890580e-01 4.700560071132827922e+00 3.047443706494326054e-01 -9.399026003685362340e-02 7.065415517495746700e-01 -6.379113821167976539e+00 5.546923734119912908e+00 1.931313934401879351e+01 1.812374823968912949e+02
1.625555756348347387e-04 -1.812274452525201468e+03 4.203092911348343952e-02 1.362632334142171719e-01 1.851306723238493213e+00 1.689715925368441560e+02 6.994646768948857840e-01 8.169468498382925770e-01 4.697213152029132033e+00 3.277981643199840978e-01 -7.340308374298754046e-02 6.706495953551050437e-01 -6.590077211185359829e+00 4.926613279393587952e+00 1.973976131647381393e+01 2.041872253970428233e+02
1.278905785974537726e-04 -1.812514297428792361e+03 8.618361508435204432e-02 1.336346034294828844e-01 1.802887255599565641e+00 1.614352083717825792e+02 6.905909397619853785e-01 8.180674767475359932e-01 4.707464630134020389e+00 2.842582071853017034e-01 -1.081531496373941970e-01 7.623939631196280375e-01 -6.660712729326917270e+00 5.445146744803341932e+00 1.848050525768296737e+01 1.780939993764667406e+02
1.798557665491138215e-04 -1.812173317239677090e+03 2.747626192519392330e-02 1.374595924985034523e-01 1.737092938035774914e+00 1.625092149490620841e+02 7.100686208366968621e-01 7.996986104308068111e-01 4.707009193963823890e+00 2.864132771281158174e-01 -1.078042684574842536e-01 6.167349649323564664e-01 -8.482374634037910255e+00 5.647116737606427961e+00 1.910467087516975937e+01 1.877197080884589582e+02
1.246844157264569088e-04 -1.812539686601658104e+03 4.827341932618636755e-02 1.462867572876514755e-01 1.896879507055285963e+00 1.628662497926397634e+02 6.770956666040565120e-01 7.915327010923285389e-01 4.683203784191143804e+00 3.189386812627543755e-01 -6.930428869943128234e-02 6.921364093634314596e-01 -4.017502843132632506e+00 5.409048592932341748e+00 1.863619622698941924e+01 1.776406466221601761e+02
2.200215993121462015e-04 -1.811971746752183208e+03 3.566214210547330454e-02 1.298511843978940872e-01 1.878549491650954195e+00 1.718291264611156350e+02 6.875024749804112822e-01 8.258300624191834416e-01 4.711304792247769768e+00 3.059419783347321342e-01 -6.046586272663789785e-02 6.926016068604200493e-01 -5.270040160431477716e+00 4.934580259325804796e+00 1.903148720603042676e+01 1.953032092521116283e+02
1.524569711515597016e-04 -1.812338590072557281e+03 7.583753868287551603e-02 1.470291325719780551e-01 1.814374213105907963e+00 1.398479351017307977e+02 6.487571383276591330e-01 8.158557904163055152e-01 4.696613818174784072e+00 3.193156646115224984e-01 -1.084646925617576141e-01 6.015613350815985916e-01 -7.678212121132190759e+00 5.290110146070614583e+00 1.925525718696707855e+01 1.956070330238194401e+02
1.680882373545775825e-04 -1.812240983408536977e+03 5.218546812487367959e-02 1.332625809046592835e-01 1.785223941081695465e+00 1.524704600997734474e+02 6.909927522710099801e-01 8.428581284279761388e-01 4.710482726713054014e+00 3.001837327522094423e-01 -9.625765587576262661e-02 5.775302245120844669e-01 -8.621580894918793092e+00 5.413830468641189775e+00 1.959012471296595237e+01 1.951527461474715892e+02
1.641534722279907319e-04 -1.812264670675909201e+03 6.072429994816458398e-02 1.347620519827048835e-01 1.846301278250134459e+00 1.467246414043718801e+02 6.848882926850480279e-01 8.189289285778802441e-01 4.702253190918175285e+00 2.956711234298867730e-01 -8.605962527630151016e-02 5.595159581161787132e-01 -7.072314527132590456e+00 5.043966509962416467e+00 1.970212766340695509e+01 2.049657556022237372e+02
1.800506933205713500e-04 -1.812172234031609150e+03 4.859132903613794241e-02 1.496512309117297990e-01 1.830249316381685531e+00 1.468488803441181858e+02 6.687451316715979921e-01 8.160709864630755206e-01 4.688684783889719654e+00 2.870199808694615662e-01 -8.900456739512963011e-02 5.964541373487758369e-01 -7.223410517863527502e+00 4.927938072091020416e+00 1.933755416788718406e+01 2.046858088224032883e+02
1.849946179697513913e-04 -1.812145145739808186e+03 3.619289389811186641e-02 1.188493157845634529e-01 1.839243708847869918e+00 1.489453767218914777e+02 7.440344672948420168e-01 7.867476099121060162e-01 4.700085995068573830e+00 3.014631555191678025e-01 -9.851486035413525855e-02 5.138915902837456473e-01 -8.075400823403441564e+00 5.134695755461549105e+00 1.982206506283701231e+01 1.956372849442243762e+02
1.225808239812789416e-04 -1.812556701872385020e+03 1.261704485472946724e-01 1.448863899965201207e-01 1.750392258455263139e+00 1.540401139845969851e+02 5.983350761094580195e-01 8.922935627379695589e-01 4.718683532733415120e+00 3.077438055040790932e-01 -1.061490510871205828e-01 7.902302386232019638e-01 -7.561802586061901366e+00 5.169809462217123119e+00 1.923005037252389826e+01 1.872121096616794489e+02
1.333972521376743700e-04 -1.812472140937806671e+03 5.241140084656836784e-02 1.492424425543736610e-01 1.809970101880711724e+00 1.421399091189906869e+02 7.164771291275563447e-01 8.168860219289446611e-01 4.701577149743772388e+00 2.920852193662442087e-01 -1.029185082601422607e-01 5.207991958191787729e-01 -6.290636996198600173e+00 5.106017351691805040e+00 1.957087610570262726e+01 1.735701399193431200e+02
1.157853213426736924e-04 -1.812613734674002444e+03 4.025582539954186689e-02 1.492048052221588150e-01 1.856602851897174666e+00 1.570967950847242776e+02 7.239680111271059593e-01 7.679793534359926621e-01 4.679541031766325077e+00 3.088107048467267912e-01 -9.437181881798206717e-02 5.266873081052181327e-01 -8.264028034916123033e+00 5.141505637670018558e+00 1.900629304215550874e+01 2.006365002531056518e+02
1.591067846036859810e-04 -1.812295896894329871e+03 8.752516446863037314e-02 1.490552290031663396e-01 1.721550504497986189e+00 1.578703691177278188e+02 6.416164360325574689e-01 8.597347211010870627e-01 4.712394867585622649e+00 2.734207161293840116e-01 -1.296795961827896804e-01 7.824858915331344145e-01 -9.870465844577836378e+00 5.237045097287063022e+00 1.918516770760547629e+01 1.872714340799386150e+02
1.651950797984485901e-04 -1.812258345395066954e+03 3.464182726358969178e-02 1.376107782293717607e-01 1.851071347128616651e+00 1.675945771235647612e+02 7.409652338983706565e-01 7.695611361093701586e-01 4.681623562409681583e+00 3.197750206833103181e-01 -9.248589274038820918e-02 5.836918448158832096e-01 -7.004688613539741482e+00 5.625747333584452115e+00 1.924222060051416960e+01 2.127093249079665611e+02
1.434655538848512155e-04 -1.812399377508637372e+03 8.795470094323354360e-02 1.443612348759264197e-01 1.728226756196481695e+00 1.467476874322345282e+02 6.449378220085041358e-01 8.412512124307445216e-01 4.697199015706179814e+00 2.933126887999530918e-01 -1.052629995896521287e-01 6.122996703101913907e-01 -9.367020702862333792e+00 5.376335186433212066e+00 1.903321881496522394e+01 1.853519670498096161e+02
1.179451876742095435e-04 -1.812595252467096543e+03 5.133097479373882610e-02 1.401733428262800507e-01 1.783175939605532889e+00 1.566294359145308874e+02 7.162791600277256254e-01 7.481366982074966199e-01 4.677972821634003964e+00 3.053297390715477011e-01 -1.176760191888133189e-01 5.427517478861239031e-01 -7.151901340493509451e+00 5.573469914931572511e+00 1.892077097036615285e+01 1.948265032428706434e+02
1.247040121571048896e-04 -1.812539529445763947e+03 3.097235681187476830e-02 1.470456488059012912e-01 1.803532938488018544e+00 1.554246814299566211e+02 6.825644047829253491e-01 8.386049487720579343e-01 4.717264165785731933e+00 2.835526357865953972e-01 -1.104199687136622199e-01 6.608950468290735181e-01 -6.364636211926523401e+00 5.215219063811060707e+00 1.971555036310201814e+01 2.023615940497342081e+02
1.218828693789931762e-04 -1.812562411975910891e+03 8.048794603653522395e-02 1.450782955835616395e-01 1.838163110779258425e+00 1.474520851181482612e+02 6.369530441793610498e-01 8.479616952860746792e-01 4.697817219372701025e+00 2.943611882742021013e-01 -9.241339297052864055e-02 7.242144373853758310e-01 -9.137294149565036605e+00 5.218602292612617433e+00 1.906443814368108391e+01 1.802255617639223431e+02
1.770804038857490151e-04 -1.812188868583737076e+03 1.359648077422687396e-01 1.487433318032419238e-01 1.741031874984735772e+00 1.708578095562555461e+02 6.440131526401580153e-01 8.062220461672313654e-01 4.683957629695457925e+00 3.443547602955645548e-01 -1.231153631865302689e-01 8.784322208612186378e-01 -7.988013805896628128e+00 5.000501197701456846e+00 1.909753485344567281e+01 2.019041896835962575e+02
1.572570588825034760e-04 -1.812307590688280015e+03 3.012509805337423852e-02 1.487764435681883934e-01 1.793624909701398096e+00 1.532708225550912573e+02 7.385314455377344212e-01 7.755788331713744377e-01 4.688607365857012432e+00 3.002640888657970297e-01 -1.080310129793133900e-01 5.631860164781951061e-01 -4.858121441440772514e+00 5.032906841334505721e+00 1.906639885562821846e+01 2.031500258635187208e+02
1.188300647184651915e-04 -1.812587778027475451e+03 2.724569732578854819e-02 1.474298073165672684e-01 1.827927489783919945e+00 1.539730233019808452e+02 7.490422817528841204e-01 7.447770200447545452e-01 4.685302079042661383e+00 3.267447411943060764e-01 -9.082925874441771796e-02 5.369550692691392735e-01 -9.465915241962647997e+00 5.239495256594950412e+00 1.887583938567327735e+01 2.035164880507598468e+02
1.332108112984788984e-04 -1.812473539551690919e+03 9.680574063527752626e-02 1.498625907864449547e-01 1.794264720903091082e+00 1.438505190723688827e+02 6.732929694060817427e-01 8.412249229303689901e-01 4.705216282504654401e+00 2.875512116553096131e-01 -1.063540721639837372e-01 5.982831925460105893e-01 -8.566492801851921968e+00 4.784294871226002499e+00 1.950113724009527871e+01 1.839982018356415381e+02
1.772327933496385471e-04 -1.812188008387309310e+03 2.669423053668873447e-02 1.383595405180971516e-01 1.843718089244987368e+00 1.451257035754105118e+02 7.129746598004825797e-01 7.986917108545255051e-01 4.701872791038921306e+00 3.183409454290209162e-01 -9.395409681448674277e-02 4.675324586738959787e-01 -5.654214951504883402e+00 4.975799934929359125e+00 1.900592543987444927e+01 1.865820014135337601e+02
1.445005700583074050e-04 -1.812392189019823036e+03 1.137512623326836503e-01 1.408412561890332315e-01 1.763862386567486062e+00 1.568045648920905819e+02 6.294973242470159880e-01 8.539925860617079145e-01 4.695450483593277546e+00 2.819103792817703180e-01 -1.015384635891889431e-01 7.344791609436288615e-01 -7.933488099733182253e+00 4.810711797898936659e+00 1.897703979101050820e+01 1.647709539060913073e+02
1.254850410665743444e-04 -1.812533285915628994e+03 3.145250273527466778e-02 1.473236689998520255e-01 1.877262987437165798e+00 1.558299559512394410e+02 7.056581088446743921e-01 8.324089753982784057e-01 4.703780425235494000e+00 2.897450025674539464e-01 -7.501004396249166817e-02 6.225983053062716932e-01 -5.439531063064407590e+00 4.881050469228487287e+00 1.945056179769344595e+01 1.767542782758054898e+02
1.563123843505951098e-04 -1.812313616003630614e+03 1.459552940627842077e-01 1.495674660258299593e-01 1.733936360883846284e+00 1.444690280378580951e+02 6.006790387032243661e-01 8.522461958541420746e-01 4.696194447574603359e+00 2.868678567847096073e-01 -1.011923568490866732e-01 7.683622615520719901e-01 -8.828657844984746816e+00 5.413974225888518177e+00 1.949174729223457447e+01 1.765601144351832659e+02
1.483072087653736692e-04 -1.812366186615103743e+03 4.248337884606706583e-02 1.472102301045378481e-01 1.823263674318909899e+00 1.621354911439732689e+02 7.022959269832639295e-01 7.514311872067360731e-01 4.670039950410759033e+00 3.144129623646148008e-01 -1.114269408083945478e-01 6.573032541581079746e-01 -6.663473372183261745e+00 4.593903074073590886e+00 1.985403448026545803e+01 1.824174827757807407e+02
1.632195556844190625e-04 -1.812270376210558879e+03 3.432403549838219936e-02 1.330083863614937301e-01 1.825519527250302865e+00 1.480001808239237562e+02 7.614983615389591121e-01 7.674775370464743673e-01 4.702196652420204792e+00 3.142159889719409183e-01 -9.570252281675317718e-02 4.332510198604127005e-01 -7.615710093597016339e+00 4.945966598933315694e+00 1.868658523011090722e+01 1.896916784360880399e+02
1.398999571997343208e-04 -1.812424544896671250e+03 6.008176183438601603e-02 1.228658390291740010e-01 1.809141647167010092e+00 1.706844009171551022e+02 6.733139303220779803e-01 7.706389272533908930e-01 4.676181382910566953e+00 3.136866360125412090e-01 -9.026696852546067795e-02 7.415471861111382346e-01 -7.324394643170023755e+00 4.966564491906466650e+00 1.971721831205852737e+01 2.042087556664001795e+02
1.798420618790720063e-04 -1.812173393440693417e+03 5.031467418841770178e-02 1.377471141848083114e-01 1.810348376222303379e+00 1.518973976034912994e+02 7.069880760978226597e-01 8.185560925974040281e-01 4.704976734285472695e+00 3.034722832914906743e-01 -1.032212056133521294e-01 5.579421317674025937e-01 -7.482943173176096252e+00 4.758936785406953085e+00 1.929769326141994412e+01 2.109205068807865757e+02
1.436275638346638664e-04 -1.812398248885504245e+03 9.795143966618427567e-02 1.491493840947460681e-01 1.810503595652579456e+00 1.619381462530426177e+02 6.250057111969298251e-01 8.449822175085965892e-01 4.696334979853163283e+00 3.346894854451560875e-01 -8.030296148691462577e-02 8.695021447541975146e-01 -8.524025114464393482e+00 4.870900653984544526e+00 1.986586429753656091e+01 1.948956902551024370e+02
1.410032885242935190e-04 -1.812416689259434406e+03 6.113675294558079676e-02 1.245547225036656991e-01 1.784428848414441937e+00 1.634403432765001583e+02 7.263430634190475299e-01 8.251449741737064691e-01 4.707412364600401133e+00 2.745632785936029663e-01 -9.161034065745332633e-02 6.481728961877322170e-01 -7.775036379065568326e+00 5.052770780841098208e+00 1.837231130129957180e+01 1.927094048084949804e+02
1.351696590781550954e-04 -1.812458941749086307e+03 2.945549334077932069e-02 1.393278615158847489e-01 1.807106848394365528e+00 1.543406641243822150e+02 7.683838241245812828e-01 7.690164864131792122e-01 4.693299555243312327e+00 3.066103677746883083e-01 -1.024461858620546728e-01 5.870819490599790136e-01 -7.310697034473321310e+00 5.360273606791254863e+00 1.919558237021256986e+01 1.756542191439012299e+02
1.258491843675518319e-04 -1.812530388231836469e+03 2.110570131295408380e-02 1.367070248056433679e-01 1.812496937124697283e+00 1.665021162836750648e+02 7.308952506621362311e-01 8.284400121713677567e-01 4.714108973486187182e+00 3.042604872528686943e-01 -9.917377876323096864e-02 5.664783498266988682e-01 -8.728364686487054769e+00 4.946472653637679073e+00 1.866515953694858254e+01 1.821983421465076560e+02
1.535315293302426604e-04 -1.812331566523670062e+03 8.472434067616937958e-02 1.426893006032511069e-01 1.831851732481307060e+00 1.640278746908086021e+02 6.508991653715089365e-01 8.174379057940104332e-01 4.694311619997939999e+00 3.273474084476220014e-01 -9.309957205612828801e-02 7.358448863893862768e-01 -3.959427680243862824e+00 5.813253240524618448e+00 1.958200246246899567e+01 2.001434346736660075e+02
1.208838161015754524e-04 -1.812570642585603764e+03 6.296461604527847644e-02 1.471367743211337842e-01 1.850268619545208715e+00 1.427317105520701546e+02 6.779418796768613698e-01 8.418056091084173964e-01 4.706018316953361591e+00 3.067612424022954087e-01 -8.837273953700996998e-02 5.942214510854050280e-01 -6.269699627769682593e+00 5.130922638046930828e+00 1.878917644570687884e+01 2.070101071619822051e+02
1.914283725594251209e-04 -1.812110958767387501e+03 3.777438783131092936e-02 1.397788035008293572e-01 1.797026084657512790e+00 1.616915586892070564e+02 7.654643381222677734e-01 7.482132954378382106e-01 4.691103735970957977e+00 3.152234856666313867e-01 -1.076817612357148235e-01 5.034093130870560540e-01 -5.692146259207845560e+00 4.735971899596180812e+00 1.974689605888379873e+01 1.820616872491378615e+02
1.187331975554656825e-04 -1.812588593533774201e+03 4.265341444794851222e-02 1.147234707151762179e-01 1.771636335758747016e+00 1.589366629600129386e+02 7.516885239919577355e-01 7.916512733904561561e-01 4.705835721609574307e+00 2.842333233413347759e-01 -1.226877592914641379e-01 5.358005009546981112e-01 -7.183585017026132391e+00 5.496410578337052044e+00 1.847315666987858762e+01 1.911538014787381599e+02
1.233590930218926205e-04 -1.812550372914906802e+03 1.304324209840316551e-01 1.490907725590696342e-01 1.826190019269947840e+00 1.614261890835175279e+02 5.956696435848646276e-01 8.491784136049549403e-01 4.689872345043477608e+00 3.129712486274347505e-01 -9.159456675775823342e-02 7.789832275650682147e-01 -8.584808934465030461e+00 5.760159686706289861e+00 1.895777924596675490e+01 1.962519184628839355e+02
1.761196557337740820e-04 -1.812194308846247623e+03 6.843867402388753574e-02 1.375686244481433562e-01 1.768236231317155571e+00 1.584894459233852331e+02 6.728729916917065568e-01 7.971088087365298946e-01 4.693582116716157770e+00 3.069760097411953215e-01 -1.281972502730974739e-01 6.427287738881525270e-01 -7.271504137434163795e+00 5.883004200732844247e+00 1.868688899667258951e+01 1.889990135822663433e+02
1.799559882585822623e-04 -1.812172760161089627e+03 1.267083966696575248e-01 1.498232898995513207e-01 1.759493184745307026e+00 1.546461747947599008e+02 6.103136689253847447e-01 8.137218070536036407e-01 4.684712542797417001e+00 3.182491576328465577e-01 -1.054404912404631744e-01 7.259736489238620694e-01 -8.873162830883671859e+00 5.294520539799063563e+00 1.894618114170942746e+01 2.024449114622950390e+02
1.261453876957084694e-04 -1.812528037360052622e+03 8.035391286967480395e-02 1.382102614886894509e-01 1.770861425505350084e+00 1.501082723173237525e+02 6.375375451989777620e-01 8.151187544325231293e-01 4.690235386593160527e+00 3.058856497205160174e-01 -9.223545686999212734e-02 6.385995348299599028e-01 -7.835028680605375939e+00 4.900323967015562943e+00 1.856398997239838877e+01 1.891314966407950919e+02
1.203005562023285352e-04 -1.812575479225977233e+03 6.384693751161021891e-02 1.462883430583393485e-01 1.763227654781148068e+00 1.503892905962678981e+02 6.813187118093684269e-01 8.479291859616970850e-01 4.714876924008276404e+00 2.722749885011077620e-01 -1.099227240603080080e-01 5.957149630576905608e-01 -6.956632344312225769e+00 5.104143905830360595e+00 1.841030703190049778e+01 1.905900319432597314e+02
1.231231662351927594e-04 -1.812552287266547864e+03 5.700345100837597712e-02 1.389308645699644240e-01 1.833291480745620206e+00 1.496874858712313312e+02 6.845483201013523589e-01 7.988256043299948317e-01 4.691562741305325801e+00 3.143777730687906669e-01 -8.368890157690689335e-02 6.896999213761434433e-01 -6.677246564414872410e+00 5.195071422090746793e+00 1.980194219684317147e+01 1.964288650367067532e+02
1.882176670443347702e-04 -1.812127873375888157e+03 -3.258300717401391156e-02 1.488926112572581950e-01 1.822605897980810852e+00 1.737310066183104027e+02 7.883228483207844750e-01 7.375153502619891110e-01 4.690033991350199827e+00 3.096221972420312163e-01 -1.351934212359005016e-01 4.931237359714372159e-01 -6.512965523425975789e+00 4.458416278022236945e+00 1.903096344908561477e+01 1.926996936007365662e+02
1.361346298786012573e-04 -1.812451828150747133e+03 3.577976859352266503e-02 1.375457157415872766e-01 1.803100625808516710e+00 1.641424971175723044e+02 7.259319573128805159e-01 8.084126289015394207e-01 4.705994594355390248e+00 3.151489131006142141e-01 -9.489188410531701479e-02 5.598246733010776577e-01 -9.216908260382666640e+00 5.208443463500023185e+00 1.946087201984869708e+01 2.044481596247702555e+02
1.330091820838390140e-04 -1.812475054308344852e+03 6.394863776860493232e-03 1.384522596581449772e-01 1.856133177391257050e+00 1.643267635826164508e+02 7.740229342447532135e-01 7.552488268523311898e-01 4.688269195782437393e+00 2.952381751987294134e-01 -1.149097488109125376e-01 5.289594143505859103e-01 -9.184556198786367531e+00 4.862931845367235439e+00 1.907950170880889829e+01 1.842663845477019322e+02
2.043420294994918686e-04 -1.812045677267320343e+03 1.125831216126661760e-01 1.341738588247048114e-01 1.751868546206893917e+00 1.639370503735185025e+02 6.164144682081929005e-01 8.064468986902593173e-01 4.681007034750756191e+00 3.125414400466020037e-01 -1.029892182349505525e-01 8.174332366123919780e-01 -9.684330623713776731e+00 5.850895950257117839e+00 1.882255730982274144e+01 1.744089447875160204e+02
1.988827590481010365e-04 -1.812072756971812851e+03 1.086825244932226042e-01 1.433522914172184748e-01 1.759579834320696534e+00 1.461117024864200005e+02 6.127715952511354480e-01 8.511580548206911789e-01 4.696183135857936009e+00 3.159319861074663116e-01 -9.004790028259845869e-02 6.791098439377183382e-01 -8.723371784554217356e+00 5.339977201609058532e+00 1.946905264853293716e+01 1.821980869338903801e+02
1.343286097575562064e-04 -1.812465183362842708e+03 -5.809847406007845327e-03 1.488260204660012131e-01 1.742487160663977797e+00 1.736567930060954836e+02 7.560112816234989541e-01 7.547410327443853095e-01 4.695313784840234206e+00 2.992718298307666114e-01 -1.497173702746241730e-01 5.557940500684851459e-01 -5.902999590359740978e+00 5.227143900807806887e+00 1.852235734547036472e+01 1.814841363796151370e+02
1.388636985900145327e-04 -1.812431979606049254e+03 -1.243972259435122130e-03 1.380990707334881218e-01 1.784434608797047517e+00 1.563359462107654849e+02 7.465883400914243850e-01 7.755896182779549175e-01 4.697684116454365011e+00 2.730953174830725860e-01 -1.212289611926196109e-01 5.591356028905865028e-01 -7.804342780470307162e+00 4.813142318789265239e+00 1.897322881678442741e+01 2.007580836741571488e+02
1.728186186598769738e-04 -1.812213229874967965e+03 2.552006937052916924e-02 1.290122460090535605e-01 1.815832289115185461e+00 1.537884223177759964e+02 7.452090484913492796e-01 7.407726239098366694e-01 4.682788000823557617e+00 3.123831678859911865e-01 -1.058572954079872730e-01 5.361668443248672755e-01 -5.684166164713758462e+00 4.724517368229541603e+00 1.926673849440052777e+01 1.951179772284747855e+02
1.236001168066550287e-04 -1.812548420982347125e+03 9.107877201673975076e-02 1.434976549477960661e-01 1.797965614777756294e+00 1.556962432049095071e+02 6.451011005409332810e-01 8.223087397288988409e-01 4.683618364801023226e+00 2.902454574838693180e-01 -8.983317972564019982e-02 7.300342946658291421e-01 -5.594181190948319227e+00 4.876463414752008063e+00 1.960263836913522795e+01 2.029770152568999322e+02
1.266951354393932813e-04 -1.812523688780139992e+03 6.028043585821141193e-02 1.399920092794633419e-01 1.772775815543672806e+00 1.595380797676907605e+02 7.318710796043519373e-01 7.541719548596406142e-01 4.689480077263374902e+00 3.008632254841190345e-01 -1.097677459272932143e-01 5.944506780526316314e-01 -9.482791721172304733e+00 5.373525564445036373e+00 1.889635220213181555e+01 2.018418596418837296e+02
1.744812956923544572e-04 -1.812203654924519924e+03 9.054130963686840561e-02 1.409135394845337508e-01 1.855851440213519332e+00 1.564467874015742552e+02 7.061756521985026458e-01 8.341434921082089282e-01 4.714067809599088221e+00 3.121060033065088390e-01 -7.569185197645289520e-02 6.814145322636545599e-01 -7.437019227277772870e+00 5.417376337832235933e+00 1.949442153068869743e+01 1.895593728177402681e+02
1.343221052179125678e-04 -1.812465231786608456e+03 1.178466658932331435e-01 1.429749599580153185e-01 1.769654242677514588e+00 1.587319716096723710e+02 6.223831774612070822e-01 7.916352259002428227e-01 4.676143384269114023e+00 3.275208183136599782e-01 -1.025454170536130860e-01 7.561311074020854450e-01 -8.174512598596919588e+00 5.373385156641763416e+00 1.840949792543966623e+01 1.820162426311735544e+02
1.325808274143452990e-04 -1.812478279994745662e+03 3.627580432557545032e-02 1.422407855378055308e-01 1.751570704112170418e+00 1.546328888646231690e+02 7.412549939107069275e-01 7.584487312999397268e-01 4.678943579898182215e+00 3.101637973546529370e-01 -1.475600256629543416e-01 5.550893195407301528e-01 -8.164850717585551365e+00 5.082177122912368006e+00 1.931993482753213698e+01 1.943118282967779464e+02
1.421749001781296665e-04 -1.812408414481320960e+03 8.538326104617435797e-02 1.452447157486221052e-01 1.775650991401073853e+00 1.442079904652694324e+02 6.542092016863051418e-01 8.230517246659745378e-01 4.692098829985106079e+00 2.973452923019037630e-01 -9.346633463483988713e-02 6.283007924495183083e-01 -1.048082765550685735e+01 4.871211289033894332e+00 1.870113472142198674e+01 1.892470393862346612e+02
1.607718005078695011e-04 -1.812285486501018113e+03 5.602678797243793030e-02 1.405724588311202672e-01 1.800050309358358192e+00 1.643878906046911936e+02 7.378607191989116076e-01 7.543317066172063878e-01 4.672020177019517106e+00 3.271081797235768640e-01 -1.106282495560160228e-01 6.181314394101158349e-01 -7.650033046338990061e+00 4.665909491283648514e+00 1.913574363123349187e+01 1.773339753747094107e+02
1.576918044033333906e-04 -1.812304829949330724e+03 1.045468843221759314e-01 1.497653692351497978e-01 1.776231399141492417e+00 1.761462189959414104e+02 6.507184920860341615e-01 8.039756916772506923e-01 4.701026060446329424e+00 3.266908897047635651e-01 -1.161691834970823844e-01 8.224682301538164264e-01 -5.319843582665953363e+00 4.997192232016667290e+00 1.915702498432525402e+01 1.758824566121274131e+02
1.460014411060551792e-04 -1.812381855980158889e+03 8.361967159870961619e-02 1.468170336876798154e-01 1.809258163703481692e+00 1.526301372729600132e+02 6.476919082469332345e-01 8.374921110392310464e-01 4.701697646847216916e+00 3.164454560129494887e-01 -8.496595476647716971e-02 6.615349106665787682e-01 -1.059609843127378781e+01 5.061715813093115024e+00 1.901604044271187988e+01 1.804920086590038295e+02
1.444126669848214172e-04 -1.812392797528294977e+03 8.179382119488928793e-02 1.391720429533377101e-01 1.772799401760477345e+00 1.529989036640510847e+02 6.510751607043359090e-01 7.786316314050192311e-01 4.675495473492953025e+00 3.085607110139865217e-01 -9.641401713769992554e-02 7.126359111724803741e-01 -8.337371064528326770e+00 5.451253580844861446e+00 1.898965021096565664e+01 1.765979341922857486e+02
1.358227075834277922e-04 -1.812454122057834638e+03 6.351790289543374213e-02 1.219148844387016040e-01 1.801281023415470806e+00 1.624850201879502833e+02 6.705016351597086199e-01 8.091042239349628407e-01 4.696978566125324051e+00 2.843193980445108959e-01 -8.610011622952207233e-02 7.280579684750246861e-01 -7.358263549568590633e+00 5.498768088939898213e+00 1.822133700569195014e+01 2.006077530037258043e+02
1.589799008921587891e-04 -1.812296694687661329e+03 -6.011235056194441650e-03 1.288568121290466217e-01 1.846105577338257753e+00 1.591131229294990987e+02 7.640115180821400731e-01 7.586513311317224506e-01 4.698696144548426545e+00 2.912253047020525454e-01 -1.047588958160714512e-01 5.246424770245029512e-01 -6.064359549851872089e+00 4.851900902052119768e+00 1.924235675118468691e+01 2.076785126654536668e+02
1.180358495567817255e-04 -1.812594484084279884e+03 4.849495787588842255e-02 1.449494067694716837e-01 1.837384146039600097e+00 1.408885941052675719e+02 6.786473921642010021e-01 7.997058789853885852e-01 4.690138573714925485e+00 3.308003986878234048e-01 -9.132281298921762769e-02 5.573570832145972043e-01 -7.978339653414280974e+00 4.751099992991392185e+00 1.907626281039198801e+01 1.894868070933413264e+02
1.276737907297318775e-04 -1.812515993971391708e+03 7.230640087178416553e-02 1.449470580530640984e-01 1.799625901682333051e+00 1.663681516181100619e+02 6.661538833410399763e-01 8.089565337248048049e-01 4.689413896594008868e+00 3.015269056701666006e-01 -7.498660919955790760e-02 7.880074461413087983e-01 -7.248499215028971321e+00 6.303045738330625980e+00 1.902410055128356348e+01 1.830736260665841826e+02
2.032962614800030412e-04 -1.812050808141121252e+03 1.017328800849409687e-02 1.309067744834850611e-01 1.895391236026321202e+00 1.647814410419338742e+02 7.401274002226521098e-01 7.798354934611579914e-01 4.695435427350220792e+00 2.988865616545157700e-01 -7.982277590936104339e-02 5.555666045794201979e-01 -3.769502326997468344e+00 5.257807683231474627e+00 1.967080108254959470e+01 2.020073524489597219e+02
1.319596877247628951e-04 -1.812482975992488946e+03 6.585025029822041964e-02 1.452422591148048447e-01 1.811630201422288700e+00 1.456082414862865448e+02 6.474034720242128893e-01 8.291961552257247625e-01 4.699715481768484970e+00 3.045744481063172859e-01 -9.532170146335183780e-02 6.725151785537663018e-01 -9.226126047396519425e+00 5.166811735058396415e+00 1.992733690695969173e+01 1.905837326983952380e+02
1.619696954999511225e-04 -1.812278063219489468e+03 -5.407235738732724117e-03 1.250513880395951183e-01 1.756117106379541326e+00 1.814868421888168086e+02 7.934239313118506276e-01 7.630248289520036309e-01 4.701686065439104389e+00 2.879016067143811419e-01 -1.302142259449636796e-01 5.449725564130235567e-01 -8.577974869933939317e+00 5.370007960211586884e+00 1.921894311314431647e+01 1.594548263104445027e+02
1.353370954099078071e-04 -1.812457703803265304e+03 5.346062648504013026e-03 1.096994124410368976e-01 1.833837081382111656e+00 1.728584054431256334e+02 7.834494451284101935e-01 7.435574985073136745e-01 4.688827911048694119e+00 3.215175179374178960e-01 -1.071185488983279477e-01 5.503495926859423015e-01 -8.535186060009749554e+00 4.810702608713857131e+00 1.926420816807183911e+01 2.134689024424213244e+02
1.193615949712328693e-04 -1.812583314973347115e+03 9.472145077414803604e-02 1.469126737755283296e-01 1.761961246853468666e+00 1.531681283846073427e+02 6.232341037030584285e-01 8.179955658581941069e-01 4.694223612563485304e+00 3.059343119267132760e-01 -9.962428705075110358e-02 7.027223776028951319e-01 -8.414935993283222615e+00 4.960619970297619474e+00 1.836471758024382694e+01 1.959307551569453665e+02
1.459820143237773116e-04 -1.812381989047851221e+03 8.993168048719785146e-02 1.225120540575816708e-01 1.731199606849827433e+00 1.631214994520188952e+02 6.495777294674147662e-01 8.449157317173003889e-01 4.698848845932150908e+00 2.855810135546847928e-01 -1.072214883633821891e-01 7.300843797630024445e-01 -1.065648094376518884e+01 5.472379932071169684e+00 1.983970933806644865e+01 1.871017722974074218e+02
1.460634356671094991e-04 -1.812381431454192807e+03 8.933998226712325241e-02 1.409214644391328652e-01 1.740662669228806081e+00 1.512548247455354158e+02 6.814162300947360640e-01 7.695993924760471394e-01 4.679447286028303843e+00 3.111485942632095103e-01 -1.206433614085662409e-01 6.311824879844045721e-01 -6.548411644802769160e+00 5.396840248484302549e+00 1.913506957729815738e+01 1.919285325737006929e+02
1.595162965650410883e-04 -1.812293326382580744e+03 6.995408916314282965e-03 1.477949590174191530e-01 1.793575030017349192e+00 1.511865200005339887e+02 7.158938776743258847e-01 7.843163260827756833e-01 4.692568985755380950e+00 3.040442134942675789e-01 -1.044047370386498308e-01 5.966193870165521496e-01 -6.944664935536337680e+00 5.095297678828436538e+00 1.873647805051492554e+01 1.924683917874456824e+02
1.227096432176791590e-04 -1.812555651531948115e+03 9.553270720974388341e-02 1.490720015156381806e-01 1.827713692577102478e+00 1.519222436264423379e+02 6.512417880932385161e-01 8.549372415217812993e-01 4.710583387431341862e+00 2.922744773871248647e-01 -6.851107147786761331e-02 7.447532255601126971e-01 -6.053182003413184020e+00 5.480874626336396105e+00 1.982858822540900690e+01 1.800461704505232774e+02
1.630901712098320770e-04 -1.812271169226952225e+03 8.748752033104598147e-02 1.284470668604154875e-01 1.800768583331671557e+00 1.628946297727352999e+02 6.451243703256194229e-01 8.424541300780399311e-01 4.705313116508465399e+00 2.904100158313529523e-01 -8.615764076187915066e-02 7.477381602080761525e-01 -6.414301704915914115e+00 5.700732181195156123e+00 1.986102804988620818e+01 2.079707909159673704e+02
1.397310781106771138e-04 -1.812425752767674567e+03 5.590720312055558194e-02 1.362923517492344028e-01 1.834309765387650337e+00 1.590340620593366339e+02 6.768129977844237199e-01 8.284166964690768964e-01 4.703968219306893239e+00 2.650856532276946176e-01 -9.995658378865446281e-02 6.256471338376746738e-01 -7.423014233879371204e+00 5.230714218307674912e+00 1.904353833269023610e+01 2.024444406965999406e+02
1.191990602324653319e-04 -1.812584677601763588e+03 6.562221260417283597e-02 1.333398698099862167e-01 1.745322430105031408e+00 1.531555721953190243e+02 6.861581191871377605e-01 8.037939646962295459e-01 4.701087847237259254e+00 3.039173706769480177e-01 -1.149463651790765262e-01 6.398475283222754273e-01 -9.625319488854671590e+00 5.496304527678019802e+00 1.821823675091627237e+01 1.952964300830851698e+02
1.503048005800401981e-04 -1.812352807236172112e+03 1.043277138598492637e-01 1.429133094587418384e-01 1.808594205116007103e+00 1.639384179150011107e+02 6.452689911426725544e-01 8.307994114563352905e-01 4.689809059484224996e+00 2.692580553536085830e-01 -7.775672873790862027e-02 7.680648162297128989e-01 -5.330739644576567571e+00 5.170040510019568991e+00 1.928853150473042177e+01 1.754736861457362238e+02
1.514315216878517388e-04 -1.812345338951702615e+03 1.774450535692323472e-02 1.364256321005245243e-01 1.765142966291975313e+00 1.565722507259279439e+02 7.056110305150508077e-01 7.914754152706300339e-01 4.697356271019386575e+00 3.068836717952769799e-01 -1.199631684953641475e-01 6.201741317452763580e-01 -7.312679702990351416e+00 5.169051794803092292e+00 1.827430293209297929e+01 1.940223491751928009e+02
1.416939384518131942e-04 -1.812411803103959983e+03 1.777621384027860962e-02 1.309194019363965344e-01 1.807445936340743131e+00 1.571912922274690061e+02 7.460324564955507221e-01 7.823733347504298052e-01 4.706065599921920750e+00 3.101334645479072449e-01 -1.266907166734472234e-01 5.736283198362878144e-01 -5.395081771464163012e+00 5.208951136813855243e+00 1.847463644363189772e+01 1.857720560070254976e+02
1.516966728449134038e-04 -1.812343589518759927e+03 1.167951178448595195e-02 1.206525939086779686e-01 1.771619135860048821e+00 1.654368447045737014e+02 7.903028199822219602e-01 7.851081856104236145e-01 4.711506472688084202e+00 2.766398355101356010e-01 -1.309781029633019234e-01 4.672679715400424594e-01 -6.617500599963221930e+00 5.235654500005848533e+00 1.926131772577666013e+01 1.891815435873924685e+02
1.552016558915765587e-04 -1.812320747195311242e+03 1.096572654252852830e-01 1.484375449289645765e-01 1.789057785017342361e+00 1.537291702173976944e+02 6.152396923079151980e-01 8.188974113038143265e-01 4.682044631049087968e+00 2.845814794444452289e-01 -9.382067809727923091e-02 8.336657745920987850e-01 -6.941154638933227261e+00 5.274336089714393161e+00 1.966521942920451593e+01 1.932007891439870946e+02
1.881333327228615197e-04 -1.812128321544342270e+03 1.030882588657622556e-01 1.426828923072896160e-01 1.764071541067504967e+00 1.635143986652063290e+02 6.572404126929252133e-01 8.424338071560952823e-01 4.702820413355394358e+00 2.847632716300849687e-01 -9.228904029143780718e-02 6.676820226111103151e-01 -8.738805476634894376e+00 4.989239442357851217e+00 1.918000156038968029e+01 1.908927505731108454e+02
1.936918623232908299e-04 -1.812099203914631289e+03 3.385554402751603242e-02 1.355974502803284631e-01 1.868100220657198385e+00 1.753356627159187440e+02 7.300234341113500669e-01 7.620713864327144371e-01 4.688096211282780423e+00 3.169431037636931681e-01 -7.973216946520356174e-02 6.389620626286949268e-01 -6.968787711377814276e+00 4.984345307674775682e+00 2.048006009730652011e+01 1.846067950355874245e+02
2.118831294335732113e-04 -1.812009437626001272e+03 1.030898882654318893e-01 1.487207660370652718e-01 1.763081030407609440e+00 1.443508215000758241e+02 6.724176758155174793e-01 8.461723812945047829e-01 4.709509298369945363e+00 3.034322241048286184e-01 -1.000042697956664561e-01 6.431479736115337520e-01 -8.509056244074258757e+00 5.296344314676626475e+00 1.961494330909840755e+01 1.896599281274407076e+02
1.451788088554508912e-04 -1.812387506325189861e+03 1.281853190577801616e-01 1.423300179626687256e-01 1.759156543382715654e+00 1.460091825853276930e+02 5.770095373886492407e-01 8.837684702988308771e-01 4.694894177556508730e+00 2.842464185347142180e-01 -1.031325814556214304e-01 7.468907600831539151e-01 -9.598686141185964971e+00 5.089368907015501264e+00 1.919067451435640947e+01 1.893904846366211245e+02
1.832607919952421247e-04 -1.812154562241177473e+03 5.100173548754599606e-02 1.492359457302221692e-01 1.815876047230859491e+00 1.521665356048021067e+02 6.668139316601662259e-01 8.406045456560515827e-01 4.709584224296728294e+00 2.981880292625183060e-01 -9.450059059695981034e-02 5.813711511430310619e-01 -6.699350349652860359e+00 5.133412901284328811e+00 1.882233518609388767e+01 2.086086565346345765e+02
1.931683012157907450e-04 -1.812101910636472894e+03 6.445913560675869958e-02 1.461204449408800288e-01 1.812643823831559864e+00 1.432627904676332378e+02 7.114846383576707289e-01 8.186591491928256747e-01 4.711023896791285637e+00 2.940799259230062468e-01 -8.967330077598534288e-02 5.496231813842530345e-01 -8.375887549370162333e+00 4.790325004844220302e+00 1.910603712658309661e+01 1.783301298615284054e+02
1.150847793269045078e-04 -1.812619803404113327e+03 5.995296019200185844e-02 1.491505424991682316e-01 1.839169040133111110e+00 1.482269164250290032e+02 6.272551167676083672e-01 8.315142945317586243e-01 4.701328358277543806e+00 2.848300755707577903e-01 -8.675880430781446329e-02 6.746706584687344188e-01 -6.623336221301116211e+00 5.285666165216085233e+00 1.932895874493922861e+01 1.888119881312895245e+02
1.206555816645509189e-04 -1.812572532418128503e+03 6.232519594740998370e-03 1.346349433853653854e-01 1.813774763745887419e+00 1.672543841372560109e+02 7.478892026731410736e-01 8.070659997618130355e-01 4.713985243490057542e+00 2.955134270736370361e-01 -1.066897185808184378e-01 5.365566872393494613e-01 -7.816182151187234695e+00 5.572921274662467894e+00 1.815354931330792709e+01 1.851203133645885544e+02
1.455593357491718662e-04 -1.812384888663090351e+03 1.865073590030275064e-02 1.282492917281761458e-01 1.831472315384456095e+00 1.625242007508734332e+02 7.718571119161945493e-01 7.953848196227979450e-01 4.714268717929847696e+00 2.819914623080423954e-01 -9.126836042313435371e-02 5.562675064116426871e-01 -9.695649668396413290e+00 5.065127762950205614e+00 1.956676179991334408e+01 1.965883766723152064e+02
1.199126564042375236e-04 -1.812578708857945003e+03 7.138664555925319788e-02 1.358167769749620557e-01 1.852346247132150125e+00 1.454691588075149582e+02 7.048650654390158365e-01 7.817530173416760153e-01 4.688794792371187903e+00 3.332028246061764509e-01 -9.501296342014375895e-02 5.768951028388871194e-01 -6.877784810232981272e+00 4.864580567731424665e+00 1.948332479781833371e+01 1.909713581464180834e+02
1.464272016289600551e-04 -1.812378944084663544e+03 7.754669434085403878e-02 1.478684441162421426e-01 1.833802734198029860e+00 1.569343809156712837e+02 7.171776875088007319e-01 8.248020176847083995e-01 4.711970779692092215e+00 2.921170972948430311e-01 -1.082817790829329052e-01 6.060817171691785799e-01 -5.797974664558751101e+00 5.121134502833357693e+00 1.893910735784276511e+01 1.872752010349159093e+02
1.281281951228351566e-04 -1.812512441185282114e+03 6.225691538320632379e-02 1.480479453069272477e-01 1.824658450672078658e+00 1.442357228717516762e+02 7.125802286481047743e-01 7.867067482712855053e-01 4.698747222586247219e+00 3.160759068891352275e-01 -9.954914258284386364e-02 4.915571665341449403e-01 -8.163897927402757659e+00 4.708266301883035077e+00 1.934208236421908111e+01 2.019893591893581117e+02
1.528541338843963644e-04 -1.812335988379069477e+03 1.423199192507724475e-01 1.491905278484252084e-01 1.768911296305113900e+00 1.467176073939198488e+02 6.218865934862491951e-01 8.562170854542225928e-01 4.700899532767406797e+00 3.042273258600116659e-01 -1.028681872542880349e-01 7.012027515716338089e-01 -8.765427597885690147e+00 4.896232553551427280e+00 1.866324297327637183e+01 1.820124880638011007e+02
1.497634003255405623e-04 -1.812356415754771206e+03 2.629018166890684238e-02 1.297644887818913129e-01 1.862280575306193064e+00 1.496848468384388013e+02 7.893960487387984282e-01 7.590681837010098132e-01 4.695443769092964459e+00 3.172536551142788319e-01 -8.909214738338011585e-02 4.632801121515746634e-01 -7.137606081859502183e+00 5.389697230947065876e+00 1.923306555109560634e+01 1.786721644583274440e+02
1.386390058444523891e-04 -1.812433598997796253e+03 7.583382646494224444e-02 1.499153290848127817e-01 1.804380223524709947e+00 1.488222215420290127e+02 6.606566567110040422e-01 7.962703553707617399e-01 4.690388301821783124e+00 3.280977382070493498e-01 -8.530607477625395951e-02 6.244436417126258965e-01 -7.254889086044528312e+00 5.590521753287447382e+00 1.982803908788566360e+01 1.966729132966505915e+02
2.011849363673324435e-04 -1.812061247905934806e+03 5.329301242456790932e-02 1.363368350642187588e-01 1.830022570831333795e+00 1.447214152873395960e+02 6.981137656681641879e-01 7.986565723707750308e-01 4.696344276933402284e+00 3.204475125709009831e-01 -8.226432497763447316e-02 5.750446214881964613e-01 -5.282984349294508775e+00 5.271507926308482972e+00 1.947887768872402603e+01 1.873939010177626585e+02
1.227614821066852068e-04 -1.812555229169523955e+03 3.791557670635986588e-02 1.417432673160933521e-01 1.789833496598639329e+00 1.658002518273878536e+02 7.011562506063799827e-01 8.293941143005956196e-01 4.710654992849309330e+00 2.742086009194844021e-01 -1.032788493272946972e-01 7.370756696010031250e-01 -5.086048880763826219e+00 4.961779794485976502e+00 1.877862994732171131e+01 1.653239418851214566e+02
1.282278174353518741e-04 -1.812511663966783999e+03 1.366755182372101085e-01 1.289266440421485138e-01 1.728511807632922448e+00 1.574033882331359564e+02 5.873548681990260478e-01 8.392257907771183412e-01 4.685406444090241429e+00 2.960645513926809524e-01 -9.741610132412814593e-02 7.892094780932275011e-01 -8.438844826446882053e+00 5.637487912973249138e+00 1.963562364009496974e+01 1.871694070783051984e+02
1.296678932778599154e-04 -1.812500495957775911e+03 3.282579882363872992e-02 1.487770125739533988e-01 1.724686016390432286e+00 1.665663472436274617e+02 7.525083626213373567e-01 7.716618560661379078e-01 4.692555039595089461e+00 3.090018108569401178e-01 -1.321603516122080713e-01 5.705616455408271115e-01 -6.920759958816063317e+00 5.412684564767733519e+00 1.893948715260240689e+01 1.665970531881865213e+02
1.685839788530833956e-04 -1.812238038455951482e+03 4.822524569223479718e-02 1.331195857903413049e-01 1.791382301652002518e+00 1.597066875075263965e+02 7.493932828829589221e-01 7.692282442462416991e-01 4.694785081353407108e+00 3.071676884174341371e-01 -1.002149073451745753e-01 5.796858167257669114e-01 -5.940215608039324025e+00 4.462929673203941405e+00 1.863366154624013404e+01 1.930745053704453369e+02
1.457207523707674201e-04 -1.812383780337154576e+03 9.132221708521812142e-02 1.474059140793016198e-01 1.747736376977087502e+00 1.476607835863821094e+02 6.731468788922561064e-01 8.175775398559714802e-01 4.697638706916679396e+00 2.914088718278982082e-01 -1.113819894929002352e-01 5.751290924102472335e-01 -9.711274212173719889e+00 4.977278418276886995e+00 1.936791227868739185e+01 1.916879381746767876e+02
1.209344441186284473e-04 -1.812570223857772817e+03 3.658441144855742455e-02 1.409781764028298634e-01 1.764503101977007660e+00 1.546474214076146438e+02 7.163830480768358377e-01 7.980925454860392509e-01 4.696284606852749732e+00 2.899314843341813663e-01 -1.310255425510669092e-01 6.089890001463104108e-01 -8.426915072917921634e+00 4.525537133359791575e+00 1.980856896114657673e+01 1.834229068155721620e+02
1.898957351041678419e-04 -1.812118997313482396e+03 5.984817592216612470e-02 1.220245816188713917e-01 1.830728701084694876e+00 1.551194153846094252e+02 7.024497447892380508e-01 8.339268342781160914e-01 4.719598879360979993e+00 2.866428262824927131e-01 -8.142168094680224399e-02 6.208385342726483458e-01 -6.426213227278566364e+00 5.456453526603066706e+00 1.920037239942651297e+01 1.787877321328579114e+02
1.280421794110513144e-04 -1.812513112736121457e+03 9.381467213461464061e-02 1.403012918860215563e-01 1.803109076661623789e+00 1.592845656514973314e+02 6.651922637371716629e-01 8.193424594415952278e-01 4.699189697892856898e+00 3.227514033099376789e-01 -9.183761641280407950e-02 6.845656079563587904e-01 -6.951829733199616612e+00 5.201435229617579203e+00 1.987431802585493301e+01 1.623130947246251878e+02
1.424495965250252897e-04 -1.812406484243865179e+03 6.027453368064225603e-02 1.433350442935456825e-01 1.835542247024621432e+00 1.429162729999385419e+02 6.960052443627090524e-01 7.883696371471002884e-01 4.681895838710792290e+00 3.309524136594719224e-01 -1.025841961504263544e-01 5.213097870117991972e-01 -6.479832252941264414e+00 5.073260258340539508e+00 1.903856376178658749e+01 1.861756198734861982e+02
1.451295407373631697e-04 -1.812387845744422066e+03 1.076355816214389638e-01 1.413417489378651914e-01 1.791545157825003898e+00 1.436521696664555066e+02 6.525817859838136670e-01 8.278498701749537059e-01 4.697413173153187849e+00 2.934478330785050826e-01 -8.780306005794002999e-02 6.859811443018694055e-01 -9.444955713380977613e+00 4.800272511759628991e+00 1.884234278060803547e+01 1.939136061018955672e+02
1.424211053493605258e-04 -1.812406684272689290e+03 7.561117067260827995e-02 1.073771873697051682e-01 1.755038033489379146e+00 1.596570471477803608e+02 6.872262295377292718e-01 8.289965548277742347e-01 4.700593322144431596e+00 2.769340295296893739e-01 -8.905589459956386733e-02 6.948283550120141205e-01 -7.575887717606860861e+00 4.988869241250526443e+00 1.927677836346008888e+01 1.875650652075548805e+02
2.102440204710729450e-04 -1.812017203614049322e+03 8.560676028293023876e-04 1.192185870992793773e-01 1.878570687370291203e+00 1.578138483771555229e+02 8.080769425265464934e-01 7.518461658034640838e-01 4.695497995409792402e+00 3.016795508085952093e-01 -9.281523532807334220e-02 4.467586351425128499e-01 -6.538411669286489314e+00 4.843650323343662301e+00 1.893311157750676799e+01 1.847233504248261227e+02
1.340243380165240077e-04 -1.812467451061960219e+03 1.048777528963309169e-01 1.471426348968451758e-01 1.777893090235366458e+00 1.448046590327968772e+02 6.300117437167446210e-01 8.522294534049450476e-01 4.703154458771056312e+00 2.921158000548067513e-01 -1.162258771076030150e-01 6.327081523650512906e-01 -7.852716513573398061e+00 5.449858023467424317e+00 1.953498362558825363e+01 1.824586165596867602e+02
1.208478135843112393e-04 -1.812570940457401321e+03 3.716431975713518909e-02 1.279634786285915038e-01 1.863331049255508631e+00 1.489288748429648024e+02 7.216176503602552694e-01 8.035688020647964169e-01 4.707463181344682113e+00 2.817538451926899778e-01 -7.783260008195425073e-02 5.753190975240972671e-01 -6.899733604611697046e+00 4.889107213316035150e+00 1.928271028639116835e+01 1.861771838183804562e+02
1.496489433970596915e-04 -1.812357180298628236e+03 3.339316149494195307e-02 1.467221033306818911e-01 1.781052766372289931e+00 1.575927083134806423e+02 7.563311894520212686e-01 7.536146294997088102e-01 4.684816388778063612e+00 3.166099443892589349e-01 -1.152507835992730989e-01 4.794764941284701543e-01 -8.602620643789748556e+00 5.394164411913537904e+00 1.981444631995221783e+01 1.954484361334912705e+02
1.586120328005267044e-04 -1.812299011297229299e+03 4.957457696134928704e-02 1.487553626937480888e-01 1.877014079805929825e+00 1.489038429087840996e+02 7.125878570688691793e-01 8.040789249599864519e-01 4.704351079436121630e+00 3.159505974876994916e-01 -6.787032210134769095e-02 5.189363650059765076e-01 -5.780753986068305039e+00 5.326801204374009835e+00 1.985099755952635192e+01 1.842419945413704738e+02
1.212598524332744656e-04 -1.812567536688709879e+03 9.599734877565377356e-02 1.292022697445548707e-01 1.777646943578783834e+00 1.498105924531085691e+02 6.415246463673699440e-01 8.417537610733161202e-01 4.706120367185716802e+00 2.946694648109353665e-01 -1.055646464312745003e-01 6.867532132075379048e-01 -8.510897844208386687e+00 5.638645340970804831e+00 1.925576051137334233e+01 2.021883845349623527e+02
1.298259241212303290e-04 -1.812499277964495832e+03 6.488760153877884407e-02 1.473733711043044015e-01 1.800121594668137703e+00 1.581919115191275580e+02 7.005638916126339932e-01 7.792363212366140157e-01 4.693212682924207790e+00 3.302212308289214082e-01 -1.186970744453264004e-01 7.391166019190829051e-01 -5.761355366926437682e+00 4.775801720245165249e+00 1.864166188439475746e+01 1.897948185786000295e+02
1.348116586556486656e-04 -1.812461593789126255e+03 8.177327566857120478e-02 1.207094880602600784e-01 1.819526387909276011e+00 1.524438163583170933e+02 6.651049751784128272e-01 8.452874334195163986e-01 4.706452184912642167e+00 3.024180467986750109e-01 -9.673023440728711897e-02 6.928116445274480339e-01 -8.448805780883816396e+00 5.366689258628931647e+00 1.888860526354574176e+01 1.914406085441422363e+02
1.736705034454246810e-04 -1.812208312626790757e+03 8.561386042231394766e-02 1.384887863694745647e-01 1.789665568108619098e+00 1.632265636668160198e+02 6.219641957299104629e-01 8.646743481232597173e-01 4.709080723450041361e+00 2.902182479994730446e-01 -9.826387763432298250e-02 7.417041184586184999e-01 -8.635097090964507061e+00 5.484042337601913175e+00 2.032323998325136216e+01 1.915418842579649095e+02
1.243157576079608547e-04 -1.812542647711145946e+03 7.693197116119870893e-02 1.393074457100234864e-01 1.811911974727347108e+00 1.492779761477715113e+02 7.055819311109472469e-01 7.636115873537538956e-01 4.684450346524520192e+00 3.418870925962693708e-01 -9.416257994524279695e-02 5.945400782332140865e-01 -7.654807725551307840e+00 4.696061863660228042e+00 1.913011391701702024e+01 1.923645171530991149e+02
1.714841946692011827e-04 -1.812220981369412129e+03 8.135000843289708072e-02 1.466605544460078125e-01 1.754504502278152245e+00 1.398946483349512562e+02 6.691173690163607635e-01 7.896744236639277048e-01 4.690558383611348248e+00 3.221170952718725999e-01 -1.202023038434743007e-01 5.560611087146338782e-01 -8.623946060987321971e+00 5.235545186521695094e+00 1.920361490173572250e+01 1.864262460186037060e+02
1.505734821678582488e-04 -1.812351021253768977e+03 4.961084840460877610e-02 1.320603152777228562e-01 1.826764590595209015e+00 1.460930887668825733e+02 6.956882015351819604e-01 7.851465977036951038e-01 4.685514855251284416e+00 3.108843841241510919e-01 -1.081413759977052358e-01 5.335960160118923268e-01 -5.296201652691138406e+00 5.157728900543889772e+00 1.916641074500724429e+01 1.842029311224064827e+02
1.774812372435543683e-04 -1.812186607574749814e+03 1.122274729403533733e-01 1.369032079429389481e-01 1.764409017608338459e+00 1.599712380723736089e+02 6.004056051214960998e-01 9.006831519571385503e-01 4.709929500476673248e+00 2.635285175996102680e-01 -8.189799626182736603e-02 7.548201747361729108e-01 -7.034191833973096664e+00 5.339903423014158435e+00 1.882718643960334859e+01 1.895020588599603002e+02
1.406013330644306271e-04 -1.812419544011821472e+03 3.809328978446885339e-02 1.413217197768869837e-01 1.758040233354561721e+00 1.567087396285635919e+02 7.030612134277662850e-01 8.065447745375642352e-01 4.703624218521443190e+00 2.932366830920467571e-01 -1.225516076518993192e-01 6.101732660115480877e-01 -9.919703961153828686e+00 4.999602427071425659e+00 1.817346449469681247e+01 1.811049890648632754e+02
1.403030185651547184e-04 -1.812421667970455019e+03 1.100305085392981608e-01 1.471859355534118896e-01 1.790711414911846155e+00 1.594778432569357847e+02 6.014772728037178773e-01 8.116609592339170121e-01 4.672179969678198042e+00 3.005904392641420841e-01 -9.443685893236675177e-02 8.333273574763454539e-01 -6.585938287622184362e+00 4.845304370472813815e+00 1.973254464070339864e+01 1.788936132573105624e+02
1.835999231345595726e-04 -1.812152713412878711e+03 6.161326191185673151e-02 1.439996089984474648e-01 1.771655849874399280e+00 1.569323047370148458e+02 7.047754285510091643e-01 7.989870164498606986e-01 4.711768197937420410e+00 3.154762982791337045e-01 -1.133015347877113221e-01 6.577760845395491662e-01 -7.200702215986211741e+00 5.522151495185978476e+00 1.933500306908386790e+01 1.765284691274302418e+02
1.215423962165491359e-04 -1.812565209330438847e+03 1.237174146409741604e-01 1.485628369336678134e-01 1.742893642003699561e+00 1.506744848943000648e+02 5.624807658649707554e-01 9.200859122439974946e-01 4.716336933746790194e+00 2.720250317652581629e-01 -9.951079364688641959e-02 8.060197954889443128e-01 -8.487740494725670715e+00 5.142721222575641349e+00 1.929875065217534313e+01 1.879333171978735493e+02
1.257275363634063913e-04 -1.812531355316654754e+03 1.456833807884292120e-01 1.225927300557551336e-01 1.730870535136055821e+00 1.670849791587958748e+02 5.941651668398243435e-01 8.802745880670705958e-01 4.708015711706332596e+00 2.914080553362548009e-01 -1.023511949728703740e-01 8.242460044215423887e-01 -8.907028104683661240e+00 5.741897549353836006e+00 1.924808558082657939e+01 1.879576130552724749e+02
1.374107083037135878e-04 -1.812442498160403829e+03 7.374708289817710760e-02 1.442686783327187527e-01 1.763457403948716973e+00 1.608687932182554619e+02 6.633177374427559059e-01 7.918824402584478950e-01 4.689786942223829413e+00 2.839194873102297567e-01 -9.020216346478582281e-02 7.251294914143514569e-01 -6.618936201904546124e+00 5.480554923924185751e+00 1.923422224790227730e+01 1.994924785470016957e+02
1.176120542960770320e-04 -1.812598080939678766e+03 7.118993972658069214e-02 1.400339759492269243e-01 1.878564244342758371e+00 1.502870481613086611e+02 6.747560260503036034e-01 8.531799970436064751e-01 4.710439542140393954e+00 2.815344631608498460e-01 -7.532222554097378620e-02 6.270457180407477127e-01 -5.519058914233795576e+00 4.904884916907770176e+00 1.940282856096819941e+01 1.920727418344437751e+02
1.434191910450149758e-04 -1.812399700724430886e+03 7.361474399570575033e-02 1.474444464278748257e-01 1.760343652299987127e+00 1.636483367259002364e+02 6.530170089212713469e-01 8.244903306809776566e-01 4.689780746089377672e+00 2.852884383896903131e-01 -1.037889280965464955e-01 7.123547785425444756e-01 -6.381652506585851370e+00 4.672361288703741344e+00 2.003208531945477233e+01 1.993497618878228366e+02
1.665828611785484200e-04 -1.812249979622045430e+03 8.669958298684293796e-02 1.304777975217060459e-01 1.737251517758047648e+00 1.556975322655405307e+02 6.587255682181913929e-01 8.051800510683553291e-01 4.689734384365738862e+00 3.147513386301503679e-01 -1.164555748609936714e-01 7.169453928676584598e-01 -8.657562153451607401e+00 6.050248557748716394e+00 1.893453860482230411e+01 1.881165168438425610e+02
1.243468521117101634e-04 -1.812542397617221923e+03 9.641820163239850361e-02 1.303437341667944838e-01 1.775836149869570946e+00 1.588295917236863204e+02 6.293155067078918252e-01 8.620749338676461093e-01 4.713379730088504971e+00 2.705637557052678055e-01 -9.140758581907704183e-02 7.830620592327607321e-01 -8.518699285164274215e+00 4.960742783281846258e+00 1.908171168030592213e+01 2.073617213457532671e+02
1.298258918674787931e-04 -1.812499278212934314e+03 5.558625705681752294e-02 1.440876514419505983e-01 1.761434281550365633e+00 1.599763228044813843e+02 6.540791720220895389e-01 8.223024923590975810e-01 4.698631073964387284e+00 2.755749082382412674e-01 -9.125779585362470137e-02 7.087199795281067249e-01 -8.542289375558198117e+00 5.867429531762891060e+00 1.941784130311596712e+01 1.953189268569622925e+02
1.311893089164004695e-04 -1.812488831086135860e+03 6.219149741129767484e-02 1.329414061029244587e-01 1.768877219142047430e+00 1.665246947995881897e+02 6.865490713193361794e-01 8.110551581269618282e-01 4.703550549380118184e+00 2.917025158452049016e-01 -1.343248842740392135e-01 7.846169165919439914e-01 -8.888747276005886988e+00 5.740585945508192012e+00 1.874030693553607563e+01 1.765059572090940208e+02
1.555426420869689033e-04 -1.812318552552741949e+03 1.186751584030380224e-01 1.498622300883985237e-01 1.776551246928256056e+00 1.461609287551677880e+02 5.893024176299709316e-01 8.592275644566711446e-01 4.700828335395915047e+00 2.929978748765220686e-01 -8.643840509726219423e-02 7.489477976519308688e-01 -6.460368794836256257e+00 5.134988843195520403e+00 1.880099133212720375e+01 1.971532719191995113e+02
1.298511058407435866e-04 -1.812499084018041685e+03 4.423269249994848940e-02 1.416728604843434935e-01 1.821579965995597128e+00 1.582619497552603605e+02 7.129203031227148157e-01 8.327666820012986637e-01 4.718537535880390266e+00 2.992734243524384219e-01 -8.868901756685731996e-02 5.938271358154628699e-01 -6.030968811947502672e+00 4.530875712276505318e+00 1.934820114760582754e+01 2.044596043943445238e+02
1.956701508260186143e-04 -1.812089042134799911e+03 2.087062958144927927e-02 1.459627294640189199e-01 1.782966315965649251e+00 1.581349885437051910e+02 7.496622559144878739e-01 7.682878947496150079e-01 4.700190165402764464e+00 3.000621253068855854e-01 -1.120737453406699391e-01 5.166730562060021237e-01 -9.051523521761623670e+00 5.476935719373687839e+00 1.901529125489576089e+01 2.079193666619520968e+02
1.800210665074687114e-04 -1.812172398592213312e+03 9.901756267246947241e-02 1.433341481480266133e-01 1.805561916523367394e+00 1.563609821496342249e+02 6.469911355616013715e-01 8.752415102010298043e-01 4.720445976702768220e+00 2.873285883392131534e-01 -8.458302578724063991e-02 7.339114981800912707e-01 -6.978168699161074073e+00 5.814395126654492429e+00 1.851172698679570772e+01 1.988499567478392294e+02
1.162274362797914654e-04 -1.812609923543297555e+03 7.162544806375509276e-02 1.494846014643703980e-01 1.802017995099139291e+00 1.384642888620132055e+02 6.740176057605963278e-01 8.303772024749278557e-01 4.697453348734283551e+00 3.071596796697240173e-01 -9.878050062878962478e-02 4.964368531564108955e-01 -6.730633623477160654e+00 4.954922658956140147e+00 1.937269286706811044e+01 1.985924604329092347e+02
1.236977015737640139e-04 -1.812547631773830744e+03 4.876206565974577911e-02 1.434973934945315832e-01 1.867742484707621387e+00 1.456048972116628590e+02 7.082371228812703867e-01 7.963013318556071418e-01 4.700403080145512114e+00 2.950812072823636445e-01 -8.005189217521246903e-02 5.417706656704343038e-01 -8.177892522113126006e+00 5.699949559010208944e+00 1.940145795103320836e+01 1.948546584020044463e+02
1.920132534216250947e-04 -1.812107908074524858e+03 3.602703150925762321e-02 1.439398040369890552e-01 1.804892599827423005e+00 1.536984133788302529e+02 7.638008581968064314e-01 7.314396467670529756e-01 4.675871368368436976e+00 3.349552482220641281e-01 -1.130741253317051331e-01 5.319959234540648785e-01 -6.085896856138390376e+00 5.504171561558357517e+00 1.882756012581299387e+01 1.824463260376332130e+02
1.285411559551839897e-04 -1.812509223339544405e+03 7.049871618688605124e-02 1.497774466532910409e-01 1.760464215338538807e+00 1.545571844244910551e+02 6.557501100277892681e-01 8.302873753236630350e-01 4.697341252574570802e+00 3.089386949287753481e-01 -1.117959668167349818e-01 7.511326989703412949e-01 -8.452598391271266109e+00 4.794941733351709701e+00 2.012964759153246064e+01 1.793261772252770072e+02
1.861642338894829512e-04 -1.812138843210389950e+03 6.939736542745825187e-02 1.342176587822030143e-01 1.785677986539445428e+00 1.512413769650507049e+02 6.625262165772453082e-01 8.361731035138018076e-01 4.703870258182792696e+00 2.891247247620554184e-01 -9.894589332397130121e-02 6.438018686602028362e-01 -7.809682731404762990e+00 5.098539503477050872e+00 1.881905434490793638e+01 2.117476154774471411e+02
1.209570557645661020e-04 -1.812570036900843661e+03 8.661575984816527463e-02 1.425738584107673901e-01 1.783150180580279631e+00 1.554739212195240725e+02 6.293541347260964702e-01 8.200715619827227965e-01 4.689243353899261280e+00 3.100173337218796732e-01 -8.625695119466625371e-02 7.505431354027827240e-01 -1.047681113314953905e+01 5.295303547216745343e+00 1.858739393452701805e+01 1.997210226946782825e+02
1.864014468446053912e-04 -1.812137569808144690e+03 7.624689329817871397e-02 1.405697050086159028e-01 1.810380469483723331e+00 1.475182805188099735e+02 6.534712391480398397e-01 8.264150406399513038e-01 4.697457795483868992e+00 2.936685388557569443e-01 -1.002569620564042197e-01 7.061820366659503634e-01 -6.011529880311513807e+00 5.235022103174391539e+00 1.955598896251009577e+01 1.742623156800194977e+02
1.661405870326745915e-04 -1.812252638132641778e+03 1.395341756904522057e-01 1.428127536623026439e-01 1.741188791427490834e+00 1.703796419061941094e+02 5.944105210650026949e-01 8.732514316132093946e-01 4.704796350431903917e+00 3.008489527450843859e-01 -1.003133303877508098e-01 8.498979940117655785e-01 -6.269518845947857244e+00 6.056480839073952183e+00 1.852562469024732295e+01 1.738320984280599077e+02
1.901958408501868325e-04 -1.812117418189779755e+03 7.708923881663573563e-02 1.244514762045040024e-01 1.791153009069414104e+00 1.613907937222223552e+02 6.954303381349915547e-01 8.213682331465990138e-01 4.697978866847769552e+00 2.931721219220519981e-01 -8.103389122988824411e-02 6.568672886319641968e-01 -8.998589975524225792e+00 4.768185023750315388e+00 1.932878000256577167e+01 1.931344322440708936e+02
1.388358802658149328e-04 -1.812432179954385447e+03 7.297562413084091038e-02 1.496191547626503360e-01 1.835272646393640628e+00 1.614978671304996283e+02 6.838018529597058581e-01 8.306474109241135384e-01 4.714272188997797208e+00 3.028079876820375382e-01 -9.310284414760805483e-02 7.632133404428085299e-01 -7.406594289323578550e+00 6.130054534321249804e+00 1.858638667696332902e+01 1.811917129440775511e+02
1.426605823634208260e-04 -1.812405004213389020e+03 3.806861454950943857e-02 1.398343740434646321e-01 1.784315049442914081e+00 1.583139928965512411e+02 7.493066587637039477e-01 7.733324661095186681e-01 4.701082845427311696e+00 3.036645674027362851e-01 -1.119807721860466287e-01 6.143645697259932925e-01 -1.087175385338446176e+01 5.414922100207775202e+00 1.911155706459177850e+01 2.037175976569583042e+02
1.771443338105164837e-04 -1.812188507626871797e+03 4.606428161617648342e-02 1.485745810989494708e-01 1.800695062765568011e+00 1.499391248489287989e+02 6.974950045559312750e-01 8.018587825539933434e-01 4.698325953928620180e+00 2.920778009572480016e-01 -9.644090342519273662e-02 5.431453358662576836e-01 -6.155111356937709388e+00 6.006665520360221500e+00 1.951781460200585627e+01 1.858643025623503036e+02
1.174541284460141913e-04 -1.812599424611252289e+03 9.910255245797663926e-02 1.403724580051063653e-01 1.753446458180930811e+00 1.579259937310302178e+02 6.451922759079343761e-01 7.994636233857557173e-01 4.684235887005364418e+00 2.883590458858718009e-01 -8.938507472133183640e-02 7.795547174715334870e-01 -8.204712087547363808e+00 5.460303941126953831e+00 1.846029526628623074e+01 1.839615296134979872e+02
1.176659672773664182e-04 -1.812597622647978824e+03 9.246408167790473587e-02 1.457972097516969379e-01 1.832877342231214790e+00 1.570732462375015075e+02 6.439937383326209686e-01 8.111197169542185836e-01 4.691352665376733455e+00 3.294703108700893779e-01 -8.525795611032194188e-02 7.778922948217433797e-01 -7.486816203394852209e+00 5.716981154656797237e+00 2.016136037655402902e+01 1.913208355553495039e+02
1.278008802192226944e-04 -1.812514999043013859e+03 3.636383394998315977e-02 1.380447012500241322e-01 1.808137662304429405e+00 1.580396400197979574e+02 7.397327670643096820e-01 8.002961948808413606e-01 4.707276195655611950e+00 2.815294663218752547e-01 -8.549548449410648843e-02 5.777322502220184619e-01 -4.561778405187624230e+00 5.444334434554720659e+00 1.883398458120133512e+01 1.841507246257745294e+02
1.336870394908551483e-04 -1.812469970930239924e+03 8.220097392179412377e-02 1.404820048652770936e-01 1.845295910203299528e+00 1.691794289214981575e+02 6.538954894039421539e-01 8.330907526550381803e-01 4.710546707266752620e+00 2.769498769962586149e-01 -7.886378475265276577e-02 7.509394684256750496e-01 -5.443343353701322940e+00 5.259607225965190480e+00 1.829413333846430234e+01 1.898111752183075964e+02
1.157285558282473070e-04 -1.812614225059427781e+03 1.471138221228386611e-01 1.389786137743726779e-01 1.756229270041149704e+00 1.576353763993942039e+02 5.587664006750854284e-01 8.664932399691727127e-01 4.690027915795617730e+00 2.910568511271418579e-01 -9.598040967156551417e-02 9.412615704278561868e-01 -9.210023896004628341e+00 5.729122354960924923e+00 1.861254384495725134e+01 1.960777153510744313e+02
1.536828157974512497e-04 -1.812330581631643781e+03 3.116103802824252145e-02 1.248001477821632788e-01 1.825299730618837657e+00 1.548931490154141670e+02 7.474071535581477965e-01 7.462919569112169693e-01 4.681237155411040796e+00 3.081590083012633041e-01 -1.185024101807836683e-01 5.815399684741514585e-01 -7.711895817652703045e+00 5.228651837210551712e+00 1.926366387015931991e+01 1.985041501803652579e+02
1.188018719370965027e-04 -1.812588015308557260e+03 9.162612684246140837e-02 1.494203667231539800e-01 1.766029949469208660e+00 1.495745111813876917e+02 7.033536820573399462e-01 8.124293947946885641e-01 4.701480157048541386e+00 3.115009186070665237e-01 -1.044751507605001795e-01 6.162929136360256743e-01 -9.279835622509239101e+00 5.059675411748787432e+00 1.962546103727058622e+01 2.036913066865797646e+02
1.499684984022108306e-04 -1.812355047211018928e+03 8.828846366842588167e-02 1.490566696595888307e-01 1.818333282563946440e+00 1.502459938084554665e+02 6.435265667377350063e-01 8.408404617442752915e-01 4.702597285620857548e+00 3.259659379258741385e-01 -1.061838363731841817e-01 7.048390473200368822e-01 -7.361881007412932831e+00 5.327050950615364044e+00 1.854683840987902954e+01 1.994932420155735997e+02
1.358793842308091073e-04 -1.812453704860839025e+03 1.151295551234690906e-01 1.308222701678290745e-01 1.703038611920197454e+00 1.634810293812157056e+02 6.135167539058461461e-01 8.625159734103362563e-01 4.697321442727079521e+00 2.869524083394272562e-01 -1.044487217999292561e-01 7.861923575978734258e-01 -7.280146406486693422e+00 5.309336193746627686e+00 1.872047958082156782e+01 1.956474360988080718e+02
1.487676141114056155e-04 -1.812363087020798275e+03 1.263710345220900033e-01 1.486028556648784915e-01 1.811242676572795141e+00 1.669754776183125387e+02 6.238617213586969967e-01 8.068076958909138341e-01 4.679335493730147455e+00 3.104095788904615016e-01 -7.508726702017187726e-02 8.701687674288181018e-01 -7.185076195244931796e+00 4.955609672821603695e+00 1.812722074999573252e+01 1.843259500113862828e+02
1.314732952235947092e-04 -1.812486668719560839e+03 -3.304271202730357793e-03 1.308815072328227413e-01 1.837353200692143140e+00 1.614558790372562100e+02 7.653126735566693206e-01 7.860489234670802183e-01 4.704275472854541285e+00 3.138585443986736667e-01 -9.032930723667131900e-02 5.484886422457869726e-01 -4.424068918636635317e+00 4.961252787772152395e+00 1.900999778102141491e+01 1.999296207638973044e+02
1.288295179398619614e-04 -1.812506982508442889e+03 4.501821561327751242e-03 1.462398758397887299e-01 1.822060451108228563e+00 1.471602534329541925e+02 7.686992558717661295e-01 7.872958852209994696e-01 4.699471908454325941e+00 2.938119251796236231e-01 -1.015556707557330185e-01 4.335952855767054026e-01 -5.936644667359729510e+00 5.216701739939821891e+00 1.943928941448458403e+01 1.834384997078688571e+02
1.178998784191821237e-04 -1.812595636696084966e+03 8.219742214295430727e-02 1.454182270839235736e-01 1.791407136141989653e+00 1.528571290565460004e+02 6.971174085961714395e-01 8.015006390048224905e-01 4.690794872560885231e+00 3.317671607899983499e-01 -1.123699173401093709e-01 5.819795789661871277e-01 -6.601751284210166659e+00 4.854733897856733371e+00 1.939511340087662816e+01 2.014986101488132135e+02
1.447789540543134449e-04 -1.812390264347948687e+03 3.643226419543305061e-02 1.471601229660877974e-01 1.840496987148322106e+00 1.447190705599927583e+02 6.881071745056996924e-01 7.884734984568699812e-01 4.689324163375335530e+00 3.037080632580269057e-01 -7.618671862812309570e-02 5.370161728472330198e-01 -7.056019697992184092e+00 5.301841606252799544e+00 1.901302035310492755e+01 1.945760227148990396e+02
1.647839296788702077e-04 -1.811553426101264449e+03 6.974845711727445385e-02 1.478846667454031538e-01 1.804120552758735840e+00 1.564834772135470189e+02 6.650262977766782102e-01 8.542038148179766921e-01 4.711082135052597764e+00 2.976400322657100084e-01 -8.958235662513569508e-02 7.733619734179921767e-01 -8.815855986363686725e+00 5.209762906353554435e+00 1.872258542778804014e+01 1.731367382213669828e+02
1.366386357782573403e-04 -1.811740721453968490e+03 7.824145960521602938e-02 1.473121485929516916e-01 1.764621200368222453e+00 1.669212484399033372e+02 6.759409356517868117e-01 7.977388034866343958e-01 4.686715277181531469e+00 3.270171353639459433e-01 -9.863422397164312017e-02 6.853973165474933626e-01 -5.397618051022931240e+00 5.902147580299943463e+00 1.918670618393502991e+01 1.768391205081207715e+02
1.494199860998043244e-04 -1.811651300160380515e+03 -5.461247084873055435e-05 1.224108514631007949e-01 1.772124469939508451e+00 1.758563249814017695e+02 7.867197049248308982e-01 7.717041149761951768e-01 4.714736674297210328e+00 3.056730277011558972e-01 -1.214374498289769733e-01 5.490057157358261275e-01 -8.456459793176264839e+00 5.073078200747427324e+00 1.990856783777505967e+01 1.804168517589734790e+02
1.444216745062953185e-04 -1.811685323884246600e+03 4.389252352453087980e-02 1.463769904006627931e-01 1.780125960802147134e+00 1.670461184153243437e+02 6.598575018876480236e-01 8.449766615751004295e-01 4.704995991705014369e+00 3.071682948471072816e-01 -1.076278419178073875e-01 7.939110936652010730e-01 -9.926082282048440675e+00 5.419300408701754890e+00 1.973010493956328659e+01 1.949296615349378499e+02
1.396824911501724211e-04 -1.811718689273273412e+03 5.768786738350398235e-02 1.458986603767576662e-01 1.745947276726068864e+00 1.587353640756473681e+02 7.138361243779011156e-01 7.447693454293020654e-01 4.676786914998097622e+00 3.171812570380760921e-01 -1.401858340332686748e-01 6.393357987111591978e-01 -7.094388020783981119e+00 5.405168365694712485e+00 1.953448037294980111e+01 1.868138641106030775e+02
1.631457901179227327e-04 -1.811563416980945703e+03 1.102874320718081613e-01 1.382537776542405450e-01 1.764701141155720521e+00 1.700751699367381491e+02 5.835648029525025704e-01 8.797783685926727770e-01 4.706512902733710924e+00 2.878732916403432540e-01 -8.090815835503017972e-02 8.745771122508276818e-01 -7.448621681909344261e+00 5.233296566512724013e+00 2.007253186880553386e+01 1.916953931736048560e+02
1.223396899574259722e-04 -1.811851259680359135e+03 5.649461630615543184e-02 1.420499376771427180e-01 1.782324035706762899e+00 1.506466090792648629e+02 7.218586209424269207e-01 8.012644200514924542e-01 4.701263327531967740e+00 2.953638939272511532e-01 -1.102498309818782385e-01 5.000583817298422940e-01 -8.563364401216176702e+00 5.579808304152833465e+00 1.928801782960676192e+01 1.865354131408774094e+02
1.312377852247620066e-04 -1.811781050367713760e+03 4.645641308398318348e-02 1.221733673400869080e-01 1.735537773625432045e+00 1.578365036897896232e+02 7.312237358924950081e-01 7.843552702138067989e-01 4.697152399252609634e+00 2.939345132761488344e-01 -1.171064667313159724e-01 6.053294132653868065e-01 -5.906140183472444960e+00 4.917641747395173901e+00 1.925330720677431628e+01 1.868442853304760263e+02
1.164030071538144908e-04 -1.811901002830282096e+03 7.556014672457178616e-02 1.443909857946162612e-01 1.794858606406750212e+00 1.653756924535038877e+02 6.538624613224196525e-01 8.537740857436535435e-01 4.713115084256914500e+00 2.905361548801126403e-01 -8.678539841303622993e-02 6.585393790206673925e-01 -7.737469860012907930e+00 4.907041033630599181e+00 1.939182461501109955e+01 1.973350553581928466e+02
1.148942115643750156e-04 -1.811914049394344602e+03 1.645248239608931851e-03 1.392654090834828107e-01 1.847633767256271042e+00 1.635211415175383820e+02 7.549166928511980013e-01 7.493329054876307627e-01 4.687328520651204755e+00 3.409861613557707560e-01 -9.101091826695406617e-02 5.354482601693871802e-01 -4.344040136120440820e+00 5.124690483831684240e+00 1.888790841194154524e+01 1.835959262248217954e+02
1.589345052797545941e-04 -1.811589568999020685e+03 6.937909188144358863e-02 1.404512694863878364e-01 1.769192142254257583e+00 1.556798896373748278e+02 7.228557642759826374e-01 8.044555940669875227e-01 4.708134210976998801e+00 3.257471626236818629e-01 -1.227674330477224185e-01 6.108144552439302988e-01 -7.113932152638710704e+00 5.458002426600216950e+00 1.931172657526602876e+01 1.901420540033228406e+02
1.454894957831355496e-04 -1.811677957309825388e+03 2.226194687731644639e-02 1.317463910919109693e-01 1.770967926898545208e+00 1.471808872293360935e+02 7.399696209655904910e-01 7.829306119594774405e-01 4.702664118143884409e+00 3.074229638660577191e-01 -1.242206503926825967e-01 5.190386958623793845e-01 -6.988147624393121760e+00 5.410678799333656919e+00 1.935511162381919803e+01 1.934827585010023938e+02
1.529650267469004809e-04 -1.811627851887990801e+03 4.161540086921494686e-02 1.480087157748186388e-01 1.851878291456457326e+00 1.551322136237284326e+02 6.870298356088466729e-01 8.237815276612114879e-01 4.703960795563993713e+00 3.039670420526967565e-01 -8.385874074744803508e-02 5.827795042642375245e-01 -7.039373469169788677e+00 5.115037304738390134e+00 1.820851797613221024e+01 1.961613954986617330e+02
1.908790700220786300e-04 -1.811406421113618080e+03 8.032376500679430653e-02 1.442769712748382671e-01 1.786731715221672623e+00 1.517211761753005703e+02 6.650712496376690597e-01 8.343893763915777306e-01 4.706711511676340720e+00 3.105068210439667631e-01 -1.065342901043520030e-01 7.219675635098634636e-01 -8.251200603015718116e+00 5.124145128618917688e+00 1.834598052368030352e+01 1.973265470114710070e+02
1.890557887008330080e-04 -1.811416019050086106e+03 5.147819537438175219e-02 1.342682870587033339e-01 1.796349664823796211e+00 1.734374001221542017e+02 6.302700725691385841e-01 8.423127173440707605e-01 4.697903911597404836e+00 2.972976378060072644e-01 -1.062134220506489868e-01 8.339895778552309791e-01 -9.448961546388005672e+00 4.883073019192996078e+00 1.872680356561540194e+01 1.789003825078110310e+02
1.455703775333346223e-04 -1.811677401535844183e+03 8.275536053624529820e-02 1.212967941734793553e-01 1.797808504210273384e+00 1.634539452401020014e+02 6.460996857263212600e-01 8.316161965503094944e-01 4.693257353612859006e+00 2.747023856932298003e-01 -8.427118939439859346e-02 8.069701799879557269e-01 -9.155182571437961769e+00 4.836205979541152722e+00 1.921220414282343114e+01 1.921518485301942860e+02
1.962121505761125302e-04 -1.811378864725144922e+03 2.683950183533959088e-02 1.370882023729344257e-01 1.807153109261698809e+00 1.551698943339117136e+02 7.316618213501673296e-01 8.020958687859254255e-01 4.703546852511853338e+00 3.135289521206687802e-01 -1.063851843323728730e-01 6.363362313882553467e-01 -7.103455781225392229e+00 4.751374503924821191e+00 1.933678388168480566e+01 1.879592573931882953e+02
1.183617140433413549e-04 -1.811884315890863490e+03 3.897847807424015265e-02 1.310369596579118168e-01 1.839623213462770579e+00 1.578272826368253448e+02 7.127545539410289344e-01 7.894176714804475026e-01 4.695728393682971458e+00 3.130223384858992208e-01 -8.519463745284761025e-02 5.976319794492457316e-01 -9.306424642232201450e+00 5.039618073784390972e+00 1.851180126801910220e+01 1.799375224272302773e+02
1.166203423833799940e-04 -1.811899137478221746e+03 1.015728216090324987e-01 1.389199825323626236e-01 1.719505785602404302e+00 1.649271438869482438e+02 6.313303249075095103e-01 8.598463307208421558e-01 4.711817634923463061e+00 3.016057267200418224e-01 -1.202587847073335325e-01 7.787178478105549750e-01 -7.946213392475584669e+00 4.811655380566937090e+00 1.885880837163811208e+01 1.785287973794108609e+02
1.890776960369653747e-04 -1.811415903179172574e+03 8.971092248744896858e-02 1.407626739646354042e-01 1.782035733302838487e+00 1.460840662978422699e+02 6.835766636610584035e-01 8.092772871651228161e-01 4.697565657261995042e+00 3.039213581348727544e-01 -1.091920103486099247e-01 6.073626913275433914e-01 -9.081192662555594097e+00 4.911333625446934192e+00 1.929821083751859234e+01 1.772930419598978062e+02
1.259460740309379723e-04 -1.811822207368441696e+03 6.786828133114194972e-02 1.433203359472912386e-01 1.826667181264037154e+00 1.596366074806263100e+02 6.808232248767237538e-01 8.066961652581270403e-01 4.701755038281999255e+00 3.208375952883781856e-01 -1.020563194586490141e-01 7.099688038762234088e-01 -7.391274712864856156e+00 5.326691369675895515e+00 1.927315949265850747e+01 2.166269117863205338e+02
1.722761367351975886e-04 -1.811508962564303147e+03 6.205512238864788199e-02 1.478492773579051234e-01 1.820346496777052181e+00 1.408562795895640534e+02 6.590135206328211481e-01 8.186375353005936883e-01 4.694121468087219640e+00 3.109136076972334184e-01 -8.529425577353810795e-02 5.855247023314814614e-01 -6.144424227566616992e+00 5.279762916200470002e+00 1.878779161946220100e+01 1.844389076127449414e+02
1.885463221234483244e-04 -1.811418717482493776e+03 7.339110775452684088e-02 1.388274587024857787e-01 1.865742323633061694e+00 1.582042158331786652e+02 6.628752704505903592e-01 8.138866638391770714e-01 4.693187607785761273e+00 3.152131240532121126e-01 -7.118988292399608397e-02 6.990922607285070534e-01 -7.163803849789474043e+00 5.865345033962854338e+00 1.897401334029280662e+01 1.932253229588668546e+02
1.336973661463022195e-04 -1.811762482415715112e+03 2.418144146794273808e-02 1.436802167266550134e-01 1.766905162465175927e+00 1.648390032116730879e+02 7.369418315262210584e-01 7.955884250903229038e-01 4.708748555971132177e+00 2.911754133790074306e-01 -1.178318487399381276e-01 5.768489007891912657e-01 -1.022299268434414898e+01 4.663233564841329226e+00 1.910455717557202249e+01 1.938940223974867649e+02
1.803353812309771800e-04 -1.811463242853607426e+03 5.480484958022815989e-02 1.452182619946626729e-01 1.772452522829168764e+00 1.533720505276201322e+02 6.916526967698956030e-01 7.986103994448179311e-01 4.703854011562049742e+00 3.039543861950180226e-01 -1.236660243374203549e-01 6.344999766691938881e-01 -6.256861173815195798e+00 5.420128111935929027e+00 1.961913181656094096e+01 1.778310918212464458e+02
1.212609537344706996e-04 -1.811860116334085205e+03 8.493993326213999939e-02 1.492299599627315010e-01 1.752820923308364698e+00 1.529235532278632377e+02 6.690091976416756570e-01 7.924836909827595033e-01 4.690917778770032243e+00 3.181751936816861193e-01 -1.068495118038284009e-01 7.015546768064254701e-01 -8.947246030663535521e+00 5.319660392428926521e+00 1.971085457601917668e+01 1.711141809905938374e+02
1.189749488974114680e-04 -1.811879148242417159e+03 6.468975826277842400e-02 1.480200401653798126e-01 1.789018979812454724e+00 1.396897441172121717e+02 6.661650072511839937e-01 8.206649964237842099e-01 4.694779562829735298e+00 3.154929672889015269e-01 -1.040584920280072101e-01 5.613954057148168308e-01 -7.036289755366453846e+00 4.992358644901773168e+00 1.976487986185770751e+01 1.818672818071324002e+02
1.259434232984139499e-04 -1.811822228415230484e+03 4.390857701522402068e-02 1.482090665725313283e-01 1.863877992526413507e+00 1.556230252079637069e+02 7.438341190395894031e-01 8.070949262015394421e-01 4.702434830457776549e+00 2.897853138882535706e-01 -8.640922503574133273e-02 5.945369025860499645e-01 -6.610354649296823482e+00 5.258495727790468699e+00 1.888644992190302574e+01 2.011949453387754545e+02
1.671373437808686634e-04 -1.811539245307634474e+03 1.092677336614407413e-01 1.430336059406684124e-01 1.814279142601670003e+00 1.600230117041980975e+02 6.192771267955790027e-01 8.669334955222285366e-01 4.707644558756301834e+00 2.984793775855254516e-01 -9.821124849565965320e-02 8.145287904391135259e-01 -1.007976825752191985e+01 5.514440121260122396e+00 1.879960423060433783e+01 1.940547286889726593e+02
1.325009733034200870e-04 -1.811771471208815001e+03 1.953655201832021904e-02 1.269818615962823027e-01 1.864772422333920154e+00 1.695933146733898980e+02 7.622280385716826423e-01 7.554216185226780844e-01 4.691756988677502349e+00 3.136276174488512591e-01 -7.376840331959355623e-02 5.877225666856759068e-01 -8.636584036306089729e+00 5.098125207785630941e+00 1.846821313271340870e+01 1.949830511715370278e+02
1.985566726989110211e-04 -1.811366986635741569e+03 3.605775301158464785e-03 1.481234426611863497e-01 1.776224089469042866e+00 1.577463865485683812e+02 7.944515748995836235e-01 7.539619682395415357e-01 4.696170341324855002e+00 3.010192687321686655e-01 -1.265278218276788547e-01 4.803151296470493103e-01 -8.216371142671334837e+00 5.337989380352903268e+00 1.857026796028271676e+01 1.876892162623472586e+02
1.220708921956174906e-04 -1.811853459240360280e+03 1.776342396427671444e-02 1.400641670296638719e-01 1.837099677846668833e+00 1.471632089936553598e+02 7.416318626878086739e-01 7.787915424231015571e-01 4.694055249665840535e+00 3.294732841714835825e-01 -9.766673571024542255e-02 5.243785692717325420e-01 -8.025001641999580215e+00 4.882845991299733512e+00 1.951050788619135190e+01 1.947238449373972458e+02
1.334707557566977370e-04 -1.811764178804059156e+03 3.972533304091249717e-02 1.469855680837437173e-01 1.780942049077518519e+00 1.441200619792778355e+02 7.007475608000648393e-01 7.974415467370723487e-01 4.695600848945703731e+00 3.224230163233987589e-01 -1.155404007876521533e-01 5.819127807697883625e-01 -8.339486939212235939e+00 4.871747403338289040e+00 1.913854771735423554e+01 1.961534223892189459e+02
1.488495790320028983e-04 -1.811655124940578389e+03 1.237974703361754136e-01 1.494861176565080718e-01 1.834037241486409897e+00 1.723573488971444760e+02 6.118568200434316706e-01 8.475350858092587369e-01 4.697358153028433847e+00 3.162119093834536709e-01 -8.912086220850934382e-02 9.518768166677352704e-01 -1.037170914850221948e+01 5.734623133723970589e+00 1.965386586369544020e+01 1.984290974736927637e+02
1.160533146755891561e-04 -1.811904011505109793e+03 1.084275976030009969e-01 1.328958455047697662e-01 1.768643463866854226e+00 1.726207253506520658e+02 5.977633418554904043e-01 8.423899046563052551e-01 4.691226747690953935e+00 3.214998948269527368e-01 -1.168770751749372838e-01 9.335502397580243139e-01 -7.655348534120093973e+00 5.200135884878664960e+00 1.885002188562789982e+01 1.742218603591018109e+02
1.828213265771676287e-04 -1.811449551881508341e+03 4.250422632400274736e-02 1.451543931657217901e-01 1.884363176063659218e+00 1.729887134255079673e+02 7.201404626290955902e-01 7.720985695561970452e-01 4.692472016580540028e+00 3.382473231148348525e-01 -9.296682528920197086e-02 7.358932139097901226e-01 -8.509578966297112856e+00 5.201367920566246639e+00 1.981858892304955333e+01 2.073074545013259353e+02
1.463644544233640740e-04 -1.811671961425508016e+03 3.108010343603628822e-02 1.380476541033103521e-01 1.864577117069624812e+00 1.632524328297630802e+02 7.311028452530091704e-01 7.787971064675893729e-01 4.684431981497104047e+00 3.142467535749868812e-01 -9.713418535921913843e-02 5.778779528347336436e-01 -6.142039796439348720e+00 4.693606971682751094e+00 1.944013401427202581e+01 2.034533120714576739e+02
1.727140006673431069e-04 -1.811506424148738233e+03 1.736260766173242098e-02 1.342232570678453529e-01 1.892074683584836770e+00 1.684706514193116504e+02 7.661482056295153553e-01 7.928446941128646230e-01 4.717593258637534426e+00 3.127398265147660616e-01 -7.277105551827500740e-02 5.369314635550217485e-01 -5.988124500657335147e+00 5.229697352607143301e+00 1.885686328825764235e+01 1.880367043201789272e+02
1.167992798828595415e-04 -1.811897604294911844e+03 5.599826035810823166e-02 1.181311203084203509e-01 1.787721102783173421e+00 1.758884770629589980e+02 6.551048107497162709e-01 8.299969203108632509e-01 4.707202251895353129e+00 2.722409130314935588e-01 -1.150376466881097848e-01 8.365436837744218979e-01 -8.596653382928764131e+00 4.795549720405745120e+00 1.883555909323542110e+01 1.804276421405343172e+02
1.155021407552569572e-04 -1.811908772135432855e+03 4.865969480913612255e-02 1.292254305490311006e-01 1.818428545836138888e+00 1.646938655716095354e+02 6.829037075229189568e-01 8.054465907371035627e-01 4.693699072907728365e+00 3.290118738078924299e-01 -1.139119020122330017e-01 7.394092694348376460e-01 -6.015059837977304369e+00 5.458135190328783359e+00 1.951618301820923307e+01 1.949416631969800164e+02
1.251608716012651216e-04 -1.811828461317227720e+03 3.111817459400237351e-02 1.427974952961702237e-01 1.853425413048920056e+00 1.461491200609835346e+02 7.225298257857418749e-01 7.727116853970115162e-01 4.685903744346161304e+00 2.956725976219773955e-01 -8.984555008637595819e-02 5.026051247272814715e-01 -7.859912425726321317e+00 5.347145089922733519e+00 1.906274508577432414e+01 1.952344775729708601e+02
1.610068955420812162e-04 -1.811576614006379259e+03 2.369216602734794397e-02 1.297176367131107899e-01 1.801693203680883038e+00 1.605824711806575351e+02 7.786641378340337649e-01 7.586511690390889129e-01 4.703767425413950320e+00 3.021706782927489066e-01 -1.229301623331742199e-01 5.126128977137308640e-01 -5.258140479628451658e+00 5.297426854099951399e+00 1.893264506466030284e+01 1.933796795908593253e+02
1.153366131499626552e-04 -1.811910206276198778e+03 3.957748639019606496e-02 1.354536716003579000e-01 1.848333001682069821e+00 1.676567630510912181e+02 7.449688278664714502e-01 7.504084961893702221e-01 4.695741925538120753e+00 3.240470180574002157e-01 -9.292769973404535477e-02 6.401591244079495313e-01 -5.152903898700515128e+00 4.729569247345577487e+00 1.968256576526772506e+01 1.891624111188017139e+02
1.528542320112606374e-04 -1.811628576464598154e+03 9.523456091786050570e-02 1.147521570985532702e-01 1.793346113733861991e+00 1.819524140519770867e+02 6.291664852379664774e-01 8.662484993358099405e-01 4.701892248176132050e+00 2.614744291686084132e-01 -7.517885984088867879e-02 8.728220967271844710e-01 -8.495989064677559099e+00 5.000385482015534677e+00 1.949896433756459402e+01 1.786661213199358542e+02
1.547071619560623252e-04 -1.811616527147620218e+03 7.046313120066169389e-02 1.281103821787311359e-01 1.800210889054934427e+00 1.515247960359768626e+02 6.743290606290487377e-01 8.263998087358597200e-01 4.702739585822005353e+00 3.153648907496260367e-01 -9.484194872056006531e-02 6.070335407070496236e-01 -6.326427746192791801e+00 5.203388965690058932e+00 1.974630313151482142e+01 1.895226768353592774e+02
1.204999159920330099e-04 -1.811866412144131573e+03 1.165695335401309152e-01 1.439841017692644332e-01 1.819981162491839832e+00 1.485072128002021259e+02 6.391229992248920189e-01 8.324767419441150285e-01 4.696854858564847746e+00 3.157666489398451848e-01 -9.030155642714721154e-02 6.831053533470610173e-01 -5.608839850439096608e+00 4.916565763977698289e+00 1.926444049059261587e+01 1.799287497498556263e+02
1.633589236582176770e-04 -1.811562111434277767e+03 7.550086035662068040e-02 1.449793399900002056e-01 1.787010144542134249e+00 1.570511144573991089e+02 6.746467770311342926e-01 7.963504634181690633e-01 4.700595538508582472e+00 2.869608213147027964e-01 -1.047824104540202583e-01 6.932047023318403944e-01 -8.519582238716623124e+00 4.798530771356390723e+00 1.922991397812723235e+01 1.830793254817126865e+02
1.327990069674390907e-04 -1.811769224440540938e+03 4.776481751168371037e-02 1.346977745196678289e-01 1.840313060889203101e+00 1.685961774330358764e+02 6.870798181010336902e-01 8.232220569238792862e-01 4.706413950730450324e+00 3.222003222932741107e-01 -9.301694706989716011e-02 7.256234024184682330e-01 -6.728043228553076460e+00 5.255098949496495031e+00 2.016650592298230293e+01 2.076187700348500869e+02
1.421565153189086105e-04 -1.811701132528742619e+03 6.716667214616411918e-02 1.491137970090116449e-01 1.851421640354969256e+00 1.564481622204482960e+02 6.666361814993019275e-01 8.082954641078199387e-01 4.687307656169155123e+00 3.298603371654693639e-01 -8.894253132746787749e-02 6.870647031287311357e-01 -8.009133431949919668e+00 5.970665811457664951e+00 1.945853377690120922e+01 1.842999670293596921e+02
1.820046293681366141e-04 -1.811454029077058522e+03 9.528076235910953873e-03 1.389508875620869277e-01 1.854282710393109213e+00 1.598494801325765309e+02 7.451812835228555087e-01 7.854798220264658237e-01 4.705142053600873453e+00 2.964529096418615506e-01 -1.025699955517092032e-01 5.231658254836023536e-01 -7.015262804281121589e+00 4.439371114873580382e+00 1.929317497954552607e+01 1.860201246850702432e+02
1.577283424084191012e-04 -1.811597186998500774e+03 1.327911550121586293e-01 1.345032990446033139e-01 1.739506100506489794e+00 1.650911580068134299e+02 5.815143888226531610e-01 8.638043532549317671e-01 4.686383933182704631e+00 2.938024623142789782e-01 -8.556374372177244503e-02 9.348937359362706756e-01 -6.453213266345500188e+00 5.282589733576315005e+00 1.891297337987107952e+01 1.733822880201926182e+02
1.334484297174176690e-04 -1.811764346090942581e+03 5.636264657083495111e-02 1.125128687081023149e-01 1.762756878985009656e+00 1.678585267003061858e+02 7.063969312676220413e-01 7.914367390608567643e-01 4.703700535484462542e+00 3.129336176689139215e-01 -1.117687831456299907e-01 7.176078808160901712e-01 -8.990035294021339496e+00 5.578032482099759548e+00 1.850108785068660211e+01 1.783650743643376870e+02
1.255407870879296571e-04 -1.811825430497412071e+03 6.162276351894321880e-02 1.271373074844300011e-01 1.865108993815395522e+00 1.644753843165475757e+02 6.598940449046477585e-01 8.392600463199835215e-01 4.700421284714433767e+00 2.891773977137732654e-01 -6.826296925747854516e-02 8.067549030159505419e-01 -7.107530385758906277e+00 5.424793041721831521e+00 1.908538182717944665e+01 1.839067694293688930e+02
1.309809859668552214e-04 -1.811783009032525115e+03 4.931688191233810081e-02 1.221769441866593364e-01 1.862639213959194073e+00 1.660545466359476734e+02 7.297239444266178099e-01 8.029603486357879127e-01 4.695962387316745534e+00 2.922508191146202527e-01 -8.176027901649707275e-02 6.499165378846921692e-01 -4.539676037226598737e+00 5.009348876871433376e+00 1.890174035890057525e+01 1.897240073259785049e+02
1.623138900496262345e-04 -1.811568529146481069e+03 8.000880480198205302e-02 1.217620414432118714e-01 1.812119910516531540e+00 1.719320463434938233e+02 7.282819899243024864e-01 7.785815290591586724e-01 4.688922006692952671e+00 3.380853282801119519e-01 -9.544918160687565489e-02 7.364934283365140999e-01 -6.994821031054385685e+00 5.424652552252107185e+00 1.980031150409477902e+01 1.922929677792685084e+02
1.473733108516542181e-04 -1.811665092302675021e+03 1.083122162681275646e-01 1.133056787566389112e-01 1.702022726085363757e+00 1.670355585867447701e+02 6.581427744695557136e-01 8.214650308950028901e-01 4.699965134867179373e+00 3.085834327624279450e-01 -1.095557707573195927e-01 8.328007155864323163e-01 -8.842031413404441764e+00 5.513805563486351424e+00 1.915454674371208554e+01 1.898674526428774243e+02
1.375467800875817171e-04 -1.811734097121836385e+03 6.729996004316787794e-02 1.353568658268285707e-01 1.830791631185175738e+00 1.646461781069103836e+02 7.144034461795892854e-01 7.669401483452258361e-01 4.692952998240670581e+00 3.296086509998985559e-01 -9.607733979436083871e-02 6.399298061702843876e-01 -6.198981735229978085e+00 5.727651427199109690e+00 1.900805238457403590e+01 2.036779474865042516e+02
1.307836174957046184e-04 -1.811784517017225426e+03 5.630285691113764979e-02 1.435041359569744490e-01 1.809818872527650058e+00 1.594854429549326085e+02 7.028078435063643825e-01 7.786593559483423466e-01 4.697800005356404185e+00 3.159377161363132736e-01 -1.025498515921188236e-01 6.082840278131357303e-01 -9.709340189646582076e+00 4.919598197944297091e+00 1.958463971604229670e+01 1.930592731075737447e+02
1.665061792028058008e-04 -1.811543028778839471e+03 -2.134262214596172047e-02 1.481087569140015769e-01 1.787017964822766203e+00 1.794183013138171532e+02 7.353576452842067734e-01 7.542786489443602527e-01 4.687361105909412018e+00 3.198275930196259331e-01 -1.413277632343277190e-01 6.277781124555041892e-01 -6.118589037444564838e+00 4.818514226048176141e+00 1.928383162340885448e+01 1.793257523226968715e+02
1.901334342299394308e-04 -1.811410335088806278e+03 -9.058652458656224482e-03 1.481530965724581483e-01 1.791680976665283254e+00 1.624538070198723858e+02 7.622495860753152330e-01 7.649680277792854088e-01 4.690173541006961599e+00 3.161568845516604664e-01 -1.292471212626691290e-01 5.719753914851196663e-01 -7.299880510811220802e+00 4.936984749531525551e+00 1.953275372307061630e+01 1.776371549009173521e+02
1.375149472503522788e-04 -1.811734328581426780e+03 7.564878743864883459e-02 1.484477957812297133e-01 1.757743112416251918e+00 1.626923757172645253e+02 6.948570436255222527e-01 8.226180458288272490e-01 4.712030248006472632e+00 3.133480294903956409e-01 -1.041719519251427251e-01 6.459055393676760293e-01 -7.937045321038880275e+00 5.296845298684016434e+00 1.895161799615774356e+01 2.047236915357737530e+02
1.304124809101068192e-04 -1.811787358842487265e+03 4.422437751869259803e-02 1.329704038864148175e-01 1.805507351854999776e+00 1.586717228999694385e+02 7.575839166413272929e-01 7.966624650202256408e-01 4.710590867790816816e+00 3.172676364333295584e-01 -1.099513826595948096e-01 6.286058027244453283e-01 -7.685976742635773462e+00 5.499567039175867755e+00 1.884390783855749518e+01 1.850202565246856921e+02
1.624814000143416561e-04 -1.811567497666132112e+03 2.848905511931215662e-02 1.428147192124959719e-01 1.826144677630145985e+00 1.619499838853129177e+02 7.313714708498635364e-01 7.784842499177426767e-01 4.700185071607663190e+00 2.719705997308912160e-01 -9.716763758567692477e-02 5.910673407519074773e-01 -6.958194051652384360e+00 5.586274068707597351e+00 1.918714762396034246e+01 1.790623208599402290e+02
1.339311157245526101e-04 -1.811760735593881691e+03 8.287612378526285073e-02 1.481401243124248757e-01 1.796652850260043621e+00 1.410113737604205824e+02 6.567904255899824628e-01 8.370974977885639046e-01 4.701628083384679968e+00 2.944862454551206987e-01 -8.533041764777360427e-02 5.923588021258922032e-01 -8.063470790936179355e+00 4.900329011512494226e+00 1.895768230177374747e+01 2.025580519720723203e+02
1.194650433424849107e-04 -1.811875037395653180e+03 5.809400800728670156e-04 1.403848336498841609e-01 1.735855245058844254e+00 1.782998034711037860e+02 7.214511206492012496e-01 7.720070488185502011e-01 4.682322831963888987e+00 2.971366931508245823e-01 -1.282948849755498610e-01 6.423546407917254397e-01 -9.617785651868189234e+00 5.409099721733756638e+00 1.901067260979694140e+01 1.823788305801420506e+02
1.630942823898671806e-04 -1.811563732746744108e+03 1.085319380151608393e-01 1.438292940693751409e-01 1.810129029100577824e+00 1.633915690147612167e+02 5.864899237002865195e-01 8.581355923020999033e-01 4.698815267719023581e+00 3.027863325627377922e-01 -8.693109775792073890e-02 9.062638163509295630e-01 -5.980992446600595258e+00 5.373336956338570225e+00 1.848645040639407355e+01 1.931993456455645060e+02
1.701476374109659102e-04 -1.811521394684380766e+03 7.554163766261631774e-02 1.448467760573524388e-01 1.769254322838999194e+00 1.638566966622011307e+02 6.806210573550186549e-01 7.961097653306177246e-01 4.690722588796909065e+00 3.201237939714924874e-01 -1.011549024726248192e-01 7.769658829384301635e-01 -8.792258400893956605e+00 5.790353062845698950e+00 1.909046241328482552e+01 2.119310538409828837e+02
1.183664098989080132e-04 -1.811884276217879233e+03 1.980536973405661039e-02 1.267700906860336485e-01 1.775945703113185559e+00 1.697844979811103485e+02 7.341289990674576549e-01 7.694622895896403580e-01 4.697763656970741941e+00 2.997322520125518253e-01 -1.381708818416709228e-01 6.804800379204493099e-01 -7.543983183117319413e+00 5.067962840289319537e+00 1.851084239306333146e+01 2.044819824152920376e+02
1.447931284011475645e-04 -1.811682755176868113e+03 3.961719746067135506e-02 1.490723163764193504e-01 1.890810934995012182e+00 1.627481513160572604e+02 7.427230635487019894e-01 7.962467954072143250e-01 4.702943001513036236e+00 3.217656233676877697e-01 -8.135409413787009214e-02 6.615361346842891788e-01 -5.081485354631098517e+00 4.517956565757708098e+00 1.893019892075176358e+01 1.908958398757833947e+02
1.478366940032521497e-04 -1.811661952954248136e+03 2.237823296243074411e-02 1.374670386169201397e-01 1.814760994044397613e+00 1.682043299764372932e+02 7.458045863751295856e-01 7.330894810845280940e-01 4.682280027134837930e+00 3.377042265146943389e-01 -1.086599913539769702e-01 5.485414385674177717e-01 -6.664491411375223606e+00 5.511720700448252686e+00 1.911679562965385060e+01 1.766414331672172580e+02
1.580578541318096268e-04 -1.811595100068504507e+03 3.415202950391968417e-02 1.407864192272468007e-01 1.880490422723532618e+00 1.512715959102666829e+02 7.401251553658165783e-01 8.001541823624198635e-01 4.706175125821511429e+00 2.942943135170681401e-01 -7.927600393258482647e-02 5.288270152689675818e-01 -6.120707368336127274e+00 4.956285041151087256e+00 1.956790381789241806e+01 2.030489292827227814e+02
1.533097244861045911e-04 -1.811625600981682965e+03 7.374617292341961727e-02 1.454018276392507747e-01 1.833182328179815634e+00 1.616113420642507208e+02 6.479684538132144400e-01 8.539232325739356533e-01 4.701338821301691340e+00 2.958439644272139457e-01 -8.464171308042445219e-02 7.294289659354685762e-01 -9.286337446084218072e+00 5.716877850696855390e+00 1.854546097274067762e+01 2.030863502310492663e+02
2.304506326122052055e-04 -1.811218024535620771e+03 6.983613611592714987e-02 1.485182282617427962e-01 1.814215409331100481e+00 1.401699660624480259e+02 7.176756964547738038e-01 7.877502718010618299e-01 4.699138708002008613e+00 3.093716366514525085e-01 -1.070029193484454133e-01 5.102376786890652216e-01 -7.530429749965406927e+00 5.239259405658280855e+00 1.933983884459578206e+01 1.860436469247247544e+02
1.665734098339056557e-04 -1.811542625087744455e+03 2.149080686472373825e-02 1.477092535659377537e-01 1.802568974329408213e+00 1.619083348547360686e+02 7.450616543259545033e-01 7.667186139094852582e-01 4.686894266615613702e+00 3.540415502841132156e-01 -1.205164852532976116e-01 5.817457880597948217e-01 -7.149815768565559893e+00 5.189077771879824219e+00 1.949804530633236865e+01 1.915319289306183350e+02
1.152989171240419999e-04 -1.811910533164481876e+03 8.532496087420940456e-02 1.216075977384229179e-01 1.820928822742530429e+00 1.680499496931487897e+02 6.648012542324228669e-01 8.738964196683505214e-01 4.719266330734194881e+00 2.791077727506514616e-01 -7.208532506825182651e-02 8.208964742500867162e-01 -9.287826703681332674e+00 5.331528132592633362e+00 1.949309102180685116e+01 1.860287989495185172e+02
1.422308461445910240e-04 -1.811700609785207234e+03 6.190424221401891192e-02 1.481995019200330888e-01 1.759930660483451703e+00 1.610730237677751688e+02 6.631431136649414970e-01 7.896425733014911241e-01 4.679821843190759445e+00 3.299442973339210550e-01 -1.210893435373432414e-01 6.959323918689936939e-01 -1.052413894687305174e+01 5.148479403432659751e+00 1.941629757164908909e+01 1.930109328954104910e+02
1.238980197639979997e-04 -1.811838602393927431e+03 1.249462149944430278e-02 1.270841273407509464e-01 1.809522106890996795e+00 1.705933834387373622e+02 7.666516663176518032e-01 7.574620428751495105e-01 4.700090819610931447e+00 3.064277619037967249e-01 -1.080499530034086941e-01 5.803194349773828087e-01 -8.261349785511754362e+00 5.353600398258717696e+00 1.989411249358830247e+01 1.660532311676097379e+02
1.489011701114544668e-04 -1.811654778401870317e+03 -2.116681773242867770e-03 1.330479509731221921e-01 1.800557926279367393e+00 1.582140408954946622e+02 8.133820581711710407e-01 7.523910092685355266e-01 4.702143361620095163e+00 3.200195346968912613e-01 -1.277360606363437956e-01 4.435872396293946140e-01 -7.786566295781142344e+00 4.797162366896645658e+00 1.955896820636116118e+01 1.981436351678127608e+02
1.214507985858934424e-04 -1.811858551969044584e+03 1.107018874299605937e-01 1.300289645759269697e-01 1.760499561017142334e+00 1.570646203235409359e+02 6.069887826123375740e-01 8.644690570325910262e-01 4.710447022787105809e+00 2.800204605840288519e-01 -9.177645270499201757e-02 8.129425181810236989e-01 -8.103200525007451915e+00 4.916346545221106368e+00 1.937193891079058616e+01 1.920206474186085757e+02
1.154410474133642721e-04 -1.811909301212248693e+03 8.506945708618324220e-02 1.427844601266239632e-01 1.780370780078202486e+00 1.484058808374010709e+02 6.860095624311458584e-01 8.392601028449557798e-01 4.716174066746829041e+00 2.777347903554618913e-01 -9.183442014396492326e-02 6.217392129033147974e-01 -7.813926880648892848e+00 5.046733570123529411e+00 1.899712814715826070e+01 1.885396526326182993e+02
1.435118693748992211e-04 -1.811691643454707446e+03 1.219462260354696459e-01 1.355842533555468854e-01 1.735331994962220570e+00 1.564388948520627025e+02 6.145399015404154897e-01 8.563525064300860912e-01 4.699774735438214890e+00 2.842589481941075746e-01 -1.168040985016216560e-01 7.448855255085302662e-01 -9.282953584164857830e+00 5.108971454338306906e+00 1.960174154165683547e+01 1.875832501226141176e+02
1.658105751588243623e-04 -1.811547215176610734e+03 4.716590415214333420e-02 1.486520113930093479e-01 1.760412619463745720e+00 1.688799054902604553e+02 6.826678496480251823e-01 7.543578011524554316e-01 4.681223531423082562e+00 3.046983559111817730e-01 -1.343560933388303624e-01 7.395236201630652761e-01 -8.224910739433596518e+00 4.933983888055992750e+00 1.958998756350050030e+01 1.872649715053642581e+02
1.162198136824861420e-04 -1.811902577856399830e+03 7.805046152856809361e-02 1.473881985844966158e-01 1.794062903121565355e+00 1.618545831142261022e+02 6.365694765988622050e-01 8.761135881330046615e-01 4.714340552380782867e+00 2.574565212325381491e-01 -8.586187695696789746e-02 8.129624648979001389e-01 -5.597682913888291978e+00 4.923711716558032414e+00 1.898104694130719849e+01 1.777770484706188086e+02
1.669676414946829647e-04 -1.811540261169763198e+03 7.534165088067676375e-02 1.102013753514308469e-01 1.805967045703356533e+00 1.614162438268538722e+02 6.985826478657881644e-01 8.113946375410203693e-01 4.697265193387925031e+00 2.881383176801506352e-01 -8.614134025480169043e-02 6.999437546809521571e-01 -8.243324737525085766e+00 5.643380390291996562e+00 1.913791598009095907e+01 1.877353153091148101e+02
1.235315236837248231e-04 -1.811841564823904037e+03 4.938639585250303998e-02 1.493688033203926790e-01 1.803249110602911820e+00 1.703429863502779256e+02 7.409355167346768356e-01 7.805172737453096588e-01 4.689152566669937627e+00 3.571499677000300466e-01 -1.052489571986079397e-01 6.488418622470060182e-01 -6.603557237667359914e+00 4.769334679340708760e+00 1.908101980829235345e+01 1.912031811533458949e+02
1.947333179616547749e-04 -1.811386430177552029e+03 1.443770048388260119e-01 1.462033486230137902e-01 1.793544904971243525e+00 1.660659465004646904e+02 6.112759846087428839e-01 8.607474365254079718e-01 4.703753560998165106e+00 3.000499112950687497e-01 -8.821582567015284759e-02 8.737000647856651980e-01 -7.975907250301048634e+00 6.159531709941989952e+00 1.932386332154001352e+01 1.729803314923130699e+02
1.176652542064783829e-04 -1.811890217435618297e+03 1.312686951344429753e-01 1.407511269136298149e-01 1.730377134049523313e+00 1.631794279516614949e+02 6.253870623246639004e-01 8.170407955823539847e-01 4.679725593032364017e+00 3.000034949407417439e-01 -1.155147948892394361e-01 8.634024065005005966e-01 -8.791900322597257400e+00 5.382327728854163773e+00 1.971429052416218042e+01 1.674667035805927924e+02
1.806349865030324126e-04 -1.811461582853964046e+03 5.705032825699685173e-02 1.366270687486522972e-01 1.812468148365118381e+00 1.491151698188197656e+02 6.700536110900431330e-01 8.464091979537999855e-01 4.709735943063611430e+00 2.848524452605469826e-01 -9.170972182477754586e-02 5.771228759199455993e-01 -7.067964547975577716e+00 5.681295730886493089e+00 1.901750233603216600e+01 1.855805064606391852e+02
1.252853361904036585e-04 -1.811827467374452681e+03 1.989853060686583297e-02 1.317281221473001473e-01 1.849860935007286322e+00 1.626368517115912766e+02 7.852946989505683595e-01 7.674670180338847292e-01 4.708099117744699136e+00 3.259939933773450260e-01 -9.653897146645196159e-02 5.547916529078991132e-01 -7.699856007434505045e+00 5.012545515209021474e+00 1.991440667332289394e+01 1.861816146756001160e+02
1.190047522454481979e-04 -1.811878897772750634e+03 6.277615024376947961e-02 1.431268138523133782e-01 1.792504715203009802e+00 1.705940657167879806e+02 6.636131976818745448e-01 8.086921286732595693e-01 4.683095569257473834e+00 3.088995007884984823e-01 -7.964631496382734710e-02 7.939675834062579485e-01 -4.761702153281333949e+00 5.699663077854633109e+00 1.951400873529463098e+01 1.795434191724837376e+02
1.198018774434847462e-04 -1.811872221842860426e+03 -4.315706685939252329e-03 1.297304809577203566e-01 1.842718594793961273e+00 1.687228767566688816e+02 7.854352528886641149e-01 7.531912252629169302e-01 4.702188089267134607e+00 3.358430826519351875e-01 -1.162489193127917986e-01 5.708270191199705801e-01 -7.346973003063453689e+00 4.626801037110328529e+00 1.886781188779684726e+01 1.992558719182583218e+02
1.316269226701256357e-04 -1.811778089622372590e+03 8.600103375372100678e-02 1.466925166712343132e-01 1.789775597502057281e+00 1.642266165743892543e+02 6.740533866946181174e-01 7.967506759783102854e-01 4.683464690279242504e+00 2.938114759891701233e-01 -8.987129830055851087e-02 7.736993105453275898e-01 -8.613366789351772468e+00 5.318637836687845066e+00 1.832719976489427438e+01 1.690412129705813982e+02
1.304543026109193768e-04 -1.811787038206025954e+03 7.329445686424040929e-02 1.266120250735715824e-01 1.759436512764365190e+00 1.687125212970857149e+02 6.881679070026933687e-01 8.426955014294554847e-01 4.706760935331622875e+00 2.819541366037712216e-01 -1.004431885934327084e-01 7.770228732850893438e-01 -9.627658169876809779e+00 5.615212854028994727e+00 1.999310466785930629e+01 1.772621025540841515e+02
1.210725417930679518e-04 -1.811861671314992464e+03 -5.347169080372859984e-03 1.458189392185539057e-01 1.862802024644587995e+00 1.566554101087821778e+02 7.817926348625159338e-01 7.583914954484654025e-01 4.696601202630688476e+00 3.261397825897078828e-01 -9.380756390144862067e-02 5.294280018860347825e-01 -6.725758897809157588e+00 5.061030589812220981e+00 1.916112560030835965e+01 1.766045758805625496e+02
1.630124499611451162e-04 -1.811564234621880814e+03 6.991519835765402924e-02 1.494503302520417132e-01 1.766845534779835525e+00 1.611242260046240915e+02 6.730179019247134464e-01 8.346178652931806052e-01 4.700764870322888811e+00 2.804063782848071895e-01 -1.018982291100525295e-01 6.312334647907715812e-01 -5.137734331326697657e+00 5.439884417907991931e+00 1.883691709421764315e+01 1.834268149323501405e+02
1.251577614570425828e-04 -1.811828486166710036e+03 1.161053483759714455e-01 1.439379292605844352e-01 1.690191846475125992e+00 1.643792906037353703e+02 5.961642462274067134e-01 8.343391593679436724e-01 4.679992658177988929e+00 2.876134310354119261e-01 -1.261830314921352780e-01 8.145302303517961695e-01 -8.705813871268446746e+00 5.204296620651027716e+00 1.932487363375834377e+01 1.840755528353473665e+02
1.283480650082109438e-04 -1.811803315368597168e+03 1.319676709949341165e-02 1.459920952069860001e-01 1.842573196174517314e+00 1.572628833389203464e+02 7.741173439046280524e-01 7.327145681661306753e-01 4.680081979279794524e+00 3.238604506937126093e-01 -1.065321676605108792e-01 4.842336172725146826e-01 -7.059945835664620972e+00 4.502858153856315049e+00 1.906352446789161093e+01 2.005913310609515179e+02
1.245926824619980491e-04 -1.811833011323506071e+03 4.550853214653599599e-02 1.497808846245096415e-01 1.792861853312258447e+00 1.391995592695693631e+02 7.093412686529609879e-01 7.730491622305200039e-01 4.685281233815196344e+00 3.125460036735283609e-01 -1.227276272061961215e-01 4.881328471158647986e-01 -6.434309968509921873e+00 5.395256020185645873e+00 1.879354898031060372e+01 1.884784383844345541e+02
1.254892134436936049e-04 -1.811825841393678274e+03 3.889983634599489259e-02 1.471952912880241937e-01 1.803701122742357832e+00 1.628323882275349774e+02 6.801176260446080146e-01 8.460914887188903943e-01 4.710454552527201244e+00 3.158618979510732228e-01 -1.025970602853707447e-01 6.747355433322764773e-01 -7.024505189106918124e+00 5.575922755231332850e+00 1.852655988948914612e+01 1.787789977406131356e+02
1.306784204231130288e-04 -1.811785321700605891e+03 7.266293850061691928e-02 1.284116669355969409e-01 1.738635135101780804e+00 1.493938419679151082e+02 6.661883327271017619e-01 8.168383711227731325e-01 4.693500252666220618e+00 3.007409390605970678e-01 -1.141892214240645131e-01 6.070494745124471736e-01 -8.763137411887186090e+00 5.130124959953463737e+00 1.947399460823440265e+01 1.943397518056690956e+02
1.192622139786337460e-04 -1.811876736652076033e+03 7.749157140821003042e-02 1.435199521955085877e-01 1.826484325236171991e+00 1.420922954709763530e+02 6.532233453547187096e-01 8.358100175460234649e-01 4.704393811939274528e+00 2.957682034141819738e-01 -8.062996766276375737e-02 6.020807230399302101e-01 -4.976706376434890444e+00 5.157471576164529559e+00 1.908230128855104013e+01 1.905881622371989863e+02
1.505646838549695905e-04 -1.811643668414989861e+03 3.638167326738062091e-02 1.352303147730369026e-01 1.860483830268908179e+00 1.671346934763984393e+02 7.303504113744183623e-01 7.924740229302906780e-01 4.706700873661923801e+00 3.366560979799737563e-01 -8.555062350690523232e-02 6.032877882048215401e-01 -6.555885688103842313e+00 5.427155797822713623e+00 1.890819335006721502e+01 2.083402443729348477e+02
1.435314194415394625e-04 -1.811691507237854921e+03 1.469772632805763368e-01 1.418534934710377338e-01 1.771641767992506722e+00 1.494113535753200210e+02 5.914878268997978417e-01 8.867421708070235553e-01 4.704091646030494900e+00 3.025076731317177803e-01 -8.859931543240184837e-02 7.687045797316854889e-01 -9.328343957292787536e+00 5.306174299132604411e+00 1.938583363845869201e+01 1.765056138236075185e+02
1.177291359673955700e-04 -1.811889674671940384e+03 4.206489557812792546e-02 1.402670062106431692e-01 1.818864250655458648e+00 1.624494601750382117e+02 6.966711308014413850e-01 7.835511746910444053e-01 4.698963851507564016e+00 3.006145258954469046e-01 -1.004147198013041198e-01 6.037007010363084625e-01 -7.786456157964920521e+00 5.797813554141328929e+00 1.889727256409290490e+01 1.778716603791062880e+02
1.428523978983992136e-04 -1.811696249285236490e+03 8.204065058213963479e-02 1.392558918232245369e-01 1.756023959795929734e+00 1.516210748748676167e+02 6.921792223169125347e-01 8.042170577382310448e-01 4.695879624738742208e+00 3.175843539516574054e-01 -1.149015894998319798e-01 6.967380557497047100e-01 -9.308393571123275478e+00 4.921288219882358206e+00 1.890386876555882978e+01 1.749940524230922847e+02
1.303019248278362591e-04 -1.811788206943600699e+03 7.237342947083577616e-02 1.497646696361620566e-01 1.752799903633653678e+00 1.732261591881580500e+02 6.732323267587179139e-01 7.564571105919022376e-01 4.674462423150639978e+00 3.227593427226813638e-01 -1.265989537729863557e-01 7.681377665564937951e-01 -9.248572100477332469e+00 4.459641391735269522e+00 1.919226290833142556e+01 1.870887937612341148e+02
1.160092350877156044e-04 -1.811904391399137921e+03 1.062095874091049941e-01 1.405312945063355856e-01 1.774969982147482028e+00 1.584662246625861428e+02 6.052452395563520104e-01 8.276623398899489725e-01 4.686251960080354273e+00 3.126889254481217684e-01 -9.131010384644921984e-02 7.346569594893415101e-01 -7.552351156430717083e+00 5.482402943585706900e+00 1.971641097693554912e+01 1.983221828884033187e+02
1.480866519343590547e-04 -1.811660263611423488e+03 3.722349470680333394e-02 1.486140804284246386e-01 1.826529093544192683e+00 1.673158606399780410e+02 7.742842973375154703e-01 7.450450495675133844e-01 4.693201513628420862e+00 3.280180270583308300e-01 -1.079900248837277754e-01 5.848325924488129157e-01 -7.188160701049582713e+00 5.958390750258169000e+00 1.921868950529592723e+01 2.063153016106491577e+02
1.453730329002441530e-04 -1.811678758120363909e+03 3.333667454955502318e-02 1.259499030655879259e-01 1.833881151310606583e+00 1.645516715550775473e+02 7.439169985921095796e-01 7.954484957150278479e-01 4.700589579060427070e+00 3.079874013461407767e-01 -1.201107390375488748e-01 5.752264583334621983e-01 -5.871325590780514858e+00 5.617757789282640246e+00 1.912667678077406563e+01 1.965193303649038796e+02
1.162797958775571252e-04 -1.811902061879650319e+03 1.458863270845310034e-01 1.379289768903454172e-01 1.734600592595595181e+00 1.712056390631507838e+02 5.608201939645602874e-01 8.510495911117492707e-01 4.673960513942716943e+00 3.184153484055536332e-01 -9.765907402545437321e-02 1.041767992967493672e+00 -9.502661783007368967e+00 5.328164295706927511e+00 1.932432097906167101e+01 1.708210012675694998e+02
1.199180661434416076e-04 -1.811871252472458309e+03 1.043919070988006681e-01 1.413776402335737148e-01 1.798375203461346494e+00 1.729620501450610561e+02 6.445452921296447313e-01 8.677728500215458052e-01 4.705386989357227989e+00 2.840316657937804745e-01 -8.968851072390826573e-02 9.126069250527409915e-01 -1.121595103993149678e+01 5.505264522573161123e+00 1.982905896024722381e+01 1.977440277772247725e+02
1.158611224301392086e-04 -1.811905668946464857e+03 2.696775398122766565e-02 1.486245877929784631e-01 1.878393863188788870e+00 1.703033686428074986e+02 6.926318915076321581e-01 8.154870093189903191e-01 4.700485292948463290e+00 2.920804513176680217e-01 -7.615808881293739674e-02 7.401222190920397903e-01 -2.773288107914424927e+00 5.655126994687398323e+00 1.971049506754795999e+01 1.833922246788228847e+02
1.538718473402674275e-04 -1.811621941104052439e+03 9.158858125260116445e-02 1.349706731411043636e-01 1.789075720665778135e+00 1.992913147848924211e+02 6.223009603523477207e-01 8.616062987584527377e-01 4.711370480723579668e+00 2.750845713833676154e-01 -8.584694599801334647e-02 9.373123666151500499e-01 -8.289595820857073249e+00 5.150662748559131643e+00 2.043855406268901831e+01 1.884295915047466963e+02
1.250028938794100868e-04 -1.811829724311830887e+03 2.323141862906064059e-02 1.491282209189437047e-01 1.778432677056543731e+00 1.717694300144046906e+02 7.232911904023546779e-01 8.099276802153627663e-01 4.716676999615124544e+00 3.235939387224162633e-01 -1.115188853837714156e-01 7.357960844058554217e-01 -7.698673070584305833e+00 5.282470061238497827e+00 1.962513597462489656e+01 1.881388851078357050e+02
1.338618934182734014e-04 -1.811761252577562800e+03 1.351772902238577434e-01 1.320627552891473766e-01 1.702872114265587378e+00 1.734231120558246744e+02 6.104760494958471062e-01 8.954724726908551702e-01 4.710659031744264702e+00 2.836841938697554077e-01 -9.379049894096480600e-02 9.229438940092472565e-01 -9.461865104356746770e+00 5.738217771651510368e+00 1.953049701754871847e+01 1.794895368576521264e+02
1.598798429537906236e-04 -1.811583638648333363e+03 3.240254804405331979e-02 1.379834355407823232e-01 1.808862873923405168e+00 1.519765677667194268e+02 7.172778906721349879e-01 8.111287616771851727e-01 4.700427765540458047e+00 3.008979656996979557e-01 -1.021425208738129253e-01 5.768009411966232847e-01 -8.110200012628439481e+00 5.899344618659485562e+00 1.898100423858473107e+01 1.883801690985518178e+02
1.891987731811552089e-04 -1.811415263027547098e+03 5.374012414574347307e-02 1.364666452515163886e-01 1.853169234276607291e+00 1.684550162876481068e+02 7.303236052737874795e-01 7.722069457270686055e-01 4.696273518784991552e+00 2.976730234790008200e-01 -1.021942308291836632e-01 7.054605150933825897e-01 -8.161671914351160240e+00 5.738952213574011196e+00 1.889088108730785365e+01 1.964523894999603613e+02
1.589966268992923858e-04 -1.811589178212375145e+03 2.991130067003830439e-02 1.348778190107002006e-01 1.783662449314952880e+00 1.569666774371620477e+02 7.358244397754393207e-01 8.020456297348541597e-01 4.703439806146562319e+00 2.877399565923475233e-01 -1.138802052917062824e-01 6.434720308511533426e-01 -6.478650422298073863e+00 5.054801721549262439e+00 1.935920814743108309e+01 1.983291906150185184e+02
1.514554387803895103e-04 -1.811637769751679571e+03 5.009621303837280548e-03 1.343485403670501011e-01 1.862740750252972255e+00 1.639296691891040041e+02 7.916759675394698936e-01 7.497482203267802348e-01 4.693760568351152962e+00 3.356637279049923261e-01 -9.454864775617854988e-02 5.482378872052207086e-01 -7.054579627458991808e+00 5.579681814546155749e+00 1.977963475587063513e+01 1.877753656453529061e+02
1.701263177817392814e-04 -1.811521519992997128e+03 8.058594081015280075e-02 1.464696990721826297e-01 1.838555534271561598e+00 1.622326867830665265e+02 6.528970475605104795e-01 8.052129989710992142e-01 4.688936877505628154e+00 3.268389666012159189e-01 -9.173126444318757677e-02 8.115062081498746194e-01 -5.671580240155151387e+00 5.793221440266282940e+00 1.867353047359743101e+01 1.748465257210989421e+02
1.352284980897063482e-04 -1.811751095273816418e+03 9.703301120875126862e-02 1.370080342530005935e-01 1.826673788938001586e+00 1.668482966339380482e+02 6.634788821378756474e-01 7.987593377482125057e-01 4.687762067490485407e+00 3.171561648513570031e-01 -8.818588755630285547e-02 8.648486602837489601e-01 -6.761073231520782656e+00 5.487904780158925355e+00 2.009137377675929059e+01 1.901580888242110348e+02
1.535282169671264461e-04 -1.811624176825876702e+03 1.143137841321803239e-01 1.481638172743726389e-01 1.821859737710452620e+00 1.688772010009324731e+02 6.584525367607576563e-01 8.072774393056050268e-01 4.692240044223320972e+00 3.449079959850307464e-01 -9.717880700442771413e-02 8.615865982643792220e-01 -6.326887403876213511e+00 4.667988273962198065e+00 1.918421789166568914e+01 1.969711550885330098e+02
1.147319519349626968e-04 -1.811915462644942409e+03 3.594579002438386128e-02 1.461013683112767081e-01 1.788402196063711536e+00 1.646436533377920455e+02 7.573449586640758069e-01 7.777715507346136814e-01 4.697493407854788749e+00 3.270551118135802682e-01 -1.288300448422776689e-01 5.353635247426684618e-01 -9.552117446718455085e+00 5.584556028885634404e+00 1.940300719795273920e+01 1.854135407691825890e+02
1.319673707785004374e-04 -1.811775506498942832e+03 8.653846649062241214e-02 1.398024248572466710e-01 1.768451756710839540e+00 1.442860873075295274e+02 6.593161042665772742e-01 8.195659839959266169e-01 4.694031843079580213e+00 3.024242907269012459e-01 -1.018771256701036521e-01 6.563649959250859034e-01 -7.847696297893634210e+00 5.084141013777965235e+00 2.001407096248630779e+01 1.869574358519900841e+02
1.770450383494955862e-04 -1.811481657045742622e+03 5.960171136288888727e-02 1.273278549107448587e-01 1.808577982769026704e+00 1.579933737961847271e+02 7.035475907172666910e-01 7.806398818061726086e-01 4.691597996742267185e+00 3.259315825545592293e-01 -1.006432930438498907e-01 5.722186696267467232e-01 -6.118007820784072237e+00 4.979054464567367333e+00 1.899267560903250640e+01 1.835628585946729174e+02
1.277785171000426036e-04 -1.811807762769895817e+03 4.268984086122604160e-02 1.473370162875235756e-01 1.909017516738916065e+00 1.716482469707400753e+02 7.506108659622823254e-01 7.830767224378945013e-01 4.692871467479510450e+00 3.133365289757827910e-01 -8.740515520499192448e-02 6.065607718064282006e-01 -6.631973064019177855e+00 5.631945726031761801e+00 1.947299937100343925e+01 2.020560312466865867e+02
1.746495630445696551e-04 -1.811495279730542734e+03 2.257284705389683843e-02 1.322282742816111856e-01 1.808744180104624455e+00 1.557080475971088447e+02 7.947618828576118455e-01 7.438558686349441285e-01 4.688674781047062368e+00 3.234297450285772424e-01 -1.121684907646325335e-01 4.332611134206280079e-01 -7.703586535634940446e+00 5.253257130387156693e+00 1.972664352630071249e+01 1.852535387990352831e+02
1.584021806214195736e-04 -1.811592923954065554e+03 7.861477673626385276e-02 1.478880765622756777e-01 1.842562366682718888e+00 1.506630967437187110e+02 6.902518083228594836e-01 8.218956349793009597e-01 4.702903265856150483e+00 3.118077931137162029e-01 -9.228421163863975707e-02 5.761554273807897308e-01 -7.961544402502141793e+00 5.764537724058715895e+00 1.940229163718565530e+01 1.952440986611483424e+02
1.182094896268298635e-04 -1.811885602813660171e+03 1.855979350338737843e-02 1.403992236795252591e-01 1.833993239215785387e+00 1.667698360648254265e+02 7.564680653755126993e-01 7.672947433032906162e-01 4.685465510405420808e+00 3.078192773375230118e-01 -1.121087133424798488e-01 5.171052146098360502e-01 -4.787176836463032714e+00 5.090306881031736452e+00 1.966158761644653907e+01 2.010457306289368375e+02
1.159634344401815840e-04 -1.811904786278829761e+03 1.172904161205462481e-02 1.469438380513160836e-01 1.837386644913229006e+00 1.504558845861001828e+02 7.566416518091694243e-01 7.606136465230961541e-01 4.691073525180659232e+00 2.968382460371941090e-01 -8.962412996767721296e-02 4.891134210974544261e-01 -7.885942587154204375e+00 5.251323243231187377e+00 1.902978038661940019e+01 1.794931464778222221e+02
1.630251754255437121e-04 -1.811564156560556512e+03 5.306010414928835628e-02 1.467300992487125255e-01 1.777521019472586339e+00 1.695078898936355074e+02 6.624659129058444451e-01 7.704729858397447728e-01 4.674209982507723460e+00 3.439566042383344069e-01 -1.237635511376613540e-01 7.754613221635503484e-01 -6.143267561165032475e+00 5.313441034619614811e+00 1.965305214002000156e+01 1.934710587882162542e+02
1.225460590261356116e-04 -1.811849574248532917e+03 7.027483737915313222e-02 1.294935534270827138e-01 1.726362500513927145e+00 1.675298040159001687e+02 6.486972345881711899e-01 7.899368384317511094e-01 4.684274554343311081e+00 3.181423504192311125e-01 -1.237410867201766962e-01 7.945689260671197074e-01 -1.014123558174910045e+01 5.043300904666536688e+00 1.912975009870521248e+01 1.963385544018627513e+02
1.713946629726980405e-04 -1.811514092332070504e+03 6.849096118603181793e-03 1.481224816489688789e-01 1.812285383052988585e+00 1.565047699431018202e+02 7.850103623558943866e-01 7.454256967119277100e-01 4.685205317726059526e+00 3.206293006967131376e-01 -1.257729136091816358e-01 5.280227352440535205e-01 -8.018001159847784720e+00 5.337985086655838707e+00 1.868820679772453985e+01 1.960936492475186981e+02
1.963607597435485061e-04 -1.811378107621582103e+03 7.309067610083486155e-02 1.443733264448217313e-01 1.809888368408791415e+00 1.613965061351005659e+02 6.872280316739619588e-01 7.883504206796327907e-01 4.696214225358065875e+00 3.245927150357277302e-01 -9.524333926092110048e-02 7.286940661383976003e-01 -5.637445944777255136e+00 5.639294505931591317e+00 1.828061806231462327e+01 1.916864506975548466e+02
1.860186925792589780e-04 -1.811432214033498894e+03 9.285948133738566868e-02 1.383021299444431029e-01 1.817374769612065677e+00 1.448827115771222793e+02 6.550079071065841863e-01 8.158369694165639174e-01 4.691741387988416889e+00 3.117688843862376213e-01 -8.537954161289507127e-02 6.353770194987247155e-01 -6.418608852048919289e+00 5.544802824243855177e+00 1.901880943458811402e+01 1.807986374116779018e+02
1.373640012219275424e-04 -1.811735426854280604e+03 1.112314307424735194e-01 1.361784175932545249e-01 1.830257825659808546e+00 1.562058754184160136e+02 6.605554997915747961e-01 8.082672864429460979e-01 4.685878247457585744e+00 3.128376871130060799e-01 -8.431881785534089957e-02 7.495288775356530042e-01 -8.225781353311020894e+00 5.303544958411343657e+00 1.945645314765498313e+01 1.946383780903522336e+02
1.649549296395865362e-04 -1.811552388917012649e+03 -1.193167375058915014e-02 1.454895236442882711e-01 1.811017004686067189e+00 1.551759869867449595e+02 7.659215764070577137e-01 7.417961295878783279e-01 4.681974490087532637e+00 3.257204304499721204e-01 -1.292416780802720933e-01 4.737957762997441202e-01 -6.211646596954409461e+00 4.888551075331815099e+00 1.930891610871887565e+01 1.865375890839862052e+02
1.897503914921205186e-04 -1.811412351720427296e+03 1.159497332514607681e-01 1.497887811683306925e-01 1.802101067812524882e+00 1.642040920854530555e+02 5.911631578065650316e-01 8.667482785558273672e-01 4.699780627182531312e+00 2.920791495123247206e-01 -9.581341488483330338e-02 9.833660860701591844e-01 -7.820449252117157357e+00 5.829145752251574386e+00 1.925809133169797960e+01 1.996452519433823340e+02
1.210597651697670326e-04 -1.811861776849222679e+03 5.764088257020782979e-02 1.464485569121148079e-01 1.865782080486598105e+00 1.622533427788368101e+02 7.167709582837265003e-01 8.278552164397283697e-01 4.721832797588232822e+00 3.069491117133116287e-01 -7.279425410361639592e-02 6.272730342592925945e-01 -8.470474066196089780e+00 5.297614006067652426e+00 1.905852548909092548e+01 1.850585374585004388e+02
1.749213829247114990e-04 -1.811493724567345907e+03 9.194081186815966644e-02 1.372701913783350436e-01 1.782607049910172492e+00 1.615320086751057715e+02 6.728123755497151803e-01 8.257465532539338682e-01 4.698859931021830860e+00 3.075094826133606407e-01 -1.096673013256252993e-01 8.180867700438807510e-01 -1.009301387773808756e+01 5.718093718056760366e+00 1.875324994231086606e+01 1.874074232520346186e+02
1.322620637782444199e-04 -1.811773275913827092e+03 3.454357973714966556e-02 1.357489558248265171e-01 1.823660388534258381e+00 1.748996473741912610e+02 6.622428633391883590e-01 7.903064738364931063e-01 4.682729661395958587e+00 2.909035102869874656e-01 -1.108491942735305713e-01 7.385147090851942320e-01 -8.173266010285232142e+00 5.804519904293869992e+00 1.870633413574540782e+01 1.824376409027100863e+02
1.396015549026898451e-04 -1.811719268871362829e+03 5.292683421015528800e-02 1.304614191342409468e-01 1.851192687396440384e+00 1.577058909593802412e+02 6.927306461999049869e-01 7.974820394793848966e-01 4.691988880104315029e+00 2.988837323556536862e-01 -7.999155789820688867e-02 6.551265628283716724e-01 -7.379474003432875406e+00 4.670345741345394153e+00 1.938224178729797131e+01 1.757067225893591456e+02
1.664473458251683208e-04 -1.811543382181785091e+03 9.825083046635083028e-02 1.376907665513118773e-01 1.745337930030109952e+00 1.540930912478184496e+02 6.644562164809703075e-01 8.179000766705597503e-01 4.688803070781017546e+00 3.143747471747935229e-01 -1.098065039773068463e-01 7.464513556023140151e-01 -7.711726658534843182e+00 4.884152031938926442e+00 1.869626567860904842e+01 1.794388311860074623e+02
1.307961246783563970e-04 -1.811784421389157615e+03 8.428313526241318354e-02 1.303987257353230456e-01 1.784984763399925178e+00 1.538024411522444268e+02 6.341234893190227373e-01 8.036586902693887424e-01 4.682136394306114724e+00 2.976494497099198000e-01 -9.696849812620955689e-02 7.316097980292199932e-01 -7.614836373376562051e+00 5.183120124656270811e+00 1.896308836649907192e+01 1.972861866080926063e+02
1.386186879477268815e-04 -1.811726334288556245e+03 9.559317263701389011e-02 1.341341298819923866e-01 1.767222611367916585e+00 1.696376790446181531e+02 6.326720880591415463e-01 8.456808605242636112e-01 4.707599730139932603e+00 3.074903107903173005e-01 -1.161520231762818156e-01 8.545527042611752444e-01 -1.110030326294619840e+01 5.080605227950618641e+00 1.929996576358894345e+01 1.886160299604747763e+02
1.335337429308291850e-04 -1.811763706997961435e+03 4.544333378787548949e-02 1.497883837854308287e-01 1.806952358261184166e+00 1.526494139103467944e+02 6.624302294013607595e-01 8.302371485434207887e-01 4.698940508764339441e+00 2.962884446678211159e-01 -1.111114270234043744e-01 6.163095278293430068e-01 -5.887747946421427514e+00 5.499231163185736015e+00 1.855124648029537937e+01 1.757908563049661552e+02
1.381519397567465546e-04 -1.811729707107683225e+03 1.137311905526277311e-01 1.418558696638755057e-01 1.777752497311136715e+00 1.571471875243617262e+02 6.603770683424754484e-01 8.159536166730374518e-01 4.695684300609569206e+00 3.008605457752002721e-01 -1.146574789465684141e-01 7.476373613086529923e-01 -7.208805567749521970e+00 5.018750688382200842e+00 1.983151296697849375e+01 1.808486207881698817e+02
1.593021331687521219e-04 -1.811587258592184298e+03 8.509574765041530431e-02 1.405010836408251695e-01 1.761923423534644151e+00 1.640037679938649262e+02 6.394619234123307683e-01 8.252318206019899627e-01 4.699170221984582341e+00 3.008944750998769901e-01 -9.943327223518227953e-02 7.162205102419013647e-01 -9.349968664263371920e+00 5.538718013520349537e+00 1.855820594539703450e+01 2.023150077195401479e+02
1.206654615708737099e-04 -1.811865039263774406e+03 2.123679740921791126e-02 1.431256368885737429e-01 1.842014347162487908e+00 1.613925129197972410e+02 6.914887598336522112e-01 7.980408979575865924e-01 4.703533747897151507e+00 2.861091676359266422e-01 -1.037707592935608325e-01 6.599033349098167855e-01 -7.107865202038425423e+00 5.129134191657835906e+00 1.889386099484557846e+01 2.073636475623679019e+02
1.202167902908495283e-04 -1.811868764501274654e+03 2.079359327639973554e-02 1.494910681842594180e-01 1.854735805767573353e+00 1.702213637684713490e+02 7.174924421301486221e-01 7.771798936334144425e-01 4.694816250616515418e+00 2.919283764628355371e-01 -9.126794569906726551e-02 7.441822907863664405e-01 -8.590348654948712692e+00 4.798699609043888259e+00 1.915042663843124870e+01 1.717210057083008508e+02
1.441553467113089731e-04 -1.811687169685201070e+03 6.434100707473808245e-02 1.202176397480541337e-01 1.780126938898538569e+00 1.758830098038816629e+02 6.393151098627148921e-01 8.379761080333900658e-01 4.705986322425155244e+00 3.025995995720518472e-01 -1.048321749685232618e-01 8.235032576649722325e-01 -6.459748658546658362e+00 4.804052012580384279e+00 1.888424754725337351e+01 1.746610233376175643e+02
1.283734542864863710e-04 -1.811803117572335850e+03 9.101636454470637960e-02 1.302751172620350839e-01 1.758672057881852879e+00 1.760449855126608441e+02 6.389579951682189396e-01 8.512143812020036560e-01 4.707080100312215798e+00 2.710805815901020654e-01 -1.097909293117398377e-01 8.174131723680455597e-01 -8.127580609761764663e+00 5.548622001278702420e+00 1.795549563156073702e+01 1.982309484993541844e+02
1.861043322217774377e-04 -1.811431753757523893e+03 4.857006387701229277e-02 1.446521033752246332e-01 1.794413444468997199e+00 1.446184218426584209e+02 7.370460401425910080e-01 8.031218710165732855e-01 4.707282346978120202e+00 2.970201092577087199e-01 -9.784131617010549675e-02 5.055338638413581220e-01 -7.168047661313067920e+00 5.372358545099986671e+00 1.905983692249535366e+01 1.808919296825197591e+02
1.543370264784021224e-04 -1.811618922505103001e+03 7.974622666994615749e-02 1.488998029194766037e-01 1.847805126487267913e+00 1.466957666140011440e+02 6.496199675723128841e-01 8.421958198448515898e-01 4.711862683509711047e+00 3.052852847423539462e-01 -7.706691477735683193e-02 6.226992591114955955e-01 -6.928327957836017958e+00 5.416236014574749014e+00 1.911078894769136127e+01 1.818575859864222082e+02
1.648972218638166830e-04 -1.811552738817876389e+03 7.915189640927694503e-02 1.478097697901077645e-01 1.835375931843361563e+00 1.655001493065939542e+02 7.045489043221304648e-01 7.569685884252244090e-01 4.670861165445880481e+00 3.417172393700795840e-01 -8.351345937781706752e-02 6.650520971663256287e-01 -7.536072503824669866e+00 5.316036663707501830e+00 1.957993225012188887e+01 1.915567141891681899e+02
1.404968793146380479e-04 -1.811712875922657076e+03 5.286201116912836451e-02 1.363710021752705115e-01 1.808853458735169895e+00 1.622874627596983999e+02 7.493156366135107493e-01 7.711800960964183549e-01 4.695488523198861230e+00 2.952080817633560006e-01 -8.324317762919708485e-02 5.758608669379778888e-01 -7.056727383804627607e+00 5.687252234743644941e+00 1.915689056066571894e+01 1.874838266713407791e+02
1.767753143146525124e-04 -1.811483181684362535e+03 2.867362915445778593e-02 1.379702009296004117e-01 1.821028555249983860e+00 1.544562091518086220e+02 7.640035281482897567e-01 7.886886981581020528e-01 4.714655067423666246e+00 3.102254396815147253e-01 -1.034817972263732955e-01 5.084484353570685178e-01 -5.652397194651172185e+00 5.494225343948500040e+00 1.946863009109200959e+01 1.881603858639523423e+02
1.237656531672132057e-04 -1.811839671316210797e+03 5.433752333219060704e-02 1.486212571893975321e-01 1.863227926385851774e+00 1.519269960018668257e+02 7.393320612062738162e-01 7.699916270113302819e-01 4.687433070026675530e+00 3.250717879123095067e-01 -9.047124217821700398e-02 5.679261422015375871e-01 -8.681873262863120999e+00 5.209107450361738501e+00 1.975617280512886964e+01 1.958937432894413178e+02
1.168762026330014397e-04 -1.811896945922436544e+03 8.617876684455266778e-02 1.457855286428027808e-01 1.826379411178558954e+00 1.714563862818873474e+02 6.862234559250850463e-01 8.555337933009241613e-01 4.711072215294961119e+00 3.156812597878413396e-01 -1.061559374496110486e-01 7.826378707532299916e-01 -7.692299527665937831e+00 5.637018715623498544e+00 1.970279887109016670e+01 1.987453690307256977e+02
1.204302322250358156e-04 -1.811866990600331064e+03 8.793180670187367154e-02 1.466385084447850706e-01 1.862934181985386850e+00 1.589349774790722165e+02 6.579886670374871516e-01 8.218985969539838177e-01 4.701210219773784615e+00 2.907499328024008012e-01 -6.862135260186552621e-02 7.764806901572397502e-01 -7.240863061483139518e+00 5.213313943696062935e+00 1.849187178462330294e+01 1.969350523953154948e+02
1.536404263758861218e-04 -1.811623446221264658e+03 9.377550298937692430e-03 1.329765012978697813e-01 1.841387622940777291e+00 1.603148842294318683e+02 7.692145715736512512e-01 7.674208427118618392e-01 4.698349597674766009e+00 3.160781335003539638e-01 -1.159468337199620613e-01 5.540670568799510587e-01 -6.971389450527340159e+00 5.669324476437087590e+00 1.988944692297833683e+01 1.827345595393259430e+02
1.322963929843522354e-04 -1.811773016393063926e+03 7.464223160449770522e-02 1.415799927026271943e-01 1.835574863493140363e+00 1.632093406435984377e+02 6.618971699020962385e-01 8.456326153515392186e-01 4.705559228901110558e+00 2.607216574825641509e-01 -9.171117312288368240e-02 7.253153493223966075e-01 -8.713595731726258009e+00 5.564245147948065906e+00 1.876167791641203308e+01 1.948083922828808170e+02
2.188316686376144389e-04 -1.811269758401994295e+03 3.482953097949381682e-03 1.494364388330960691e-01 1.820299498215287137e+00 1.700295329626336809e+02 7.409641373717139601e-01 7.461722814249802660e-01 4.682020837065649310e+00 3.173707453967578029e-01 -1.112451715782536432e-01 6.129882017979670916e-01 -4.587861444113713105e+00 5.821890145103814085e+00 1.956749622175102488e+01 2.041488292782598251e+02
1.507475984241362656e-04 -1.811642454295271591e+03 3.142035993362926605e-02 1.336190125537807527e-01 1.854831161653683225e+00 1.516944822469093594e+02 7.583841464515760356e-01 7.781724405236585262e-01 4.696379958728208237e+00 2.900528399239397093e-01 -9.951866220561100818e-02 5.376926092728808726e-01 -7.454839134044561888e+00 5.121246250856859028e+00 1.924017596523197682e+01 1.843987461800162748e+02
1.199738473940657903e-04 -1.811870787419253247e+03 1.119458014427700265e-01 1.464722321088565982e-01 1.770150100086194556e+00 1.697427030131030676e+02 6.206219070695286888e-01 8.288896020574356704e-01 4.677600387333439969e+00 3.236518645096988500e-01 -8.714732569101535375e-02 9.061610431961787393e-01 -6.022318599938756734e+00 5.987235134051194230e+00 1.883294690454928499e+01 1.859606524382623149e+02
1.700139582758224902e-04 -1.811522180658716024e+03 1.103239492606672423e-02 1.258596680163730774e-01 1.810121874892197447e+00 1.668873608761655021e+02 7.804746044621821977e-01 7.744267643230975384e-01 4.710278068621977177e+00 2.913488079492927429e-01 -9.491279959474674399e-02 5.366227056916640370e-01 -7.740479529806350456e+00 4.624933539765563317e+00 1.960893298576793597e+01 1.827787724613947375e+02
1.571109099795208451e-04 -1.811601109210967934e+03 5.859052689875779429e-02 1.323238698900104648e-01 1.833478403073854679e+00 1.492093261946258735e+02 7.013939247702289936e-01 8.103315038196465814e-01 4.694380321417973789e+00 3.029500947539303102e-01 -8.913050492768759270e-02 5.890104108541637240e-01 -8.899077138147504229e+00 5.153008793933655518e+00 1.932968693606673583e+01 1.995149009497604311e+02
1.775388133649087705e-04 -1.811478871948044571e+03 1.838371389752124774e-03 1.392609357940929049e-01 1.835931406975522151e+00 1.774238528071579708e+02 7.357318391233517163e-01 7.649887756162985220e-01 4.696040386897030849e+00 3.445657578224856632e-01 -1.054013904954591574e-01 6.344257827658987825e-01 -7.874100465768719914e+00 5.418557866012196911e+00 1.991018247448761258e+01 1.841601919418730517e+02
1.339060112551322852e-04 -1.811760923054595423e+03 4.348401318334416121e-02 1.388579525095227918e-01 1.849516037964081150e+00 1.546326614247263365e+02 6.644512381414027224e-01 8.071570806092474015e-01 4.684867900048905298e+00 3.016433469418628999e-01 -8.630849620873215500e-02 6.638298771097161932e-01 -5.786548294826900474e+00 5.195508816657201656e+00 1.894742381286917876e+01 1.985224357400940960e+02
1.197387192619031815e-04 -1.811872749170452607e+03 9.353660449935535803e-02 1.405047291053977687e-01 1.773723876310137726e+00 1.475166859225049620e+02 6.405831120389550160e-01 8.519417227643646395e-01 4.700029103368935424e+00 2.911605913419179625e-01 -9.641561202734028058e-02 6.226311217714070034e-01 -5.616192925090160770e+00 5.570781704975602544e+00 1.904173113972396081e+01 1.828698045886268915e+02
1.667106690310239485e-04 -1.811541801410805874e+03 3.917989505647070936e-02 1.469655089298587403e-01 1.851505341277714933e+00 1.635450459885359464e+02 6.958778249907665581e-01 7.888893237681924298e-01 4.682064699642488392e+00 2.985643108297217907e-01 -9.427170721469968484e-02 6.646534054881449993e-01 -6.143645072060678558e+00 5.406781876641675311e+00 1.839802481275487622e+01 2.076561748270316912e+02
1.207494912162079739e-04 -1.811864343120907051e+03 5.147124358928756305e-02 1.453950200653590097e-01 1.820493388662556278e+00 1.705252211552195263e+02 6.522221455777561516e-01 8.338113094387811230e-01 4.708635590074628396e+00 2.837610980019948936e-01 -1.020649737580019423e-01 6.789707174747515728e-01 -6.038927323422967675e+00 5.352349046081616990e+00 1.883815259696664057e+01 2.014583961452930509e+02
1.236747880368534050e-04 -1.811840405756660402e+03 1.020776779204900231e-01 1.320950316914023259e-01 1.733048628909525490e+00 1.600322551850060790e+02 6.900939452134510210e-01 8.215303171544383609e-01 4.704716025183623529e+00 2.958074946297093444e-01 -1.103132091440892637e-01 6.958141338604457715e-01 -8.843166118090437067e+00 4.884381111259217256e+00 1.863557698885254155e+01 1.792805764251361609e+02
1.268612172601076948e-04 -1.811814967488438015e+03 5.017201963640952056e-02 1.486940844467203593e-01 1.773864075357764136e+00 1.510056351262377916e+02 7.213943336814757634e-01 7.849969943483072754e-01 4.691325532569292633e+00 2.799041003134021821e-01 -1.172167411838902495e-01 5.555475375248690728e-01 -5.908207132036665143e+00 5.514010199937691148e+00 1.924604705379340430e+01 1.874241738596823552e+02
1.274605333435145920e-04 -1.811810254425623953e+03 3.456295229152486770e-02 1.246510296213757252e-01 1.825920875814962763e+00 1.511721694249593781e+02 7.207698370686809186e-01 7.757383059344296061e-01 4.695697801008295258e+00 2.991022897065744868e-01 -9.125879692178617830e-02 5.449096278736650367e-01 -8.229100278530040669e+00 5.590730470272919916e+00 1.937207763715320752e+01 1.926863713488469330e+02
1.227017717284253754e-04 -1.811848304408773402e+03 6.424646048259985420e-02 1.473034619550349367e-01 1.764412875194635966e+00 1.634612291514918638e+02 6.146791511764906346e-01 8.674729996250485353e-01 4.697657145036847837e+00 2.715169102328565121e-01 -9.082491519105317934e-02 8.212623831733673052e-01 -7.786495009104015708e+00 5.399858987117589493e+00 1.878038337211129871e+01 1.897971364099771847e+02
1.391757358771552808e-04 -1.811722323778421469e+03 1.324114140028376241e-02 1.331574385060081689e-01 1.741774319445668517e+00 1.643392073611099136e+02 7.724153240409712406e-01 7.441213872485574754e-01 4.693120880727078337e+00 3.114256225225824348e-01 -1.327433546364722439e-01 5.833210175382099738e-01 -9.240658793460141851e+00 4.891800644713506507e+00 1.944388217683346198e+01 1.751380518337777232e+02
1.398423757073906479e-04 -1.811717545299383346e+03 8.006795384608303423e-02 1.489611427002159039e-01 1.776404998882457953e+00 1.494512429166244090e+02 6.734949444071205438e-01 8.177685340409122094e-01 4.710835543806346948e+00 2.961982437210393115e-01 -1.094210439673526380e-01 6.155542080035024677e-01 -8.027322582659934369e+00 4.965463491396260309e+00 1.895235252223759304e+01 1.910213164200056326e+02
1.241785145950398818e-04 -1.811836341035743771e+03 -3.181816831083705832e-03 1.487376258588222477e-01 1.811656157455651339e+00 1.684572355353166699e+02 7.373276720860525435e-01 7.832504578187149402e-01 4.697722471542282285e+00 2.774272605189058716e-01 -1.137611013941546290e-01 5.513766821354965098e-01 -7.538406823245878741e+00 5.098677092152725798e+00 1.919382900421129534e+01 2.083773762053220366e+02
1.177912860950024361e-04 -1.811889146903447909e+03 3.702094333884878297e-02 1.412865505323555870e-01 1.817442936807678322e+00 1.462316757924971569e+02 7.337378119049111636e-01 8.030457104916219890e-01 4.703516608393315757e+00 3.039609423463416338e-01 -1.081767946911194045e-01 5.248774757174387018e-01 -7.825882659632696914e+00 5.259427790760717869e+00 1.976880041788187015e+01 2.051304502920208108e+02
1.336638590249142821e-04 -1.811762733066283772e+03 1.473603634443631794e-01 1.484729978864075262e-01 1.739380868927787205e+00 1.547082467236084824e+02 6.202437674368517229e-01 8.386363067036533003e-01 4.686881271587710174e+00 3.085870398233008238e-01 -1.144033996338347237e-01 7.921598062706701748e-01 -8.637294743009931608e+00 5.565572967923926306e+00 1.867931550933599283e+01 1.850527786146045628e+02
1.388058084877999930e-04 -1.811724985304808570e+03 4.321786186019632714e-02 1.447458144437439309e-01 1.850299174771528499e+00 1.567241140561506541e+02 6.677325422619393436e-01 8.660851085473910693e-01 4.723776375432935382e+00 2.928492186080529081e-01 -8.366797778099699379e-02 6.698192314880122566e-01 -7.891909196382016489e+00 5.200430535227784645e+00 1.936226408727015524e+01 1.955206711768504704e+02
1.502030289475544619e-04 -1.811646073294678217e+03 3.385923756077077740e-02 1.477426666467010208e-01 1.882278157214333447e+00 1.528063979527530876e+02 6.923187347435872940e-01 8.226823252570878431e-01 4.698763594604878691e+00 3.074388575284643377e-01 -7.769080197292765888e-02 6.136635866660141714e-01 -6.077640396599491623e+00 5.209310189159488402e+00 1.899404534954241086e+01 1.753255594451207457e+02
1.260353134055354734e-04 -1.811821499067092645e+03 3.331674456410446683e-02 1.397214880228604128e-01 1.844750733134394416e+00 1.673152650554017100e+02 6.777027531324875120e-01 7.897530020114060800e-01 4.680888967454844618e+00 3.227263689334143315e-01 -8.958270473483498364e-02 7.380629275905795650e-01 -5.261162750756369633e+00 4.955711729135892085e+00 1.895542340278622007e+01 2.051918660423219762e+02
1.429476140656838661e-04 -1.811695582971962722e+03 1.478754320094744779e-01 1.487233851795209116e-01 1.740351976072549434e+00 1.802939687364705890e+02 5.798067332934919715e-01 8.052564359295262264e-01 4.669867338457748929e+00 3.100213194743179912e-01 -1.070932650503333416e-01 9.640088263040573757e-01 -9.223260802169619410e+00 5.378655185183878196e+00 1.972570079050428404e+01 1.772128677543911692e+02
1.422495185354397107e-04 -1.811700478511536403e+03 8.557032102402731266e-02 1.283486957878942347e-01 1.775896980095863498e+00 1.561798158434891093e+02 6.407948991391494431e-01 8.263886005953904323e-01 4.695032319823255307e+00 3.164950230998007097e-01 -9.395731743996238450e-02 7.154461703043436538e-01 -7.128793000851260331e+00 5.735453944168189544e+00 1.882534813732250711e+01 1.948022731296342727e+02
1.752961053406737891e-04 -1.811491584625329779e+03 8.607839716997608970e-02 1.472547085922370214e-01 1.764251740618251851e+00 1.469512520067431467e+02 6.704055949213928445e-01 8.221282851357747390e-01 4.703419968979448917e+00 3.073214185765413831e-01 -1.075521075954786188e-01 6.103738756081356076e-01 -1.012081704464637255e+01 5.511584522204349135e+00 1.929627410499723439e+01 1.932293960827639125e+02
1.793669505014658687e-04 -1.811468627489646678e+03 7.441599875424717569e-02 1.285177060175452246e-01 1.797369828726278485e+00 1.753797819557735522e+02 6.386739656594536685e-01 8.443830804459191430e-01 4.696938230384560597e+00 3.151639861415889143e-01 -9.589242047523582890e-02 7.715807978146649315e-01 -7.896500023125128109e+00 5.915575056171462620e+00 1.906973508745768342e+01 1.988413246898106479e+02
1.444452683757138948e-04 -1.811685160529663790e+03 4.451468428932103816e-02 1.361967370905930730e-01 1.789094497188212785e+00 1.707600023522419406e+02 7.371226443978675658e-01 8.076908715642185932e-01 4.716524450445627181e+00 3.103966929325929769e-01 -1.156464240431169799e-01 6.504986277285508267e-01 -1.008515452577248084e+01 5.438763574377558641e+00 1.984847452645022159e+01 1.827465941210315634e+02
1.536523856509809834e-04 -1.811623368384916830e+03 7.164440826658807770e-02 1.494168411993126167e-01 1.782852218384676668e+00 1.468821335004236914e+02 6.769516544710585393e-01 8.519415308465940750e-01 4.717350524335575557e+00 2.821031921049192981e-01 -1.061745243642535641e-01 5.897875283879536745e-01 -7.508857212405814607e+00 5.345609160021691508e+00 1.964162275253056222e+01 1.815004686219205894e+02
1.775662696954749238e-04 -1.811478717310265893e+03 6.058867761425620890e-02 1.410289125689901113e-01 1.880004326462626274e+00 1.608323491634987477e+02 7.189871406354633177e-01 7.802045521768481429e-01 4.695229922947937062e+00 3.310232144969980084e-01 -8.428095392690604371e-02 6.086320163660896565e-01 -8.316967643190366744e+00 5.578125098739006305e+00 1.905992698824610088e+01 1.878366185671240771e+02
1.171292055447816849e-04 -1.811894783553520938e+03 5.662435498322307414e-02 1.444906833884444797e-01 1.831402975980670256e+00 1.646205724270586757e+02 6.922316913470683009e-01 8.019994573776709768e-01 4.694883408208719189e+00 3.098796936945473757e-01 -9.173989882023914078e-02 6.756146761041932347e-01 -3.233758256557933919e+00 5.720516099475658756e+00 1.974173060290673831e+01 2.034918489115810019e+02
1.796498797626692231e-04 -1.811467051355627746e+03 2.876742341949206638e-02 1.320778872382210312e-01 1.870661218013511373e+00 1.748550494153959960e+02 7.240577996008061845e-01 7.831425400106606372e-01 4.691630938521818450e+00 3.458630507053457315e-01 -8.014864281101052867e-02 6.542363164504304551e-01 -5.214153158901041252e+00 5.028934101281801183e+00 1.880485042759327996e+01 2.011781533145773437e+02
1.475524460209778682e-04 -1.811663877521075392e+03 6.912976820715813209e-02 1.398024696591686766e-01 1.786074268317095814e+00 1.515336147735715144e+02 6.750826521140161907e-01 8.262665832957636347e-01 4.694874955878747258e+00 3.215236023758341055e-01 -1.114587484307447696e-01 6.821551288226059828e-01 -7.126522419339408998e+00 5.085845566928703931e+00 1.904185834164284685e+01 1.788858840441847065e+02
1.574491535807012331e-04 -1.811598958628165292e+03 8.294430589511819774e-03 1.387083993054164799e-01 1.791617981745736721e+00 1.597537289691279909e+02 7.908585321403041046e-01 7.643515197953882900e-01 4.705164685802833091e+00 3.184059827971414958e-01 -1.185609529178428545e-01 5.113008557104766760e-01 -9.368601224367751001e+00 5.442762573456660924e+00 1.958286269185716222e+01 1.853051170442210491e+02
1.268356098070705634e-04 -1.811815169362883353e+03 4.129610644042658318e-02 1.324071419007484540e-01 1.778508121043119061e+00 1.591624018610943949e+02 7.147685748690600915e-01 7.966609900769394681e-01 4.698046304246735971e+00 3.287083570903246432e-01 -1.284493530968442432e-01 6.289093052220644520e-01 -7.064666948689335868e+00 4.898711664390931197e+00 1.891660545860063181e+01 1.774032356848139784e+02
1.152889119092396060e-04 -1.811910619944559130e+03 1.301824589093281415e-01 1.413763223059900931e-01 1.775114026634676989e+00 1.661559820355255965e+02 5.879114056459191495e-01 8.790034207458243820e-01 4.700590468442650938e+00 2.571061833785397432e-01 -8.630412147254418187e-02 9.231698901780489575e-01 -5.281996380263450419e+00 5.638660755022617543e+00 1.927773376264174487e+01 1.906761440313097182e+02
1.175027725852961270e-04 -1.811891599270124061e+03 5.002685928249178682e-02 1.241985039550067282e-01 1.786836695792298535e+00 1.665643080896477954e+02 7.193414388355817701e-01 7.774297551252453697e-01 4.689058096039204315e+00 2.749940548301086363e-01 -9.394779057681956758e-02 6.666855792833425998e-01 -7.450350275349649110e+00 4.938482237082819637e+00 1.950391187798039638e+01 2.031616761946436611e+02
1.759736858279869348e-04 -1.811487726728381404e+03 2.257738052216506919e-02 1.288184041992554707e-01 1.852870808277851111e+00 1.746645661364112243e+02 6.783732883604749464e-01 8.281652337678091502e-01 4.698384348244154296e+00 2.845262623078790298e-01 -7.889416958594241969e-02 7.268740586382284041e-01 -7.149202279017117689e+00 5.109621750615467306e+00 2.003221252496656390e+01 1.875345155539768314e+02
1.535609663069640110e-04 -1.811623963537088002e+03 7.448199866984794859e-02 1.455161633235398655e-01 1.843110835284757165e+00 1.538733548506779130e+02 6.829084676564605161e-01 8.167698264577611944e-01 4.700271846418221600e+00 3.122731198151831311e-01 -9.963475190935611181e-02 5.944443445870531972e-01 -9.035657272559063813e+00 5.337417721054671382e+00 1.897204658660445276e+01 1.902135878896079646e+02
1.323210125657787084e-04 -1.811772830316252794e+03 2.264582201797721295e-02 1.455063903360725719e-01 1.813809583343696907e+00 1.655710299817994837e+02 7.275291947640856183e-01 7.992052273703431631e-01 4.711278485409019723e+00 2.888873875953852366e-01 -8.094281149853821411e-02 6.828590347099272595e-01 -7.771788342205610434e+00 5.422342752560704859e+00 1.949276427045077043e+01 1.890618029173840569e+02
1.425021248090834771e-04 -1.811698704289362013e+03 7.796611320200197426e-02 1.498314499961256596e-01 1.803325912064960512e+00 1.556653491420444766e+02 6.839382891228552586e-01 7.907771124976517019e-01 4.696795169669501391e+00 2.918257010779694571e-01 -1.021567492614698924e-01 7.127072365373443574e-01 -8.357323937066269082e+00 4.884433609270821819e+00 1.967712909714669678e+01 1.983283024876112393e+02
1.749452155499201704e-04 -1.811493588328989063e+03 5.531972372114030145e-03 1.478436796015913657e-01 1.814696191473571751e+00 1.766596321251330721e+02 7.308822572359984227e-01 7.812998317709871632e-01 4.704150269475412038e+00 3.134362579606670973e-01 -1.090540928074514859e-01 6.340228618256767978e-01 -8.860911294262308502e+00 4.753576816086679813e+00 1.851331881011519798e+01 1.754239557763070820e+02
1.322462347927473450e-04 -1.811773395599943569e+03 3.822018641639596259e-02 1.491907611294975011e-01 1.790194981729248624e+00 1.554627728989153468e+02 6.889906083456363017e-01 8.093600201989774590e-01 4.705480730258205568e+00 2.943985202654577638e-01 -1.029462208253648647e-01 6.888062747990046919e-01 -7.244484215165840624e+00 5.934529169829505513e+00 1.937033179963576401e+01 1.883496452672596035e+02
1.247775100667944533e-04 -1.811831528968002658e+03 3.656186240894088169e-02 1.371416563878779249e-01 1.853762057511688432e+00 1.703150308559502548e+02 6.911735797250920799e-01 8.206728310115909419e-01 4.698176209115119129e+00 2.743214441331458531e-01 -9.242434811484123713e-02 7.536418001476069550e-01 -9.269452108638290611e+00 5.593127234720163266e+00 1.978191122979744421e+01 1.866754689935006297e+02
1.543602772872426524e-04 -1.811618771866865472e+03 7.088123664551654324e-02 1.393816626204610054e-01 1.821526898204504974e+00 1.666074032061463015e+02 6.563728650743988480e-01 8.368036599219654814e-01 4.696191001116486241e+00 3.314908615240914624e-01 -7.586130660517298452e-02 7.576408045836967586e-01 -6.820410572140104932e+00 5.631789308530033011e+00 1.865847383002683557e+01 1.924127420022092565e+02
1.430012472728916921e-04 -1.811695207847490565e+03 5.696946355123522210e-03 1.240513870062426027e-01 1.844281136511008334e+00 1.546337134641011346e+02 7.448901896197438477e-01 7.922028268981373689e-01 4.708729603960778221e+00 3.160572399798926568e-01 -9.265359961529817667e-02 5.281051582243952991e-01 -6.575172508526264892e+00 4.836430984835882185e+00 1.922057935822507702e+01 1.875020351523291140e+02
1.369676067321813878e-04 -1.811738316749240767e+03 8.074621814733998204e-02 1.427717173170948428e-01 1.779010576086068163e+00 1.724976181247830596e+02 6.158521748561808229e-01 8.276008477111969075e-01 4.683881166581921107e+00 2.937273834281146634e-01 -8.752311391109857119e-02 9.651165885825306878e-01 -6.421642147152567759e+00 5.457647054916914264e+00 1.919719961630395133e+01 1.662080317668149689e+02
2.190474897525715784e-04 -1.811268772645406898e+03 8.487201916837802673e-02 1.459369526439972808e-01 1.802611732002929124e+00 1.395723792307240387e+02 6.869659775395805523e-01 8.149553533960913754e-01 4.702374362124909446e+00 3.160336715850533551e-01 -9.752071886089774821e-02 5.659646040598220740e-01 -8.700727984950844984e+00 5.014149839359660632e+00 1.939531166406960239e+01 1.846946066279597858e+02
1.567412342682662264e-04 -1.811603464943684685e+03 3.155428590681147449e-02 1.444956491125866938e-01 1.773742406737231825e+00 1.640457776158082197e+02 7.140299576488109423e-01 8.143287749536056719e-01 4.705980152611713763e+00 2.857548295518661519e-01 -1.275542492497923064e-01 6.303211981703591427e-01 -8.892221791448577051e+00 5.270848342643019713e+00 1.943880122914987041e+01 1.663841395958813791e+02
1.655609474747323049e-04 -1.811548721810188226e+03 5.564420534466341106e-02 1.369021674352859652e-01 1.853562261422320390e+00 1.608929395616308682e+02 7.336214778735137276e-01 7.759179923644887733e-01 4.684831482373436273e+00 3.046110485770239240e-01 -9.092569587811016874e-02 6.189298538154881513e-01 -5.967352290804655013e+00 5.218605175798418649e+00 1.868661212374433944e+01 2.028576244959765518e+02
1.511269288796756130e-04 -1.811639941127575185e+03 1.274084969507469356e-01 1.423378933828474968e-01 1.825305528440748226e+00 1.648358414271384902e+02 6.510515641103982176e-01 8.095548182706948648e-01 4.694300750115613319e+00 3.177936181514458003e-01 -7.753644184372388004e-02 8.500898637224026944e-01 -8.005344570227492795e+00 5.705506630938161905e+00 1.922423091348623814e+01 1.875724699558359987e+02
1.323856529527843982e-04 -1.811772341923652903e+03 4.812023635957235479e-02 1.283086279378033157e-01 1.784869386634201582e+00 1.653253115960176558e+02 6.638125530641483252e-01 8.024944393777446727e-01 4.688727757869575186e+00 2.762752781630788412e-01 -1.138666352029882312e-01 6.953237146880821840e-01 -5.718032188548392014e+00 5.326367854334046470e+00 1.965464179512066423e+01 1.958026106338190857e+02
1.883205553902490218e-04 -1.811419915607209305e+03 5.989306506341829373e-03 1.312686720566808296e-01 1.864644549723990963e+00 1.616050831463417978e+02 7.646098705141605167e-01 7.679060945623226164e-01 4.696614283369481058e+00 3.154750509995944974e-01 -9.247525157254932182e-02 5.102694430701679718e-01 -7.916122687683184722e+00 5.326542575374570987e+00 1.852350265274438357e+01 2.045193721500888557e+02
1.759252477115124693e-04 -1.811488002023997069e+03 1.659343053069947671e-02 1.364222275671491402e-01 1.826187546760436931e+00 1.682986713864629280e+02 7.348707074421785279e-01 8.073151851829860615e-01 4.711312975341429343e+00 2.917120368512000628e-01 -8.618695073762472347e-02 5.784812113357887808e-01 -6.101080787216204726e+00 4.709644634128040686e+00 1.844257550161243486e+01 1.917302261645992303e+02
1.145144143476728123e-04 -1.811917360495330286e+03 9.500665550987730246e-02 1.317468536442113203e-01 1.768749849591452872e+00 1.611611758181566643e+02 6.466253989983038464e-01 8.127601157302972723e-01 4.689711537875108860e+00 3.130631511401276157e-01 -1.002147612655504005e-01 7.926229332130274585e-01 -5.256198603205831432e+00 4.665536043760409868e+00 1.926402397568760705e+01 1.775869091952650933e+02
1.185648644951086626e-04 -1.811882601009377368e+03 3.164178769730846552e-02 1.199697677535758455e-01 1.817069184899679612e+00 1.646933763545778788e+02 7.314469481754604097e-01 7.755205760833545625e-01 4.697627266094746012e+00 3.149308970180768608e-01 -1.088746087692400444e-01 5.918923104944949776e-01 -5.825330325436766543e+00 5.749316404642268452e+00 1.923188940992415041e+01 2.075756188485175926e+02
1.164202289303817588e-04 -1.811900854891640847e+03 6.637584216768080414e-02 1.492597389285330867e-01 1.857962931087718594e+00 1.581685271366383461e+02 6.473296222035552772e-01 8.411275472592125713e-01 4.702236644112719688e+00 2.937102670234876811e-01 -8.127512334754682932e-02 7.318165627418398156e-01 -9.146026531127517956e+00 5.080370468015904528e+00 1.879574294654617717e+01 1.707734049188357517e+02
1.267930142625759739e-04 -1.811815505251981449e+03 8.782767587311329782e-02 1.484163269943064301e-01 1.783274452133323251e+00 1.565375967338752901e+02 6.745757421893667782e-01 7.999037435538280949e-01 4.689134701089198387e+00 3.432728339940578355e-01 -1.113680054339969416e-01 6.883334273038167472e-01 -7.607772258889696104e+00 5.623913276276537587e+00 1.954578939712659036e+01 2.054928291577661241e+02
1.875918987094129327e-04 -1.811423792348112556e+03 7.606165115492835582e-02 1.414694881407919935e-01 1.791003374394903425e+00 1.467488749795408012e+02 7.126779015133227757e-01 7.843343170381640306e-01 4.695922463293119797e+00 3.084562498940812691e-01 -1.071164261502590698e-01 5.443335888220075525e-01 -6.310766323845371062e+00 5.538436300142057789e+00 1.934056680549400653e+01 1.887971409087959671e+02
1.579787837764683666e-04 -1.811595600455785643e+03 5.938125310953876190e-02 1.489501325853205549e-01 1.776881370492529477e+00 1.691745953359644261e+02 6.683148303109365251e-01 8.539878831298286510e-01 4.715782207672948978e+00 3.111561118730996611e-01 -1.104309440397925890e-01 7.847756164378441035e-01 -1.052986734981396921e+01 5.260924645626330332e+00 1.856307239219889738e+01 1.812162342462653157e+02
1.365093717241689601e-04 -1.811741667930312360e+03 1.000934700601834593e-01 1.431584970012867719e-01 1.796041832639409641e+00 1.629717022295484412e+02 6.361901073174639487e-01 8.577702112362082243e-01 4.704439893626445546e+00 2.664405121698161238e-01 -8.100102245169504833e-02 8.150165886677166460e-01 -8.434168440392255661e+00 5.354359716035261840e+00 2.021190230322356030e+01 1.943312577022333585e+02
1.305026162990817332e-04 -1.811786667925069878e+03 3.793716942538002956e-02 1.373686267972143160e-01 1.807446572696601805e+00 1.623686473840622568e+02 7.522430019560075731e-01 7.818142510987347027e-01 4.695212938678077208e+00 2.848812943223826277e-01 -1.177602849053527301e-01 5.537587191641695217e-01 -8.737654153642267829e+00 5.568309486797762276e+00 1.867963298422603557e+01 1.839322400929862624e+02
1.196794353134562113e-04 -1.811873244403988792e+03 6.754528166158957347e-03 1.416399281610400129e-01 1.855669607325768133e+00 1.577003228667440737e+02 7.144793936283262425e-01 8.147428877424600646e-01 4.704579325526015765e+00 2.977814867973118673e-01 -1.007102898135658897e-01 6.116032315615300696e-01 -7.988491690811258650e+00 5.114907306319471658e+00 1.913133760187912813e+01 1.754752366808446311e+02
1.969284366904906487e-04 -1.811375220802689910e+03 8.005183606681232078e-02 1.391673901093964660e-01 1.704263739463054428e+00 1.750069992847389244e+02 6.834126300519082209e-01 7.867249332637114012e-01 4.684873742873806535e+00 3.004659058363887691e-01 -1.176942522081207976e-01 7.654706200432911389e-01 -7.637687237844176025e+00 5.951658040138751993e+00 1.884681677640575970e+01 1.963029544768518520e+02
1.352937460628496086e-04 -1.811750612888535215e+03 8.109760730314838351e-02 1.439181022285782319e-01 1.773055069751400481e+00 1.600158941961978485e+02 6.543622716143415730e-01 8.004803116705541122e-01 4.686432826216321956e+00 3.044461510176332819e-01 -9.440788516123443941e-02 7.973912431470465689e-01 -6.605177096381055435e+00 5.385675884744367536e+00 1.810942896751333109e+01 1.891166843589210487e+02
1.609630432906601432e-04 -1.811576886406043968e+03 1.966410140286720121e-02 1.474033684043238035e-01 1.844472304469159774e+00 1.688898204799381517e+02 7.167637480097260871e-01 7.724450317831319524e-01 4.683876044939794703e+00 2.991783963532428370e-01 -9.961883777606650447e-02 6.043336616845020881e-01 -7.225230936427152528e+00 4.791008647533900877e+00 1.824540097041571585e+01 1.932916775887268841e+02
1.524474276783210338e-04 -1.811631241399823921e+03 2.073179888258774861e-02 1.486005053752524618e-01 1.904155459479433432e+00 1.683766257459731150e+02 6.741328671849651233e-01 8.046444781406170144e-01 4.691250551606314545e+00 3.228999729029364829e-01 -8.660068317208313715e-02 7.519087347026410795e-01 -5.358397419373943649e+00 5.014825750133122817e+00 1.891348774959156032e+01 1.948021672352676603e+02
1.247634694870202897e-04 -1.811831641499257557e+03 4.847037095814371588e-02 1.466796796855302787e-01 1.821502225470418956e+00 1.586862379676215653e+02 7.328560722910981706e-01 8.280388402894929278e-01 4.719668444156074116e+00 3.186639966217368336e-01 -1.055422054564960632e-01 6.347911670062104106e-01 -7.054261411456508313e+00 5.165979036884871256e+00 1.914121748655772848e+01 2.022586954134797281e+02
1.864088367971126082e-04 -1.811430118891062875e+03 3.290950240300150043e-02 1.147898234854650423e-01 1.754753890887039702e+00 1.684866375988446521e+02 7.468915124462232047e-01 8.074179665251743909e-01 4.718769726068021697e+00 2.853653564909555129e-01 -1.068399853592831850e-01 6.573570586154039441e-01 -8.298075150211872142e+00 5.652149300316766656e+00 1.928041368889166307e+01 1.898725820930470150e+02
1.173848514161959143e-04 -1.811892603334765681e+03 7.625762244920797350e-02 1.320929726983727515e-01 1.870073445549823354e+00 1.743267487156124957e+02 6.401133393857995069e-01 8.559656051748110173e-01 4.699755262192100602e+00 2.875735505263139480e-01 -7.130380353554288675e-02 8.137846956782039953e-01 -7.602419591506333063e+00 5.158530218815293722e+00 1.914274268512117061e+01 1.688253194651883007e+02
1.358059055372513760e-04 -1.810842250296096154e+03 6.625796087404400847e-02 1.442707354246340057e-01 1.818660624720168428e+00 1.627549985005172459e+02 6.931303805899866610e-01 7.772197621457821448e-01 4.681204782417449195e+00 3.194012324388124657e-01 -1.049457536698428228e-01 6.354170630872211234e-01 -8.405088772657308027e+00 4.992591074755026170e+00 1.843225504898637723e+01 1.857585150158924705e+02
1.404285489524545699e-04 -1.810808778186256632e+03 1.077669893111453947e-01 1.430997767129393028e-01 1.728766478668668505e+00 1.687657584852617276e+02 5.985935127318096072e-01 8.792585858730712634e-01 4.712427759679287398e+00 2.934169657809577725e-01 -1.012985979657567981e-01 9.031735944398783245e-01 -8.457732416058036051e+00 5.056932297301308665e+00 1.986163356831882609e+01 1.825969512178343734e+02
1.261345802232314900e-04 -1.810916127563343252e+03 2.312707053268472923e-02 1.424400970610049943e-01 1.805069698205349127e+00 1.646144409914517439e+02 7.079817415741600506e-01 8.258620131239451378e-01 4.717945657442212948e+00 2.838432820832594849e-01 -8.915448295164618564e-02 6.651685685543045068e-01 -7.659269826817620697e+00 5.634243640642910833e+00 1.888996195575742831e+01 1.896365018806243086e+02
1.262789706927157818e-04 -1.810914983484630284e+03 4.067062537684618118e-02 1.336580079880006766e-01 1.802508912912684558e+00 1.581987418583913438e+02 7.268394125997353905e-01 7.818755294275738787e-01 4.689996691789050764e+00 3.013287175429044673e-01 -1.195870494289250630e-01 5.769879284677332798e-01 -4.903922960918919216e+00 5.489598668828588046e+00 1.917738283498315965e+01 1.929512564681945435e+02
1.579559702674273442e-04 -1.810691160672296746e+03 8.523807230908236887e-02 1.456294351070325510e-01 1.762817352921900671e+00 1.635689364031170783e+02 6.556070411880231541e-01 8.666555148902841399e-01 4.709605721781310095e+00 2.799276464118196639e-01 -1.115152604828950622e-01 7.805542871157388207e-01 -6.185510734183225168e+00 4.761545466923755576e+00 1.910179055276195470e+01 1.827123754754299512e+02
1.352303067818543328e-04 -1.810846497696218876e+03 6.421421105088168102e-02 1.498058142381731572e-01 1.763520348693027984e+00 1.511674083982439072e+02 7.005517967027801163e-01 7.649547536808880555e-01 4.681847941219466236e+00 3.153094818176416236e-01 -1.233171043932328459e-01 6.383763203961563271e-01 -7.547545036689882636e+00 5.316447024883319550e+00 1.864259478935503722e+01 1.819408352910050155e+02
1.201837817779974793e-04 -1.810964454911268831e+03 3.761482934621068752e-02 1.014571893157997506e-01 1.807194408342062353e+00 1.783703233245555566e+02 7.213050943505342483e-01 8.167640390414065976e-01 4.713903172719423829e+00 2.711461599849078752e-01 -9.478466272041807805e-02 6.543525675757306814e-01 -7.574705112002277474e+00 5.461425247102358327e+00 1.944198254012441396e+01 1.792105393650962242e+02
1.448417216451524259e-04 -1.810777835425936928e+03 2.025105383584857588e-02 1.362295093928408141e-01 1.812104018653412751e+00 1.750775994943302578e+02 7.210830332733429993e-01 8.144079670595600895e-01 4.709486921876739451e+00 3.120019698156331067e-01 -1.091855124605576322e-01 6.939003566366805931e-01 -1.043822593499669438e+01 4.848755523002568069e+00 1.936705989771392211e+01 1.878775862943593609e+02
1.505641711775948348e-04 -1.810739087617420637e+03 2.817592249050543396e-02 1.287740194175716335e-01 1.760084247224196652e+00 1.731003653752043761e+02 7.568313602035539045e-01 7.571553534947148556e-01 4.692247646321980881e+00 3.101987252111071403e-01 -1.455822405386855145e-01 6.081073166890841319e-01 -9.655293354905211345e+00 5.371218221863705011e+00 1.962167414650872743e+01 1.843330880996656447e+02
1.534786030705081333e-04 -1.810719915833661162e+03 2.497868091062671603e-02 1.384010803076331786e-01 1.822804006206109939e+00 1.622840045778335991e+02 7.424428833197722621e-01 7.792559429233629764e-01 4.692972325746829654e+00 3.433807042073597771e-01 -1.073110875786875695e-01 5.708014146975609604e-01 -8.111351607230005811e+00 5.317532413692149795e+00 1.906734155253986174e+01 1.872586391527077865e+02
1.345374120735870612e-04 -1.810851634680250299e+03 7.436568790573527821e-02 1.216035205253926665e-01 1.769504379808172878e+00 1.638904641738969303e+02 6.729424075977702424e-01 8.176932230653077838e-01 4.692752401081622615e+00 2.974065758166921647e-01 -1.027853146331096923e-01 7.511897765399687676e-01 -7.768934081645369361e+00 4.704703479546212819e+00 1.902140541102204097e+01 1.704662347178885682e+02
1.441113804467622993e-04 -1.810782890521371883e+03 1.050879404348957491e-01 1.445580300924005079e-01 1.753145696348137328e+00 1.621195604530036292e+02 6.758095585342118738e-01 8.208946300301465104e-01 4.701472320828784746e+00 3.128953213415919254e-01 -9.923172128294099892e-02 8.054602417302639816e-01 -7.793548987877301215e+00 4.795255726309899380e+00 1.866555363926891786e+01 1.878940590485053121e+02
1.162133495114802708e-04 -1.810998049275555786e+03 3.231381778763406376e-02 1.299637525462483956e-01 1.766827671618277584e+00 1.619052784107276182e+02 7.176537885661938843e-01 7.737922479909098428e-01 4.691472922002503765e+00 2.899593126363435580e-01 -1.284590110086296644e-01 6.224032703223477681e-01 -7.720348511743168274e+00 5.549849807470308427e+00 1.972053741954515971e+01 2.003648784930252020e+02
1.155774612386898146e-04 -1.811003536032049624e+03 6.686113517247035953e-02 1.476705799862596813e-01 1.802289914581913344e+00 1.707203910980523744e+02 6.754607339846677716e-01 7.808025315637134867e-01 4.688173868582564907e+00 3.272972488998420193e-01 -1.065056346523296504e-01 8.210253685037124383e-01 -7.379823674137668377e+00 6.216888396083142254e+00 1.925789664218990893e+01 2.024347442015845786e+02
1.199097625206971442e-04 -1.810966737516384910e+03 6.653207452137060995e-02 1.209357248857650668e-01 1.790015441975628896e+00 1.763238248034827222e+02 7.294899097243716657e-01 7.561044180481939492e-01 4.686203582157936864e+00 3.353644400087987254e-01 -1.080178860766647375e-01 6.871659516870006756e-01 -6.232735125775747065e+00 5.621487510716893787e+00 1.888146633493836646e+01 1.988878817647482435e+02
1.274005657950460482e-04 -1.810906140813075126e+03 8.520318777455518355e-02 1.458716422120408807e-01 1.834124759615524347e+00 1.536560429443016176e+02 6.896603645369443480e-01 7.908403637005230191e-01 4.689883281973599161e+00 3.203841513774923211e-01 -8.480004161911169902e-02 6.024240518949053325e-01 -6.454997659675598243e+00 5.418659986909157844e+00 1.891793355629422990e+01 1.772673033913540053e+02
1.421905442482468038e-04 -1.810796308978281104e+03 3.487312584891860689e-02 1.346189903588950465e-01 1.786332789978740898e+00 1.524239891215943601e+02 7.428102737709743053e-01 7.529398353624749962e-01 4.684941282326642309e+00 3.037822579631377362e-01 -1.198426486906898347e-01 5.050337614778037665e-01 -8.225970417990623673e+00 5.044586801401185205e+00 1.894407882089366169e+01 1.906755038738413646e+02
1.393749751588250791e-04 -1.810816309033313019e+03 1.088149386464616619e-01 1.481190778693094179e-01 1.799751175089131294e+00 1.417096637475927139e+02 6.194342518186715107e-01 8.530335586624369082e-01 4.696990768502539382e+00 3.004428586512650767e-01 -8.752841655840604140e-02 6.608026624949080441e-01 -6.870004264165771701e+00 5.082086941158081572e+00 1.956538116325656773e+01 1.906029281679567760e+02
1.490523431957881627e-04 -1.810749179456423462e+03 1.286713032682394731e-01 1.360654337519072998e-01 1.766443284863308705e+00 1.639197050143004901e+02 5.960842885731438834e-01 8.430955581625787509e-01 4.683912684872046484e+00 3.143422470867902607e-01 -9.877270411424188268e-02 8.950821649180716877e-01 -8.447027581383764527e+00 4.979495533388500483e+00 1.853802344728661211e+01 1.776655787723398987e+02
1.248011088611954080e-04 -1.810926755656293153e+03 1.681260435079484639e-02 1.344609065800687342e-01 1.806717967265456970e+00 1.704401046262468924e+02 7.271328742356767405e-01 7.810042900105778063e-01 4.693522116083645557e+00 3.081358725768219564e-01 -1.165849011978745686e-01 7.461899678368136835e-01 -7.833640763178237876e+00 5.279705808514445486e+00 1.897135810181338655e+01 2.103674025285793334e+02
1.622174992898367790e-04 -1.810664538974319157e+03 5.229283224198474911e-02 1.490895813694807226e-01 1.825788232213540141e+00 1.585083679394462308e+02 6.902817946130821447e-01 8.390226591202154527e-01 4.704639205940922331e+00 2.919546223576974242e-01 -9.597030590460531307e-02 5.865361605029210113e-01 -7.112841237848698484e+00 5.004423417353187631e+00 1.952085137175241414e+01 1.836481215369345534e+02
1.172760521547591423e-04 -1.810988946421432047e+03 5.206246430329627972e-02 1.467688599300847330e-01 1.810563801290146380e+00 1.626040291341178659e+02 6.837163544022888395e-01 7.868648940258922142e-01 4.685003307072703294e+00 3.159121344067583603e-01 -9.931779567107312801e-02 7.623155089625071046e-01 -9.923126549067177393e+00 5.407920287939460557e+00 1.902725588472387130e+01 2.074259038672074951e+02
1.302954416698210219e-04 -1.810883672497123371e+03 3.551069542671023149e-02 1.388326452386439425e-01 1.810522108266419572e+00 1.642885554830369870e+02 6.797326584413195816e-01 7.889835756803684763e-01 4.684677210103173728e+00 3.014516676762324376e-01 -1.088223578269924552e-01 6.829571743105233850e-01 -4.819704613458270615e+00 5.570132796020477173e+00 1.850338954758190368e+01 1.883700538260961821e+02
1.260277150908906000e-04 -1.810916975153492331e+03 6.634164813521431503e-02 1.459797124154741110e-01 1.833073147075538145e+00 1.738299233324746353e+02 6.553934601792554826e-01 8.092291379340186275e-01 4.685753209515979734e+00 3.206092067623771413e-01 -7.901475974174254624e-02 7.558364599569876718e-01 -6.380148036741559281e+00 6.050840152272085604e+00 1.889851272212272804e+01 1.709417457375573690e+02
1.333661765645245809e-04 -1.810860378444953767e+03 7.620354358085701385e-02 1.491421725355522587e-01 1.784118704087207519e+00 1.604341024352821137e+02 6.637345100189903091e-01 8.347557510674465941e-01 4.698684325364783199e+00 2.907458343619433450e-01 -9.872198071468796243e-02 7.075784852552704507e-01 -8.463437569038347874e+00 5.888582296940336747e+00 1.847149984133500311e+01 1.726150432879580592e+02
1.423206491758106614e-04 -1.810795394392566095e+03 8.859327406850481257e-02 1.350350869044855961e-01 1.760466194943996143e+00 1.806921197010833282e+02 6.860038767974810936e-01 8.073106764609918606e-01 4.685953579262687185e+00 2.755276124804599824e-01 -8.981195952585663278e-02 8.385965631709783041e-01 -6.674274141192370280e+00 5.457592434790381475e+00 1.922399881722780535e+01 1.731955824448043870e+02
1.316785478184983639e-04 -1.810873113288536615e+03 4.302679619636784469e-02 1.390048402198355848e-01 1.788959837817006182e+00 1.837119554129725714e+02 6.791634051165081898e-01 7.467940860554411753e-01 4.671871850763114509e+00 3.219569416619594282e-01 -1.212795437699916157e-01 7.905481422012228254e-01 -7.079270880145031697e+00 5.171123254744003361e+00 1.931038340862667368e+01 1.688539428190092337e+02
1.276575225838050742e-04 -1.810904125924017308e+03 5.550821713773568256e-02 1.374684419600632757e-01 1.813073695400656327e+00 1.555917140161010366e+02 6.964865496737161488e-01 7.970561741523354282e-01 4.702378097575383720e+00 2.934184747626487066e-01 -9.681572827310613860e-02 6.372689733020393543e-01 -7.677382193723957471e+00 4.922363334508017552e+00 1.858226155864617368e+01 2.009927634414163720e+02
1.148547715087642861e-04 -1.811009808523452193e+03 6.775959353751870307e-02 1.478698445347126078e-01 1.767091982812704742e+00 1.662170485100031385e+02 6.571139571634000420e-01 8.032522403863822102e-01 4.697394264894409588e+00 3.175885872312766978e-01 -1.298285225350905847e-01 8.338155338942944139e-01 -8.564863792722348990e+00 5.245045249931190590e+00 1.877716201314094491e+01 1.799147083300969143e+02
1.231273901641382772e-04 -1.810940257485490292e+03 7.348945002514750691e-02 1.443971272316930954e-01 1.834084649356943153e+00 1.528064363403621257e+02 6.984712447332767082e-01 8.048867231637144570e-01 4.688544943754385130e+00 3.146449666340151996e-01 -9.403171863986559131e-02 6.055489651785523897e-01 -6.539347482197342742e+00 5.436832270818814372e+00 1.972133902487293966e+01 1.872609702532732570e+02
1.275154036833167019e-04 -1.810905239826791103e+03 4.793627546220446956e-02 1.099128140089541128e-01 1.834178875886754767e+00 1.733775591987840130e+02 7.262480127147028508e-01 8.038865046307077655e-01 4.694191234824712566e+00 2.901497893961928476e-01 -8.523447264720762639e-02 6.843798454071513548e-01 -7.819840373682126256e+00 5.205387235021508019e+00 1.887306901811236415e+01 1.792011379598282872e+02
1.293934652105029862e-04 -1.810890619117194774e+03 4.524207414198738730e-02 1.193565310484373809e-01 1.799855949528039289e+00 1.817451500084363829e+02 7.004860131494238251e-01 7.596043562024583640e-01 4.683553956935078588e+00 3.232671858542472965e-01 -1.256584836429106566e-01 7.394140539823073066e-01 -7.324320311849419340e+00 5.016153657714794711e+00 1.955757146640846145e+01 1.897088774456847773e+02
1.308691752267472934e-04 -1.810879278835480363e+03 9.162270938912717155e-02 1.395416004844406144e-01 1.822447366798209956e+00 1.754623711425055035e+02 6.674028951672462684e-01 7.932291933701147713e-01 4.688089658901944290e+00 3.294570341096780819e-01 -9.776005194129400167e-02 7.705419182967269132e-01 -8.972760860515904824e+00 5.735021275322882417e+00 1.885384158455061154e+01 1.726306371619836852e+02
1.389330304732161469e-04 -1.810819484975421346e+03 4.999393021114548197e-02 1.349665530474818131e-01 1.842334424902746015e+00 1.787808660421415539e+02 7.009811862862128651e-01 7.898850213532659925e-01 4.682692162173990980e+00 2.788784564508128838e-01 -8.461402246646554381e-02 7.420622981251446815e-01 -8.847029791909790220e+00 5.546951032962654793e+00 1.875283151202744492e+01 1.883620087489181856e+02
1.230037425743336758e-04 -1.810941262214951621e+03 2.517340399941167539e-02 1.470825217028210730e-01 1.878906666900056699e+00 1.701984682662977661e+02 7.453597717736546446e-01 7.652489922658314292e-01 4.692167929071786148e+00 2.998349145701728613e-01 -8.684332457022669871e-02 6.532026367916974330e-01 -4.182380350967264349e+00 4.668371099279977621e+00 1.968574573062453936e+01 1.841144163467842816e+02
1.539729332479811955e-04 -1.810716700168458374e+03 7.049390820279188841e-02 1.408263155694964575e-01 1.731648556701264496e+00 1.814599144043619958e+02 7.019371798580822386e-01 7.875472006073627185e-01 4.688593006065932656e+00 3.164707928925580838e-01 -1.449676367588366155e-01 8.096844000813080422e-01 -1.002126267288213057e+01 5.471189385201080668e+00 1.991854924184821485e+01 1.765257409968083948e+02
1.457903758913177991e-04 -1.810771307188874744e+03 9.088062701923002584e-02 1.423597956880302273e-01 1.792965130061070944e+00 1.683167609342259539e+02 6.273950120972124900e-01 8.322051742826994669e-01 4.690875334438628030e+00 3.041585283099565995e-01 -1.059501778386851001e-01 7.867503313023176403e-01 -7.676328042102795735e+00 5.267467814102366752e+00 1.831545549250201788e+01 1.676231248426385321e+02
1.240060814658733182e-04 -1.810933146388812702e+03 6.682214135215919226e-02 1.470467808871691318e-01 1.853611032178707596e+00 1.497197691228008125e+02 6.424890745983155016e-01 8.364946965873059082e-01 4.693233275401828664e+00 2.902187546834757992e-01 -8.528816289379292925e-02 6.828000052012594967e-01 -6.732932192360522095e+00 5.335922639904011611e+00 1.896432437726025455e+01 1.894820659117434332e+02
1.241176526689064734e-04 -1.810932247069681125e+03 8.133048060033751248e-02 1.451194843855838357e-01 1.821283191950304747e+00 1.703964411386301379e+02 7.110175528881841345e-01 7.836469406449235731e-01 4.686845954517323776e+00 3.348539699946229131e-01 -1.055961813756634005e-01 7.265453017998787510e-01 -6.267875216534463334e+00 4.536905294742932249e+00 1.909892787039857609e+01 2.010841943091065218e+02
1.232464237278377078e-04 -1.810939291201199921e+03 6.986788411817970723e-02 1.433962122342179735e-01 1.799440388575941796e+00 1.655675388182741870e+02 6.816351270493464787e-01 7.965240693219597379e-01 4.700209319387093743e+00 3.002116206834197776e-01 -1.154008607510979001e-01 7.781259999954288631e-01 -6.725820068962008236e+00 5.036633445851368407e+00 1.940253579352446778e+01 1.688711455828967303e+02
1.393987398188916912e-04 -1.810816138539045824e+03 7.290403260436026378e-02 1.383536696150438339e-01 1.825478377808090080e+00 1.522204225995343450e+02 7.023312042340087435e-01 8.166874887149080386e-01 4.709957426197483699e+00 2.973239955567865689e-01 -9.548805728409992533e-02 6.385435466506200752e-01 -8.242547838596152587e+00 5.240431189455052596e+00 1.889010534881185777e+01 1.796430595389327891e+02
1.298649811463782697e-04 -1.810886981693131020e+03 -4.745992744362492743e-03 1.325234103395412089e-01 1.774716409317117716e+00 1.680360707189341554e+02 7.751985247019779202e-01 7.670480333821489971e-01 4.698482531471129597e+00 3.098037243412536945e-01 -1.297105185883045131e-01 5.762426485295499834e-01 -8.792448774646800302e+00 5.038038366123043232e+00 1.998128474722504677e+01 1.899531515155973409e+02
1.226136972305975708e-04 -1.810944438257108231e+03 4.458957397160245861e-02 1.335243467468216483e-01 1.781599903645161298e+00 1.645696522026307207e+02 6.726414840185958033e-01 7.827376429388674950e-01 4.679612262371803055e+00 3.167891643809397362e-01 -1.097296824790210401e-01 7.220299974806188015e-01 -7.072598407085195049e+00 5.262097809661248071e+00 1.883385297128970137e+01 1.706634378114959532e+02
1.380945065216964492e-04 -1.810825538716659139e+03 5.113340264135338153e-02 1.465974443329634280e-01 1.797193968022575028e+00 1.724162789616808880e+02 7.204642805904118985e-01 7.784468119651064555e-01 4.688042939912715035e+00 3.369156957103796035e-01 -1.014289039578271101e-01 7.758895534895906554e-01 -6.942272961740627579e+00 5.394284664865356405e+00 1.962547759606003694e+01 1.665270531202893665e+02
1.373574430005785826e-04 -1.810830890396191990e+03 1.080777454420166206e-01 1.245598312683695308e-01 1.717955239784942911e+00 1.681531689084243339e+02 6.320923092488769379e-01 8.597207677830904782e-01 4.703790751485556143e+00 2.935594752406789354e-01 -1.125779244310518568e-01 8.638112791937815338e-01 -7.060256121358946757e+00 5.082489263115386180e+00 1.885720394394718724e+01 1.698637905572718410e+02
1.371715453299826191e-04 -1.810832244699066450e+03 3.575801589198485120e-02 1.203814012974512571e-01 1.798757137583442578e+00 1.700945686601029365e+02 7.735033017764503249e-01 7.587722066337214688e-01 4.697472064114128543e+00 2.905676433877166787e-01 -1.065185824760099820e-01 6.303048176486523158e-01 -8.677696949313883579e+00 4.876132911444286400e+00 1.864971649561852729e+01 1.941170078902920579e+02
1.155633334990529496e-04 -1.811003658275634280e+03 2.745159414181003177e-02 1.373775122256079839e-01 1.840247373913118878e+00 1.716316717038430113e+02 7.295867282455927860e-01 7.283616151749019441e-01 4.670880438857219374e+00 3.234704536928192375e-01 -1.184878846755932358e-01 6.465124244532370890e-01 -5.725115332175221283e+00 5.298910053656680219e+00 1.907760308217088152e+01 1.916333733593111788e+02
1.548279664566788055e-04 -1.810711162390591653e+03 8.248034624817809912e-02 1.319828413576394632e-01 1.823696366970742666e+00 1.749424443854266542e+02 6.826253134498089237e-01 7.812541672881572197e-01 4.674086730113900856e+00 3.411465632457619801e-01 -8.996445424926968748e-02 8.126279299384913113e-01 -7.670227048168243300e+00 4.882637760330266197e+00 1.918797907601366148e+01 1.924548728422298325e+02
1.634004785291821415e-04 -1.810657272886297960e+03 7.839059720927318842e-02 1.384017817095179737e-01 1.759633572554805347e+00 1.914389475612828164e+02 6.366871885558835764e-01 8.406424800117526797e-01 4.688871744481912351e+00 3.098724620677626440e-01 -9.070793291054313201e-02 8.972472834346315596e-01 -9.313912361079729862e+00 4.720333602331039380e+00 1.898373322712798483e+01 1.878795383544740218e+02
1.260745774179799117e-04 -1.810916603381167988e+03 4.002846664807652166e-02 1.475171960913570224e-01 1.834048465472530864e+00 1.715584654174096784e+02 7.130651813403925399e-01 7.770027698819601536e-01 4.679728975049520123e+00 3.164766090002899546e-01 -9.578256168468923804e-02 7.667547370230338721e-01 -6.321029064560462984e+00 5.142527891865422696e+00 1.802762761469867314e+01 1.855693528523465545e+02
1.386186925133332110e-04 -1.810821750053014057e+03 1.534284874434393986e-02 1.399386350983806981e-01 1.878182337216777853e+00 1.610638915772790085e+02 7.462546790280776277e-01 7.705283346602171957e-01 4.696972433703814787e+00 3.209800741690902459e-01 -7.491683874161658707e-02 5.461040375370281863e-01 -7.816408935899232802e+00 5.302345944766528874e+00 1.895559102439470323e+01 1.878450265532127901e+02
1.516562492150204053e-04 -1.810731860555865296e+03 8.319251130357266377e-02 1.465614690019234334e-01 1.801724903815059342e+00 1.664839573812040783e+02 6.601642693774915083e-01 8.257716031785158339e-01 4.697607294862501170e+00 3.013190906753657750e-01 -1.076641575853811705e-01 7.544332417963200976e-01 -8.118960202340161914e+00 4.881742965263113909e+00 2.029705350183119705e+01 1.745948105191185107e+02
1.232649434860905960e-04 -1.810939140946398311e+03 7.475719672350253364e-02 1.492029744544171310e-01 1.831683996061345354e+00 1.545017555018656878e+02 6.363988151891961653e-01 8.222277375234356978e-01 4.689290864799582792e+00 3.013462576396046533e-01 -9.264064553732298535e-02 6.974201823645225229e-01 -5.167291901545439714e+00 4.969850341569825858e+00 1.851218754612304807e+01 1.905928880003875463e+02
1.190981150600591270e-04 -1.810973529347590556e+03 3.810580949199945944e-02 1.353694245419222730e-01 1.794778957513806006e+00 1.620298037176383446e+02 7.070140728451385081e-01 8.035884684647420784e-01 4.699926601485621802e+00 2.774379748014512703e-01 -1.072068384131381613e-01 5.932397198098436908e-01 -7.763524513924465964e+00 4.665772208790830433e+00 1.879344171531393926e+01 1.809585645544540284e+02
1.427564580819063508e-04 -1.810792336909278220e+03 9.286158793421764313e-02 1.484064389569002274e-01 1.839378813537739354e+00 1.585226763362294946e+02 6.679954385221216207e-01 8.455169061549350218e-01 4.708082899619570938e+00 3.105893023858343760e-01 -7.197204911746979406e-02 6.607935204332742174e-01 -5.577466677366345493e+00 4.912469065311064753e+00 1.943082703079246443e+01 1.913307863468798473e+02
1.258546234383068165e-04 -1.810918349538698067e+03 6.526006582594073846e-02 1.360372987946919243e-01 1.752171660731477232e+00 1.642528142100916568e+02 6.750484020630511672e-01 7.783596275075947979e-01 4.679102059714147721e+00 3.070369682170017711e-01 -1.200981186650491583e-01 6.759176051338972036e-01 -6.400170456878470304e+00 5.535598941465380562e+00 1.976083398666994384e+01 1.908113779900986060e+02
1.145494803305318633e-04 -1.811012470125022446e+03 3.114034012433825049e-02 1.405007707253323745e-01 1.872703451141330078e+00 1.726080498701544172e+02 7.282420474686940315e-01 8.267788060860039590e-01 4.711217623364657214e+00 2.993384611987170985e-01 -9.207057464221368726e-02 7.327625849657106727e-01 -7.142986145329558667e+00 4.758173939440779598e+00 1.898701799364099685e+01 1.744102336475789059e+02
1.203512412682184303e-04 -1.810963062519299001e+03 5.060680559113803212e-02 1.434127044769339110e-01 1.825367118395189614e+00 1.709208607506856197e+02 6.394680354074491202e-01 8.511096409491085701e-01 4.709724492602641810e+00 3.069299717951696760e-01 -9.855924991344089392e-02 7.282033965604218784e-01 -6.728606188966210766e+00 5.675179067053393034e+00 1.890733077441608856e+01 1.954870633547346586e+02
1.362796186087080418e-04 -1.810838768203091831e+03 5.708095346853339636e-02 1.483639808893235379e-01 1.887253287127189871e+00 1.663574468780233815e+02 6.667051172526164970e-01 8.445252927271307275e-01 4.706430390852314183e+00 2.875476051459187055e-01 -7.762871921185854340e-02 7.579631044265768836e-01 -7.925663985114795196e+00 5.022045342994663208e+00 1.989641348967541390e+01 1.837373851323345093e+02
1.299168145267808700e-04 -1.810886582639910557e+03 8.602413826836888266e-02 1.413050803788983012e-01 1.784804861383108232e+00 1.606150367280871762e+02 6.365428386274490924e-01 8.125867707124796446e-01 4.680555104006153044e+00 3.135315466638213255e-01 -9.767623184171814188e-02 7.711481812427144478e-01 -1.000607550288265202e+01 5.113394904109558325e+00 1.973403024375297576e+01 1.872235487162627976e+02
1.324384959458446351e-04 -1.810867358641174860e+03 1.511326126516868151e-02 1.427204331081319000e-01 1.891793771033842830e+00 1.756020556752032746e+02 7.941909408253716718e-01 7.791287338090331360e-01 4.710330948281873376e+00 3.186657650404547404e-01 -1.075777253353920049e-01 5.894666343659936691e-01 -5.310254482817498456e+00 5.110986605110778846e+00 1.920566000522527617e+01 1.856743289231613687e+02
1.179427030492714591e-04 -1.810983278058134147e+03 1.314543886553052598e-01 1.454853016138009936e-01 1.802816053151551579e+00 1.704775795457099150e+02 6.320310529391813814e-01 8.475833069194869118e-01 4.700486896556986594e+00 3.189147905678926254e-01 -1.003394340432994802e-01 8.794601796483724199e-01 -1.074369457452709753e+01 5.443933813217394224e+00 1.911827995392700785e+01 1.931974581031299465e+02
1.199985642758179103e-04 -1.810965997218952452e+03 6.599797732787643367e-02 1.457638966154788662e-01 1.828980606623876071e+00 1.500990090491841897e+02 6.877172416575764169e-01 8.232671064205832057e-01 4.709484012943636166e+00 2.989054730955076344e-01 -9.664455578847319650e-02 5.749153624315108679e-01 -5.377439626975672127e+00 5.287242275755721366e+00 1.861798464010211518e+01 1.862094452936344737e+02
1.512382196575686550e-04 -1.810734620789978635e+03 1.050867622355465547e-01 1.496107801154057670e-01 1.785817542653082235e+00 1.650896247175716098e+02 6.197208810438900040e-01 8.494764370249139329e-01 4.690699279365176722e+00 2.849731036106610826e-01 -8.810562782285891181e-02 9.231191839778708497e-01 -9.356656640685912407e+00 5.901810312165411965e+00 1.870470571219884448e+01 1.922484947906907280e+02
1.516297266627148583e-04 -1.810732035457143184e+03 6.998160401006542353e-02 1.462206864909022241e-01 1.756732084621392964e+00 1.617830838962110818e+02 6.964311770376331312e-01 8.215901110901995263e-01 4.705232383381075856e+00 2.896600705650631546e-01 -1.048993794654209388e-01 6.832287862172772286e-01 -9.353864436125689963e+00 5.881693975804958008e+00 1.919792787332264083e+01 1.779676015347446594e+02
1.228209757977978089e-04 -1.810942749183482874e+03 6.874074673075902808e-02 1.498425499204444067e-01 1.830074699990356102e+00 1.487504821662461438e+02 6.868192360458478252e-01 8.202966379561165144e-01 4.702844256783952126e+00 3.080896144302296413e-01 -9.160739987360866365e-02 6.246055969822265075e-01 -5.182500698118815308e+00 5.651842630688630464e+00 1.896803668691071465e+01 2.006276906850548016e+02
1.226648377322821747e-04 -1.810944021257696249e+03 8.917741653728236684e-02 1.452492379039751202e-01 1.869266001320992743e+00 1.788667677210492002e+02 6.258267597390139159e-01 8.660089536863084803e-01 4.703045928538570841e+00 2.697888389888478677e-01 -8.414311274819197273e-02 8.438336408450564097e-01 -5.924329226300187656e+00 5.673622707464076598e+00 1.965982899248608362e+01 1.859541126289761053e+02
1.214503401289261609e-04 -1.810953971541282954e+03 5.662665158017543554e-02 1.423100545417507468e-01 1.852683649365793883e+00 1.691362999804862852e+02 7.194764406425969705e-01 7.974452956387698688e-01 4.707183434364213603e+00 3.215807270249184668e-01 -7.665174794011275772e-02 7.197875178430228615e-01 -9.933613773898713362e+00 5.269343112319746503e+00 1.901968412587851276e+01 1.981372864395822830e+02
1.385524497747206527e-04 -1.810822228044621170e+03 4.776972629545037097e-02 1.383503038875794899e-01 1.733141085939476689e+00 1.634803278099654165e+02 7.430108776304349405e-01 7.654921364479185808e-01 4.690079703809199252e+00 3.062268898252935578e-01 -1.414370193797289676e-01 6.131674256295736036e-01 -8.127845335797871940e+00 5.651596024678906538e+00 1.926831910130943726e+01 1.784011976798920500e+02
1.157458649103178965e-04 -1.811002080029283434e+03 6.314197141260163848e-02 1.479658820359680271e-01 1.779010946221299960e+00 1.684105372605986588e+02 6.830693237567776466e-01 7.920927830204542719e-01 4.692804622069113307e+00 3.455226350151729964e-01 -9.433197760055689329e-02 7.800334617837378914e-01 -6.875581892835299413e+00 5.518323659085333510e+00 1.887699693849209837e+01 1.798648298298789427e+02
1.256175027156263566e-04 -1.810920235400137926e+03 5.149900344501509575e-02 1.465485601243866898e-01 1.835750739012770971e+00 1.527237900982564440e+02 7.095579995306590115e-01 7.815288659792749559e-01 4.701945085863654228e+00 3.087437777589250310e-01 -9.434118723803885942e-02 5.831619497851038281e-01 -5.871437699072032501e+00 5.001091304566274154e+00 1.904607908458055832e+01 1.964300277564029500e+02
1.373540996153209154e-04 -1.810830914737253352e+03 4.468348606445751714e-02 1.450605029978047911e-01 1.842377214759619797e+00 1.756648646618172052e+02 7.789789796077788431e-01 7.464673808837669622e-01 4.695204256755094008e+00 3.457475032785140012e-01 -1.007866641078360992e-01 5.916946479439717521e-01 -6.555234090462874974e+00 5.320764019663526412e+00 1.960472021093107031e+01 2.069994849031672288e+02
1.362003416336775145e-04 -1.810839350095258851e+03 6.520715064449872367e-03 1.321663151255401403e-01 1.781632148895923251e+00 1.723056257394942747e+02 7.956070628006685075e-01 7.721747736294488629e-01 4.704456078118264273e+00 2.980265425574293303e-01 -1.421756606977422344e-01 5.202429081330579574e-01 -8.125587868122124746e+00 5.462252442049564394e+00 1.940562937335810290e+01 1.836505549207134607e+02
1.273176159034610454e-04 -1.810906792120288173e+03 8.489016326451673256e-02 1.487084589237606946e-01 1.705993492156947511e+00 1.754170009249599218e+02 6.369261913968622402e-01 7.854274212866998450e-01 4.674110398703904323e+00 2.917469851849827656e-01 -1.240190263449485464e-01 8.830696046551248513e-01 -1.046127115992598533e+01 5.386533556722583604e+00 1.879131298053671273e+01 1.786566052517483172e+02
1.279952096029490891e-04 -1.810901484159052416e+03 6.155443857603939972e-02 1.362538764385550494e-01 1.790851653970501722e+00 1.622532344207626238e+02 7.560857665731717248e-01 7.848126206125483062e-01 4.704679193333014098e+00 3.058130929771363249e-01 -1.116121548068216285e-01 6.093632911822343123e-01 -8.991643447320853966e+00 5.488286580100920631e+00 1.895897237599242402e+01 1.971180101854198483e+02
1.225126238253565199e-04 -1.810945262920983851e+03 5.051497750487746186e-02 1.278542512602525993e-01 1.736701224669745969e+00 1.696944040167954597e+02 6.807884665178528527e-01 8.080969236288702007e-01 4.695773450365019031e+00 3.078942156396553553e-01 -1.221734768103406310e-01 6.934006853015007854e-01 -6.686806626778491136e+00 4.917973052010027324e+00 1.971463833670728150e+01 1.860834872334186230e+02
1.309246933577697537e-04 -1.810878854699253225e+03 7.157082931296521178e-02 1.395753596750517744e-01 1.724666440024465786e+00 1.667013011562022484e+02 6.380869147380073825e-01 8.427124437840376459e-01 4.697841325576924909e+00 2.727871618983084279e-01 -1.030421375543209006e-01 7.933198423951922651e-01 -1.043362937138331858e+01 5.319220129708202016e+00 1.925469698933301999e+01 1.899046579735446016e+02
1.430387639470727379e-04 -1.810790361327216488e+03 5.232376627096030353e-02 1.301998894976881538e-01 1.735772530092533295e+00 1.757800100703030068e+02 6.795253117860010628e-01 8.220487074341269462e-01 4.701516662407883906e+00 2.929983904663633343e-01 -1.185413020242580551e-01 8.791336719395841381e-01 -5.705169288548319173e+00 5.377245020233067940e+00 1.932569710904330407e+01 1.729754739041981964e+02
1.254331700159881755e-04 -1.810921703890389381e+03 2.388135120931283994e-02 1.456817745921504537e-01 1.814366032080974911e+00 1.768661528430746444e+02 6.636129439336975189e-01 8.273951166021178416e-01 4.699599428760446784e+00 2.960496786550437243e-01 -8.902905093294899430e-02 8.033758862224199548e-01 -9.682332510815456317e+00 5.226545747926691909e+00 1.846523547801548659e+01 1.945930146430381456e+02
1.345192627372025903e-04 -1.810851769591130505e+03 7.905999841252478455e-02 1.404157095362019436e-01 1.800443044689096439e+00 1.581225613389641467e+02 6.964892198570704629e-01 8.141169465664443994e-01 4.708044921875363720e+00 2.959575732311887641e-01 -9.047632888466816681e-02 6.654420116133337171e-01 -7.179031148824293496e+00 5.326471838033253192e+00 1.920852310218556980e+01 1.680654658319006387e+02
1.327127995892755951e-04 -1.810865289605526868e+03 8.133654226416264788e-02 1.491579865195484522e-01 1.804427244564533517e+00 1.588308263061620949e+02 6.358090858804961165e-01 8.141074078055947627e-01 4.683480208454797733e+00 3.122491916210128338e-01 -1.056820211933149345e-01 7.259220358909133086e-01 -8.022675583326531523e+00 6.085037922445968306e+00 1.918118085735520850e+01 1.838722254398380471e+02
1.147919638718474688e-04 -1.811010355516975778e+03 8.547181598927702795e-02 1.415840456986072471e-01 1.804412487148606026e+00 1.461694045851846226e+02 6.744342764940736146e-01 8.215256229947442979e-01 4.700586577703793623e+00 2.930209990125527408e-01 -9.371625134421646131e-02 6.666661513910366876e-01 -7.820963473787969633e+00 5.345574849050738209e+00 1.938576998120433714e+01 1.769026018306112462e+02
1.208678192246992337e-04 -1.810958779451906821e+03 1.003255549968676552e-01 1.378870234986292187e-01 1.785264675700969583e+00 1.591374414894555969e+02 6.147812641061878303e-01 8.549833837771201317e-01 4.702708593693071926e+00 2.956699735225869485e-01 -8.235757006658395163e-02 8.687431561015572790e-01 -7.519316634337599226e+00 5.141436280413969051e+00 1.968824420060422042e+01 1.845812227289992506e+02
1.210183905428789734e-04 -1.810957534475289322e+03 9.661997702422273071e-02 1.125555331655075098e-01 1.737937567363652569e+00 1.779515479151565387e+02 6.397166811490210270e-01 8.276407430099734786e-01 4.698396406628518207e+00 2.760659595409655775e-01 -9.635937607838140906e-02 8.578438386332576382e-01 -1.067830475341872898e+01 4.982921528861705696e+00 1.905920228198265676e+01 1.840900819880922938e+02
1.371870342529472528e-04 -1.810832131788998140e+03 1.067888482883545820e-01 1.374584441270669533e-01 1.710963274735329165e+00 1.822100603324591077e+02 5.954059596830787449e-01 8.445112328530464119e-01 4.689175336073457601e+00 2.682916612712993309e-01 -9.737987671461034722e-02 9.790219826640297329e-01 -1.070816619030964034e+01 5.664953757936075363e+00 1.961165446808854540e+01 1.836078143341131010e+02
1.157983481603239536e-04 -1.811001626696848916e+03 1.980137345789850789e-02 1.281146372830546387e-01 1.825081794644772160e+00 1.634350763805328484e+02 7.176381574606233160e-01 8.089583103553212862e-01 4.704033919039776634e+00 2.761167604250933660e-01 -9.906953750605262954e-02 5.881724659341451833e-01 -5.377122088691891122e+00 5.301541546699595209e+00 1.848132064719065681e+01 1.910297947629501323e+02
1.382198979743475215e-04 -1.810824631116771343e+03 1.187322749393842913e-01 1.440480458809988151e-01 1.775326229056743976e+00 1.720604762893246686e+02 5.835664276091417912e-01 8.920632480577732615e-01 4.716812188129434702e+00 2.783309666631474943e-01 -9.079846022472404243e-02 9.409210678948974893e-01 -6.396058335815695273e+00 4.807998543212899101e+00 1.874703298173152533e+01 1.831090682527666331e+02
1.222194890987480370e-04 -1.810947658478013864e+03 7.959186907150242463e-02 1.373892319888810054e-01 1.810174646419540956e+00 1.693041796061698108e+02 6.696385336168255709e-01 8.277352823678436611e-01 4.699073223609021355e+00 2.839274489181486949e-01 -7.680034714591310596e-02 7.570812192693631149e-01 -6.053019975809490916e+00 6.133957617418195341e+00 1.871726431267772739e+01 1.910160260913811214e+02
1.413997813385307466e-04 -1.810801885790237066e+03 6.016689052088558531e-02 1.336420747077154692e-01 1.800500642114003291e+00 1.641770293902122262e+02 6.980515716397107662e-01 8.288070832722778114e-01 4.713648230456124466e+00 2.851169717019015337e-01 -1.087218346556686477e-01 7.555484512347820925e-01 -8.760976891145929812e+00 5.626269496434632700e+00 1.930588619844053611e+01 2.002460393933995704e+02
1.474070990892672615e-04 -1.810760278856628247e+03 1.191485558972214254e-01 1.376477207941837755e-01 1.708591593979361001e+00 1.789082410433306904e+02 6.268939440524039508e-01 8.751788930839166092e-01 4.703716612661406060e+00 2.629654265738345931e-01 -1.117448962990246208e-01 9.549260642397825460e-01 -1.088500029561021165e+01 5.153468795023985471e+00 1.924184282020957681e+01 1.755544695977202423e+02
1.462576766630961395e-04 -1.810768107022556251e+03 1.671478293691094907e-02 1.423159746002773673e-01 1.807466124284188069e+00 1.611323243749230301e+02 7.015934098915419526e-01 7.902597557404387185e-01 4.687682786309675720e+00 3.046075877258764830e-01 -1.075392391914880008e-01 6.024583115996771099e-01 -7.055624195553235722e+00 5.017508701605555288e+00 1.990243511413236632e+01 1.951931423960701011e+02
1.186923615467051936e-04 -1.810976942048662067e+03 9.254935240547912390e-02 1.333768370221179167e-01 1.719704701660579538e+00 1.729783075635584169e+02 6.556092122025866109e-01 8.468705917645591441e-01 4.705017122605505087e+00 2.660155195661768612e-01 -1.229638867339444275e-01 8.841400623223714117e-01 -6.121186396069731472e+00 5.140803618012168563e+00 1.920014845231077061e+01 1.767909648736463168e+02
1.554788498265883504e-04 -1.810706967288903115e+03 5.356118472133447606e-02 1.359953161630008400e-01 1.845034588340162429e+00 1.625081974070567696e+02 7.018099627530018925e-01 8.155816990182045423e-01 4.705418501629343275e+00 3.224874649775901769e-01 -8.410268958105726611e-02 6.100233152051269814e-01 -7.483762564715760846e+00 5.085870923768553986e+00 1.859938920607373447e+01 1.927341916212094191e+02
1.277256762426948720e-04 -1.810903592187570894e+03 2.239364882012731539e-02 1.286099334449291864e-01 1.802209797002170433e+00 1.685870044850555018e+02 7.212382398339888256e-01 7.798359582704148529e-01 4.689763335737678673e+00 2.891905194344013275e-01 -1.202707285058441933e-01 6.440018667292910504e-01 -6.000509463185437653e+00 5.005723761747127298e+00 1.878864532108348584e+01 2.070993294233307438e+02
1.308867540308421393e-04 -1.810879144521012904e+03 4.598867175308893329e-02 1.493799408908485782e-01 1.811648526108776025e+00 1.581096556700885856e+02 6.956803710542566188e-01 7.997890504694060709e-01 4.689275243405704785e+00 2.962996770117698464e-01 -9.240031288218308880e-02 6.113238579897920522e-01 -7.455418712487329458e+00 5.789782818616306947e+00 1.846976294943003438e+01 1.907686995181050520e+02
1.685015497603438211e-04 -1.810626532050153855e+03 9.097330372602649429e-02 1.334983783243785804e-01 1.749752523992585296e+00 1.860957210624707727e+02 6.237146413504224274e-01 8.557701244217321701e-01 4.690607434219774774e+00 2.949268827678401816e-01 -1.071903978613635289e-01 9.282871088293244144e-01 -7.239692179251306925e+00 4.655218671346661452e+00 1.846193741464596627e+01 1.882024736423389868e+02
1.194771773872820090e-04 -1.810970351628369826e+03 4.635202841068328250e-02 1.419966637777691776e-01 1.836666706290745132e+00 1.585153692097088367e+02 7.257557956530501508e-01 8.254723327686059875e-01 4.716653205489801159e+00 2.812018669501561430e-01 -9.108985100374522581e-02 6.288288297248865177e-01 -7.713423610856864343e+00 4.678038557163866074e+00 1.937074830746709964e+01 1.889601645951152307e+02
1.157179226040416705e-04 -1.811002321469266008e+03 7.781321589630538216e-02 1.460010258139164685e-01 1.767595303061461287e+00 1.616414915554365450e+02 7.025675341439679977e-01 8.036238347144637473e-01 4.709243998975990664e+00 3.036418150116788617e-01 -1.173519603738992778e-01 7.070795296731159363e-01 -7.278273354268975481e+00 5.565305760202976515e+00 1.969156293535423430e+01 1.795572642238099093e+02
1.172329895565306081e-04 -1.810989313678902363e+03 9.672402830011608832e-02 1.352241176024775726e-01 1.792039774453438206e+00 1.666690696649318681e+02 6.506608084767491196e-01 8.184620429331670444e-01 4.687047647424741115e+00 3.056770869017908510e-01 -9.475067151471705529e-02 8.168480850958667050e-01 -5.250646282116605335e+00 4.725566915095957832e+00 1.860983577049435311e+01 1.925338072250337689e+02
1.542163862202789186e-04 -1.810715120275791378e+03 3.168195793123534942e-02 1.428945348399559834e-01 1.837003586099701380e+00 1.714562026472432024e+02 7.321976872448945350e-01 7.541122821648951202e-01 4.675596443141584402e+00 3.332836726809822459e-01 -1.128392690046204905e-01 6.936178179808205613e-01 -5.417945937889896868e+00 4.742682228591532656e+00 1.903533200454054963e+01 1.761489893522190187e+02
1.457002462216515110e-04 -1.810771925594172899e+03 2.439953257366997419e-02 1.356082021355927425e-01 1.804960046699871867e+00 1.665897218476294199e+02 7.353381897590275385e-01 7.693599614962058908e-01 4.697965198176269119e+00 3.091534423430803979e-01 -1.298653723773872670e-01 6.151697417985427796e-01 -7.482684226907792890e+00 5.191986137324522410e+00 1.993596854835089260e+01 2.008495940952790306e+02
1.166712506066083766e-04 -1.810994116841337473e+03 1.108567272526879421e-01 1.411436794771133429e-01 1.739124385006953766e+00 1.673822935543064716e+02 6.189871339476362699e-01 8.405232674681195615e-01 4.695459586369993943e+00 3.051395440965136707e-01 -1.122711852914974884e-01 9.018919330530091871e-01 -1.095783477438897080e+01 5.804521574784393678e+00 1.841026912187593467e+01 1.812458151876472527e+02
1.230504263049893928e-04 -1.810940882755977782e+03 7.836409044718048444e-02 1.423270403171636167e-01 1.853156386843417103e+00 1.647625182154198171e+02 6.382053072477253952e-01 8.383526227451443269e-01 4.701609382229101186e+00 3.296593850377640411e-01 -7.668063609739617092e-02 8.240660498307949000e-01 -6.877926553403511889e+00 5.452391597905781317e+00 1.896744068911737457e+01 1.990522346040424111e+02
1.204782039961680963e-04 -1.810962008140424587e+03 8.162933630747262748e-02 1.459831703671182479e-01 1.788063671204242588e+00 1.532364403335503482e+02 6.561634202586626996e-01 8.646851970500271101e-01 4.710110561090246506e+00 2.887058993034203880e-01 -8.872701035522201352e-02 6.426606910059283750e-01 -7.786851521245893082e+00 5.355275551668370326e+00 1.866140289665096930e+01 1.933030073531225526e+02
1.327336789365368512e-04 -1.810865132290595284e+03 4.368615226325592293e-02 1.375178686736743539e-01 1.819478485538610357e+00 1.538568554918630866e+02 7.216513185604901404e-01 8.309252861849814042e-01 4.717361385795754813e+00 2.901974200840515827e-01 -9.355717292781173811e-02 6.025512473223048060e-01 -8.339087234451284303e+00 5.177130847713762307e+00 1.911860362900319643e+01 2.003775585581862799e+02
1.548185287020182352e-04 -1.810711223348844442e+03 6.723883832347815614e-02 1.404825853293016624e-01 1.810869752737215954e+00 1.712266002504828180e+02 6.341524323677041330e-01 8.525694443243234666e-01 4.694170716954033651e+00 2.942558285678786856e-01 -1.065757770607334010e-01 7.929466342470289364e-01 -6.981170353212178270e+00 5.937216658568167382e+00 1.888421048104338240e+01 1.931556534253762152e+02
1.291068420542348862e-04 -1.810892836702750174e+03 9.120354043985104409e-02 1.453691476488744583e-01 1.786525719674973978e+00 1.487608796675588394e+02 6.346807871500738107e-01 8.235396097384262148e-01 4.683505724556640715e+00 2.863902674706406692e-01 -1.034494848601403838e-01 6.728613866736083970e-01 -7.791874341701998219e+00 5.313821244753103024e+00 1.940498003649604541e+01 1.837652797394404445e+02
1.352240269151512109e-04 -1.810846544135605654e+03 1.236697134751248150e-01 1.462196269180544295e-01 1.730725304862927416e+00 1.703971103769260651e+02 6.287339327241806552e-01 8.487475283621683797e-01 4.698396653048481753e+00 3.080750330552788352e-01 -1.043667751196557525e-01 8.448777314427301510e-01 -9.576762531783003851e+00 5.830471032090889238e+00 2.008678257301432879e+01 1.807059682765650450e+02
1.195873605982165211e-04 -1.810969429841979718e+03 6.642448791289651266e-02 1.484719407744870823e-01 1.827593245125196830e+00 1.615370908514726978e+02 6.793674099520371490e-01 7.926153218666045497e-01 4.687498071585935122e+00 3.338629877859558004e-01 -9.529749653035102241e-02 6.467829334319253887e-01 -7.520240606549265294e+00 4.892827567348545514e+00 1.842608934216949379e+01 1.996725641152233948e+02
1.428069661059712793e-04 -1.810791983166324371e+03 4.582033794418755024e-02 1.480628855498344054e-01 1.831626684464651156e+00 1.682952733024357030e+02 7.079324273489405739e-01 7.889928463448621088e-01 4.678121597967655809e+00 3.026032513861358630e-01 -9.914406376839646207e-02 6.931489809173053684e-01 -6.517597902789816544e+00 5.274204003357207959e+00 1.995976385155417887e+01 1.848606339869606074e+02
1.295440167823709219e-04 -1.810889456275973998e+03 5.607608442564424034e-02 1.465185417367392551e-01 1.805828436864418407e+00 1.728298048561628093e+02 7.336983950987127079e-01 8.041814694169298061e-01 4.707183364043090457e+00 3.148159026492538537e-01 -1.194863942746775543e-01 7.575294827357615945e-01 -6.411190959147091917e+00 4.507706412597789480e+00 1.893754830847838022e+01 1.938317971863421292e+02
1.352130773515868543e-04 -1.810846625112390257e+03 8.296304320513320230e-02 1.413669517984831592e-01 1.796145450134947197e+00 1.859877074738550959e+02 6.727902581837100771e-01 8.348038754246387416e-01 4.694931360355676375e+00 2.911568368590873312e-01 -1.131577131258416635e-01 8.152518955808050194e-01 -9.939249185694933431e+00 5.502495302670551425e+00 1.844228413799386956e+01 1.949337163921172191e+02
1.353762789679605072e-04 -1.810845418844424785e+03 8.507103234039678497e-02 1.250985909445559707e-01 1.797581913057030967e+00 1.663188612253823351e+02 6.751995554551386558e-01 8.311963828388355680e-01 4.707172204288646356e+00 2.997455651476446103e-01 -1.113440039402933124e-01 7.430229202054834392e-01 -7.022752062431777631e+00 5.106182746382637028e+00 1.847532562930276256e+01 1.837111242335793690e+02
1.427894460052047917e-04 -1.810792105857647130e+03 2.272538700098397646e-02 1.467626839698152053e-01 1.809418580329489323e+00 1.670283534821373337e+02 7.352085269537553813e-01 8.149398617220271479e-01 4.706868682602793896e+00 3.087414032077415715e-01 -9.966187133553772171e-02 6.106758783708295946e-01 -6.088905638204437309e+00 4.880356812014152723e+00 1.912659013021688992e+01 2.065157105411048519e+02
1.309121710444714835e-04 -1.810878950348987928e+03 8.261698801702588302e-02 1.359838740187219452e-01 1.817603307181901329e+00 1.701926318892404311e+02 6.324664542611667661e-01 8.339843248222955641e-01 4.691087981226043979e+00 2.808035485033120171e-01 -8.208236208653207910e-02 8.542938401671613668e-01 -5.768026844049501278e+00 4.900468239577127072e+00 1.996673920066671570e+01 1.811047434026494898e+02
1.186951966584871984e-04 -1.810976918162727998e+03 9.652622023710519250e-02 1.482208426704436921e-01 1.793064440301272100e+00 1.610828185009520439e+02 6.828952092828238785e-01 8.045121542585800256e-01 4.688766037197367176e+00 3.174339055258763587e-01 -9.198021593404348550e-02 7.150015112894614333e-01 -1.064170894326949224e+01 5.416904543324219112e+00 1.909663313598109013e+01 1.827540138203813740e+02
1.403634096784586217e-04 -1.810809242154494768e+03 1.286193760233256267e-02 1.347240540761600880e-01 1.812585442886763154e+00 1.688263987174469207e+02 7.753156862283940853e-01 7.639344687992402072e-01 4.701117954316498704e+00 2.963182575084075676e-01 -1.106502864640011019e-01 5.788539867336434108e-01 -9.806534570762522662e+00 5.466687197484221272e+00 1.928911514414055617e+01 2.059946845523577110e+02
1.263011882963015881e-04 -1.810914807559460769e+03 7.291429808582758354e-02 1.383639503690350658e-01 1.785854889341126572e+00 1.587825095984777306e+02 6.749801522120428832e-01 8.538630889047109651e-01 4.710474333165388217e+00 2.794462604458252120e-01 -9.534781866148200891e-02 7.778416850220750689e-01 -8.211510362420540332e+00 5.383378734651667052e+00 1.866094315589539221e+01 1.913493325282564683e+02
1.151460698634902761e-04 -1.811007275502192442e+03 4.710368315545776507e-02 1.483539327808991171e-01 1.822868363696788840e+00 1.544553791896486246e+02 6.765052435099876416e-01 8.092798283657753888e-01 4.697959311989965414e+00 3.126488692593130114e-01 -8.951537371767948059e-02 6.542509832459877384e-01 -5.564694496658461276e+00 4.939029059438770908e+00 1.999936745717045739e+01 1.935881477819455654e+02
1.199786540595200002e-04 -1.810966163153173056e+03 1.651748051194612543e-02 1.185665758908046874e-01 1.809921806887146545e+00 1.746507454353232163e+02 7.864252423596930219e-01 7.711387858894434011e-01 4.709670477428809399e+00 3.168138240965188146e-01 -9.067502188478115954e-02 5.836967077157538819e-01 -8.254369425313029751e+00 5.561614678934789779e+00 1.905107912166892348e+01 1.783441571285897567e+02
1.269266741590391377e-04 -1.810909867446404178e+03 1.016354491808763860e-01 1.351205244269141070e-01 1.722990851828053671e+00 1.623480123316042238e+02 6.128917205329668105e-01 8.237133702120593703e-01 4.689144934698723510e+00 2.766169696170257541e-01 -1.114504470792874180e-01 8.362356158820808405e-01 -9.228684990031581492e+00 5.545256378300833511e+00 1.924932652347066764e+01 1.802315633032536368e+02
1.361337944047853136e-04 -1.810839838812767312e+03 1.205551955918192364e-01 1.392075959157447473e-01 1.765962629553046170e+00 1.636051797061735442e+02 6.408452822207327815e-01 8.532133057946065247e-01 4.708502767958581359e+00 2.846992407998973906e-01 -1.017788603982450191e-01 8.111152813294167929e-01 -6.499702542588494225e+00 5.675644672269331004e+00 1.843733546256842715e+01 1.818269210622677292e+02
1.371395976259749824e-04 -1.810832477629481218e+03 7.694929668110322973e-02 1.475449840915540600e-01 1.849283199871256222e+00 1.489284399366911771e+02 7.090152186789182576e-01 8.040205555979234031e-01 4.702646449778125515e+00 3.160778095396394871e-01 -8.531822730072091687e-02 6.414948364909353051e-01 -6.608767930141567604e+00 5.110439420236034813e+00 1.909574563494809141e+01 1.920593520246525259e+02
1.214660676939628269e-04 -1.810953842051758556e+03 5.775176076544891179e-02 1.497489742606013252e-01 1.833801073794407266e+00 1.527105746795120638e+02 6.869330935788948711e-01 7.943824056561827884e-01 4.695002298244292049e+00 3.040836593602040949e-01 -9.422581593073786621e-02 6.947304031626413412e-01 -6.385103405176067781e+00 5.188814285439935503e+00 1.872779023087856132e+01 1.736063214392841303e+02
1.431625472455606710e-04 -1.810789496318557440e+03 4.655608268676919570e-02 1.370292567536785799e-01 1.752363615908187455e+00 1.713355624260623813e+02 7.042970532798839001e-01 7.923852243613338509e-01 4.687733153180836609e+00 3.073752881055462627e-01 -1.324506365555007115e-01 7.156359374754250879e-01 -8.454149106572288019e+00 6.008761895453740287e+00 1.888032757486901403e+01 2.001556141112808120e+02
1.204796422721485341e-04 -1.810961996202436239e+03 8.193839778665690243e-02 1.465620459715168133e-01 1.743143520556182935e+00 1.749841156113724594e+02 6.617418903866848501e-01 8.365941899750375388e-01 4.697184410977368607e+00 2.939114773100781619e-01 -1.255726789001343491e-01 9.455168576642426492e-01 -7.291753665467467727e+00 5.481908161205972796e+00 1.885370761334625911e+01 1.669692547996599501e+02
1.197153088547927218e-04 -1.810968360499384744e+03 3.573197696608299001e-04 1.242261389976783981e-01 1.801384041663858682e+00 1.772450336946951666e+02 7.953751055604639797e-01 7.520951652643881324e-01 4.704059760114292388e+00 3.086743460609548961e-01 -1.079983613083022043e-01 6.298868795328516068e-01 -1.011264639227283624e+01 5.239023561583566746e+00 1.903359893859946084e+01 1.970226345068358853e+02
1.171726505028926769e-04 -1.810989828504867774e+03 8.335878314394765121e-02 1.392504289923565952e-01 1.790383884345285281e+00 1.657106219521448622e+02 6.392119912314306873e-01 8.424768426857731640e-01 4.687249347023598744e+00 3.006195723943207998e-01 -1.084155457952056256e-01 7.658911090257090049e-01 -7.313988217247498369e+00 4.809345608648651904e+00 1.937589060172339828e+01 1.878450464213958639e+02
1.532401395339000219e-04 -1.810721470766904758e+03 -2.458386228070114088e-02 1.288599696533297145e-01 1.887127275286049510e+00 1.710908055957276872e+02 8.008212616683281215e-01 7.536123298088215350e-01 4.701624964970793741e+00 3.065252026922495876e-01 -1.011939674883644003e-01 4.856223257324698284e-01 -4.702967825876072538e+00 4.964545947469423126e+00 1.963662772426211234e+01 1.899634762654387430e+02
1.420835515164623700e-04 -1.810797061721766568e+03 1.296625985810197224e-01 1.426199734337361968e-01 1.778186820420242675e+00 1.715318984811229654e+02 6.288667871870867732e-01 8.137762687319773924e-01 4.683687171938144544e+00 3.373440276249155545e-01 -1.002250955522385745e-01 8.408498217899565974e-01 -6.498084176287989067e+00 5.469459114478936179e+00 1.921422437400444139e+01 2.020488240862669045e+02
1.234828858671865263e-04 -1.810937374426803444e+03 1.026997960215590144e-01 1.480972863248508908e-01 1.764711712491892293e+00 1.661630763688024217e+02 6.429420541656772903e-01 8.459823426550860948e-01 4.692874035083788087e+00 2.775747218290642859e-01 -9.092160064623033833e-02 7.933808585822395010e-01 -8.879842805620711488e+00 4.926068736722410968e+00 1.836037463358008992e+01 1.851792566573124930e+02
1.265957840534284544e-04 -1.810912477789454897e+03 7.561750773757150434e-02 1.489704869909220519e-01 1.813384342751469980e+00 1.697085819808035865e+02 6.380844897587916176e-01 8.802870946587868506e-01 4.717056924269042995e+00 2.819514498830621996e-01 -1.004953842709064293e-01 7.559674105927230991e-01 -4.686686150353523317e+00 5.326984857011662911e+00 1.848525338609419322e+01 1.865236969227540555e+02
1.158338019054969890e-04 -1.811001320575738873e+03 6.408603037692123250e-02 1.284196022123506309e-01 1.845428954765493401e+00 1.617835632845973350e+02 6.910257020670173000e-01 8.338080110001835354e-01 4.708656613226088972e+00 2.914925212436862978e-01 -7.488771943518823804e-02 6.946568841654718884e-01 -7.536187627963926161e+00 5.240418854214112798e+00 1.834323029231699209e+01 1.832685069318716842e+02
1.215757033945214080e-04 -1.810952939855337718e+03 9.687957191399543255e-02 1.485207243726520410e-01 1.745358243041989610e+00 1.757798054455993508e+02 6.402562521715111643e-01 8.739922192946123491e-01 4.719801491528526682e+00 2.767241602682068979e-01 -9.957912347216302251e-02 8.622613610001397255e-01 -8.058850279628927638e+00 4.974423205201916609e+00 1.961089701572771204e+01 1.640408000967940154e+02
1.346227540320331145e-04 -1.810851000545099168e+03 4.540377398179656909e-02 1.277571165062066083e-01 1.808153676105773044e+00 1.671117501121594557e+02 7.425432839250861727e-01 7.763502037997149774e-01 4.694552453660249647e+00 3.091573746036608838e-01 -1.112418265369012893e-01 6.509221991048216305e-01 -7.056287542116280065e+00 4.493856541398555393e+00 1.840281544747257669e+01 1.851761619819783959e+02
1.287927211461376204e-04 -1.810895272698061945e+03 8.724283453539580235e-02 1.365832603991861960e-01 1.797165569879281222e+00 1.701619820218474501e+02 6.381803912443100302e-01 8.247590483948030737e-01 4.691806146020304880e+00 3.031334489800288079e-01 -1.109943082640403311e-01 7.655611379032741803e-01 -6.264544923464569592e+00 5.214002097779224520e+00 1.832030904865789012e+01 1.797826823311721114e+02
1.153345075983200021e-04 -1.810200514486791690e+03 6.559205670322348913e-02 1.431009395005423401e-01 1.826293403356252121e+00 1.777824245949123281e+02 6.934612762205737413e-01 8.477144762629771346e-01 4.705813068556211398e+00 2.811128847402000197e-01 -1.049809896596267667e-01 8.044823712605227994e-01 -8.741704605871234435e+00 5.452774298521756435e+00 1.973302950823896396e+01 1.854139791785394209e+02
1.286034343005131974e-04 -1.810091617637879153e+03 6.238964841152927487e-02 1.475533667272442007e-01 1.791533843783204460e+00 1.805860876977712906e+02 6.479440405237583134e-01 8.028189180926084134e-01 4.688823366439359042e+00 3.173636408893194538e-01 -8.612381491630594077e-02 8.318913766645472663e-01 -5.964330578355998114e+00 6.044411335267341201e+00 1.959774337911279929e+01 1.978741038842228761e+02
1.261666829106872125e-04 -1.810110747241657918e+03 6.744201458718529496e-02 1.424709781770407691e-01 1.817396979403715918e+00 1.511054314262077298e+02 6.794117287756425982e-01 8.057379857487612096e-01 4.695991099386366052e+00 2.942618287540659239e-01 -9.998112294059424698e-02 7.015669647475488713e-01 -7.350609021675296617e+00 5.253820718123747291e+00 1.920956235698978531e+01 1.867189260224354541e+02
1.194702540179250411e-04 -1.810165283734584136e+03 7.209061054626564324e-02 1.435523240676267742e-01 1.831012177759305359e+00 1.760999993791515408e+02 7.131543635133824610e-01 7.904459639861285414e-01 4.692807581046306353e+00 3.017349080601319233e-01 -1.051928857244486260e-01 7.816374508356338513e-01 -4.205565369685871246e+00 4.802891000894038420e+00 1.947127124923442310e+01 1.835597136247106960e+02
1.212410806762307785e-04 -1.810150570188939128e+03 2.509291399099505826e-02 1.332025203476685793e-01 1.820581850455101680e+00 1.620729742934364594e+02 7.107828681307488683e-01 8.069626934631985993e-01 4.695086641878584821e+00 2.795753039080397517e-01 -9.367515976926821253e-02 6.155501719615249501e-01 -5.644890506362628457e+00 5.258971958044700301e+00 1.927058595300379551e+01 1.852509577490178003e+02
1.266420555735161104e-04 -1.810106986507547617e+03 8.864365794083511885e-02 1.460667597459510969e-01 1.754601676132860888e+00 1.820055733564781235e+02 6.868058042614676451e-01 8.014199162641575391e-01 4.695355929726002131e+00 3.393777501067658520e-01 -1.103358910746758959e-01 8.144780482503395369e-01 -7.588156153982595242e+00 5.914205900820701522e+00 1.891869624130915284e+01 1.672121041760259459e+02
1.157255358281728956e-04 -1.810197129837526063e+03 1.007319338163289724e-01 1.490865130337681588e-01 1.771374205172766558e+00 1.775770833928506818e+02 5.933569074322275760e-01 8.568061447457442359e-01 4.699190853208339291e+00 2.928577943836327968e-01 -8.083903859035035389e-02 9.312536391982705331e-01 -7.724784311131031700e+00 5.755264109495561442e+00 2.003930251681607189e+01 1.741164861420125760e+02
1.214481921113065653e-04 -1.810148863385148616e+03 9.646251862168464530e-02 1.240007259441096854e-01 1.702595027802918715e+00 1.914021903742378754e+02 6.654839559411404037e-01 8.313914478883797088e-01 4.694748160785331415e+00 3.177911073185482049e-01 -1.121610120636424845e-01 9.082220075159332939e-01 -9.136531668299369358e+00 5.277273630692969064e+00 1.872693140919023946e+01 1.911035786954063838e+02
1.150792864715487673e-04 -1.810202729816235660e+03 6.316835959532740574e-02 1.409398055343805412e-01 1.781337612771791257e+00 1.647148707546359105e+02 6.849974692547620148e-01 8.234590006163131637e-01 4.712623380789847438e+00 3.187610812850789621e-01 -1.042316865737209497e-01 6.919840719693639564e-01 -7.248660224481909609e+00 4.891146259919931794e+00 1.879664398272185011e+01 1.822672544793277893e+02
1.314186779251423002e-04 -1.810069962913119980e+03 8.494178396538507037e-02 1.479119703289073218e-01 1.796253776876124419e+00 1.714547191023434891e+02 6.378666148909737377e-01 8.570466965819143468e-01 4.702032098443686969e+00 2.978523389630158835e-01 -7.653250510571552034e-02 8.636871058121028399e-01 -5.629462292805953894e+00 5.364618350625183218e+00 1.951555297968976532e+01 2.053370432843923936e+02
1.417233364458051197e-04 -1.809994474332378559e+03 5.360960044034532301e-02 1.477675522085931947e-01 1.815643912767989754e+00 1.489864519595919603e+02 7.002622881426348034e-01 7.976265036714336176e-01 4.698792016582562070e+00 2.920379802061319197e-01 -9.166281341842141828e-02 6.265960052149962545e-01 -7.348604168132055747e+00 5.095275681193278672e+00 1.912766204552052329e+01 1.924554991106912780e+02
1.218126714945014607e-04 -1.810145866769494660e+03 5.599846174008735189e-02 1.484278564458992034e-01 1.766840714133609325e+00 1.512039872396434532e+02 7.066561834446137835e-01 7.935711339762687722e-01 4.694608296239140444e+00 2.999948390054041347e-01 -1.268416969149090967e-01 5.665152021973494101e-01 -7.398409103809512999e+00 4.957482061616613755e+00 1.909976623810782925e+01 1.933206620282532526e+02
1.329378107694087951e-04 -1.810058469723949429e+03 4.582964993961380351e-02 1.396958740518716990e-01 1.842903551213864510e+00 1.537571164068901055e+02 7.138266217359776622e-01 7.893620026641590126e-01 4.690202234639574641e+00 3.072998935354644967e-01 -8.696307278414971975e-02 5.894918246300736575e-01 -6.494085975395279320e+00 5.347381682138663272e+00 1.956186670692183682e+01 1.794505629613070141e+02
1.297055782982023267e-04 -1.810083084054982010e+03 6.216839987332781203e-02 1.365407631510511532e-01 1.797248372991764320e+00 1.669272287245549933e+02 6.782301104463062114e-01 7.814690344990664617e-01 4.686909061164697299e+00 3.014180008798836852e-01 -8.391160414741660745e-02 6.963662660712763852e-01 -6.615174301868165685e+00 5.131330768550657062e+00 1.909628604440094435e+01 1.894703170449983816e+02
1.221617724381297062e-04 -1.810143004984659683e+03 8.166181253017681940e-02 1.448132314232463413e-01 1.765402303717010568e+00 1.620755386637364097e+02 6.892910439811168466e-01 7.892386112367073547e-01 4.681385173568324731e+00 2.940752449895387421e-01 -1.033516534001965859e-01 6.670184543770263375e-01 -7.440327366600570258e+00 5.264652603204411641e+00 1.915805145215765393e+01 1.806815852284837547e+02
1.208705035076213522e-04 -1.810153631401059556e+03 3.874088240560263907e-02 1.442654551931010498e-01 1.743595798183433132e+00 1.753264069273062944e+02 6.874118006217748711e-01 8.200012801500498050e-01 4.697316280633708097e+00 2.743610959772631031e-01 -1.063920862977352222e-01 7.413958948156749162e-01 -9.820749174445353447e+00 5.536120089829843494e+00 1.899030595014195200e+01 1.958327464496467769e+02
1.150860682769018619e-04 -1.810202670886381838e+03 8.571754919196641898e-02 1.424078279318908569e-01 1.842717095669856420e+00 1.700166815274662611e+02 7.204583564171394006e-01 8.046213405982245437e-01 4.704748707387135020e+00 3.047610695342686249e-01 -9.728179984248219725e-02 7.323130509452037140e-01 -8.024263981936428536e+00 5.241081590080409747e+00 1.902904691290085992e+01 1.985721486659816151e+02
1.247319554844267633e-04 -1.810122184075863743e+03 5.135110379532026315e-02 1.330179144244519052e-01 1.849680464119246359e+00 1.821634003217664031e+02 7.141045233164989847e-01 7.815240597115342691e-01 4.688363494144652144e+00 3.115525708448720899e-01 -1.053193346997058910e-01 7.432747079030398440e-01 -8.799031373276022805e+00 4.730016910885148640e+00 1.856511881117739549e+01 1.961464349246597862e+02
1.147960654271495685e-04 -1.810205193944602343e+03 5.088832965638170891e-02 1.273275528320989280e-01 1.781899350954544659e+00 1.710631638795744891e+02 7.099401586944655840e-01 7.913891356641125086e-01 4.701206958844985628e+00 2.971925859396722380e-01 -9.976840423248356515e-02 7.875503662303754426e-01 -8.724962498836077884e+00 5.749894110976705441e+00 1.934127256419537844e+01 1.764944793313367768e+02
1.246817222959455422e-04 -1.810122586886083354e+03 9.649670112685593271e-02 1.491177609597136577e-01 1.823587050471442872e+00 1.671078108721917204e+02 6.725190504475634379e-01 8.548058022528810529e-01 4.717076214829076797e+00 2.770773480549901802e-01 -8.260275843969422382e-02 8.365000442247373380e-01 -7.127124480112655647e+00 5.422491153413200315e+00 1.877606933237707665e+01 1.857462660061707140e+02
1.222873795695732582e-04 -1.810141977309648610e+03 9.516334139877499765e-02 1.255623907729734590e-01 1.773480222393281736e+00 1.836356535004268835e+02 7.012852761619423614e-01 8.009377470408065580e-01 4.705902106085899206e+00 2.980898049797846561e-01 -9.783844651627848776e-02 8.021256330409712865e-01 -6.757861843083219355e+00 5.342883200454728865e+00 1.889935872691894758e+01 2.001158398061022581e+02
1.377263372033750205e-04 -1.810023082502078523e+03 3.771565164871432119e-02 1.248771337331687492e-01 1.810790936470240808e+00 1.749040429594183195e+02 7.248683891386615841e-01 7.749213862366930439e-01 4.691799695453363839e+00 3.123681725892752947e-01 -9.063217391522471189e-02 7.001307426383313048e-01 -9.374769440540802634e+00 5.572263840351587838e+00 1.964104835118074632e+01 2.043607152390250974e+02
1.189569531305043087e-04 -1.810169589465348508e+03 4.618921468637685046e-02 1.286670003541781904e-01 1.797241754571520467e+00 1.775227047748280427e+02 7.464034489770888792e-01 7.385611954160422599e-01 4.676595143077880046e+00 3.371678683652454822e-01 -1.182071259867520929e-01 6.571248479542761700e-01 -5.563249098507043300e+00 5.509508838060228619e+00 1.873014691289287725e+01 1.917121611858265737e+02
1.195306575843482771e-04 -1.810164778267326255e+03 2.404647620640171235e-02 1.158335098356098880e-01 1.778437904572488293e+00 1.735579379450459783e+02 7.474414088971814696e-01 7.927022855587031458e-01 4.699623151138508703e+00 3.111344019803905514e-01 -1.106905759448220117e-01 6.939594573466525418e-01 -9.822281519090381607e+00 5.222082050878595894e+00 1.885667477566288497e+01 1.896175384164109232e+02
1.221951905336990255e-04 -1.810142731465989527e+03 1.339133953511321418e-01 1.419412897991652323e-01 1.781946271177453411e+00 1.706598342091720895e+02 5.900799055382395242e-01 8.557649931693196432e-01 4.683240550595089147e+00 2.844799714130401558e-01 -9.647056697383415980e-02 9.922750437274822088e-01 -6.310630193488549367e+00 5.458226032251545234e+00 1.894205449807218145e+01 1.825288477384153794e+02
1.329874840982041154e-04 -1.810058096135348933e+03 9.599737056478599428e-02 1.390137471782335876e-01 1.777625690134567726e+00 1.828573006685625728e+02 6.598456506676052546e-01 8.259965618060882697e-01 4.708376116911594522e+00 2.878534449527168082e-01 -8.719403345274656658e-02 8.678098829615360499e-01 -5.564455966609557436e+00 5.697719438816362114e+00 1.853150952839677146e+01 1.956167055692116321e+02
1.311224781946306039e-04 -1.810072219320157728e+03 1.093004574152184327e-02 1.417806111196026342e-01 1.839810530014540646e+00 1.852499369219520986e+02 7.666574973942482663e-01 7.294037412783791474e-01 4.688633741827422874e+00 3.481037850663186717e-01 -1.048917641287103741e-01 6.710337758425841681e-01 -7.405506152794515629e+00 4.971527670993514114e+00 1.996492949244321835e+01 1.967761695885199629e+02
1.305575789066289909e-04 -1.810076536807487628e+03 6.010614857506749176e-02 1.485327842610704441e-01 1.772761968740865335e+00 1.658970411076848279e+02 7.203898781876885149e-01 7.687510840300111337e-01 4.691299705715003654e+00 3.105212906117860161e-01 -1.062751161438049152e-01 6.474036734280259608e-01 -6.070838280348567650e+00 4.921840454293668898e+00 1.856145991576085663e+01 1.905503423063294974e+02
1.242449528329338899e-04 -1.810126096111529023e+03 6.005790553913392671e-02 1.273985389439128146e-01 1.818087562496858212e+00 1.722703690764565465e+02 7.004064210290711356e-01 8.450720468765786642e-01 4.715856146956625139e+00 2.992231581961024567e-01 -7.878277691908763813e-02 7.472416757747788463e-01 -7.854190314710280063e+00 5.593515632265400050e+00 1.955486958042207490e+01 2.010504471590246567e+02
1.157659119813166099e-04 -1.810196781002578291e+03 4.834676356113412621e-02 1.417968923882078902e-01 1.809224406029382060e+00 1.574958972089925453e+02 7.024240288213605687e-01 7.940761629286789969e-01 4.692093096859871082e+00 2.761015711874661438e-01 -9.538843219246118110e-02 5.941539546373288960e-01 -6.944630579927746794e+00 5.228585127836860025e+00 1.939386048361346582e+01 1.887325118291261958e+02
1.323466482705089255e-04 -1.810062926551006512e+03 1.091397048710603668e-01 1.367883575200471158e-01 1.742933595827781623e+00 1.732075508250792097e+02 5.973256501849063538e-01 8.543744755761262244e-01 4.681456312887211979e+00 2.858230254050946328e-01 -1.063927695680155772e-01 9.379950478720731066e-01 -8.637873616087034634e+00 5.414471143676102827e+00 1.929160799876361665e+01 1.726457560280161374e+02
1.268173886706953891e-04 -1.810105602987389830e+03 4.151775492922665789e-02 1.417318511417310078e-01 1.819387266511982126e+00 1.719829311696403806e+02 6.854327127592350077e-01 7.620617510051084231e-01 4.685836494811131736e+00 3.218706186748885312e-01 -1.031679707768804466e-01 7.756640547993507440e-01 -7.749766482233582110e+00 5.356270162678145041e+00 1.861844174989169076e+01 1.937298202087613959e+02
1.270398194722522506e-04 -1.810103850578150741e+03 8.280569516478739067e-02 1.348706607717446715e-01 1.826101764474607592e+00 1.741786039743236927e+02 6.737647202511208855e-01 8.316859608794271441e-01 4.699823926770472227e+00 3.001541901641735510e-01 -8.279346603476844813e-02 9.091269214216697314e-01 -1.010095044825339983e+01 5.412837064357800543e+00 1.880207808357581456e+01 1.855750124418329392e+02
1.157159608659238812e-04 -1.810197212579492316e+03 1.079146680948002979e-01 1.377519660111679867e-01 1.786655008111639908e+00 1.653746907865676405e+02 6.411221681871804856e-01 8.367295305539144135e-01 4.696250766487857220e+00 3.200811947516661871e-01 -9.494664183928325230e-02 8.264836019302153058e-01 -8.403429724012454471e+00 5.680149414569624078e+00 1.875557348320400308e+01 1.689091165124533234e+02
1.175948176133976663e-04 -1.810181106188037575e+03 4.857459013062340181e-02 1.323890619438814753e-01 1.775685450544708388e+00 1.764990917401020454e+02 7.215810089207339573e-01 8.138481273633839663e-01 4.704282738260460839e+00 2.771340975828964215e-01 -9.042776036846467136e-02 7.319105780617095602e-01 -8.684893643978512046e+00 4.719329068108679692e+00 1.966982876491507426e+01 1.907072575837737247e+02
1.158173028102445635e-04 -1.810196337180863338e+03 5.424351296810189793e-02 1.388256971574795828e-01 1.849163020829323045e+00 1.674547563229112370e+02 6.744461974791982062e-01 8.060044246235580356e-01 4.692710604950670827e+00 2.874527245139226750e-01 -1.020685306197330888e-01 7.264562053425844823e-01 -7.282063182690478698e+00 4.916959615534510775e+00 1.964918450994957055e+01 1.829036761014914987e+02
1.289256862202564841e-04 -1.810089114992063514e+03 8.028049783912649673e-02 1.476657099567238729e-01 1.858611817436524483e+00 1.659835165094824561e+02 6.449684755518744206e-01 8.292210107044193368e-01 4.700038609095567033e+00 2.980350078059859076e-01 -8.372476609482748522e-02 8.766713504601814089e-01 -6.477507615374634042e+00 5.406222982264563548e+00 1.876051356057239872e+01 1.806931454989053520e+02
1.217942349922328325e-04 -1.810146018132217250e+03 3.172163684122983329e-02 1.218518385994842024e-01 1.823281324862662700e+00 1.866389409373929595e+02 7.632713509876072333e-01 7.545754057214193455e-01 4.685905861319016097e+00 3.088357471336080629e-01 -9.054699600073545795e-02 6.115866575307967734e-01 -7.580462850847112577e+00 5.509366735153564676e+00 1.950231262370050089e+01 1.995160647073203108e+02
1.328699419791740295e-04 -1.810058980384688311e+03 6.334904771530455725e-02 1.393214482233369467e-01 1.826616934595144848e+00 1.804671787400188236e+02 6.896235094041197611e-01 8.133379192802738800e-01 4.701754657162995343e+00 2.745795193973152859e-01 -1.100386862370865693e-01 8.040245719573667627e-01 -6.447176566993078950e+00 5.541845464011707634e+00 1.870972907299528387e+01 1.683402813418469748e+02
1.300219257259078705e-04 -1.810080648058953557e+03 3.107470152011773679e-02 1.383065594661891107e-01 1.810402371253372777e+00 1.744814618542507674e+02 7.265024243337643295e-01 8.441250673522635584e-01 4.720279094762299898e+00 2.872900040154291457e-01 -1.048968873012818825e-01 7.630768833271293072e-01 -7.160757828393343516e+00 5.486070455685387870e+00 1.908036576519789307e+01 1.931828729568019298e+02
1.307022401634960881e-04 -1.810075429394398498e+03 3.047043042510705346e-02 1.438385677677516961e-01 1.794974178788971031e+00 1.837811011961570387e+02 7.005824143873939924e-01 8.283012407795538046e-01 4.705276057132884659e+00 2.932109836459106944e-01 -8.989633131629326535e-02 7.386695165822676490e-01 -8.728944510517209210e+00 5.058909533136146663e+00 2.011776563568778897e+01 1.842345116935859437e+02
1.294520293162098668e-04 -1.810085040772094999e+03 5.558622389881784365e-02 1.466637037521667797e-01 1.818613283060399155e+00 1.644697395322710634e+02 6.635047346717675154e-01 7.892261755905416454e-01 4.680104247632296932e+00 3.291616122795277821e-01 -8.261994813785933367e-02 7.454766178573840607e-01 -6.911615447653048250e+00 5.136400755004100205e+00 1.949005811548287781e+01 1.857205685128745642e+02
1.387450512102246329e-04 -1.810015713069580670e+03 5.101687546851146893e-02 1.254603928697543835e-01 1.827069221862520187e+00 1.853991539019445156e+02 6.807828718185732209e-01 8.085613943544760485e-01 4.702953990358622605e+00 2.965065520892027351e-01 -7.782739575405228649e-02 7.702557907737084264e-01 -6.633650170585383421e+00 5.469913879733390161e+00 1.976521003869935456e+01 2.051027308732809047e+02
1.263619658953918725e-04 -1.810109200620911679e+03 4.047725018003764386e-02 1.461956410394229799e-01 1.808998973061821225e+00 1.566176907326830587e+02 7.090753846965653917e-01 7.687406904408249364e-01 4.682791863475990191e+00 3.362005212533833998e-01 -1.061854876810968129e-01 6.280351034597225768e-01 -7.920703841222774599e+00 5.074653015196273209e+00 1.971918666372551954e+01 1.896403452326904642e+02
1.209331548103917897e-04 -1.810153113201255564e+03 5.676437412963686313e-02 1.226376799398950224e-01 1.820188663187471079e+00 1.766591902156516198e+02 6.765402592455382891e-01 8.196894907071439196e-01 4.696324799968840225e+00 3.150669756955442047e-01 -9.111347204438136060e-02 8.717579151374548196e-01 -8.201320897302167623e+00 4.750478864983365135e+00 1.893459382020945725e+01 1.808828780128772848e+02
1.146342672454656123e-04 -1.810206604378930024e+03 -2.445889841995174674e-04 1.352009298518790092e-01 1.759649416729531346e+00 1.853659718327057533e+02 7.376938061094768795e-01 8.115061929606257607e-01 4.709902564076575260e+00 2.693942185252775623e-01 -1.157161509326527504e-01 6.665276854983687160e-01 -9.830525638841521641e+00 5.284316160394819661e+00 1.922247940172361425e+01 1.849456705584732106e+02
1.167461600255854579e-04 -1.810188349149182841e+03 5.743231197464096494e-02 1.284583940729406570e-01 1.763092182041926748e+00 1.851269397048225187e+02 6.617122475971579654e-01 8.039170109617226334e-01 4.697762480040409194e+00 2.937757047583102743e-01 -1.014154067669379433e-01 8.217625096460402512e-01 -6.520294675719185307e+00 5.702631269363878097e+00 1.848584720307222540e+01 1.693421476676448947e+02
1.151458123404313684e-04 -1.810202151896008218e+03 1.384526969878312752e-01 1.401220598874801382e-01 1.713314192391235835e+00 1.787569494547865645e+02 6.295510366612662168e-01 8.240229522652651184e-01 4.689964669863637248e+00 3.017332926206783839e-01 -1.118806479534599774e-01 9.713717222592936906e-01 -1.142877931257967816e+01 5.223603280722022291e+00 1.951347204114451017e+01 1.770347164232899502e+02
1.277695674973727054e-04 -1.810098122767029508e+03 1.299592267823471425e-01 1.432135514802330978e-01 1.768550302621692438e+00 1.708685304000205463e+02 6.419344413771501667e-01 8.144121734715934480e-01 4.694786784379086697e+00 3.019172693130942609e-01 -9.676841464289953620e-02 8.966827322765524855e-01 -1.037253812734977032e+01 5.155998876030576383e+00 1.924027349133472597e+01 1.835836048056926870e+02
1.264874196404533512e-04 -1.810108208300878232e+03 6.825367860967598843e-02 1.495788479478747102e-01 1.757357977782939784e+00 1.636186202430208994e+02 6.696806453729780007e-01 7.764649887111307880e-01 4.684146032693554673e+00 3.117862712178769424e-01 -1.104260429850174585e-01 7.243655968583128102e-01 -6.583963109517384282e+00 5.760264905935730262e+00 1.921823230637598101e+01 1.781505208626251715e+02
1.235332747663455788e-04 -1.810131840603533419e+03 4.915977191682277536e-02 1.383121404399376975e-01 1.804009327824757314e+00 1.717673592261198792e+02 6.951891457219900872e-01 8.078784717197979859e-01 4.700507751922648580e+00 2.708874782208625653e-01 -8.139041381006517639e-02 7.330056627349290643e-01 -8.785756302414228003e+00 5.070132162182328095e+00 1.933567219753240352e+01 1.791593112074810676e+02
1.231275918170356739e-04 -1.810135130005056453e+03 4.984312085532946468e-02 1.424125531020581648e-01 1.797717929566615247e+00 1.582646464462452798e+02 7.500628370495254771e-01 7.533664872716656635e-01 4.685986372364014940e+00 3.190587629613275134e-01 -1.086769368774433975e-01 5.533500927996312102e-01 -7.261640004040174290e+00 5.426714193104142936e+00 1.953871305985677154e+01 1.976353813401479158e+02
1.317549988253135954e-04 -1.810067407026167984e+03 1.136094900829671961e-01 1.493198978547543299e-01 1.748563814170637443e+00 1.695237868195153510e+02 6.224456322779822193e-01 8.804175436435726088e-01 4.699987915422354945e+00 2.815064994514149266e-01 -1.048332163521064064e-01 8.531236771751619097e-01 -8.857550993764391478e+00 5.510475265240954990e+00 1.848004027756644518e+01 1.869229980647433251e+02
2.150756000663486443e-04 -1.801861990944903710e+03 6.362212243234532938e-02 1.480116818961131064e-01 1.812293523669731066e+00 2.215776553049397251e+02 6.660888990890660999e-01 8.493033068050392931e-01 4.706373933512589147e+00 2.808871212993790945e-01 -8.427328486881746628e-02 1.142110615847687916e+00 -7.386269665938613116e+00 5.670269485639534146e+00 1.914793024501371121e+01 1.979681410706491818e+02
1.304720404883901949e-04 -1.802361821584763220e+03 3.998621595359569403e-02 1.495124158967641448e-01 1.850272355104687350e+00 2.130832555581586405e+02 6.837598497424215438e-01 8.117728170684270772e-01 4.698860457910938315e+00 3.062025292179260116e-01 -9.532868401572924810e-02 1.029032164204494615e+00 -7.343137953215602920e+00 5.533350944776027625e+00 1.852112754181845133e+01 1.930401121192192306e+02
2.071421009047462859e-04 -1.801899575503892265e+03 4.879559110392309162e-02 1.479471437402692102e-01 1.790451929385922014e+00 2.104949158348949538e+02 6.915295942402698293e-01 7.882306703901231781e-01 4.690691627059587532e+00 3.143954469417460373e-01 -1.070115828284925463e-01 9.795994192179076077e-01 -6.993109806100022752e+00 5.370619198862169874e+00 1.902268954542574164e+01 1.973130124179044458e+02
1.778912271940662486e-04 -1.802051808259114978e+03 5.793671109858503088e-02 1.469526590843439340e-01 1.797012077891409376e+00 2.140351504091305799e+02 6.904060490877681477e-01 7.898424396406040771e-01 4.688103016551028901e+00 3.265606712087347763e-01 -9.831956549379317067e-02 1.034591869608301185e+00 -8.690953129051138148e+00 5.438991572705664801e+00 1.893401898562496655e+01 1.837527333206284652e+02
