weight logl shared_params-gamma_t shared_params-theta_int shared_params-cosi shared_params-vscale Hb_params-v_0 Hb_params-I01_spec1 Hb_params-bkg_level_spec1
0.000000000000000000e+00 -7.040790675398170715e+05 2.325849629400449370e-01 5.726588178324812262e+00 8.588133703355003146e-01 4.867200866057125319e-01 -2.328989822320357348e+02 3.901849900384329430e+02 -1.222220254588023636e+00
1.394385864751408060e-04 -8.338107748079318426e+00 7.460471180408290159e-02 6.176749454357860714e+00 7.377687766080667231e-01 1.040787035756577383e-01 -1.597306436985550704e+02 2.736665037551072643e+01 -2.859760643237247990e+00
1.267598950169454553e-04 -8.433437305465901090e+00 4.896015470992387542e-02 6.234626556310404411e+00 7.168598917975214091e-01 1.095521113491308984e-01 -1.578561468745274396e+02 2.755492923905017477e+01 -3.040099621060359247e+00
1.274439453825829062e-04 -8.428055388216423083e+00 6.616995321600371849e-02 6.205365493800262477e+00 7.367843950146204524e-01 1.139320840097664683e-01 -1.596769139488392284e+02 2.885456124335328099e+01 -2.832192571725711261e+00
1.331631292565401488e-04 -8.384157099680219716e+00 5.953642774921030778e-02 7.555860746695293451e-02 7.411891315173895212e-01 1.008503410737394135e-01 -1.643038229518431876e+02 2.781314642324611697e+01 -3.044326806175696731e+00
1.243151301827108077e-04 -8.452912297864825675e+00 4.772782999645797108e-02 6.184774302323526207e+00 6.946718362407745539e-01 1.361980980141230535e-01 -1.619240796732211152e+02 2.801323070365108237e+01 -3.185687676588053741e+00
1.339736183449197952e-04 -8.378089109540043822e+00 1.038625316280060717e-01 6.536606820609586199e-02 7.191251476408371257e-01 1.342564624103070314e-01 -1.627246279204373991e+02 2.778776869163818120e+01 -2.893228426291072353e+00
1.291102614344690597e-04 -8.415065233003232947e+00 1.059711347584726404e-01 4.103312446281483922e-02 7.289057895896289274e-01 1.285002899140332000e-01 -1.620251384482276080e+02 2.757618611134165931e+01 -2.912340567664772450e+00
1.436606546895351862e-04 -8.308278058233474539e+00 1.046715755254807867e-01 2.078612217854027000e-02 7.045220170505402946e-01 1.515014447451744628e-01 -1.613117748998951129e+02 2.839734323135850858e+01 -2.885984932027993999e+00
1.647670356819871398e-04 -8.171199440819014725e+00 6.680617606198324676e-02 6.186119585024767886e+00 7.530763549738358487e-01 1.034168264572363355e-01 -1.628014097956433943e+02 2.770634294417234500e+01 -3.040753392913315700e+00
1.492333150439725982e-04 -8.270221058061604680e+00 8.886888629567324394e-02 1.976181051079585471e-03 7.084061636529226380e-01 1.231962623583889860e-01 -1.629060203943566307e+02 2.748538377527420806e+01 -2.854917861936425716e+00
1.847064432939912260e-04 -8.056964240301482505e+00 9.093212404489192657e-02 6.246036217447409555e+00 7.064862309138317809e-01 1.439870246740850290e-01 -1.618163076411191810e+02 2.747806325676566175e+01 -3.169150432716714150e+00
1.434660415618833277e-04 -8.309633649057976967e+00 8.799959247230160209e-02 6.531067278607474713e-02 7.334379775501472798e-01 1.283431330406390736e-01 -1.597727413975233048e+02 2.810193643371261629e+01 -3.184863815012850097e+00
1.813302753461519393e-04 -8.075411917939202766e+00 5.813260875440706688e-02 6.148832618459046273e+00 7.233218665428838845e-01 1.273292978088024774e-01 -1.612883581676020981e+02 2.868803090957922208e+01 -2.921296588806026051e+00
1.507921137244268371e-04 -8.259829854135698923e+00 6.820198227842066974e-02 6.173585932611062255e+00 6.893321108822372256e-01 1.343235867416606166e-01 -1.605863961964453210e+02 2.828852393265474063e+01 -2.786140107529959664e+00
1.477871777420011843e-04 -8.279958761447858251e+00 5.793814982679024173e-02 6.129988909864287017e+00 7.092571178070689042e-01 1.197199524483514577e-01 -1.594400564037799199e+02 2.815604008723798657e+01 -2.786371948359245287e+00
1.562474254255047303e-04 -8.224291200880953667e+00 6.237788937695243341e-02 8.445419602420897037e-03 6.872105839737493449e-01 1.436966573643805867e-01 -1.611787530755203193e+02 2.754307525056653816e+01 -3.154019431103112225e+00
1.249691847839529254e-04 -8.447664826902499868e+00 2.941447405871189247e-02 6.153730487453272779e+00 7.025601015077803657e-01 1.180854154059758909e-01 -1.603144736643007491e+02 2.821617051148750477e+01 -2.755928078733820286e+00
1.378664223915983939e-04 -8.349446749381495891e+00 1.052466245304224390e-01 5.386131804917588389e-02 7.140826965624264000e-01 1.385661632739279003e-01 -1.607220745644424369e+02 2.826051509725430222e+01 -2.801994977580646307e+00
1.299036408533299090e-04 -8.408939060677001365e+00 9.669375594250395611e-02 7.893374794149232709e-02 7.236705112128581918e-01 1.408031715523549721e-01 -1.607373203695905204e+02 2.768042823070082648e+01 -2.780711329683400734e+00
1.409088794949241814e-04 -8.327618575329747586e+00 6.285008269902447875e-02 6.136514957903637324e+00 7.250558155257734727e-01 1.275158974395347589e-01 -1.605860972238442059e+02 2.857888382690654083e+01 -2.957294546637134758e+00
1.678896349756552585e-04 -8.152425183226533534e+00 6.979413269888978810e-02 2.020336545611073342e-02 6.808573960097437094e-01 1.352835670540614987e-01 -1.607199698097775240e+02 2.765418021543003491e+01 -3.020829745852589454e+00
1.697719536599949248e-04 -8.141275924641774964e+00 7.869773675092361920e-02 6.255061233215880812e+00 7.262602724210459604e-01 1.352591950312735380e-01 -1.626584987341830129e+02 2.855894434749050959e+01 -2.875913198576212082e+00
1.665376683160345068e-04 -8.160510492119643189e+00 2.770981550987305919e-02 5.323838212351676008e-02 7.493545575724686048e-01 1.056632007572466253e-01 -1.625503042343997322e+02 2.734037045564369350e+01 -2.772190019268590433e+00
1.612712738504195763e-04 -8.192644134255859356e+00 5.065690240733999872e-02 1.369787237991799619e-02 7.402806001995297924e-01 1.028822527069706977e-01 -1.617283076758846505e+02 2.839554239515246081e+01 -3.429539002217978805e+00
1.841885151347928738e-04 -8.059772240181562353e+00 5.449867939037589259e-02 6.240581658449026570e+00 7.533361497551530617e-01 1.102057908352098575e-01 -1.596381949231897579e+02 2.740528231793332026e+01 -3.049698297442300365e+00
1.365171129489357209e-04 -8.359282035728767823e+00 6.676601875664200936e-02 5.921052978685373280e-02 7.215241002754460009e-01 1.253264440225833887e-01 -1.588081219966603612e+02 2.798823303381797700e+01 -3.277164848573120182e+00
1.473035105935659313e-04 -8.283236855950148581e+00 3.433922784800491623e-02 1.215366685848890127e-01 7.125906319606070127e-01 1.253845660940419438e-01 -1.620373424970278506e+02 2.756534803001642331e+01 -2.791346031468977529e+00
1.285649376523908822e-04 -8.419297884016206268e+00 6.110204825883969182e-02 1.484931680194557513e-01 7.295374764174765714e-01 1.116747300203799476e-01 -1.631359702140630361e+02 2.800165228728346278e+01 -2.783739917293990729e+00
1.584221010767925474e-04 -8.210469015437656282e+00 5.915021348605331575e-03 6.162089663198573319e+00 7.147516939381765022e-01 1.038055561394912174e-01 -1.622574112483272870e+02 2.791052107732522458e+01 -3.036727331879269798e+00
1.613234412592740204e-04 -8.192320710424866093e+00 5.380443763524145329e-02 1.278946713859858697e-01 7.335798124894494787e-01 1.153734314590836862e-01 -1.604757469568178863e+02 2.772070441535912266e+01 -3.231989913026622752e+00
1.327301047503428786e-04 -8.387414233248453144e+00 9.687157457073369837e-02 7.515301490083481015e-03 7.008713427245536476e-01 1.508425695173874204e-01 -1.593732412167881876e+02 2.834609149996214583e+01 -2.920657860018671670e+00
1.612450725934000059e-04 -8.192806614436261015e+00 4.445533729666373279e-02 6.155702772359688879e+00 7.148151587970839049e-01 1.005351339201070449e-01 -1.607863063484644499e+02 2.892804086574546218e+01 -2.989439845990267131e+00
1.471771079173991826e-04 -8.284095334749661532e+00 4.381637086713341400e-02 4.753381507482573598e-02 7.135487651336205328e-01 1.197736491149975213e-01 -1.624166716551686136e+02 2.850307625320930427e+01 -2.641270087839496128e+00
1.557811779545548647e-04 -8.227279694967119639e+00 6.219383971976399916e-02 6.282649229030414340e+00 7.368266449496667647e-01 1.136973782633256269e-01 -1.629825202526715771e+02 2.898196489004511989e+01 -3.126102879571417859e+00
1.521463451080063843e-04 -8.250889157666987828e+00 5.517543236746391688e-02 3.504115337405885183e-02 6.988899430360236975e-01 1.368130074134108198e-01 -1.620912898180582147e+02 2.878229062860149412e+01 -2.888762636619723878e+00
1.683576493160005992e-04 -8.149641430527610808e+00 4.725249700934508468e-02 1.021931342219346006e-01 7.381516082607770812e-01 1.046814245577385727e-01 -1.623437712817528222e+02 2.702278984923389515e+01 -2.793242563930133926e+00
1.472301380839985386e-04 -8.283735084328569087e+00 7.854148120199822003e-02 1.207202002093569343e-01 7.194681907400273246e-01 1.293743476618590682e-01 -1.605283943673253475e+02 2.731566085350101147e+01 -3.048366902033956549e+00
1.537916227989390670e-04 -8.240133424644181304e+00 7.452405597579714325e-02 6.257508062217770117e+00 7.336021488446986538e-01 1.045526524816077218e-01 -1.605654946262475846e+02 2.706405738175438103e+01 -2.722625456344478501e+00
1.436344334520533170e-04 -8.308460596944625465e+00 4.476549238492566474e-02 6.263741742101826659e+00 7.471339250529379639e-01 1.017159925924126102e-01 -1.636212219546782194e+02 2.706466510474381337e+01 -2.911644016573933236e+00
1.436668207488113111e-04 -8.308235138152353372e+00 3.208193120507629725e-02 1.008081755273330937e-01 7.099941328851397948e-01 1.230040757040627430e-01 -1.621379146533079734e+02 2.859550357589973757e+01 -2.804821763842284099e+00
1.443488196384071210e-04 -8.303499283090088667e+00 6.380824055349065826e-02 6.245332312040055456e+00 7.292824640002699699e-01 1.305113077789322451e-01 -1.603769271844036552e+02 2.742397123039375018e+01 -2.604092900637182240e+00
1.314751355583363768e-04 -8.396914261552176129e+00 8.188452191826423032e-02 1.021934018229689600e-01 7.252468227949809831e-01 1.160648473652935164e-01 -1.585952869157458736e+02 2.786780856329934508e+01 -2.886516890693791026e+00
1.432233499716621314e-04 -8.311326712389657700e+00 2.465750635146191083e-02 1.546649140953924861e-01 7.332709938697534735e-01 1.113023710168962732e-01 -1.603238702359670356e+02 2.812665333520714128e+01 -2.961197846639209708e+00
1.247406292372998265e-04 -8.449495396608957876e+00 8.977583684951684351e-02 6.280612222570917780e+00 7.029808498235334824e-01 1.500902134637444041e-01 -1.602030464324276409e+02 2.710573335733623779e+01 -2.976364202507277845e+00
1.330875876757388776e-04 -8.384724546661766809e+00 7.800320794531334645e-02 8.402169180793640779e-02 7.061210139744286129e-01 1.211486059647099434e-01 -1.625761015558277904e+02 2.734555308297875698e+01 -2.845568210047675350e+00
1.448565588096807492e-04 -8.299988008883088852e+00 7.735025901396941350e-02 6.218973843500907428e+00 6.956966881037032202e-01 1.553464564800510761e-01 -1.623319376409907591e+02 2.803551852817748369e+01 -2.886989237922596985e+00
1.411269639056926669e-04 -8.326072073639720017e+00 4.397818416142595943e-02 6.229302335158738657e+00 7.327403172923582231e-01 1.162508820034352797e-01 -1.581717090936351156e+02 2.859157624051544744e+01 -3.026669544087403629e+00
1.360509881379043189e-04 -8.362702283832422978e+00 7.417991822255554091e-03 6.277539370665744300e+00 7.196141945485102775e-01 1.000449179229221108e-01 -1.598950549069628551e+02 2.883405102448655200e+01 -3.227716090930233150e+00
1.318911525908978994e-04 -8.393755031253585130e+00 6.468759753727459927e-02 8.047584824953830929e-02 7.026373388999328506e-01 1.288868849402406702e-01 -1.597736804533607256e+02 2.775150822642030590e+01 -3.266514380318206179e+00
1.267839921438636156e-04 -8.433247222973591306e+00 3.292990738393319905e-02 6.249876774839051130e+00 7.220141777343418443e-01 1.130316187508620396e-01 -1.636191082559341794e+02 2.840512918775789331e+01 -2.702152161053916757e+00
1.737697129117000744e-04 -8.118001078468740417e+00 4.592305595444301503e-02 6.262732992004095500e+00 7.223379769368438730e-01 1.013274570748176062e-01 -1.611752258909784246e+02 2.905615435983999362e+01 -3.274935268746017591e+00
1.306640703363007837e-04 -8.403102331035249506e+00 7.380173172356574440e-02 4.921079252379645386e-02 7.008728371942406499e-01 1.145566129306944125e-01 -1.603551018581850371e+02 2.828583873862711329e+01 -2.900014503904220220e+00
1.823812233796102066e-04 -8.069632881741357622e+00 1.166620090759129535e-02 5.986164471459404224e-02 7.418220124147333339e-01 1.041536487500391295e-01 -1.595293430728795556e+02 2.742216999399343891e+01 -2.864003374526284951e+00
1.309798324661030032e-04 -8.400688651375840976e+00 7.286053727770880339e-02 6.230858271918569891e+00 7.378786176503436822e-01 1.037550149177565439e-01 -1.590143068785239393e+02 2.875048896160958734e+01 -3.069964087426361843e+00
1.310724456392340460e-04 -8.399981821596254505e+00 6.925664683441579150e-02 3.252680358160160018e-02 7.538549384345596405e-01 1.025381667507394706e-01 -1.610638483400752534e+02 2.721228019905097639e+01 -2.672416625299196546e+00
1.307797439528931075e-04 -8.402217447799783301e+00 1.646389188375207979e-02 4.970505255500311248e-02 7.243237011231640210e-01 1.155649420613722445e-01 -1.614665588557220417e+02 2.732004457197834313e+01 -2.708915376302892142e+00
1.508671858543771940e-04 -8.259332126191591072e+00 7.770591212759037081e-02 6.161292877029199033e+00 7.117242869313348264e-01 1.383224878772559840e-01 -1.627928926233192897e+02 2.835219443843933718e+01 -2.947430746972088400e+00
1.402430996379636162e-04 -8.332354669334844033e+00 9.183378714093637374e-02 6.163975475310340180e+00 7.104141718504488612e-01 1.431592675637025081e-01 -1.602888286998289686e+02 2.771295051749517313e+01 -2.842864324521419128e+00
1.502046291817535730e-04 -8.263733453111644423e+00 4.637105524579587801e-02 1.387015059002514872e-01 7.033734782809191177e-01 1.340565134089923560e-01 -1.618710885728510220e+02 2.839584567769703938e+01 -2.995681811560313434e+00
1.672373969336525979e-04 -8.156317670572695633e+00 5.812538565888381026e-02 7.736490143464369584e-02 7.154250989642874092e-01 1.420889867309177990e-01 -1.600360046046395155e+02 2.759596435356509403e+01 -3.005378679185968238e+00
1.520924622107767802e-04 -8.251243372162290868e+00 6.636933424471325171e-02 8.885501812896179352e-02 7.353123624997280894e-01 1.101830018106279702e-01 -1.621752648750476169e+02 2.701864639617767949e+01 -2.985612800344781270e+00
1.797247012104127622e-04 -8.084305769698442390e+00 7.839521834992058125e-02 5.149668775730462979e-03 7.102547523799446205e-01 1.524446659777097812e-01 -1.597007237413319558e+02 2.807699992433765246e+01 -3.011366568014586242e+00
1.240915780812241131e-04 -8.454712186148043429e+00 3.478116698759159409e-02 6.146337276565043695e+00 7.345577765472940390e-01 1.069696531562650543e-01 -1.626521948001262672e+02 2.814951149997929747e+01 -2.695459363801311348e+00
1.663573029905134634e-04 -8.161594109228440530e+00 8.727252028274745665e-02 6.229714064678782748e+00 7.468699108998912983e-01 1.024581290676841727e-01 -1.603230185776487247e+02 2.785826822694659199e+01 -3.079785572892326684e+00
1.309117058770938307e-04 -8.401208917062753301e+00 4.510716300288319935e-02 6.162561319220109191e+00 7.394938184553185856e-01 1.104706979285569601e-01 -1.623476811237216566e+02 2.819879855583196004e+01 -2.678635752116029778e+00
1.633449361422184857e-04 -8.179867874566017605e+00 4.237804548511225899e-02 6.201694531105901298e+00 7.406834822621913839e-01 1.172879597698599091e-01 -1.607446045968679300e+02 2.805456265204403365e+01 -3.251996644007277837e+00
1.532794181625436888e-04 -8.243469493782022539e+00 3.577019053750984945e-02 5.562768148542938940e-02 7.244932836803588128e-01 1.029128341824598336e-01 -1.638311787995426698e+02 2.826377415810804550e+01 -2.692473645058108822e+00
1.588590213662644077e-04 -8.207714861252302541e+00 3.732589297666766281e-02 6.266297468467608489e+00 7.072871037910037906e-01 1.332187428301528365e-01 -1.601922071375305450e+02 2.864511255867136086e+01 -2.895292236515459194e+00
1.729054736013249042e-04 -8.122986962283579970e+00 8.396863010175625863e-02 5.709914386931495833e-02 7.251948690656481178e-01 1.227978711678080342e-01 -1.595845396194848149e+02 2.866719670448808444e+01 -3.190754873974954720e+00
1.561224715121825634e-04 -8.225091239048602176e+00 2.305936773497330172e-02 6.255582369075753491e+00 7.561613908902201642e-01 1.034779157214342771e-01 -1.621675087101126564e+02 2.751239573639341529e+01 -2.976290126599314689e+00
1.400005146105927605e-04 -8.334085913692447889e+00 5.966335386733911950e-02 6.239137365263528245e+00 7.443180130181979992e-01 1.150758553720187816e-01 -1.624052137214553113e+02 2.808618244141253228e+01 -2.625845580705887805e+00
1.492589496795334041e-04 -8.270049297258044163e+00 6.797152894325053651e-02 4.012410145242574500e-02 7.034972437165952774e-01 1.294785835411515762e-01 -1.589912555825121672e+02 2.799741194621702078e+01 -2.655577608890138386e+00
1.392936208358116026e-04 -8.339147926778423425e+00 6.984143959585542571e-02 2.217134965745086797e-02 7.406814737632259060e-01 1.024693090094461051e-01 -1.589273015550314199e+02 2.844315339853631386e+01 -3.242678908964418127e+00
1.551628744018051424e-04 -8.231256644279994816e+00 7.812215177114012477e-02 6.219027889304250267e-03 7.352687334236058803e-01 1.283517755949115380e-01 -1.584443983783057206e+02 2.763404429056076594e+01 -2.932560302171469679e+00
1.463987778554037085e-04 -8.289397758574796882e+00 6.375600737821474073e-02 1.114174627918830020e-02 7.368621067092793187e-01 1.194032040676116790e-01 -1.583680992600289414e+02 2.777153302057011786e+01 -2.691919328259720245e+00
1.734120547001361705e-04 -8.120061430546252623e+00 4.402819527362311636e-02 6.253509539811616946e+00 7.114482016326816316e-01 1.232447818553307206e-01 -1.602216550379761202e+02 2.708405724755141719e+01 -2.628192313287385673e+00
1.732068131221111416e-04 -8.121245679997535660e+00 8.575916514067649654e-02 6.276947549380348157e+00 7.000331049917534187e-01 1.516519459000986725e-01 -1.610070575082458504e+02 2.744029918267037971e+01 -2.669012122905829898e+00
1.258083823597073850e-04 -8.440972037608341694e+00 5.549989015977607743e-02 6.221209387695071591e+00 7.631471800261543370e-01 1.026522929045849408e-01 -1.613619859192052672e+02 2.842593086831058002e+01 -2.928834630292174168e+00
1.361853582257977781e-04 -8.361715126161518796e+00 2.817366662869114080e-02 8.506399815809778664e-03 7.239576138763290647e-01 1.198002350083703788e-01 -1.632443119935549589e+02 2.741485937778026383e+01 -3.090055653653984713e+00
1.792758800677175205e-04 -8.086806163290745531e+00 7.411096061072897090e-02 6.281996606535082961e+00 7.376676491605447250e-01 1.111997586782707409e-01 -1.625084280819260130e+02 2.696731863994888911e+01 -2.773651680369222383e+00
1.570212078030688331e-04 -8.219351134311118301e+00 5.727606530336259993e-02 6.196339182504344123e+00 7.402446162398194085e-01 1.048808675022089021e-01 -1.635846120072503709e+02 2.726193327855647297e+01 -2.859562838435345533e+00
1.533550753307316543e-04 -8.242976025686761687e+00 3.801290429257253578e-02 6.114498430532750994e+00 7.224533949813498612e-01 1.175682417677692687e-01 -1.605477058454545158e+02 2.849952740332506451e+01 -2.934481142752898286e+00
1.569500486683983518e-04 -8.219804418708474003e+00 5.948049179063785719e-02 1.668544221230088831e-01 7.423222479317671540e-01 1.077963817529607599e-01 -1.605714968033209402e+02 2.814676857844444768e+01 -2.914946971214713578e+00
1.473290241512933496e-04 -8.283063666944984860e+00 7.005580707132508245e-02 6.317796164860248198e-02 7.102016611756306608e-01 1.093760903150070712e-01 -1.623560081940511850e+02 2.844999667078579364e+01 -3.129915091098740554e+00
1.291282698335349929e-04 -6.906265506722188974e+00 5.150784582003642420e-02 6.279575965503585877e+00 7.404089143073496748e-01 1.007803462906357167e-01 -1.633153002575205051e+02 2.820402907352537270e+01 -2.671155582172377585e+00
1.580309976248105641e-04 -6.704280555566839439e+00 5.316093863379001139e-02 6.246015120749547123e+00 7.176220120248203438e-01 1.175909465870034754e-01 -1.594732365384390391e+02 2.817948575539719513e+01 -2.636555409939809635e+00
1.242988743072846465e-04 -6.944382814631461009e+00 7.170823250447000419e-02 3.061651454168221043e-02 6.918738595743453290e-01 1.388314747715354014e-01 -1.604174763579324576e+02 2.762151618027452926e+01 -2.712307346094178229e+00
1.630760923753029994e-04 -6.672854840583841707e+00 9.494514245252372309e-02 8.052680047671406313e-03 7.128202495863720234e-01 1.444966273822334835e-01 -1.618395033102149227e+02 2.780478798482022285e+01 -2.765518213618398669e+00
1.428960719118802002e-04 -6.804954160662677332e+00 3.970163428549200457e-02 6.230461585443606509e+00 7.166243395564078078e-01 1.191950073731978532e-01 -1.618856240688380126e+02 2.705997546380722696e+01 -2.765973901017404479e+00
1.307486204273174341e-04 -6.893795205186098229e+00 2.807302554683066553e-02 5.514476487211922295e-02 7.116248770613291530e-01 1.192173774007021375e-01 -1.590364784157976032e+02 2.838274247760191926e+01 -3.074294203694234895e+00
1.335807093131039446e-04 -6.872365897542233704e+00 5.498398808498039525e-02 4.705539241295822461e-02 7.169056728736360462e-01 1.006798569512411257e-01 -1.601000642773603317e+02 2.863739333162434875e+01 -2.974605516055309096e+00
1.527384200961963553e-04 -6.738344971189872190e+00 2.314614436146589238e-02 6.206933699963188111e+00 7.472742922263371224e-01 1.010234117316573671e-01 -1.607839849243715094e+02 2.825316119889598099e+01 -3.243904882460801886e+00
1.495586479636703701e-04 -6.759383146875442172e+00 2.173061448478574853e-02 3.416882686206996339e-02 7.285820446008891560e-01 1.124744790489776991e-01 -1.591972196847748364e+02 2.749100464153547563e+01 -3.025315488307267486e+00
1.299187119690191393e-04 -6.900162794517695097e+00 1.288170956357670427e-02 2.937788053285501563e-02 7.479323659739955943e-01 1.013940980377903284e-01 -1.628482621791193878e+02 2.817960206022368652e+01 -2.983125369615262201e+00
1.640089860500582204e-04 -6.667150537539078492e+00 4.640482307091708947e-02 6.232369579337725618e+00 7.134765067893342749e-01 1.371879719305178491e-01 -1.610259707655033026e+02 2.795687936503366089e+01 -2.806249638748568032e+00
1.588375389596015277e-04 -6.699189844540117456e+00 7.041193349789531819e-02 6.181092279948824597e+00 7.174864183664434458e-01 1.391059233537079165e-01 -1.604664383379772516e+02 2.803264920220732748e+01 -2.888058030683719579e+00
1.339440256456111132e-04 -6.869649763230961881e+00 4.794286260882241191e-02 6.222314512022190769e+00 6.922070185396996811e-01 1.242684450926689749e-01 -1.617440310710344988e+02 2.778262680418508523e+01 -3.097432662952279259e+00
1.321179614566038213e-04 -6.883376585930577107e+00 4.323001279987903622e-02 1.078997102855117213e-01 7.082280904842577218e-01 1.289362331271456941e-01 -1.601226997442768152e+02 2.756568336281461740e+01 -2.999183429721155036e+00
1.260713769313051580e-04 -6.930223526708346071e+00 3.539065633164295566e-02 7.659986447230696105e-02 7.191233763885614971e-01 1.156200679334874609e-01 -1.633001282502375489e+02 2.754976494273342524e+01 -3.078501464223486472e+00
1.392844451090352316e-04 -6.830553546987029989e+00 3.406884249549335664e-02 1.617511331320941881e-01 7.294803602971425827e-01 1.077621514324383911e-01 -1.609321842387635684e+02 2.794110528882126587e+01 -2.844615551748120197e+00
1.552893237731284488e-04 -6.721781774885424277e+00 8.390564745890216614e-02 6.280392970379957696e+00 7.026284674670800756e-01 1.508565761010579875e-01 -1.616007533533794458e+02 2.834950976479150242e+01 -2.929139348903147422e+00
1.585916582329812774e-04 -6.700739045293993001e+00 2.478944449278797091e-02 4.720038389941804552e-02 7.122348375742925120e-01 1.120690519409360819e-01 -1.626386000352245560e+02 2.733715552517934810e+01 -2.892842206070143085e+00
1.514006442854184671e-04 -6.747142160338107431e+00 3.457664268011495512e-02 1.469707089483902884e-01 7.238130821373890411e-01 1.095865579327641032e-01 -1.620823465641786356e+02 2.773729728811591499e+01 -3.064535007468700556e+00
1.495990910018625282e-04 -6.759112767519194875e+00 2.963814754808091756e-02 5.761715584992261469e-02 7.175415574307797417e-01 1.018644049998064793e-01 -1.632912720368282748e+02 2.865583807149624107e+01 -3.054529351784220914e+00
1.621883821111095854e-04 -6.678313244669578097e+00 7.981635270849252173e-02 6.152052081776819392e+00 7.258470988773179089e-01 1.152470701435313605e-01 -1.606588837468692077e+02 2.836959153777124243e+01 -2.991431161904718472e+00
1.246448852072812091e-04 -6.941602980957483737e+00 6.690468983616770782e-02 6.248999165067393946e+00 7.064486270265614154e-01 1.273445323497319759e-01 -1.614330419839873230e+02 2.893793415943007830e+01 -2.982240336353840782e+00
1.375735792165445654e-04 -6.842912861295356031e+00 3.165939687967767036e-02 8.821994736833055351e-02 7.413250376897041471e-01 1.090403276451984982e-01 -1.594657017836515820e+02 2.841080419702601745e+01 -3.112373141323248049e+00
1.282026341612540305e-04 -6.913459665295207834e+00 4.304215052009963127e-02 6.243004292047227288e+00 7.207447037980705407e-01 1.015749005920219411e-01 -1.615998151980853095e+02 2.723096770039146008e+01 -3.117827491780866822e+00
1.537360242912408869e-04 -6.731834753214043232e+00 2.106070255139336211e-02 6.674755541673509096e-02 7.164676982151625406e-01 1.050477627176772122e-01 -1.600960032017162575e+02 2.730124904692182852e+01 -2.997306868706521854e+00
1.376055031806033932e-04 -6.842680838105769325e+00 8.530115510313995841e-02 7.785089555988482235e-02 7.122688636868079737e-01 1.319028046071712978e-01 -1.596263185414372856e+02 2.841388982489118220e+01 -3.101410865587959087e+00
1.494013310249195402e-04 -6.760435575055315560e+00 3.391246332280795084e-02 6.229441980776791787e+00 7.189685173704034593e-01 1.117437294631526967e-01 -1.592897976531334621e+02 2.783361578539616943e+01 -3.243948582115832480e+00
1.395525833772071186e-04 -6.828630284841543663e+00 3.046279789127737114e-02 1.842416431373200200e-02 7.411718278510252000e-01 1.145311219274319919e-01 -1.607369645732864569e+02 2.818246828489828815e+01 -3.196454404576130059e+00
1.389791508246310898e-04 -6.832747829037301379e+00 3.371982333260770126e-02 1.826628930646236396e-02 7.221207586440426818e-01 1.245955802376759181e-01 -1.600445968605881149e+02 2.749657070324224151e+01 -2.722812940115630909e+00
1.413007939830570551e-04 -6.816180848045747531e+00 6.685070117137148493e-02 3.648074609364392040e-02 6.897354649415974315e-01 1.331992810437769292e-01 -1.599510028218269326e+02 2.772603495010994479e+01 -2.805035239545188297e+00
1.465931978728762439e-04 -6.779410367704323370e+00 1.543042418448825615e-03 6.601647829498950848e-02 7.219576841950606783e-01 1.068389610312128896e-01 -1.617016265767503569e+02 2.808656195123793253e+01 -2.977355711118416792e+00
1.241149326511541259e-04 -6.945863744310859289e+00 5.788805191128232330e-02 6.196024571295265737e+00 7.263943362439712059e-01 1.062534146875304675e-01 -1.588060667859464274e+02 2.767869279405765681e+01 -3.114275392557961375e+00
1.345415991719154639e-04 -6.865198318104454245e+00 9.754259818296173723e-02 3.398997658546349526e-02 7.328140902689073144e-01 1.181107106358110920e-01 -1.617477484479423993e+02 2.800080036425500651e+01 -2.969387243431675927e+00
1.299824503968335205e-04 -6.899672312455119361e+00 4.938677973054361736e-02 6.203209417494504940e+00 7.369123109308245434e-01 1.207630733935726036e-01 -1.622989664976405493e+02 2.750924879823590885e+01 -2.803306175123879029e+00
1.296736834422399659e-04 -6.902050589413691206e+00 2.942616464216141203e-02 6.147352065433685731e+00 7.375012538338129309e-01 1.008245860232297453e-01 -1.600458566752304250e+02 2.765636934801701941e+01 -2.773628871680520191e+00
1.570517002458302449e-04 -6.710496704780844368e+00 6.884768354978421101e-02 6.573178807354145003e-02 7.267530734583701468e-01 1.297310504119454366e-01 -1.624302017294868392e+02 2.727731585255577329e+01 -2.902671745376452783e+00
1.431016722124905569e-04 -6.803516384734349387e+00 5.304001643184641512e-02 8.018689133385582812e-02 7.224431256839658477e-01 1.006224109842209641e-01 -1.619796176022081227e+02 2.727798054106872527e+01 -2.869558534149798668e+00
1.481990004135586817e-04 -6.768515788858898041e+00 6.045575725558838265e-02 6.175447610120975206e+00 7.404356604614661386e-01 1.129886129546837092e-01 -1.619773492444157341e+02 2.738566833941008483e+01 -2.967153432607350538e+00
1.656381524425179345e-04 -6.657266152289063044e+00 8.449162757122208323e-02 9.531847716478002164e-02 7.117343509280397162e-01 1.334402307676298138e-01 -1.615452441283331382e+02 2.817774306975634602e+01 -3.176933211476507424e+00
1.330561000530301459e-04 -6.876300912653286801e+00 6.078678930086733878e-02 4.417020854741169483e-02 7.479541018926311180e-01 1.056970381830168448e-01 -1.623934924920469030e+02 2.723374869213323990e+01 -3.037938799272628110e+00
1.544349805005198930e-04 -6.727298587274137098e+00 4.176215930259008502e-02 9.492744780532394802e-03 7.365961659274334883e-01 1.089331257536513969e-01 -1.633022372309484922e+02 2.786267724921964728e+01 -2.645654102570849098e+00
1.250172424221659181e-04 -6.938620089683487535e+00 6.440715993254375604e-02 7.392036568192593068e-03 7.069424914362265611e-01 1.239553169379688236e-01 -1.639005820641099831e+02 2.818497806194231003e+01 -3.020701319131915419e+00
1.409899138697925860e-04 -6.818383401869136939e+00 4.532242004143960390e-02 6.227281306482671752e+00 7.257803768883064333e-01 1.039683053274130242e-01 -1.621045377923685464e+02 2.754165820147197508e+01 -3.255616566411978496e+00
1.413275283299046572e-04 -6.815991664267500028e+00 8.938468858071524359e-02 6.278559166954754467e+00 7.132397615908188104e-01 1.271223134136450494e-01 -1.596148850793832707e+02 2.737801128680944629e+01 -2.952068162324770206e+00
1.461844054804549257e-04 -6.782202880884230289e+00 6.153763730430561463e-02 6.168418989313325440e+00 7.030503506159528904e-01 1.271902558529659499e-01 -1.624016423416352382e+02 2.833912332609556017e+01 -3.146038523999470371e+00
1.475095438200544858e-04 -6.773178879298910715e+00 6.338133291527081603e-02 6.179335596877018943e+00 7.258876531099728302e-01 1.265041543328913887e-01 -1.609947309159229576e+02 2.752544739757606251e+01 -3.118478925751944075e+00
1.373299442656258950e-04 -6.844685374150920154e+00 6.283676851205100000e-02 1.203450088369177884e-01 7.354972838305865457e-01 1.150110554546857206e-01 -1.628594460122030227e+02 2.825921547169618719e+01 -2.875322165410749697e+00
1.352090574806690817e-04 -6.860249602285223958e+00 3.086521127456187674e-02 3.182999487872829186e-02 7.053331209497055720e-01 1.031081009684639282e-01 -1.604680753923846055e+02 2.764932171683304318e+01 -3.060845536390428556e+00
1.459621663909037098e-04 -6.783724303031995362e+00 4.938201994705704312e-02 3.170243607518493517e-02 7.379375410064344942e-01 1.024317280353897325e-01 -1.618727017243735418e+02 2.799938878115598584e+01 -3.362337941645403561e+00
1.437101342889285469e-04 -6.799273442320770577e+00 3.531875852167409846e-02 6.150107285289617920e+00 7.262367037370824896e-01 1.069738933292175287e-01 -1.604576654588834117e+02 2.783875059652807238e+01 -3.210821484610306698e+00
1.619833866538917221e-04 -6.679577978395927040e+00 7.850510597936632973e-02 6.262652463291421334e+00 6.940070465590074678e-01 1.514693174679814236e-01 -1.615219563409340253e+02 2.756958920870472696e+01 -3.027259426200301640e+00
1.482636198072650416e-04 -6.768079852654314443e+00 4.723028001509643747e-02 1.256404569539552596e-01 7.178697867513520459e-01 1.106619800015018612e-01 -1.600132044902304642e+02 2.887773874881010983e+01 -3.066684220568816066e+00
1.263453359552924320e-04 -6.928052837387291163e+00 6.629563529195814375e-02 6.220419100762784481e+00 7.525695862671822889e-01 1.091700535975137359e-01 -1.602967148618763531e+02 2.848592304145602938e+01 -3.004153782737954970e+00
1.350890701331145601e-04 -6.861137417206432332e+00 4.852475548209833622e-02 1.238882801701785170e-02 7.078248159722503319e-01 1.341018433366971407e-01 -1.612941769954954339e+02 2.710439801353675549e+01 -2.851722795239042263e+00
1.357753222069285170e-04 -6.856070279837595649e+00 4.339874079040750843e-02 6.221511275605762670e+00 7.464686564524547485e-01 1.139655794737545191e-01 -1.628397503991434405e+02 2.790018395629689962e+01 -2.938850361101379427e+00
1.480226390261457333e-04 -6.769706528391528977e+00 9.673439250700077707e-03 6.447573774330590812e-02 7.237194774304277489e-01 1.033888275935101880e-01 -1.595016427024735890e+02 2.808087956839428045e+01 -2.766867560639885149e+00
1.505258775455503995e-04 -6.752936743617813597e+00 3.042358153397040077e-02 6.173033329564118432e+00 7.132363926536423593e-01 1.069833310898883061e-01 -1.606483235928382101e+02 2.797011415060152117e+01 -3.227048863933386080e+00
1.462011012179435234e-04 -6.782088677292567702e+00 5.960605019485254452e-02 9.405502043878390117e-02 7.177193959190077965e-01 1.114421981800170908e-01 -1.601367519663815528e+02 2.738714841866735128e+01 -2.717092667828389096e+00
1.280349740138301900e-04 -6.914768295769435191e+00 8.823196019245305166e-03 5.388443931869325854e-02 7.351662515216818017e-01 1.018200310789913188e-01 -1.591598936297771161e+02 2.849729601392936473e+01 -2.998719024181768944e+00
1.414016479137126820e-04 -6.815467349186254964e+00 6.803268573653986628e-02 6.281443611293275886e+00 6.971791577396209139e-01 1.358475169452118825e-01 -1.620575066553316788e+02 2.716613116653143578e+01 -2.852123902589340787e+00
1.306457791112686717e-04 -6.894582072246263849e+00 7.293237328519108775e-02 8.448266408984728137e-02 7.419079415734717298e-01 1.173286194514851360e-01 -1.602111109822255344e+02 2.825770792166049006e+01 -2.804922240825233892e+00
1.334462598253940925e-04 -6.873372908178687624e+00 5.292168163626076449e-02 6.161199627596736228e+00 7.363865448417212800e-01 1.199612064978428233e-01 -1.617853726936306771e+02 2.774471915103304909e+01 -2.884929779932557281e+00
1.659763323484652340e-04 -6.655226554872831102e+00 4.337520166561692481e-02 7.142840343881148857e-02 7.321343185834250367e-01 1.098472136009572137e-01 -1.587815347007262972e+02 2.855760476721036412e+01 -2.835855378421536344e+00
1.349155183022881241e-04 -6.862422964653857704e+00 5.847023555532626649e-02 6.191410796537891947e+00 7.062427393773161866e-01 1.363655314288072518e-01 -1.599653626042051542e+02 2.796616095930265544e+01 -2.753805325200384679e+00
1.340731475981861572e-04 -6.868686228238017222e+00 7.912754157346313377e-02 6.272200894726635667e+00 6.951510176153787857e-01 1.532261508559381591e-01 -1.613364128172158871e+02 2.826965271924886025e+01 -2.909326469015094396e+00
1.237124621768952225e-04 -6.949111737361494789e+00 2.251502139138228387e-02 6.270960422978289373e+00 7.186453280027418344e-01 1.039066682657560081e-01 -1.640629989565198912e+02 2.799929082014068626e+01 -2.993439611113048571e+00
1.402871085360965671e-04 -6.823380658952249433e+00 7.519957642196717362e-02 7.866428105394308867e-02 6.983438182092680524e-01 1.285148738748095321e-01 -1.627159497039100984e+02 2.778836282340563102e+01 -2.888236068199527828e+00
1.404351384051809586e-04 -6.822326023030670150e+00 3.323125282923400370e-02 7.039386627600818791e-02 7.562106314833703102e-01 1.013848254335521226e-01 -1.623349553379304098e+02 2.768356499062385367e+01 -2.918961757168824889e+00
1.538163341597424715e-04 -6.731312501518553759e+00 1.613113073281213783e-02 6.277214351374080792e+00 7.236213970700912101e-01 1.149141230967354876e-01 -1.605395796950353997e+02 2.817201336374919407e+01 -3.198704324131178112e+00
1.542687893417563939e-04 -6.728375290515582918e+00 3.549977502933354678e-02 8.377656181235161245e-03 7.302633822080883963e-01 1.002005380826333086e-01 -1.589074252029843137e+02 2.883710187375565681e+01 -3.169720530258324231e+00
1.569001370836505481e-04 -6.711462223410982197e+00 9.378925901110890528e-03 6.282429821379292179e+00 7.114947191632987611e-01 1.083476226009560395e-01 -1.594871172273655020e+02 2.799666934825123477e+01 -2.901748358639855141e+00
1.368357857161656599e-04 -6.848290194378558127e+00 8.966181102904302591e-02 6.211438235169761235e+00 7.053218276239118234e-01 1.360160459147801704e-01 -1.599996590178225233e+02 2.800960766753601661e+01 -3.136566106117602004e+00
1.354184127294516863e-04 -6.858702417955540476e+00 6.155425321252572246e-02 6.222699298887339303e+00 7.478946887306845426e-01 1.161293804545781155e-01 -1.612272452410812207e+02 2.768724760274660213e+01 -2.745527006234206979e+00
1.425807707909259930e-04 -6.807163105151320615e+00 8.900430961930849705e-02 6.237222886816717882e+00 7.027568888331189312e-01 1.341562133265911394e-01 -1.619475515196768924e+02 2.801046408244206631e+01 -2.753866327927907420e+00
1.449545458825811709e-04 -6.790651540245720597e+00 5.456032133526400596e-02 3.145614286159876399e-02 7.430404189994852526e-01 1.089343803204199934e-01 -1.623090875778769941e+02 2.716322835518369772e+01 -3.080507215047106229e+00
1.277525572318717758e-04 -6.916976510496270159e+00 3.775301117445617471e-02 1.598934698534182006e-02 7.342740012987837295e-01 1.093183737415950735e-01 -1.608652517662345645e+02 2.741052280610900738e+01 -3.264856653747276738e+00
1.315541470776054466e-04 -6.887653225135704105e+00 7.035058142526340319e-02 6.134392581308301118e+00 7.228271725397769076e-01 1.142714422203488234e-01 -1.606863315225389783e+02 2.855750832034681252e+01 -2.983393374427905087e+00
1.596264526670717471e-04 -6.694235342040570913e+00 2.304646001766030849e-02 8.278030538104826086e-02 7.151408837312703826e-01 1.095946206270023149e-01 -1.617060116967892327e+02 2.732273571053900341e+01 -2.809345467429902321e+00
1.299947761937811537e-04 -6.899577490326898932e+00 4.808355593763791180e-02 7.397339515992368275e-02 7.404297242563808723e-01 1.005609391606805542e-01 -1.598193322410097608e+02 2.891901321828860461e+01 -2.866591373164386169e+00
1.285389759111069260e-04 -6.910839584022297366e+00 2.437599610770291303e-02 6.258740991084629002e+00 7.153985174629198251e-01 1.049194753794651519e-01 -1.633229592843669025e+02 2.759997062995111961e+01 -3.078126914262990788e+00
1.550755348894421615e-04 -6.723159436766479757e+00 5.171678219615238881e-02 6.150621064099460966e+00 7.079016891234360953e-01 1.191481781291107711e-01 -1.620466014345869326e+02 2.753403264923865024e+01 -2.907044053319607357e+00
1.383862587211200210e-04 -6.837023005293143996e+00 6.004186098162667129e-02 6.230802991432362603e+00 7.022713222148324608e-01 1.392462790712321041e-01 -1.602569089332549765e+02 2.787993078206690711e+01 -2.696916616063829153e+00
1.391576497822279114e-04 -6.831464295310641255e+00 5.698951686968511954e-02 9.288302973825059150e-02 6.946350913194709875e-01 1.301169708891603272e-01 -1.626749600541934342e+02 2.827907527754114270e+01 -3.003046713375745469e+00
1.325252870754287592e-04 -6.880298283780541091e+00 7.679340764395048424e-02 2.611724829782371016e-04 7.501835677671243596e-01 1.049436517982942629e-01 -1.621034683202354927e+02 2.853130333720677214e+01 -2.939940307026609467e+00
1.309932949657999788e-04 -6.891925618426300915e+00 5.789926577016357712e-02 6.206763513889568706e+00 7.192828845642821323e-01 1.085115916798330693e-01 -1.611171532324248119e+02 2.744482529249764369e+01 -3.184849899386024141e+00
1.529800141097063121e-04 -6.736764470724281750e+00 5.779742076233151948e-02 6.161112034802472159e+00 6.969810973657313280e-01 1.273618685304914178e-01 -1.608762373724838994e+02 2.813691736767665219e+01 -3.136611371833319950e+00
1.610339131049437489e-04 -6.685456773644092188e+00 7.565892188284739639e-02 7.005411489121186712e-03 7.569215543835771109e-01 1.059950161987303491e-01 -1.618276511920491316e+02 2.785496960438821290e+01 -3.000926867629258865e+00
1.490989468632947625e-04 -6.762461598395725915e+00 4.087448931953607811e-02 5.665856483107770125e-02 7.090198380099314024e-01 1.118772596620453558e-01 -1.617603887730214751e+02 2.714745375711336095e+01 -2.940381540747118549e+00
1.296077041390958882e-04 -6.902559529181282016e+00 2.291151773723010265e-02 6.206910893896426806e+00 7.137905579155425784e-01 1.015986056296874357e-01 -1.594993002974048864e+02 2.851223295590338225e+01 -2.845308994362483190e+00
1.610390570912304529e-04 -6.685424830657479944e+00 9.339852740095688777e-02 4.377647171658063940e-02 7.180468100043387869e-01 1.379517131409986330e-01 -1.625231771592858649e+02 2.771720232579333398e+01 -3.033397162829900573e+00
1.279431209482216169e-04 -6.915485959283294903e+00 4.764228102767320561e-02 6.172178975489480024e+00 7.203742176780021378e-01 1.047144487964956489e-01 -1.604997358274320618e+02 2.727541121716198091e+01 -2.801755077768870450e+00
2.557499865731743859e-04 -6.222871404518429017e+00 1.859321165914873397e-02 3.940902709780652255e-04 7.081662293535058161e-01 1.093822709789449427e-01 -1.597647326170899191e+02 2.807114043290897953e+01 -3.122469432949941393e+00
1.351120891461789404e-04 -6.860967032940270549e+00 5.607040556408837695e-02 6.216031142240552754e+00 7.347344225501606374e-01 1.018973670026510764e-01 -1.619455246121325445e+02 2.888907351656177980e+01 -3.231378960566635428e+00
1.261872879393887662e-04 -6.929304541298664688e+00 3.035549009722537939e-02 6.119996868940888568e+00 7.276053212698336825e-01 1.054910042776637802e-01 -1.622606746319639228e+02 2.803063474319350590e+01 -2.994999160070235256e+00
1.452258416896667415e-04 -6.788781697225658718e+00 7.015779747772554753e-02 6.202924592116143998e+00 7.473543019992940906e-01 1.158589625299330378e-01 -1.611841182491849054e+02 2.822106110315741745e+01 -3.093202280591849096e+00
1.459841295730850261e-04 -6.783573842604676329e+00 5.550756615840657382e-02 6.171463295433098573e+00 7.243508951746527869e-01 1.067705015696100990e-01 -1.605853092493400140e+02 2.720597662589718624e+01 -2.881505530470396259e+00
1.995138164728750530e-04 -6.471188267415358908e+00 8.742251503317155503e-02 2.647854010462580981e-02 7.033936045239873591e-01 1.363886007927815336e-01 -1.625693709526283328e+02 2.745826108625548656e+01 -2.885044412609625297e+00
1.555296800771849503e-04 -6.720235174780605725e+00 5.682067156958736653e-03 9.009423212376414108e-03 7.393277246229007504e-01 1.019254459662016776e-01 -1.600609525670081439e+02 2.850259496413382010e+01 -3.090789397771070313e+00
1.448114126780692681e-04 -6.791639463167130408e+00 4.725804664437027736e-02 6.841359846339208073e-02 7.198095742849043299e-01 1.106400587808557684e-01 -1.579729561405316645e+02 2.799761139328466086e+01 -2.913988115712298210e+00
2.048524059384791707e-04 -6.444782008047365451e+00 5.814284630881128013e-02 3.493158838717862896e-02 7.245309604434365669e-01 1.322716068313017079e-01 -1.620417849221487359e+02 2.852206345189350856e+01 -3.081074701536214988e+00
2.277251771488071174e-04 -6.338932218313068745e+00 7.362634308029702979e-02 6.187063838691051032e+00 7.070967137146250137e-01 1.256076383404090835e-01 -1.608079576061585385e+02 2.809071104016491915e+01 -2.730310009483742917e+00
1.890734427319540952e-04 -6.524936231387300722e+00 6.306294111792365431e-02 1.444655304185891165e-01 7.293218789186691753e-01 1.039319873106454711e-01 -1.609692918194098752e+02 2.809198253474542994e+01 -3.118151593988134351e+00
1.530067984302609443e-04 -6.736589402260380055e+00 8.587777630124027173e-02 9.225394872878853181e-02 7.184863777044818711e-01 1.257752468276022439e-01 -1.616861037784105406e+02 2.802769354325529605e+01 -2.740029540563364563e+00
1.727037551403371590e-04 -6.615494028214730982e+00 4.597241084495617969e-02 1.563361877697747471e-03 7.179590660766527188e-01 1.289865841279764502e-01 -1.598995134312375512e+02 2.720817178595486041e+01 -2.998069593658970078e+00
1.425521772652662135e-04 -6.807363667913006289e+00 7.093849530551443738e-02 4.628800414414566827e-02 7.167220164778472791e-01 1.305875578794611636e-01 -1.605615267121874012e+02 2.705065377584414676e+01 -2.741214756962198074e+00
1.578494334083357497e-04 -6.705430131283673489e+00 4.881231573235456089e-02 6.234375443037453834e+00 7.557997901122515128e-01 1.081706366626918187e-01 -1.605509265639892647e+02 2.761770989021950129e+01 -2.850553931704203237e+00
2.388522026917989558e-04 -6.291226794985316673e+00 4.033592908886862727e-02 6.239241543769565190e+00 7.547634872149099339e-01 1.000593275263583076e-01 -1.595471273696447270e+02 2.851913449284743152e+01 -2.921259059313050521e+00
1.531459670879809160e-04 -6.735680257003630267e+00 5.933927719982445836e-02 6.179885087796629151e+00 7.425699512728489715e-01 1.091449576510497149e-01 -1.607755510617365644e+02 2.739304586637258865e+01 -2.748305838070757012e+00
1.723203301323308727e-04 -6.617716627634393056e+00 4.852541384840314276e-02 6.213028412432239911e+00 7.132625247196300311e-01 1.359203821956059544e-01 -1.608407347221918258e+02 2.834760671579556046e+01 -2.891307810772660858e+00
1.667140785250918007e-04 -6.650791516399969794e+00 3.393418236480083561e-02 6.218463017634420886e+00 7.438193114128680561e-01 1.095706622996531765e-01 -1.631301119929952961e+02 2.790482604041705272e+01 -2.844963497962799792e+00
1.408477448515041669e-04 -6.819392273650090708e+00 4.930486267776668097e-02 3.641865508899309878e-02 7.264826781956352786e-01 1.213678531176110159e-01 -1.580927156848885602e+02 2.811402225359544005e+01 -2.955151210156019559e+00
1.702383048005428430e-04 -6.629872508450237234e+00 7.055026638261296945e-02 1.705190537974689627e-02 6.877930301248430522e-01 1.464805272639487788e-01 -1.605654532794595752e+02 2.759576131291829881e+01 -2.826465380704082264e+00
1.530307108129683169e-04 -6.736433131332571378e+00 7.398817669742674408e-02 1.140457371273531223e-01 7.232070357730906451e-01 1.213854150964533002e-01 -1.600339696859181231e+02 2.846454163312456132e+01 -2.829137844133091662e+00
2.822479658878627030e-04 -6.124285760621176244e+00 4.078502340250533820e-02 6.261994738717527653e+00 6.962237762839893485e-01 1.196216902665890036e-01 -1.604645819907220243e+02 2.792131262252489776e+01 -2.784401565182910154e+00
1.792171145329472153e-04 -6.578473755663676314e+00 4.677451800362542045e-02 6.282895169018753556e+00 7.512401023128597588e-01 1.059228518125569923e-01 -1.586899018302180480e+02 2.812817152711327751e+01 -2.883999922170634278e+00
1.267625655275876942e-04 -6.924755982980417279e+00 1.011274204148406852e-01 3.156302168833210325e-02 7.307612550472269985e-01 1.271165710544359395e-01 -1.607145255980617549e+02 2.780599391556798494e+01 -3.002444691364837936e+00
3.513923673820128451e-04 -5.905168301930826757e+00 5.268336672708817670e-02 9.114670210836078867e-02 7.224344940450891928e-01 1.257984947429058309e-01 -1.622678704035711803e+02 2.839121927991317307e+01 -3.125177121696798288e+00
2.053410388317272739e-04 -6.442399555911165088e+00 2.776552052511338520e-02 2.172759468006473871e-04 7.313464433714725876e-01 1.059183407399231364e-01 -1.583506739552533986e+02 2.751360730758634077e+01 -2.825866549548958773e+00
1.299332921595032053e-04 -6.900050575329334634e+00 5.458690382840869493e-02 6.007546261630621054e-02 7.175893339730026188e-01 1.112924214034702874e-01 -1.581031606982271569e+02 2.796141709157701172e+01 -2.872869278338860966e+00
3.326704542785408622e-04 -5.959919383664979975e+00 3.497143235697308672e-02 6.176917381206409985e+00 7.335234702400073026e-01 1.028371862645949819e-01 -1.607702979678937822e+02 2.722432909838573423e+01 -2.884485505829985641e+00
1.303519958858818570e-04 -6.896833304843675627e+00 5.249037773752252001e-02 6.163126619912792314e+00 7.481461581521047233e-01 1.070478384094482316e-01 -1.613667740682616341e+02 2.845864777860424155e+01 -3.099028642718200111e+00
2.469591460577063940e-04 -6.257848834478648925e+00 7.006121298081069426e-02 7.147387011374056742e-02 7.063888849963982919e-01 1.369784407731034492e-01 -1.620735468456221611e+02 2.822551383976185235e+01 -2.769260120557708760e+00
1.448610765646183955e-04 -6.791296566351724628e+00 4.658007366210670241e-02 6.421333331667618272e-02 7.282393898167317525e-01 1.227956579659766206e-01 -1.616000724255825958e+02 2.776381845061520792e+01 -3.238111116105571341e+00
1.849291581891039508e-04 -6.547098933815499677e+00 5.730244123973804449e-02 1.484216511679046224e-01 7.113759303301994130e-01 1.167020702695039103e-01 -1.622702916890959273e+02 2.791449194045964077e+01 -3.014014681403618390e+00
1.812940762454508194e-04 -6.566951313393618150e+00 6.120904965162199396e-02 1.543507694816175779e-01 7.256698155785855642e-01 1.169719767406228739e-01 -1.603727397201395206e+02 2.832774628797329797e+01 -3.082901699461269018e+00
2.596700082549151288e-04 -6.207660130969612666e+00 6.060562408128322698e-02 6.192099106343067483e+00 6.935420104403746677e-01 1.249067037467654490e-01 -1.611122426069588869e+02 2.821440330759339332e+01 -3.041254714870880171e+00
1.983278446537723133e-04 -6.477150314370359041e+00 7.395148558999464772e-02 6.217393534431056246e+00 7.119909553237471211e-01 1.312782708912485219e-01 -1.586253151454864110e+02 2.788571108437909629e+01 -2.888925682111811000e+00
1.933976856969944020e-04 -6.502323140309197669e+00 4.136459804866021717e-02 3.334080029677815443e-02 7.477849063432282506e-01 1.091116221259977315e-01 -1.595739834995511046e+02 2.811401886021847218e+01 -2.751953063796928056e+00
1.817659642031551085e-04 -6.564351808238214403e+00 3.680478110252349833e-02 6.237973921409944111e+00 6.994077646911163182e-01 1.225345264096694836e-01 -1.617355596793073005e+02 2.766251336964964480e+01 -3.125823633581275018e+00
1.906948796133867000e-04 -6.516397095084869306e+00 7.657304837750389392e-02 6.265430907702508989e+00 7.412309251653791398e-01 1.278784079456373457e-01 -1.605584742659937660e+02 2.776540785526166033e+01 -2.999462758378470539e+00
1.775269536637763470e-04 -6.587949307836270307e+00 6.186809473339238696e-02 4.341955979162528262e-02 7.263657921375790139e-01 1.279093884099822553e-01 -1.585110681963055868e+02 2.804371389391385705e+01 -2.991888679303489340e+00
2.212599868405937156e-04 -6.367733335718445353e+00 5.735691763718420155e-02 6.153769551222684875e+00 7.200638649445613160e-01 1.087924842449143475e-01 -1.593086024167196229e+02 2.836498881765475844e+01 -3.043704816316155082e+00
2.609671967182893601e-04 -6.202677040498128846e+00 3.726233306933768308e-02 1.617239202945482124e-02 7.108595771701644583e-01 1.172442590066174045e-01 -1.626689049653439270e+02 2.765825816459866004e+01 -3.172990830595501244e+00
1.372972911878760137e-04 -6.844923173419806162e+00 6.196121162144774264e-02 2.161433325160266872e-02 6.945061413815675211e-01 1.300550674634487758e-01 -1.624073689310166060e+02 2.778929282080849816e+01 -3.151404964552533272e+00
1.994604021468949042e-04 -6.471456025700510928e+00 5.825944230252122491e-02 2.416606774023347462e-02 7.203376738173589144e-01 1.373291390557740688e-01 -1.615486165514778918e+02 2.796980002223203954e+01 -3.152268308026444643e+00
2.320600137404374690e-04 -6.320075738720252190e+00 5.345088812661491495e-02 6.257310608306709376e+00 7.458436675086864698e-01 1.178415231760461951e-01 -1.625054333272855160e+02 2.764456483967642342e+01 -2.906302199018835353e+00
1.493191775155387790e-04 -6.760985611019391328e+00 6.514348261499969261e-02 6.175607511144932893e+00 7.494037464284589722e-01 1.001280840598751665e-01 -1.612311836706998633e+02 2.860504912887296314e+01 -2.993490808431484851e+00
1.470862726145520205e-04 -6.776052453688977018e+00 3.934966935944872457e-02 6.277330649210985491e+00 7.354478720024982819e-01 1.014708462590092619e-01 -1.623643664885710223e+02 2.704221535283452127e+01 -3.078891138553108142e+00
2.293322443319066822e-04 -6.331899956149130482e+00 6.143186533811362260e-02 6.178583059814958034e+00 7.112353016268923023e-01 1.098656621931725086e-01 -1.609972675246236236e+02 2.849015082417511024e+01 -2.892405271674903133e+00
1.859717481272352634e-04 -6.541476986462936516e+00 4.821046372402348901e-02 9.968225434833119514e-02 7.070329310160662351e-01 1.353153343847782186e-01 -1.605570588371316489e+02 2.802266520384200277e+01 -2.851431284317403225e+00
2.583284650971241683e-04 -6.212839861128012231e+00 3.212501246008825362e-02 6.235077783621941094e+00 7.253107766989488336e-01 1.098734153307892591e-01 -1.605705978114436903e+02 2.722886024468596133e+01 -2.668887887409421289e+00
1.765703703349039632e-04 -6.593352261154919347e+00 8.749141909261604066e-02 6.191312405956147735e+00 7.227533451233437711e-01 1.266350567259961202e-01 -1.615097672858496480e+02 2.742736582200400264e+01 -2.924010618360375346e+00
1.308905405076141594e-04 -6.892710351575434657e+00 3.817317119100926970e-02 7.895708177933317973e-02 7.092830282009441323e-01 1.135973714184247418e-01 -1.600527072588512283e+02 2.727708039677306928e+01 -2.778865600232185429e+00
1.744373122238119600e-04 -6.605506322021254206e+00 6.464704994983039299e-02 9.380573096604580274e-02 7.359816747675635984e-01 1.182360378785050625e-01 -1.614586665179087390e+02 2.786467190306418473e+01 -2.678780983720310260e+00
1.502357696600254919e-04 -6.754865899001777585e+00 8.960712285688177126e-02 6.208759042585709764e+00 7.201483962337177358e-01 1.390499923202294652e-01 -1.605778394083270655e+02 2.755016528565074196e+01 -2.849639365237388589e+00
1.575144179587632581e-04 -6.707554760179117004e+00 2.959429949211311861e-02 9.547520166937702168e-02 7.098265595367840852e-01 1.233291169384680419e-01 -1.615305448020632753e+02 2.812757633112211764e+01 -2.794582564643408595e+00
1.435126651566609153e-04 -6.800648466613834486e+00 6.572922837369621352e-02 6.166618466709370416e+00 7.142914392763538567e-01 1.209415586687553196e-01 -1.600381453305095079e+02 2.734975234551284728e+01 -2.842338641915476138e+00
2.708972163202755267e-04 -6.165332283484766585e+00 8.413485153178279496e-02 2.406250061956191622e-02 6.919743357475867107e-01 1.413563572317659278e-01 -1.614815224080552412e+02 2.797718009556443519e+01 -3.089798346732908207e+00
1.878377076963314929e-04 -6.531493423775660112e+00 8.423371531787282596e-02 6.273730921221927659e+00 7.308304550071879069e-01 1.188709396962797094e-01 -1.622787315537410677e+02 2.783780383063682962e+01 -2.691905483520948827e+00
2.660898562408800169e-04 -6.183237699695217415e+00 3.551982544585197132e-02 6.149291254801673823e+00 7.118567906886488217e-01 1.126720785917117440e-01 -1.613239721906787167e+02 2.786113818100904993e+01 -2.792330991105163029e+00
1.465053006983524830e-04 -6.780010146806483284e+00 3.384781771049027999e-02 6.191133649707182940e+00 7.056275498389529277e-01 1.092756107063592858e-01 -1.600819319274017403e+02 2.784433244833461885e+01 -3.138142007077249218e+00
1.885732299357959472e-04 -6.527585337681054867e+00 2.438347914532634775e-02 6.159973739939340831e+00 7.104544169476950666e-01 1.056117093580919153e-01 -1.601555135778831414e+02 2.805881506257362901e+01 -3.090190371244789347e+00
1.382106737892346046e-04 -6.838292614134267922e+00 2.522259386134684256e-02 6.203170925250753420e+00 7.107878108802175854e-01 1.170090893857980846e-01 -1.618127104546153419e+02 2.797515776597353465e+01 -3.201838223407960093e+00
1.268958849097767726e-04 -6.923704810474748506e+00 5.234402480866584551e-02 9.543702408794517422e-02 7.037542139596316693e-01 1.177140880012713109e-01 -1.622925057646007190e+02 2.860006787278657114e+01 -3.153906264879760002e+00
1.888026024782820116e-04 -6.526369718921023022e+00 5.147802677607493660e-02 6.222859804410035167e+00 7.298364207211049948e-01 1.049416955723889711e-01 -1.586619521352155289e+02 2.733410093615867709e+01 -2.952697263723333521e+00
1.769441796710923540e-04 -6.591237443105692151e+00 8.989962771285975318e-02 6.236893736291537316e+00 7.067096419865359636e-01 1.381821330095910627e-01 -1.591522934927482993e+02 2.781084270372824463e+01 -2.957046259357123397e+00
1.265757458355951885e-04 -6.926230846571730382e+00 6.607923137736670949e-02 7.611667411112715831e-02 7.006223056816479611e-01 1.337440957089378601e-01 -1.617278315527650534e+02 2.813785925061462834e+01 -2.693094306383527758e+00
1.417397964344915644e-04 -6.813078799658841334e+00 9.427204854200144091e-02 6.277033602744475971e+00 7.179276151923370541e-01 1.312517679348351451e-01 -1.599289831199550918e+02 2.731244689607642684e+01 -2.916052070160346510e+00
1.559267595687855519e-04 -6.717685349789411120e+00 4.301869728470153476e-02 6.296937128251831051e-02 7.132763034372462396e-01 1.124430953255878413e-01 -1.638593024445333981e+02 2.807017532933009463e+01 -3.078572299206232543e+00
1.319226610687510113e-04 -6.884855906965354322e+00 4.949948886493582556e-03 6.280550175951658431e+00 7.342944468957119941e-01 1.088082133964662634e-01 -1.617115219086228990e+02 2.804307121948917825e+01 -2.922241776717562800e+00
1.694508495591914952e-04 -6.634508845182297776e+00 8.823767125850401349e-02 2.258995117354665669e-02 7.323002436907076751e-01 1.287973273062771873e-01 -1.614218590634171164e+02 2.729068258905692446e+01 -2.854580420529746476e+00
1.829994145225515251e-04 -6.557588803344374995e+00 7.212847011964240718e-02 6.274138330742689895e+00 7.437171893828289360e-01 1.008013731781713940e-01 -1.621933829026285139e+02 2.811089044445058605e+01 -2.718069154977104773e+00
2.363623271790860948e-04 -6.301705844512207833e+00 6.714819511303571353e-02 3.345490771046704531e-02 7.273682517804962444e-01 1.121132619525547769e-01 -1.604619446985937543e+02 2.827588474157133192e+01 -2.646178310101117148e+00
1.699292154300049225e-04 -6.631689786333746284e+00 7.122120493030681398e-02 8.073308745272471387e-02 7.404636317048766125e-01 1.187575063711165668e-01 -1.617501437823027004e+02 2.784010612941489882e+01 -3.154203463237297278e+00
1.651897743237960208e-04 -6.659976796445652880e+00 3.000867353299840889e-02 7.088872919204280976e-02 7.296477984472610201e-01 1.133599824981774001e-01 -1.622887237541157219e+02 2.756083938633080521e+01 -2.688283556955488152e+00
2.083307555531669665e-04 -6.427944769203413955e+00 7.273525158413163272e-02 9.780623858272559368e-02 7.186773099348287008e-01 1.237143580372694479e-01 -1.630346550939483450e+02 2.839155735814130566e+01 -2.926393634851902625e+00
1.283875479488351661e-04 -6.912018348888852692e+00 2.175427148952668865e-02 6.194038867053047070e+00 7.237428941351786715e-01 1.120734714716350444e-01 -1.609209959512583055e+02 2.777734342074189655e+01 -2.677194881299593376e+00
1.619870576160657195e-04 -6.679555316068300996e+00 5.507125522619971125e-02 8.442537883150301459e-02 7.185990674695502678e-01 1.317818318997866778e-01 -1.620149974919542615e+02 2.841053537632426540e+01 -3.150254615020493532e+00
1.284519337922810419e-04 -6.911516978582712412e+00 7.758354486679486239e-02 1.405176494964156531e-01 7.216331666034601078e-01 1.267903565700312096e-01 -1.604059630959893070e+02 2.784146786819929886e+01 -2.987111368621708785e+00
2.323146878381332785e-04 -6.318978891185861535e+00 8.547508631611633323e-02 6.229187243706673982e+00 7.054874177975298810e-01 1.321742490674201465e-01 -1.628006657829973278e+02 2.817035810075713087e+01 -2.935172430302523949e+00
2.050714764853360799e-04 -6.443713172699608194e+00 6.515155318140586349e-02 2.932804141746825355e-02 7.363828104567086141e-01 1.183390832383204860e-01 -1.615153320597261200e+02 2.765672403755298348e+01 -2.605147467292043828e+00
2.210716072236163442e-04 -6.368585093227494554e+00 1.318332073458816645e-02 8.102896559641812116e-03 7.202383996814997191e-01 1.046545096342793441e-01 -1.596007986473815095e+02 2.769923130720264481e+01 -2.732990459693191987e+00
1.781812393303413189e-04 -6.584270526085691522e+00 6.240996111865415585e-02 6.203013533424997838e+00 7.407659284507066566e-01 1.141270729444130022e-01 -1.587609488210137556e+02 2.814153119673579084e+01 -2.980625505517764395e+00
1.250699603458145135e-04 -6.938198493345525186e+00 6.788238935375934258e-02 1.157482267642062851e-03 7.288285841804916787e-01 1.196945918165300132e-01 -1.593736845043940207e+02 2.704963868540427541e+01 -2.771621155622638888e+00
1.284374094024341175e-04 -6.911630057542558880e+00 6.586959611951992422e-02 6.279996101671906139e+00 7.499749410023917040e-01 1.026222629526324509e-01 -1.618434000577213396e+02 2.787441448432520374e+01 -2.630251162041754576e+00
1.516543618329553166e-04 -6.745467760630517340e+00 8.624776144521850707e-02 1.135278192251849977e-01 7.279491761914844705e-01 1.190663642761179419e-01 -1.600440649897445269e+02 2.805254008468888216e+01 -2.965946349454999798e+00
1.451547100971190853e-04 -6.789271617046617635e+00 6.692545661154403192e-02 7.940331959608332157e-02 7.252310749339995199e-01 1.048070198894765770e-01 -1.589486585931783225e+02 2.830503267925121946e+01 -3.001950597058780090e+00
1.473618629780539403e-04 -6.774180542064057065e+00 3.368209815101241844e-02 6.262348024309122962e+00 7.178842729902010777e-01 1.023795677012400568e-01 -1.618884157545193148e+02 2.758414989239932424e+01 -3.236391006564565131e+00
2.468080586966107221e-04 -6.258460812610681323e+00 5.832752518775952133e-02 6.194553901981658228e+00 7.437173436761326251e-01 1.128376137469480067e-01 -1.612552597704869299e+02 2.759159551978751423e+01 -3.108988442537721220e+00
1.792566066410756771e-04 -6.578253420916915672e+00 7.571693908441579079e-02 6.269159393369716504e+00 7.319311672673981528e-01 1.190171015756197326e-01 -1.623463423056343800e+02 2.768382731534835273e+01 -2.636488895623834594e+00
1.415233514845675865e-04 -6.814607025223224923e+00 7.384523123978126158e-02 6.246931683932841928e+00 7.374840539667304462e-01 1.140209674091143127e-01 -1.607693659499249748e+02 2.869380066601673462e+01 -2.803885088755999178e+00
1.550635548219342884e-04 -6.723236692861640940e+00 7.004578076911993634e-02 1.206376493246267834e-01 7.445682206546210269e-01 1.043843078360987831e-01 -1.604661581008732583e+02 2.773738659959368391e+01 -2.999298173887668284e+00
1.356541974020007235e-04 -6.856962775341713723e+00 9.252929530194997643e-02 5.649378315825569728e-03 7.205168703456964474e-01 1.203284718538780024e-01 -1.619225279541635132e+02 2.774504804656729817e+01 -2.766454818824081840e+00
2.460082871687106656e-04 -6.261706533807726238e+00 6.323791548430746090e-02 6.165030186506454513e+00 7.386342225294291186e-01 1.188497380498221845e-01 -1.606405952930671788e+02 2.785711506625398926e+01 -2.988230236462503520e+00
1.240675298995786466e-04 -6.946245743519543936e+00 4.031182954607737123e-02 6.275168399407584197e+00 7.191360253072901498e-01 1.150148925335405803e-01 -1.643174759516941208e+02 2.780873725512494943e+01 -3.011840315931610945e+00
1.242629026173444574e-04 -6.944672253262264228e+00 9.555027533432935982e-02 6.204547126210615104e+00 6.977433382066445811e-01 1.425247285221890592e-01 -1.612303627398363801e+02 2.815949391011102065e+01 -3.042205010979255775e+00
1.840471806519706317e-04 -6.551879615523690248e+00 2.416697899593622800e-02 6.150733547359839293e-02 7.060243062583925200e-01 1.129604782037616634e-01 -1.626157293155259254e+02 2.767443553765713915e+01 -2.990527753494484742e+00
2.114273056788952890e-04 -6.413190525819306487e+00 3.054625144549782956e-02 5.771798861812320325e-02 7.066839972327225716e-01 1.146655228786700037e-01 -1.605037423469457281e+02 2.775778684108598426e+01 -2.692525619975949525e+00
2.761638125325310638e-04 -6.146077543530122256e+00 7.211152174454549257e-02 6.257488401820847201e+00 7.249338579006394667e-01 1.235188849939853756e-01 -1.607384912052212371e+02 2.881577941179602931e+01 -3.154332071943430904e+00
1.404712203709036040e-04 -6.822069126276335993e+00 5.747147355759996135e-02 1.530757187394782282e-01 7.305412640972523963e-01 1.143984756958301985e-01 -1.623761442220186382e+02 2.829728945740728108e+01 -2.969709975050765394e+00
2.616029324474083962e-04 -6.200243927668790178e+00 8.154022423968787514e-02 6.256966085497308150e+00 7.399358090768161089e-01 1.114801543863678940e-01 -1.626627199751507078e+02 2.799325008281183713e+01 -2.816684295075888578e+00
1.433521110324591794e-04 -6.801767838208349737e+00 4.211655142638293103e-02 6.256918670856939535e+00 6.988632410310348098e-01 1.258410966205480153e-01 -1.620941359074654429e+02 2.736426883400672239e+01 -3.026988743746681365e+00
1.895446457695542991e-04 -6.522447162348145255e+00 8.677475666857281666e-02 6.277055429705644229e+00 6.870611685526133439e-01 1.442914619331397974e-01 -1.609059830684522581e+02 2.799912747860844320e+01 -2.883281561369677171e+00
1.731848171545217834e-04 -6.612712425335109501e+00 9.263029983209025708e-02 4.131331619193494287e-02 7.083983296210584202e-01 1.307812731650889460e-01 -1.620474521529001777e+02 2.833805574033748798e+01 -2.912805605007617871e+00
1.584445248815705425e-04 -6.701667225544770012e+00 3.285358505334534662e-02 1.110909691826689021e-02 7.102100016542847172e-01 1.099188053046313701e-01 -1.630005686188507070e+02 2.770557404811857438e+01 -2.719032224378223894e+00
1.490974950212147463e-04 -6.762471335883341261e+00 7.066701594099500383e-04 3.297021912670378141e-02 7.182657191132588714e-01 1.046341041746209344e-01 -1.602516979745116714e+02 2.786128493772110915e+01 -3.029151346388633925e+00
1.269193323990435883e-04 -6.923520050163035400e+00 5.047021581156185821e-02 6.228270872261302493e+00 7.227214793569824991e-01 1.028754097404593337e-01 -1.601117618447245263e+02 2.892353961484700520e+01 -2.886809702757078711e+00
2.297131778741826015e-04 -6.330240278865399972e+00 7.332344648268696030e-02 6.166612524445651111e+00 7.271709981182966631e-01 1.116255687856530510e-01 -1.614770935882987715e+02 2.767655273594143850e+01 -2.786919534237020102e+00
1.283358024657027844e-04 -6.912421471423281893e+00 7.969906495722900441e-02 6.226053096515284047e+00 7.342109114566786054e-01 1.315553216301602046e-01 -1.603759341279073851e+02 2.815387137868896517e+01 -2.849225408070703125e+00
1.331569432532826074e-04 -5.736058025496117097e+00 1.570399986908632695e-02 6.204260687533976970e+00 7.330110559004852089e-01 1.018463086738431861e-01 -1.628243607167172513e+02 2.770635332931437134e+01 -3.005598901625594621e+00
1.521502867434423433e-04 -5.602717721545605656e+00 6.427078001361963278e-02 2.700737577625803368e-02 6.969711762182423387e-01 1.270127904088319271e-01 -1.603332130678374483e+02 2.767418015927597352e+01 -2.793506425695144735e+00
1.530101069671838088e-04 -5.597082504677301174e+00 3.269839483840408789e-02 5.688259046973741934e-02 7.040431490852990803e-01 1.213681090949421115e-01 -1.622966406072333712e+02 2.829086357464188950e+01 -3.034350685147035875e+00
1.319535282294700409e-04 -5.745136680765561721e+00 3.320618771744510145e-02 6.173814122655593373e+00 7.355996313885589943e-01 1.007413000182652424e-01 -1.606201643958387990e+02 2.804663172667221005e+01 -3.250918581682902264e+00
1.251479626201941540e-04 -5.798089744254781408e+00 2.961226800755856203e-02 3.759853601713067373e-02 7.317714456521944300e-01 1.008921075411152724e-01 -1.634382501017066716e+02 2.755691407296223616e+01 -2.762560010669279364e+00
1.295144568677472001e-04 -5.763793971543876182e+00 6.854821806186661703e-02 2.540273002447925380e-02 7.330289706138687356e-01 1.301087180944097976e-01 -1.605725838719847047e+02 2.745855427267807158e+01 -2.845375521237349936e+00
1.357446678822282619e-04 -5.716810803406677799e+00 4.028676812375808769e-02 6.223032716382987495e+00 7.204367782421845501e-01 1.164928298789618677e-01 -1.637204437665942010e+02 2.802175725773342663e+01 -2.997594845965528165e+00
1.744901740374852066e-04 -5.465718051680720890e+00 4.373771330741360597e-02 6.257806193441364684e+00 7.179445927640558667e-01 1.083425929036217622e-01 -1.623765913516584760e+02 2.807230785376091475e+01 -3.256077230382603105e+00
1.592041844877698442e-04 -5.557398924961242770e+00 3.131265335080668510e-02 8.309269207183157813e-02 7.460928919137098658e-01 1.033006887312965111e-01 -1.613575135673568184e+02 2.816533696218387206e+01 -3.188387873650651017e+00
1.542365315754127078e-04 -5.589099139080216716e+00 1.416911312155022529e-02 3.729305539796244628e-02 7.280725084058637941e-01 1.053763883030576359e-01 -1.598540248798421430e+02 2.828182381166222115e+01 -3.172528242352807837e+00
1.446463276210102199e-04 -5.653294839430261121e+00 7.574587680874711459e-03 6.247075328937084393e+00 7.179407781105712205e-01 1.058045263686064330e-01 -1.610090660491075596e+02 2.841946733250244606e+01 -3.071664093023005471e+00
1.619673172936878273e-04 -5.540191912718595901e+00 5.324649084204557958e-02 8.438888887547915663e-03 7.195855558222664650e-01 1.063343017491814313e-01 -1.610626981837856988e+02 2.876161307858732386e+01 -2.859425340045662622e+00
1.374450603645578444e-04 -5.704362206221180287e+00 6.241050905671030602e-02 6.185327285346075676e+00 7.320369274370417401e-01 1.058014087408981341e-01 -1.595690928630901908e+02 2.798677054087950111e+01 -2.771797596698606370e+00
1.490145554758133431e-04 -5.623542493565555134e+00 3.775693223620391059e-02 1.324139927092639890e-01 7.370293721851384205e-01 1.004258575127952441e-01 -1.615230221304619818e+02 2.805637409802513815e+01 -2.755191228288229155e+00
1.394836153662149403e-04 -5.689639340705618054e+00 4.532477297426651397e-02 6.267653657537013423e+00 7.280959068235164366e-01 1.288628670063515780e-01 -1.621962650309689593e+02 2.778580976435790362e+01 -2.948239268837089533e+00
1.271945649372727323e-04 -5.781868560984438687e+00 6.022644129990228912e-02 1.378932656004644777e-02 7.245592048444116084e-01 1.028472783997562423e-01 -1.632039383909516914e+02 2.831708652405578874e+01 -2.982275690468862983e+00
1.314988349300162044e-04 -5.748588490766225689e+00 5.590625430451079403e-02 6.173494744649538291e+00 7.311923209517608990e-01 1.236425908142917279e-01 -1.608091787936272112e+02 2.828464290377113954e+01 -2.961390971390089888e+00
1.367156952458811379e-04 -5.709682930099052811e+00 5.162079271142372416e-02 1.045114281016037983e-02 7.378857823766961088e-01 1.072998039464714698e-01 -1.584163760992398693e+02 2.768407687252566518e+01 -2.792569195097989621e+00
1.490785971802356257e-04 -5.623112817775709260e+00 4.115490436740498748e-02 4.728928768178178310e-02 6.954693697687038823e-01 1.243950676046223641e-01 -1.609764063553749338e+02 2.819936153130175782e+01 -2.873279103487216268e+00
1.580021426862088187e-04 -5.564977888256876781e+00 2.539529320148270486e-02 6.253463207671366320e+00 7.180622063788129061e-01 1.121098151878034410e-01 -1.619154557365871483e+02 2.732956545958326089e+01 -3.016440496659393844e+00
1.524646372319632100e-04 -5.600653800343007305e+00 4.312564851739064675e-02 6.187668142923856252e+00 7.426741713058688799e-01 1.026197574452559214e-01 -1.627396134081569130e+02 2.847015145973896821e+01 -3.124643704673020217e+00
1.549525817879680379e-04 -5.584467336330633636e+00 4.133013668222484949e-02 6.198697736696413330e+00 7.205193799237462615e-01 1.093214650403772498e-01 -1.616083921430541182e+02 2.886605324126417926e+01 -2.914727204290437079e+00
1.540611291311131520e-04 -5.590237016434350004e+00 6.485830650758073190e-02 2.292150463407425023e-02 7.453391711682483267e-01 1.020208229131269739e-01 -1.591122434056497923e+02 2.759540723373282844e+01 -3.003239590585433660e+00
1.485623808680296924e-04 -5.626581539274909005e+00 7.049525335218398414e-02 5.336138252749837024e-02 7.450065564749518421e-01 1.078373620348837131e-01 -1.626754214099279920e+02 2.807291880212559221e+01 -3.084538798050782127e+00
1.268401830855134639e-04 -5.784658589391181494e+00 6.019100968436763566e-02 6.158395255362747456e+00 7.140215252188009121e-01 1.193147969419978555e-01 -1.610707622830653918e+02 2.820730533272380924e+01 -3.189596073334048931e+00
1.257630956903024245e-04 -5.793186538261076990e+00 1.171075475945426714e-02 6.185815666784524325e+00 7.186570443720208257e-01 1.036492036514266302e-01 -1.599428103825737253e+02 2.801016393951011452e+01 -2.964705196734643167e+00
1.406028150182840424e-04 -5.681647481853705273e+00 2.934590806231496263e-02 1.176897727992467224e-01 7.320524272776091079e-01 1.033754484950006325e-01 -1.615462479763516512e+02 2.880830718565202631e+01 -2.995533818027587003e+00
1.456086818084216571e-04 -5.646663720706996514e+00 8.465833409377010454e-02 8.369633702627551908e-02 7.256930693912074792e-01 1.224457189208511682e-01 -1.609250328204563516e+02 2.799893174777823290e+01 -2.794733665506989873e+00
1.372347416373945845e-04 -5.705893580328281978e+00 2.115482842610927339e-02 6.210808719944918899e+00 7.271363290196423135e-01 1.004765205635200220e-01 -1.625607119352798691e+02 2.819742954988907613e+01 -2.731816217434648308e+00
1.471577322492474574e-04 -5.636081462482141369e+00 8.974062437355989630e-02 4.459895376656915211e-02 7.194401415933946442e-01 1.332993284019168556e-01 -1.614444583491209073e+02 2.796694718001363356e+01 -2.776240008339474485e+00
1.481944267097068597e-04 -5.629061376889355373e+00 5.344990638542967964e-02 3.668997536474157689e-02 7.173715399759996725e-01 1.117094909522185486e-01 -1.602577109054439575e+02 2.712080419152801269e+01 -2.925848339154999422e+00
1.257991806102954160e-04 -5.792899651683556250e+00 6.834391649868654106e-02 6.280603326851972312e+00 7.186259904775612606e-01 1.163154276173029439e-01 -1.589750120859323488e+02 2.790843740650750249e+01 -3.142693603917397382e+00
1.637521764520607267e-04 -5.529232316759683741e+00 5.916043712145180322e-02 3.417668856892638191e-02 7.084473621528444287e-01 1.134047769634562164e-01 -1.612506871944013938e+02 2.738063225960818414e+01 -2.969766651965310977e+00
1.533889000429361385e-04 -5.594609955745579732e+00 6.691964806062944415e-02 4.348650073932248949e-02 6.955001765402738512e-01 1.384181413182748732e-01 -1.600726200867928810e+02 2.823343342412448820e+01 -2.898472027644425353e+00
1.301589042834943677e-04 -5.758830437849272954e+00 3.390769633037560293e-02 1.254392685860398482e-01 7.386933512842733807e-01 1.079271458015817475e-01 -1.620850755430902836e+02 2.797666768618978139e+01 -2.994490743300959323e+00
1.601574217899905670e-04 -5.551429264774508709e+00 5.877178014705919384e-02 6.200467530472859146e+00 7.277976203715474934e-01 1.201698856966292028e-01 -1.601204300872600470e+02 2.777711974382107840e+01 -3.184212700065085500e+00
1.510261577911003225e-04 -5.610133430280101585e+00 6.039808129496149203e-02 2.914932662800647639e-02 7.025252046737383571e-01 1.336362840637450311e-01 -1.612020495834926237e+02 2.834031276217891104e+01 -3.200526846417366400e+00
1.676306902195258408e-04 -5.505823195344395238e+00 3.515143318826108310e-02 6.198887801173232681e+00 7.122088287516415983e-01 1.106313260395720560e-01 -1.619724138123420403e+02 2.870086877062949426e+01 -3.078340363669251900e+00
1.488027658644052766e-04 -5.624964772472344166e+00 3.452688343593124376e-02 1.152230704163104830e-01 7.237615665953228694e-01 1.048215322517370568e-01 -1.592871634470882896e+02 2.837136034534221096e+01 -3.110386883341855757e+00
1.487081634917131960e-04 -5.625600731467768512e+00 5.611378867081240340e-02 6.195545583220000374e+00 7.305766127971413670e-01 1.099418972356993873e-01 -1.585925519963408306e+02 2.804238822979915469e+01 -3.031229969138447444e+00
1.269880351827353579e-04 -5.783493611636131959e+00 4.871264730747137950e-02 6.265068348249656083e+00 7.024979695052190332e-01 1.255696678157491308e-01 -1.588746151770445749e+02 2.808156632503311556e+01 -2.956342233673567854e+00
1.543883516229155306e-04 -5.588115290609056984e+00 2.674161174910216765e-02 6.262659722298470122e+00 7.153242740637026920e-01 1.176741778873563182e-01 -1.600235293246468018e+02 2.817839769432178798e+01 -2.767120893420460526e+00
1.506324451730766149e-04 -5.612743750938687270e+00 9.145331926116995191e-03 7.244213820532773018e-02 7.224358753340588413e-01 1.002995715167505630e-01 -1.622499965718025123e+02 2.772020143571985074e+01 -2.931177955589725492e+00
1.302102376535330174e-04 -5.758436125602266920e+00 3.856323248052762054e-02 6.246973027263325484e+00 7.360480750046142218e-01 1.006059114246794922e-01 -1.584493834502065397e+02 2.755143485027011963e+01 -2.808984951719109446e+00
1.275845014501800212e-04 -5.778807580952607381e+00 4.073582488975124871e-02 9.622296974387616053e-02 7.504848584449930193e-01 1.064640849612998458e-01 -1.613623269096618174e+02 2.795141853823146505e+01 -2.936550234505075352e+00
1.296247524657581911e-04 -5.762942725567206104e+00 4.397701858825631138e-02 4.978860255892451903e-02 7.369099708123202364e-01 1.026154162272021608e-01 -1.590598325512090128e+02 2.826582028563839799e+01 -2.722092577054868734e+00
1.477579310799386684e-04 -5.632011148599432637e+00 3.049315450228573532e-02 6.257685120240125798e+00 7.197936707106222798e-01 1.208714692915843214e-01 -1.628332718025591248e+02 2.811271070943760364e+01 -2.866467558915934966e+00
1.396661815303943007e-04 -5.688331324778407527e+00 9.269181842562979057e-02 1.574673667322968489e-04 7.050058663858607133e-01 1.374149673771553337e-01 -1.603002609860778307e+02 2.792256135820303342e+01 -2.828849304998306557e+00
1.343091096485617868e-04 -5.727442550675791999e+00 3.210434699986020046e-02 6.219141115918985996e+00 7.282658261431010915e-01 1.019636344855487098e-01 -1.634476132288308463e+02 2.836742987448237585e+01 -3.149135308026260738e+00
1.324545668438644927e-04 -5.741346787615964509e+00 7.039197663503538038e-02 5.196650937035706547e-02 7.466237857040380899e-01 1.069281304076186989e-01 -1.596605524326797649e+02 2.781926835618164873e+01 -3.081876210924465731e+00
1.543646994781773258e-04 -5.588268501368915508e+00 6.327781039476509939e-03 6.209862813074007448e+00 7.343494538508661407e-01 1.030066561364435807e-01 -1.614288295513075582e+02 2.796516969157819688e+01 -2.931757267802215239e+00
1.403283764364229153e-04 -5.683601260412356027e+00 7.873595663992916105e-02 6.235068914528481443e+00 7.399119003088605595e-01 1.069042619453258181e-01 -1.617957998183430277e+02 2.785966836272451985e+01 -3.105832477521568435e+00
1.416943323091131854e-04 -5.673914334418846295e+00 4.987503132134285533e-02 6.274726169520722152e+00 7.016303805201571375e-01 1.281608315558341593e-01 -1.612697100794693483e+02 2.866464952253783238e+01 -2.935983292942792033e+00
1.349663038527145636e-04 -5.722561336305119539e+00 6.362494234126137016e-02 6.164431391383472736e+00 7.166658443376564547e-01 1.184188144170283952e-01 -1.625431955843592391e+02 2.823205748665813530e+01 -2.855928456118492775e+00
1.307398534404352348e-04 -5.754376985313246706e+00 7.953074427977335770e-02 4.115890267936594266e-02 7.262741262233396444e-01 1.367387816669649314e-01 -1.606812696705153485e+02 2.814736926912292247e+01 -2.905607926174083033e+00
1.601676310218105013e-04 -5.551365521825067262e+00 7.209842752334683080e-02 3.994257100235591024e-02 7.245548740396360321e-01 1.138201000223048043e-01 -1.602020553111177605e+02 2.724303272720923630e+01 -2.829913410969677301e+00
1.277362228345336602e-04 -5.777619103968318015e+00 8.651873785894637070e-02 1.413178839587381393e-02 7.213726455795707038e-01 1.332443249016786180e-01 -1.614652021020480674e+02 2.848703508603589540e+01 -3.086133495314395958e+00
1.523945902976889353e-04 -5.601113336608814386e+00 2.717055989807160010e-02 9.795473965201216549e-02 7.133422410991206997e-01 1.090326132290999062e-01 -1.607161625338786735e+02 2.832478295220175468e+01 -3.183645794372251814e+00
1.490295906613382391e-04 -5.623441601226394582e+00 5.260219672584753869e-02 6.197638739052274914e+00 7.291087679037197011e-01 1.251836319864141622e-01 -1.610890192571858961e+02 2.768597061951050264e+01 -2.786666473552397605e+00
1.479249109824760206e-04 -5.630881695709140544e+00 6.647780937137492963e-02 4.110174814398145915e-02 7.164206229666902903e-01 1.219238439877030067e-01 -1.587723562077243287e+02 2.795970609845266353e+01 -2.801623581161485355e+00
1.254023820706327169e-04 -5.796058858700036787e+00 5.534039960007464121e-02 5.086983443159157764e-02 7.371979496466768422e-01 1.203336229705303517e-01 -1.590526945482578753e+02 2.792527493125479410e+01 -2.979835056726534148e+00
1.406969682783229959e-04 -5.680978066026564299e+00 3.531011762513713848e-02 6.161607135582409356e+00 7.097392988757221799e-01 1.115191011017269140e-01 -1.618619225651187890e+02 2.781748101765235504e+01 -2.873185050824265119e+00
1.289970409178101270e-04 -5.767797017020060757e+00 4.881724679367305253e-02 1.043708047667776528e-01 7.105554321383452665e-01 1.274273847502730428e-01 -1.608697705080133460e+02 2.832544290599042824e+01 -3.156100093035720811e+00
1.353166242297622172e-04 -5.719969085468516568e+00 6.259567397895504648e-02 1.302367068713962961e-01 7.171121185215547644e-01 1.246248424485463246e-01 -1.611503547087523884e+02 2.787742972279427889e+01 -2.798383505869869836e+00
1.485132311832394010e-04 -5.626912429346290878e+00 8.050942865284627104e-02 9.830544464801245497e-02 7.132757900782862315e-01 1.297383011255673069e-01 -1.604110020188733756e+02 2.757800419991990282e+01 -2.914262223490990955e+00
1.291804636335588518e-04 -5.766376112848507596e+00 7.339895630027759577e-02 6.274802805261734839e+00 7.469439834566883318e-01 1.100490453138662228e-01 -1.613090520905726635e+02 2.786068565869498315e+01 -3.170365573969055717e+00
1.492730975773048842e-04 -5.621808984561138978e+00 5.482680270129869360e-02 6.190457033620376137e+00 7.197957596033643934e-01 1.072663561103694291e-01 -1.594583942679208803e+02 2.835552805358582162e+01 -2.850600812186336874e+00
1.583893139240550901e-04 -5.562530467993051175e+00 5.844032743603810864e-02 6.277861799084742955e+00 7.369121279670471925e-01 1.018926854214827760e-01 -1.620143837318672695e+02 2.748748385556604035e+01 -2.652382457828055706e+00
1.268953633946380002e-04 -5.784223645917480283e+00 5.999923449808663989e-02 6.241140518332736420e+00 7.293446144720496793e-01 1.202590733442216731e-01 -1.632185072301577407e+02 2.830942943794156719e+01 -3.139627849278062044e+00
1.514477445650750970e-04 -5.607345837408836076e+00 6.454757678225275797e-02 6.275934796893479550e+00 7.248862232121799920e-01 1.014615806322839292e-01 -1.601503845648985020e+02 2.790687606646258345e+01 -2.781535590657197687e+00
1.282625968127536220e-04 -5.773506782507261015e+00 6.147245241597465437e-02 6.267634158553348378e+00 6.969061089522962105e-01 1.280613291048973423e-01 -1.617448767519729245e+02 2.754363619201205537e+01 -2.768943837552457765e+00
1.590643702228796634e-04 -5.558277518035010800e+00 3.939775495073882805e-02 6.229854598375645480e+00 7.178265437359342416e-01 1.119291496797661933e-01 -1.615572475030992905e+02 2.793281108809642177e+01 -3.276727493480633413e+00
1.487107899404268500e-04 -5.625583069858224761e+00 5.985612536368922765e-02 6.282149419572801818e+00 7.079050437718429345e-01 1.268093328715099721e-01 -1.594983624353258733e+02 2.727298234873426352e+01 -2.927045708684272718e+00
1.365553822268927246e-04 -5.710856219558453795e+00 6.180616965174134947e-02 6.220539271086114042e+00 6.982088441969870329e-01 1.315448333218784960e-01 -1.605663200278308977e+02 2.855591254694311942e+01 -3.023658739998196232e+00
1.569901862711523650e-04 -5.571403186929453355e+00 7.714770544534177432e-02 6.231103445379221561e+00 6.980628770889044654e-01 1.388430750215104148e-01 -1.616336766109400855e+02 2.755664117967499038e+01 -3.008728479341615802e+00
1.431252982673492916e-04 -5.663866024226666518e+00 4.884896471690092223e-02 6.241038215147113100e+00 7.049284590630912062e-01 1.303174606835909022e-01 -1.605649092939511888e+02 2.833850911695706642e+01 -3.185538790612514326e+00
1.375160619836410822e-04 -5.703845757786174531e+00 5.928248427336624271e-02 6.212976165115774663e+00 7.444845640594150993e-01 1.018019693899271383e-01 -1.589297351266101259e+02 2.783858661164095949e+01 -2.848968722804652742e+00
1.237421684241865529e-04 -5.809386368511933796e+00 7.169943834025627183e-02 3.367333077399711772e-02 7.303583484126311420e-01 1.114507625552365044e-01 -1.621268922537376511e+02 2.875042882968920210e+01 -3.070924722501173321e+00
1.276182591204961343e-04 -5.778543025268040978e+00 2.837708787482740025e-02 7.883778545309901020e-02 7.143918622357148251e-01 1.115643303606105308e-01 -1.625944411528383853e+02 2.776944938370934324e+01 -2.780252145540718089e+00
1.902812062050955502e-04 -5.379083471846992204e+00 3.224691888972752718e-02 6.261912899217919382e+00 7.160115609734882813e-01 1.219158125017730243e-01 -1.605040513111660516e+02 2.834713786639941802e+01 -3.168981428491743912e+00
1.317494210861345908e-04 -5.746684689118328748e+00 2.115976079611525673e-02 1.720420610292441648e-03 7.175972427423108480e-01 1.103082797741177373e-01 -1.593084215639489685e+02 2.750626662076122031e+01 -2.940977818626738127e+00
1.292179045544456894e-04 -5.766086320607079152e+00 8.616120453773645771e-02 3.557428077108255177e-02 7.054541211230459519e-01 1.470385038636084496e-01 -1.620481782630682801e+02 2.774068738270990409e+01 -2.924404580535706621e+00
1.300235388032221434e-04 -5.759870980715113831e+00 8.998889896141337719e-02 4.895764279230898491e-02 7.331964242743824745e-01 1.282910534908406897e-01 -1.608092790864368453e+02 2.794171731009120663e+01 -2.965250407489854467e+00
1.580969224266895955e-04 -5.564378204462891553e+00 5.500355787863897561e-02 2.829293260082118081e-02 6.976406486305962718e-01 1.406820838486788627e-01 -1.602406609977060725e+02 2.801213702815497086e+01 -2.956043507443570917e+00
1.389346079244273052e-04 -5.693583106647887249e+00 7.549610948234064534e-02 6.263959298042893309e+00 7.338500123640038231e-01 1.222905155125822013e-01 -1.617620778600203835e+02 2.861279559104973202e+01 -3.083721930296534630e+00
1.275397939749643337e-04 -5.779158056987038883e+00 4.679861197799961570e-02 6.170385311918951565e+00 7.429145037035780330e-01 1.062746716963638149e-01 -1.612526261529703220e+02 2.746875474077909018e+01 -2.968890809950939236e+00
1.265064600888619450e-04 -5.787293107737210285e+00 6.013837328018656336e-02 6.271116854287713593e+00 7.083981015279474658e-01 1.386080109567554286e-01 -1.613776102781501436e+02 2.730994766230054793e+01 -2.812343394022822629e+00
1.921282638674662215e-04 -5.369423292532884417e+00 7.370597475148299438e-02 6.280111903887765301e+00 7.109492755923909613e-01 1.326460915638334459e-01 -1.612763321675526527e+02 2.866251011048909092e+01 -3.092580887187317273e+00
1.847277695677857260e-04 -5.408703257011232779e+00 7.923698007487023354e-02 6.230658153413580536e+00 7.214784271044033526e-01 1.299446165924620367e-01 -1.594014177863881514e+02 2.764586747073388651e+01 -2.873650101978495464e+00
1.305582631722941708e-04 -5.755766894277985379e+00 6.475138984762629502e-02 3.517863188616340148e-02 6.915705822210299614e-01 1.330658403974010473e-01 -1.612313360925430175e+02 2.754808463156293996e+01 -2.919771100071542058e+00
1.702225722432458826e-04 -5.490479653275525784e+00 2.135443464620068177e-02 6.201494298123439997e+00 7.308075285563725432e-01 1.023711703132960116e-01 -1.604173422507573150e+02 2.811198275790999190e+01 -3.239637280766391569e+00
1.269028232132101634e-04 -5.784164860481115333e+00 4.314343280810706283e-02 6.159975397720327095e+00 7.090686991383202686e-01 1.138736393952708148e-01 -1.610388345014501965e+02 2.854966759769173024e+01 -3.121117026034929687e+00
1.866011879508800634e-04 -5.398612827807778736e+00 4.727333848202019961e-02 7.398115936203085441e-02 7.340755531306359938e-01 1.041940181662123488e-01 -1.591557798688446610e+02 2.780215490500709308e+01 -3.160742936618743393e+00
1.846100794769674701e-04 -5.409340560201824744e+00 4.923660908938509717e-02 1.738953736251509785e-02 7.154090965234058963e-01 1.063411237327824554e-01 -1.595186947798858910e+02 2.851434028915911156e+01 -3.098038919807239999e+00
1.400698011846504868e-04 -5.685445604247002294e+00 4.545034061842478934e-02 7.504574501494327976e-02 7.137467929022198732e-01 1.136647380040711336e-01 -1.596393456160546407e+02 2.817270164552227030e+01 -2.730052810268213115e+00
1.507976460007850778e-04 -5.611647637119362209e+00 6.967959866175577055e-02 2.847160470879039548e-02 7.305586112683424282e-01 1.205065370826078341e-01 -1.589655719731537715e+02 2.839932587809829201e+01 -2.956803422211853771e+00
1.556666287682826081e-04 -5.579869756954821902e+00 4.545180378945357091e-02 4.642013927017645675e-02 7.344541381863212148e-01 1.131733463883587559e-01 -1.596170492929309717e+02 2.722152654407727823e+01 -2.822730728681637657e+00
1.810487809410453431e-04 -5.428819979580350008e+00 6.380283446079271226e-02 6.213701212999215961e+00 7.315430471735058227e-01 1.019271582658287378e-01 -1.614446913698208732e+02 2.846826605514285546e+01 -2.819261773584502251e+00
1.414442203285606631e-04 -5.675681045757012377e+00 8.257759155049892996e-02 8.515776523297299838e-02 7.023199041796223119e-01 1.380807820634313288e-01 -1.611027012357828312e+02 2.781209788602978605e+01 -2.825453071498182922e+00
1.322545923713385840e-04 -5.742857687436437431e+00 6.695225530057591357e-02 7.084355707658965273e-02 7.263472196766808109e-01 1.166565364221404527e-01 -1.616776368864054803e+02 2.732970592762850970e+01 -2.709494100524958426e+00
1.328382275597573105e-04 -5.738454428747171931e+00 4.602264961290958301e-02 6.210478879369222049e+00 7.337437805900852705e-01 1.045855998885558691e-01 -1.605792083042363174e+02 2.818948120216191455e+01 -3.317684003387082470e+00
1.253299415119845924e-04 -5.796636690545792447e+00 8.305149813725420938e-02 4.374082071384098602e-02 7.038421255108003871e-01 1.339300887081831815e-01 -1.607599202821632502e+02 2.852819890645619338e+01 -3.015708572018258593e+00
1.252579253316749822e-04 -5.797211468432685422e+00 2.449804387396936622e-02 6.214414643272782257e+00 7.016834596990625394e-01 1.114625253672179156e-01 -1.609818175284489712e+02 2.795424476007418590e+01 -2.963741828199468742e+00
1.534204628037478581e-04 -5.594404207390121897e+00 7.018881573405455487e-02 6.239295619200162513e+00 7.359489858033582133e-01 1.085064630877348724e-01 -1.623570173476633727e+02 2.860047452660780110e+01 -3.106447030101707085e+00
1.308335634444828964e-04 -5.753660475132866381e+00 2.514145256574429332e-02 6.177168113357796919e+00 7.138843134272863100e-01 1.048168950555544016e-01 -1.605583931859111431e+02 2.851437235441201068e+01 -2.878193026526107978e+00
1.240410870985689717e-04 -5.806973624206350770e+00 6.036940490753339716e-02 4.221182446469945448e-02 7.092877257036748206e-01 1.391959169455226908e-01 -1.597295948002456498e+02 2.805682203889997695e+01 -3.064410523107731876e+00
2.139180320613097235e-04 -5.261993568599914184e+00 5.095230572231035371e-02 6.268690309103154057e+00 7.198184716615382284e-01 1.114545418381374664e-01 -1.624394595019069811e+02 2.882438243733925631e+01 -3.036175494362504779e+00
2.756525879287547083e-04 -5.008445149046276690e+00 5.052948553958314104e-02 9.319266984536218879e-02 7.319465028593619138e-01 1.054255365901282937e-01 -1.599819394831909563e+02 2.869836596781399862e+01 -2.925337068329221246e+00
1.262047316792250609e-04 -5.789681039596525913e+00 4.201370533169623833e-02 6.202496801684978855e+00 7.303292408234738353e-01 1.069657269541090527e-01 -1.615282580133621195e+02 2.768079006752244453e+01 -3.248198172802685413e+00
1.331016400762578638e-04 -5.736473435036185897e+00 4.289441673557070622e-02 6.273237807074110606e+00 7.499881254703183453e-01 1.046715427568940815e-01 -1.611575940149256780e+02 2.730176235428305631e+01 -2.728316341959356350e+00
1.285567834278577909e-04 -5.771215781388083776e+00 5.367556679321072721e-02 1.358320729707430431e-02 7.032728533124870118e-01 1.288117706396988416e-01 -1.604375041261441197e+02 2.724761266191138986e+01 -2.996402671368363357e+00
1.286297106614531108e-04 -5.770648665795116372e+00 7.183715461797801627e-02 6.247231091097307676e+00 7.466996911235754819e-01 1.098714019413643134e-01 -1.605861225540203918e+02 2.825999040879945312e+01 -2.786793375195149025e+00
1.504289902551122072e-04 -5.614095335200206094e+00 5.182295457469754396e-02 6.222331250237811417e+00 7.218014375126311499e-01 1.030080148196127476e-01 -1.597618937734135329e+02 2.763283131426719308e+01 -3.112804165618145547e+00
1.428154743343793042e-04 -5.666033074776314571e+00 2.301231033995243536e-02 6.193630827391326754e+00 7.165059854660384975e-01 1.156867165938429420e-01 -1.602060504228825835e+02 2.831554962790450247e+01 -3.058310477893328994e+00
1.518777215424018594e-04 -5.604510748941997633e+00 2.909070509046818298e-02 1.587582256414142579e-02 7.274952938824176263e-01 1.114674520921577899e-01 -1.606189824497710106e+02 2.885924395938543796e+01 -3.120439357795778967e+00
1.979494690287838545e-04 -5.339574691298634157e+00 3.893336754041731851e-02 1.233560149279335286e-02 7.358210198732937357e-01 1.085174747121551014e-01 -1.612255178574166621e+02 2.710302530329578019e+01 -3.025422874392460493e+00
1.239712241930818605e-04 -5.807537006781761768e+00 6.173668388671527119e-02 6.179430151331696486e+00 7.291205360875828712e-01 1.147703575810243293e-01 -1.589754421075156756e+02 2.827376896882993762e+01 -3.026533055477180767e+00
1.368783020617857942e-04 -5.708494257564922236e+00 3.501053922826424802e-02 6.182721652772461135e-02 7.083026201796686072e-01 1.135127533744219042e-01 -1.614584948601356587e+02 2.861430518964186476e+01 -3.171596512072172303e+00
1.930670270334219419e-04 -5.364549063554838071e+00 7.254163915339051361e-02 1.658864697500658271e-03 7.445619914958981900e-01 1.033426192105465907e-01 -1.617202770144161832e+02 2.830030619313567186e+01 -2.808895032939632941e+00
1.348651344181496427e-04 -5.723311207705979342e+00 8.403314838674769138e-02 6.240870572384793924e+00 7.051460051674171003e-01 1.273189600868224469e-01 -1.622425148368510577e+02 2.802439037826953694e+01 -3.014922256483134611e+00
1.898670895588907431e-04 -5.381262183758260598e+00 8.651785429491309909e-02 5.018839622770288056e-02 7.193966349733066368e-01 1.282313395863223515e-01 -1.597436821472574024e+02 2.808211665140658653e+01 -3.054703260347668703e+00
1.335032514568144219e-04 -5.733460649471536996e+00 6.261147575109493602e-02 6.079942348561290233e-02 7.118116267753599180e-01 1.101387711757798593e-01 -1.619663626386042097e+02 2.774000420907018949e+01 -3.069054532087922560e+00
1.731678281155157807e-04 -5.473325253532739687e+00 5.268729695648488587e-02 6.209087157108493571e+00 7.225936885042621993e-01 1.291071892632051632e-01 -1.619208979119779315e+02 2.838892952939309211e+01 -2.964078436705341879e+00
2.411989857368813115e-04 -5.141964222723791167e+00 7.342723965318520563e-02 5.053794065514041756e-02 7.247054519943476603e-01 1.229748087951964552e-01 -1.626726658321164791e+02 2.752983849622176038e+01 -3.020770766857109990e+00
1.271014019594021661e-04 -5.782601273997350688e+00 6.657250093985089823e-02 6.208550029691928956e-02 7.210687961521889955e-01 1.220948896718776489e-01 -1.626138576869175836e+02 2.724356185353488158e+01 -2.911869092111625257e+00
1.555667633648854305e-04 -5.580511496622538203e+00 5.016544002855261031e-02 6.224222609642295012e+00 7.389791829826084513e-01 1.095254419116533651e-01 -1.624854563298290486e+02 2.863144922711074969e+01 -2.859698865628674369e+00
1.622839989905594288e-04 -5.538238601927508498e+00 7.420118234644634825e-02 1.113277516209608409e-01 7.334403900602094462e-01 1.175389236898028433e-01 -1.619896382043028780e+02 2.812565207588585281e+01 -2.947688781893758048e+00
1.313152575054642298e-04 -5.749985504546625492e+00 7.086892491543250738e-02 6.263302101283107604e+00 7.021096003930158425e-01 1.371013535270192429e-01 -1.616035075493644513e+02 2.850694206617859905e+01 -2.860049524048235980e+00
1.844061243938333104e-04 -5.410445959378133551e+00 5.331619610156390632e-02 6.200052334950472144e+00 7.224420785857749161e-01 1.050366066384342267e-01 -1.591964693729594842e+02 2.765778037886445873e+01 -2.921871686861548412e+00
1.698146747655759447e-04 -5.492878788528548384e+00 2.360893041279632509e-02 9.416028152476199967e-03 7.098532370399837088e-01 1.117820150616468805e-01 -1.612071920454040992e+02 2.825650828395759362e+01 -3.194994670355049138e+00
1.329522549425624870e-04 -5.737596404120202997e+00 7.126701070000340810e-02 9.498318906852942778e-02 7.171508119939135062e-01 1.146087737439639015e-01 -1.595686153785547390e+02 2.791438058918760490e+01 -3.032257414332802270e+00
1.664796685148855419e-04 -5.512713291554375949e+00 2.762518111770861928e-02 6.251934012821645403e+00 7.412643808715418947e-01 1.032262844793909867e-01 -1.593708486799663433e+02 2.786892134976287494e+01 -3.179105045831729370e+00
1.385887195031967228e-04 -5.696075787919284039e+00 2.816039581373708245e-02 6.251712192630130005e+00 7.311779624655874166e-01 1.038587922816676529e-01 -1.608450517349022562e+02 2.808234483205335152e+01 -3.323475823104633520e+00
1.439568515768184357e-04 -5.658072869650244030e+00 7.240662932472241575e-02 1.199250679823322813e-01 7.193701223957625901e-01 1.156152490346068346e-01 -1.613278046479984482e+02 2.798296407000711028e+01 -3.098012147659052751e+00
1.563261357892464451e-04 -5.575642043506332968e+00 5.976483173730673393e-02 6.224265914097790287e+00 7.177567400922546526e-01 1.232456057301747898e-01 -1.620104095687195809e+02 2.829392593612645257e+01 -2.706358573650877730e+00
1.617661115353551257e-04 -5.541434946439077081e+00 6.611732766711553300e-02 6.232295038779719576e+00 7.227355655325573558e-01 1.328470694086571757e-01 -1.617685636286878434e+02 2.842912392482527295e+01 -3.080906046953566957e+00
1.354383708458839627e-04 -5.719069773348402386e+00 3.083605389034760336e-02 6.240732472223521121e+00 7.242455843372357371e-01 1.036997480350756173e-01 -1.592737556763934776e+02 2.729437172561743807e+01 -2.958763499284708942e+00
1.359714965441287610e-04 -5.715141202961151023e+00 2.684910769835502364e-02 7.654373541169816331e-02 7.086262681958430676e-01 1.119109102919065291e-01 -1.626383203740520003e+02 2.817269950552620017e+01 -2.899821387578662701e+00
1.266969362954143633e-04 -5.785788576240374681e+00 4.644310701680198772e-02 6.277546682296249791e+00 7.313779983043965371e-01 1.011989987769602584e-01 -1.616692344220995778e+02 2.708443735261711893e+01 -2.721025897967461304e+00
1.503849629069419142e-04 -5.614388056651600678e+00 6.177539687531352630e-02 6.224635084265139007e+00 7.123107411633451402e-01 1.112123666115575060e-01 -1.606307825334487802e+02 2.760245025428181975e+01 -3.087167458657646968e+00
1.788080048262353854e-04 -5.441273851038054055e+00 7.385323917055475196e-02 3.803555667030050769e-02 7.256599669740053660e-01 1.167615907750803317e-01 -1.587967721614604670e+02 2.810978522547935654e+01 -2.931969311107525122e+00
2.086628731421188846e-04 -5.286866580060374687e+00 6.869924681280437095e-02 6.267361360317996066e+00 7.308850669936826083e-01 1.085356890440059147e-01 -1.633617937544480583e+02 2.815976635585604271e+01 -2.936163436971299667e+00
1.599840185591090615e-04 -5.552512556257487297e+00 2.253507043424896050e-02 1.124845636536739163e-01 7.225691034082999398e-01 1.021718229351635254e-01 -1.601521500270727074e+02 2.865797764121708013e+01 -3.056138363463569263e+00
2.209078394826789597e-04 -5.229840883870054746e+00 4.527292174910380052e-02 7.417317784707980199e-02 7.096760546389898616e-01 1.113932431242606463e-01 -1.620447318020237049e+02 2.750884023246852195e+01 -2.881708706748844051e+00
1.705979972673148776e-04 -5.488276586855848294e+00 2.432815051339465295e-02 6.275376795403413865e+00 7.356954771604620191e-01 1.039973377916393188e-01 -1.596091524951386305e+02 2.728648148100976201e+01 -2.797849240126040193e+00
1.258899430425733802e-04 -5.792178425156994770e+00 3.607199446608511106e-02 6.264011263284872122e+00 7.093759968302256746e-01 1.150879539360181031e-01 -1.597127975605846473e+02 2.866533501598006595e+01 -3.101920469407586367e+00
1.522489889470485572e-04 -5.602069216670932050e+00 4.629843513171538749e-02 6.175741873538718174e+00 7.147935696804261774e-01 1.080129386973869565e-01 -1.603931547371884108e+02 2.861916799823338664e+01 -2.896469621290864715e+00
1.291207001283021052e-04 -5.766838855682900444e+00 4.803380826611292065e-02 1.308236568545619871e-01 7.224844755229277160e-01 1.068103961181469663e-01 -1.604103166238393214e+02 2.851606840398390830e+01 -3.176289385319055469e+00
1.543774633051661529e-04 -5.588185818609419542e+00 2.797214984533613613e-02 5.951858983076236537e-02 7.111095497436404900e-01 1.078062544319541849e-01 -1.624060764807177861e+02 2.771412638624592972e+01 -2.803544039817391642e+00
1.598941198487348293e-04 -5.553074637262389146e+00 3.952169969150287621e-02 6.153954766694735845e+00 7.195310148509352910e-01 1.116218267890656812e-01 -1.610685551166477580e+02 2.857673353665213156e+01 -3.150718839268766835e+00
1.892149257181951008e-04 -5.384702940416801198e+00 8.193305256129135294e-02 4.137578951689570295e-02 7.419501959168895988e-01 1.164706955382988074e-01 -1.613533332954827415e+02 2.824295503211004998e+01 -2.989099692441563150e+00
1.785907081563183985e-04 -5.442489841408468365e+00 3.338076040107063047e-02 6.197314386920978357e+00 7.224042916498105704e-01 1.138491382821985726e-01 -1.617361874579164009e+02 2.733527379319539108e+01 -2.947815804454205768e+00
1.730300963230821214e-04 -5.474120935944317701e+00 3.911947509567470505e-03 6.282525576224813335e+00 7.334052005239546368e-01 1.017821407547437051e-01 -1.608253233189046227e+02 2.845826318951216649e+01 -2.994399916301757614e+00
1.552937818000768035e-04 -5.582267793066221451e+00 6.534069278721998941e-02 2.097923256489718155e-02 7.116999875167364653e-01 1.176764346613146384e-01 -1.594645317272924672e+02 2.831404885051391673e+01 -3.152435652368041907e+00
1.327330644721631814e-04 -5.739246405110936422e+00 5.299289546315566479e-02 6.253163982604390547e+00 7.096893614633748015e-01 1.322400319748585074e-01 -1.593487418208177360e+02 2.747469363351312666e+01 -2.881192144241642161e+00
1.385121094619352618e-04 -5.696628727753491717e+00 4.068061281641821569e-02 6.264417377405320231e+00 7.242685330844729208e-01 1.143149179550984051e-01 -1.633829399219807215e+02 2.735377207621059270e+01 -2.876184919091628878e+00
1.908287131834523543e-04 -5.376210246422191474e+00 3.305980721536228017e-02 1.021397971567809954e-01 7.369152986556078977e-01 1.044524371785287981e-01 -1.612533501370335784e+02 2.866376560359151782e+01 -3.167516107703440831e+00
1.397405014555439863e-04 -5.687799340889490907e+00 4.573166979392051523e-02 9.041949177009367400e-02 7.424834953011875127e-01 1.094306597995490238e-01 -1.605362148928815031e+02 2.835502177893744857e+01 -3.185560874940554399e+00
1.317281971902545051e-04 -5.746845794991869205e+00 3.631322187434182780e-02 6.268330708948637309e+00 7.117549325305240204e-01 1.001090128066823431e-01 -1.624976936766739755e+02 2.799113405034137259e+01 -3.043184908046057124e+00
1.271581219526723983e-04 -5.782155115730877704e+00 5.142377430501754443e-02 7.188731574913852229e-02 7.269537927613222150e-01 1.201435285887219317e-01 -1.596977631826978836e+02 2.726303044022543176e+01 -2.903240651611551648e+00
1.585905266300924917e-04 -5.561260906290250716e+00 7.241145605710030964e-02 9.600072227226623400e-02 7.074279403828279689e-01 1.385453372837678332e-01 -1.614113850899690874e+02 2.810422768353437561e+01 -3.067879121055645086e+00
1.446227926144080930e-04 -5.653457559921371001e+00 6.191612447176753076e-02 6.211182874273106336e+00 7.158378319453040373e-01 1.286327712458385508e-01 -1.629229960990765562e+02 2.762203344716207454e+01 -3.032580154657131821e+00
1.534890066249210237e-04 -5.593957536113146389e+00 4.939649440903937094e-02 6.204836795097759428e+00 7.214131840208868329e-01 1.075464548660220315e-01 -1.593792416766876840e+02 2.745422297674188172e+01 -3.014749049417981830e+00
1.276916217769077737e-04 -5.777968330249009021e+00 4.512004028702776282e-02 3.114641989266649091e-02 7.306029288290639689e-01 1.059217848374633952e-01 -1.606242851174563953e+02 2.889044477445373715e+01 -3.246532813976054754e+00
1.519600920994762137e-04 -5.603968548100668912e+00 5.633218880471047019e-02 6.231063309143793916e+00 7.342019717428770464e-01 1.074614133675399347e-01 -1.594872351745790979e+02 2.766925252204816132e+01 -3.191208739376856229e+00
1.410773087845980747e-04 -5.678278453122007186e+00 6.028110909170414367e-02 6.256047068628893371e+00 7.162961045026841056e-01 1.341822815246606626e-01 -1.607132123389765184e+02 2.856620760231282219e+01 -2.897459550182373000e+00
1.401068013300452370e-04 -5.685181484079382841e+00 4.829061085535235609e-02 6.161060312656753801e+00 7.330521349278793508e-01 1.064816101455915848e-01 -1.622420867551728065e+02 2.817560558674392368e+01 -2.762601132498907930e+00
1.321027221545770128e-04 -5.744006664409075924e+00 4.765250348956462378e-02 5.720727572863276017e-02 7.113379122642813357e-01 1.170029725909533247e-01 -1.607078963276882178e+02 2.844217052794139988e+01 -2.722316564002857930e+00
1.360142689416063736e-04 -5.714826683576253785e+00 4.686622472737922429e-02 1.474217060381070310e-01 7.356793919841472240e-01 1.014219819549424667e-01 -1.605780927886748373e+02 2.780724173496307117e+01 -3.015527913424174145e+00
3.657297223161983034e-04 -4.725691885511151824e+00 4.155494292530248490e-02 2.126284125527949653e-02 7.489918045319021722e-01 1.025900905496957977e-01 -1.602788838298653218e+02 2.810454827375064113e+01 -2.730211879143366716e+00
1.238642488152296556e-04 -5.808400284206880926e+00 5.508419140217213350e-02 6.268550088969636391e+00 7.401303934538104867e-01 1.027590182832536086e-01 -1.599541141446673009e+02 2.783101312585928255e+01 -3.274381558239207735e+00
1.318661592288302765e-04 -5.745799019536981689e+00 3.410667614250428858e-02 6.275716208025585274e+00 7.151450713913130031e-01 1.036625206459841630e-01 -1.620597002111434790e+02 2.805283417434984017e+01 -2.687288887744543331e+00
1.467386365859066723e-04 -5.638933460613831272e+00 8.123132697379631395e-02 2.376931829446666741e-02 7.417816830972986386e-01 1.098909958752780774e-01 -1.622512671497442511e+02 2.770032035725228425e+01 -3.003927825140570995e+00
1.465206362532510940e-04 -5.640420202163040742e+00 1.383073631085185440e-02 6.275346865382884332e+00 7.176938200087559228e-01 1.114326263253999777e-01 -1.603172967977928352e+02 2.832696871520645843e+01 -3.111533693792591926e+00
1.524728165700555912e-04 -5.600600154337955772e+00 8.176407532720442184e-02 6.236345032514009290e+00 7.183598432328124339e-01 1.377667476975285854e-01 -1.596028562994333697e+02 2.780248051754680105e+01 -2.929215852806052567e+00
1.277944235145342909e-04 -5.777163575977149357e+00 2.207244090034410355e-02 4.556806994758210577e-02 7.106168639582732816e-01 1.084259631585778871e-01 -1.619671195996818938e+02 2.861050064894948974e+01 -2.943738672420508351e+00
1.623422376811164860e-04 -5.537879797341791033e+00 3.636160074631777928e-02 1.285248547692930954e-01 7.203601783304154349e-01 1.144758914636416075e-01 -1.614911494284383480e+02 2.767389450855289823e+01 -2.866197656513946868e+00
1.952588349558780306e-04 -5.353260445347016727e+00 2.459686107416514389e-02 1.003992297734364603e-01 7.108091179507298740e-01 1.119314682989103055e-01 -1.612155605509285579e+02 2.775910227699346322e+01 -2.965237076658984172e+00
1.603503893407012750e-04 -5.550225128292808563e+00 3.479062791018461276e-02 5.307913915537654931e-02 7.524168909000485961e-01 1.010391708101776032e-01 -1.599119571776616908e+02 2.785997062454542572e+01 -2.774635129559812619e+00
2.189816208077415948e-04 -5.238598679454581131e+00 4.382471807883825399e-02 7.602702236368887034e-02 7.318274832807319941e-01 1.074344854737861593e-01 -1.619677763367628245e+02 2.720130980192042713e+01 -2.956203774129077644e+00
1.250460213474515522e-04 -5.798904642173328128e+00 2.343277806134047569e-02 7.532713664527176944e-02 7.078620270153739291e-01 1.067023534125070561e-01 -1.621704942322970169e+02 2.820356798469619974e+01 -2.884841151787784774e+00
1.633828372342205121e-04 -5.531490340873990164e+00 5.275588897837846236e-02 6.196371333285366489e+00 7.127432629190600943e-01 1.114204475272222994e-01 -1.598370508281998923e+02 2.776503919798856046e+01 -3.109875810393328166e+00
2.223603353076198102e-04 -5.223287284463516755e+00 6.400138401674482225e-02 4.917175795199954687e-03 7.432963157694497669e-01 1.206919880245252152e-01 -1.607862183957914226e+02 2.771380135503115483e+01 -3.036205322463030321e+00
1.555321694721785333e-04 -5.580733894639358539e+00 7.204940121675218467e-02 5.927891624884234351e-02 7.397473689947530184e-01 1.150442102410885875e-01 -1.598115739899670302e+02 2.798525440782417917e+01 -2.777741945239105448e+00
1.525625685884075518e-04 -5.600011684768132270e+00 2.468954631262709754e-02 6.166922925854674276e+00 7.179911720514526863e-01 1.059148340455727949e-01 -1.598160555628525117e+02 2.801729238039812842e+01 -3.071997056241388968e+00
1.932553396124335313e-04 -5.363574164816451884e+00 7.533675299198916431e-02 6.269025592986950279e+00 7.322988887909387401e-01 1.303441616972403072e-01 -1.606577024808950682e+02 2.823983700919091433e+01 -2.886837050080625744e+00
1.615793356955410459e-04 -5.542590217757640048e+00 5.314915844113765608e-02 6.145485494597603626e+00 7.139302766701971503e-01 1.122302803167933849e-01 -1.621656684449122281e+02 2.805453249783429470e+01 -2.987971781373324198e+00
1.734751065596369841e-04 -5.471552371446492202e+00 8.566304544884550953e-02 4.690663800479457496e-02 7.120057223610758435e-01 1.329049221161643368e-01 -1.596474534564257510e+02 2.808783069849118874e+01 -3.053166257702097930e+00
1.303921540021765789e-04 -5.757040003509631632e+00 2.936173887578386044e-02 6.734993592331577072e-02 7.116322516824451494e-01 1.237999868576639406e-01 -1.617379229370332610e+02 2.829244850076295847e+01 -3.054695720118951741e+00
1.245060884250825267e-04 -5.803231864775246329e+00 7.331873140902023245e-02 6.195430614185259088e+00 7.277411724547014904e-01 1.299923201256082128e-01 -1.605487080297924649e+02 2.830613679904975299e+01 -3.035830951190154892e+00
1.337716160521935016e-04 -5.731452494435741229e+00 7.368918137029356608e-02 1.745562093082224722e-02 7.210344037897576941e-01 1.311790581598719641e-01 -1.611806817956902478e+02 2.715458948558752184e+01 -2.985510018606367666e+00
1.584011370206953170e-04 -5.562455824981488384e+00 6.893915184916776795e-02 6.633862010110946894e-02 7.287709370195522007e-01 1.132489275780745180e-01 -1.595231328532866542e+02 2.737259138041714479e+01 -2.940859235385948622e+00
1.576805115975794260e-04 -5.567015575127241434e+00 7.113265721729167268e-02 7.244973894455528085e-02 7.108216591369853621e-01 1.198432556255879522e-01 -1.599536853099750147e+02 2.808102775968024289e+01 -3.143272393437266388e+00
1.318775758879083763e-04 -5.745712445658136325e+00 4.805275897488603398e-02 6.715714951320418680e-02 6.964074846229633131e-01 1.225372509565416518e-01 -1.622731300600241866e+02 2.792107158189710603e+01 -2.911348284158716382e+00
1.246102774948842364e-04 -5.802395395637690356e+00 6.471255934384023689e-02 6.280462212596234828e+00 7.257740532654061161e-01 1.279985167515517719e-01 -1.592403820978993849e+02 2.742489293110100945e+01 -3.013054284793912352e+00
1.707249685398079531e-04 -5.487532591923951486e+00 4.198838367517210290e-02 6.175481517507360962e+00 7.436700766544571684e-01 1.037243711847823380e-01 -1.610633890357830751e+02 2.869170772659768076e+01 -2.998329888345172556e+00
1.619967334371493644e-04 -5.540010311436130763e+00 5.258337342149599358e-02 1.689587130144658625e-02 7.269473717701838700e-01 1.033078873624247440e-01 -1.636799761857382691e+02 2.799805988841919202e+01 -2.848720821633598632e+00
1.589124829958775452e-04 -5.559232853223825543e+00 7.499453966390245974e-02 6.256566713117198475e+00 7.421442635372824670e-01 1.205537899674484492e-01 -1.621017871854007808e+02 2.816802119454164810e+01 -2.919715807808309194e+00
1.395375098558693456e-04 -5.689253029523754890e+00 1.660137546344275794e-02 6.177974129935391190e+00 7.135889175662465389e-01 1.062819897453340934e-01 -1.615382423800735410e+02 2.796955935527922676e+01 -2.893107283128517615e+00
2.368577892822916096e-04 -5.160126566683456595e+00 4.892999378729456783e-02 3.174390336385277123e-02 7.264162489669592215e-01 1.208561308229731818e-01 -1.597690342869144615e+02 2.748417209865727884e+01 -3.102936165004903657e+00
1.282833535324863039e-04 -5.773344965727456923e+00 5.407445333065308279e-02 6.206806494208811031e+00 7.055396881336861714e-01 1.212654752355739052e-01 -1.611440687969536611e+02 2.871620728483092932e+01 -2.918927496556298351e+00
1.775752599370450803e-04 -5.448191963798666215e+00 6.703361670855689791e-02 6.250241759451055756e+00 7.297620851161162880e-01 1.209936418509881678e-01 -1.598976777261136135e+02 2.845979856057262580e+01 -2.795308491392818340e+00
1.458159137469772649e-04 -5.645241521094154891e+00 3.182429830974453644e-02 6.154371676483166631e+00 7.196516824039830285e-01 1.062835100090154944e-01 -1.619221912652386663e+02 2.865449892000621190e+01 -3.031389098965808770e+00
1.335595973862405996e-04 -5.733038681904679024e+00 6.720892776270614988e-02 6.254509450811922555e+00 7.258064029443284104e-01 1.375912183144161471e-01 -1.609053540486464726e+02 2.804006355562760433e+01 -2.924830259788118170e+00
1.304948909513821572e-04 -5.756252406298469460e+00 7.381327201861753728e-02 4.795431045590514696e-02 7.279029240245201704e-01 1.330108174863036119e-01 -1.614408506242981503e+02 2.787995611505478166e+01 -2.770159551530961828e+00
1.324775536560404330e-04 -5.741173257791116313e+00 7.097834558620874645e-02 6.231462149851895838e+00 7.278047500608526565e-01 1.062036476829465587e-01 -1.623935085777014251e+02 2.768447216484537421e+01 -2.791064107585796705e+00
1.591590954647356974e-04 -5.557682180136538364e+00 4.750826808908792387e-02 2.813905273029356641e-02 7.361989140654828789e-01 1.076017745682210786e-01 -1.615444190386323839e+02 2.875209384947202551e+01 -2.781921579598396477e+00
2.491639990299138619e-04 -5.109475172192045278e+00 4.709671095137446528e-02 4.788154911988371301e-03 7.390350133618398543e-01 1.196647747147877583e-01 -1.596563321059706482e+02 2.785306971175333146e+01 -2.956977415607529025e+00
1.635743185007369771e-04 -5.530319048029960882e+00 4.127962759980796648e-02 6.260135754766866789e+00 7.368952543490487894e-01 1.023826129298283788e-01 -1.591294344267397491e+02 2.749921012972383849e+01 -3.139706174869846933e+00
1.332541382233323518e-04 -5.735328363848242184e+00 6.298612613301068919e-02 2.087146780936123547e-02 7.144011725613872432e-01 1.047857146052453836e-01 -1.614121618540391978e+02 2.821698101728908981e+01 -3.058452035295935900e+00
1.260612783991074627e-04 -5.790818357267943028e+00 2.949447482855627189e-02 6.186180877295750058e+00 7.113460170820216089e-01 1.159286763512376722e-01 -1.619848749699663699e+02 2.768092883996881071e+01 -3.035262708580686031e+00
1.272888441906461037e-04 -5.781127614782797686e+00 7.178766476268039209e-02 6.215950130906460203e+00 7.354135289144273502e-01 1.167944739338960258e-01 -1.618095092792171954e+02 2.728714021472789142e+01 -2.963535588116816832e+00
1.545065476448234253e-04 -5.587350007479052749e+00 4.644167329270676436e-02 6.209021581137040613e+00 7.077129414660844331e-01 1.206905413227289114e-01 -1.613500578222199806e+02 2.733810313497198052e+01 -2.799983661075007291e+00
1.519076422127790306e-04 -5.604313763345957433e+00 5.567450676759644335e-02 6.269135703090329415e+00 7.017447227792005249e-01 1.283593496036790349e-01 -1.605721646815939607e+02 2.823725447347014139e+01 -3.218648181277470322e+00
1.741690105876027674e-04 -5.467560329497457516e+00 3.506426359766556811e-02 6.273627966782876264e+00 7.490782178663748514e-01 1.000106338525910826e-01 -1.609398381652675880e+02 2.713404102485544911e+01 -2.954798814161625486e+00
1.262393783439659609e-04 -5.789406549809811509e+00 5.844972890756994222e-02 8.373343984842132603e-02 7.117069684233140459e-01 1.351765787256140050e-01 -1.613136797878509583e+02 2.783791126930651316e+01 -2.766665715893803501e+00
1.256480756631211547e-04 -5.794101533681417671e+00 5.949457364266297343e-02 6.224386623789258444e+00 7.059691459515933243e-01 1.154087838938560734e-01 -1.609004500086990106e+02 2.774128845768280982e+01 -2.735533109078316372e+00
1.297470016279736514e-04 -5.762000069558302684e+00 6.081154767431795616e-02 6.210569946892873894e+00 7.431703560672399123e-01 1.190680891376856287e-01 -1.614084323262247267e+02 2.805035046009674105e+01 -2.859231579252052846e+00
1.254065122255233343e-04 -5.796025924023597398e+00 7.150492017355769558e-02 6.190647077837303058e+00 7.363562524045426105e-01 1.180941068931019439e-01 -1.605175035607093719e+02 2.841072048846321607e+01 -3.102754796168307294e+00
1.445151741151336146e-04 -5.654201969280417295e+00 5.836073303077160546e-02 1.800079599201559119e-02 7.349717148567784797e-01 1.000243636530686042e-01 -1.627706649622400050e+02 2.736891909109606758e+01 -2.800497697751014314e+00
1.922128882902598252e-04 -5.368982931547929383e+00 7.439473350224223847e-02 6.282309818714837846e+00 7.166962072285792962e-01 1.391222155689554874e-01 -1.609415261123095888e+02 2.824926894652990228e+01 -2.825108467634955822e+00
1.345944982609116754e-04 -5.725319940854969758e+00 5.009798362716066933e-02 6.148735853142471619e+00 7.166766275223875882e-01 1.110607353137735426e-01 -1.605584225854419742e+02 2.866065890110652958e+01 -3.043985994922384641e+00
1.610148033586786937e-04 -5.546090175412153656e+00 5.587106307490530277e-02 1.044789206030849738e-01 7.269272982193999422e-01 1.153002890786507667e-01 -1.597256939991555669e+02 2.802431923021014981e+01 -3.180155278845409050e+00
2.035504844642818027e-04 -5.311672427475775393e+00 6.776567604704797354e-02 5.811527209290762164e-02 7.404986683824030802e-01 1.097352062043785437e-01 -1.597380974865445751e+02 2.827302770496209661e+01 -3.146868579157802159e+00
1.895377160151256470e-04 -5.382998448674626957e+00 5.543694525607001378e-02 6.198047918422576963e+00 7.156565155512997212e-01 1.216484712289114256e-01 -1.632833679545558994e+02 2.807038451029325543e+01 -3.033341696746707505e+00
1.841079327002134540e-04 -5.412064306103104627e+00 4.787224202883222368e-02 9.876354185072138553e-03 7.159461960200986796e-01 1.338855459197072495e-01 -1.606541251479416132e+02 2.784642330565884194e+01 -3.097191741254703423e+00
1.400181690292860649e-04 -5.685814289527625576e+00 3.942664476136947815e-02 6.241389700893256176e+00 7.327044957992239205e-01 1.229256905725682192e-01 -1.611974523320669732e+02 2.775846943988591420e+01 -2.798614428350707506e+00
1.282351734901759552e-04 -5.773720611443475370e+00 2.407728932882069461e-02 7.972263648343615172e-02 7.113177235102865481e-01 1.112847815017870556e-01 -1.613101288871281440e+02 2.813293707248210040e+01 -2.757905011109597737e+00
1.656467877824686593e-04 -5.517728745533037937e+00 5.388481011821788513e-02 6.303048664800585399e-02 6.997059532108473867e-01 1.279731689222796676e-01 -1.596158026282637934e+02 2.825096909817575863e+01 -2.916762186446215210e+00
1.446320294582183153e-04 -5.653393693440269097e+00 5.365990128177000607e-02 2.128999714502156915e-02 7.285571086064537294e-01 1.129983927255482357e-01 -1.630366915140589867e+02 2.734403311187788432e+01 -2.728846495436725306e+00
1.357796819877457519e-04 -5.716552895740363738e+00 5.919191254592581775e-02 6.164807060645795644e+00 7.098504299248034055e-01 1.244591244267658214e-01 -1.614176137688245944e+02 2.840150909055100215e+01 -2.831216699588030572e+00
1.385768623417470917e-04 -5.696161348048201845e+00 1.684640237648982186e-02 2.325835541681140622e-02 7.269643566652671529e-01 1.102448631588534567e-01 -1.602192975078753534e+02 2.741800184329817824e+01 -2.972951278350421944e+00
1.677585060434647838e-04 -5.505061001263305442e+00 6.943612562458689741e-02 7.289408267925569229e-02 7.088212858382118009e-01 1.215440833702298856e-01 -1.617339761328748864e+02 2.855305655250156605e+01 -2.912977780234133895e+00
1.482133405650160334e-04 -5.628933756378537545e+00 1.689763980869185556e-02 6.265977927750473242e+00 7.274610381628833222e-01 1.031890518059679906e-01 -1.616203587810321096e+02 2.724613519134355499e+01 -2.789792535933639073e+00
1.236663884827759010e-04 -5.809998958025638593e+00 8.417075312527844133e-02 6.195952713226054342e+00 7.314716289739797705e-01 1.167915218354888679e-01 -1.606619527478301279e+02 2.824116852724367632e+01 -2.889100463954939357e+00
2.095923069539495172e-04 -5.282422234187695409e+00 3.617953412442975747e-02 6.245241012507876555e+00 7.095128931181245990e-01 1.192835418392900471e-01 -1.621339663029418716e+02 2.861025528161220777e+01 -2.956836850570258690e+00
1.261249315664371364e-04 -5.790313546408617285e+00 6.008640266078346670e-02 1.128619119555427791e-01 7.148998541300269904e-01 1.193773117397083361e-01 -1.626029221022031948e+02 2.770461008517144563e+01 -3.047836297563195629e+00
1.437350128068300376e-04 -5.659615066989965193e+00 8.758243620124894768e-02 4.045161280302980614e-04 7.159944828373295822e-01 1.433973431475910609e-01 -1.610187458511142040e+02 2.822997146416656022e+01 -2.961835261963208232e+00
1.734364045340451620e-04 -5.471775494776304427e+00 6.064867111993310633e-02 6.201280238668550382e+00 7.448592278969252689e-01 1.051080113413747491e-01 -1.610115465432962765e+02 2.770344018669029751e+01 -2.718575104207801019e+00
1.347471969553988244e-04 -5.724186074739483487e+00 8.122972132204198115e-02 6.221418450754293339e+00 7.292185309662485571e-01 1.172842300837548812e-01 -1.613690219898885516e+02 2.765766260209551319e+01 -3.126186562800645774e+00
1.381967563689763382e-04 -5.698908041996213036e+00 5.496873436793936474e-02 6.225352754467097682e+00 7.084460839522862541e-01 1.253917638029925230e-01 -1.631830045081616731e+02 2.813800382575104564e+01 -2.836124342458104408e+00
2.068136684301392827e-04 -5.295768247123602279e+00 7.645160456864019682e-02 6.281174810006159959e+00 7.331078671182745810e-01 1.138551729190036832e-01 -1.618183056071405872e+02 2.824943949150693356e+01 -3.201901774495716779e+00
1.499342828749622013e-04 -5.617389398567723902e+00 3.844257213945645457e-02 6.234926094871790170e+00 7.292154513035594698e-01 1.046455059395468012e-01 -1.584279778489012642e+02 2.772680871082855347e+01 -2.810192730108900250e+00
1.597575649350773243e-04 -5.553929035524402202e+00 7.151814752369023420e-02 8.830215298884716568e-02 7.274569719158834324e-01 1.234638571399026968e-01 -1.607556813357542183e+02 2.847940477402227799e+01 -2.857532366459927253e+00
1.854971302581612073e-04 -5.404547070875597825e+00 4.521568213345150689e-02 9.720686245229438749e-02 7.139368544363279279e-01 1.216545762583313983e-01 -1.604416839892499524e+02 2.781859333957936542e+01 -3.153415203927418808e+00
1.459389293654775853e-04 -5.644398240314460580e+00 3.147994163846090654e-02 9.833939165941549265e-02 7.157043101468507640e-01 1.163911904320893836e-01 -1.628226948182369824e+02 2.792173566482924940e+01 -2.957957928884971111e+00
2.246361704561627027e-04 -5.213104409275658213e+00 3.692962078441752727e-02 6.163711133095340244e+00 7.071667950283111459e-01 1.122745856172711054e-01 -1.611334315182718910e+02 2.797423402431686767e+01 -2.999589776487798787e+00
1.503237811536718076e-04 -5.614794973678936429e+00 5.034913998538859126e-02 6.187909464917163760e+00 7.171537396619487303e-01 1.260761913934951017e-01 -1.612933508737295369e+02 2.781186320111428500e+01 -3.157815787779904682e+00
1.802163073061941606e-04 -5.433428645822388603e+00 8.122890578658192862e-02 3.525476113782778642e-02 7.324845679874029125e-01 1.270362140405081885e-01 -1.614334237935037777e+02 2.811459060515031183e+01 -3.125176945782985882e+00
1.811513936721118371e-04 -5.428253371715396014e+00 7.338599699219061634e-02 6.882747574332806484e-02 7.346001339816843334e-01 1.263521545150775305e-01 -1.607137174470506693e+02 2.823964987654153802e+01 -2.980686103043663771e+00
1.376760487478232570e-04 -5.702683029815660554e+00 4.076508060026184932e-02 6.180320537529908620e+00 7.099433634009147953e-01 1.274520351556091002e-01 -1.616484078275424281e+02 2.822650786871916395e+01 -3.049906777253061918e+00
1.580553870862277802e-04 -5.564640959720090763e+00 5.271144805362582009e-02 2.719540557240049741e-02 7.242168778386952610e-01 1.106731098362298132e-01 -1.602185353340961456e+02 2.894855441360089188e+01 -3.104675896380372890e+00
2.180903866311372289e-04 -5.242676888064013774e+00 4.016602038919236950e-02 3.542197478292567758e-02 7.261119355248180085e-01 1.042498353398577104e-01 -1.634015204852734655e+02 2.750542437357528058e+01 -2.844415963123010371e+00
1.279417713688844980e-04 -5.776011233261465705e+00 6.637481637131048551e-02 8.011735911401764165e-02 7.035611845531389852e-01 1.183509769719766486e-01 -1.599193585944124152e+02 2.794707675113605916e+01 -2.961192486332984153e+00
1.581659686517677521e-04 -5.563941566285456553e+00 4.971883716498470829e-02 6.269082065014377925e+00 7.158068727335159531e-01 1.250806282903524635e-01 -1.626301922959814306e+02 2.864993445640778802e+01 -3.063875743908659466e+00
1.494986544219614971e-04 -5.620299090228771277e+00 7.842945093168285364e-02 2.415364323378550032e-02 7.394749353850387230e-01 1.265837559227185882e-01 -1.610774609130502881e+02 2.773580338137571033e+01 -2.908741937115744136e+00
1.279134655592344268e-04 -5.776232497520933151e+00 4.609762378881210321e-02 6.202509797453341633e+00 6.999763141096366770e-01 1.286635342471466326e-01 -1.621259469040113004e+02 2.835140003832714584e+01 -2.996702619699222581e+00
1.755844449778272138e-04 -5.459466387350442318e+00 6.758757990946695493e-02 6.280888873348151158e+00 7.260825717335427365e-01 1.221325509719730917e-01 -1.607684293139452052e+02 2.871683921411793960e+01 -2.849968041895780679e+00
1.496514225032450035e-04 -5.619277742708930212e+00 4.434813411522819937e-02 1.167190832970792062e-02 7.182353509129586477e-01 1.241835826328068076e-01 -1.594756016925501285e+02 2.851525812449462549e+01 -3.118062279787812585e+00
1.268079281995971740e-04 -5.784912917215089045e+00 6.752922028962426992e-02 3.100963342389027877e-02 7.358700881164706997e-01 1.190852873618540586e-01 -1.608521512519354246e+02 2.763978951959122909e+01 -2.645144145413153680e+00
2.600232003858387957e-04 -5.066815623209216746e+00 5.340965853140966502e-02 3.963449834420741669e-02 7.364165793977907049e-01 1.125929191538069113e-01 -1.604349152946863342e+02 2.769139693848576655e+01 -2.646652201868948673e+00
1.890502649578840980e-04 -5.385573550638257601e+00 2.588363985700015135e-02 5.170851113205142402e-02 7.416404313210479549e-01 1.117074311631249400e-01 -1.608873427977889605e+02 2.803633661002391619e+01 -2.987240314097845406e+00
2.041466126819814768e-04 -5.308748057168950041e+00 5.018626469846687588e-02 1.247214694157545468e-02 7.429506512673546004e-01 1.088358970777807272e-01 -1.608111021702865742e+02 2.721876927761945808e+01 -3.056165661656169874e+00
1.730705990234111639e-04 -5.473886884403492914e+00 5.758183842824315946e-02 2.245632679793799907e-02 7.234535662504821829e-01 1.083590894389107051e-01 -1.612243258716474656e+02 2.774982527434377744e+01 -2.617716272779841979e+00
1.403779799930275521e-04 -5.683247840862112099e+00 7.494504563389969842e-02 6.191767983662683328e+00 7.310213398516647310e-01 1.131732715628965547e-01 -1.612570964438129408e+02 2.792897306070574359e+01 -3.165777821365514555e+00
1.573877472795388291e-04 -5.568873994019356566e+00 4.736957610649916717e-02 1.158708396224628900e-01 7.384288120768756070e-01 1.011472006948817420e-01 -1.629389884013616552e+02 2.802590984494035453e+01 -2.846633903051920100e+00
1.355611179831145148e-04 -5.718163888646149218e+00 5.651419231077214889e-02 4.491294114665037723e-02 7.133086555369865245e-01 1.299416004028698945e-01 -1.598366038136561542e+02 2.760190574394511032e+01 -3.141177388424676309e+00
2.208615757024847196e-04 -5.230050331508454775e+00 6.884323275095027839e-03 6.280469231318003054e+00 7.268489148246368714e-01 1.054842970388956275e-01 -1.614578303918958682e+02 2.785857946437025845e+01 -2.831506878050880083e+00
2.411877690373940349e-04 -5.142010727729906527e+00 4.842707881792396307e-02 6.186506417192892293e+00 7.007078361354656115e-01 1.205933809648064431e-01 -1.615567784409742558e+02 2.821525968472426982e+01 -2.915891079049077739e+00
1.582214912029227124e-04 -5.563590588078225707e+00 5.205904842391129161e-02 6.279191778124331158e+00 6.970984968159755768e-01 1.220497380859553033e-01 -1.613512920713784524e+02 2.756995826590946663e+01 -3.029190656660953884e+00
1.627378345397683019e-04 -5.535445953573827182e+00 6.102271901904876561e-02 3.999079115886052666e-02 7.258846066140923758e-01 1.091693857722782074e-01 -1.605497336698102799e+02 2.781875186455645732e+01 -2.626341718970897077e+00
1.553283618572508836e-04 -5.582045142762482648e+00 6.148269077839385588e-02 2.974330155927357167e-02 7.066551548801914828e-01 1.429809876664788204e-01 -1.615771446634044537e+02 2.764710333779935070e+01 -2.874223183257651471e+00
1.531250931509516011e-04 -5.596331292865455609e+00 2.784025049254879036e-02 6.227862215672599788e+00 7.128035519357566185e-01 1.192236862155820337e-01 -1.603356513146364364e+02 2.806152682225748762e+01 -2.769592247053207501e+00
2.755426827241619120e-04 -5.008843937685805159e+00 2.925476573372232103e-02 6.011958964658327409e-02 7.202651536939848054e-01 1.100186011766416949e-01 -1.624131365283190007e+02 2.748448704321693015e+01 -3.016139860626911862e+00
1.654231614630369696e-04 -5.519079676681885260e+00 5.504449105168607304e-02 6.209333545848262581e+00 7.405974808036254187e-01 1.174011658746361292e-01 -1.609355164925776194e+02 2.847414509250928560e+01 -2.952904365645738771e+00
1.321312187437578205e-04 -5.743790972290232055e+00 7.371751680025462328e-02 6.218469304996976810e+00 7.219742568566098750e-01 1.318675242392964020e-01 -1.627320544965531326e+02 2.764258418080939350e+01 -2.990095770355076787e+00
1.485466655933423744e-04 -5.626687327199506150e+00 3.901313094652525404e-02 6.129021746690066941e+00 7.275884037626061396e-01 1.085107844377708325e-01 -1.606349165075267251e+02 2.817643585191814637e+01 -3.049720622748663956e+00
2.131956575213255888e-04 -5.265376158511602789e+00 5.676861005322531017e-02 6.281461878549492006e+00 7.385742210078614089e-01 1.061605323317435512e-01 -1.623142852234494740e+02 2.875749077123074215e+01 -2.895308121124480216e+00
1.463292141762426060e-04 -5.641727507623435223e+00 4.906697864271747367e-02 4.052330101472170071e-02 7.129865514423028294e-01 1.148366590576531676e-01 -1.588402496708589524e+02 2.820477425731387910e+01 -2.822628406189306993e+00
1.937738317046654006e-04 -5.360894819481064388e+00 4.727848912355769873e-02 6.280992194036185694e+00 7.375128723326284108e-01 1.060744787043190612e-01 -1.630079232990381115e+02 2.732110645720176123e+01 -2.759919436654754143e+00
1.764018544321852900e-04 -5.454821826325465750e+00 4.495820973692288280e-02 5.194387812551388289e-02 7.245460889521433412e-01 1.162757974536068328e-01 -1.592392894649141795e+02 2.822301708438918055e+01 -2.748766949335443854e+00
1.342093489957957384e-04 -5.728185595737643077e+00 6.482883888677459794e-02 6.281366825101951434e+00 7.152466487503398307e-01 1.377315866236968056e-01 -1.618181574140199359e+02 2.750649215036576933e+01 -2.745109176947797991e+00
1.348928213242862331e-04 -5.723105935493277840e+00 8.158393330964919254e-02 4.727139110046074677e-02 7.119775872100539971e-01 1.291110601344087616e-01 -1.610713784108060054e+02 2.841197206124956764e+01 -2.802707178888361739e+00
1.264411868652150922e-04 -5.787809208407702855e+00 6.654437189862150159e-02 6.090810457436314626e-04 6.965346925993166627e-01 1.374955166149727515e-01 -1.623625734900247153e+02 2.778128300739379597e+01 -3.092717204989632762e+00
1.661202864537214086e-04 -5.514874339357655586e+00 5.177880375526300316e-02 6.262755027961850018e+00 7.288854576915985151e-01 1.147954105012483628e-01 -1.582721756199777587e+02 2.774504694974733354e+01 -2.872713291233859323e+00
1.466904395397148123e-04 -5.639261969616834236e+00 7.510573443687906803e-02 7.678973478366128702e-02 7.378853455346354728e-01 1.049805852476972945e-01 -1.597126134477933306e+02 2.805420400356284460e+01 -2.971936492273403729e+00
1.543200250439179483e-04 -5.588557951613918107e+00 3.385518140239474061e-02 5.515881722554906441e-02 7.174302407729777897e-01 1.128193036360746193e-01 -1.603446945498474747e+02 2.807950678897103103e+01 -3.264784156849698249e+00
1.332937024917056612e-04 -4.721010154022149408e+00 1.155410727363115342e-02 6.786418141910452798e-03 7.337015762091906312e-01 1.030291831171080974e-01 -1.601057134016905366e+02 2.823724969910140814e+01 -3.103551525160106905e+00
1.341457880006424774e-04 -4.714637958273479867e+00 5.062371115573427449e-02 1.106731782848433543e-01 7.176242922239574051e-01 1.146435705787678394e-01 -1.620665285436386966e+02 2.818520759023318689e+01 -3.136226800509329671e+00
1.284998704390942471e-04 -4.757637240889139640e+00 8.243490688000754130e-02 6.266353256227582769e+00 7.247162159555217142e-01 1.320038075758153129e-01 -1.612760558871069065e+02 2.748443921810467216e+01 -2.872373682101705406e+00
1.386716339857587083e-04 -4.681456344003587233e+00 5.450061267067385362e-02 5.951007978360547263e-02 7.266212394927173968e-01 1.003748065938485645e-01 -1.593572245544185648e+02 2.816063173351401971e+01 -2.959393600491853071e+00
1.249505768985669776e-04 -4.785646862662173540e+00 5.657402077304629628e-02 8.592357233294221908e-02 7.298935755019773097e-01 1.089593252208261309e-01 -1.609884266376870983e+02 2.859054325979237632e+01 -3.191467201477946602e+00
1.276103448955553997e-04 -4.764583696494186782e+00 6.594451360688724506e-02 5.557918526788331592e-02 7.003038311276442718e-01 1.303795066832990346e-01 -1.622505913129279520e+02 2.784971056398244471e+01 -2.891825310924152070e+00
1.376542825111708634e-04 -4.688819794267302221e+00 6.664038976496711175e-02 7.907595657074870110e-02 7.386958371541006985e-01 1.062443539300348821e-01 -1.614691276586860340e+02 2.764254635543555949e+01 -2.797068623352636507e+00
1.237264960184577265e-04 -4.795491684722216874e+00 7.912911854368298581e-02 1.777991271710229262e-02 6.972103404102516500e-01 1.385946198355587355e-01 -1.612252659532279608e+02 2.817722581431975115e+01 -2.948738121217213681e+00
1.259942693934892465e-04 -4.777328712054694115e+00 5.669532372789454211e-02 4.751937806509719253e-02 7.145467748198547353e-01 1.322983207238427605e-01 -1.617559169611967604e+02 2.744471644497059515e+01 -2.935279465516407171e+00
1.277242389864214581e-04 -4.763691579988162061e+00 4.175105959322145122e-02 2.113786486027550288e-02 7.106487747454185433e-01 1.235533917534861054e-01 -1.605471170311441256e+02 2.764136241679060646e+01 -2.728909734839537471e+00
1.261411839989723871e-04 -4.776163349388454549e+00 2.373901840650904926e-02 6.250177292507554938e+00 7.422522322084067481e-01 1.037464250308880731e-01 -1.627491363202038315e+02 2.807539913486684213e+01 -2.865321534301989992e+00
1.280600881590661919e-04 -4.761065544457400378e+00 3.695095990741847913e-02 8.606539583727267073e-02 7.404732034276305663e-01 1.074269459059507548e-01 -1.623378692822668086e+02 2.769826668145402948e+01 -2.994794032889793733e+00
1.324444490419588436e-04 -4.727401831965979184e+00 1.459062777808040057e-02 2.910758926422802456e-02 7.341423901213357528e-01 1.015182655163938963e-01 -1.595337273007941690e+02 2.835063301220869292e+01 -2.911213060932373864e+00
1.405356644877666587e-04 -4.668103840635308366e+00 5.628857831692801739e-02 6.243473024666801763e+00 7.099555646747471860e-01 1.363375784953893277e-01 -1.617146146683199390e+02 2.794169576175081815e+01 -2.855683502017289932e+00
1.350244145980396022e-04 -4.708109526006217571e+00 6.640363874108956566e-02 6.212019758307253170e+00 7.269138967859147815e-01 1.050119429524351555e-01 -1.597967576093795969e+02 2.807835982225814675e+01 -2.939277083830824644e+00
1.424394947510329037e-04 -4.654647825664843808e+00 1.556337388728934457e-02 5.146411730447194958e-03 7.311168639997648322e-01 1.035593643454917889e-01 -1.607759257254319891e+02 2.832420776619276737e+01 -3.194079420947568693e+00
1.304118105574248723e-04 -4.742867919817254752e+00 7.438544777356925763e-02 6.245862045047829270e+00 7.307130419181970815e-01 1.086576872009697992e-01 -1.606103471220914116e+02 2.783499657271448768e+01 -3.115608224003114657e+00
1.256477067920338067e-04 -4.780083123904556253e+00 5.472125678306372087e-02 6.229294742056507239e+00 7.332644391238257731e-01 1.203956260141941792e-01 -1.620679264187878630e+02 2.741988759919622254e+01 -2.901954893667893387e+00
1.251186068206583011e-04 -4.784302994978194334e+00 3.948616124867643240e-02 6.238094336100079573e+00 7.184439348116525847e-01 1.243534116465976752e-01 -1.602676782834813025e+02 2.800106611194230766e+01 -2.786841005409250727e+00
1.315606122343844400e-04 -4.734097462006353396e+00 6.528823255337001807e-02 6.228875638887992672e+00 7.201422909734966904e-01 1.305973038319306334e-01 -1.608399537835388742e+02 2.798298980298280370e+01 -3.160365290025315410e+00
1.338644184412400226e-04 -4.716737651912096041e+00 5.383411532087278850e-02 6.271197645348207672e+00 7.317955676648156826e-01 1.047070929094750663e-01 -1.635487042100728559e+02 2.789888433500226128e+01 -2.854055930303007749e+00
1.299587757550865839e-04 -4.746347846378376367e+00 5.787362081738556263e-02 7.914169763626174858e-02 7.089347359842765872e-01 1.154437583086427854e-01 -1.602565863362632967e+02 2.783551658651645155e+01 -2.827295580298763156e+00
1.370004071750531105e-04 -4.693581239063443711e+00 5.510667798609214518e-02 1.197936884157883713e-01 7.294730328002089204e-01 1.065441585878761088e-01 -1.614332920679941594e+02 2.792507802021215824e+01 -3.114522417961779865e+00
1.427110523709620689e-04 -4.652743163690566064e+00 5.943283054879122673e-02 3.061631547311886165e-02 7.072074450030143566e-01 1.263342748104471502e-01 -1.611089159234779800e+02 2.855980639547484046e+01 -3.125550695056249495e+00
1.506543490013573662e-04 -4.598577003561551635e+00 4.640073625927554346e-02 6.153517927913191521e+00 7.173924783765402990e-01 1.114427973432667862e-01 -1.608411026161911082e+02 2.784416140782541760e+01 -2.899456522085621657e+00
1.333707225954627190e-04 -4.720432498372177932e+00 4.700759209656812931e-02 6.211202812093169712e+00 7.292466426520964884e-01 1.119350043405141770e-01 -1.618568073598027013e+02 2.745656032688997783e+01 -3.101925045222849064e+00
1.420540460529265739e-04 -4.657357545772138785e+00 2.761977748958399648e-02 6.233510045779495634e+00 7.304409728092451370e-01 1.048200279194911877e-01 -1.601717884159958771e+02 2.825043810116867249e+01 -3.236319938519378603e+00
1.269259015088290221e-04 -4.769961673470379360e+00 8.041467467704965788e-02 8.017348597932154319e-02 7.045954862007228758e-01 1.348940832892536745e-01 -1.614286024959572501e+02 2.792747998673961263e+01 -2.940380290603677338e+00
1.501033008865613897e-04 -4.602241407320640576e+00 3.010532592035819466e-02 6.269711016410497884e+00 7.120974382955258530e-01 1.138184135935456920e-01 -1.600189092632280108e+02 2.799663319834666453e+01 -3.139261092863381286e+00
1.281671960061865363e-04 -4.760229506611491246e+00 5.114493046280577104e-02 1.099788489401810898e-01 7.306221691264458418e-01 1.096012320147066871e-01 -1.626802168550573811e+02 2.834496103080219598e+01 -2.942200299368589178e+00
1.285534948455793085e-04 -4.757220016962085296e+00 2.961138607478819296e-02 8.684109882001292413e-02 7.269117403088346530e-01 1.009289818996273180e-01 -1.602105360605652322e+02 2.745521471800577018e+01 -2.839896640885644530e+00
1.337774382992719207e-04 -4.717387626068531681e+00 4.748884089924743090e-02 9.603842020322625114e-03 7.339839890015515955e-01 1.171827753492108853e-01 -1.611987045727946111e+02 2.853196652386180787e+01 -2.828516228169597468e+00
1.256271870975579413e-04 -4.780246448574233753e+00 2.982284685047664752e-02 6.281375552185958000e+00 7.351155997252207808e-01 1.056647594991555195e-01 -1.634437758194669073e+02 2.769218062891987131e+01 -2.917705026427754866e+00
1.278529029166082021e-04 -4.762684729844224307e+00 5.368649645455647601e-02 5.229384490465189411e-02 7.327088969664339313e-01 1.013931797694384851e-01 -1.588226186795680519e+02 2.817706116430346341e+01 -2.931504278646177575e+00
1.295826930081997832e-04 -4.749245903570527005e+00 5.573107359446627385e-02 6.236347726312900797e+00 7.091075429356464843e-01 1.180190653151834412e-01 -1.592133746269474841e+02 2.778938114269496751e+01 -2.938763946259399518e+00
1.416441714104644232e-04 -4.660247059363776145e+00 7.043332438455640609e-02 6.220228680675147892e+00 7.055396498389329141e-01 1.244490430669722009e-01 -1.601382959722157580e+02 2.818972361429727869e+01 -2.915076661837112226e+00
1.356954075905517174e-04 -4.703152413068489857e+00 2.624966463537459216e-02 8.530151991273907108e-02 7.200723404007045580e-01 1.020666788088555321e-01 -1.616295116096479774e+02 2.763381943319798140e+01 -2.820658008826764096e+00
1.400187731931360629e-04 -4.671788629111670588e+00 6.504728050793762151e-02 4.239887401451616911e-02 7.281483696666209982e-01 1.076429363942599249e-01 -1.628302411489881365e+02 2.812040710960500434e+01 -2.844733518412940754e+00
1.254593823186768724e-04 -4.781583077644072866e+00 6.395008147462810655e-02 6.273031569583637612e+00 7.479512265286514250e-01 1.025233813267185240e-01 -1.621351010337167509e+02 2.756497864910095785e+01 -3.046725419465965423e+00
1.291618833427977855e-04 -4.752498609713036615e+00 5.562816038893059201e-02 5.499910834284259947e-02 7.055689373657300090e-01 1.126281869077274539e-01 -1.605080670369935092e+02 2.793454065084832649e+01 -2.946765192260110133e+00
1.240771488438865684e-04 -4.792661596733259977e+00 3.965413235182457807e-02 9.299642796420699853e-02 7.204923502175643035e-01 1.144680304500881457e-01 -1.615390472733981824e+02 2.870540890622075381e+01 -3.046416461767491590e+00
1.399366582966469130e-04 -4.672375257478956989e+00 6.492577532856080857e-02 6.269280312164238644e+00 7.311629784887102579e-01 1.201838188385940948e-01 -1.616627144435523178e+02 2.726748293968522674e+01 -2.781749558724078142e+00
1.236901611288050446e-04 -4.795785398899209184e+00 5.775120143803924577e-02 4.329088929311605133e-03 7.362514017818989620e-01 1.001826847095424605e-01 -1.594386351094478869e+02 2.818627865126865828e+01 -2.780249559109830848e+00
1.341730653441271541e-04 -4.714434637908627934e+00 5.163034123236509565e-02 6.212247243557480481e+00 7.208197919514904850e-01 1.173104894105141682e-01 -1.612412919605112052e+02 2.724063167026108445e+01 -2.835878037717041167e+00
1.599812298992381407e-04 -4.538508641745484518e+00 3.308507122282089430e-02 6.212149290628858012e+00 7.087119256035541159e-01 1.119392089659261846e-01 -1.618700421471075401e+02 2.822847085374374743e+01 -2.882629407528027876e+00
1.247196381362265826e-04 -4.787496813631861414e+00 7.368178636327760156e-02 6.859367610584145292e-02 7.351324122763277513e-01 1.219654962642254953e-01 -1.602291759058467164e+02 2.803838859602469924e+01 -3.021419291505558213e+00
1.288652128936317671e-04 -4.754798140143922325e+00 7.199729643185259764e-02 4.226904293055870621e-02 7.008653796044699291e-01 1.325891034506139210e-01 -1.612977288697617837e+02 2.750410130701269651e+01 -2.906671929171409374e+00
1.427707716907638787e-04 -4.652324788048828097e+00 5.453864084886395069e-02 4.399957156286739973e-02 7.125944267866720638e-01 1.343009324473074251e-01 -1.602697444005017928e+02 2.800108901527920224e+01 -3.050862696709222277e+00
1.527964881553076451e-04 -4.584458243776309061e+00 4.844953271887286750e-02 7.030475341143854751e-02 7.306178370604928807e-01 1.042900273942613115e-01 -1.622382417191419108e+02 2.764974618410465013e+01 -2.718792630039059688e+00
1.380385638956021913e-04 -4.686032042330229075e+00 5.039278566765670320e-02 4.809102856693373007e-02 7.348046401487564605e-01 1.104154344357113904e-01 -1.591149212280951133e+02 2.848642626769537500e+01 -3.036780727009231740e+00
1.349139696471940951e-04 -4.708927823539688085e+00 5.423980104732206708e-02 4.267738209166389157e-03 7.097472681920770077e-01 1.171574534733166029e-01 -1.608889466321491568e+02 2.747394953191550826e+01 -2.731870400144562616e+00
1.299245850827957817e-04 -4.746610969591637641e+00 3.321027902842565993e-02 6.207441300854625588e-02 7.170243843490721192e-01 1.116893443122536911e-01 -1.599268214498152929e+02 2.863698499513767004e+01 -2.991305834228965566e+00
1.257824090163706956e-04 -4.779011635417256265e+00 7.417480184239466645e-02 6.275474494931756908e+00 7.211154323144146616e-01 1.124245543472485176e-01 -1.603087416912857179e+02 2.819129669540204475e+01 -3.116912302063346019e+00
1.703217345247216429e-04 -4.475875932517585198e+00 6.333606669262503708e-02 3.926066872942635122e-02 7.113362498986619542e-01 1.121507677273038545e-01 -1.606170361009770886e+02 2.828098682289897781e+01 -3.014101763795316025e+00
1.311109424226701320e-04 -4.737521283451921583e+00 3.056182390368922253e-02 6.206670955835856596e+00 7.304107976105240763e-01 1.109170851631077342e-01 -1.604377135042707323e+02 2.747000023429463411e+01 -2.847850341890292292e+00
1.982750817426026039e-04 -4.323909768729701675e+00 6.411497715616620852e-02 3.360566507681640703e-04 7.328405629705752045e-01 1.082173613201212192e-01 -1.623411447796945026e+02 2.764932133186942664e+01 -3.113941845446057677e+00
1.393839941658200107e-04 -4.676332464704109348e+00 7.125370176328782446e-02 6.236084361441795565e+00 7.039340095165552702e-01 1.281151792737130202e-01 -1.599718287491677984e+02 2.775301842918798201e+01 -2.860863779847773181e+00
1.781673209257353581e-04 -4.430842023003201291e+00 2.005992457042160559e-02 8.443399543887633585e-02 7.152262180527186874e-01 1.054315299588542976e-01 -1.605081938945913862e+02 2.815057852537716698e+01 -2.971639642527421188e+00
1.269693959353497157e-04 -4.769619056435842275e+00 5.856982916687247798e-02 6.280881540741138025e+00 7.450991855411179809e-01 1.032144041578701987e-01 -1.626245095068896944e+02 2.850011508560684703e+01 -2.912597040750464217e+00
1.236326456921257009e-04 -4.796250503096064932e+00 3.883162661104899716e-02 2.097664849245341190e-02 7.320332180909782105e-01 1.053431875886443880e-01 -1.592338185052996096e+02 2.870928432726704926e+01 -3.020129732716045901e+00
1.414379350132098775e-04 -4.661704137921997670e+00 6.041612054065959025e-02 3.983702042732025633e-02 7.166572004313094268e-01 1.342869261323547114e-01 -1.605653808495796966e+02 2.811946400408549351e+01 -3.099103335349155941e+00
1.710081091280168713e-04 -4.471854159788279048e+00 4.480923101203704295e-02 1.269128068740500064e-03 7.337238009725646215e-01 1.028447315491444053e-01 -1.618073650973508393e+02 2.888384357905687949e+01 -2.984822287604300683e+00
1.440038164566300025e-04 -4.643725334571987773e+00 3.775392118863463153e-02 5.015928799109992120e-02 7.059390294176998149e-01 1.108809863956315422e-01 -1.613937248023209463e+02 2.835057845581212632e+01 -3.065831728030435244e+00
1.519432517459629755e-04 -4.590058029608249157e+00 6.220938744776194351e-02 6.239861565357663231e+00 7.317605997642460114e-01 1.110955928090111705e-01 -1.590496118231541232e+02 2.833535348291121991e+01 -2.934238825663935124e+00
1.708977929409170155e-04 -4.472499461260179388e+00 2.736085418954892212e-02 2.977838488848522439e-02 7.219920787620340841e-01 1.051517842894481580e-01 -1.598662464233597689e+02 2.740089213062429963e+01 -2.891759426522160226e+00
1.267343272809202839e-04 -4.771472152785532828e+00 4.415217105218882665e-02 5.001309006697431808e-02 7.070541330035918781e-01 1.103307114305637771e-01 -1.616800992826165952e+02 2.841825070641068507e+01 -3.048123188114644222e+00
1.512708231487039639e-04 -4.594493375822596093e+00 4.422563280695546162e-02 2.737770242444427429e-03 7.382868076616626585e-01 1.043529977594674640e-01 -1.630896431520017131e+02 2.857388826565354734e+01 -2.959502569993583521e+00
1.269219522181871127e-04 -4.769992788885250690e+00 8.201147828415522589e-02 6.256668926973449452e+00 7.242880280119559089e-01 1.139473427600339872e-01 -1.608477395781494579e+02 2.808499968197081387e+01 -3.055247725075358467e+00
1.422392431673109175e-04 -4.656054686031136924e+00 6.799692981041127737e-02 6.175790912003743749e+00 7.224430757370957634e-01 1.201675468229795873e-01 -1.602022625618047869e+02 2.771810199639524086e+01 -2.953281186538547765e+00
1.704087684972365358e-04 -4.475365065579433477e+00 5.620597962770368383e-02 6.209496610503233427e+00 7.436584987383128009e-01 1.085274437934966169e-01 -1.608530475737334200e+02 2.832088315732339368e+01 -3.133058141596471557e+00
1.570412177766378583e-04 -4.557056832466281904e+00 5.358067774291486174e-02 5.892219209185058093e-02 7.455705900731824931e-01 1.128139187069950172e-01 -1.609370183622140758e+02 2.795609961599165771e+01 -3.061919162682000817e+00
1.449359645046140687e-04 -4.637273116198006306e+00 4.787910225942770825e-02 1.276444662666371271e-02 7.026789803666443346e-01 1.233976128010253748e-01 -1.614564480750739790e+02 2.839271366523254869e+01 -2.862790515505637678e+00
1.239675592077839751e-04 -4.793545224883153821e+00 7.372416110763846397e-02 1.150369989928825831e-01 7.159400830599663701e-01 1.256656761343889206e-01 -1.612015111554163695e+02 2.816853592772105941e+01 -2.954604297947933667e+00
1.378700083954247427e-04 -4.687253863890518346e+00 6.190483296646120959e-02 6.237292876379678219e+00 7.126391427601003192e-01 1.260113958740498030e-01 -1.609742847305741975e+02 2.867516896824673367e+01 -3.077199640965186944e+00
1.316281322470326683e-04 -4.733584370048244949e+00 4.495079439093396800e-02 6.164282473317703293e+00 7.375662027672713617e-01 1.062657969156102639e-01 -1.616967592024047917e+02 2.848556010835884322e+01 -3.050085830268177034e+00
1.263648244173897818e-04 -4.774391981821423769e+00 3.939209417384370582e-02 8.700537318176826407e-02 7.151573667588502214e-01 1.098268689713364221e-01 -1.619914629379601934e+02 2.756445031002674284e+01 -3.012845308264551214e+00
1.563113972428472741e-04 -4.561714983178728033e+00 4.106838310097349343e-02 6.261412634784554676e+00 7.197928672690031560e-01 1.159601705223874957e-01 -1.590347217037559631e+02 2.761169047295275547e+01 -2.997513301723411239e+00
1.364006146440231325e-04 -4.697968885380770843e+00 5.391516466874646252e-02 2.719032712665665069e-02 7.098789390198385618e-01 1.173583836746718845e-01 -1.602777432620496825e+02 2.865581600324895817e+01 -3.028721478637523390e+00
1.323177692011138151e-04 -4.728358764955528315e+00 5.396715380888883473e-02 6.172048604627126345e+00 7.364431137198321764e-01 1.077242672239030613e-01 -1.610284611597618891e+02 2.758649606074881078e+01 -2.836351248857194030e+00
1.518431510586396667e-04 -4.590717049827865992e+00 3.653371197825716621e-02 5.481734382265240901e-02 7.152470897819189766e-01 1.088812818029572527e-01 -1.606818604892088729e+02 2.860419438223527067e+01 -2.867307733393920088e+00
1.291333021428757400e-04 -4.752719916199915851e+00 5.365007731915782951e-02 6.245866103972377736e+00 7.208625786926020629e-01 1.216269517704028080e-01 -1.599112204537621551e+02 2.724720221210724702e+01 -2.862021267108893596e+00
1.337311882756522005e-04 -4.717733409489968999e+00 4.654624652538352780e-02 6.085164814520183790e-02 7.228301871861587680e-01 1.120952514687190565e-01 -1.616660906951739207e+02 2.754349394825062092e+01 -2.678956313784370380e+00
2.101683202518174129e-04 -4.265656402291334359e+00 5.279132635626981873e-02 6.266920409397786607e+00 7.393762371736619654e-01 1.029832950810096737e-01 -1.591414893550239071e+02 2.750620675588599795e+01 -2.916290320849843631e+00
1.382731814329029988e-04 -4.684333832987690016e+00 2.918244997310204258e-02 3.357750709195204963e-02 7.149718889611349493e-01 1.226579762455570072e-01 -1.604514872143449793e+02 2.780798996610467455e+01 -2.923884351391084380e+00
1.496285592092793987e-04 -4.605409185841918607e+00 7.151092958582461190e-02 6.247659782115808191e+00 7.099985855264479007e-01 1.417322566819065599e-01 -1.613257942179020574e+02 2.803105878015627184e+01 -2.983615235754828454e+00
1.824654412434999987e-04 -4.407004344926042094e+00 5.108961639242648456e-02 6.222032297250543187e-02 7.052076233058354182e-01 1.247611652966096885e-01 -1.615337693534364689e+02 2.835984215088016569e+01 -2.879177257156007030e+00
1.274723907503427290e-04 -4.765665338952766561e+00 4.587642993385077084e-02 6.257311806677630983e+00 7.170656268867771077e-01 1.066840062912814829e-01 -1.604005949149646995e+02 2.801524165180297032e+01 -3.218392025305611526e+00
1.483336349599869916e-04 -4.614101110033649533e+00 2.816825114144916320e-02 1.788963131604514104e-02 7.150922335375361483e-01 1.149597354850766529e-01 -1.603384490996195950e+02 2.745103545884475338e+01 -2.956202933298821556e+00
1.427068244199366544e-04 -4.652772790083093746e+00 4.724804047073005719e-02 5.685389396379892518e-02 7.205338141847515976e-01 1.202203583620932159e-01 -1.622984753923104790e+02 2.774428140640489104e+01 -2.729516109118246270e+00
1.271522163904735244e-04 -4.768180213946283885e+00 5.072655953900451209e-02 6.228955471008278622e+00 7.242730295832694454e-01 1.059452750112472447e-01 -1.593235116060735095e+02 2.761269121363763190e+01 -2.794008321153487628e+00
1.426854097290885821e-04 -4.652922862077530475e+00 4.447397804257946508e-02 6.270855178953596010e+00 7.221714951636052371e-01 1.045789684933579461e-01 -1.589059230634053392e+02 2.793301987666363573e+01 -2.827078306211287639e+00
1.491629111309515220e-04 -4.608526065013709427e+00 5.083031425725370589e-02 2.195885921088813753e-02 7.260997496056054157e-01 1.258118742526994904e-01 -1.620488957085112247e+02 2.840883835976659810e+01 -2.961481537632215222e+00
1.710519983720423451e-04 -4.471597542642319567e+00 3.376022144468249220e-02 6.155342500038502251e+00 7.190243405289282741e-01 1.050993175622472048e-01 -1.607378119842759361e+02 2.818223343640924128e+01 -3.032087564690188586e+00
1.655341442055573034e-04 -4.504387654030427512e+00 6.525656339581620280e-02 5.218622073041815669e-03 7.338145453786025785e-01 1.111118194625429073e-01 -1.628892290728944090e+02 2.823661405019123194e+01 -3.116331228045021717e+00
1.289429879951498579e-04 -4.754194783822372372e+00 2.132168167977099849e-02 5.362395793629621925e-03 7.175868278161959823e-01 1.008545658329977612e-01 -1.622418032711533442e+02 2.854507771002367988e+01 -2.987217735076939107e+00
2.038265745102104515e-04 -4.296295629634702351e+00 3.173555591944843268e-02 6.225765853893383550e+00 7.387767761069627959e-01 1.014986669710644107e-01 -1.589238481440949045e+02 2.803701056486046639e+01 -2.903689691020150399e+00
1.245727907891874548e-04 -4.788674926939647136e+00 7.792307595573177981e-02 1.026292078717230914e-03 6.966422885103427109e-01 1.399761803434732832e-01 -1.607905235556050911e+02 2.813569233714302698e+01 -3.013361825570008534e+00
1.945642057525393443e-04 -4.342802921685697370e+00 3.310768396725360940e-02 6.266664106282554769e+00 7.082011682746722769e-01 1.210222516515847557e-01 -1.602711624678434532e+02 2.771958625493170558e+01 -2.898183583330982138e+00
2.182152999124261760e-04 -4.228082947271673220e+00 2.413792264995973103e-02 7.001780573603520741e-02 7.243525800685028937e-01 1.123804622987697871e-01 -1.606663650861486303e+02 2.789159235678983961e+01 -3.051821650224715299e+00
1.388265363757661109e-04 -4.680339922905059957e+00 5.725947353881244428e-02 6.240336952989824937e+00 7.338628504210742420e-01 1.081503684823292288e-01 -1.630208783210998149e+02 2.783295110662298200e+01 -2.762376869685574832e+00
1.387970115023937838e-04 -4.680552620089502014e+00 5.491286136108386451e-02 6.225692155233262248e+00 7.346980371140702237e-01 1.154722495691731798e-01 -1.621004039411619715e+02 2.841801893698037063e+01 -3.158789369271072900e+00
1.268159005613357204e-04 -4.770828704077764826e+00 4.728924021842506598e-02 6.271584902774049120e+00 7.229809398497610839e-01 1.020895197544886418e-01 -1.589169358068562588e+02 2.795398017357625520e+01 -2.875755156766626186e+00
1.438010006861935482e-04 -4.645134732830314306e+00 4.054988306716234003e-02 6.148097404360647111e+00 7.277890333435013126e-01 1.059253467647285341e-01 -1.608405555699151819e+02 2.826501654534674302e+01 -2.863908601088434480e+00
1.434652740732526822e-04 -4.647472123573957781e+00 2.914588650361293887e-02 6.217697283029107069e+00 7.320462186814346017e-01 1.092017925848647181e-01 -1.595904160439865791e+02 2.764748614053574727e+01 -2.854780019734448615e+00
1.868151817050589915e-04 -4.383445341964498532e+00 4.307487374496743460e-02 6.223569741866644023e+00 7.340702685486405477e-01 1.136442363700577995e-01 -1.627028725163968375e+02 2.817268936710798499e+01 -3.081587250639152842e+00
1.320255070424628636e-04 -4.730569997878796507e+00 8.272119348686990392e-02 6.261817646967418938e+00 7.189367415320141452e-01 1.310926698477846430e-01 -1.599745074807574952e+02 2.825797146920894320e+01 -3.040060258112573521e+00
1.317971874939558659e-04 -4.732300854323194805e+00 2.974755641151693997e-02 2.473788357653568248e-02 7.166824374197175995e-01 1.001097018822604268e-01 -1.624727464580153651e+02 2.777939248056327060e+01 -2.854238814933212076e+00
1.335203234351931608e-04 -4.719311435244559760e+00 3.128848877233303405e-02 1.309169512015158632e-01 7.232989998752570315e-01 1.028650946482804890e-01 -1.610552825885579296e+02 2.824264195046699655e+01 -2.864941729598459830e+00
1.616679576764204474e-04 -4.528020549102999226e+00 7.551552704828756735e-02 6.439314390989922532e-02 7.285395219542020184e-01 1.131872207338584096e-01 -1.615208467760023154e+02 2.817120861918498420e+01 -2.829715188032699835e+00
2.096291402748330310e-04 -4.268225166155656503e+00 5.112637228485505947e-02 3.945696437160997605e-02 7.267069228791914748e-01 1.061531324752572059e-01 -1.615685209769162043e+02 2.736428241318294852e+01 -2.747925076304968961e+00
1.277416921611671495e-04 -4.763554942005209902e+00 5.317692384236183401e-02 6.272441845898754309e+00 7.272621946868308429e-01 1.177784489835180248e-01 -1.609857171920750147e+02 2.878240033195156400e+01 -2.903442044854429582e+00
1.259032301837386780e-04 -4.778051539505285383e+00 6.311700178895851554e-02 9.358439514050320707e-02 7.271388538394497614e-01 1.102935308242953827e-01 -1.628817084412665963e+02 2.808415668866814840e+01 -2.949680853194673880e+00
1.327679762918464634e-04 -4.724962071385669482e+00 7.406189823960462881e-02 6.216576255192956424e+00 7.307192306841726603e-01 1.189001686017359116e-01 -1.612870734137347313e+02 2.850301613856603922e+01 -3.068041227413407235e+00
1.335423670267603055e-04 -4.719146353468598676e+00 6.514593008307068001e-02 2.010231421509615229e-02 7.336661924682382763e-01 1.134667620454576781e-01 -1.589469605567002191e+02 2.776951003357347503e+01 -3.042202725161731180e+00
1.368274698989188577e-04 -4.694844348583001370e+00 3.226639261675245951e-02 3.913377328189194572e-03 7.287872600996169181e-01 1.000247298123272816e-01 -1.608811138467751789e+02 2.724154596587452559e+01 -3.047217949885525634e+00
1.435623034486360023e-04 -4.646796025619067905e+00 2.159030926943505957e-02 6.276566838980022212e+00 7.305031578751639554e-01 1.112066933624839410e-01 -1.604453496440539766e+02 2.843640441486738979e+01 -2.923073701679648195e+00
1.628517393467033972e-04 -4.520724924635120878e+00 6.355573599231789661e-02 3.676541379652353836e-02 6.978611329982210565e-01 1.347030069337618319e-01 -1.602925185085257453e+02 2.779162988746070084e+01 -2.915495274966648509e+00
1.734909421664278500e-04 -4.457439745477281612e+00 6.904555830843994713e-02 6.216704184425961621e+00 7.261984797567241356e-01 1.098655873628776175e-01 -1.612377426136288818e+02 2.780548693314710462e+01 -2.770395895176545054e+00
1.724761694109621941e-04 -4.463306058382025654e+00 6.012121662031566505e-02 6.073795778994816458e-02 7.182492452220695656e-01 1.111160459008544432e-01 -1.624359109882451548e+02 2.803899790821951044e+01 -2.814646414694450982e+00
1.349118177268874609e-04 -4.708943773981840941e+00 4.326388505260414519e-02 8.438606905130689728e-02 7.185013992115723003e-01 1.236375023747493807e-01 -1.604109705549687988e+02 2.777297969913028552e+01 -2.819714242896138146e+00
1.429058954990603501e-04 -4.651378796766427293e+00 8.209406425465048951e-02 6.234136666694150009e+00 7.136640626524121123e-01 1.353565889878519113e-01 -1.621147038799152256e+02 2.810997541117932030e+01 -2.958301188724767883e+00
1.650946029866401810e-04 -4.507046475936203223e+00 5.564503844791901521e-02 9.998402209438632393e-02 7.381019329393643247e-01 1.094350145933580265e-01 -1.623763424220536535e+02 2.799172810918470944e+01 -2.875371438358918397e+00
1.265511932199201003e-04 -4.772918221179422105e+00 4.937354428375784199e-02 6.187153151645231830e+00 7.291927461036554758e-01 1.025974841583574548e-01 -1.604554002373365051e+02 2.779215229860304603e+01 -3.155689685892824059e+00
1.787263117015161159e-04 -4.427709486125083416e+00 4.105267788477273694e-02 2.901626323713785410e-03 7.511184280305032157e-01 1.000097258491624702e-01 -1.628990238716064596e+02 2.788989580437811711e+01 -2.860715064960390741e+00
1.300389427303967756e-04 -4.745731171906637513e+00 4.818306139948991262e-02 4.678596348066813015e-02 7.128345152443811283e-01 1.183758365956966707e-01 -1.629266775471170945e+02 2.832137314580512921e+01 -3.090144978172004286e+00
1.711685568777144314e-04 -4.470916353225785400e+00 4.070848515190050865e-02 6.200927377590260275e-02 7.128310917357473242e-01 1.276755636721047249e-01 -1.614339216715985117e+02 2.796157487213146808e+01 -2.886957751891112700e+00
1.286825764477517273e-04 -4.756216412666952387e+00 7.388911181212010071e-02 6.231012673808699276e+00 7.204939388506467202e-01 1.100975211539164389e-01 -1.610762437410915027e+02 2.808893594025135698e+01 -2.885796712237547190e+00
1.517841152228734201e-04 -4.591105920282311459e+00 3.794306030746752434e-02 1.139882868994593346e-02 7.270756432035313521e-01 1.176433278813950739e-01 -1.613799275079872473e+02 2.726498092843693399e+01 -2.844210130037003736e+00
1.623310910939169570e-04 -4.523927115211883176e+00 6.974670321987841426e-02 5.497625252995385486e-02 7.328248906489196468e-01 1.016609004524403614e-01 -1.609789558265514415e+02 2.796206837527503808e+01 -2.878708118591728038e+00
1.601520054171475459e-04 -4.537441738873378760e+00 6.803157140214244336e-02 9.251590010575658912e-03 7.298592787086393141e-01 1.089987834466777522e-01 -1.613095525799519692e+02 2.861473733679359555e+01 -3.117797539805708951e+00
1.365061604710540309e-04 -4.697195391705146328e+00 5.136255639665687767e-02 6.189633155284815835e+00 7.400886690727828121e-01 1.142206741091328775e-01 -1.614383113216562151e+02 2.823981216205773137e+01 -3.015712880167498611e+00
1.463514868151973339e-04 -4.627553964570316758e+00 5.337821243047558006e-02 7.498713067729222137e-02 7.033286782183033603e-01 1.241911367560699503e-01 -1.623538845702526601e+02 2.809966962937304658e+01 -2.983373609670623594e+00
1.260895695921469318e-04 -4.776572612785647820e+00 7.102998200115762106e-02 6.282139845696045555e+00 7.436599893613766721e-01 1.100824025787526805e-01 -1.622552130638714516e+02 2.837887509913811357e+01 -2.982003260519070054e+00
1.783066664655979161e-04 -4.430060223758999882e+00 7.095215342422434013e-02 4.556676700658644774e-02 7.170102440615210293e-01 1.297986753437268270e-01 -1.613157444458876739e+02 2.853787782700145570e+01 -2.998101004033038031e+00
1.811516735201547151e-04 -4.414230481357769520e+00 4.331676546919838167e-02 5.570317577505145418e-02 7.204985153867190517e-01 1.224745164916908186e-01 -1.624300443924091724e+02 2.823652998905773615e+01 -2.889138042138171159e+00
1.825640667444289897e-04 -4.406463974894744950e+00 1.456521012187173003e-02 6.243458146879426351e+00 7.174649499141717568e-01 1.034006162590855038e-01 -1.611356646646790978e+02 2.798307073464767569e+01 -3.083336785298853577e+00
2.330978261892580473e-04 -4.162106916627012154e+00 1.688252663023526168e-02 4.912221844491786865e-02 7.277857132607546964e-01 1.014831730882433114e-01 -1.599551220006226799e+02 2.775473755231339013e+01 -3.043817664178980920e+00
1.339108341617513344e-04 -4.716390975208222258e+00 6.640387099795874715e-02 6.264658372161779454e+00 7.089507522072491241e-01 1.156164303290872497e-01 -1.616032933432503000e+02 2.770763451995011906e+01 -3.029296551988722719e+00
1.603515072607023656e-04 -4.536196811055557276e+00 7.071712383379946676e-02 2.201439663055248727e-02 7.311200361218676003e-01 1.184932225488365548e-01 -1.629738398716104939e+02 2.788814869693922915e+01 -2.848353227358724205e+00
1.345681086897254359e-04 -4.711494681784979655e+00 5.663424015080209539e-02 6.231826047820608672e+00 7.262438296461198872e-01 1.116557104250328752e-01 -1.597347848331994555e+02 2.840695567008522104e+01 -3.201745892870945909e+00
1.772688948957751429e-04 -4.435897376978745754e+00 7.106571537877992562e-02 9.429595426370242228e-02 7.258912095011206267e-01 1.161072968157745855e-01 -1.600104887921529553e+02 2.782199429538156821e+01 -2.920357084647871027e+00
1.839371052403909572e-04 -4.398971257138089896e+00 4.260247959224594538e-02 6.171011643851780804e+00 7.172278462519017239e-01 1.160627595544366231e-01 -1.605773558376375263e+02 2.773927888846644407e+01 -2.876791802571374568e+00
1.701222718115581332e-04 -4.477047712500635157e+00 5.403130847507631174e-02 5.687278932204389674e-03 7.385660110555893887e-01 1.107346860841577074e-01 -1.588057843594200449e+02 2.805287499102476900e+01 -3.024951090726628600e+00
1.491778576132594730e-04 -4.608425867629472705e+00 6.979957351865251347e-02 4.138488203939204302e-02 7.132255564444108797e-01 1.253038261360149008e-01 -1.607916586371698031e+02 2.844343314851116489e+01 -2.824924857123405353e+00
1.468932678481844596e-04 -4.623858882964862360e+00 5.738569037696972241e-02 5.308939283806952958e-02 7.152701307759588012e-01 1.269153900523034562e-01 -1.592359337256510230e+02 2.798047649534962744e+01 -3.047272768521207098e+00
1.798347110607662026e-04 -4.421526979832155924e+00 2.462833445359469131e-02 6.164345275332750340e+00 7.221623953265400297e-01 1.056803106520572411e-01 -1.610427023380401010e+02 2.807385260491390611e+01 -2.910552884288771125e+00
1.362655303671433482e-04 -4.698959725574188617e+00 6.268420656500306443e-02 9.617822095686408279e-02 7.159617634609002357e-01 1.168162208062401841e-01 -1.612671519515947125e+02 2.755665723492040087e+01 -2.826692197612596935e+00
1.443707798202165137e-04 -4.641180286801482424e+00 5.318153328606611829e-02 9.172981124066283132e-02 7.346010611756014219e-01 1.111023187957154990e-01 -1.609439312640592448e+02 2.857415927401180156e+01 -3.139980137921174475e+00
1.862648692856175596e-04 -4.386395447804248171e+00 2.913661120485122602e-02 6.249722946173490001e+00 7.483072769385752387e-01 1.009882868158902824e-01 -1.620510944171755909e+02 2.795626628256508894e+01 -3.119473947935517799e+00
1.386142427926539402e-04 -4.681870293639906144e+00 3.056914092228191215e-02 2.193332244312303295e-02 7.354651923808451786e-01 1.054126065854121691e-01 -1.591376149535744844e+02 2.761321544394679250e+01 -3.054469517280362645e+00
1.483549017148715358e-04 -4.613957749220598537e+00 4.766589210624372352e-02 6.237796516522750245e+00 7.275230380509517536e-01 1.128046445386163416e-01 -1.625514406009791628e+02 2.751015601950174272e+01 -2.729945019978310405e+00
1.776385397855331479e-04 -4.433814326654648141e+00 3.002153866518875169e-02 6.218651283959746756e+00 7.190967856455890983e-01 1.110476185988656800e-01 -1.613735134533402515e+02 2.742847418207988852e+01 -2.857545018902762912e+00
1.392242217448366791e-04 -4.677479397417314999e+00 4.451311861781104273e-02 5.782667258000093180e-02 7.134747611245659815e-01 1.252780195683957098e-01 -1.599477029838918156e+02 2.840178616314015159e+01 -2.951779484347689220e+00
1.888839353561907628e-04 -4.372432409188483859e+00 2.220811689730295413e-02 2.427577541099372113e-02 7.214185542082172109e-01 1.154284689479950776e-01 -1.601595523850738232e+02 2.807032529721787029e+01 -2.989080840655211624e+00
1.636266979555305783e-04 -4.515977535676064747e+00 5.227446901768473264e-02 4.716036666026541396e-02 7.181326030587281695e-01 1.129646762133378890e-01 -1.603711998440824118e+02 2.831952478683808039e+01 -2.741888383236437576e+00
1.756029804803794397e-04 -4.445339482787961316e+00 7.994431580789740366e-02 6.254079145286778996e+00 7.071252199157258556e-01 1.271764625401518300e-01 -1.608209947605998309e+02 2.797534667752804438e+01 -2.850520222749755028e+00
1.330531882326227953e-04 -4.722816177165896967e+00 4.165647084235013509e-02 9.105273886850717702e-02 7.192977410815954986e-01 1.124459544468826011e-01 -1.615785028748549621e+02 2.805923594770182206e+01 -3.207407030320319485e+00
1.246424827173393845e-04 -4.788115635938035908e+00 5.950639884278430269e-02 6.198550217970302256e+00 7.362285799146546239e-01 1.005262423393203375e-01 -1.614479657911600725e+02 2.861042078991088289e+01 -3.074894242549506274e+00
1.251225749296793843e-04 -4.784271280701643647e+00 6.850050497710502562e-02 6.217566191516056939e+00 7.144348769644309760e-01 1.162130559995860624e-01 -1.616495385179068762e+02 2.815962178668285532e+01 -3.146324012258476799e+00
1.259329965547214885e-04 -4.777815144833183147e+00 4.299758534297437595e-02 3.676939033124978357e-02 7.197205520476164242e-01 1.282862778581126684e-01 -1.618200875603113218e+02 2.767476397904333751e+01 -2.870321723799502678e+00
1.498848825239445788e-04 -4.603697587352327147e+00 3.808163348030901840e-02 7.450519642966017299e-03 7.391629294670125638e-01 1.008855049524750025e-01 -1.590395539704849739e+02 2.801518114828594008e+01 -3.172660324117194008e+00
1.430293031662850471e-04 -4.650515610453845206e+00 3.973127080860228144e-02 1.980359631961748842e-02 7.294668826081853741e-01 1.009069831988668176e-01 -1.633626146936401256e+02 2.843213055123677790e+01 -2.932367619168090300e+00
1.645301400084722622e-04 -4.510471361609488916e+00 3.662520884835929191e-02 7.357343468952382004e-02 7.309680478142248639e-01 1.137063146633555677e-01 -1.615992492451090357e+02 2.803316491624785556e+01 -3.164308556602120071e+00
1.265867497024599538e-04 -4.772637295433061588e+00 4.045722152955444351e-02 3.735428181094456457e-02 7.217649186646857284e-01 1.066225975761050521e-01 -1.605731140701589652e+02 2.880218952223523132e+01 -2.896724102433609893e+00
1.449612142323052457e-04 -4.637098918381635571e+00 5.620948473652032096e-02 2.534175300486528684e-02 7.371582227649461361e-01 1.055835985519343601e-01 -1.597364414700313091e+02 2.839919947266500344e+01 -2.777483007501819756e+00
1.391031525709630651e-04 -4.678349374233698121e+00 4.919594992051945503e-02 6.238069222594152308e+00 7.270859004643219770e-01 1.097908264653839061e-01 -1.598819171673434312e+02 2.838244869967693162e+01 -2.741003875615217744e+00
1.453985422147148650e-04 -4.634086597952270736e+00 6.380159069023449980e-02 3.114261689259402270e-03 7.337869997431771818e-01 1.244388780755790458e-01 -1.603455311148667306e+02 2.813385960715225664e+01 -3.122279274074881705e+00
1.524190314294963944e-04 -4.586931623365606114e+00 6.409193858948070144e-02 7.803055056447015525e-02 7.134812124047337223e-01 1.276700130208693884e-01 -1.603325115052335263e+02 2.836573369869033101e+01 -3.111075932086359686e+00
2.403210221011538794e-04 -4.131589515317072525e+00 6.390409707718458510e-02 6.230239044736071818e+00 7.206243587047758137e-01 1.090937022325850214e-01 -1.609890474381510330e+02 2.783495355506615709e+01 -2.790142290945651915e+00
1.465307198811421593e-04 -4.626330038471561323e+00 7.381568373983615761e-02 6.234846356355299157e+00 7.148291228259427976e-01 1.259971226959026303e-01 -1.628422752669553688e+02 2.812766515139814061e+01 -2.954962039633935333e+00
1.615994178683381668e-04 -4.528444593187212597e+00 6.664733203866324285e-02 6.212656998174854311e-02 7.279415856685469421e-01 1.174324187025813926e-01 -1.600138196290021710e+02 2.855509028237368341e+01 -2.950995415514481301e+00
1.554524876165314237e-04 -4.567224997911589313e+00 6.703530522696821148e-02 6.247397530567033286e+00 7.372970778790259860e-01 1.077877884712069023e-01 -1.601855567441476751e+02 2.739431701972056032e+01 -2.823565415770876719e+00
1.967117576030507633e-04 -4.331825639068172862e+00 5.661979932909488866e-02 4.799577258988840106e-02 7.199451807466227260e-01 1.249752400425993004e-01 -1.621983896170838761e+02 2.850513662227749379e+01 -2.970502226395632661e+00
1.332033722518161827e-04 -4.721688061976191619e+00 3.571197417653859674e-02 6.260579758352230684e+00 7.239868099245450050e-01 1.196999650165858214e-01 -1.599136901261775279e+02 2.809160616102124308e+01 -3.140348422210417212e+00
1.433451889847925679e-04 -4.648309506521544954e+00 4.172331335583367995e-02 2.196982666443837370e-02 7.285181672554661425e-01 1.036618642212577129e-01 -1.603209724380665193e+02 2.739243687488379564e+01 -2.686662774962655931e+00
1.643372311471994938e-04 -4.511644532926061046e+00 3.686298079714656062e-02 6.239969382925081298e+00 7.256869697058487834e-01 1.096759502228053379e-01 -1.591598374388101433e+02 2.750339117913558340e+01 -2.957072628247576773e+00
1.512923239618316456e-04 -4.594351251354564347e+00 3.113486590448577562e-02 5.026546731246070432e-02 7.265034368694016642e-01 1.143329640463001395e-01 -1.612106678450323329e+02 2.850998575177426986e+01 -3.143506995781333302e+00
1.299748636142749410e-04 -4.746224062021353163e+00 2.735097457550861311e-02 9.330401567259902218e-02 7.370155655684017537e-01 1.057453629185986788e-01 -1.614313668973456970e+02 2.845562647635929565e+01 -3.102743257025259993e+00
1.482037424950753961e-04 -4.614977171421483781e+00 8.043265326393655990e-02 6.270888932524149695e+00 7.081225410675016096e-01 1.428723527148786088e-01 -1.616478570066792599e+02 2.777602633778364449e+01 -2.973371908233504612e+00
1.460907890145077064e-04 -4.629336865958344482e+00 8.786928129599025361e-03 4.526627127814696061e-02 7.257948028334512136e-01 1.028330112438292504e-01 -1.602027310856926192e+02 2.793667075959377399e+01 -3.003032954256834586e+00
2.349584179788967290e-04 -4.154156583250897761e+00 4.104828534366156134e-02 2.262435210148897122e-03 7.352404687143073714e-01 1.072281808212122850e-01 -1.633928369176362025e+02 2.815993602578253885e+01 -3.043698172723776629e+00
1.494244182806088775e-04 -4.606774435317733563e+00 7.927920539660404664e-02 8.840958009837124321e-02 7.176216219649400596e-01 1.284469456548254784e-01 -1.617098415851310165e+02 2.813188212644152131e+01 -2.942270232900723315e+00
1.361001171770292301e-04 -4.700174366348035093e+00 6.950556538025887132e-02 6.866968343261273255e-02 7.236340003068351123e-01 1.066892868985502701e-01 -1.617444708563016320e+02 2.788028547240400812e+01 -2.982160259084718490e+00
1.404756109072078632e-04 -4.668531251111200930e+00 5.492467640044729205e-02 6.193582288731447782e+00 7.315386351384337571e-01 1.161549778023699686e-01 -1.611734192728807784e+02 2.854112230116279036e+01 -3.121235456638755679e+00
1.504468576689255881e-04 -4.599955220325082195e+00 4.109979694047549703e-02 9.304266605258411371e-02 7.228959912332411086e-01 1.106475641400034710e-01 -1.612362044463984034e+02 2.772241436228778255e+01 -3.154385609982859329e+00
1.379946976215171205e-04 -4.686349875581293567e+00 4.738271876703736840e-02 6.256488470546929470e+00 7.048465199324436270e-01 1.189120579002880818e-01 -1.598137871120506475e+02 2.818598443574155255e+01 -3.102190760128566538e+00
1.296088393456591617e-04 -4.749044150547878651e+00 6.375067728734862271e-02 1.027905583871125961e-01 7.239247282028760111e-01 1.216778518019358407e-01 -1.608070369685057130e+02 2.845056584993571747e+01 -3.090291716514224518e+00
1.827141283156097373e-04 -4.405642345891682687e+00 6.244657279096155200e-02 6.049713788700988165e-02 7.208627475507567439e-01 1.086998166114196418e-01 -1.606806407328797945e+02 2.852882577995885427e+01 -2.948993415702194199e+00
1.276803087629551964e-04 -4.764035585013022711e+00 4.059652992561446627e-02 5.542890058917390034e-02 7.145102139572017119e-01 1.276255012191767346e-01 -1.607936445667123166e+02 2.833343582454106269e+01 -2.973201232971098840e+00
1.340265286958703750e-04 -4.715527381269136953e+00 1.571614232421081336e-02 6.270323233520950446e+00 7.193416962698038208e-01 1.009046484155263212e-01 -1.618540071372036664e+02 2.858529457810371355e+01 -2.996237966118493468e+00
1.379184503517102457e-04 -4.686902565964535583e+00 2.993813770416520192e-02 9.099507167876984270e-02 7.382590862018368894e-01 1.042127223310675005e-01 -1.609685608073376670e+02 2.857460620601792556e+01 -3.116441887741752126e+00
1.729073862177245530e-04 -4.460809025597495037e+00 6.195630929551609878e-02 6.249565265097023925e+00 7.195112452596099661e-01 1.045337756961323972e-01 -1.605687078039497351e+02 2.798853785095128899e+01 -3.039485218046811710e+00
1.451237191062432880e-04 -4.635978523130031448e+00 6.598099572573490335e-02 5.414162753049227284e-02 7.037330176111379343e-01 1.342751303168914501e-01 -1.624490753025988852e+02 2.801227114629856274e+01 -2.964496023517950718e+00
1.514641853181051255e-04 -4.593215940505974260e+00 6.779350047738175178e-02 6.224263717443922594e+00 7.130108441909243089e-01 1.159513885181633203e-01 -1.597068385564002142e+02 2.793924741607867190e+01 -2.971505998698029671e+00
1.733765074642759109e-04 -4.458099563551449762e+00 2.629761598252478016e-02 6.414596784980611255e-02 7.307027728533171951e-01 1.038863979130848769e-01 -1.614941414904472481e+02 2.785632577707503188e+01 -3.194823551797513872e+00
2.124132278197788304e-04 -4.255031571668334678e+00 7.671071693584163853e-02 5.665212531085923181e-02 7.174946532419159695e-01 1.178090512208491564e-01 -1.611616080806732612e+02 2.799626297342727810e+01 -2.851372342704463492e+00
1.942198346090186472e-04 -4.344574451367123835e+00 3.368669116536449071e-02 1.540038312865221748e-02 7.375245407093835581e-01 1.030075395968116925e-01 -1.596734362112072176e+02 2.730440146058899131e+01 -2.935893392728083917e+00
1.819541409741927277e-04 -4.409810454310747474e+00 2.012378888624710704e-02 7.161773098199651286e-03 7.349850623243519010e-01 1.073311978965873076e-01 -1.605869907819865716e+02 2.812374469220718609e+01 -3.143124599970517075e+00
1.726217254652655784e-04 -4.462462494482640096e+00 5.267590733086779942e-02 4.420339204591899884e-02 7.104766740556397453e-01 1.141193241799433045e-01 -1.602152630587544309e+02 2.847431266647054571e+01 -3.092933597302809368e+00
1.898435173327652544e-04 -4.367364997131822690e+00 5.164266610276757596e-02 2.956241033229059859e-02 7.152003654172259806e-01 1.288802086207021802e-01 -1.607389695722112037e+02 2.850655922781875162e+01 -3.021073165724583731e+00
2.017733472302684987e-04 -4.306420112943124323e+00 4.781708947724916392e-02 6.200464881680304075e+00 7.298666905134189031e-01 1.029267144411405432e-01 -1.622411293914382213e+02 2.756763043448606965e+01 -2.816284463288316608e+00
1.307823109262844707e-04 -4.740030944656787426e+00 3.652271581646715504e-02 6.282204187608364521e+00 7.220301396767481172e-01 1.050217994379858966e-01 -1.590816761094015988e+02 2.846324364494184778e+01 -3.102487240244724553e+00
2.321699022471565500e-04 -4.166095696057382725e+00 6.225213476584134931e-02 6.272662099545398107e+00 7.432908508550919446e-01 1.015328790437683149e-01 -1.598682667897393230e+02 2.793112041285395009e+01 -3.119237961382745894e+00
1.973222484223524512e-04 -4.328726965865103971e+00 4.357706951684181540e-02 6.246604514514978668e+00 7.212826388905191344e-01 1.000864270700959902e-01 -1.621148428289962453e+02 2.844289513949355097e+01 -3.092466997163358933e+00
1.616402019848523777e-04 -4.528192247161374695e+00 1.462535506702689059e-02 6.252803380213101114e+00 7.194296728241446059e-01 1.034770124665181229e-01 -1.599374993250422108e+02 2.833285739052204733e+01 -3.015343670117958119e+00
1.329898678815061872e-04 -4.723292192990079741e+00 2.561013585900462353e-02 7.956772812777308107e-03 7.237606220835010040e-01 1.039620243001653094e-01 -1.621059702910033593e+02 2.845067800156481042e+01 -2.775324482142192295e+00
1.565546138172249592e-04 -4.560160217785403702e+00 6.472372146780513980e-02 6.276399435817372918e+00 7.213510548532137134e-01 1.363060840548906139e-01 -1.611545928186566243e+02 2.807239301905883977e+01 -2.924822626645706691e+00
1.379904417349565003e-04 -4.686380716999575036e+00 6.272445229275136480e-02 6.258101417070354167e+00 7.036208841310019890e-01 1.180722678943626758e-01 -1.612627641626003197e+02 2.771188610373709338e+01 -2.878699225092011815e+00
1.479616317673592134e-04 -4.616612141628603894e+00 5.444077404051228530e-02 8.407694950192491634e-02 7.076592030294286406e-01 1.179606597242777166e-01 -1.617429712485327400e+02 2.831100351026438844e+01 -3.105788167461329685e+00
1.581050884677863107e-04 -4.550305208148344605e+00 7.364620686020206808e-02 6.004929199466994133e-02 7.283774361248925855e-01 1.229349133305860514e-01 -1.604993073479943178e+02 2.838166728847618714e+01 -2.886924553685050299e+00
1.418322478326268911e-04 -4.658920131005777066e+00 1.904540951505684365e-02 6.405121533846637460e-02 7.190895044608264230e-01 1.023343461180886704e-01 -1.618145871319902653e+02 2.797578894402574790e+01 -2.794317740746250500e+00
1.395746700464053252e-04 -4.674965409761980162e+00 4.914019436815020292e-02 6.259548525889953474e+00 7.312173463451381306e-01 1.011443478906752791e-01 -1.624903707973357427e+02 2.873853106137441671e+01 -3.004289860510964694e+00
1.625745739164420861e-04 -4.522428324059090343e+00 4.883603516988055393e-02 4.910874840434721611e-02 7.314593346932386497e-01 1.159071950744373636e-01 -1.612766825276763711e+02 2.785249137841261557e+01 -2.677648920030715196e+00
1.507280883902764189e-04 -4.598087662569896317e+00 4.312810816279233350e-02 4.305175814357078967e-02 7.161841720735081518e-01 1.229845507478511124e-01 -1.617912166166902921e+02 2.836835965442696761e+01 -2.815982089262822896e+00
1.285473995791113768e-04 -4.757267432327811463e+00 3.601125170239349860e-02 6.174691373915095483e+00 7.242920122815127426e-01 1.074422476875465798e-01 -1.623028833241950792e+02 2.850570113122913440e+01 -2.916720665421590475e+00
1.297847687986110657e-04 -4.747687683199388609e+00 5.347643584042605092e-02 6.255729758096300053e+00 7.289716739543155022e-01 1.178127912253763565e-01 -1.627773352952771688e+02 2.819231373045133537e+01 -2.769090137963847731e+00
1.445972855333655044e-04 -4.639612599664415526e+00 7.681497416419102997e-02 4.781529526471501451e-02 7.222666176333202293e-01 1.304001923679921626e-01 -1.596318405321019895e+02 2.801116521521113256e+01 -2.981593419204262574e+00
1.700445354065401754e-04 -4.477504761246850151e+00 4.534907632074047790e-02 6.216574492779801397e-02 7.330901128903022368e-01 1.010366209215727562e-01 -1.603560735167757230e+02 2.745238662531718177e+01 -2.731247792840845179e+00
1.370256144959544837e-04 -4.693397261492120442e+00 4.351843899964658036e-02 5.069861520974718733e-02 7.132848288087942912e-01 1.250559148503891105e-01 -1.615400203410410995e+02 2.783686290885056991e+01 -2.741534645061365794e+00
1.466901789733021546e-04 -4.625242400390488839e+00 6.174699862177512877e-02 5.643237422671461972e-02 7.231253063514178070e-01 1.179429177617786623e-01 -1.621904595371119626e+02 2.821111517527685919e+01 -2.742776022352886756e+00
1.344509281344059620e-04 -4.712365851082989110e+00 6.989099439788193369e-02 6.273030948850415456e+00 7.402035177008522426e-01 1.108877659418067430e-01 -1.592342362119881614e+02 2.785345091763408121e+01 -2.870806738676265901e+00
1.308894261482718624e-04 -4.739212245402769419e+00 5.141000561888098286e-02 5.112779921399122907e-02 7.395459610547385765e-01 1.059753620536288965e-01 -1.605991993874486070e+02 2.731506220621393766e+01 -2.735795228752655461e+00
1.425715804793407026e-04 -4.653720944225891110e+00 4.383314065228871570e-02 4.431162834472105773e-03 7.365491878937381331e-01 1.110493660845757041e-01 -1.611836890060874907e+02 2.747974544039705336e+01 -3.158669527026242818e+00
2.231977927751172658e-04 -4.205506795509938556e+00 6.338885126924587166e-02 4.415100056316468777e-03 7.436342116007671477e-01 1.003553380945120255e-01 -1.610065971229261095e+02 2.792677896943301974e+01 -3.161507859951822041e+00
1.508092718070986509e-04 -4.597549199152094701e+00 6.966838358459503944e-02 1.552763705182309134e-02 7.225402917275659531e-01 1.262859509784740042e-01 -1.611889905308110542e+02 2.729525503729540858e+01 -2.771873562398052826e+00
1.616318347328847809e-04 -4.528244013172779248e+00 3.078216900342611861e-02 1.098241618119319696e-01 7.392359714553924377e-01 1.053953350415530177e-01 -1.614028661542985787e+02 2.793661301070998704e+01 -3.013204772425783773e+00
1.236557714371534094e-04 -4.796063468496038595e+00 5.548530752791214216e-02 9.613602180730114466e-02 7.143291495871835206e-01 1.268952081931653819e-01 -1.602525244984200867e+02 2.838736020843046859e+01 -3.042800377379837329e+00
1.410282925814960780e-04 -4.664604610112152550e+00 4.353653610256535966e-02 6.269669428102869979e+00 7.279806650581570615e-01 1.152718392071078457e-01 -1.601859678767592072e+02 2.873561803687152505e+01 -2.929946266172418490e+00
1.447338361876854978e-04 -4.638668693847122881e+00 4.814857163459818068e-02 7.845895888246331995e-02 7.179213716140894208e-01 1.089683217694869810e-01 -1.630223737727414459e+02 2.790004044027521957e+01 -2.973146086980338332e+00
1.252735877508637848e-04 -4.783065089377647183e+00 6.645981455409766259e-02 6.905196565190614699e-02 7.188318360446968036e-01 1.235645159145145194e-01 -1.591707273994969114e+02 2.811166220108063385e+01 -3.039564901949880493e+00
1.543851824386323368e-04 -4.574114472644147611e+00 2.797653864969629200e-02 4.184240670140107476e-02 7.231855462670090384e-01 1.177937805640313501e-01 -1.621315884130338532e+02 2.823373931580053409e+01 -2.989004281983724809e+00
1.765421284278457419e-04 -4.440005601099455745e+00 6.262251505914540051e-02 6.247198689201614030e+00 7.399059049570080315e-01 1.118577707308989894e-01 -1.617967995567142339e+02 2.738823957053138258e+01 -2.806588977686144126e+00
1.736490561836143240e-04 -4.456528792957424656e+00 3.465328206002171729e-02 5.325063051635099687e-02 7.095636782792750230e-01 1.224957944887272721e-01 -1.616943793479887859e+02 2.784015937095030324e+01 -3.032628246682684825e+00
1.315218063305637910e-04 -4.734392471489035970e+00 4.138029385768959845e-02 6.602199014960687118e-02 7.180076843636488126e-01 1.043116581684591093e-01 -1.608225883040332747e+02 2.855656935728617540e+01 -3.172721785353409985e+00
1.501769069733700443e-04 -4.601751157971158968e+00 4.875246222743301328e-02 1.659046055364999869e-02 7.444425907233312989e-01 1.011372746711756143e-01 -1.598821773581245793e+02 2.729648677670376600e+01 -2.993519176862962539e+00
1.315540258185431664e-04 -4.734147526996211219e+00 6.299183751508563578e-02 3.525835536873473536e-02 6.995453469770060995e-01 1.234272664988039225e-01 -1.608898892256675026e+02 2.828613887816616668e+01 -2.954091691495605687e+00
1.253679254974708504e-04 -4.782312319017793634e+00 4.927935838445274275e-02 1.031695629870626324e-02 7.200405585379527906e-01 1.215167549332605290e-01 -1.617222847300042758e+02 2.873601795550428761e+01 -2.932259881371868104e+00
1.787877083783340128e-04 -4.427366021679085328e+00 3.623094628014800200e-02 6.866779179299035973e-02 7.069646012493803200e-01 1.230417464174719810e-01 -1.610328278219859044e+02 2.783848576764907889e+01 -2.981343397115749916e+00
1.496666452133863943e-04 -4.605154681234099101e+00 6.763284440441497125e-03 6.251205376824136906e+00 7.284364951478605743e-01 1.003950515635605584e-01 -1.613087405213938723e+02 2.800809340431287353e+01 -3.100002619845727558e+00
1.872979742789149021e-04 -4.380864342958467716e+00 4.359517583669358931e-02 1.665114072031221443e-02 7.336378283524755961e-01 1.159282251628817872e-01 -1.611628675190590343e+02 2.860372085391488284e+01 -3.106627323986446143e+00
1.510062888625051747e-04 -4.596243652924099976e+00 4.580034883430217363e-02 6.997260775146528500e-02 7.179323369239384300e-01 1.063046975404005473e-01 -1.613065995947797546e+02 2.804000068447232152e+01 -2.727793577868005137e+00
1.531915035006184000e-04 -4.581876341378038120e+00 3.467776163314606475e-02 6.263451876672121443e+00 7.090676816182817088e-01 1.174280253492040876e-01 -1.600786168520940009e+02 2.824440032916786336e+01 -3.127543357365847321e+00
1.701542443565705928e-04 -4.476859791538783995e+00 3.445200726146346870e-02 4.456319892228519509e-04 7.136959161726974532e-01 1.190571566795774194e-01 -1.607818993255658597e+02 2.765686862238958454e+01 -2.740483598373981700e+00
1.254491117241978706e-04 -4.781664944896304448e+00 6.155005233086852101e-02 6.258161104780395334e+00 7.004117162872653957e-01 1.383959476913484699e-01 -1.608334725845128332e+02 2.789551627895819763e+01 -3.082105573068840698e+00
1.602836681433830377e-04 -4.536619965615848571e+00 6.748099895515002888e-02 6.275569518227050558e+00 7.338759402337545756e-01 1.070652348571393686e-01 -1.604692657462880447e+02 2.785389831884543810e+01 -3.181844271581772965e+00
1.288357537540648560e-04 -4.755026770560630389e+00 3.956577065081523514e-02 6.187303028999150634e+00 7.119725196493454922e-01 1.189406575284927964e-01 -1.597978284643252209e+02 2.811712027746476750e+01 -2.900822815467671845e+00
1.266578021006944206e-04 -4.772076158780027555e+00 5.296896310949716913e-02 6.225280068436488179e+00 7.345450093059496810e-01 1.157910142536951875e-01 -1.602357925788986677e+02 2.797659960655857248e+01 -2.713183849051192809e+00
1.419241798351358018e-04 -4.658272166788855806e+00 5.812931725343029044e-02 6.276711045123046340e+00 7.173609150679707280e-01 1.098524971297064334e-01 -1.602837103003043921e+02 2.744113106099638344e+01 -3.032708984128564822e+00
1.399318610469405205e-04 -4.672409539646297461e+00 6.065024697319221225e-02 3.929721527427640360e-02 7.176440427876641381e-01 1.067955479244907663e-01 -1.609815625602794853e+02 2.811479631137753188e+01 -2.798245174456292617e+00
1.596908607040670300e-04 -4.540325311286339094e+00 1.542444302244738719e-02 6.252186379230606050e+00 7.232782808749302905e-01 1.042915679230708020e-01 -1.602801475341217952e+02 2.845244522579304203e+01 -3.104799728042799245e+00
1.632817193870095274e-04 -4.518088088223977117e+00 2.715810477954672120e-02 6.264003021166335117e+00 7.123306924704586596e-01 1.006975070176241854e-01 -1.610077386046424408e+02 2.795343842442132853e+01 -2.855867011002781730e+00
1.808607520283902169e-04 -4.415837727594967177e+00 4.310737388693075545e-02 6.227670338380591808e+00 7.224965548530918324e-01 1.165064279483042364e-01 -1.600580943457379135e+02 2.858965027731996855e+01 -2.899693290739051577e+00
1.463149283421155645e-04 -4.627803794898487588e+00 4.259013561615765386e-02 3.204189211834664042e-02 7.235721667626076048e-01 1.201091529764453936e-01 -1.616611535520118537e+02 2.866300513591091459e+01 -2.960237056403345335e+00
1.603664285385258210e-04 -4.536103761829624048e+00 3.077952944474438013e-02 1.876564790493738880e-02 7.336162406381144807e-01 1.098005593693719972e-01 -1.592213175237773157e+02 2.760143575415613526e+01 -2.910120195783050256e+00
1.643871355248785612e-04 -4.511340908472739386e+00 5.800548349371348333e-02 6.244501281134016146e+00 7.288268633048048395e-01 1.001560695820451208e-01 -1.601670602014044675e+02 2.772583357672570159e+01 -3.077096421921581282e+00
1.526939540048337048e-04 -4.585129519470566350e+00 3.656232890239285993e-02 6.255490578836698567e+00 7.323206340383386914e-01 1.128835908230478996e-01 -1.598274063193065899e+02 2.810692546101611811e+01 -2.748126449788781400e+00
1.789180885499562913e-04 -4.426637041726754873e+00 7.811762966611568437e-02 3.395775776641003080e-02 7.169026375931040196e-01 1.265827858967814856e-01 -1.607924325535557841e+02 2.838821642294259107e+01 -2.867283685761097267e+00
1.914034454713036543e-04 -4.359181656693527529e+00 5.955618600772760729e-02 6.231054411729722631e+00 7.309879035655726387e-01 1.047886069813105808e-01 -1.603037687471457957e+02 2.737558016093522184e+01 -2.860015121968073615e+00
1.671360229555337348e-04 -4.494757147367518080e+00 7.021506105133357156e-02 6.272617887744985410e+00 7.083976439898297395e-01 1.338864701873009599e-01 -1.593737091796325558e+02 2.794519483633833801e+01 -2.950608843437326101e+00
1.502068424670598232e-04 -4.601551842969299422e+00 4.208868310843916216e-02 6.434039300892174795e-02 7.233477247280216682e-01 1.132209427398673252e-01 -1.627004371474469622e+02 2.858533572952365276e+01 -2.985235223031734719e+00
1.464724760825794766e-04 -4.626727602731146582e+00 6.487098647111100291e-02 3.962985386665448390e-02 7.237987272933219529e-01 1.310044892792818494e-01 -1.613017884219432290e+02 2.836144621615366290e+01 -3.067497927477377928e+00
1.579925438275281500e-04 -4.551017296019406189e+00 3.831077250550973812e-02 9.983008427043257339e-04 7.333290789233266604e-01 1.111029804921495889e-01 -1.620240734493150399e+02 2.721202932898808413e+01 -2.908682449323196195e+00
1.360573161080483220e-04 -4.700488898042554098e+00 5.449323578883391583e-02 6.258641768934533722e+00 6.992539040861327493e-01 1.299071951524952973e-01 -1.597502553677780952e+02 2.792898457242276677e+01 -2.927377474025063542e+00
1.447244629372654453e-04 -4.638733457928521986e+00 5.041942234304674919e-02 6.223248648866428923e+00 7.338195420161355287e-01 1.053388661698390349e-01 -1.611668066965148682e+02 2.728251965217931740e+01 -3.049076483562691564e+00
1.534956774087264096e-04 -4.579892730540819912e+00 7.242483767912721859e-02 6.225103572234957916e+00 7.352178033415456282e-01 1.202480589725389987e-01 -1.623564829828927145e+02 2.805871203160370442e+01 -2.979181801920796069e+00
1.259198848246718635e-04 -4.777919266969800738e+00 4.608240855254430723e-02 4.863843703007254826e-02 7.097215390678460745e-01 1.164339481591753073e-01 -1.625648666058388017e+02 2.777788397096770012e+01 -2.788002953316668808e+00
1.354308622007829876e-04 -4.705103868926494570e+00 4.151488242618328606e-02 6.180837596749294782e+00 7.144653237064900742e-01 1.140172505417959420e-01 -1.612343412692696347e+02 2.773865798374392000e+01 -2.781020686056931979e+00
1.870063108422452590e-04 -4.382422772863192151e+00 6.943792155657257936e-02 6.270699032277954998e+00 7.103072423731289220e-01 1.259443306617446245e-01 -1.606587459088779610e+02 2.789765419322842632e+01 -2.725985311060674654e+00
1.428924831998196882e-04 -4.651472655236244869e+00 4.249188557999139526e-02 6.165693054333920564e+00 7.229341153165307343e-01 1.084903258302495760e-01 -1.595712532612918721e+02 2.816438855551511722e+01 -2.906668153331734672e+00
1.496645230618906031e-04 -4.605168860522596219e+00 7.826368846882125752e-02 6.283023440296688022e+00 7.438093811809211031e-01 1.115668850254857153e-01 -1.605907922979275213e+02 2.796346801516974523e+01 -3.034347340809153692e+00
1.251651692145536903e-04 -4.783930918168667112e+00 2.372133103483287098e-02 2.696131299688245622e-02 7.133633995375977532e-01 1.051612474643453532e-01 -1.612176152739729105e+02 2.861597251008096521e+01 -2.973192264332071844e+00
1.281961744710245321e-04 -4.760003433246109417e+00 7.729359414331149480e-02 6.246693025173654767e+00 7.202312526564021988e-01 1.314191826115656547e-01 -1.599411113949485070e+02 2.749190005488027921e+01 -2.913088051808960799e+00
1.474068278299289466e-04 -4.620368836508418120e+00 5.885523338533393822e-02 9.594015839748837315e-02 7.406708303447593345e-01 1.061866999135540890e-01 -1.614967115378713629e+02 2.838334514287971189e+01 -3.119511349965624625e+00
1.301043126690456565e-04 -3.983976884801010421e+00 2.539533910562452590e-02 6.262731345221115298e+00 7.337110418666160649e-01 1.048761510655210200e-01 -1.620479781943472517e+02 2.762061541575772239e+01 -2.761369047312265401e+00
1.298584149174488171e-04 -3.985868677730069365e+00 6.303048518866005701e-02 6.280872690094442490e+00 7.287705308915456426e-01 1.275994229532141366e-01 -1.618707132734344896e+02 2.820357262091577155e+01 -2.948832044249076745e+00
1.276776196783975753e-04 -4.002804927990167627e+00 5.224854548895518924e-02 2.543729860874036422e-02 7.319917894453803475e-01 1.023860683634609525e-01 -1.591495162958021865e+02 2.807502516664428427e+01 -2.840416169393722434e+00
1.275848325849248625e-04 -4.003531921692038864e+00 2.606757807193116339e-02 6.241736303634280780e+00 7.226530853211372563e-01 1.049131848955266316e-01 -1.613054913948556077e+02 2.812515702816714835e+01 -2.740346295701449719e+00
1.369791811161134442e-04 -3.932484467023672270e+00 3.297024426115713336e-02 6.270222521829893481e+00 7.344667551697017238e-01 1.163772352015513961e-01 -1.609740557341695535e+02 2.778280487943252197e+01 -2.940546104518100279e+00
1.327960518249775171e-04 -3.963498912281417930e+00 4.459446123375510052e-02 3.413661238794009345e-02 7.445415682504245014e-01 1.062448006524377292e-01 -1.602056679271264557e+02 2.760020961347458979e+01 -2.784507989945321782e+00
1.322297143438512534e-04 -3.967772748379375436e+00 3.864551411817762627e-02 6.230586771852033579e+00 7.293788537726958454e-01 1.138387898829219813e-01 -1.598473020616975191e+02 2.760055888754969899e+01 -3.018095212615818923e+00
1.339483501250815143e-04 -3.954859139828752479e+00 3.275497296623097743e-02 5.266337349125791920e-03 7.470041217595004834e-01 1.005740545820940496e-01 -1.613092689766884860e+02 2.738131072588667791e+01 -2.835371789687643584e+00
1.366742726074657484e-04 -3.934712895941171684e+00 4.045401807747084355e-02 6.848024976625236016e-02 7.219463971781965306e-01 1.037320559999932584e-01 -1.626093054059801943e+02 2.781809888208763937e+01 -3.016283988757968437e+00
1.348455663870913894e-04 -3.948183247711283705e+00 7.255554998772395514e-02 1.433716585129211907e-02 7.060094009488450117e-01 1.378750086102743522e-01 -1.604509685637136727e+02 2.776150222135875723e+01 -2.895409542745419174e+00
1.282463881687407128e-04 -3.998360097420860626e+00 3.542472009551744794e-02 6.214201043694199456e+00 7.318190122849363988e-01 1.111775677513056615e-01 -1.609623403880997330e+02 2.846530725166923759e+01 -3.123901248650867046e+00
1.235831070070588390e-04 -4.035399557665609649e+00 6.246921335092991967e-02 5.998472521114592802e-03 7.295887507646255932e-01 1.084439012711741757e-01 -1.624046356399162505e+02 2.805916065925362446e+01 -2.767269314588862272e+00
1.238294853290391063e-04 -4.033407917700201573e+00 5.454855739381792024e-02 6.216799296675607600e+00 7.161356342091730331e-01 1.116754291759157747e-01 -1.605696449925379170e+02 2.766236382708653352e+01 -3.065869742481659443e+00
1.352838668850403806e-04 -3.944938130159469036e+00 3.955279474908701687e-02 2.929573393213917229e-02 7.350086354898132113e-01 1.000633596774296447e-01 -1.609788910044346153e+02 2.748672970989729691e+01 -3.135931086803392276e+00
1.412946446218693987e-04 -3.901466030441222088e+00 4.354970706203964426e-02 1.010338835989314371e-01 7.328075234594659815e-01 1.141964915958620791e-01 -1.606393867527837642e+02 2.804405507781593343e+01 -2.943850941004222399e+00
1.301503931984676469e-04 -3.983622766094494505e+00 5.150321097816257243e-02 6.380165011116582796e-02 7.352840681205459195e-01 1.031982152052553087e-01 -1.591895758832379215e+02 2.827932370957286778e+01 -3.009446403556288452e+00
1.425443416260796753e-04 -3.892660298036792810e+00 4.478575402860285326e-02 3.795949255106594727e-02 7.176681442481364082e-01 1.154140842670206279e-01 -1.607689444088620121e+02 2.785669019198261509e+01 -3.187800412968901931e+00
1.326912771080926781e-04 -3.964288213396049976e+00 6.771317665117448925e-02 6.252436073037104691e+00 7.160049769638742179e-01 1.308344656901503644e-01 -1.623121286465971593e+02 2.770548696458557814e+01 -3.006610554327875384e+00
1.397288587137560957e-04 -3.912609597385970250e+00 5.521761518446721695e-02 6.527584034746646002e-03 7.331423741781014636e-01 1.135718678080037125e-01 -1.631911049423437703e+02 2.813863180004927500e+01 -2.933333039072256732e+00
1.277547991601849918e-04 -4.002200623458370465e+00 3.312451654613035590e-02 7.356886459827807756e-02 7.149286511698612623e-01 1.134964568474262914e-01 -1.621246220322190084e+02 2.808775314221528774e+01 -3.066742445265648875e+00
1.355493225935102807e-04 -3.942977840181808968e+00 2.148010164231217711e-02 2.212068673377108260e-02 7.340548910869536536e-01 1.055582030722342080e-01 -1.608956678030790499e+02 2.809539670153837676e+01 -2.770208930933220515e+00
1.266144666154101742e-04 -4.011166645202566272e+00 7.175901690268249311e-02 5.163244773342932914e-02 7.229710588586339970e-01 1.113158904609425626e-01 -1.610531979879306164e+02 2.767231260640312485e+01 -2.932377627945044196e+00
1.302846157331222460e-04 -3.982592009537690103e+00 7.757623245818656699e-02 4.343940694317837553e-02 7.119020582297231892e-01 1.307848354320084727e-01 -1.608272443932939950e+02 2.816751631988834248e+01 -2.865319169701898261e+00
1.298378082726491390e-04 -3.986027375801144412e+00 6.768082135661213083e-02 6.513675963535166258e-02 7.266533654676856635e-01 1.242299513252623638e-01 -1.615458591172898082e+02 2.803208229652381789e+01 -3.104989094743335620e+00
1.315913476187065734e-04 -3.972612149496664635e+00 3.623194431645460067e-02 6.266772686903117950e+00 7.289614789473148893e-01 1.181423328625180180e-01 -1.608320275619803397e+02 2.763282039662612277e+01 -3.045842048041849104e+00
1.257498639653511704e-04 -4.018018691455405467e+00 7.097612697249511271e-02 6.271495276483162407e+00 7.390163108179674811e-01 1.164244582168554309e-01 -1.619304565159582694e+02 2.826439947874320779e+01 -2.943248908831286315e+00
1.389323399083042796e-04 -3.918326367274798550e+00 5.956883501282816962e-02 2.657436202846356899e-03 7.470376570558694418e-01 1.108209807076782627e-01 -1.615740562127464273e+02 2.802488194054642179e+01 -2.852707519192472674e+00
1.406749287465193900e-04 -3.905861659840301758e+00 5.178396947058938604e-02 6.178640796676468372e-02 7.305341042944448748e-01 1.156905300392734731e-01 -1.628996346093574061e+02 2.787611349253648996e+01 -2.929145676675353194e+00
1.237543192996973132e-04 -4.034015114376609645e+00 4.236082308676403230e-02 6.239994229506325318e+00 7.354451925858414008e-01 1.012475797013173695e-01 -1.628267896525910032e+02 2.852325909705927387e+01 -2.923753034227178915e+00
1.244987464692752131e-04 -4.028017771313997741e+00 6.816889507670598203e-02 6.228713576437104216e+00 7.273570059477866279e-01 1.195742107573637969e-01 -1.607069030542369319e+02 2.738369527023243322e+01 -2.918836846990863876e+00
1.236345986522415646e-04 -4.034982988425234396e+00 2.569838966258719548e-02 1.491846989979538247e-02 7.407408313484086237e-01 1.049287654099687467e-01 -1.595174822175866325e+02 2.790646538029917423e+01 -2.993862821137653896e+00
1.280292032699990488e-04 -4.000055030204086925e+00 7.176114576491299246e-02 6.264853314437909937e+00 7.165273542888840330e-01 1.174601238494708405e-01 -1.601574860561264586e+02 2.828282368402629388e+01 -3.041276626185984711e+00
1.240728542445859576e-04 -4.031444491343287417e+00 3.522729190691098466e-02 3.902248849261821112e-02 7.403215167431231869e-01 1.064156716533937452e-01 -1.629412773726847945e+02 2.788549249601068780e+01 -2.916159894029295430e+00
1.312187437746178530e-04 -3.975447688206509511e+00 3.899915094582673269e-02 6.217406534845434152e+00 7.191529433775956104e-01 1.136732716298547580e-01 -1.600244978051916860e+02 2.770408364595078154e+01 -3.076966272605385910e+00
1.394119510253326061e-04 -3.914880192107493162e+00 3.599848627256962974e-02 6.252478504872595266e+00 7.372088105183307594e-01 1.087854692068214724e-01 -1.606162833577890865e+02 2.817123751462380454e+01 -3.191951804946877580e+00
1.319844553299448118e-04 -3.969629265648321859e+00 6.258239625768713399e-02 9.092680026629518242e-02 7.160823463192252936e-01 1.287995299132378979e-01 -1.612207070635423065e+02 2.789886137468694471e+01 -3.005949500244464723e+00
1.250536997156276938e-04 -4.023570175871555854e+00 7.256613383265775319e-02 6.229480977420434051e+00 7.187406985788216129e-01 1.317701027380091539e-01 -1.611941639405449678e+02 2.823719074619030067e+01 -3.046887098002994954e+00
1.289492909558042103e-04 -3.992894184933827972e+00 7.287069803237655741e-02 6.235527252924243591e+00 7.179900463965459556e-01 1.329275708993698790e-01 -1.611080162126393702e+02 2.762367712747465376e+01 -2.866431774185292269e+00
1.342803304121452032e-04 -3.952383785918703651e+00 5.643326641423718204e-02 6.228871320088985364e+00 7.201949546805596070e-01 1.227550831627494954e-01 -1.607650313672731386e+02 2.798367257140366249e+01 -2.733417664445281225e+00
1.259355400915429198e-04 -4.016543229176833485e+00 8.083307796385597044e-02 2.391072144071553027e-03 7.278601420869231786e-01 1.241678320542033004e-01 -1.620941748243702705e+02 2.787874289326436283e+01 -3.009528320750054498e+00
1.347459668009626092e-04 -3.948922140283190441e+00 4.259662278781983780e-02 6.257924574246762184e+00 7.234711904955147821e-01 1.062194200010558170e-01 -1.589324351984942041e+02 2.789405719542736861e+01 -3.009146885237026225e+00
1.394999481466800521e-04 -3.914249189095228676e+00 3.819507734547789024e-02 6.242766761604107373e+00 7.275474436042693727e-01 1.179449961615198217e-01 -1.603177061812592683e+02 2.754228427451294081e+01 -2.888559596785440498e+00
1.260116116087371630e-04 -4.015939360317887008e+00 5.546592273035821918e-02 6.225998759980931219e+00 7.213310580745592171e-01 1.206537748859031617e-01 -1.628140120500887065e+02 2.781150046221780769e+01 -2.851779790681470139e+00
1.328232231732211265e-04 -3.963294323602085445e+00 6.360569656341708011e-02 4.131932794620676169e-02 7.344089025953565164e-01 1.096355139050879668e-01 -1.611807726946996695e+02 2.790956717438220025e+01 -3.184101645471262287e+00
1.251080749618759490e-04 -4.023135455201903632e+00 4.311499831361464974e-02 6.257794557664732693e+00 7.305387528975777478e-01 1.059886253956162511e-01 -1.597926395541950910e+02 2.758379995225212866e+01 -3.128853331369767510e+00
1.394031409509499068e-04 -3.914943388646270339e+00 6.563609782859447517e-02 6.195390206172174397e-02 7.132904320798247877e-01 1.174313445976878922e-01 -1.609502068600766620e+02 2.788400317406364337e+01 -3.086639550277836541e+00
1.239893472876686697e-04 -4.032117765703956636e+00 4.374640330619761208e-02 8.221893227917888292e-02 7.403578879123086098e-01 1.092578312360738962e-01 -1.617021324394771682e+02 2.804314689452602849e+01 -3.093529354870751646e+00
1.410522834008244456e-04 -3.903182792739770424e+00 3.378101688400236835e-02 6.236614711933643918e+00 7.248846320161559387e-01 1.172566208304607338e-01 -1.613239706767394068e+02 2.835331265932561351e+01 -2.895565371993882309e+00
1.282573986709686627e-04 -3.998274246819037092e+00 5.867910774157814036e-02 9.112380448588312115e-03 7.035735653738387496e-01 1.311724540598518951e-01 -1.616462884269776055e+02 2.828861757664641274e+01 -3.044744846737059696e+00
1.370223485243918184e-04 -3.932169378208711485e+00 7.311070626336890754e-02 6.244924888338176494e+00 7.179713631726587497e-01 1.316324383604239034e-01 -1.610717074228571732e+02 2.751675126923114334e+01 -2.954496202513167802e+00
1.380193774746870273e-04 -3.924919326865224711e+00 4.842694619100329501e-02 1.635921037634510342e-02 7.051656341354063384e-01 1.316514836524370347e-01 -1.611662560692115562e+02 2.785169972536349903e+01 -2.992527759038696722e+00
1.351566665255035367e-04 -3.945878820279493659e+00 5.325425966437868919e-02 4.358537640445959982e-02 7.014841120050311352e-01 1.219164707674522813e-01 -1.608758991678685106e+02 2.791403435561540292e+01 -2.999905394716746443e+00
1.268416134460395041e-04 -4.009374248733818646e+00 4.788869086331404290e-02 1.138918768738319542e-01 7.298181744710667829e-01 1.071457865202368326e-01 -1.615964844736665782e+02 2.834525039334562280e+01 -3.106175970961604804e+00
1.288269490387874332e-04 -3.993843395196229995e+00 2.928831985039026531e-02 6.310305989299777596e-02 7.180426751947238673e-01 1.125944314421109538e-01 -1.610834015548711022e+02 2.839049456794889892e+01 -2.870771436233456875e+00
1.316313679915985925e-04 -3.972308069561103494e+00 4.420797353002081653e-02 5.514628564364557062e-02 7.385806767350381330e-01 1.110781762410103929e-01 -1.625416818998079975e+02 2.770034949906569111e+01 -2.915031944499371086e+00
1.305848345835198285e-04 -3.980290329654719628e+00 4.398905906982852887e-02 6.814722312694745932e-02 7.306726793658112618e-01 1.007220080101972753e-01 -1.625463321010165600e+02 2.850587466534071268e+01 -2.940090981652416779e+00
1.398501069153651358e-04 -3.911742234500231508e+00 4.791233816034223825e-02 6.278732470341493510e+00 7.220852184180039934e-01 1.186743240625542373e-01 -1.593585352895225924e+02 2.755629002153298046e+01 -2.978056243799653835e+00
1.256022647260952060e-04 -4.019193133517939387e+00 3.861307268497193856e-02 1.666582733945375788e-02 7.105859346123400977e-01 1.188068769001006664e-01 -1.604866949313519058e+02 2.824667742677355875e+01 -2.818081391995461260e+00
1.237532672753223365e-04 -4.034023615323101275e+00 2.728450202568899474e-02 6.228404073924647122e+00 7.267123166037992021e-01 1.039555791597748524e-01 -1.624062605445314489e+02 2.855322734626197700e+01 -2.960419766793354057e+00
1.272667556448403580e-04 -4.006028096877384925e+00 4.823389048990289751e-02 5.526371420389271372e-02 7.308488272658807405e-01 1.133212134880502431e-01 -1.596970077149655367e+02 2.842224063287257607e+01 -2.880648273983399399e+00
1.355518801251175110e-04 -3.942958972455801181e+00 4.287113380541318630e-02 6.253940223417459698e+00 7.033590159696451183e-01 1.242064985840297675e-01 -1.615837231292398428e+02 2.779601298233280815e+01 -2.950155047748783232e+00
1.274487132467897854e-04 -4.004599384018350250e+00 6.549289885251075027e-02 1.988105008696736120e-02 7.221578193013578062e-01 1.108610548777099192e-01 -1.604772251632130633e+02 2.795030521266339463e+01 -2.760274256580470542e+00
1.360337094817465223e-04 -3.939410699788933101e+00 7.540614020576785759e-02 6.228471322849530090e+00 7.337302126157307924e-01 1.143877955555439585e-01 -1.612080683410982260e+02 2.780712314157074516e+01 -2.836887129785177208e+00
1.334280439721840454e-04 -3.958751082581742686e+00 3.057434393420221941e-02 2.200893356327212821e-02 7.236612862356057718e-01 1.058423810055471037e-01 -1.620204664386311038e+02 2.866069971989376697e+01 -3.086065472449401881e+00
1.286421102537955877e-04 -3.995279209015993871e+00 5.091180668880679328e-02 6.245574093574947305e+00 7.391470900020242762e-01 1.001528132769209795e-01 -1.625665239323528226e+02 2.852926908540576179e+01 -2.938044711298211098e+00
1.354661048961594062e-04 -3.943591957988585861e+00 4.210901343203143909e-02 7.879991779916532824e-02 7.363588095430196878e-01 1.085706212472552917e-01 -1.601032650707482503e+02 2.799177980480466132e+01 -3.127189931848959326e+00
1.239801979059951557e-04 -4.032191560102138972e+00 6.644330813023857640e-02 1.596977682387767591e-02 7.256028679743180554e-01 1.097227656292195652e-01 -1.627891562209611038e+02 2.793726482541847389e+01 -2.995068883353377842e+00
1.309306806088750535e-04 -3.977645391156748644e+00 3.483236881575546562e-02 3.271766275528788931e-02 7.090217099730988792e-01 1.232381178585436748e-01 -1.613319933367469616e+02 2.798687492942913835e+01 -2.896683811121196328e+00
1.337283510876057153e-04 -3.956502907000236657e+00 5.304104075793325546e-02 2.801317578369734787e-02 7.231054296754055866e-01 1.144829494309713425e-01 -1.607724959863660956e+02 2.871565272873433017e+01 -3.111943402418648752e+00
1.248524758408563315e-04 -4.025180571595559087e+00 5.588715773249841590e-02 2.775309820263057933e-02 7.322532310772762454e-01 1.136113567634246119e-01 -1.631613395115597314e+02 2.776424642579799951e+01 -3.001858686108798580e+00
1.336825370567371204e-04 -3.956845555959928262e+00 4.346689133419190387e-02 8.928385677397230810e-03 7.390842593937481109e-01 1.099569250851173963e-01 -1.627022257980004269e+02 2.767446816323820968e+01 -2.822565336121782842e+00
1.311831949230875933e-04 -3.975718637818570045e+00 5.990361933359644731e-02 6.176261129244903003e+00 7.157644596914277679e-01 1.195066415190431941e-01 -1.615656476050230026e+02 2.780330116156182285e+01 -2.923217634688546340e+00
1.291485041076266451e-04 -3.991350481770195024e+00 4.773188962766050647e-02 6.270634404734922285e+00 7.065654293819593201e-01 1.190193176524540486e-01 -1.609639109485617610e+02 2.823614967277821108e+01 -2.815557135184560522e+00
1.298338048122044987e-04 -3.986058210595885054e+00 4.819926681741815155e-02 8.680618532745922045e-02 7.301573419132596499e-01 1.104595096669982041e-01 -1.600630505115234996e+02 2.855327185677336388e+01 -3.035570245471221895e+00
1.314682303766974642e-04 -3.973548190312487627e+00 6.472438321132123473e-02 9.068269146219662402e-02 7.274109054110162731e-01 1.164935270826328861e-01 -1.622657116070105303e+02 2.802487964855709990e+01 -2.892042763559214968e+00
1.264579429501027784e-04 -4.012403632557565381e+00 1.378660362940964390e-02 6.278713159171745772e+00 7.364701197941739830e-01 1.020831935705980159e-01 -1.602936589886010665e+02 2.770601141919121346e+01 -2.897651455048997349e+00
1.406211207570396023e-04 -3.906244231797722843e+00 5.622862012992557723e-02 8.454676286762140280e-02 7.265424948593255383e-01 1.082499848243564516e-01 -1.607806917499676729e+02 2.785148011260357848e+01 -3.132303288305400280e+00
1.269820893763582142e-04 -4.008267370667673468e+00 4.728052855280784339e-02 5.110516242025620048e-02 7.442835233938388528e-01 1.069237922963469922e-01 -1.614407918318885322e+02 2.744516124276719182e+01 -2.965397926448631871e+00
1.258851771499102247e-04 -4.016943219637159501e+00 6.040610012628544467e-02 5.155830637969303215e-02 7.154406815959808430e-01 1.273788900460177953e-01 -1.616807090512845093e+02 2.760801188879358392e+01 -3.065398587347063497e+00
1.345052417400642054e-04 -3.950710248320607132e+00 4.470011040403831792e-02 4.675136767982272096e-02 7.397373433166427592e-01 1.156694977880983050e-01 -1.608131968951573754e+02 2.790380094062150462e+01 -3.018906166461441387e+00
1.292479173147471428e-04 -3.990581019008462960e+00 3.816649843776176443e-02 6.255821832504881108e+00 7.104043610300305733e-01 1.216981416742203698e-01 -1.603360935916480230e+02 2.833764569886526630e+01 -2.934147600243726117e+00
1.505381336388907261e-04 -3.838096986894063534e+00 5.605238454105221368e-02 6.222507159844523628e+00 7.312184351043554686e-01 1.224362921881364114e-01 -1.615073030849787301e+02 2.775139017781364004e+01 -3.002264439604180879e+00
1.571242380391117460e-04 -3.795276601142622663e+00 2.863775044564065286e-02 6.171832932090281360e-02 7.311906788414351821e-01 1.098403703717803076e-01 -1.599136837708738881e+02 2.822140164870817713e+01 -2.937089541438488993e+00
1.338072873271278307e-04 -3.955912808108885237e+00 6.963972979370469663e-02 6.238254001133378246e+00 7.322046696998416593e-01 1.168790054057357169e-01 -1.602212132187972315e+02 2.796286947598203199e+01 -2.783939369940968689e+00
1.321966922242271368e-04 -3.968022512540407831e+00 4.246466866255349526e-02 6.272537559487833647e+00 7.159609765231849110e-01 1.177246843557768485e-01 -1.606680232884063457e+02 2.731197509571536841e+01 -2.871672172361781072e+00
1.238678549364248484e-04 -4.033098107286802403e+00 7.371688265554920960e-02 6.373062834907296248e-02 7.390869584743360310e-01 1.134790207173968085e-01 -1.611147793479171924e+02 2.792438278753567360e+01 -2.898720845014945979e+00
1.381288994791709992e-04 -3.924126115251266533e+00 4.415554458085890754e-02 6.263958764623837716e+00 7.297169701719362633e-01 1.081768402315107375e-01 -1.609751606490293057e+02 2.735400828460926448e+01 -2.718625206007232009e+00
1.545829552150797823e-04 -3.811582539445649509e+00 5.587585536136230324e-02 6.266790989917638832e+00 7.307035180783110206e-01 1.115999318091006748e-01 -1.591312995617588513e+02 2.780295735611248986e+01 -3.059783872466739219e+00
1.422269059105873122e-04 -3.894889707429182835e+00 5.891727801887636229e-02 3.472153809636950583e-02 7.238443924776486460e-01 1.152817262225637185e-01 -1.613202149778134640e+02 2.730589310087505694e+01 -2.999253712535687733e+00
1.285383471869713193e-04 -3.996086137143325612e+00 5.651728546500012218e-02 6.263126934340276009e+00 7.161955889365863026e-01 1.115980117198381583e-01 -1.597040373092704044e+02 2.772926235886424706e+01 -3.037454536428194629e+00
1.385727766096201189e-04 -3.920917768142734072e+00 7.390425625957108835e-02 3.292145486819152145e-02 7.235143469914097070e-01 1.165099755226831624e-01 -1.621408375716906107e+02 2.780263176817177140e+01 -3.046573719128669033e+00
2.015661279326024739e-04 -3.546195912774612324e+00 5.524489393514797619e-02 7.372859413788014626e-02 7.290733422483539616e-01 1.170688726860964479e-01 -1.596802718034835493e+02 2.804206593160929373e+01 -2.940510174250292152e+00
1.578712686887383254e-04 -3.790533472849155316e+00 5.927465771370388214e-02 3.182978629935234727e-02 7.174307353477814564e-01 1.131445886911408572e-01 -1.601157353580582594e+02 2.836725140152401892e+01 -3.102703800999333517e+00
1.291365274867111758e-04 -3.991443221336638203e+00 6.781680654326882607e-02 7.136168199408908508e-02 7.135486257997267767e-01 1.194879490259471988e-01 -1.614593395786267820e+02 2.837864932724243516e+01 -3.015683552222792052e+00
1.297016451931076774e-04 -3.987076642802483750e+00 4.836203242970615879e-02 6.595884283390637814e-02 7.352599425295608393e-01 1.068945326365044607e-01 -1.619850740125995117e+02 2.756014809624268835e+01 -2.756669483443927149e+00
1.531020142470446643e-04 -3.821208959656704707e+00 5.712864605509915261e-02 6.281520897580355367e+00 7.101491226805337620e-01 1.111461783833782302e-01 -1.608627556828928959e+02 2.788109130736721042e+01 -2.954794020925923803e+00
1.246667043334462506e-04 -4.026669607761878211e+00 3.458374830119603782e-02 2.196543904607447736e-02 7.280233348601589105e-01 1.132298028134437751e-01 -1.623707462975036151e+02 2.747327311470454347e+01 -2.956165884641794861e+00
1.262820689440037668e-04 -4.013795371310515669e+00 4.775968596306301439e-02 1.051937223351576654e-02 7.013547010845654350e-01 1.216771771654815426e-01 -1.612402540043786985e+02 2.819673240373299450e+01 -3.042455736649696263e+00
1.310135797129998001e-04 -3.977012438888274382e+00 4.097567033006388471e-02 2.225980812834008754e-02 7.099440725980156186e-01 1.176683772956336888e-01 -1.597040140146880276e+02 2.777322469230691837e+01 -3.010700844447402602e+00
1.369435672508390674e-04 -3.932744495558630593e+00 2.894182274256873466e-02 6.270916263082126463e+00 7.223881970020511467e-01 1.180023991035608066e-01 -1.613041369861551857e+02 2.763604418506771054e+01 -2.905207961437166198e+00
1.291491589309340664e-04 -3.991345411470295979e+00 7.249528166441032706e-02 6.190640708314527174e+00 7.262838718144393191e-01 1.194558129090426690e-01 -1.610306114961086337e+02 2.784763169338050304e+01 -2.894277524930142675e+00
1.240362124810833497e-04 -4.031739859539638537e+00 7.031870954948216124e-02 1.895452435284950693e-02 7.091174417181276279e-01 1.371712557709462432e-01 -1.601152289784893128e+02 2.783967958808192122e+01 -2.981593163181095463e+00
1.527455165642478403e-04 -3.823540172488808508e+00 3.832836095766078977e-02 4.067602036769314006e-02 7.256847660368443975e-01 1.121898764756797257e-01 -1.598084235964645359e+02 2.796404486610709483e+01 -2.756854290689196851e+00
1.345919622639895588e-04 -3.950065718941353055e+00 3.275045804514986614e-02 6.223756776686551362e+00 7.313463818726715360e-01 1.146064056720270535e-01 -1.619246335883938173e+02 2.807814068762437643e+01 -3.028203487345619394e+00
1.528077351290956204e-04 -3.823132920624439990e+00 4.242365023634275811e-02 6.231363971325789564e+00 7.141710088877486484e-01 1.087527640868667794e-01 -1.599032891991525389e+02 2.776125118098532596e+01 -2.896416527329146007e+00
1.862657977422644650e-04 -3.625138744892848930e+00 3.644811166722705664e-02 6.272093131690495760e+00 7.328274420152097735e-01 1.137513046095196545e-01 -1.622241376002302218e+02 2.776523570103595162e+01 -3.048521794765917114e+00
1.653245727690637638e-04 -3.744402769279141729e+00 5.288965184919458551e-02 6.222203870661249248e+00 7.317073859177125605e-01 1.053322309362818981e-01 -1.624542798820274356e+02 2.771507435686959653e+01 -3.065980659723321899e+00
1.417507610705940821e-04 -3.898243106950027403e+00 4.363866802911253728e-02 5.896170172491239231e-02 7.286399803905951877e-01 1.204364933947551508e-01 -1.606710617867836959e+02 2.829295831237094205e+01 -2.951625155278532198e+00
1.264068805098335520e-04 -4.012807504003695236e+00 6.105671202102669337e-02 6.202154744463122427e+00 7.225760311947379000e-01 1.165248898368245606e-01 -1.611668635205437567e+02 2.831486353317014348e+01 -3.164208054389296976e+00
1.515568484498792934e-04 -3.831352626789746196e+00 7.781747956738027661e-02 6.264679427541650192e+00 7.308928813954546078e-01 1.195216738848612903e-01 -1.609346240395836958e+02 2.824664889116990096e+01 -2.883806826499646370e+00
2.042627000703168519e-04 -3.532906507794279616e+00 2.377282810308212202e-02 4.420132132536063081e-03 7.358716499691736468e-01 1.013142332671968515e-01 -1.627945961909003358e+02 2.775486119361764281e+01 -2.934394375198077221e+00
1.690335568803447001e-04 -3.722216162013674001e+00 3.060108852245579936e-02 4.434566294116744356e-02 7.255324953712543046e-01 1.033924045479611697e-01 -1.598558811346501898e+02 2.767162898583297448e+01 -2.795839243333942292e+00
1.298177479953959085e-04 -3.986181890324778099e+00 6.118715283752418355e-02 3.162030781238068296e-04 7.161007494423008435e-01 1.178259426631878271e-01 -1.612674525565813610e+02 2.735524390018939656e+01 -3.009435112112344157e+00
1.379627201148927020e-04 -3.925329914081455485e+00 4.356868973249061749e-02 6.213615577888814911e+00 7.300586284682125671e-01 1.130086406155387801e-01 -1.618876746776548430e+02 2.830946712029569312e+01 -3.158137335060735573e+00
1.449782227478440752e-04 -3.875729875452863737e+00 5.792481371663216194e-02 6.248482435689959757e+00 7.396957399646216791e-01 1.158640820253835496e-01 -1.598703181331400174e+02 2.806824238540667338e+01 -3.013498392956838856e+00
1.529040883424836496e-04 -3.822502567401692808e+00 5.788926244631464879e-02 6.244846577562613632e+00 7.416538245234578497e-01 1.131940815759507057e-01 -1.601572692135493412e+02 2.795350982830013820e+01 -3.071910753030380192e+00
1.277209100271885917e-04 -4.002465925653267753e+00 2.794208035273493262e-02 6.244772251142245878e+00 7.267877815572725275e-01 1.029060622797692282e-01 -1.596041280905990902e+02 2.764169150748979575e+01 -3.051970888906834212e+00
1.718942230904987835e-04 -3.705434113045739331e+00 5.471109068444968138e-02 3.433462271554068440e-02 7.425148204083562575e-01 1.118799939103143487e-01 -1.621711512339996375e+02 2.789528378140931864e+01 -3.041298450436622502e+00
1.361903519247536164e-04 -3.938259864998753912e+00 5.916432614667721523e-02 4.044393351697158495e-02 7.106078772694981449e-01 1.268010268237384219e-01 -1.625468227633733136e+02 2.806922006130252356e+01 -2.881234105303514426e+00
1.411413267685570738e-04 -3.902551712747317048e+00 7.197229997282184044e-02 5.313187864040835873e-02 7.322095544862455840e-01 1.184659079846274443e-01 -1.613703257761548571e+02 2.761785052957876729e+01 -2.827356143904258268e+00
1.454367655018343468e-04 -3.872572027865152755e+00 5.083393232176525167e-02 3.693221915418144069e-02 7.209760247625585095e-01 1.026919863434810204e-01 -1.609578618828782055e+02 2.781552411980769790e+01 -2.796267397373986441e+00
1.255086232425114783e-04 -4.019938951341146094e+00 6.427527721917847270e-02 6.186554012468966413e+00 7.117954995401197804e-01 1.181253602336336389e-01 -1.611830871085180092e+02 2.797622929453080687e+01 -2.918355894432367315e+00
1.308824552793321362e-04 -3.978013786194869894e+00 3.703652160966897089e-02 6.276007483814429300e+00 7.288703121443319555e-01 1.198914341966637043e-01 -1.611448948760287863e+02 2.765038494963040350e+01 -2.841153718891201052e+00
1.698876660717414579e-04 -3.717175987827711747e+00 2.819467630956762338e-02 6.279932196842942460e+00 7.384718036876591896e-01 1.081498638151549563e-01 -1.603083909986142430e+02 2.831117261026960819e+01 -2.913031836596742252e+00
1.667546201020313516e-04 -3.735790027477480901e+00 1.959071323901373507e-02 6.276915041987899180e+00 7.232958363402851587e-01 1.073709466799666612e-01 -1.601736558733612128e+02 2.823461805650351408e+01 -2.885083568595137038e+00
1.394236601617740792e-04 -3.914796206160375824e+00 3.521719555021507464e-02 7.791362077118517415e-02 7.285030196266565339e-01 1.121347606347455755e-01 -1.622916675671397684e+02 2.833361875836670762e+01 -2.996997840816781888e+00
1.511215374540248802e-04 -3.834229021777041169e+00 4.562245495220262903e-02 1.681417082802118268e-02 7.342650418796806688e-01 1.007975722600026602e-01 -1.600609704283218093e+02 2.844229806412440453e+01 -2.792443060660259491e+00
1.330063907972938515e-04 -3.961916240473384310e+00 7.663419292973439045e-02 6.256238516392251370e+00 7.384711221719391094e-01 1.125608667744524560e-01 -1.605844521938739717e+02 2.811929956559405852e+01 -2.906795743683490585e+00
1.349952237634780743e-04 -3.947074020365425540e+00 6.202442321835444083e-02 5.883702590588353598e-02 7.139856261980974672e-01 1.268883496724599880e-01 -1.601572106296877109e+02 2.773373266517686986e+01 -2.805024645354325941e+00
1.360577302486099829e-04 -3.939234135859184249e+00 3.912100742565982614e-02 8.630983282325629946e-02 7.248174546939866181e-01 1.022090717011496230e-01 -1.599943429700894058e+02 2.776786617148829706e+01 -2.833234379229288002e+00
1.563819432662033788e-04 -3.800012049464236430e+00 5.390255962136381029e-02 7.402577501019708128e-02 7.215105174297633539e-01 1.154785810320607120e-01 -1.620816003614963279e+02 2.767297239892324612e+01 -2.794284930828676572e+00
1.450361956624525743e-04 -3.875330082120525432e+00 4.569891415913407418e-02 1.429432230964143569e-02 7.080804265307351075e-01 1.124847748018556054e-01 -1.607861750412131983e+02 2.801732005240076262e+01 -2.824534920573443131e+00
1.333028298485165557e-04 -3.959689962517703776e+00 5.358671705079809389e-02 1.629507518441956210e-02 7.323201538210893924e-01 1.160813190502211628e-01 -1.614317493091854772e+02 2.850203518739114017e+01 -3.164911278657038807e+00
1.448641339053756394e-04 -3.876517123042748203e+00 4.847758596287621291e-02 4.884281960880192119e-02 7.104995935091267256e-01 1.176354939940314898e-01 -1.597058508995995680e+02 2.777153676081722722e+01 -2.990606790972321072e+00
1.588369908534918750e-04 -3.784434957077993378e+00 5.181988234718359898e-02 8.997765808729074610e-02 7.244055339017095863e-01 1.128171520352104218e-01 -1.608902661560167644e+02 2.857220534727683514e+01 -2.945643534039882994e+00
1.408994937284788304e-04 -3.904266592876497022e+00 4.730244622985335656e-02 5.961792474323349827e-02 7.210309753450977466e-01 1.253635620175327092e-01 -1.606775446153121152e+02 2.814922081997911363e+01 -2.877675224525855668e+00
1.256954908289059159e-04 -4.018451176178276185e+00 4.703189869334001294e-02 6.210440875101250313e+00 7.313726708584380454e-01 1.143877467346506860e-01 -1.625293579274697890e+02 2.804762128613069905e+01 -3.082621408553272602e+00
1.566754744474616783e-04 -3.798136794315064790e+00 4.136481155994353731e-02 2.215363386893750425e-02 7.287482885106716379e-01 1.202799115914916783e-01 -1.616572867666641287e+02 2.757050201252786437e+01 -2.901759777659402850e+00
1.365934042644419480e-04 -3.935304757710632817e+00 3.647234787148800894e-02 6.274692485595375402e+00 7.202668610668810922e-01 1.063344979884184444e-01 -1.611714031959708109e+02 2.743711565179052059e+01 -2.761411045148321364e+00
1.248704909385622527e-04 -4.025036290931509164e+00 6.846456948849000135e-02 7.811789137025782620e-03 7.155152461744875847e-01 1.230031419597191755e-01 -1.622965549711623794e+02 2.837154079329434708e+01 -3.077129906548092819e+00
1.310108285041907707e-04 -3.977033438525888087e+00 3.687729828362784623e-02 6.173935144588051038e+00 7.332581966199976931e-01 1.059642214047397668e-01 -1.602036302316060983e+02 2.779895330383336116e+01 -2.970536693364160818e+00
1.316929057233560550e-04 -3.971840678294736637e+00 3.319466883156652059e-02 6.920281779759547558e-02 7.298952126163876786e-01 1.019462008086353955e-01 -1.621655304611618931e+02 2.767992054397638668e+01 -2.764913773075514669e+00
1.240381785280455173e-04 -4.031724009076766535e+00 6.730060591366304745e-02 6.223746690972257412e+00 7.207468436419272040e-01 1.128889074497421152e-01 -1.614795096247239030e+02 2.846737757753636799e+01 -3.009543427020105355e+00
1.567050333581260604e-04 -3.797948148818510727e+00 7.591684506568729951e-02 4.181914851932527766e-02 7.351305421527368766e-01 1.129580255707879344e-01 -1.613763323817891546e+02 2.791480045532429699e+01 -2.855216154089474934e+00
1.762479761613878148e-04 -3.680421459794009476e+00 4.498465949611962778e-02 2.218667948003550522e-02 7.323666802534896103e-01 1.087902346005717863e-01 -1.620869488902989701e+02 2.865877194307880771e+01 -3.080928957695174830e+00
1.511123243964026294e-04 -3.834289988192711718e+00 5.296701377236567865e-02 3.975931568873517646e-02 7.300265162289836240e-01 1.113151724166679957e-01 -1.629653828521235823e+02 2.836684971496783447e+01 -2.959617590969503276e+00
1.394794550766842868e-04 -3.914396103668820626e+00 2.881445927912351657e-02 1.363625971488851077e-02 7.268669506533109725e-01 1.015442517747418838e-01 -1.603647697202027302e+02 2.753044358713368922e+01 -2.742554319061538237e+00
1.238528546095727311e-04 -4.033219214051742441e+00 6.355494092686908569e-02 6.325342377775824976e-02 7.483658571317862718e-01 1.054631732529872773e-01 -1.611793081015537723e+02 2.808823788922626363e+01 -2.957765040328381723e+00
1.485930643475759383e-04 -3.851101960754063747e+00 5.348252302036371475e-02 8.815410965482547989e-02 7.261583960219684108e-01 1.204153950374592386e-01 -1.613890080971062275e+02 2.829647993684925211e+01 -2.901719961242230639e+00
1.431116990223619591e-04 -3.888687981253044157e+00 3.725129938476523517e-02 6.251928816877775574e+00 7.298935625700119223e-01 1.137963495709559125e-01 -1.595615924255655500e+02 2.831255527580684017e+01 -3.045026700303368195e+00
1.539636015790636528e-04 -3.815597197553131981e+00 1.227340010440225448e-02 2.619225300131942241e-02 7.383457539494049371e-01 1.012225171875166807e-01 -1.614705560787970171e+02 2.806565122761162101e+01 -3.015808412022282781e+00
1.430771012998758760e-04 -3.888929763758965485e+00 6.101520115206926498e-02 7.351454235532098314e-02 7.241382112124592485e-01 1.201577805588809889e-01 -1.612659087837380412e+02 2.809170807748112608e+01 -2.769396940150688380e+00
1.320006291392160488e-04 -3.969506729867000594e+00 5.815000467301756348e-02 6.255474870691021927e+00 7.352325238869295010e-01 1.082083955287575644e-01 -1.625985020361659963e+02 2.850098319904353872e+01 -2.953288237872553346e+00
1.271125989947646221e-04 -4.007240118734781475e+00 4.163861823247272387e-02 6.279080069776604489e+00 7.086326720590845341e-01 1.232382731110880925e-01 -1.622357112742256504e+02 2.826056831035567285e+01 -2.989790012662851382e+00
1.505894756104961003e-04 -3.837755988788773109e+00 4.709458618362627469e-02 6.182690271535616233e+00 7.228882485836914951e-01 1.080685131376193653e-01 -1.623832159495138967e+02 2.797401448778413879e+01 -3.015593492598620529e+00
1.352803337572217220e-04 -3.944964246902268545e+00 5.039168613320654799e-02 8.070623529569431742e-02 7.230667487739262933e-01 1.107728765686470523e-01 -1.623367248468887851e+02 2.785772306946726573e+01 -2.792002749351234492e+00
1.424808559849023758e-04 -3.893105771930045478e+00 4.404792773887900026e-02 6.211621118664126584e+00 7.102463144633377468e-01 1.138079483584163443e-01 -1.617533002158248792e+02 2.773374090105629364e+01 -2.892784896568397102e+00
1.276922348990430030e-04 -4.002690464827040273e+00 5.543472142115779544e-02 8.226273938018024978e-02 7.192382052291325101e-01 1.156212715093511284e-01 -1.601797720808482381e+02 2.756272572073415006e+01 -2.847707317852144371e+00
1.261222681590405692e-04 -4.015061599998568376e+00 6.696890573270275482e-02 6.224576802706253353e+00 7.351682875699530051e-01 1.123338918936995917e-01 -1.609789871468840943e+02 2.793957289150750256e+01 -2.755754846505782396e+00
1.445465152649997838e-04 -3.878712057947894198e+00 6.229041030985793537e-02 5.293836757685312783e-02 7.304878835336409137e-01 1.200855526954738850e-01 -1.615000323178394979e+02 2.750125509566425563e+01 -2.817400766686888325e+00
1.318666936459542474e-04 -3.970521902972562245e+00 2.487423922919351771e-02 6.257712796850309900e+00 7.304652174349400839e-01 1.005094407108613058e-01 -1.616006734667405453e+02 2.770540000450000306e+01 -2.705122133031858667e+00
1.332265966778267642e-04 -3.960262005715800449e+00 5.747650769797119086e-02 6.448252332833347145e-02 7.416456313486619045e-01 1.035453577156556643e-01 -1.614936010668678250e+02 2.832816757628209103e+01 -2.820059591697074985e+00
1.349936060236503162e-04 -3.947086004119193525e+00 2.939638243344100399e-02 6.244309396939191181e+00 7.266265057031657815e-01 1.041803973201028688e-01 -1.591803348198774870e+02 2.780288594178131945e+01 -2.861610324826400209e+00
1.359386122835754289e-04 -3.940110015082711303e+00 6.167379501130743069e-02 6.247917157337099958e+00 7.321112059808058126e-01 1.097848544720219227e-01 -1.590810847082757391e+02 2.807490158523706469e+01 -2.926679474662194913e+00
1.764117385709864218e-04 -3.679492732102540131e+00 5.800080669231022501e-02 6.233381945721440331e+00 7.367446187827121351e-01 1.135505428740306577e-01 -1.606609670386571906e+02 2.840016328512928823e+01 -2.873523686834240642e+00
1.513668472116703394e-04 -3.832607076447174244e+00 3.068490888707731123e-02 9.039443741361923024e-02 7.326991016913753096e-01 1.077711853825387284e-01 -1.600754079886730210e+02 2.820052914423010293e+01 -2.941718444625216478e+00
1.262176295058687117e-04 -4.014305783322329013e+00 5.806659215195708601e-02 6.181317219761504056e+00 7.303018685687587830e-01 1.120272400321872253e-01 -1.600292257661834014e+02 2.818243828797239914e+01 -3.062362781686223556e+00
1.264838844415337249e-04 -4.012198514315246989e+00 6.725597328611332415e-02 6.245296628311868936e+00 7.123392223434285020e-01 1.279087264498861565e-01 -1.617441877805332524e+02 2.840692299560748779e+01 -2.896693076498884523e+00
1.422926434261452078e-04 -3.894427612526524474e+00 3.392739022611235278e-02 6.184533268510559623e+00 7.360357610532611838e-01 1.021139851230118412e-01 -1.618100153331855040e+02 2.835021884841260231e+01 -3.119925007980559606e+00
1.295605549885766878e-04 -3.988165040712862819e+00 4.898813596893314415e-02 5.328520682211189408e-02 7.226245855848377753e-01 1.120743613918074588e-01 -1.605053756272824899e+02 2.789721713700088657e+01 -3.203085345495315650e+00
1.300601638281797395e-04 -3.984316276572584137e+00 6.057573571697916215e-02 6.194996026158187341e+00 7.267064518865915534e-01 1.179916369203775350e-01 -1.605926955061365220e+02 2.805471936162762248e+01 -3.131944195966253730e+00
1.242728543907647130e-04 -4.029833831827443369e+00 5.374990766222897953e-02 6.999418244504300847e-05 7.109746771257232645e-01 1.229860928663138592e-01 -1.600759055134399773e+02 2.740519303702715348e+01 -2.889273458527963356e+00
1.462107997452955931e-04 -3.867264004393883958e+00 3.317404842970739232e-02 6.196107438342863816e+00 7.257799814639357416e-01 1.077179974006143154e-01 -1.611612307624108666e+02 2.751622463152125775e+01 -2.902395884724779940e+00
1.316530706459208028e-04 -3.972143208664012715e+00 2.948350705567837071e-02 4.653393069935009285e-02 7.192935832976846688e-01 1.156624964450263526e-01 -1.609324284693072400e+02 2.783465522510719836e+01 -2.793250612048621129e+00
1.486208587423176221e-04 -3.850914927828190670e+00 1.999379572782533643e-02 7.651680082221277990e-02 7.237676306096307854e-01 1.047056162533077095e-01 -1.617343582734669098e+02 2.798725174756106071e+01 -2.870752220311894476e+00
1.495624635940142537e-04 -3.844599296396165933e+00 3.986672492193177320e-02 6.267429545977981853e+00 7.323312825358876399e-01 1.029903393726617905e-01 -1.611330234096461709e+02 2.735080504447884309e+01 -2.730427350355597582e+00
1.277507560511003488e-04 -4.002232271373668659e+00 3.236833673385597354e-02 6.256299555475067997e+00 7.381357859646576758e-01 1.051649952372906843e-01 -1.628952426418046571e+02 2.833800603068736734e+01 -3.032139634533566053e+00
1.557550587594424228e-04 -3.804028781511672008e+00 5.174622361848779661e-02 6.251045840523723029e+00 7.355530544893459366e-01 1.081768016412388983e-01 -1.625823860391082576e+02 2.780590090143286730e+01 -3.127127647064127380e+00
1.480742787845375208e-04 -3.854599387106262931e+00 7.714961968167866058e-02 6.251845426794485405e+00 7.183450695879198822e-01 1.197284705175362812e-01 -1.605962528120552406e+02 2.793127579066567634e+01 -3.060440342568018224e+00
1.263830457430921883e-04 -4.012996077711243004e+00 4.168132171340421799e-02 8.180779464269179093e-04 7.279434955603208968e-01 1.111893450500838765e-01 -1.630163424416401767e+02 2.752344705919851364e+01 -2.959447327474585165e+00
1.260982783014331660e-04 -4.015251829208804857e+00 5.028889653672985460e-02 2.982056390189481362e-02 7.525504637004096775e-01 1.046588843519496298e-01 -1.616242394180052884e+02 2.796188246079067596e+01 -3.011365948507505053e+00
1.729172700658557443e-04 -3.699500146240002785e+00 2.704344799101554564e-02 6.269020212420829630e+00 7.270380922090119435e-01 1.138997852848754322e-01 -1.600360279097999978e+02 2.790634241269340876e+01 -2.999811230945558904e+00
1.790231666995800264e-04 -3.664798198279181296e+00 2.119555860999688957e-02 1.362115584673391847e-02 7.419838869609221010e-01 1.030936598433564444e-01 -1.615188038588155450e+02 2.807848216479713699e+01 -3.078679617285824399e+00
1.315529493715509950e-04 -3.972903991257001444e+00 7.416252267309009216e-02 2.317936094032108443e-02 7.219343958853787768e-01 1.327445090839284580e-01 -1.605091871852539498e+02 2.791389952766976279e+01 -2.854395249867174300e+00
1.972331855534874246e-04 -3.567926706897985856e+00 4.028331056042899760e-02 2.798019459838422401e-02 7.249023925000622759e-01 1.081596611915164874e-01 -1.616015232733478797e+02 2.835380808122101115e+01 -2.765511283107673357e+00
1.274122112432604930e-04 -4.004885830470282571e+00 4.104195915413777485e-02 1.695362937058465108e-02 7.235424525041497246e-01 1.080835002538565459e-01 -1.600111529630771088e+02 2.786970755106776920e+01 -2.697782645815949287e+00
1.314652093566379446e-04 -3.973571169664698033e+00 6.656721891412753500e-02 2.332095589902189944e-02 7.439257164267791822e-01 1.048526706961749322e-01 -1.614802627994586146e+02 2.786119365011013826e+01 -2.781375733854192234e+00
1.377922710073290705e-04 -3.926566150122574594e+00 5.792259416389056170e-02 6.230323234629520535e+00 7.342634253051585347e-01 1.042520354158669726e-01 -1.622397762926995028e+02 2.767411575708916871e+01 -3.074138708841694267e+00
1.259158453612110081e-04 -4.016699628795887378e+00 5.925798856940467374e-02 9.234020325459264822e-02 7.326039109877811040e-01 1.155392986287455265e-01 -1.603082483596444376e+02 2.770123265476542684e+01 -2.895832433538297224e+00
1.402170089092399528e-04 -3.909122132510096215e+00 6.364791311913975402e-02 1.883823827354298101e-03 7.068634124312530576e-01 1.282569389281293382e-01 -1.598266376629837850e+02 2.819750462822156933e+01 -2.920863772123114543e+00
1.262113740380250960e-04 -4.014355345518088036e+00 5.181865768575721898e-02 1.394508026900083755e-02 7.297817925551048912e-01 1.217254495011843574e-01 -1.595777501108203182e+02 2.813655619695781951e+01 -2.902274027182789595e+00
1.245106123911013016e-04 -4.027922466286993242e+00 3.837529385812421534e-02 9.184672563874110227e-03 7.257378788137535119e-01 1.075088363317019680e-01 -1.618226399918644347e+02 2.741041901365132105e+01 -3.087934131519398662e+00
1.278828463967681360e-04 -4.001198836362317657e+00 5.731130370619919034e-02 7.938449962136481797e-02 7.269049624355371497e-01 1.204267190932021558e-01 -1.603062124032246061e+02 2.760311565406525602e+01 -2.992296187034431121e+00
1.520235870963474129e-04 -3.828277731575377985e+00 7.080434585504369327e-02 6.248682678459793749e+00 7.209289023628386861e-01 1.217335495725443695e-01 -1.609244223546681951e+02 2.815964099007922528e+01 -3.163404928803412730e+00
1.324535682972926209e-04 -3.966081262581097278e+00 6.083217470015334083e-02 4.461460263228626821e-02 7.338782493229519810e-01 1.073811993861308600e-01 -1.602910585472305911e+02 2.739847416767071664e+01 -2.836247615902713903e+00
1.490575271390177860e-04 -3.847981099034270436e+00 5.508670448391395080e-02 6.229762602740870570e+00 7.267548671143319039e-01 1.107363898235495525e-01 -1.613182110429527256e+02 2.861733279734257707e+01 -3.141619800810948604e+00
1.403238658157884269e-04 -3.908360340405320876e+00 3.645832491501199701e-02 6.234969195534850961e+00 7.206132176606525608e-01 1.100628426436288387e-01 -1.613627304256777393e+02 2.764623972038904398e+01 -2.726852871522575938e+00
1.272069929067272300e-04 -4.006497793571462296e+00 6.189878689169969750e-02 9.847802956688939124e-03 7.281887741422937710e-01 1.128802283053167710e-01 -1.622615812835894644e+02 2.822609721307323127e+01 -2.765685371541541926e+00
1.266754877526725365e-04 -4.010684816867956748e+00 5.655977529863143172e-02 8.122455765612995870e-02 7.190691435331514336e-01 1.186306856154529660e-01 -1.596969760443157611e+02 2.773075099734884219e+01 -3.006536917918538165e+00
1.660399799375783352e-04 -3.740084816292212011e+00 5.232617949497719856e-02 6.232470457886558207e-02 7.420827099649682790e-01 1.092827724257476180e-01 -1.624158517362910175e+02 2.805255961028235845e+01 -2.947482100229512625e+00
1.387190484095633702e-04 -3.919862765432142737e+00 7.769770346862792110e-02 5.144111204049956615e-02 7.226968679472841606e-01 1.276862949867462182e-01 -1.610262351571860791e+02 2.827488473292510918e+01 -2.989597668990913171e+00
1.712048123467424412e-04 -3.709452845833618007e+00 4.707778996930178650e-02 1.378683616739069875e-02 7.218617253932257949e-01 1.202967746860482134e-01 -1.605980868478587240e+02 2.804716264597512065e+01 -2.737121120164114352e+00
1.492977622615856157e-04 -3.846370702416404441e+00 6.963418141360655511e-02 4.741056643633494161e-02 7.177675523823435766e-01 1.147208701818174248e-01 -1.600642188635277421e+02 2.787639735710606459e+01 -2.956796750927916939e+00
1.582063972031915442e-04 -3.788412926691049787e+00 4.453905319240036853e-02 2.300583662345283623e-02 7.316197970082247704e-01 1.001295267775759168e-01 -1.598678619156019636e+02 2.856839030864471951e+01 -2.894591527475669501e+00
1.472128877940499987e-04 -3.860433663237247348e+00 4.837317249468020552e-02 6.259317128142614983e+00 7.404686200013038677e-01 1.093283739335111360e-01 -1.599183554010637067e+02 2.849173211214600698e+01 -3.048647305614866632e+00
1.240625255192400280e-04 -4.031527742070060150e+00 6.065273182282626685e-02 3.181509453358180584e-02 7.235340511304110267e-01 1.171475246384831165e-01 -1.602830014293107297e+02 2.826356420203124387e+01 -3.204937124261473258e+00
1.248660234123108339e-04 -4.025072068849394391e+00 2.551134555466028075e-02 6.800072718951694073e-02 7.263859036552297033e-01 1.031016388714608573e-01 -1.618783426211614369e+02 2.800495212014153523e+01 -2.761829070091255112e+00
1.708840899597792624e-04 -3.711327928473074245e+00 6.286835870700280271e-02 3.951203238154714185e-03 7.036221366350481343e-01 1.363063840695090123e-01 -1.612035729627135083e+02 2.806235633900133664e+01 -2.951851532798324129e+00
1.267238394356026525e-04 -4.010303192464663269e+00 5.997854651509215707e-02 6.248331404585269588e+00 7.503305088263736433e-01 1.064898338434148162e-01 -1.608246065869538484e+02 2.787062689220542921e+01 -2.867000337988931946e+00
1.239649641992492590e-04 -4.032314439747268331e+00 2.579658579794985584e-02 4.036187764390000710e-02 7.212454915314039372e-01 1.064270856905721874e-01 -1.595517662864187400e+02 2.786834013213812611e+01 -2.844487404269262498e+00
2.111107381405464645e-04 -3.499930597534116838e+00 3.786517694540825207e-02 6.752146636379192067e-03 7.357626927258128502e-01 1.005097165404075371e-01 -1.628549426542438141e+02 2.839090490801815392e+01 -3.090090108049443174e+00
1.305233687356077319e-04 -3.980761137145766071e+00 3.427607327748793953e-02 3.108817216435844077e-02 7.248631653012966858e-01 1.123813098566783797e-01 -1.619597799338486652e+02 2.773522118440874351e+01 -3.141297743471128001e+00
2.114238961497616823e-04 -3.498448313995022207e+00 5.778362857562258093e-02 6.653475425904570306e-02 7.319646620644231216e-01 1.184664393788065900e-01 -1.600184008946256995e+02 2.803183456728341838e+01 -2.915939270583147724e+00
1.660037573074667531e-04 -3.740302996165476124e+00 3.707304726244864401e-02 6.757482900570983830e-02 7.214724693173204528e-01 1.134647247897349054e-01 -1.597376849421521001e+02 2.827061923099094543e+01 -3.055809379059790665e+00
1.261330372045867761e-04 -4.014976217885099175e+00 6.172832900465252681e-02 3.778116449314626590e-02 7.194919549025970973e-01 1.103953342803607601e-01 -1.626470640254647151e+02 2.803565627680804084e+01 -2.914177761385188248e+00
1.502915115372076543e-04 -3.839736600282488865e+00 5.192563192513544035e-02 6.275566498664396420e+00 7.066690176578910298e-01 1.171154408240594469e-01 -1.612521267101352009e+02 2.841873253875459682e+01 -2.971864755141327308e+00
1.400680308602117669e-04 -3.910185179351130191e+00 2.760835159039831677e-02 7.305459370983423406e-02 7.201196582978834915e-01 1.141179279990514467e-01 -1.609745101827894018e+02 2.792203761603345669e+01 -2.860038301609604261e+00
1.514144064257454320e-04 -3.832292927444255426e+00 3.287326620000385891e-02 6.242698635291206166e+00 7.240861372482390035e-01 1.159927990209256021e-01 -1.625158739322841939e+02 2.790821126341308656e+01 -2.921901842251499737e+00
1.392121154215364453e-04 -3.916314638461041220e+00 3.666677038622689899e-02 6.260718966202618141e+00 7.218722062303357667e-01 1.178102891864367535e-01 -1.627152202130428691e+02 2.778732106406173230e+01 -2.904397640174458672e+00
1.392602873594289952e-04 -3.915968665661640813e+00 4.613632110380005980e-02 5.583064827100212013e-02 7.264199730031503099e-01 1.170967167780673779e-01 -1.604855426900891757e+02 2.854011605980188904e+01 -3.099126691103037956e+00
1.293062489420948960e-04 -3.990129805019672737e+00 6.682911961835591441e-02 4.629282659814593082e-02 7.102009113206866342e-01 1.206904641513628501e-01 -1.622907406280542659e+02 2.783148023735271437e+01 -2.923925089728709459e+00
1.552364882174819881e-04 -3.807363734037718217e+00 5.352135627279497321e-02 6.208008017410651114e+00 7.286230093711458800e-01 1.177428099304657222e-01 -1.621924937412130134e+02 2.783914573300749851e+01 -2.825463894403532628e+00
1.478137752280818721e-04 -3.856360212663299425e+00 4.022477921626932407e-02 7.885905251256231097e-02 7.273629291810523867e-01 1.144868577839581320e-01 -1.602037719656277659e+02 2.823058599564120996e+01 -3.107771255037756752e+00
2.163944871047279608e-04 -3.475210347486842988e+00 3.774430429441388846e-02 6.278521902269877941e+00 7.159505755589883336e-01 1.031961345441205491e-01 -1.601702730483811479e+02 2.807875284942190675e+01 -3.025578857653130171e+00
1.609669092715177157e-04 -3.771114607263472696e+00 2.254787369933142216e-02 6.273850298369252343e+00 7.338000636460766390e-01 1.087921814932951564e-01 -1.602588912692046961e+02 2.821312031117273378e+01 -3.033521595636998747e+00
1.487048188977011865e-04 -3.850350158863188099e+00 4.107473708906161924e-02 6.272705077282084041e+00 7.230563735870138009e-01 1.148469887996733108e-01 -1.609053969302526070e+02 2.738741846436465366e+01 -3.058103553982838285e+00
1.492373916954652146e-04 -3.846775147696257946e+00 4.977898743248843072e-02 5.532304744233360744e-02 7.231307351341643708e-01 1.014006213181254251e-01 -1.600849845817816686e+02 2.779471621820783866e+01 -2.878991731042022550e+00
1.300244256545920183e-04 -3.984591096190955639e+00 5.522005628760429108e-02 2.566953561526589406e-02 7.342667522492231091e-01 1.187460983994332586e-01 -1.618545610485456905e+02 2.828172170214898884e+01 -2.835540750211733574e+00
1.272609962146155457e-04 -4.006073352690822098e+00 4.882419434294449356e-02 1.277288634294112581e-02 7.214366657819579753e-01 1.295601301620302459e-01 -1.611022849280030300e+02 2.772788042048091128e+01 -2.967182078460814942e+00
1.477847928637503823e-04 -3.856556305388718187e+00 6.866283737689082844e-02 9.624433202971603707e-02 7.224076521164997100e-01 1.147552974811918008e-01 -1.607549540063280915e+02 2.789112457385784083e+01 -2.946201084730946107e+00
1.477797478215285337e-04 -3.856590443734350782e+00 4.563282074408936406e-02 2.532143036674636572e-03 7.329980219056307922e-01 1.136964130634638970e-01 -1.611902562554396923e+02 2.817624558736131490e+01 -2.724587869416341235e+00
1.248054281927640915e-04 -4.025557468524429083e+00 6.113833870043738905e-02 6.277261609841281675e+00 7.287798699486123244e-01 1.145623366157049738e-01 -1.626744412025141742e+02 2.779362206630386822e+01 -3.123624274538419066e+00
1.328839819324751444e-04 -3.962836987412882372e+00 6.226794442274019570e-02 6.257750923938669274e+00 7.106114964904057807e-01 1.350779231467752750e-01 -1.611299933961774968e+02 2.801733499724451448e+01 -2.832304202512170299e+00
1.792666870162611830e-04 -3.663438849965771293e+00 6.360570457087644236e-02 7.744754515142984741e-02 7.203086772030294904e-01 1.119132758995177029e-01 -1.609584272918456236e+02 2.792357941108403097e+01 -2.838949013125793286e+00
1.592270969035207559e-04 -3.781981953041018585e+00 5.201262789394578423e-02 1.354703975025504589e-02 7.107486819329433825e-01 1.148083636133155894e-01 -1.612033319797357080e+02 2.827203177510617849e+01 -2.818880404950014906e+00
1.370533588643289499e-04 -3.931943087886488719e+00 2.014264668530119096e-02 3.427119995215156117e-02 7.286267392543422927e-01 1.085153651419185489e-01 -1.610617311948221300e+02 2.841245383451190776e+01 -3.055420488441944471e+00
1.251174346760768996e-04 -4.023060644969973509e+00 4.473517651196001754e-02 9.656237228835434783e-02 7.313914272373430725e-01 1.105167079166785027e-01 -1.602707157361335817e+02 2.851226960789698950e+01 -2.983548571180434372e+00
1.265728380601990172e-04 -4.011495481244637951e+00 3.405578402708775432e-02 6.273981817380467341e+00 7.463468696041433148e-01 1.019953061084002965e-01 -1.621639196978298401e+02 2.749422852380334348e+01 -2.844043708386445601e+00
1.284769423548397856e-04 -3.996563967340970969e+00 2.653966262989504443e-02 6.282437086197833587e+00 7.108115876953897683e-01 1.094840627875591776e-01 -1.606089266894077241e+02 2.826369889407270719e+01 -3.061051788967219522e+00
1.466140256969636433e-04 -3.864509960532174659e+00 5.385723232578543129e-02 6.251649666091224411e+00 7.315123260237695879e-01 1.098970206948138434e-01 -1.626496561875359248e+02 2.801317305765993382e+01 -3.156242645566189609e+00
1.760156327042738348e-04 -3.681740605371125685e+00 4.676348266821295230e-02 7.813500063132844398e-02 7.294660614768873064e-01 1.094099388765183978e-01 -1.597662541251461334e+02 2.813871548619911778e+01 -3.120775084132141330e+00
1.623733805124045429e-04 -3.762414917456794683e+00 5.074810070168378484e-02 1.459413322998211540e-02 7.157854078077974247e-01 1.265703346649577898e-01 -1.612418239512917353e+02 2.760319447989856201e+01 -3.067050356001946199e+00
1.236815818501113291e-04 -4.034603044029040575e+00 2.793759413850249729e-02 8.421678161122569950e-02 7.286396540897738250e-01 1.087301560948201601e-01 -1.607011362350812078e+02 2.787981532593775214e+01 -2.803892465506512721e+00
1.537003722857559565e-04 -3.817308345948111192e+00 4.835971995340260232e-02 6.282842180759893758e+00 7.225274055060972866e-01 1.208993380946414009e-01 -1.622127059122502146e+02 2.743640351809361988e+01 -2.970020336236274261e+00
1.384791967238370089e-04 -3.921593308462595573e+00 5.320912005497935304e-02 1.003834590948781899e-02 7.259753643216816377e-01 1.277412464285093696e-01 -1.619728530458542082e+02 2.786818340259722504e+01 -2.981265443044534003e+00
1.687782055749387884e-04 -3.723727958714793562e+00 4.971168039893480994e-02 5.099240856581190723e-02 7.222714566781709422e-01 1.145180468343812291e-01 -1.604172749253995676e+02 2.754986166562378713e+01 -3.091355616857844879e+00
1.394762331417401030e-04 -3.914419203645485901e+00 5.296587855884216101e-02 6.203753981601506595e+00 7.237609440838143060e-01 1.229322074536006726e-01 -1.614677359334821745e+02 2.803837177114981571e+01 -2.824370953648640992e+00
1.349363122261873927e-04 -3.947510512811635230e+00 8.089735583388457663e-02 1.671606562566541401e-02 7.223075914346659410e-01 1.320196156202233517e-01 -1.607213920584455877e+02 2.770136000048800540e+01 -2.957471615777138574e+00
1.277331378609505386e-04 -4.002370191536919641e+00 4.511669761708936299e-02 6.332107544667048282e-02 7.366511634582230128e-01 1.150183222451288678e-01 -1.613160978538032850e+02 2.800776044812125321e+01 -2.808947407254520634e+00
1.374467537376029293e-04 -3.929076822085192155e+00 6.558854108838774177e-02 6.248848080993877119e+00 7.426626032262396704e-01 1.076491777479309242e-01 -1.618556491627820719e+02 2.785516881243926690e+01 -2.794865556176202581e+00
1.577163951014123812e-04 -3.791514966218692884e+00 6.116379717950226613e-02 6.229255121548674445e+00 7.131842772878390635e-01 1.270626367058098616e-01 -1.610284891285105573e+02 2.751274532215003532e+01 -2.832482707393881860e+00
1.412486975986929094e-04 -3.901791269204377244e+00 4.780491239876838439e-02 5.437321268988877521e-02 7.225075403460967660e-01 1.057783306200390516e-01 -1.607454291473866306e+02 2.807309648203354513e+01 -2.734121324693883359e+00
1.240045788979921113e-04 -4.031994927128215167e+00 7.743198524109884406e-02 6.276569230640633990e+00 7.109891558719133586e-01 1.301883457039411662e-01 -1.598265959726124947e+02 2.790032220590238410e+01 -3.002768097380316803e+00
1.396745634795763173e-04 -3.912998248565957127e+00 5.066692425648355869e-02 6.180687499594769818e+00 7.154549570059253183e-01 1.109405549849476619e-01 -1.618313052986375169e+02 2.811060628128048222e+01 -3.020523701590618337e+00
1.984387489744126817e-04 -3.561832935536706657e+00 3.440202690268978625e-02 4.993114610416762855e-02 7.188363546053428976e-01 1.144309598501262321e-01 -1.600251942182017046e+02 2.766095758498920887e+01 -2.940123931739941909e+00
1.278363526993340810e-04 -4.001562467236425391e+00 7.823271410601750908e-02 6.271945614475249009e+00 7.110727745800128341e-01 1.355765571511413081e-01 -1.605642246412124337e+02 2.772094253073609238e+01 -2.837455988894217462e+00
1.401393713893377482e-04 -3.909675981306435233e+00 5.397367203654168666e-02 6.266113213815119209e+00 7.460367475095864842e-01 1.026937279686248178e-01 -1.605698466920413239e+02 2.840501025339520069e+01 -2.824296036263063137e+00
1.426105006814070515e-04 -3.892196276062071192e+00 5.413701508380186489e-02 6.281253345027623780e+00 7.232521775476410397e-01 1.024208504115441537e-01 -1.611076548354947136e+02 2.827627905460855473e+01 -2.824877267268841585e+00
1.602309012742948085e-04 -3.775697510765648968e+00 4.159827543213245882e-02 6.191455622303030815e+00 7.356516307189039372e-01 1.084390337654681513e-01 -1.598726826311551577e+02 2.803693107344823332e+01 -2.892358397965812955e+00
1.321612226223015584e-04 -3.968290857841576980e+00 4.101296263090692396e-02 9.985858639030675832e-02 7.214676949414227103e-01 1.145392169740815091e-01 -1.608153402167245076e+02 2.802682422086477487e+01 -3.117789805309807427e+00
1.634283029433608754e-04 -3.755939038594201751e+00 5.304928946875342444e-02 6.274375683789383373e+00 7.323023125756431551e-01 1.097007868454377144e-01 -1.629242462905369280e+02 2.781218869191332033e+01 -3.091937860720728182e+00
1.250565239509156571e-04 -4.023547591946385893e+00 4.664602361763381388e-02 8.863088895051350613e-02 7.269787476676345950e-01 1.020801172384639410e-01 -1.615957130843523828e+02 2.850581148300218715e+01 -3.121712884603205396e+00
1.532010948443797991e-04 -3.820562014863456923e+00 6.493931570720834490e-02 6.219927003059981807e+00 7.280924044779599758e-01 1.226505529483167545e-01 -1.601559350848573899e+02 2.816076329243888310e+01 -2.885173979952638135e+00
1.525885297283719225e-04 -3.824568468229911478e+00 4.250558491725831001e-02 1.171661297828268354e-02 7.163622301015576399e-01 1.229189998973353459e-01 -1.615953624558663932e+02 2.753624954694205940e+01 -3.019551265055508971e+00
1.363735003554997259e-04 -3.936915971032052486e+00 4.772595341683416592e-02 6.230949461690140190e+00 7.381450273187095679e-01 1.101128750451571964e-01 -1.606741036082233336e+02 2.737396824305615795e+01 -2.970138502826289439e+00
1.496704076769276117e-04 -3.843877824272221133e+00 4.507307980342545317e-02 6.222517025847299266e+00 7.267253032715071948e-01 1.081014143654923099e-01 -1.628298171009364523e+02 2.817879301835301931e+01 -2.838423030753425280e+00
1.237995096687185908e-04 -4.033650019078249827e+00 6.959619999391919443e-02 2.387129359037879275e-02 7.166384834822633332e-01 1.292454833602523501e-01 -1.597983590497584601e+02 2.777619059823788206e+01 -2.812007187416121212e+00
1.611376638338193749e-04 -3.770054364146452563e+00 5.165367631620276789e-02 1.327928902837487331e-02 7.256074786364237195e-01 1.064572430413539966e-01 -1.602156024436539496e+02 2.804340957514400756e+01 -2.724372516449971471e+00
1.533543207556526658e-04 -3.819562352706235231e+00 5.398464415268289240e-02 1.186443008814628240e-02 7.323098913180798863e-01 1.171434293566860629e-01 -1.623270895393624755e+02 2.745179054211166658e+01 -2.965654593017101881e+00
1.831074288237353716e-04 -3.642240395296313160e+00 3.618723970030823800e-02 6.271887374728658315e+00 7.464366231909306260e-01 1.033015268209557802e-01 -1.616633871553001427e+02 2.761556665535952604e+01 -2.801842569236878688e+00
1.633508701584523591e-04 -3.756412953658140097e+00 4.515797960328837846e-02 6.213074980464257102e+00 7.160559163635870084e-01 1.130874851023732086e-01 -1.623325792330269906e+02 2.788348513774863235e+01 -2.834557941395874359e+00
1.303065377058770932e-04 -3.982423761517624783e+00 3.185885174663627417e-02 7.581456365160509081e-02 7.128267234139491482e-01 1.097720136410575142e-01 -1.601542839908693736e+02 2.793035715377850536e+01 -2.928567444999917058e+00
1.555239981884916020e-04 -3.805513369749986108e+00 3.407281283676577566e-02 6.651186677551715332e-02 7.177866441844035217e-01 1.015646040359548530e-01 -1.604824118954925893e+02 2.778234924928235472e+01 -2.913742433884978666e+00
1.412634313593321030e-04 -3.901686963872734282e+00 5.483478412008202518e-02 6.250295545701884947e+00 7.296647262025780512e-01 1.053089534122878534e-01 -1.625089273660056506e+02 2.812878065114654547e+01 -3.155303508100177901e+00
1.486609569749483984e-04 -3.850645162031873348e+00 1.522255743122147287e-02 6.267984438877295617e+00 7.335450151680036335e-01 1.003026138969776021e-01 -1.623379369429763983e+02 2.823025462994588253e+01 -2.877919415748513288e+00
1.352743729233125709e-04 -3.945008310699813947e+00 6.935368066127978182e-02 3.778163312550011227e-02 7.306114490674467943e-01 1.161276997920144827e-01 -1.605653522349157356e+02 2.854025186154623839e+01 -2.982096115166887884e+00
1.693791562122826306e-04 -3.720173688792589584e+00 1.776826206272441588e-02 1.122732375584263760e-02 7.398536577090120137e-01 1.016419494208808394e-01 -1.606016072868551419e+02 2.841019693008145452e+01 -2.985888604382083145e+00
1.249511683459394735e-04 -4.024390410903227355e+00 6.482333133519846413e-02 2.237105663660550470e-02 7.241773189835269964e-01 1.208514758980464010e-01 -1.630975100535106890e+02 2.781043111819764135e+01 -2.934769172720748109e+00
1.495146780453548670e-04 -3.844918849731502775e+00 3.639581798520385991e-02 7.449391901992404030e-02 7.444563166366924278e-01 1.062680826162026304e-01 -1.615976222279788885e+02 2.807709361814431048e+01 -2.958826041945537000e+00
1.456319553650794617e-04 -3.871230833305167707e+00 6.258588545334164976e-02 9.893402163047388884e-03 7.148147985254218462e-01 1.185972711415458347e-01 -1.621550710562788140e+02 2.838042658659806250e+01 -3.099520731906622473e+00
1.514035860255695835e-04 -3.832364392155403365e+00 5.058807205600501788e-02 2.875314326487969294e-02 7.348181318862946343e-01 1.113530506618273380e-01 -1.629357919570286981e+02 2.798401022315838560e+01 -2.824532758720675218e+00
1.364896691178231068e-04 -3.936064491005882182e+00 1.676915698836611845e-02 3.200527281027388312e-03 7.368724035396378991e-01 1.062564530365395221e-01 -1.611492788219283057e+02 2.809846367123219935e+01 -2.914422071482601240e+00
1.468613402800561963e-04 -3.862824540423311692e+00 6.913906614850806598e-02 6.260608988642161421e+00 7.268720740754591736e-01 1.298819115107795741e-01 -1.616004454449118271e+02 2.770945182406553542e+01 -2.947298450690420957e+00
1.270172892487696778e-04 -4.007990205638161108e+00 2.901421015446259410e-02 6.278554675153073639e+00 7.240466707009094449e-01 1.151192732431059462e-01 -1.626324067574298624e+02 2.798839609822900698e+01 -2.940519005365082705e+00
1.495787769660922501e-04 -3.844490228371554519e+00 5.382140994068085327e-02 6.194509742441318245e+00 7.189036369397169279e-01 1.163540620347102428e-01 -1.597648003856963896e+02 2.792582428882767331e+01 -2.866354041243335260e+00
1.332441172296280505e-04 -3.960130504947329655e+00 4.954836141522533932e-02 6.214040783648330901e+00 7.147011635694617837e-01 1.059419264243224024e-01 -1.612871633592769740e+02 2.783374934409271617e+01 -2.920548479000699693e+00
1.258914911402428871e-04 -4.016893064153116200e+00 7.954143726588813745e-02 6.244285783274322377e+00 7.222979155772544235e-01 1.168710098165339495e-01 -1.606028677305082510e+02 2.781095123513133061e+01 -2.926226585392277535e+00
1.563079557506271116e-04 -3.800485282000303222e+00 5.250332195038132088e-02 6.245664339443632862e+00 7.234812928155730516e-01 1.071779437702684995e-01 -1.591374415004353864e+02 2.794577496221056734e+01 -2.968493919814445547e+00
1.605376611041915572e-04 -3.773784854979557846e+00 2.073090085446949171e-02 6.269689388553700837e+00 7.301916404950093975e-01 1.004786661650702295e-01 -1.609622062434019654e+02 2.738467335164945737e+01 -2.882768163820226270e+00
1.323845718323269987e-04 -3.966602308881247207e+00 2.983809810631443682e-02 6.212242104264673159e+00 7.106802470746027556e-01 1.157352291679484835e-01 -1.613030024404051801e+02 2.808188637549308098e+01 -2.954658961032112785e+00
1.331079013762138062e-04 -3.961153330800144534e+00 5.397432718582317879e-02 5.730085810766524096e-02 7.304511869380402311e-01 1.118583831962629282e-01 -1.605482762883059422e+02 2.736210660571586217e+01 -3.013004986535530172e+00
1.538172503273215288e-04 -3.816548207090378231e+00 5.383584360421411752e-02 6.237072990397974692e+00 7.089719285962995388e-01 1.300808864710992219e-01 -1.618585717439877953e+02 2.771912569373285962e+01 -2.943248296105998030e+00
1.738642709233391838e-04 -3.694038475997378335e+00 5.091376902112743075e-02 3.075393143476709210e-02 7.122474565796292900e-01 1.132975384692472692e-01 -1.619104445455183736e+02 2.833743756443002226e+01 -2.886990353173866097e+00
1.873151930209786676e-04 -3.619520696518951475e+00 7.296363720029896971e-02 6.766654460124110759e-02 7.276941992478883625e-01 1.168492135085175271e-01 -1.602298698421162726e+02 2.789028739556337300e+01 -2.938644429893613186e+00
1.245948190317545609e-04 -4.027246393963887172e+00 6.610098455796076244e-02 9.487728411381265992e-02 7.306161476706062308e-01 1.195511781255539363e-01 -1.609311248482050587e+02 2.796741324659501871e+01 -3.028937406200378213e+00
1.486493478900717503e-04 -3.850723256095167635e+00 4.615291119283160270e-02 3.745860144112173745e-02 7.294720403563689226e-01 1.081052833628386306e-01 -1.610051789692271882e+02 2.799454903123405103e+01 -3.240307590539464044e+00
1.258165590015180376e-04 -4.017488453461449893e+00 6.273848193274311758e-02 6.251470347496324464e+00 7.063312043582211652e-01 1.254265520960539115e-01 -1.602715081131728994e+02 2.763910533585739415e+01 -3.021332863426982485e+00
1.771202817111517866e-04 -3.675484359179018501e+00 3.016948626020166113e-02 6.271795218005504324e+00 7.302658868539795289e-01 1.089668820486942996e-01 -1.627590811997402511e+02 2.790490064127976311e+01 -3.053292233617332485e+00
1.495033056092224394e-04 -3.844994914963422605e+00 5.687302970247132272e-02 2.735105918862814305e-05 7.005803675694585175e-01 1.338568058552838114e-01 -1.612744603053270112e+02 2.787165056300700172e+01 -2.956149275191348735e+00
1.476735257035525150e-04 -3.857309488890185989e+00 4.817847231987071321e-02 4.884687885820961084e-02 7.467083443158640810e-01 1.008231553724968921e-01 -1.626497210158645998e+02 2.818751260732393860e+01 -2.895547473487343204e+00
1.520150819646929274e-04 -3.828333679272315049e+00 5.212202701029344798e-02 6.225224341074707013e+00 7.236595096269132776e-01 1.196320884347507052e-01 -1.626255756909740171e+02 2.829487029895849659e+01 -3.013199304851321259e+00
1.773464045310372140e-04 -3.674208510929604543e+00 5.047958960388232441e-02 6.277941769383271087e+00 7.147651626382419687e-01 1.253878448430281733e-01 -1.609342427714817063e+02 2.756300296445352060e+01 -3.060093068875100464e+00
1.265048947166829514e-04 -4.012032417816675967e+00 6.400812817297008017e-02 6.210961119823831034e+00 7.211755299970599165e-01 1.168073869021284822e-01 -1.596486340083468463e+02 2.815117866915334233e+01 -3.066553792403063916e+00
1.307380636734959811e-04 -3.979117611086552042e+00 5.325267130939592697e-02 6.272289570556151439e+00 7.255359449186284948e-01 1.224367059810996389e-01 -1.613870745911954145e+02 2.750019023791561068e+01 -2.742986109595615396e+00
1.380273342387514611e-04 -3.255219562885423024e+00 6.530745550532957022e-02 6.830138956793238743e-03 7.259191079721801776e-01 1.190969403124507719e-01 -1.610952014434859052e+02 2.850106334787238893e+01 -3.058213420009789907e+00
1.290536684010744914e-04 -3.322442950662040317e+00 2.616341993910620278e-02 1.357078498656950037e-02 7.275337035843532085e-01 1.121501418807064054e-01 -1.605779844253034412e+02 2.792541834468192974e+01 -2.851075728338186011e+00
1.362561502435964992e-04 -3.268134730695226864e+00 3.539981407706238592e-02 6.188025123227157032e+00 7.258298487674560429e-01 1.025199150725099595e-01 -1.619117549978448096e+02 2.829421554859706944e+01 -2.953840002203032000e+00
1.297766841666193394e-04 -3.316856143404236068e+00 6.531638094422398400e-02 1.315023279648244899e-02 7.239811469025906332e-01 1.216695242345687822e-01 -1.597609545992736457e+02 2.787998392688745142e+01 -3.061152508399280769e+00
1.319281436899580589e-04 -3.300413894242129054e+00 4.444137815153359483e-02 3.975693927002053873e-02 7.214884757627260115e-01 1.065101405468793505e-01 -1.613368696673931595e+02 2.860947142699232870e+01 -3.007853631517343196e+00
1.264127035129678877e-04 -3.343119323483644489e+00 4.263715470655171647e-02 8.016939629147451507e-02 7.373273430175435461e-01 1.041496520708510565e-01 -1.607007587926273686e+02 2.766627752810835261e+01 -2.813120053208965743e+00
1.348332197634008109e-04 -3.278632697090929859e+00 6.412874255360223597e-02 3.020300850422376684e-03 7.445359487058051950e-01 1.037494794468952625e-01 -1.607802636633604152e+02 2.821101794062474966e+01 -2.887686456381497457e+00
1.330424027125654885e-04 -3.292003407824376282e+00 2.437558205926637633e-02 1.917250063129317950e-02 7.198465247907253062e-01 1.087251153680597882e-01 -1.599930295522191841e+02 2.812674602193121487e+01 -2.978210508922010114e+00
1.313764523935395374e-04 -3.304604418159709400e+00 5.492204222538210612e-02 8.820156212387084485e-03 7.393442675648221885e-01 1.021439716558186217e-01 -1.608380496254829950e+02 2.759356381590616536e+01 -2.753905770497282468e+00
1.349749827603105481e-04 -3.277581854243084791e+00 4.120106254519728672e-02 6.200129783807712514e+00 7.144592547163819418e-01 1.149709767711828978e-01 -1.613406016385998782e+02 2.821217565819350526e+01 -2.916786649319700331e+00
1.307001304581416096e-04 -3.309765683843183037e+00 4.762762588432867261e-02 5.331674438735871380e-02 7.097971335386917824e-01 1.221882137266685903e-01 -1.617691604630331312e+02 2.805415263380339752e+01 -2.887695491580535290e+00
1.271762122716644692e-04 -3.337097679647874404e+00 4.842765601898968431e-02 1.793390087635722205e-02 7.202916995157128133e-01 1.143404242601519377e-01 -1.618734006205149285e+02 2.738320390162196816e+01 -2.892928094738080880e+00
1.278544559504682984e-04 -3.331778748536188939e+00 5.859013589150885437e-02 1.998869039207739826e-02 7.328279702986931765e-01 1.021289096818577269e-01 -1.616146203247860171e+02 2.823784314606297841e+01 -2.829547480599730491e+00
1.236283178074571115e-04 -3.365391675365550839e+00 6.224710229190932864e-02 6.241687187456145480e+00 7.354290834869104954e-01 1.044361922433050122e-01 -1.615599395243352205e+02 2.832826958148160301e+01 -2.875917126400979740e+00
1.328289280224376331e-04 -3.293609257807614821e+00 5.199668670513424296e-02 6.047836344533477415e-05 7.086242277550460766e-01 1.276924014533488971e-01 -1.608122124835915656e+02 2.784777427179241371e+01 -3.051796143905698422e+00
1.302117223082748009e-04 -3.313509543810969848e+00 4.496046420146782019e-02 3.247292544924169910e-02 7.199541023165779707e-01 1.082402533538204814e-01 -1.604085054307433893e+02 2.855987535192333482e+01 -2.973212621274765155e+00
1.313655453365720018e-04 -3.304687443005892789e+00 5.000498484845594671e-02 6.247164729984102216e+00 7.185427223550315823e-01 1.112595776892532501e-01 -1.625505080652366132e+02 2.801418320478038382e+01 -3.056706050287445464e+00
1.320320656927110898e-04 -3.299626487622275839e+00 5.188387686875828297e-02 5.063328430912746730e-02 7.314062384070589840e-01 1.023081664310972194e-01 -1.611898586313942587e+02 2.853791282996909118e+01 -3.094740847695063302e+00
1.305293960990822684e-04 -3.311072843762045359e+00 6.110084221836775686e-02 6.276308875633772821e+00 7.305392309531389960e-01 1.031859202208893767e-01 -1.605324647261871860e+02 2.837143242416600941e+01 -2.947234043149209448e+00
1.334888950921395070e-04 -3.288653011072367516e+00 4.548860208335026023e-02 6.245193622019752588e+00 7.343242416406943196e-01 1.119586960661975578e-01 -1.595131900671935341e+02 2.789379955773946307e+01 -2.873894454096643791e+00
1.268706756186892325e-04 -3.339503037200773683e+00 7.202792814457192883e-02 6.229550506238872742e+00 7.133241095286818600e-01 1.240675276192074739e-01 -1.604758566355311018e+02 2.802127231626128179e+01 -2.940021226343958460e+00
1.289754330590060045e-04 -3.323049357800024417e+00 5.767921646410900660e-02 4.170101108081655100e-02 7.230976211181614488e-01 1.116153460344768145e-01 -1.626811183196734873e+02 2.808277830669469921e+01 -3.025731174875039287e+00
1.319103413864427176e-04 -3.300548842739399635e+00 5.768218579489381437e-02 1.824426772959451826e-02 7.239187888153517658e-01 1.210024732092772060e-01 -1.605460740427986366e+02 2.851439960212964664e+01 -3.027678265161646287e+00
1.283144963805623099e-04 -3.328187049226312588e+00 4.125948573024107446e-02 4.857022625626004030e-03 7.327009152207645259e-01 1.093565475737049292e-01 -1.626322429249848938e+02 2.756607579666165009e+01 -2.977243115398819917e+00
1.299488272653859786e-04 -3.315530566082053987e+00 4.011645884826497976e-02 1.068896347584696697e-02 7.381731891861320616e-01 1.044517375340995868e-01 -1.592411167264036180e+02 2.827930295269354133e+01 -2.973707402933749577e+00
1.294304284347955474e-04 -3.319527798007427588e+00 4.118280350518210842e-02 5.590160199044070383e-02 7.246157160125912267e-01 1.104287751515039689e-01 -1.600819359233744876e+02 2.847444259159270885e+01 -2.914758732966866717e+00
1.259636741389908734e-04 -3.346677737721667878e+00 3.147180778056202222e-02 3.346963348935359100e-02 7.179840003404923676e-01 1.116979963556925526e-01 -1.622308546964579250e+02 2.775093697331160314e+01 -2.924350735925475675e+00
1.266793707975161839e-04 -3.341012047829473364e+00 4.197624759010498696e-02 2.212524262199914646e-02 7.398220546472991099e-01 1.044427649743040060e-01 -1.596595037814838633e+02 2.832667233313767952e+01 -2.870868806792863381e+00
1.313221519142911109e-04 -3.305017823325415272e+00 5.973847654161701382e-02 5.719504899155199856e-02 7.325081293579427388e-01 1.094481833259174641e-01 -1.616324934013990742e+02 2.839913347334965721e+01 -3.102093167708767751e+00
1.312985252336691818e-04 -3.305197753412734141e+00 6.619307463671175729e-02 6.275518813879691571e+00 7.131606371242333875e-01 1.196919096438465863e-01 -1.620495552286427028e+02 2.795843440967493621e+01 -2.870890322350911461e+00
1.306525639927663977e-04 -3.310129685951525680e+00 3.552765191379736454e-02 8.441251032250991770e-02 7.192573607758508958e-01 1.106241825428277842e-01 -1.605078239521642445e+02 2.778786909270453265e+01 -2.932512239373828322e+00
1.308314520736662974e-04 -3.308761433226181214e+00 4.716349399946362375e-02 6.234762612553772065e+00 7.286765437913762522e-01 1.025411417736836195e-01 -1.593992314973597786e+02 2.818867517497242048e+01 -2.978158481029016258e+00
1.276200922757566713e-04 -3.333613481131529444e+00 5.605077296645344376e-02 6.265711681523770338e+00 7.242591850469101145e-01 1.114209409099412851e-01 -1.628360134895229407e+02 2.772799063748132653e+01 -2.929521575210749518e+00
1.271086840379582648e-04 -3.337628802308115095e+00 4.106641218129403192e-02 5.654379122975800726e-02 7.190709306875134876e-01 1.098673854776097553e-01 -1.624396184523548641e+02 2.828977303079682670e+01 -2.941937001929431084e+00
1.256939215489304726e-04 -3.348821545005817857e+00 5.896736946386493816e-02 6.270052314528602899e+00 7.234763053332159410e-01 1.107887894953713398e-01 -1.598119836698215295e+02 2.815273421805852649e+01 -2.835214222726206046e+00
1.246803522438980907e-04 -3.356918022543577962e+00 5.657450588063916985e-02 6.223548154833261847e+00 7.157214867882417675e-01 1.221521082838031291e-01 -1.619928163816606457e+02 2.793843290138148205e+01 -3.077886858427074657e+00
1.331607197404087168e-04 -3.291114484850492072e+00 4.520296378722832298e-02 7.919325073179755287e-03 7.096064623252547054e-01 1.162544057414983678e-01 -1.606021390593757019e+02 2.813346597377047686e+01 -2.846295269125556082e+00
1.253384451180596375e-04 -3.351653663215863332e+00 4.651675177987224519e-02 6.255883545634224774e+00 7.454242838494289369e-01 1.026380653085537803e-01 -1.617302276713134006e+02 2.846247217567049503e+01 -2.908527516292984672e+00
1.335014675613318364e-04 -3.288558831873714894e+00 7.159509208421055426e-02 6.236563252454750739e+00 7.285217829113261878e-01 1.200396805146785872e-01 -1.612952617187176543e+02 2.815959984244309311e+01 -3.065935477354708283e+00
1.340461376778377689e-04 -3.284487250904265299e+00 2.584987159110485599e-02 6.242509705557409916e+00 7.348932614777416994e-01 1.008574572209527259e-01 -1.606098346819894118e+02 2.749455698630071154e+01 -2.983720622396679900e+00
1.281252902617065269e-04 -3.329662687275043886e+00 2.218442258939745670e-02 6.279813668658097647e+00 7.228700131465570777e-01 1.093273747675369695e-01 -1.614175915763742637e+02 2.768012266158209655e+01 -2.910788211297061778e+00
1.255832967483240406e-04 -3.349702045104503423e+00 5.760499928127404967e-02 6.246629981298563727e+00 7.443406173873174936e-01 1.044481904165885239e-01 -1.613712525492933878e+02 2.758497831019890612e+01 -3.006541013144222063e+00
1.277544598015453053e-04 -3.332561163764000689e+00 5.440414613651534115e-02 6.282880501397967166e+00 7.399720495668477005e-01 1.058463329726868629e-01 -1.619415655806470795e+02 2.742274184362869605e+01 -2.860915037017570661e+00
1.309124927105940410e-04 -3.308142197204624768e+00 4.399520371434983979e-02 4.168420180083858007e-02 7.457602107151036774e-01 1.020823358495372979e-01 -1.607963721444662042e+02 2.759786610129849649e+01 -2.806797252613684179e+00
1.265658572886471948e-04 -3.341908518948233375e+00 2.989554102451641437e-02 6.195298762033376150e+00 7.203393149085044467e-01 1.102249285696360881e-01 -1.614784465815060912e+02 2.800549450837219823e+01 -2.960471934010482364e+00
1.282602141523680344e-04 -3.328610179229202881e+00 5.438842006937416595e-02 6.255966607091097309e+00 7.408487012899540591e-01 1.128755728295283978e-01 -1.612256674008878576e+02 2.825916090093305399e+01 -3.076572204748546646e+00
1.264075023732282607e-04 -3.343160468452428091e+00 2.777613042328552773e-02 6.272771461625732847e+00 7.214555042682458952e-01 1.115608738855397575e-01 -1.616766359343611157e+02 2.838186276749948789e+01 -2.918954049772768400e+00
1.247781998587804892e-04 -3.356133542564233352e+00 5.840611673778361990e-02 2.957094416033203416e-02 7.262809619746206646e-01 1.186702462523584051e-01 -1.602299202527341890e+02 2.750442356503757324e+01 -3.018535635009440554e+00
1.260518928036336657e-04 -3.345977632808970981e+00 4.182372384879051719e-02 6.532860254989961146e-02 7.213721222731249716e-01 1.059736310491982830e-01 -1.622047183422311605e+02 2.802085312004709650e+01 -2.838793489559332528e+00
1.298230002966333711e-04 -3.316499316079108972e+00 3.757026152164799626e-02 5.951647459090469300e-02 7.227440942551216496e-01 1.113318678014282304e-01 -1.620460410563535447e+02 2.834649365346636429e+01 -2.879804352354788932e+00
1.328473107152704452e-04 -3.293470873637851071e+00 5.419722161567797070e-02 6.200356504661799661e+00 7.398263623659756538e-01 1.067218366516679007e-01 -1.611776566125919885e+02 2.828401185826884401e+01 -2.915660988608084203e+00
1.337095690148009926e-04 -3.287001250284211640e+00 5.803453692498583560e-02 6.227130887240205581e+00 7.231854085041601321e-01 1.232888563501442492e-01 -1.610508789751135055e+02 2.835777319752114067e+01 -2.932516903072683867e+00
1.267516700142890115e-04 -3.340441484582741261e+00 3.957348868555288224e-02 5.876860182062505766e-02 7.165694981562257260e-01 1.140974090394517165e-01 -1.604530224273472641e+02 2.835198170260983019e+01 -2.891828387434207670e+00
1.276434496576630303e-04 -3.333430475115120917e+00 5.594737936654214927e-02 6.222758558282143859e+00 7.298261147627095324e-01 1.147037710760254320e-01 -1.616693524160497191e+02 2.787948228479797308e+01 -3.127102142106976679e+00
1.243374298691684449e-04 -3.359672224180047628e+00 5.234516481248119302e-02 6.266527256621825082e+00 7.391152107257331627e-01 1.138717116130039397e-01 -1.615507760478214436e+02 2.819621542501838007e+01 -2.840458517696575313e+00
1.313266518545105779e-04 -3.304983557490917434e+00 4.187553830275125843e-02 1.133904767756174214e-01 7.361993059296693120e-01 1.027439988201915289e-01 -1.611199613983434915e+02 2.815288849399527749e+01 -2.965052851976670567e+00
1.331861304887776152e-04 -3.290923675397142034e+00 4.799859282662732873e-02 4.638965224053506753e-02 7.317060060226608931e-01 1.037753146661819781e-01 -1.605941224836142851e+02 2.855601231295545972e+01 -3.128201443167433204e+00
1.375314176315454301e-04 -3.258818919750257503e+00 5.151544380804629064e-02 6.239052120943076041e+00 7.239312845426397747e-01 1.105446941894717705e-01 -1.609768863449510263e+02 2.833943675899664072e+01 -3.176232864663579569e+00
1.248136189580083949e-04 -3.355849726374792397e+00 5.419936975969519288e-02 6.247341941274545896e+00 7.395521739297915564e-01 1.036316703136631046e-01 -1.606441037308976547e+02 2.831327749661571858e+01 -2.801508242193140319e+00
1.351586322397467445e-04 -3.276222160391365268e+00 4.552370395157800953e-02 6.207663247675845319e+00 7.447223444477503174e-01 1.034811849068808937e-01 -1.605393149497758145e+02 2.805640124373848110e+01 -3.046044807444614477e+00
1.264055406100953252e-04 -3.343175987929670079e+00 4.185875069837974305e-02 6.272218354656152073e+00 7.148073877300811230e-01 1.091506049475841622e-01 -1.604728918724289883e+02 2.844412505110788203e+01 -2.951036368644885499e+00
1.256526073399890601e-04 -3.349150288032399558e+00 5.100796856374789634e-02 1.532936487570942842e-02 7.291110346009264109e-01 1.037092439760256557e-01 -1.601901527591638228e+02 2.858490536256608294e+01 -2.987190502051957353e+00
1.243895111580452305e-04 -3.359253441321842448e+00 4.122169698863265008e-02 4.608304233755866619e-02 7.281894010340933532e-01 1.004001926665290118e-01 -1.603451950415212082e+02 2.753349422250278522e+01 -3.001453382796923641e+00
1.308368160069334706e-04 -3.308720435261030879e+00 2.734630656216052724e-02 6.248176980000696545e+00 7.240911373098766202e-01 1.136608203658184824e-01 -1.611504822696834367e+02 2.824876157047467728e+01 -3.023680716861436579e+00
1.242324913323315360e-04 -3.360516562405392982e+00 6.732389101458846614e-02 6.270093938097148545e+00 7.209020678822759542e-01 1.205306551072691384e-01 -1.609833796737513012e+02 2.849049100063699669e+01 -2.939786950173212787e+00
1.254625974792021126e-04 -3.350663616523891442e+00 4.446033477496280639e-02 2.427774306199794938e-02 7.213088697024551132e-01 1.230010817731231471e-01 -1.611709134753039052e+02 2.806470798676496869e+01 -2.825496003537657508e+00
1.261166394771124407e-04 -3.345464113740469259e+00 4.973800402040828850e-02 7.882516889998383153e-03 7.295384236335498152e-01 1.142208791224591929e-01 -1.603255022487506380e+02 2.741211773454227441e+01 -3.013536323884040691e+00
1.452083050632179827e-04 -3.204502004462302267e+00 5.676998167853408717e-02 6.228807833497815416e+00 7.373058704080529546e-01 1.095348722361059179e-01 -1.611048887244210732e+02 2.770825847757046745e+01 -2.785410274618431714e+00
1.522910690598345206e-04 -3.156877684888250712e+00 5.205504341314759476e-02 1.182520736767866433e-02 7.286397371593654748e-01 1.074135209434428639e-01 -1.608522926851427997e+02 2.734103904218126857e+01 -2.874164075185337452e+00
1.392245503537474862e-04 -3.246583202789151468e+00 6.293890734382301400e-02 8.225193036184694217e-02 7.167332608912292402e-01 1.251062732279129286e-01 -1.611981605475136803e+02 2.807398654825837880e+01 -2.996832533548445809e+00
1.470560416277825295e-04 -3.191857552932305442e+00 3.328797100608760218e-02 6.226939722070565786e+00 7.351910769921990996e-01 1.093616444024261836e-01 -1.616394737783902542e+02 2.823524576158081700e+01 -2.904438674875288839e+00
1.385464507953783190e-04 -3.251465648419720633e+00 6.358069332034987919e-02 6.244752478444530297e+00 7.371730949552608436e-01 1.026131391629503675e-01 -1.620209913880194108e+02 2.803151342988130423e+01 -3.003533295367115663e+00
1.381214298037792111e-04 -3.254538078258859102e+00 6.816570410059596963e-02 3.358211445123731871e-04 7.239841288834649724e-01 1.212154411969469381e-01 -1.606903723332431468e+02 2.746875392945347016e+01 -2.977314702802527080e+00
1.381890391739350795e-04 -3.254048705765991034e+00 6.099857672255659669e-02 6.239556591535269980e+00 7.393529946925726515e-01 1.115118012599595892e-01 -1.612673644548001448e+02 2.765113682385095117e+01 -3.020396064821113669e+00
1.311658819408891702e-04 -3.306208506112502388e+00 7.070531000297053392e-02 5.467039386043800325e-02 7.194928316452690042e-01 1.176909171348120842e-01 -1.612914116771053727e+02 2.817321691359153846e+01 -3.041658666751785312e+00
1.548331039601681918e-04 -3.140323514457486809e+00 3.974030194397915050e-02 6.223237875563123467e+00 7.253860026971628017e-01 1.120708902695084358e-01 -1.598822726357165038e+02 2.790702963155666794e+01 -3.058934951253728940e+00
1.342031922237707574e-04 -3.283316291305323098e+00 6.822489221903260681e-02 1.571962875847773139e-02 7.157136387300259139e-01 1.224277592285891447e-01 -1.621511759935161194e+02 2.822379738086139156e+01 -3.013307806807626221e+00
1.354046391229625544e-04 -3.274403680375435055e+00 6.807731620656543026e-02 6.258551760148509224e+00 7.371364775295260463e-01 1.153075549533059685e-01 -1.617108400461528959e+02 2.798996475442833187e+01 -3.055605042057605303e+00
1.308034763792689326e-04 -3.308975286129303139e+00 5.195416524112606016e-02 2.187203619834762747e-02 7.312381923761440694e-01 1.155536366578322205e-01 -1.598885434354376684e+02 2.765373037741536422e+01 -2.804116058348053997e+00
1.394660430316775146e-04 -3.244850150119959586e+00 6.278868777600221662e-02 1.625715575458060863e-02 7.362681837134489315e-01 1.160941771595030425e-01 -1.622371259913863923e+02 2.796019621157885737e+01 -2.876697144754796653e+00
1.296716591900108574e-04 -3.317665745662521815e+00 5.659257230904712888e-02 6.227744982369048721e+00 7.273288718938381026e-01 1.097480918828533936e-01 -1.616530663904599692e+02 2.768913421966989574e+01 -3.091438292643573504e+00
1.375202936134644043e-04 -3.258899806489966799e+00 5.828442367776409672e-02 6.232897022877841309e+00 7.196765835178450255e-01 1.091087728200379470e-01 -1.603343120728499684e+02 2.811847570849507250e+01 -3.042408913880965571e+00
1.318941234481861297e-04 -3.300671796975880312e+00 5.903288058678524131e-02 3.901320058869941348e-02 7.190385141172319639e-01 1.138554244165942420e-01 -1.613928660626560259e+02 2.787738259051175760e+01 -3.127423275508425249e+00
1.268852102987515597e-04 -3.339388480803188841e+00 1.570137215714662027e-02 1.758965094176265231e-02 7.341842343358335743e-01 1.000524545462163628e-01 -1.609180112192825050e+02 2.768843620753646917e+01 -3.020570788668967666e+00
1.240590348639469202e-04 -3.361913762698613084e+00 4.137830749970783373e-02 6.236510603133095465e+00 7.131430811875312248e-01 1.116519231526544309e-01 -1.599694302150066392e+02 2.792918778205993746e+01 -3.004570757965083772e+00
1.315036779551841161e-04 -3.303636482154743703e+00 5.886113905493706167e-02 6.246763432046829934e+00 7.425783660748055404e-01 1.039626081628599041e-01 -1.611591395847784725e+02 2.823490649146376086e+01 -3.127923658259939010e+00
1.325483338219459622e-04 -3.295723940151587872e+00 5.247910769402763798e-02 7.655704838768097320e-02 7.311299428142523649e-01 1.120636315082406825e-01 -1.622545927931331562e+02 2.783057930355298382e+01 -3.022765046130340139e+00
1.356665899735890780e-04 -3.272470971153289554e+00 3.444875885416653905e-02 1.935571392025186438e-02 7.114393167975036070e-01 1.107690306969133509e-01 -1.612773832685814455e+02 2.830691737432794497e+01 -2.967242222719372435e+00
1.485726555073378359e-04 -3.181597201353901561e+00 5.227290566946285466e-02 6.252931702007497705e+00 7.417599893546350520e-01 1.043784038992967012e-01 -1.615508676065040845e+02 2.817755806279226150e+01 -3.158281116172587666e+00
1.273160066333954782e-04 -3.335999065502475602e+00 6.476544428866448655e-02 6.236808404111078730e+00 7.234193131842656665e-01 1.266173204654889306e-01 -1.601690640858415122e+02 2.796412937739673055e+01 -2.995695758628967198e+00
1.351821412401756637e-04 -3.276048239157166808e+00 5.301604113495206327e-02 6.229121709654326544e+00 7.316302402110371750e-01 1.186399657922192485e-01 -1.619274582595233483e+02 2.773374078272838972e+01 -2.910413060758778592e+00
1.266182790555529976e-04 -3.341494419009648276e+00 4.219483698035519925e-02 6.205297100813353950e+00 7.424556534018174059e-01 1.031475849398812983e-01 -1.607356024852697374e+02 2.781997422337328985e+01 -2.824135652398749308e+00
1.437840763847545236e-04 -3.214358597926225247e+00 5.683569604230021000e-02 5.864112358182217016e-02 7.238695151824301455e-01 1.169412427762075712e-01 -1.597372853584977292e+02 2.808534581245031347e+01 -2.874245315547079294e+00
1.243233982985366987e-04 -3.359785081285447284e+00 5.603357536853736942e-02 6.676538646040364178e-02 7.112460152309738604e-01 1.189312570497411264e-01 -1.616786700841325910e+02 2.804125430077914061e+01 -2.865288048950880295e+00
1.366201145386138397e-04 -3.265467114945332483e+00 5.037587722307956817e-02 5.320466286119721055e-02 7.299965427891710323e-01 1.071864871801182090e-01 -1.620405089056619090e+02 2.819999560009545192e+01 -3.156869070113428322e+00
1.450326379425106017e-04 -3.205712496271890810e+00 4.167548138949106473e-02 2.637389950524680893e-02 7.292463648935346709e-01 1.133898247111235214e-01 -1.613707353795814470e+02 2.748861903637228465e+01 -3.031062806448776570e+00
1.413920748217467301e-04 -3.231134598667376068e+00 4.660742533628325912e-02 5.423703468765950220e-02 7.223748307985630168e-01 1.015058479404915559e-01 -1.611452861443917186e+02 2.798254245274961605e+01 -2.850571379193862498e+00
1.255329422726060280e-04 -3.350103090266608241e+00 7.445570834806347627e-02 9.120438312060608066e-03 7.148638827285485053e-01 1.292575431870872926e-01 -1.618800313337030730e+02 2.770630159522985281e+01 -2.911737285658255736e+00
1.273109664400614140e-04 -3.336038654343155052e+00 4.629701732801216885e-02 3.293910018892377140e-02 7.344352185460982785e-01 1.179131488476834466e-01 -1.619285172049872585e+02 2.791511577853189507e+01 -2.949110550245959139e+00
1.259901068766074226e-04 -3.346467915605828569e+00 4.582416698351565731e-02 7.024112040619978625e-02 7.152695082635174284e-01 1.118325237382045145e-01 -1.599350715726336603e+02 2.794645244917620630e+01 -2.966705432235308137e+00
1.280481724138238773e-04 -3.330264762520519728e+00 5.381531415603679758e-02 1.812814376135488126e-02 7.262777058013100140e-01 1.208169179813498584e-01 -1.610828499442025077e+02 2.822317363154186509e+01 -2.798027822770528417e+00
1.271299122765187813e-04 -3.337461807690321969e+00 3.419181895174150387e-02 6.215290926287046602e+00 7.467065936221699562e-01 1.017018980568304976e-01 -1.615671757186628383e+02 2.807470800437039671e+01 -2.943918627335644800e+00
1.357809892089314335e-04 -3.271628088395151401e+00 4.693743872198208322e-02 7.315314280600083985e-02 7.247992056356263868e-01 1.141693006223748752e-01 -1.611215337005677952e+02 2.838468338411870207e+01 -2.859903442737737223e+00
1.330688924726592455e-04 -3.291804319994126260e+00 2.410863565002518971e-02 6.281815556413251400e+00 7.239261342467081528e-01 1.047272781522287782e-01 -1.603032806724094144e+02 2.772691335653837541e+01 -3.055013167084421610e+00
1.504319978453779914e-04 -3.169160162103553890e+00 5.616338418652877529e-02 6.261797874646737871e-02 7.329761118316333590e-01 1.144277274236617514e-01 -1.617496432162301971e+02 2.836896664708194038e+01 -3.002477878977054537e+00
1.327955328952668186e-04 -3.293860703982654847e+00 4.369601127824207509e-02 8.645169532786361327e-03 7.149828274409106843e-01 1.148773194445935203e-01 -1.597200902981637114e+02 2.822668022787200215e+01 -2.904819943139687055e+00
1.309660714613493360e-04 -3.307733009444850047e+00 7.177336320612204279e-02 4.008222969708393965e-03 7.104475235356243479e-01 1.311618023377453812e-01 -1.613525036604710294e+02 2.767855710501343580e+01 -2.985281666140471302e+00
1.475927443208644569e-04 -3.188214549381999774e+00 2.900426090253516165e-02 3.997868728698338731e-02 7.237601039084888832e-01 1.041450829783442944e-01 -1.618144741091076639e+02 2.850424387473438159e+01 -2.960283118309501305e+00
1.325376295233294155e-04 -3.295804701112954760e+00 6.775505756004029934e-02 6.238507164720965115e+00 7.255649376474395673e-01 1.116289089987045346e-01 -1.614489086120873935e+02 2.792031502971148527e+01 -3.074991129746238450e+00
1.299007761797299856e-04 -3.315900403754051595e+00 3.869702851332701421e-02 8.568704780715674305e-03 7.225494259881648507e-01 1.041190973055573232e-01 -1.621028035237532663e+02 2.850952212446156153e+01 -3.066788499907220356e+00
1.468135799508557093e-04 -3.193507684243199307e+00 4.458482924500906108e-02 2.741995017678645202e-02 7.297371191443831062e-01 1.137630935499874540e-01 -1.622404852596157525e+02 2.843663041455985052e+01 -3.010911026770282106e+00
1.271354206210532412e-04 -3.337418480159413114e+00 5.583173686620535037e-02 6.209504142534725268e+00 7.289975546320236477e-01 1.067381732227353081e-01 -1.596917984526040755e+02 2.800449772309931973e+01 -2.990052512924512129e+00
1.379138526324832589e-04 -3.256042068680608637e+00 6.439531178426127767e-02 6.265374838906076604e+00 7.438445291647873825e-01 1.035446146944055679e-01 -1.604493257728238973e+02 2.784672274408667292e+01 -2.864394485966011317e+00
1.482068231093610082e-04 -3.184062550945956804e+00 3.948178570445237678e-02 6.250580237484676616e+00 7.364585663444791486e-01 1.073787272099067103e-01 -1.618624127595658138e+02 2.845378098725997873e+01 -3.104285998825835335e+00
1.376669777672787564e-04 -3.257833738521259903e+00 6.535780677545832695e-02 6.233833464614663838e-02 7.338024098343994828e-01 1.146786687189124271e-01 -1.616750675966438280e+02 2.824270880357126856e+01 -2.941803413205949624e+00
1.624636238192904739e-04 -3.092217179331252286e+00 4.904926263916475904e-02 2.821511105042496734e-02 7.341227171008759544e-01 1.117240133026955184e-01 -1.621413292213460409e+02 2.810828291702382842e+01 -3.127742774304991258e+00
1.308903540404960460e-04 -3.308311321951933337e+00 6.776005382041205838e-02 4.010058443717802457e-02 7.275639166806646685e-01 1.118352258581016556e-01 -1.610504307329529752e+02 2.832760961800001454e+01 -2.887673068254472675e+00
1.352119057608250840e-04 -3.275828082529465668e+00 5.742561069555618403e-02 6.238782591788914367e+00 7.206520634669280057e-01 1.166669017940870079e-01 -1.611577718758691162e+02 2.857297232348393479e+01 -2.998257334031788623e+00
1.460226608270520339e-04 -3.198909481813847044e+00 4.227798752100686563e-02 6.248077775365159958e+00 7.316210754371046399e-01 1.117909182861824557e-01 -1.598507763403588342e+02 2.759540198258386567e+01 -2.862905608904995347e+00
1.345111413679585992e-04 -3.281024271561639338e+00 7.602622844256123891e-02 6.282089718733409711e+00 7.279293940829089093e-01 1.172772804359026588e-01 -1.618152625203741763e+02 2.775937725451416327e+01 -2.933584796525274818e+00
1.486161251156790084e-04 -3.181304662661425642e+00 5.083362075952901904e-02 3.680752655618846347e-02 7.109882409491226074e-01 1.177709355022263371e-01 -1.608858203942335194e+02 2.766071126161306992e+01 -2.850805995174329865e+00
1.465066179410456600e-04 -3.195600701526540632e+00 5.859882376893132960e-02 6.241316710373183696e+00 7.268578711954506444e-01 1.098592075301693116e-01 -1.600211889707114779e+02 2.776715552415193144e+01 -2.808693017937383019e+00
1.346777516901591853e-04 -3.279786402186105398e+00 4.400966862813304736e-02 6.203813924500344079e+00 7.249864211699548200e-01 1.044828013702494562e-01 -1.611325033956622974e+02 2.798523673425201608e+01 -3.127007166185413745e+00
1.245998406779662911e-04 -3.357563974937846751e+00 5.867406955555176662e-02 5.336329338270630329e-02 7.147317313906975667e-01 1.197502306703402963e-01 -1.617182124336450215e+02 2.762836179059791064e+01 -3.013442499100557725e+00
1.335571569946903282e-04 -3.288141774126498440e+00 4.275278281210359577e-02 3.026407891078989471e-02 7.238768304111703467e-01 1.018924733017746442e-01 -1.619766395109000428e+02 2.816116204700663772e+01 -3.128632528706178917e+00
1.340163295820512789e-04 -3.284709647543478717e+00 2.426710832579703769e-02 2.309714054029724656e-02 7.171059020646670668e-01 1.062226872056459825e-01 -1.603837557441974013e+02 2.788438211961597091e+01 -2.909295534601645805e+00
1.448821105969232614e-04 -3.206750921256286802e+00 6.933351894448602781e-02 1.979087267825677815e-02 7.229088107453213174e-01 1.171058842001372197e-01 -1.613775035212879629e+02 2.820934273864372699e+01 -3.110126203241718734e+00
1.296553493330057779e-04 -3.317791531689358919e+00 5.631207145033512163e-02 6.254394991739489207e+00 7.378900288575819255e-01 1.009942991673107582e-01 -1.619993898247186053e+02 2.846418171347009363e+01 -3.028505390240074924e+00
1.248811485937387396e-04 -3.355308828877908489e+00 4.795217322740374932e-02 9.521929054190721164e-02 7.290668645945892479e-01 1.107675887195198328e-01 -1.612557754884120982e+02 2.817775447625092511e+01 -3.113927058263059600e+00
1.289668879915323275e-04 -3.323115613445412730e+00 5.326919294216003742e-02 4.530471532556309272e-02 7.450537902734097884e-01 1.064081990315052795e-01 -1.602805448339442478e+02 2.788207824320387829e+01 -3.046044666515537180e+00
1.754249264229961846e-04 -3.015460120905539387e+00 3.976502440514717573e-02 6.234580417428192689e+00 7.272640793656944824e-01 1.165262228421828916e-01 -1.612570622429241212e+02 2.788242932659468210e+01 -2.834168466262902975e+00
1.295348121700594466e-04 -3.318721637762347854e+00 5.197763116321019172e-02 3.496856488486958098e-02 7.376145494761681132e-01 1.088879511546617662e-01 -1.608169866686549767e+02 2.838888151092844225e+01 -2.824132531185368222e+00
1.349738423977988526e-04 -3.277590302974148884e+00 5.342376363172951503e-02 7.979400071578339818e-03 7.101538800743812940e-01 1.236090046498830447e-01 -1.604792757558608400e+02 2.755280246866065141e+01 -2.927550302328823406e+00
1.278575422639827868e-04 -3.331754609555329427e+00 5.180769217592073872e-02 6.237617708287175766e+00 7.271413212105906076e-01 1.005526185698073643e-01 -1.604643565661920661e+02 2.776075980460052151e+01 -2.862849449254469825e+00
1.319682577490094129e-04 -3.300109880552346997e+00 5.830100879213606646e-02 3.987661309809315685e-02 7.178821627420863827e-01 1.202841219939693312e-01 -1.613813152601020420e+02 2.835005215986680227e+01 -2.840631034453702242e+00
1.378224689398881511e-04 -3.256704902618625219e+00 3.853980825166392066e-02 6.213781180120047765e+00 7.167350777205723222e-01 1.112747313948338757e-01 -1.601516790189576795e+02 2.794535281725018905e+01 -3.033084195860773491e+00
1.280017423484472092e-04 -3.330627426698157922e+00 3.412006915249565786e-02 2.546360653575346217e-02 7.162429768848697087e-01 1.113892412182815872e-01 -1.614676461871889046e+02 2.847203933634162709e+01 -2.936338304026760326e+00
1.277346112409510632e-04 -3.332716540747862943e+00 6.709977903523345333e-02 6.247997848212166971e+00 7.443576124739869071e-01 1.087436504505635837e-01 -1.610646418103585233e+02 2.792190125207960705e+01 -2.964293873080912078e+00
1.438015723254531576e-04 -3.214236923282180580e+00 3.774061063194378285e-02 6.238957412587419427e+00 7.213993086119517839e-01 1.115890682372321502e-01 -1.613615968058928161e+02 2.796833206795390581e+01 -2.757504545731186418e+00
1.276890226121105924e-04 -3.333073505595916419e+00 6.170307568227184625e-02 6.214938634894843439e+00 7.197991119089118817e-01 1.200497735705590152e-01 -1.606939612972286682e+02 2.827824935605444168e+01 -2.863767668203269778e+00
1.344713154278334233e-04 -3.281320394519923411e+00 6.922441104460719252e-02 6.264346272784022673e+00 7.276626128093961476e-01 1.184766983268539381e-01 -1.610192518724740012e+02 2.792906325995575401e+01 -2.769512412829682191e+00
1.281486227099873278e-04 -3.329480597353566385e+00 4.226001285955172104e-02 6.236231931891378366e+00 7.314602004590979867e-01 1.112018396168672485e-01 -1.613269145904556581e+02 2.803422735693772339e+01 -2.743738346487496926e+00
1.379211834474330218e-04 -3.255988915063460887e+00 5.205816503068794177e-02 7.657497546338465876e-03 7.235113122562819576e-01 1.249553415451248040e-01 -1.613357655907597064e+02 2.755525689402166378e+01 -2.898369996005807359e+00
1.429899408781709700e-04 -3.219897018345982964e+00 2.771869858277586918e-02 2.027700559805018302e-02 7.360212953853277895e-01 1.006470065977492778e-01 -1.603514790839366810e+02 2.801334315748238524e+01 -3.171020975072402770e+00
1.424696802817682485e-04 -3.223542095504913441e+00 4.174790760226798625e-02 2.809216183345691550e-02 7.175052999370691298e-01 1.143041740918800814e-01 -1.617638468062307879e+02 2.822609003633424862e+01 -3.142646673301032756e+00
1.576816711719615245e-04 -3.122093041331020835e+00 4.340411377468511578e-02 2.981035676523036831e-02 7.319308761403323649e-01 1.091855753510915239e-01 -1.603968262787204253e+02 2.756013569913073979e+01 -2.767064802181593564e+00
1.412741667876961924e-04 -3.231968854928168433e+00 6.748873711787850560e-02 6.236351961504604802e+00 7.243024193146644363e-01 1.182815298218908295e-01 -1.622147607982213913e+02 2.772894518142743436e+01 -2.955907388679248626e+00
1.273505851266029914e-04 -3.335727506573750389e+00 2.763763932967877590e-02 6.259536860099387034e+00 7.151805137897303544e-01 1.099226086727494167e-01 -1.605186987504376930e+02 2.822030600400998779e+01 -2.903717281102496273e+00
1.529382270121648494e-04 -3.152637207775436323e+00 4.361416868648249068e-02 2.188879618402340965e-02 7.259784780198019760e-01 1.080005760867946002e-01 -1.621587125031912251e+02 2.793751083279055791e+01 -3.152446910777825906e+00
1.320470720944198078e-04 -3.299512836829178841e+00 4.128050182366027610e-02 6.276787455216361167e+00 7.110044998694098339e-01 1.095094734703199735e-01 -1.606375037695314631e+02 2.798773215047345531e+01 -3.034570347916791810e+00
1.299412639027199164e-04 -3.315588770399382490e+00 5.055555003216327670e-02 6.224365298840704774e+00 7.249856473141192970e-01 1.087091521154991552e-01 -1.617682356385592470e+02 2.828735901173684653e+01 -2.810397323697408467e+00
1.347621635324289669e-04 -3.279159829505051693e+00 3.515307495748754008e-02 5.257178618866753354e-03 7.251872097475378087e-01 1.032114901693867437e-01 -1.613555101010604176e+02 2.753168215438189748e+01 -2.770447969015878975e+00
1.425868527904309571e-04 -3.222719995313073404e+00 5.703074333139279695e-02 4.116086551414904759e-02 7.175902555660385040e-01 1.120192421288810775e-01 -1.616186700133425234e+02 2.816155056843178173e+01 -3.104892911088756868e+00
1.259673468633212910e-04 -3.346648581134948230e+00 6.217726527140410298e-02 6.243776857001633651e+00 7.245858038765899956e-01 1.103629337041981823e-01 -1.599301858101135281e+02 2.801494741006838041e+01 -2.844299980983127085e+00
1.338894560184770673e-04 -3.285656798220161434e+00 5.775061149296956131e-02 6.025165716044436626e-02 7.269171789875189527e-01 1.158564129677041032e-01 -1.612397149720128482e+02 2.830585845618294272e+01 -2.824387414533095608e+00
1.347928234055270364e-04 -3.278932344392807785e+00 3.918227281797592720e-02 6.220322553482493966e+00 7.314535976170520870e-01 1.084229720819507858e-01 -1.624321103415684320e+02 2.771248360176070591e+01 -2.989302298022789017e+00
1.485230389875736277e-04 -3.181931211715848029e+00 6.188101288187453086e-02 6.247127507412505665e+00 7.346616830755883232e-01 1.141614825179161630e-01 -1.606127946627875644e+02 2.754900706934449062e+01 -2.840752201547491751e+00
1.269406779887150840e-04 -3.338951427741176037e+00 7.167237989798924680e-02 6.228406448184380828e+00 7.195858401376860058e-01 1.211180449325096470e-01 -1.612232901873249489e+02 2.783835696787129166e+01 -3.053720366354499838e+00
1.762912867322551775e-04 -3.010533637399318341e+00 4.758996633829637446e-02 6.274188177749993933e+00 7.260507921881559357e-01 1.104447410050665435e-01 -1.625699254569636878e+02 2.840090767813363470e+01 -3.002552158260409776e+00
1.352213535382489811e-04 -3.275758211113114271e+00 7.116521637701256342e-02 6.238434763747959799e+00 7.357075971357489586e-01 1.141076889433579322e-01 -1.615051779383839516e+02 2.786437715091144440e+01 -3.006435022347324626e+00
1.433510869584127777e-04 -3.217374527772649540e+00 5.135321463593101043e-02 6.249488439037850007e+00 7.156706609190006674e-01 1.168288573620312465e-01 -1.610529995775593761e+02 2.791371744150661272e+01 -2.756261347537050099e+00
1.276268844433403572e-04 -3.333560260774738992e+00 6.919016876543027106e-02 1.129215534152256534e-02 7.112227987410399965e-01 1.328520284263772777e-01 -1.608748267601534963e+02 2.821694666260471251e+01 -2.956260325014885559e+00
1.335612900168262323e-04 -3.288110828887169212e+00 6.211897347897088473e-02 6.213605962396575144e+00 7.215558188413099261e-01 1.174668215061535625e-01 -1.606195323052194226e+02 2.797620553777985108e+01 -3.104853579851001300e+00
1.296855802113385447e-04 -3.317558395496602586e+00 3.141963318509810588e-02 1.112962220783696339e-02 7.301535871473614492e-01 1.086598608595519266e-01 -1.608516629814134262e+02 2.741773394943142250e+01 -2.847767698642416079e+00
1.427895727575322570e-04 -3.221299275288213249e+00 6.962186202542341995e-02 6.262787752264020291e+00 7.243005032279763444e-01 1.252149208971301275e-01 -1.621570298146422147e+02 2.778466677858765266e+01 -2.913639695795431805e+00
1.317911181846494304e-04 -3.301453071408527062e+00 3.040544868031402892e-02 6.280994657044912444e+00 7.417648027785577192e-01 1.038613356823951395e-01 -1.603819086031329562e+02 2.845118001702762101e+01 -2.969866646794471876e+00
1.359577324369882839e-04 -3.270327256096321022e+00 4.568083860796945395e-02 6.183123321597026489e+00 7.237218924905778339e-01 1.049744544460023687e-01 -1.606300504226094858e+02 2.825241819807927612e+01 -2.940544494907357809e+00
1.349226473289863058e-04 -3.277969671149541853e+00 3.988737131819453108e-02 6.236957203998762189e+00 7.325533481913090172e-01 1.061343302812198797e-01 -1.629915700947807977e+02 2.797254823262179713e+01 -2.923423983097319656e+00
1.467322808728564981e-04 -3.194061594830455597e+00 6.671298362183530894e-02 1.585434786575499327e-02 7.416812964988939161e-01 1.115334268536781193e-01 -1.605807373462830583e+02 2.774984423221266283e+01 -2.944239946695290655e+00
1.481363368415791716e-04 -3.184538258022328705e+00 6.456328420686219260e-02 6.222195757030322127e+00 7.157264360212850507e-01 1.250276029796413557e-01 -1.614437426680359522e+02 2.828334662078657402e+01 -2.979555278947831454e+00
1.551564472011074879e-04 -3.138237357959660745e+00 4.092698368471026082e-02 6.227840234484530946e+00 7.314261740748086993e-01 1.148800410339426009e-01 -1.605159917171426969e+02 2.772550041260474174e+01 -2.889911386303887220e+00
1.615523762014424761e-04 -3.097841901692215405e+00 6.572828738674019178e-02 5.304645069057951912e-02 7.218261185263508128e-01 1.143240314258306134e-01 -1.618224460056988505e+02 2.819941986753532603e+01 -3.017331487846934834e+00
1.409965931131636750e-04 -3.233935574854106765e+00 4.884462106340292653e-02 4.614866768841426048e-02 7.175013935885066196e-01 1.184431491041861434e-01 -1.602812716387651335e+02 2.766621456830214854e+01 -2.812405036297569438e+00
1.514204207581200065e-04 -3.162611091202426117e+00 5.994537549874268123e-02 5.383644853637539057e-02 7.289019614557458171e-01 1.170005016980352891e-01 -1.597204173709341148e+02 2.790475099271150228e+01 -2.993830593828863407e+00
1.656454767852170377e-04 -3.072821480103688607e+00 4.124602478608319078e-02 6.207921880005006443e+00 7.194000344211585185e-01 1.103403418411687820e-01 -1.604188125387445893e+02 2.819741340950038122e+01 -2.872432752128561972e+00
1.259261561525788233e-04 -3.346975629753646597e+00 6.165486938963815611e-02 6.245085560311205874e+00 7.090107933482544533e-01 1.287932623835595092e-01 -1.610100430568019760e+02 2.830448614357666770e+01 -2.988345414189219618e+00
1.463881843120033309e-04 -3.196409412603589573e+00 7.244030201834839033e-02 6.273821837894926645e+00 7.336502337665052886e-01 1.173391924583431500e-01 -1.609026341726532792e+02 2.765857720862707936e+01 -2.873273172030192946e+00
1.263984307755311909e-04 -3.343232235737223945e+00 2.262184294505009685e-02 6.251284237813082179e+00 7.254556434129759701e-01 1.075215157266064953e-01 -1.620020443822499487e+02 2.823022327651825236e+01 -3.045494434426336383e+00
1.450227853945337190e-04 -3.205780431895145721e+00 4.141861417674930212e-02 6.205906801682644414e+00 7.233198625187552411e-01 1.138420528092397299e-01 -1.620961429007793413e+02 2.827881007425975213e+01 -2.976065592832705775e+00
1.368651759782997610e-04 -3.263674978301983387e+00 5.145076977842177879e-02 6.219065358138813338e+00 7.145504001679514605e-01 1.173192150075224316e-01 -1.599877038389070094e+02 2.778540096944598403e+01 -2.941537547709942579e+00
1.254499425492226425e-04 -3.350764487767618593e+00 6.640352245037939305e-02 1.043874233683192432e-02 7.257437051476601786e-01 1.076337451231289544e-01 -1.607350450466389589e+02 2.789457526200733639e+01 -3.051057849615017581e+00
1.255592870360247722e-04 -3.349893248937879875e+00 6.637118917567064180e-02 4.061120195920760179e-02 7.366757143030369104e-01 1.123130819101564037e-01 -1.622142977637397507e+02 2.802004754751930093e+01 -3.022646126656852061e+00
1.547937314556680822e-04 -3.140577836759103292e+00 6.672978128379880580e-02 2.285283924749437548e-02 7.222964770266715462e-01 1.178773670925026135e-01 -1.608775319799229351e+02 2.746722573207932427e+01 -2.904103089095717571e+00
1.266094677744244946e-04 -3.341564010760493364e+00 5.177871450719340185e-02 6.269616183293840628e+00 7.172698601576696920e-01 1.208087406075886577e-01 -1.620886858512764661e+02 2.792021646291303938e+01 -2.775687271795552746e+00
1.241405315122155750e-04 -3.361257060091213056e+00 6.601796854429542449e-02 6.272605831791223885e+00 7.283772625714448612e-01 1.044606486894635450e-01 -1.609429741423534779e+02 2.783726476882425516e+01 -2.914142631801217576e+00
1.324464291441301833e-04 -3.296493047296938705e+00 4.870093807932307506e-02 6.231522919185453979e+00 7.326773661780118241e-01 1.101570749637228730e-01 -1.597972443784362326e+02 2.818279923005917453e+01 -3.116870807643361552e+00
1.538426190325728775e-04 -3.146741177094064756e+00 6.203415562446978893e-02 6.270822444433671095e+00 7.426158564177141042e-01 1.064172773159787339e-01 -1.611322988635776028e+02 2.811400424735865755e+01 -2.823293381912616695e+00
1.450939145159996593e-04 -3.205290083542819524e+00 6.464631861669245527e-02 6.258091273701116286e+00 7.366779492229759141e-01 1.142215255583851063e-01 -1.617835308767237166e+02 2.816564854964725839e+01 -2.862044693554453012e+00
1.453916263720837624e-04 -3.203240329469625003e+00 5.098370932773843567e-02 1.987734711991700001e-02 7.159649756166183154e-01 1.170388811573663396e-01 -1.606603123231627137e+02 2.746991981220825352e+01 -2.984864800323679290e+00
1.289919577813727252e-04 -3.322921242984152368e+00 6.843289365895677268e-02 6.221991630345380386e+00 7.271028632241547385e-01 1.122240072944565153e-01 -1.607887091519939418e+02 2.780155918447274743e+01 -3.026257650834582869e+00
1.268365577492172711e-04 -3.339771991847623855e+00 5.285891517804652828e-02 4.140348584652162045e-02 7.220976738984613563e-01 1.223077849963848107e-01 -1.615937539306517579e+02 2.838589206795855091e+01 -3.072575597355415411e+00
1.307179017891246862e-04 -3.309629722824293907e+00 4.922302538227241175e-02 6.203752426246960106e+00 7.403979126906355956e-01 1.002329795607683205e-01 -1.616928923550955233e+02 2.826204869088744331e+01 -3.102487919553573725e+00
1.237989605324585536e-04 -3.364012338752374376e+00 6.072580713025166332e-02 2.883739950614282524e-02 7.444969778026842011e-01 1.041664379653129413e-01 -1.598428411859348444e+02 2.806538208556003156e+01 -2.972647433951958185e+00
1.512837913618259446e-04 -3.163513816702120174e+00 4.013473591146232700e-02 6.216425373628150730e+00 7.355158799778476197e-01 1.004636604166946751e-01 -1.619249041727017584e+02 2.817523138755167977e+01 -2.799284421178239057e+00
1.445555104349990243e-04 -3.209007713579119070e+00 4.833752261229162794e-02 3.304105567641872198e-03 7.406927787164725441e-01 1.011047807603131510e-01 -1.595617987340880291e+02 2.799980606049895471e+01 -3.103418337713517161e+00
1.438286520455907584e-04 -3.214048627909004363e+00 5.054857680839619505e-02 3.141790896112178072e-02 7.259502634339856098e-01 1.129603519171216569e-01 -1.592846301315775577e+02 2.775301175687788913e+01 -2.927253628322787904e+00
1.460566883513814411e-04 -3.198676479894483116e+00 4.832257206462797772e-02 1.535397935657613518e-02 7.210180395880452231e-01 1.235946477461155601e-01 -1.607052683855538930e+02 2.833474642195660209e+01 -2.932778108315461374e+00
1.482635508978961351e-04 -3.183679863202424354e+00 5.715239974239660903e-02 6.237949347197996985e+00 7.229531697344218077e-01 1.076615381515758224e-01 -1.610577512102852893e+02 2.758728101483382034e+01 -2.891777754582096627e+00
1.265256795996392853e-04 -3.342226014269011447e+00 4.788014781468574732e-02 1.387532633028012519e-03 7.247956135698031543e-01 1.191161103232701995e-01 -1.597847021454974765e+02 2.812034152654041463e+01 -3.097412225039621880e+00
1.391310924239404830e-04 -3.247254702977808272e+00 5.266897748684540304e-02 6.249753637754936975e+00 7.356344263331163758e-01 1.093184434168549268e-01 -1.625676184522779408e+02 2.796135650836739472e+01 -2.820790472633505352e+00
1.394666102573756752e-04 -3.244846083004174098e+00 4.101611423099504883e-02 6.224792734468693745e+00 7.410767463361260798e-01 1.089138813621472329e-01 -1.605217445454105700e+02 2.782813632307568241e+01 -2.890553498682253419e+00
1.271832467092328279e-04 -3.337042368651399027e+00 4.842581322019645640e-02 6.259561177101699236e+00 7.176615614663799381e-01 1.150412218195824704e-01 -1.616691789941000366e+02 2.835092819628209782e+01 -2.818812525943599212e+00
1.328467999223381614e-04 -3.293474718607776630e+00 5.635263767043630079e-02 5.073715106285541648e-02 7.291285998292510451e-01 1.163386349237256201e-01 -1.614018649143486073e+02 2.811018262697462333e+01 -2.775190402048384186e+00
1.358910164492633556e-04 -3.270818087776349081e+00 4.966656758628118506e-02 6.235477895430570072e+00 7.174786699904160958e-01 1.121065529985941917e-01 -1.597215495964404681e+02 2.817504963686656794e+01 -3.038160735586432182e+00
1.380240558376981722e-04 -3.255243314992245729e+00 3.606112586887189053e-02 2.536568509374735950e-02 7.274873632527012468e-01 1.036172633453310288e-01 -1.615077554595063702e+02 2.737340036501839791e+01 -2.873133615404881880e+00
1.397141811410573245e-04 -3.243072530122289354e+00 5.278431446692677387e-02 6.251577081778054712e+00 7.322178015989048161e-01 1.065964833461558042e-01 -1.625640939994698897e+02 2.826435980042884921e+01 -3.096315886117109173e+00
1.426248707406515333e-04 -3.222453400728706896e+00 3.023334666897903311e-02 3.017767749082714973e-02 7.202969172838799006e-01 1.044526137200058186e-01 -1.611105139348321131e+02 2.755092735087460909e+01 -2.909233408686821676e+00
1.471661037731926283e-04 -3.191109396124504727e+00 7.113381308573807349e-02 6.280629233464835259e+00 7.342053029448492030e-01 1.133186805892419380e-01 -1.599860075532997143e+02 2.797523716949929096e+01 -2.938298955376684063e+00
1.457473965209586176e-04 -3.200796340186243150e+00 6.432185248376875997e-02 1.909360810363300298e-02 7.243611176906116222e-01 1.176957415300228793e-01 -1.624826152769969099e+02 2.793230684773390138e+01 -3.057372872461810331e+00
1.501364769876027498e-04 -3.171126575601612707e+00 5.145554770346316698e-02 6.268902771592910206e+00 7.417649151265391927e-01 1.115025645119087777e-01 -1.609031673832910201e+02 2.758792155910572319e+01 -2.865308230883418794e+00
1.257255951818768262e-04 -3.348569586577721857e+00 4.762091694202519321e-02 6.227544140458487476e+00 7.281361055132895554e-01 1.011398463518533991e-01 -1.608513328127032764e+02 2.766273053813062077e+01 -2.800558016852567889e+00
1.398220578214722236e-04 -3.242300703999350553e+00 7.650314460160201335e-02 3.659985181870637188e-03 7.137607569119552853e-01 1.287714936430779389e-01 -1.606413400223383405e+02 2.812717513036461270e+01 -2.978955658631035064e+00
1.322973730698800260e-04 -3.297619087557398743e+00 2.810675017714359125e-02 6.239856074529932073e+00 7.326473774473227785e-01 1.012416582721998165e-01 -1.609547947396776522e+02 2.854931562734241979e+01 -3.137955770450528981e+00
1.268630912384967465e-04 -3.339562819391286297e+00 4.782119493126479881e-02 6.234538645652285105e+00 7.333355192778582277e-01 1.150985844221912718e-01 -1.599293670874741906e+02 2.781530871900067581e+01 -3.028792337319705652e+00
1.336456734557657890e-04 -3.287479232759226377e+00 4.696064270492306125e-02 6.248931845654864148e+00 7.297413982807847699e-01 1.069654541378569634e-01 -1.602735785619312310e+02 2.864388808920381635e+01 -3.041264275970448239e+00
1.331129477345537949e-04 -3.291473303706449638e+00 5.782064587020152580e-02 4.243274764530121507e-02 7.291090998930322975e-01 1.137789667609389599e-01 -1.597951047746222457e+02 2.793365987988888222e+01 -3.102403530523112352e+00
1.673913413717350218e-04 -3.062336870087922769e+00 2.519994721062746024e-02 7.130118255415687258e-03 7.363006910546642247e-01 1.004289720047491785e-01 -1.609150005869914821e+02 2.842746747503460725e+01 -3.146077968579343853e+00
1.364597699904813576e-04 -3.266641456781870900e+00 4.835569904654957174e-02 6.240904413760095082e+00 7.140510315005969000e-01 1.133048904608394275e-01 -1.608440721457770906e+02 2.825889331651681857e+01 -3.119625958077678618e+00
1.269615369944103434e-04 -3.338787120346351944e+00 3.347889787442226428e-02 6.223927505600487464e+00 7.345186450701548520e-01 1.029691408135087610e-01 -1.624788635672738337e+02 2.795191359776116968e+01 -2.820527653505391363e+00
1.243641701665086413e-04 -3.359457184972900912e+00 3.081727979178083832e-02 5.356120212847446244e-02 7.345226845575218988e-01 1.062872505281990398e-01 -1.604472840551584909e+02 2.794957251966190270e+01 -2.784181344364336397e+00
1.236104737942968093e-04 -3.365536021752911111e+00 3.084132473500966753e-02 8.934423742893921050e-02 7.284899110197577965e-01 1.068341242828014792e-01 -1.618390091258928010e+02 2.825762422246658190e+01 -3.042241734971167233e+00
1.248108155390692119e-04 -2.824163346821352505e+00 5.441302125240365939e-02 6.229312496437099611e+00 7.424318748340061891e-01 1.044124770805973657e-01 -1.613428814673600868e+02 2.767734679205308268e+01 -2.951123088693627494e+00
1.241326234087083600e-04 -2.829611924305591941e+00 4.562976531851481443e-02 6.212511184382224272e+00 7.142077400575975732e-01 1.176273888441944776e-01 -1.614795669637367723e+02 2.810130298441820784e+01 -2.956295440546952591e+00
1.242134181710207580e-04 -2.828961261507437541e+00 4.393504621675725641e-02 6.249404585949560165e+00 7.240384412825751070e-01 1.038439587939135739e-01 -1.605176297198913744e+02 2.834592975752025978e+01 -3.100519385429372221e+00
1.240145365020849815e-04 -2.830563673385290802e+00 3.062337563311268163e-02 9.834671286290466719e-03 7.378527881748392359e-01 1.017773080592912632e-01 -1.594848120131879909e+02 2.814090479129149713e+01 -2.956451873407477393e+00
1.242518891079511358e-04 -2.828651593025672817e+00 5.229203696736672846e-02 6.268105819898836195e+00 7.275279241923641171e-01 1.058061930673952489e-01 -1.595940404197104954e+02 2.781687558217488387e+01 -2.954028238554018415e+00
1.249072958894643264e-04 -2.823390632702666103e+00 5.803052304436673303e-02 1.620421425793526493e-02 7.263574488818954622e-01 1.188879774664268751e-01 -1.614819915822847065e+02 2.843402642402759284e+01 -2.950282049983750099e+00
1.238400683299550366e-04 -2.831971500373732908e+00 6.964933893047231539e-02 6.267964033330494900e+00 7.147474735008205737e-01 1.302967644881577181e-01 -1.612680693496634490e+02 2.789297329853413032e+01 -2.991065867917896526e+00
1.247476026847829699e-04 -2.824669944483638062e+00 4.144194120701316653e-02 6.245282227381586004e+00 7.204953330445629245e-01 1.196481900336508891e-01 -1.614707189651256840e+02 2.779505263700265871e+01 -3.004517184569568400e+00
1.254410221954591011e-04 -2.819126756526456390e+00 6.477007707905524381e-02 3.135499280866343996e-02 7.145916400081725461e-01 1.263310870188660562e-01 -1.607275533583790548e+02 2.794778189186447648e+01 -2.854259608737499399e+00
1.245091638402890429e-04 -2.826583143636052675e+00 4.497747161940501837e-02 1.352009271498966388e-02 7.292938006157649866e-01 1.099863672638515671e-01 -1.626037944981626424e+02 2.783965167997287793e+01 -2.835389675257653508e+00
1.252577976171254884e-04 -2.820588467523692078e+00 4.175096931916388865e-02 6.242404240504783708e+00 7.181239711459066477e-01 1.113180821900114498e-01 -1.622927766272066492e+02 2.793892593099656096e+01 -3.005477832432581486e+00
1.260717030885335262e-04 -2.814111644752412822e+00 6.018659556216621187e-02 6.254279248794514245e+00 7.238928902616814653e-01 1.143696339961503411e-01 -1.605608603106056762e+02 2.810693623252730333e+01 -3.126885382533846069e+00
1.263625974005292806e-04 -2.811806930692605455e+00 5.782237772848686230e-02 6.236450429112670335e+00 7.235329620244529414e-01 1.099699481018732994e-01 -1.614925346289748518e+02 2.776485984400739326e+01 -3.042464108560989366e+00
1.236160795885186676e-04 -2.833781831654598626e+00 4.625281054899466060e-02 4.514712951128536933e-02 7.339676440250419986e-01 1.021531915160088233e-01 -1.596760680978081837e+02 2.818262153178646656e+01 -3.060946250439604555e+00
1.244707805425701998e-04 -2.826891468052445067e+00 4.681804519062904291e-02 6.234584045260239904e+00 7.235210332238718456e-01 1.117871129805679126e-01 -1.624717882404196416e+02 2.814616394002084121e+01 -2.904464841624903038e+00
1.416657254886764512e-04 -2.697492225350071937e+00 6.307551438870062643e-02 1.718558650248213152e-02 7.184115661261445407e-01 1.244703801753218597e-01 -1.604574148175435084e+02 2.823786318484733471e+01 -2.950564554167574016e+00
1.290564725240870843e-04 -2.790712381902735295e+00 5.604132795912952769e-02 3.180876563121249473e-02 7.423268630178462280e-01 1.044691824573704270e-01 -1.618181147014838643e+02 2.797077299762695901e+01 -3.070019482294585877e+00
1.278026590339498292e-04 -2.800475114035540614e+00 4.869907589797273229e-02 6.223254326678678616e+00 7.190404246716174397e-01 1.160755708294149008e-01 -1.616936882288060247e+02 2.783506663921092539e+01 -3.052676177827837734e+00
1.282906212064350128e-04 -2.796664293520792377e+00 3.890176731281302924e-02 6.217714952989232380e+00 7.290737896783351379e-01 1.124774210619968601e-01 -1.605926283226899614e+02 2.828278830483177586e+01 -2.979490329239431468e+00
1.336067414698342967e-04 -2.756061742041941098e+00 4.289154385741300590e-02 4.369996691212173906e-02 7.220752459280554980e-01 1.150770566898266511e-01 -1.616388907493164879e+02 2.759367490949576762e+01 -2.958616873826636073e+00
1.258239974299566399e-04 -2.816078377316021619e+00 4.571457396865064027e-02 5.229629262967448039e-02 7.189081733592993517e-01 1.073420476376962113e-01 -1.605841265273122644e+02 2.807853093282730583e+01 -2.864840823412151849e+00
1.387217235495242661e-04 -2.718492524354957141e+00 4.667853409748401461e-02 8.656043500339924424e-02 7.251907228688676543e-01 1.064917180355917231e-01 -1.617577030413526131e+02 2.798859074945392322e+01 -2.942805546150042417e+00
1.311929115707291928e-04 -2.774293614586652801e+00 5.730858611663391944e-02 5.361604946620774498e-02 7.267543814302092064e-01 1.103023144707345332e-01 -1.617724636326747145e+02 2.817349545659320142e+01 -3.092433809234740316e+00
1.305871664316507030e-04 -2.778921516181214635e+00 6.156055307001828680e-02 6.268707983121736937e+00 7.328259317859445732e-01 1.209383525200735249e-01 -1.613861968730634544e+02 2.805899657284033211e+01 -2.972202825099106605e+00
1.296313675840090544e-04 -2.786267673515025578e+00 4.068243685289774092e-02 6.220190826708076770e+00 7.341157077024280664e-01 1.078678232815948324e-01 -1.617593664559917670e+02 2.820948435498982221e+01 -3.091888139337406471e+00
1.300957017692173023e-04 -2.782692114902216574e+00 3.765730020127022737e-02 3.267836517507678295e-03 7.464642712020665982e-01 1.021351385217739716e-01 -1.614889716706738909e+02 2.826350603776689496e+01 -2.899897092408263433e+00
1.236536126641935105e-04 -2.833478251578761320e+00 6.445403423923978803e-02 6.282097511538691670e+00 7.147485871037683181e-01 1.245922262695191018e-01 -1.612936030449251348e+02 2.771794101382296560e+01 -3.038058414798213036e+00
1.253319910137249229e-04 -2.819996317307415623e+00 5.756936227006193008e-02 5.406733541866059339e-02 7.345689811105254874e-01 1.163478166471772907e-01 -1.613363952339683465e+02 2.797706619750622892e+01 -3.023064870188147957e+00
1.345958442080846178e-04 -2.748685920366661151e+00 5.840698949369793613e-02 6.264548775061008712e+00 7.357236971622662658e-01 1.094403216059712525e-01 -1.621433516122909850e+02 2.776063031657421831e+01 -3.031122340243888047e+00
1.413490298077907349e-04 -2.699730241617042559e+00 6.431862426285595014e-02 6.256690620990495333e+00 7.282098896626627571e-01 1.175379832733282753e-01 -1.608842896136138734e+02 2.763423797356157152e+01 -3.012388130000866582e+00
1.264975652507588160e-04 -2.810739401022199768e+00 4.851808190865514181e-02 6.229574237251215507e+00 7.162847366321171139e-01 1.137174328375699373e-01 -1.600952553803898013e+02 2.786399440639203462e+01 -2.950987770824163192e+00
1.287756889308406248e-04 -2.792890416657290320e+00 4.732281524059278599e-02 6.246318056105999439e+00 7.240026947905000565e-01 1.099167199633163117e-01 -1.624714342711701534e+02 2.783234393839573073e+01 -2.863490856457291400e+00
1.332042977379781733e-04 -2.759078439089057255e+00 6.887247458118828103e-02 6.260508220962316628e+00 7.337995513878384779e-01 1.147387188782383605e-01 -1.615424842979216464e+02 2.814603154169270738e+01 -2.936127874741711885e+00
1.294182942771285576e-04 -2.787912712179817731e+00 6.058281978104151921e-02 3.246423798550733542e-02 7.268784226613208554e-01 1.232567295709291605e-01 -1.616988966267578576e+02 2.782934804481029900e+01 -2.901889876244454491e+00
1.274219834575734467e-04 -2.803458179110704052e+00 4.540650637968279835e-02 9.552830163652606399e-02 7.249858358576325434e-01 1.121754389667932172e-01 -1.611981271671469926e+02 2.801360234390953963e+01 -2.918788680022519344e+00
1.273200393666057808e-04 -2.804258550366927949e+00 3.904803181396776512e-02 3.439585913021870472e-02 7.366010940835616694e-01 1.106900777925892559e-01 -1.608631722796478698e+02 2.765538297109532095e+01 -2.884461203103345639e+00
1.239029005694599684e-04 -2.831464263045215812e+00 4.009367455313361805e-02 3.070408249112286866e-02 7.287417559212986395e-01 1.124509133840242842e-01 -1.612663253516595319e+02 2.840457146265135080e+01 -3.101554469326610608e+00
1.334359198344184849e-04 -2.757341100612451523e+00 3.086647759557004100e-02 6.282788455608409706e+00 7.419226854692153594e-01 1.048473442406731432e-01 -1.604797502087489534e+02 2.813913099958842423e+01 -3.022480771494491236e+00
1.339817825307461244e-04 -2.753258622529358046e+00 2.966124640988332395e-02 6.236974869522714293e+00 7.261234636999743808e-01 1.077471276636760428e-01 -1.616444686271314595e+02 2.834674861449454397e+01 -3.038486625642573102e+00
1.425010613842479551e-04 -2.691613013983490177e+00 5.661607243710187198e-02 6.267528291249567118e+00 7.110391420904619286e-01 1.200325829654657339e-01 -1.613698971126929109e+02 2.787911764176731566e+01 -3.028030260109515481e+00
1.502719457923214663e-04 -2.638515837379915574e+00 4.976669502678576773e-02 6.248683357154786400e+00 7.163142850616464052e-01 1.112952314421508659e-01 -1.613369560855939540e+02 2.780286127437886634e+01 -2.867790526301026155e+00
1.237009335577387615e-04 -2.833095635654812927e+00 4.656969884989958786e-02 6.249451952746240657e+00 7.282034811293395249e-01 1.181554579699116980e-01 -1.617420295866418769e+02 2.767421895637745166e+01 -2.964947709146810162e+00
1.238958578609371860e-04 -2.831521105206722844e+00 4.987676021444853447e-02 6.272355024241912602e+00 7.307032716117412008e-01 1.171933140345161606e-01 -1.622005533285166621e+02 2.817762805519025093e+01 -2.931171865639172758e+00
1.357273713775571621e-04 -2.740314210407136741e+00 6.287593787516398969e-02 6.253469415997590097e+00 7.409720628299960588e-01 1.079475651603576947e-01 -1.613678849102726645e+02 2.782560716273840740e+01 -3.004425673419053311e+00
1.262161384369628065e-04 -2.812966640194634937e+00 6.506284214814950229e-02 6.249570597402440697e+00 7.257574935442219211e-01 1.242431796376753939e-01 -1.615820184170435709e+02 2.787178333644302342e+01 -3.001838673975896654e+00
1.329011591623987761e-04 -2.761356774229103639e+00 5.180414627918827897e-02 3.502175875851878950e-02 7.424383743175643202e-01 1.082595574739317196e-01 -1.607243353130434116e+02 2.769211033276336309e+01 -2.972015451501903271e+00
1.243338361425140495e-04 -2.827992286965773427e+00 4.885473810020435348e-02 6.228695997672495821e+00 7.243152044900903475e-01 1.168373566327472052e-01 -1.621934403700980738e+02 2.821584147880118465e+01 -2.967919061385564383e+00
1.583457473710111639e-04 -2.586181545233416923e+00 2.395226650097947996e-02 6.280930086776344012e+00 7.302222561677988999e-01 1.075804003317999136e-01 -1.610237991912995881e+02 2.785011307613194376e+01 -2.972962318484961841e+00
1.431804552809698742e-04 -2.686856702231499305e+00 3.903762688844292228e-02 8.210560895766927381e-02 7.319528608156038452e-01 1.021162075124694563e-01 -1.608243239938862530e+02 2.823336529212100388e+01 -3.090584111119836663e+00
1.243707912929884125e-04 -2.827695105919104446e+00 4.713340023215739638e-02 5.146392010887445440e-02 7.254272926892784135e-01 1.038945000516580675e-01 -1.616674649333430693e+02 2.765661737320490587e+01 -2.893127513525168837e+00
1.341678225481543767e-04 -2.751871038555825155e+00 5.598865701957755903e-02 3.260587273682479664e-02 7.171219634243807262e-01 1.191880467983976594e-01 -1.610815481319281162e+02 2.803278344311632608e+01 -3.116864611355496528e+00
1.304241712249554620e-04 -2.780170467505291398e+00 6.783809376109306566e-02 6.268688358898628188e+00 7.300027624638277812e-01 1.156074532817827766e-01 -1.621711302159924912e+02 2.799778197370317301e+01 -2.982567113052043695e+00
1.280204425928495337e-04 -2.798772503050640292e+00 6.482143766847536792e-02 2.978572801704782932e-04 7.383021467390266102e-01 1.141069157688884839e-01 -1.614431432296992170e+02 2.792662713652088868e+01 -3.030974233682499630e+00
1.340313870843644307e-04 -2.752888457479219397e+00 5.720716075277876289e-02 1.250252013580480624e-02 7.187929458247480641e-01 1.188819589362180018e-01 -1.605079968039634650e+02 2.776100619683441550e+01 -2.793078203140368920e+00
1.302170020071575867e-04 -2.781760156953490437e+00 2.786406195760304794e-02 3.097993306961891249e-02 7.269196301466649413e-01 1.079664070852418556e-01 -1.617772114710285223e+02 2.826114347616665157e+01 -2.903193176702602685e+00
1.245421769298584607e-04 -2.826318032919035605e+00 4.002098985858926206e-02 6.280341483374424882e+00 7.188447440831692292e-01 1.051260891466683500e-01 -1.608159048496584660e+02 2.839701663448124336e+01 -2.951323478251506316e+00
1.305315588142173398e-04 -2.779347434454382260e+00 5.262123261398388152e-02 8.528598258177455191e-03 7.157735177852296848e-01 1.176936463055332782e-01 -1.619637894001630798e+02 2.793501899225697827e+01 -2.824029284682993968e+00
1.299282569003870245e-04 -2.783980033852709202e+00 5.256595181624656998e-02 5.556990089728900545e-02 7.283568817761731928e-01 1.188447054357806149e-01 -1.607640189458961117e+02 2.770351961059142099e+01 -2.924227065073690568e+00
1.440414957848224831e-04 -2.680861038738203916e+00 5.162021302776220733e-02 6.262630427173450975e+00 7.439911388199975661e-01 1.073933650183074573e-01 -1.611358052052651715e+02 2.775419242999382874e+01 -2.862576620326100496e+00
1.249625611272432225e-04 -2.822948280517098230e+00 3.891188171058479472e-02 6.253005722079939765e+00 7.252052697514084212e-01 1.015125671700494725e-01 -1.608671930778757542e+02 2.773229289515011331e+01 -3.071335713547265200e+00
1.312733270157953039e-04 -2.773680846651127130e+00 4.650801466755249969e-02 1.795996816469092386e-02 7.194107271590250985e-01 1.163055279092551075e-01 -1.618193705541086729e+02 2.754845970337027694e+01 -2.953612901991378159e+00
1.248517907212247043e-04 -2.384052269897763310e+00 3.794196075609379548e-02 4.324852298300831815e-02 7.402608471100889931e-01 1.056979956601520609e-01 -1.615424519429380439e+02 2.813165501549874747e+01 -3.020290026361482916e+00
1.260648150198547511e-04 -2.374383449891960929e+00 4.969056389975634591e-02 2.752302710187966295e-02 7.352483470119233200e-01 1.042512387815688335e-01 -1.609557060899281282e+02 2.847245498196593161e+01 -3.046691275217709993e+00
