weight logl shared_params-g1 shared_params-g2 shared_params-theta_int shared_params-vcirc shared_params-cosi shared_params-r_hl_disk shared_params-flux shared_params-dx_disk shared_params-dy_disk shared_params-vscale Hb_params-v_0 Hb_params-I01_spec1 Hb_params-I01_spec2 Hb_params-I01_spec3
0.000000000000000000e+00 -1.681707862237522844e+06 -2.306749563970766914e-02 6.366799440163059542e-02 2.500133204442402501e+00 1.488166003863599656e+02 1.482455433890237373e-01 1.937215723738356266e+00 5.972324863947825691e+00 -3.660675629189897862e-01 -7.778486163658735464e-01 7.381958961613329651e-01 -1.727871010898807071e+02 7.294881557806044157e+02 2.687805067777641170e+02 2.410609066924359638e+02
1.061541417589609748e-04 -1.569274551935777708e+03 -1.150643522743911573e-01 -5.638111664581559046e-02 -1.969931199667557475e+00 1.277274932942253400e+02 9.719832316181313825e-01 6.248916466763012600e-01 4.721451660063618050e+00 -1.695925119354111388e-01 1.413056097839660019e-02 2.529652132011078053e-02 1.251193996210105297e+00 8.512439420610418139e-01 8.545676000852209242e+00 2.815796165048456601e+01
1.060733759980734550e-04 -1.569275313060118606e+03 -1.221042294491436753e-01 -5.287591834931683332e-02 -1.444814421104005708e+00 1.677116214799016802e+02 9.728188291183401670e-01 5.904433843019014638e-01 4.717479088195313253e+00 -1.384373126480999971e-01 -4.903944681249106097e-02 2.547884572077699361e-01 8.818607651917318435e-01 3.647352984390339614e+00 9.259828770252443775e+00 3.061479403555411594e+01
1.130726869219618620e-04 -1.569211413282134799e+03 -3.629615268239835824e-02 -1.308358544762304176e-01 -1.845546244567825900e+00 1.469142193886586369e+02 7.649703529102001021e-01 6.581863995072523288e-01 4.706113321461508292e+00 -1.746826746033591782e-01 -8.591347416795125369e-03 2.000552500912275100e+00 -3.364194529533051536e+00 4.285874580335691242e+00 8.385311058427880937e+00 2.859978062427659395e+01
1.182549730620746246e-04 -1.569166601059168443e+03 -1.132592603478063120e-01 -1.201902319218871029e-01 -2.112588258680769826e+00 1.367246920092403286e+02 9.282917569499632426e-01 6.158021828699875577e-01 4.720635836871640123e+00 -1.630812702258366276e-01 2.001298637759885146e-02 4.158319821348392398e-01 -3.235337729212346858e+00 3.707074756490458256e+00 9.394538952638420426e+00 2.592242259230437185e+01
1.043893959490071490e-04 -1.569291316042229255e+03 -1.029770469646331121e-01 -9.425671038524313650e-02 -1.636980250560312600e+00 1.178869789159824819e+02 9.013852713827064100e-01 5.969256152534905269e-01 4.707947985729184381e+00 -1.410987556389078357e-01 -4.030184336822761892e-02 1.968244365532649809e-01 -6.810798253068298891e+00 1.707973023232334242e+00 8.617474151876969302e+00 3.676105672464780127e+01
1.339795093883572861e-04 -1.569041757267903449e+03 -7.018882394071317143e-02 -7.241212863184799675e-02 -1.514803044706218182e+00 1.108132416540639866e+02 8.723714234026106462e-01 6.136977364116916744e-01 4.707863447661072342e+00 -1.512418232419563413e-01 -5.528568220720986304e-02 3.034674207690323811e-01 4.238527442660824818e+00 2.366865133517470632e+00 7.954941903511203449e+00 2.980268252716344790e+01
1.027005472085964718e-04 -1.569307626696005173e+03 -7.178097257118347396e-02 -5.566851989684495905e-02 -1.444306986026532735e+00 1.178299453803049488e+02 8.164576754353983779e-01 6.362765709061828368e-01 4.707834773282234764e+00 -1.316749520664235451e-01 -5.378037406964031319e-02 5.265497349075484168e-01 -1.536761092593167177e+00 3.741668497836192486e+00 8.916897571106696674e+00 3.397146614815105181e+01
1.124779665356518755e-04 -1.569216686791703069e+03 -1.367399515408924404e-01 -1.219982092260484263e-01 -1.996619969626866720e+00 1.142209757242483050e+02 9.175404664739496008e-01 5.963530196484914114e-01 4.710535917065061362e+00 -1.748275703792330216e-01 1.585500563929942430e-02 4.412372134938966073e-01 7.844262724149245969e+00 2.694429154026622975e+00 8.127441400561430385e+00 3.604673341167264056e+01
1.637706899991449641e-04 -1.568840976923475864e+03 -9.259739631027902318e-02 -6.456152689773905773e-02 -1.867304394930397793e+00 9.935144327607908110e+01 9.108468537875772375e-01 6.040172020959491128e-01 4.701114230672908789e+00 -1.633970251890646264e-01 2.232732758688915631e-02 1.771457060472680922e-01 -4.504234032271000387e+00 2.753238209651676094e+00 9.867006509427733718e+00 2.884679969619685735e+01
1.087740067924406053e-04 -1.569250171743428382e+03 -1.160963053817941903e-01 -1.228256443772878514e-01 -2.190777753932116045e+00 1.183387887993910397e+02 9.471901038889622981e-01 6.008406381315238853e-01 4.715533527886369924e+00 -1.532623679800053651e-01 3.715650505192003017e-02 9.274788842532956379e-02 -5.963316122836999966e+00 3.719920037646207156e+00 9.785948390186650414e+00 3.112131895134096027e+01
1.100309626339350365e-04 -1.569238682336474312e+03 -1.016791799288421783e-01 -8.883232205138374971e-02 -1.746278653599161013e+00 1.156757490089295857e+02 8.700709685406506910e-01 6.244390402713666521e-01 4.716985305915301296e+00 -1.573629544696699689e-01 -1.420807102685150980e-02 4.899015437815308349e-01 -1.154479704344495872e+01 3.307021206407578795e+00 9.099392753722291616e+00 3.523759929768566224e+01
1.099109396231870200e-04 -1.569239773743081514e+03 -5.476458651120905130e-02 -9.514023848218511326e-02 -1.606455076313894281e+00 1.201805738929726601e+02 8.522986864515567085e-01 6.200622323045941187e-01 4.706548239242215104e+00 -1.799212325717201022e-01 -4.560013091889314474e-02 6.706461748908183473e-01 -6.656490111573305057e+00 3.616125844607687156e+00 8.460185984597302422e+00 3.590340548706083723e+01
1.068365159740709966e-04 -1.569268144363191595e+03 -8.803456500449211020e-02 -1.008526884252552297e-01 -1.869534098495132524e+00 1.319034816695324253e+02 8.660454691896016799e-01 6.115713507733311349e-01 4.706732934623931719e+00 -1.632424932035283494e-01 5.092617196541526781e-03 4.908743521119850461e-01 -7.603124162117126161e+00 2.177092898792309938e+00 8.859185247298672294e+00 2.394372211567852204e+01
1.052990015525186076e-04 -1.569282640203986830e+03 -1.045353513603843043e-01 -9.071115460167067379e-02 -1.736446253615618218e+00 1.104211062726860604e+02 9.508180022766640205e-01 6.246950631580590052e-01 4.718210736215842971e+00 -1.400585924592681053e-01 -2.360563823324435262e-02 2.625878813889043206e-01 -8.381670259704804948e+00 4.247085487656954150e+00 9.331227302204702312e+00 3.344999854548503038e+01
1.049823346639231527e-04 -1.569285652046442010e+03 -1.398039462560239643e-01 -1.110795330618243870e-01 -1.817828493718718352e+00 1.289395938273449644e+02 9.668833807854397833e-01 6.070544705967475529e-01 4.701726872214483599e+00 -1.500028631430994075e-01 -1.523981892306869312e-02 1.626329481001018706e-01 4.228542158687304209e+00 1.708881306536125244e+00 8.919637483420505220e+00 3.288154123706721066e+01
1.113931221276589335e-04 -1.569226378555888459e+03 -1.338617439743314819e-01 -7.651334118467413570e-02 -2.176461580184483768e+00 1.164616989870495019e+02 9.657917126359142346e-01 6.032907971104699563e-01 4.712647070497787638e+00 -1.418244896482980799e-01 7.494972394943522076e-02 3.017072265604667236e-01 -4.051655330420913970e+00 1.361915990262474452e+00 9.577364455196523352e+00 2.645556555432582257e+01
1.170430690443611816e-04 -1.569176902162597798e+03 -1.362167453273424034e-01 -7.446335991582021807e-02 -1.782688706928087008e+00 1.142818677873891176e+02 9.422301731262628932e-01 5.882787897687670187e-01 4.698503192055719424e+00 -1.743718614825766622e-01 1.338439358502152565e-02 4.958863593939765724e-01 1.204548122692131074e+00 3.268904081083490176e+00 9.266661827883604374e+00 3.146758079595091218e+01
1.161226910201299488e-04 -1.569184796827785703e+03 -1.012997283115342068e-01 -8.175086703224565543e-02 -1.827734596118660404e+00 9.314071073679069457e+01 8.861208125681243608e-01 6.297779132276349889e-01 4.714760092161650817e+00 -1.790028165511396985e-01 4.328908423182786791e-03 2.649375301812300632e-01 4.696596210647555836e+00 7.086721315437971569e-01 8.902305443080349434e+00 3.374405253389345205e+01
1.115198788490790968e-04 -1.569225241280498267e+03 -1.012040868070201716e-01 -6.681947180167921441e-02 -1.613876765767436439e+00 1.232520561634243847e+02 9.173936383908455339e-01 5.913529176116036901e-01 4.699666083013216422e+00 -1.566282683521198482e-01 -2.889763978136561384e-02 1.972610477690431297e-01 -1.101314822420047790e+01 3.015408422299969970e+00 8.058222475676558361e+00 2.450447283419165956e+01
1.164358797986673967e-04 -1.569182103407656996e+03 -1.070506768784679485e-01 -6.063238788805520862e-02 -1.723420904653082397e+00 1.199707040073674165e+02 9.351540592369652627e-01 5.863106404935222171e-01 4.700152070799394011e+00 -1.635946069155354010e-01 -1.725532208617130969e-02 8.817152780557737657e-01 -6.041300147945577237e+00 3.873654059025732899e+00 8.986176335292528350e+00 3.142132125208485505e+01
1.098081886177698977e-04 -1.569240709037279430e+03 -1.412043281239679648e-01 -8.158156286909068466e-02 -1.908633390806155683e+00 1.235022702052222314e+02 9.501754747769002307e-01 5.742924238467568276e-01 4.694832501165556948e+00 -1.592068634169030439e-01 2.441217039929122201e-02 2.205599685335266069e-01 -6.799385517779626298e+00 4.131819408941028726e+00 8.352149218044836232e+00 2.589177373684492522e+01
1.065558432719343083e-04 -1.569270774943452125e+03 -9.297404772353870528e-02 -1.089214024628481492e-01 -1.916118852769131298e+00 1.158980640753496374e+02 8.876463345964648033e-01 6.336563036309137420e-01 4.724010497642932016e+00 -1.626623933993662785e-01 1.800030317507839150e-02 2.041504916523634861e-01 -4.000841250685652994e+00 2.868806705665805090e+00 9.329116226560962843e+00 3.565585817199234953e+01
1.029273466521956492e-04 -1.569305420774120648e+03 -1.152533471260096531e-01 -1.100582830199548917e-01 -2.085429785030186611e+00 9.731329320394391402e+01 9.518426988711811143e-01 5.986539081971122833e-01 4.701534914184888336e+00 -1.718565709082633397e-01 3.580801966753988097e-02 1.778499160124294709e-01 -3.781407374424276213e+00 1.307650588178499440e+00 9.235589669474686403e+00 2.234110344988005181e+01
1.165857295722538296e-04 -1.569180817262611072e+03 -1.028391293571484233e-01 -8.792045447510565825e-02 -1.717432178989862557e+00 1.159774129029950700e+02 9.432174619709816632e-01 6.140599643807711505e-01 4.714518665558992794e+00 -1.632063148150055820e-01 3.713274555708245828e-03 6.867999642551381179e-01 -1.713217777917265039e+00 1.310472961378872370e+00 8.976460121880137422e+00 2.824471585329479950e+01
1.172222908006348034e-04 -1.568288857944133952e+03 -1.172873315236269004e-01 -7.005135181068906924e-02 -1.701945828179902920e+00 1.658120854329914948e+02 9.560183643497512929e-01 6.125710141021698529e-01 4.714101286139801061e+00 -1.652572359478661213e-01 4.565940363855602868e-03 3.661665128420478199e-01 -3.023229888848788960e+00 1.196578849204876782e+00 9.438059053894164663e+00 3.411904183182745953e+01
1.598334539357681105e-04 -1.567978797637530533e+03 -1.243231168199805947e-01 -9.190136815123189917e-02 -1.789783167078136117e+00 1.043513664316587750e+02 9.263328954992599007e-01 5.868866558320866567e-01 4.709355463459013791e+00 -1.734026136965556297e-01 -2.471560936833183675e-02 2.379090235267713183e-01 2.569378714180004408e+00 3.320150789963505211e+00 9.754841968149353448e+00 3.039037285113643705e+01
1.106917182220794674e-04 -1.568346180973629544e+03 -1.111060554085951391e-01 -5.204888528136029924e-02 -1.419249677748950278e+00 1.352053371321515840e+02 9.636031195326957288e-01 6.095117176344365673e-01 4.717455446424470900e+00 -1.553283555358357937e-01 -7.132530785187651823e-02 1.611525021427557824e-01 1.793978601249961002e+00 2.517495835330230136e+00 8.848502580325877886e+00 2.460305443516996959e+01
1.384716661246380163e-04 -1.568122264269755533e+03 -1.257286982440773693e-01 -8.169831856333562015e-02 -1.807582997201040653e+00 1.162050657105128408e+02 9.374088947862745380e-01 5.695661071037234624e-01 4.694371727275637340e+00 -1.590027337509154481e-01 -1.072750116122644926e-02 2.738848167529539523e-01 -8.903167419140999073e+00 2.504295966979763755e+00 8.968459033628972676e+00 3.682741666762212418e+01
1.064266325425864931e-04 -1.568385474146299202e+03 -1.009891005213165716e-01 -1.282401698221761199e-01 -1.993375717182137796e+00 1.457138573671682593e+02 8.643269235251103133e-01 6.295248489665898894e-01 4.707252411627615984e+00 -1.626424398783559155e-01 2.932119774997521411e-02 1.620347686499363338e+00 -4.656343944197800511e+00 3.882851872118120440e+00 9.187090497595695737e+00 2.884742180126453803e+01
1.193178682210339496e-04 -1.568271138904315649e+03 -8.177932625165286462e-02 -1.497720306756304687e-01 -2.008831616475688087e+00 1.420935415078719188e+02 8.298952203629123003e-01 6.311871384208764812e-01 4.701109867575681278e+00 -1.477501559595224556e-01 1.758340387969514751e-04 1.237468615099271974e+00 2.489170316626484691e+00 3.395453223342670412e+00 9.464752370042294416e+00 2.950741003482415437e+01
1.547727191716121700e-04 -1.568010972284853551e+03 -1.146376521015315120e-01 -1.043261125159182512e-01 -1.905565499060589474e+00 1.102848207863891190e+02 9.145894951402737671e-01 5.970036452877121036e-01 4.708222476685604008e+00 -1.628996591167468644e-01 1.500662588561896271e-02 9.026441707994184993e-01 -7.207788063324755967e+00 3.555675218799736470e+00 9.003823884529694510e+00 2.968475183143415208e+01
1.517780064399018981e-04 -1.568030511028384808e+03 -1.347398403529729005e-01 -4.155023667497746709e-02 -1.378281929927076099e+00 1.219545827872722299e+02 9.687055190643023561e-01 5.858472026535659349e-01 4.699608604647091958e+00 -1.337064336627995509e-01 -7.364237346184143718e-02 1.928277007855402070e-01 -3.712435081964883921e+00 2.462369827349819573e+00 9.440740080824294722e+00 3.513043252568181884e+01
1.985424097859952953e-04 -1.567761927269114949e+03 -1.086976129114092526e-01 -7.234269719881498972e-02 -1.590472044707582633e+00 1.348386157269498824e+02 9.269550395873495940e-01 6.017058501470280429e-01 4.710304364972810021e+00 -1.400544907384300153e-01 -3.379106539160359191e-02 4.369670136751334089e-01 -3.120153341551315407e+00 1.373414831674413250e+00 1.015527527060955393e+01 3.344853134307812326e+01
1.412242129014642145e-04 -1.568102581207906496e+03 -1.183893564272269494e-01 -5.636480719831046815e-02 -1.390458595950563758e+00 1.234853569081353157e+02 9.346913424370364432e-01 6.073750579425374330e-01 4.705837020707414275e+00 -1.608881623420281848e-01 -6.839315843982785026e-02 4.310086925671504643e-01 -7.325339855700121916e+00 4.051862496303737515e+00 8.610696031752574697e+00 3.402118361819606207e+01
1.557898606912893800e-04 -1.568004421945421200e+03 -9.921905676314766998e-02 -5.939666050209177484e-02 -1.618262977234077304e+00 1.439858717274652236e+02 9.430806166499421384e-01 5.943837741489284010e-01 4.708498433488653490e+00 -1.549368039684659859e-01 -4.948442735005786908e-02 2.281761943983796059e-01 -7.511754390766697043e+00 3.670088643664026762e+00 8.824724118123850047e+00 2.491409571181368676e+01
1.472396527346598520e-04 -1.568060868447727444e+03 -1.303481589253812634e-01 -1.285303113727623292e-01 -1.966791085941395067e+00 1.210714518476881096e+02 9.119364718500215794e-01 6.071146580126860481e-01 4.700363620416469601e+00 -1.508106652276293147e-01 -4.644932369362031466e-03 5.053486008388551332e-01 7.775883295346091018e+00 1.621429051919531794e+00 8.374771901532461982e+00 3.207365023551545136e+01
1.715216615773030586e-04 -1.567908220432533653e+03 -1.270008449787173865e-01 -9.126996705975784496e-02 -2.027859984138447036e+00 1.548612430485300422e+02 9.818823307091878450e-01 6.028730611211317036e-01 4.710849654253678409e+00 -1.590417403243566952e-01 3.085743688908459958e-03 9.576348609739503137e-02 8.525883515113463318e+00 3.234667496249676866e+00 9.629585030865417394e+00 2.809148574199549131e+01
1.394544197265302078e-04 -1.568115192190178277e+03 -1.015263894575739040e-01 -7.060571011261503049e-02 -1.827370769289422991e+00 1.356859773463250747e+02 9.709457238976678672e-01 6.151606203006925178e-01 4.719207364954011830e+00 -1.407776606860946522e-01 -1.694027481807802715e-03 2.086158395022904843e-01 4.199592793098645416e-01 2.506645851271804837e+00 9.888718535524976261e+00 3.688732296453544990e+01
1.204366875406617023e-04 -1.568261805797485067e+03 -1.332468020040125378e-01 -5.639941260533104517e-02 -1.999157810252322198e+00 1.538662304426289325e+02 9.793170268995499139e-01 5.792073916831048663e-01 4.705210026492569142e+00 -1.560849036890612496e-01 2.715353269632370115e-02 2.109633900811933582e-01 -1.027517146102951529e+01 2.558425410940867728e+00 7.997140956353843144e+00 3.585145272358125368e+01
1.035106994154193558e-04 -1.568413255014379956e+03 -9.794640383590483279e-02 -8.983885541964040100e-02 -1.474329010353306657e+00 1.177471499361501657e+02 9.174346541542743871e-01 6.230806982620986645e-01 4.712263468439587655e+00 -1.342935335956743081e-01 -6.159682827490930990e-02 1.417182593795680290e-01 -3.378552851323860295e+00 1.916409332969992718e+00 8.665612232096275847e+00 3.751077316661244510e+01
1.165249913436556682e-04 -1.568294824229765482e+03 -1.486419558695803445e-01 -1.186777269548775493e-01 -2.282287973037882889e+00 9.732610662349470942e+01 9.357955250238390033e-01 5.768249094475956795e-01 4.696640279268445184e+00 -1.263572749513772742e-01 5.087848731328215024e-02 9.738546391149474624e-02 4.217347342472521632e+00 1.062997511599217404e+00 7.896872675927091301e+00 3.025035069465853610e+01
1.077668253570639281e-04 -1.568372960129137709e+03 -8.231783459784799972e-02 -1.071287424043371461e-01 -1.725773132170514312e+00 1.119177128363065350e+02 8.353969920880202071e-01 6.214286759406904004e-01 4.698793342078872115e+00 -1.492290166097420823e-01 -7.780783917706424191e-03 4.471391721219022397e-01 -6.206902102021103929e+00 3.874602629286405531e+00 9.145284383188180044e+00 3.556692402606786629e+01
1.057375105982306419e-04 -1.568391970289875189e+03 -1.311023064735218069e-01 -1.208988738441213878e-01 -2.354876474609615578e+00 1.518642322863317702e+02 9.080538521880001657e-01 6.224388376044932558e-01 4.720919720081502291e+00 -1.425826369065665844e-01 7.436448095754966126e-02 9.119919814104555655e-01 1.337715547523146142e-01 2.295299326586675015e+00 9.003445100731921613e+00 2.590205120649480364e+01
1.873238921937057239e-04 -1.567820090835323754e+03 -9.955077560658184832e-02 -1.291912720177563478e-01 -2.018306063598235944e+00 1.532221905803297943e+02 8.913429972581459193e-01 6.162293349058693970e-01 4.705864357797564956e+00 -1.739436375185134942e-01 2.096314674996690997e-02 9.880801152298396284e-01 4.056080518749666908e+00 6.549363756588322261e-01 8.961107952934366239e+00 3.000939385698298167e+01
1.136949426933130992e-04 -1.568319411077359973e+03 -1.340655946007885124e-01 -8.973073333823521069e-02 -2.156219342227512215e+00 1.267923303059065603e+02 9.496747452012591628e-01 6.049466326570549501e-01 4.708304211966414243e+00 -1.247596547582281445e-01 6.133953201127728683e-02 2.523684091266990559e-01 3.871386741500003836e+00 2.501147689156102416e+00 9.079451438957054421e+00 4.108949187703969841e+01
1.048655187112367167e-04 -1.568400251242650256e+03 -1.190657181616252697e-01 -1.258219565404178619e-01 -2.216285250515870331e+00 1.542732591796871304e+02 8.980463936872192798e-01 6.134473548120884523e-01 4.698913219892896898e+00 -1.312714774135570472e-01 6.276120522650607825e-02 9.566209051083519599e-01 -6.656705546951968699e-01 1.683505723052869385e+00 8.782225624060613356e+00 3.232096897296165849e+01
1.065679015075490294e-04 -1.568384147642909738e+03 -1.151127550619244072e-01 -7.013345543174161201e-02 -1.782146046098040948e+00 1.306169539907813828e+02 9.685789927327576043e-01 6.102114764463100194e-01 4.705605617246182426e+00 -1.632961859037895813e-01 1.283786042439349906e-02 2.293264266842224564e-01 -1.972693353404338268e+00 1.577056261677700633e+00 9.032108434380848649e+00 3.587368231468079927e+01
1.348714039669396826e-04 -1.568148608236482914e+03 -1.435647023188793836e-01 -1.080031549024231263e-01 -2.180910627364091692e+00 1.289184389407387243e+02 9.550061884620865138e-01 5.793741631106876788e-01 4.705208049950557303e+00 -1.535409400263632040e-01 2.208332861271111724e-02 3.218983456841725266e-01 7.416133525344633881e+00 9.133285996162365805e-01 8.509358169982995435e+00 2.730718992128411315e+01
1.360814998034217673e-04 -1.568139676028226859e+03 -1.488998950557622047e-01 -6.534412174300430198e-02 -1.884712104378496011e+00 1.352191000036203548e+02 9.830359181655649037e-01 5.639743334548179554e-01 4.694372626087055522e+00 -1.482245386149516619e-01 2.187961041785468908e-02 1.083903185751244891e-02 -6.603447046952481969e+00 2.475292846415899639e+00 9.278179247037886768e+00 3.783156514028807038e+01
1.064827547402589120e-04 -1.568384946953020517e+03 -1.167528418588320849e-01 -1.073776787394304655e-01 -2.177073938512823936e+00 1.652567117777699366e+02 9.339426542107412965e-01 6.247103920730396887e-01 4.721974838599219737e+00 -1.308938588956258808e-01 4.036193828427814267e-02 5.855741573656108034e-01 7.025054653769728930e+00 2.827773876670103270e+00 8.173160907720355084e+00 3.344931950996699044e+01
1.118506098301461738e-04 -1.568335765857601473e+03 -1.262374033983513222e-01 -9.840177466702298981e-02 -1.634034687745069325e+00 1.287275319618652816e+02 9.762848377689936630e-01 6.126549108578236424e-01 4.714535336516403774e+00 -1.340915231311661238e-01 -1.427820300382309782e-02 5.706153989565069390e-02 -5.450062466794094007e+00 2.037270404977920002e+00 9.082500347620259262e+00 3.437687812635093110e+01
1.151765193406661443e-04 -1.568306464095418050e+03 -1.135575600726048129e-01 -1.062346633683046021e-01 -2.031070273124759851e+00 1.091940151555242267e+02 9.051042985383187522e-01 6.044479583119288790e-01 4.710485973626200362e+00 -1.554617288704023270e-01 1.881437642294758739e-02 6.603540436846847550e-01 -8.656253685165950174e+00 1.838778689193243387e+00 7.757594573739146071e+00 3.158492892785247363e+01
1.318350133041960024e-04 -1.568171378756136619e+03 -1.279982130888841496e-01 -1.145246799865421994e-01 -1.936210750973780259e+00 1.326772914200921321e+02 9.643290600456609907e-01 6.213494963823158468e-01 4.718850956068409985e+00 -1.776780581424604044e-01 -4.462911147306458659e-03 8.790324782629124756e-02 -5.815069476094265610e-01 3.572123539812843696e+00 9.130780662764404809e+00 3.041482397519723690e+01
1.210482388970542220e-04 -1.568256740863016603e+03 -1.401769259820049573e-01 -8.182537262821036605e-02 -2.293294045903789158e+00 1.124689402998542676e+02 9.678885689086097477e-01 5.812541353942062283e-01 4.702622469352501611e+00 -1.395210421772681286e-01 4.588927025535327608e-02 1.429369372229844226e-01 -1.172277168223217814e+00 4.943315163798978062e-01 9.214748071330713941e+00 2.396228793315868799e+01
1.083233398561555058e-04 -1.568367809355811914e+03 -9.784420839347102161e-02 -6.427220691867559232e-02 -1.545568872576180475e+00 1.082036039529269686e+02 9.388775754464047107e-01 6.012516428697829429e-01 4.700385436183693422e+00 -1.650142312467339778e-01 -3.654049139802761914e-02 3.991459841463706332e-02 -5.701600806843686087e+00 2.717625833850934036e+00 9.518649520769418615e+00 3.992352740840354386e+01
1.507399591112615702e-04 -1.568037373770574959e+03 -6.303558306406584211e-02 -9.782503032385297947e-02 -1.818252448914657204e+00 1.252939813508621398e+02 8.312286758542311027e-01 6.303856112881291995e-01 4.701019625086282794e+00 -1.452333451279923526e-01 6.729681390279740327e-03 8.345655765182532493e-01 -4.882835820884196210e+00 3.381091470119446107e+00 7.836368178140262764e+00 3.194783648206323079e+01
1.091241506217844074e-04 -1.568360443767141987e+03 -1.083921758730581886e-01 -7.870185972232972282e-02 -1.773232550928460105e+00 1.262059130282919881e+02 9.371836302939512420e-01 5.831964375578998494e-01 4.707932837087748901e+00 -1.475689510830076046e-01 -1.048968346349488101e-02 2.727032953116244052e-01 -3.616861977673892170e+00 1.134448268869880927e+00 8.663732138535662486e+00 3.561614651510313934e+01
1.518841265413752224e-04 -1.568029812092994007e+03 -1.405654202783371554e-01 -8.175585248252169313e-02 -1.925929895330790842e+00 1.300912719841044805e+02 9.608215034195654036e-01 5.955027398651013826e-01 4.703388944741588418e+00 -1.524545945147983694e-01 1.906586763588924427e-02 6.594663345704852020e-01 1.479601490499078409e+00 3.999699249173982452e+00 7.967706423681164551e+00 3.178377145296640194e+01
1.270091492704883884e-04 -1.568208670872373204e+03 -1.300188736227840258e-01 -9.415075502256595175e-02 -1.942539878175376211e+00 1.352698820340538362e+02 9.326914465086078021e-01 6.161060813897796251e-01 4.716442060880490672e+00 -1.528139406328024030e-01 1.128441419346093433e-02 6.847563583728219494e-02 -1.865186545930527018e+00 1.136565277347956204e+00 8.803613831396273071e+00 2.438759257786216139e+01
1.871578151804672338e-04 -1.567820977805345819e+03 -1.212244214405636400e-01 -1.165479757644140302e-01 -1.989438885995677531e+00 1.494996037823312918e+02 9.538443549753026218e-01 6.179411686278633020e-01 4.714471040171832605e+00 -1.290388408246792018e-01 2.068470619537277067e-02 3.454755742626265391e-01 3.873182578848371804e+00 1.845448318989362235e+00 8.926530638938888984e+00 3.321102362536132091e+01
1.714549121173860441e-04 -1.567908609668801546e+03 -8.761365588502514901e-02 -1.367777059660484906e-01 -1.984514668914085123e+00 1.007042529509557340e+02 8.615171659235412172e-01 6.508598045696676326e-01 4.722190564482898978e+00 -1.391379779350236934e-01 2.357670116179111375e-02 6.266711863400179494e-01 4.290604262666249724e+00 3.190454388317220946e+00 8.547016109350490609e+00 2.802023297835109972e+01
1.031200292183011069e-04 -1.568417036355763230e+03 -1.015885009345199597e-01 -7.715277324304699313e-02 -1.805158694298157007e+00 1.663546301587678329e+02 9.473081445318494165e-01 5.952495697794962792e-01 4.707635003675719076e+00 -1.291947490428937417e-01 -2.424428403162259826e-03 2.283544919238876814e-01 -2.404388199000720761e+00 2.104517942391970209e+00 8.610070066063958194e+00 3.364448740481229549e+01
1.053948404261449511e-04 -1.568395216315141397e+03 -1.384958851443369166e-01 -8.602733506053811263e-02 -1.651549120311537111e+00 1.230350074486184582e+02 9.367222402041923690e-01 5.721940607569311332e-01 4.690231982814582423e+00 -1.566004718777711524e-01 -4.407354775033134331e-02 7.919430810224245554e-02 -2.997724697875241873e+00 1.197389232710732720e+00 9.526045399191328755e+00 2.782077281854067508e+01
2.084360961357075977e-04 -1.567713297496830592e+03 -1.169451707715832567e-01 -1.088781413387196473e-01 -2.221135657351039683e+00 1.089296643985194493e+02 9.699132648869610573e-01 5.716212472750820117e-01 4.699123664730865180e+00 -1.581181438388497007e-01 6.146197891118410084e-02 4.765857953405794323e-02 4.460265470553395062e-01 1.901939509188710353e+00 9.499639648007040194e+00 3.930186792698508924e+01
1.123285106649973890e-04 -1.568331502288739784e+03 -1.136793032486888844e-01 -1.013311201413998053e-01 -1.719984604060212252e+00 9.824371215676650593e+01 9.323110722757138591e-01 5.935970672658978931e-01 4.711565190445551110e+00 -1.461304970536096981e-01 4.304894260236169501e-03 1.135278272028606011e-01 -3.087914093564876339e+00 1.626024595256514438e+00 8.427600278325563465e+00 3.443489391816700618e+01
1.321260707397851387e-04 -1.568169173449588470e+03 -1.488682202540941579e-01 -1.109031327287274687e-01 -2.522677194494177044e+00 1.381546616633299891e+02 9.108553959965839386e-01 6.343485854177621786e-01 4.719233140908303703e+00 -1.237434575764411182e-01 8.507402030074318056e-02 9.527051567546145350e-01 -1.361939959764015384e+00 2.237173208995080209e+00 8.416849980473317672e+00 3.322240340522520086e+01
1.185072444964307194e-04 -1.568277955904039345e+03 -1.209000554828608687e-01 -9.588265184310229561e-02 -2.096699887682053287e+00 9.673683040015320955e+01 9.596298413559387619e-01 5.979411013261775043e-01 4.700876574460884250e+00 -1.643170072085289313e-01 3.337063698752884555e-02 7.003662646820750792e-01 1.490286652851779081e+00 1.751045989403010594e+00 8.813995130983244053e+00 3.476598736860147909e+01
1.322224827148459959e-04 -1.568168444018857144e+03 -1.145604084892576924e-01 -8.487957806948184802e-02 -2.113781803932910375e+00 1.620003976457433907e+02 9.119719892429053454e-01 6.180690161962070217e-01 4.710241312958464377e+00 -1.408080712029136095e-01 3.686639869260921465e-02 4.473013815616460609e-01 -3.614352024163366650e+00 2.350295417624770344e+00 9.111833322623663634e+00 2.722202188157296732e+01
1.527589057516496435e-04 -1.568024069098591553e+03 -1.460694117066276831e-01 -7.665999924214236816e-02 -2.272611838128884454e+00 1.325259104412939735e+02 9.627834138634679961e-01 5.857798947233958664e-01 4.707229115794300256e+00 -1.352158377199734751e-01 7.087711887648584508e-02 4.696924071205812456e-01 -4.700834404724247406e+00 4.842499366923824766e-01 8.855547181382149802e+00 3.310260842590406583e+01
1.126593193110714464e-04 -1.568328561606263747e+03 -7.076587343602709634e-02 -7.518104729949344478e-02 -1.749328648327602043e+00 9.897412210759975437e+01 8.864176985535419107e-01 6.395172054132831629e-01 4.707339034053051208e+00 -1.619727920139784061e-01 -5.977137694790357614e-06 3.619722240586623618e-01 -1.485544912722247091e+00 3.578616128378397931e+00 8.945243486298547708e+00 3.377743632642271621e+01
1.134877476544910992e-04 -1.568321235116823118e+03 -1.055872289035082456e-01 -5.461439551209401611e-02 -2.050021718744965860e+00 1.189965906611243867e+02 9.704314190535577866e-01 5.932406708642468107e-01 4.703979344276667973e+00 -1.398156078569363636e-01 5.659160869902279956e-02 1.340420490037783074e-02 2.680973049235433336e+00 3.237191228766089779e+00 9.287312304165240562e+00 3.321307699988107487e+01
1.141635066077971737e-04 -1.568315298308433512e+03 -1.047446469996783786e-01 -7.779075165877132048e-02 -1.459641630358609499e+00 9.495096964881219037e+01 9.267284937904796127e-01 6.069036770729878683e-01 4.716024908586977205e+00 -1.534700474356498479e-01 -4.339799529156507241e-02 1.748060066901568066e-01 -7.398547807900200723e+00 3.038781425138359360e+00 9.882394378447067140e+00 3.234957971501717111e+01
1.427619830269490780e-04 -1.568091751208577080e+03 -1.218133666269881621e-01 -8.108408776607663182e-02 -1.915623031098863782e+00 1.057201470334331219e+02 9.333687796363254741e-01 6.157306725637503586e-01 4.710542959737295199e+00 -1.702019325259027660e-01 1.677718368990355202e-02 2.146976138328234862e-01 7.056037937405790217e-01 3.269674646554254771e+00 9.386478488684568688e+00 4.182202051392891207e+01
1.067748347567926381e-04 -1.568382207728593812e+03 -1.439726412363939168e-01 -1.322729028729109080e-01 -2.415970452722969064e+00 1.170267991271608139e+02 8.985318008759545227e-01 6.103121949692149606e-01 4.706341007559775136e+00 -1.673248949531203067e-01 5.930111485036082541e-02 5.217003043861110356e-01 3.274468533822414429e-01 2.647744601339319104e+00 9.409133285205871999e+00 2.870778071371993434e+01
1.376767241893903820e-04 -1.568128021639046665e+03 -1.416743850060464549e-01 -8.569442689219637643e-02 -1.770383135441270017e+00 1.619087987807364186e+02 9.558766967055999375e-01 5.786806500102925632e-01 4.691776866253123401e+00 -1.871372436907328130e-01 -3.552657150288895949e-02 5.118243919353685500e-01 -1.767072225742509772e+00 2.936651671206602643e+00 8.895234563540466155e+00 2.906422398408381369e+01
1.839204310361248573e-04 -1.567838426773678066e+03 -9.527104526183538535e-02 -8.503583419134992660e-02 -1.622528488978928429e+00 1.251571271902606810e+02 8.765063072936292166e-01 6.260924617278971205e-01 4.716527367847013430e+00 -1.537129302054311975e-01 -4.087989375168010753e-02 9.702636100447213918e-01 -1.697571030333108411e+00 2.884409518963182428e+00 7.786262093744888979e+00 3.547519493620377062e+01
1.328009103474670622e-04 -1.568164078905691895e+03 -1.055345215723656888e-01 -1.181311912037966427e-01 -1.762794370336103977e+00 1.333766828160481737e+02 9.347606992821543281e-01 6.121812048774118997e-01 4.711929930012214385e+00 -1.596101215588301425e-01 -2.363613611036452511e-02 4.475001526797645068e-01 -8.712914440550264317e+00 1.567028199615960737e+00 9.616313084315430970e+00 3.200340316019190112e+01
1.083166878008457216e-04 -1.568367870766949864e+03 -1.352431667541012794e-01 -9.127447648734454688e-02 -1.615532935893802868e+00 1.557568425517073081e+02 9.439375426375024025e-01 5.831376429915153814e-01 4.701055144587238388e+00 -1.375037153424529812e-01 -4.258313271746305695e-02 6.091249806230367714e-01 2.610794383343858271e+00 3.560112512773883076e+00 9.707048094244052905e+00 3.046432282485267251e+01
1.149495173216104354e-04 -1.568308436945565518e+03 -1.181992046762935511e-01 -8.200528443403951040e-02 -1.831684452870699698e+00 1.307318835961457069e+02 9.687607812958105580e-01 6.135833033041200313e-01 4.717235996263525521e+00 -1.461807622329061029e-01 -2.023844796684537428e-02 3.414570104487901769e-01 4.717727548556041484e+00 3.637017056068225784e+00 9.016021770183236583e+00 3.683904257136649818e+01
1.327160454104538341e-04 -1.568164718148784004e+03 -6.600217497717687787e-02 -9.429654013743021812e-02 -1.723191742608229493e+00 1.240615502428224204e+02 8.694148753999031420e-01 6.204799709780434158e-01 4.704388853625191658e+00 -1.504183078992218370e-01 -1.296443686786208360e-02 3.693167523543872677e-01 -4.446882551031876574e+00 4.466996449436377858e+00 9.124359904085332929e+00 2.675261654618066132e+01
1.804342437410950029e-04 -1.567857563586940842e+03 -1.129820158739738289e-01 -7.772665002232037601e-02 -1.690839182077506608e+00 1.427415648440228040e+02 9.630145829785102807e-01 5.931969360961467652e-01 4.703793770678430519e+00 -1.551387294139070505e-01 -2.843837311896058040e-02 8.933561983447108057e-01 -1.730135439543715847e+00 2.294924902643713516e+00 7.788538387848875644e+00 2.757870183794430829e+01
1.350471012957567859e-04 -1.568147306381662247e+03 -1.057695919398351780e-01 -1.130520471475298661e-01 -1.830090959129134109e+00 1.528056699885147509e+02 8.970158466669521102e-01 6.065944272356962319e-01 4.709243231591741186e+00 -1.500681880529470824e-01 -3.013024310860012989e-02 6.117536191109146371e-01 2.277127480956636418e+00 3.969898540752359040e+00 9.022187245146806589e+00 3.026336208492852364e+01
1.148762380478476989e-04 -1.568309074639771097e+03 -1.261111269305287830e-01 -5.628475634113261350e-02 -1.732546448264619787e+00 1.468174807551392007e+02 9.692890218223249033e-01 6.181186283430502026e-01 4.710308814459772009e+00 -1.393388585276418290e-01 -2.640386200763078506e-02 2.115179489298533722e-01 3.667668176925843682e+00 2.900695791882790253e+00 8.840844007488746215e+00 3.338631580362938678e+01
1.220733776960036994e-04 -1.568248307677281446e+03 -1.387477821394872690e-01 -7.727921811336850577e-02 -2.549722835624406159e+00 1.228384302400665007e+02 9.634497387453483386e-01 5.909836964933592451e-01 4.708999902305595953e+00 -1.295238510863296888e-01 1.208182863378601812e-01 5.480876971494524907e-01 3.057866349296006092e+00 1.705567331872770431e+00 8.764188533332383457e+00 3.467129007554681408e+01
1.210649057380891762e-04 -1.568256603184898495e+03 -1.245189414813774181e-01 -5.294526512712517674e-02 -1.407247802595184005e+00 1.394025279128382238e+02 9.601634015042814774e-01 5.798478693296614805e-01 4.697017309077162750e+00 -1.333409185987899370e-01 -7.827805537748466769e-02 3.166927656001799485e-01 -2.655149439157696634e+00 8.654858008977361905e-01 9.235269879703800200e+00 3.033706894276944155e+01
1.204651676555686064e-04 -1.568261569351692515e+03 -1.362776069384220856e-01 -1.054243145557718919e-01 -2.248294779683232214e+00 1.026007574187943305e+02 9.563246469603853273e-01 5.954520087510831727e-01 4.714000286719318922e+00 -1.588814748495033236e-01 6.928029586706951903e-02 5.290504051152834508e-01 3.356380597710824532e+00 2.957452154467854477e+00 9.454964567282676313e+00 3.505482472143517469e+01
1.561049993756188079e-04 -1.568002401143978659e+03 -8.496545947172183533e-02 -1.410409523510496588e-01 -1.883930949511710029e+00 1.638572027462226401e+02 8.400439796607366283e-01 6.532634706238931166e-01 4.713587678042559403e+00 -1.424618560707324733e-01 2.017485581726763400e-03 1.074546316716501915e+00 -5.836458798417794469e+00 3.104359571623915848e+00 9.110232305281407150e+00 3.300108281100633434e+01
1.429086447150299736e-04 -1.568090724419774006e+03 -1.211726827414441043e-01 -7.546985377142932661e-02 -2.389713498022469462e+00 1.128560509899411812e+02 9.516867400023074630e-01 6.085526338332176710e-01 4.710416263383118363e+00 -1.549033150538976500e-01 9.276814149392009767e-02 6.136793950509207562e-02 -3.489909094004531198e+00 2.069171320910001555e+00 8.333360903728603830e+00 2.858787523836148381e+01
1.343233660044128341e-04 -1.568152679925689426e+03 -9.260248070185259084e-02 -8.305001028227800008e-02 -1.551091389487334604e+00 1.154476007919113414e+02 8.682213580380188089e-01 6.277038236322969311e-01 4.714766554743317073e+00 -1.525537957954021806e-01 -4.711754220794173165e-02 7.395792727036283321e-01 -3.759345678249189859e+00 3.288248606831301046e+00 1.000198002470520464e+01 3.057372386886558857e+01
1.138415436456138201e-04 -1.568318122484264904e+03 -9.601764855112457364e-02 -9.548089421261984899e-02 -1.571392445528798643e+00 1.369850324961288379e+02 8.833443208412815606e-01 6.078394994746222357e-01 4.702085216220089237e+00 -1.488495659017585737e-01 -4.313884292095249151e-02 3.916744304780506170e-01 -8.371803886315404952e+00 4.005113261684289938e+00 9.274414008687671185e+00 2.780834788189279294e+01
1.117877557198336546e-04 -1.568336327962514133e+03 -9.667977292743717976e-02 -1.228196492347899127e-01 -1.922065655103591508e+00 1.317780590454124194e+02 8.759095756065483629e-01 6.090255038691145817e-01 4.707254410470941508e+00 -1.635990990375266740e-01 8.180859293991593617e-03 1.501430085945258730e+00 4.986295655798983262e+00 1.900644115787608612e+00 8.096533150654394717e+00 3.119341249163420926e+01
1.223734657924190690e-04 -1.568245852433901064e+03 -6.904610785081520541e-02 -1.071235020006637145e-01 -1.691726624365651022e+00 9.857072987633783612e+01 8.702915007704097317e-01 6.245055635805631944e-01 4.707717871919669506e+00 -1.405821215594027507e-01 -4.486213174077335886e-02 5.011992542897296676e-01 -6.902426432757522434e+00 1.156198421946252886e+00 8.705992919974093525e+00 3.338608515662422604e+01
1.174315411981679939e-04 -1.568287074462047030e+03 -1.016271642761290422e-01 -9.716995354223897929e-02 -1.859078989574978413e+00 1.254429512608697337e+02 9.407732402583139919e-01 6.043251704292137427e-01 4.709197283289455527e+00 -1.877395672123314263e-01 -9.688016663270015982e-03 1.086223721380419061e-01 -5.336563703025944960e+00 7.228709712844283430e-01 9.369567977445703022e+00 3.063174169520943479e+01
1.687231387476929585e-04 -1.567924670858445779e+03 -6.974218700276879623e-02 -8.669141148299545907e-02 -1.799280372006016426e+00 1.175423773849843201e+02 8.969555909316502262e-01 6.171310716148528108e-01 4.703056500678876262e+00 -1.637405548162098601e-01 -2.830856538967641001e-03 8.547276530640152137e-01 3.306551201046971755e+00 1.285273727155700207e+00 8.570003411966453655e+00 3.419510473336417533e+01
1.734691307187515128e-04 -1.567896930335109118e+03 -1.211323637603660824e-01 -7.145824747622116224e-02 -1.854974548480123220e+00 1.085869588634483165e+02 9.552459584793847602e-01 6.124293408955118201e-01 4.710648422497532017e+00 -1.351676765259002266e-01 1.750668621567941230e-02 2.387514958549695199e-01 4.700169269026133634e+00 1.636946951728446287e+00 9.670115631152054192e+00 2.856077106561350121e+01
1.500798189925884934e-04 -1.568041762718552491e+03 -9.846968364876346191e-02 -1.029057777430566478e-01 -1.636655664025946644e+00 1.379936559070625037e+02 9.145898681429727173e-01 6.063446270452970133e-01 4.701090403631787318e+00 -1.440875569656925315e-01 -3.952341641216916557e-02 7.492372329417905652e-01 -9.776915043406603445e+00 2.662018456252135401e+00 9.287940681629414996e+00 3.566340456076988374e+01
1.126470656284165678e-04 -1.568328670379769392e+03 -9.421417659879421924e-02 -1.247798742372068226e-01 -1.955848738338478165e+00 1.540889696782495548e+02 9.226655977536480924e-01 6.057503070628810216e-01 4.708202004128942519e+00 -1.384164623073633749e-01 1.514142745747304453e-02 8.360522148214531990e-01 -1.182953411049908254e+00 1.546484641354317624e+00 8.499995164688801452e+00 3.058612192430787502e+01
1.690529283548371708e-04 -1.567922718146314537e+03 -7.849655808812452951e-02 -9.339013398611953343e-02 -1.901568264653680007e+00 1.473033186795372558e+02 9.046856899266105811e-01 6.208539938987331919e-01 4.710637640108343405e+00 -1.635633515308940744e-01 -1.227170214869377496e-02 8.195208303218014523e-01 1.370626765973497641e+00 2.963132044722871505e+00 7.994831319571238382e+00 3.004778264559426759e+01
1.229425560360526400e-04 -1.568241212775551276e+03 -1.415669066193274983e-01 -1.109807449890449771e-01 -2.095427598459408181e+00 1.168250080902025871e+02 9.355147571050185240e-01 5.905197524258027908e-01 4.697865843805320019e+00 -1.462797854218669258e-01 5.229302354655351870e-02 5.180088461383871579e-01 3.683216672388851975e+00 1.558189878758997615e+00 8.836623109114484009e+00 3.929289892785270411e+01
1.373602901121986138e-04 -1.568130322669092493e+03 -1.003512507224340322e-01 -8.741907391714116848e-02 -2.166604271809281279e+00 1.441294538064323945e+02 9.638696913606425998e-01 5.950674745029618240e-01 4.713685357738108372e+00 -1.375293206889709463e-01 6.123849019996319143e-02 1.450329328376865623e-01 6.188343962092915262e+00 2.269966291840064265e+00 9.606278946973079158e+00 2.952182517773904635e+01
1.436024233692987100e-04 -1.568085881465434340e+03 -1.023731629512646402e-01 -1.332453731403329955e-01 -1.978677454517051792e+00 1.183693088294809570e+02 9.035863969554945863e-01 6.022242178669470203e-01 4.710065066615884533e+00 -1.470511399854723678e-01 2.199532170350582128e-02 2.049388286905048373e-01 -3.748347011413471819e+00 2.152850793128657791e+00 9.140475681918335482e+00 3.100267654542998486e+01
1.957509196590221550e-04 -1.567776086964746582e+03 -1.166393662404573289e-01 -7.642594747049720472e-02 -1.596744260982366326e+00 1.343068978896171188e+02 9.441131863673639657e-01 6.196399842413686798e-01 4.714095987185092262e+00 -1.330985682711340878e-01 -3.371860699751416668e-02 2.047199386569541757e-01 -9.894152026693063817e-01 4.621267290726094323e+00 9.291702899297815677e+00 3.487466695373409209e+01
1.231360146726260781e-04 -1.568239640442975769e+03 -9.723423037704878591e-02 -1.030747350257818357e-01 -1.824470941209829444e+00 1.228957187076449742e+02 9.451137213639509982e-01 6.200898092362533420e-01 4.716795781411946109e+00 -1.633060138824127261e-01 -4.190361049815738426e-03 2.976014271490695084e-01 3.643941571717135730e+00 2.980587711428395181e+00 9.035045553233423732e+00 4.023503953935547628e+01
1.177213763366655999e-04 -1.568284609382827057e+03 -8.649531690771629366e-02 -6.890701777877593359e-02 -1.452226779342721263e+00 1.099114159114378566e+02 9.181461363469526349e-01 6.000743324240074283e-01 4.701304945548683278e+00 -1.498110015627767133e-01 -4.420795683648881536e-02 4.550517551172838515e-01 -8.159361057392999328e+00 3.448133540310371892e+00 8.646753828927987939e+00 3.748714155976651341e+01
1.141190835777379883e-04 -1.568315687501762568e+03 -1.167956971642608865e-01 -8.711650723217280456e-02 -1.807497149809301318e+00 1.286859579736174055e+02 9.420965623986454762e-01 6.071149488085807455e-01 4.710390927251223658e+00 -1.487648209684979683e-01 -2.539056662097971540e-02 2.470066321474881921e-01 9.138484314483861226e+00 4.200321916584814907e+00 8.719387462702400171e+00 3.349904521787772183e+01
1.043767112796445087e-04 -1.568404923419206625e+03 -1.120917096981638855e-01 -9.526801615372726406e-02 -1.965131073214187563e+00 1.107496260733152411e+02 9.123110693847443775e-01 5.975822427995391983e-01 4.699302460708459250e+00 -1.585769766769375977e-01 -8.066547837829229906e-03 3.751659313923916272e-01 6.844439176063900732e+00 1.283799895712145478e+00 9.871205874442345873e+00 3.209950289962104364e+01
1.193593016592241099e-04 -1.568270791712008759e+03 -1.029799681027125380e-01 -1.188614654004849225e-01 -2.154209560529247280e+00 1.233770982864560324e+02 9.242854310232812010e-01 6.174851617881337296e-01 4.706959094686883560e+00 -1.364953101936208224e-01 5.249755791063415167e-02 3.906639825334320415e-01 8.650880749738462328e+00 2.521471870600255905e+00 8.913391915860824355e+00 3.531406821994153944e+01
1.104178939212605785e-04 -1.568348657794407700e+03 -1.201697731942383413e-01 -1.110697155464609731e-01 -2.142211533478148411e+00 1.151921188862014418e+02 9.121897794578980312e-01 6.076023745072602900e-01 4.711460273707700708e+00 -1.502066431851503125e-01 6.984952072881789320e-02 4.918342471515714798e-01 7.645553740161858514e+00 2.750740866666601114e+00 8.802237012298764540e+00 3.407205230544862928e+01
1.482421765789328531e-04 -1.568054082733063069e+03 -7.225355665410489181e-02 -9.905575647914993676e-02 -1.592712221181009413e+00 1.521046310843746312e+02 8.447458323296854754e-01 6.255499996389919382e-01 4.711104991132435416e+00 -1.706654615341016701e-01 -4.816602867696584411e-02 9.354877974270312535e-01 -3.262341041026814992e+00 2.798957808656132862e+00 8.699024811400835944e+00 2.895384616243867981e+01
1.732140314358532004e-04 -1.567898401991980791e+03 -1.499571410793815451e-01 -9.230090285387171356e-02 -1.888150304750946917e+00 1.352448666208393036e+02 9.644107807153157186e-01 6.192802402229762304e-01 4.721164865991221760e+00 -1.793398083286441569e-01 -1.700463574780708420e-02 1.650630202523806905e-02 -1.376573715223543104e+00 2.009490815617076542e+00 9.065172039550596139e+00 3.307753819475989587e+01
1.148591846105595927e-04 -1.568309223101311090e+03 -1.207041382989441497e-01 -5.906556898740418504e-02 -1.500257176028753747e+00 1.289352492801926928e+02 9.846277255147487528e-01 5.942567797594444645e-01 4.708746127592959851e+00 -1.541440000467155791e-01 -2.798783073918720277e-02 1.807082861496618897e-01 -4.696867443821730603e+00 2.150513225643968518e+00 8.345488145563129123e+00 3.143634055011357376e+01
1.428194862516371565e-04 -1.568091348498796151e+03 -1.263097053132013481e-01 -6.345787447820662452e-02 -1.592920169926482776e+00 1.348454846437997503e+02 9.672974584110251017e-01 5.840344846232730092e-01 4.712953293291994861e+00 -1.759199455278070978e-01 -4.924507938238109617e-02 2.277610909972468123e-01 -1.885067543158356784e+00 3.902968698565101313e+00 8.983797916061075028e+00 3.296950764422790314e+01
1.207597358879780499e-04 -1.568259127079982591e+03 -1.200109141091475484e-01 -1.025879970666447871e-01 -2.052509917251736482e+00 1.426841977401276154e+02 8.864986380487663853e-01 6.449659265357133853e-01 4.719862464357150955e+00 -1.344907839990541198e-01 2.832306323001043680e-02 7.424471920259740898e-01 3.879192101277652682e+00 2.749536490817772183e+00 8.676380915703330032e+00 3.498003463723764384e+01
1.076632511917414818e-04 -1.568373921686362792e+03 -1.016810237424083385e-01 -1.229369536273097752e-01 -1.850226113403206751e+00 1.281367642130608431e+02 9.208801955773717740e-01 6.161290401059249522e-01 4.711030817113583069e+00 -1.529142959542788560e-01 4.222798806485350553e-03 3.983701185468576655e-01 -1.041020493340911912e+01 3.837241434004212692e+00 9.078280094651169918e+00 2.824223950834170438e+01
1.907187897073665697e-04 -1.567802129959793547e+03 -1.253248715812798897e-01 -7.464066546219588760e-02 -2.103371944759576451e+00 1.330762675624840199e+02 9.568448076778320877e-01 5.975972695270316271e-01 4.710140590623037582e+00 -1.300635604129971590e-01 4.150117808463793523e-02 1.328082328778039389e-01 -4.384628274433055140e+00 2.337378536932943618e+00 9.271297025273849357e+00 4.062671500913883449e+01
1.140810957556716965e-04 -1.568316020435965584e+03 -1.118027808291122971e-01 -1.035565171497618286e-01 -1.802173934194874816e+00 1.260733366808347284e+02 9.297568103578239818e-01 6.113160573349228910e-01 4.710707336542543366e+00 -1.324392574906299025e-01 -2.565880600308112491e-02 8.155859813714262385e-01 -3.670277011991288418e+00 3.055331135642713747e+00 9.530603913700197438e+00 3.205084872027974541e+01
1.225215098779959186e-04 -1.568244643392325543e+03 -1.131945909802684613e-01 -8.524947456012578473e-02 -1.922842798608092263e+00 1.359816567112793848e+02 9.042363590308545307e-01 6.036701093861914780e-01 4.698977924594361255e+00 -1.613863958238483942e-01 2.834673603529291874e-02 6.021467886322448004e-01 -4.858741656998859071e+00 2.217194579767767237e+00 9.086763534694286548e+00 2.490324518091991024e+01
1.200150355746197969e-04 -1.568265312966348574e+03 -1.053257105455111253e-01 -1.372260166418194371e-01 -2.007301331671208278e+00 1.317689236198548031e+02 8.842960856365755795e-01 6.171248146657135614e-01 4.697847911421891176e+00 -1.400256170841018832e-01 8.534256088635672199e-03 1.122601488539143988e+00 -7.481636250228405061e-01 2.434563083061114241e+00 8.738694026934833659e+00 2.964405595297159124e+01
1.409401418424149996e-04 -1.568104594723435639e+03 -1.120740586364578628e-01 -5.485524506418676394e-02 -1.802475878304542922e+00 1.482938349579584099e+02 9.729385568191385447e-01 5.819116280686860154e-01 4.697676592472547874e+00 -1.603746688373575147e-01 -2.248912167349681468e-03 4.745401884278663829e-01 -2.248731750785509576e+00 8.375542992613560500e-01 8.588039871638141420e+00 3.337472203495850209e+01
1.515840537559769554e-04 -1.568031789716367257e+03 -1.378346668474321468e-01 -7.890725805437884266e-02 -1.763719113973431840e+00 9.921228845247212291e+01 9.206388673026590919e-01 5.842500174547086145e-01 4.705889441067725443e+00 -1.671924934075275093e-01 -1.879243520090501107e-02 1.351045247613659184e-01 -2.482642089785372264e+00 2.819894046250270847e+00 8.722080567054590006e+00 2.552543049771660577e+01
1.725943995653967007e-04 -1.567901985667091367e+03 -1.337891999922000696e-01 -1.108382279426945449e-01 -1.982597685389385855e+00 1.121397687667411276e+02 9.483206707254883128e-01 5.892187318866467516e-01 4.708549288908759678e+00 -1.536791638767565082e-01 4.551522808402275189e-02 2.110670982076179036e-01 3.365670935820645582e+00 2.565334683114928183e+00 7.890700217142221362e+00 3.094057442810061076e+01
1.093540528258103191e-04 -1.568358339188421951e+03 -8.547828313710022219e-02 -1.095528170212099472e-01 -1.788364610601486104e+00 1.356048556793413695e+02 9.325779127732261031e-01 6.124999002381765756e-01 4.713565103490406472e+00 -1.754989938412168105e-01 -2.603117071818528139e-02 2.121704796513576852e-01 1.182627091861007784e+00 3.864949567921160956e+00 9.127812017423963198e+00 2.981210110484233766e+01
1.457411660278281089e-04 -1.568071097784786843e+03 -6.298724399492423853e-02 -6.493894145451417632e-02 -1.551249876592800891e+00 1.059876227896941572e+02 8.739879254494874461e-01 6.217124435886056677e-01 4.711564936349793342e+00 -1.552451499807816493e-01 -4.505320422166514405e-02 1.189813302774300086e+00 -1.459479551549094367e+00 2.709235550595656683e+00 7.974741338797497470e+00 3.292196224907462465e+01
1.537243486644830485e-04 -1.568017768942923794e+03 -1.060023805256829488e-01 -8.688707417731318661e-02 -1.726511381128676970e+00 1.084570172856794272e+02 9.379608600558817511e-01 5.846664815957396399e-01 4.697506951435529210e+00 -1.813897566304274456e-01 -2.272240553671411867e-02 9.333643173964180362e-02 7.601518204495960163e+00 1.844345791421009295e+00 7.973773005350626164e+00 3.315198778127559365e+01
1.689031572291196763e-04 -1.567923604481207803e+03 -1.070621001781561776e-01 -7.840524324761484476e-02 -1.694569172519154954e+00 1.233477443264799120e+02 9.398235996044833618e-01 6.157363798059860560e-01 4.716690242190531457e+00 -1.716694323676550837e-01 -3.280337936749111449e-02 7.243849261555208585e-01 2.413785895870660170e+00 3.455929917691391573e+00 8.851265996671298097e+00 2.729855547686021922e+01
1.786129436414629330e-04 -1.567867708859123923e+03 -1.104297979572698152e-01 -1.310242103114469814e-01 -1.948068170661921394e+00 1.210980944025676678e+02 8.800537622530435478e-01 5.961294085702979473e-01 4.693037521827797320e+00 -1.573138418040345154e-01 6.352797989645608823e-03 6.731020935078048106e-01 -1.666803303450990370e+00 2.731017402567204044e+00 7.783900399431109562e+00 2.746898874151826320e+01
1.861105820925616436e-04 -1.567826588973305661e+03 -6.398539109065606856e-02 -8.504369894434997412e-02 -1.722699753528406319e+00 1.586786417691652957e+02 8.555314697792272272e-01 6.184615932253563209e-01 4.699931913225915636e+00 -1.618338160285128779e-01 -2.599518180228188591e-02 1.446764051687013053e+00 -2.973978781936438054e+00 3.575071825618669763e+00 9.291694739977485185e+00 2.619880196948798456e+01
1.384304526754946512e-04 -1.568122561944974677e+03 -1.366227125081425631e-01 -6.025696422230020222e-02 -2.295633101974739798e+00 1.181174734001391045e+02 9.648050260191693983e-01 6.009257092784552334e-01 4.716974072768941539e+00 -1.211297712791208347e-01 7.668207138570082293e-02 3.288109445677103726e-01 2.577946294235488267e+00 2.316713934022107679e+00 8.750496633942450586e+00 2.750212909231253278e+01
1.724315920568039089e-04 -1.567902929407705869e+03 -8.818491266977046550e-02 -8.998270204940909955e-02 -1.649370387324981202e+00 1.398738086871538542e+02 8.913160469379983741e-01 6.280309760564994903e-01 4.717460642615922239e+00 -1.415667724150146967e-01 -5.449005955000441048e-02 6.380958052609860820e-01 -5.493152292860116859e+00 2.161044929860467256e+00 8.148694269850764726e+00 3.253134208982322662e+01
2.117136552030087751e-04 -1.567697695319063996e+03 -7.939541887412769616e-02 -6.381988562786027053e-02 -1.597258567019772091e+00 1.083696195076591380e+02 9.115098490845255919e-01 6.041017429334620825e-01 4.706354423942279652e+00 -1.697301264400188359e-01 -1.937151036643558477e-02 6.915316369509197925e-01 -4.164907792212574122e+00 2.607995389128925368e+00 9.082605178664326928e+00 2.933800088499172176e+01
1.208059853167001309e-04 -1.568258744166139877e+03 -1.091744379378184748e-01 -1.023704017811357392e-01 -2.306134132344613619e+00 1.397288231055289600e+02 9.355142300555897572e-01 6.213468534645119057e-01 4.718862651466061209e+00 -1.546702685416434520e-01 7.221798967343340259e-02 3.100921426066698405e-01 2.669655933177978113e+00 8.646271537858796208e-01 8.753486002907262531e+00 3.379816448296679710e+01
1.471330629634440312e-04 -1.568061592630168207e+03 -9.045743319812443728e-02 -8.821556933206833873e-02 -1.491520927793181128e+00 1.390518757305714246e+02 8.616584811569454327e-01 6.163166855442805403e-01 4.705821146541802058e+00 -1.565840889438532280e-01 -4.998066510481757874e-02 9.977887351088984280e-01 -1.679985672083404324e+00 3.483019003508114331e+00 9.189916587988511409e+00 2.949138421276465039e+01
1.779873682031517267e-04 -1.567871217415113733e+03 -1.450969223687644805e-01 -8.581361204643139784e-02 -2.236659436366182696e+00 1.258475920667262216e+02 9.397432140480850293e-01 6.044868141600966416e-01 4.710085575573052630e+00 -1.497635272872750445e-01 5.668172698091278328e-02 8.243690702743079468e-01 1.822196802950060146e+00 1.571432530440119990e+00 9.452733459433982688e+00 3.855754313285208923e+01
1.128525260412716958e-04 -1.568326848110662922e+03 -1.470193373743957088e-01 -7.911734263393378763e-02 -2.051433828136634219e+00 1.133412852251987317e+02 9.672601771960145367e-01 5.911634354819169657e-01 4.710976788755790956e+00 -1.494472668125714776e-01 3.011809051085179156e-02 1.448851293634410009e-01 -1.464611939807497265e+00 6.475150105549332125e-01 7.206168652227340488e+00 3.021814126616828489e+01
1.146239701768480960e-04 -1.568311273051481066e+03 -1.089580438485093228e-01 -8.375870067785745610e-02 -1.986179100866724889e+00 1.445256302566563136e+02 9.441319839135958736e-01 6.135549071367749630e-01 4.707081253603204729e+00 -1.609618582627296846e-01 1.267697830313530005e-02 4.741525632789200806e-01 -1.274489743683545839e+00 8.684964317594578986e-01 8.688389304238874900e+00 3.922691825486035100e+01
1.023454226111826179e-04 -1.568424576409529664e+03 -1.230866106518740399e-01 -8.085972574638509991e-02 -2.098891788159059857e+00 1.328785906773816521e+02 9.325978718132206247e-01 5.951195151838419850e-01 4.706579312747442678e+00 -1.470339387038310797e-01 3.106704184918895884e-02 4.879783252794651638e-01 4.791574945660187268e+00 3.315750707757691984e+00 8.283957491407090146e+00 3.988262353702099006e+01
1.113188435290480644e-04 -1.568340531449840910e+03 -8.781137731480419262e-02 -8.901573273727197977e-02 -1.591404063292397142e+00 8.987434550868258043e+01 8.717371789355317091e-01 6.108936159416595846e-01 4.693750923121717378e+00 -1.466611595318947359e-01 -3.577490912474390328e-02 5.130565879349514580e-01 -5.730630796718145348e+00 2.729662272552113578e+00 7.985101899862900865e+00 2.672093686486054409e+01
1.466082814045948605e-04 -1.568065165720080358e+03 -4.864957148594113712e-02 -1.013941856558466109e-01 -1.677871634605398343e+00 1.297155437425969353e+02 8.144949907433791658e-01 6.273948333673875499e-01 4.705739202593246517e+00 -1.588794087665070798e-01 -2.359796780838285812e-02 1.111542515457581759e+00 3.208773460345184958e+00 1.882597312102052278e+00 8.345482458848030305e+00 3.070657992589542573e+01
1.240607875479062580e-04 -1.568232158330090897e+03 -7.068306378925744149e-02 -8.241862896735459298e-02 -1.488559313572403342e+00 1.384251209615049447e+02 8.723913171414185985e-01 6.239329356696796669e-01 4.710860654423386862e+00 -1.560241939415809576e-01 -6.568327297036669066e-02 1.190380452666826683e+00 -9.809407625058071289e+00 2.974492424390073886e+00 8.473410659095016229e+00 2.927145491911497999e+01
1.432890387707291434e-04 -1.568088066157309640e+03 -7.575497075915250955e-02 -1.164499444010179408e-01 -1.994862517033013871e+00 1.408963346026211809e+02 8.449917806037147150e-01 6.361548744857719040e-01 4.710377391235144984e+00 -1.466314498829985880e-01 2.737066806236199135e-02 1.536436275524989847e+00 5.610997109233977653e+00 2.568651719571657388e+00 9.012007810265899366e+00 3.206006108311277103e+01
1.619804578038567177e-04 -1.567965454300621332e+03 -1.208342902730622226e-01 -1.288224094662128449e-01 -1.919877871122894986e+00 1.156386531806444253e+02 9.729565735088099299e-01 5.835844212228094019e-01 4.703123596701892062e+00 -1.772006931947405217e-01 8.308531569123811522e-03 1.332884740500187362e-02 2.399792851287941176e+00 1.563871767858771022e+00 9.076093698038633306e+00 3.771718701356640935e+01
1.201223553242446770e-04 -1.568264419146720002e+03 -1.095982791543918394e-01 -1.275621170847007491e-01 -2.068803025091864978e+00 1.197784984595135711e+02 9.085681024209224521e-01 6.190997615692035438e-01 4.700503564326617756e+00 -1.412692965446873394e-01 2.957558826817141551e-02 3.368399302184502675e-01 6.902791216013554276e+00 3.228553584773807827e+00 9.005696353975745083e+00 3.232809882973896975e+01
1.187408291472324994e-04 -1.568275986786038175e+03 -1.474150001357986961e-01 -1.070952700508413791e-01 -2.240398693055607016e+00 1.291152984882797341e+02 9.188550082761004489e-01 5.893617935453376866e-01 4.695792664297410823e+00 -1.396064459606487507e-01 6.195515953178398760e-02 8.324403946815404076e-01 2.501853212718202712e+00 3.452402987864533479e+00 8.742248101840210950e+00 2.662827463629946578e+01
1.023852542875426858e-04 -1.568424187296598802e+03 -8.084105216141568295e-02 -6.443387528845630208e-02 -1.475176468516196548e+00 1.323772525746558983e+02 8.416606862002191658e-01 6.407191588718870179e-01 4.715290271707843317e+00 -1.517479352767832079e-01 -5.607738516882565527e-02 9.624675457862541528e-01 3.628302696149035000e-01 1.713778677657984417e+00 8.488537541741392189e+00 2.877996606585197981e+01
1.677306430836820040e-04 -1.567930570619996615e+03 -1.061489359380927422e-01 -8.663908367477335393e-02 -2.088732205326628399e+00 1.463612742209798796e+02 9.541329812003876976e-01 5.938871489257409042e-01 4.704476011238330813e+00 -1.263957616859454625e-01 2.430989784853432312e-02 4.221282121929069153e-01 2.729735303336553898e+00 3.081169587831222856e+00 8.478290476651162422e+00 3.349562071971323718e+01
1.585597628751562321e-04 -1.567986798422645961e+03 -6.272200182202043728e-02 -8.852156596453988890e-02 -1.578887301593404180e+00 1.221563530696297875e+02 8.671028165824935519e-01 6.257978808396025272e-01 4.704885176576404149e+00 -1.562750189703763226e-01 -1.784643175981592833e-02 6.953373815186587592e-01 -3.043824194307831021e+00 3.576180577712584352e+00 9.254264606770368218e+00 2.904814672519595575e+01
1.205760210281960765e-04 -1.568260649563825154e+03 -1.369040249609291549e-01 -6.026773236968330227e-02 -1.683108361974035683e+00 1.396066974535623046e+02 9.662385832082859283e-01 6.032473890325440458e-01 4.708346480680416057e+00 -1.573398742910463444e-01 -3.725631202944068576e-02 5.166210049264181592e-01 2.196335935555111973e+00 2.435658916748351110e+00 9.849587352447120026e+00 3.422418341709243350e+01
1.077370381019139057e-04 -1.568373236572027054e+03 -1.490354025164313811e-01 -9.254975916409408088e-02 -1.773466396465482653e+00 1.206150460793089962e+02 9.432625542095850468e-01 5.875851333741534122e-01 4.704173021834985313e+00 -1.527638376803277520e-01 -4.655502027836933010e-02 3.453575420984285327e-02 -2.570888988917175766e+00 1.976465122057069479e+00 9.580808860573553076e+00 3.745751831027244094e+01
1.576417405924188835e-04 -1.567992605003905283e+03 -7.346777650611412136e-02 -1.058521720542808658e-01 -1.864589731054260291e+00 1.309568994431221540e+02 8.641499914084689316e-01 6.230063743384495201e-01 4.706003680980257897e+00 -1.509762217733068290e-01 -1.447284397315651283e-02 8.846887787211197285e-01 -3.378453279735083470e+00 4.262268447890238399e+00 9.194925736150105777e+00 2.595451628006040323e+01
1.042904347320362508e-04 -1.568405750349120353e+03 -7.773853353883593276e-02 -9.487358065660952966e-02 -1.754215515404530024e+00 1.340069567371518531e+02 8.289822015637061670e-01 6.266119611892607688e-01 4.708983645104677151e+00 -1.487383601660718924e-01 -1.958606229943948840e-02 1.162699789937681194e+00 1.353081588085018439e+00 2.900468285494950393e+00 8.279590528546766137e+00 2.716210348183478729e+01
1.050865783136196790e-04 -1.568398145431970534e+03 -1.322142740056339028e-01 -5.386675704985656454e-02 -1.487357939953702912e+00 1.308432219446073077e+02 9.400574319233253595e-01 6.083606498046951749e-01 4.707213394676793783e+00 -1.283726934382904972e-01 -4.664831681501824256e-02 6.549637278094363468e-01 -3.116810524104721480e+00 3.859256058929783073e+00 9.025223108119927673e+00 2.979541134411867276e+01
1.248471721579283271e-04 -1.568225839631184044e+03 -1.495100085333312678e-01 -9.790468100036400778e-02 -2.204337794094697323e+00 1.126212168292593105e+02 9.325557813140007424e-01 6.041134296050139074e-01 4.706587508801751696e+00 -1.325407639657130154e-01 6.980530272419493976e-02 3.542676611584895663e-01 2.755087110334699219e+00 9.750030117763319737e-01 7.812904041087698204e+00 3.484992278980836033e+01
1.782108154257837156e-04 -1.567869962791916805e+03 -4.989297668836316368e-02 -1.186534981184977910e-01 -1.723314143451773139e+00 1.114331497183865736e+02 8.025092786136657219e-01 6.351034764925531650e-01 4.700331548466564868e+00 -1.536191386264511571e-01 -4.090181674325266137e-02 7.503519246085221805e-01 4.935684727686862061e-01 1.791447360089182261e+00 8.814964495454603366e+00 2.725515820599932937e+01
1.133656983203661827e-04 -1.568322311136148073e+03 -1.074301878071297345e-01 -8.371346085418457372e-02 -1.838524723550590823e+00 1.175209956769774919e+02 9.391942935492914035e-01 6.151209320256731949e-01 4.724388979778801456e+00 -1.369528117632103914e-01 6.171602239691598157e-03 3.127244737595748503e-01 3.007547508038499018e+00 2.925243742566974170e+00 8.753497034674762034e+00 3.754820050871110482e+01
1.380703719672073994e-04 -1.568125166500764408e+03 -1.017148964795242944e-01 -1.080418266891006729e-01 -1.976583145154975352e+00 1.448155569072152105e+02 8.912050116545985334e-01 6.139735395197165602e-01 4.705145083500127612e+00 -1.610168339344961730e-01 1.308254822368981607e-02 1.605289716728397487e+00 -5.103902241455955391e-01 3.464197282112446707e+00 7.740851623086686395e+00 3.583460070459898361e+01
1.047338040729160936e-04 -1.568401508065944427e+03 -9.310987608412263361e-02 -1.117337782230178045e-01 -1.751344692982311990e+00 1.734273284406072548e+02 8.641187046930997040e-01 6.224137193983553251e-01 4.708049340953795792e+00 -1.648722769126560461e-01 -2.268074521538565591e-02 1.307398117755743883e+00 -5.598351271625716663e+00 1.990562547635743584e+00 8.395436840025638503e+00 2.380530222644228289e+01
1.300112078656637271e-04 -1.568185309336646242e+03 -1.355189457056255598e-01 -8.013606112488515232e-02 -1.830371080367299674e+00 1.466392932277173884e+02 9.530806825318799413e-01 6.155921575605133311e-01 4.714376388527618644e+00 -1.417261563738809738e-01 -1.287864217831535818e-02 4.273158656697069180e-01 8.538474673102086854e+00 3.348319397511012596e+00 9.026615153549965243e+00 3.509485175544491398e+01
1.659649402728220584e-04 -1.567941153434862599e+03 -1.101279471621423589e-01 -1.245846255572543859e-01 -2.088851106568444749e+00 1.079673987803841726e+02 9.338610023416956674e-01 6.265535610534620492e-01 4.717866018187412358e+00 -1.593586809694014228e-01 1.632372582172458841e-02 3.144382632896436380e-01 5.083639752081012375e+00 1.551483920241958359e+00 8.915782405836791824e+00 2.576896339872913799e+01
1.064921005936755161e-04 -1.568384859188167638e+03 -1.215131576459403950e-01 -1.406791477644273869e-01 -2.277381883081989855e+00 1.171601756653145543e+02 8.746108288748509763e-01 6.153243171106961285e-01 4.705151867294993906e+00 -1.365194684416515258e-01 3.592741944162591849e-02 7.100427535347739738e-01 7.912519708986650357e+00 1.551781014369146838e+00 9.249783298486690342e+00 3.338769277304054128e+01
1.598538353808915530e-04 -1.567978670128894237e+03 -1.186352601777366511e-01 -9.908194901307880442e-02 -2.226222627971258472e+00 1.371959521027519884e+02 9.391244684673607512e-01 5.988902226355865555e-01 4.706610502125490925e+00 -1.628541059658137335e-01 5.265926749053817524e-02 4.641627031974199236e-01 -8.378454496008203023e-01 5.328092538536832734e-01 8.252624103565420199e+00 3.770517973767595521e+01
1.053638253148693710e-04 -1.568395510633872163e+03 -1.449368317035036602e-01 -8.025419751020659853e-02 -2.018816883336628898e+00 1.090790152949601861e+02 9.522766931220969511e-01 5.919718568588301366e-01 4.713863526065399157e+00 -1.387714942574231891e-01 4.350780702795731258e-02 6.331959611356938189e-02 3.522517225236043714e+00 1.027517237036312814e+00 9.615386519430501266e+00 2.663583065166363895e+01
1.547932734090106755e-04 -1.568010839490955505e+03 -1.039714243954946576e-01 -1.039260640150364845e-01 -1.731647004804972800e+00 1.240635836728808385e+02 8.934308511606838810e-01 5.971779061670189348e-01 4.702495045449820665e+00 -1.637403035902949000e-01 -2.317980022609633650e-02 9.363537460875827056e-01 3.083528026061912897e+00 2.347699459691487966e+00 9.249335716697393295e+00 3.771840385052516353e+01
1.180234887949142169e-04 -1.568282046335496489e+03 -8.366859345466449993e-02 -1.037213655489628017e-01 -1.959892382471834171e+00 1.208824936190432027e+02 8.747941736989441885e-01 6.359936665744463369e-01 4.715109002676263650e+00 -1.698512610438234205e-01 1.597670521426164392e-02 7.764219829483882673e-01 -6.666217568650466774e+00 4.021223049910593872e+00 9.444246290265301269e+00 2.817141787722954405e+01
1.143120496597054648e-04 -1.568313998011147760e+03 -1.355518676021545132e-01 -1.210867602666505505e-01 -2.026027896069000800e+00 1.530789378880680829e+02 9.484997451277276115e-01 5.911193960019850424e-01 4.707739410090040266e+00 -1.852219804121713054e-01 2.073904431192330478e-02 3.011554933485833252e-01 -5.119713207424609891e+00 2.288598832397736871e+00 8.988078445460789823e+00 3.787916211880726536e+01
1.368653547172976744e-04 -1.568133932367467878e+03 -1.406797042417287924e-01 -9.052828309935695428e-02 -2.345223080834179186e+00 1.511404513530443978e+02 9.392508461790234353e-01 6.010370240413417386e-01 4.706911230067959195e+00 -1.357370440950926849e-01 5.970972414182029731e-02 5.229427529720590551e-01 -7.829598875509731215e+00 3.882055595774369650e+00 9.072546188343522999e+00 3.004139151641027539e+01
1.722221073832558302e-04 -1.567904145031966891e+03 -9.686758184079027889e-02 -9.424800081860024159e-02 -1.599742836567249027e+00 1.218717577515764816e+02 9.290109384013126581e-01 6.232095976159568451e-01 4.718464759559502397e+00 -1.560165806818476497e-01 -4.215054420771302546e-02 2.917289867667720582e-01 -3.216870893153327415e+00 3.992881592284946990e+00 9.474689538709778702e+00 3.793781552100761445e+01
1.595895687767713610e-04 -1.567980324673398627e+03 -9.296008655672520493e-02 -1.212484743390991188e-01 -2.044979058758144674e+00 1.177890846928716968e+02 8.648640648422970534e-01 6.187785418907424395e-01 4.700197404044498484e+00 -1.488637232177691949e-01 4.107189673395894580e-02 9.394831710462110408e-01 -5.626593617128889946e-01 1.464906465970639005e+00 8.972692297044337906e+00 2.634589740622061882e+01
1.323655319854107309e-04 -1.568167362720562778e+03 -1.341244674827222760e-01 -1.009715704072536718e-01 -2.561796861774112699e+00 1.223211843309899791e+02 9.612504144269976569e-01 5.893105285713349240e-01 4.711555800798583604e+00 -1.284019326287282325e-01 1.263782345537882712e-01 6.754340306736364430e-02 8.288568686054190948e+00 7.541495027619804503e-01 8.440217236703517756e+00 3.390267268914193011e+01
1.528067045388437561e-04 -1.568023756244095011e+03 -1.215365556463662289e-01 -8.066772396779672838e-02 -1.788964786284841013e+00 1.101246572810843247e+02 9.197866097012418196e-01 5.988238511143393339e-01 4.697975783808447048e+00 -1.282257897406589020e-01 6.829292937185815759e-03 4.950264501049937982e-01 -2.185604758751139798e+00 2.208992652999453021e+00 9.027585817338090735e+00 3.389787497864382715e+01
1.049264040626865399e-04 -1.566653866610235127e+03 -1.092477882558297447e-01 -8.383055930133383182e-02 -1.965526012620789409e+00 1.274517679204780762e+02 9.319836644862344865e-01 6.102287149744844985e-01 4.718655358342966011e+00 -1.711761937690798874e-01 2.276874904681891465e-02 6.080087597083705386e-01 -3.092857908959814495e+00 2.347179551545064413e+00 9.582832108995242848e+00 3.398078236050194789e+01
1.045527141474042828e-04 -1.566657434415130183e+03 -1.319658665847392442e-01 -1.200152722338825723e-01 -2.189901698487647153e+00 9.274262264420147517e+01 8.938883189830743037e-01 6.243227226177185951e-01 4.717816269280098673e+00 -1.427483481449924874e-01 1.959242782022463381e-02 5.558513028087717078e-01 6.111314604490303282e-01 2.159299769199818364e+00 8.940564412243556802e+00 2.834722098067821250e+01
1.370421190668650170e-04 -1.566386837483926229e+03 -9.126903242323172738e-02 -1.328551474224795026e-01 -2.005344979374295900e+00 1.645073028738260916e+02 8.619909112442428745e-01 6.168208882438681595e-01 4.704424965589548258e+00 -1.680677617420243131e-01 3.057916368315405364e-02 1.595594622651088867e+00 2.179004266771215725e+00 3.200079670022892842e+00 9.061389612972980956e+00 3.155726297649408352e+01
1.024395856373520213e-04 -1.566677852584556149e+03 -1.420201571220637560e-01 -4.616936953567056523e-02 -1.491016693559933159e+00 1.571909752710245414e+02 9.830740673596368717e-01 6.001073433804391399e-01 4.716913442781356380e+00 -1.437815946212557261e-01 -6.947203878549634837e-02 1.557446997138842992e-01 -5.092835822688016378e+00 1.776205457163948509e+00 8.774527738153681256e+00 3.441745715028709895e+01
1.113470878849300765e-04 -1.566594473560394817e+03 -1.353404765095910234e-01 -9.145336132040353394e-02 -2.142435524969514837e+00 1.423023904705613916e+02 9.632143972516248320e-01 6.157030848847089288e-01 4.716751122733638724e+00 -1.608431546218200836e-01 5.429334378412775663e-02 6.435888341903096554e-01 -1.716668417821495041e+00 2.548731955431149387e+00 9.217564603467121032e+00 2.916593274846135486e+01
1.120741637373032820e-04 -1.566587964972570035e+03 -1.258715408547778358e-01 -9.683663013613157122e-02 -2.214925738764574881e+00 1.252634886351151096e+02 9.255937001831496813e-01 6.105754418118514160e-01 4.704680398973080102e+00 -1.640721663663295971e-01 6.248140660236045640e-02 1.181551198414091813e-01 4.808739038050873660e+00 2.047706267447435557e+00 8.381536181307103206e+00 3.541387757210945608e+01
1.112091680761162423e-04 -1.566595712975803508e+03 -1.395169291702859637e-01 -6.995532018412946307e-02 -2.141414436839726765e+00 1.494222819774950608e+02 9.723342864709615396e-01 5.874281121901341329e-01 4.702253641955913999e+00 -1.290299351524684113e-01 7.494489378910196287e-02 1.719871345916025931e-02 -3.640797706157201219e+00 2.483284875745339626e+00 9.063599876090734142e+00 3.141418324257805494e+01
1.203908233818395073e-04 -1.566516382488737918e+03 -1.169512750641651250e-01 -7.976792676006984328e-02 -1.735712843304225927e+00 1.198856071524777178e+02 9.713052819070597810e-01 6.137811538003179468e-01 4.717362950273741973e+00 -1.508969991672206579e-01 -2.367609506278656184e-02 3.098905072543715611e-01 -3.678675818204993675e+00 2.233262210288078364e+00 9.864624586733539147e+00 3.016559425322973453e+01
1.100126696280505356e-04 -1.566606530263352397e+03 -1.223095045431370487e-01 -6.893151649411821680e-02 -2.239320320969587996e+00 1.039984751184653078e+02 9.590011280478170086e-01 5.913508804114140371e-01 4.697196056096797356e+00 -1.509950536078150662e-01 4.152752748011034889e-02 8.975225544397526234e-02 4.607688495031709408e+00 2.878674684471227430e+00 8.230500903662063550e+00 3.190349652875945452e+01
1.029434642587170076e-04 -1.566672945854107184e+03 -8.864632672333061514e-02 -7.747993575807587963e-02 -1.726198235841446271e+00 1.381503851999679284e+02 8.842883090048597738e-01 6.221269123141998092e-01 4.705063166629629201e+00 -1.740060163418664096e-01 -1.565232467215005308e-02 8.549459933989985716e-01 -6.027595329747441610e-01 1.439717167236564954e+00 8.739790573435989529e+00 2.787157630552228227e+01
1.047648777311263759e-04 -1.566655407221386213e+03 -9.223877229651275544e-02 -1.298286294536654673e-01 -2.002996406400235685e+00 9.449427619718926508e+01 8.675095482095287469e-01 6.273955150752906773e-01 4.714118064112431838e+00 -1.691068555169459309e-01 1.962911385308596657e-02 5.870453119098050232e-01 -9.125033276578079722e+00 1.542238512105664761e+00 8.962804569346838335e+00 3.066330708778819414e+01
1.084588071743345034e-04 -1.566620755357436110e+03 -1.148017091561962799e-01 -1.405484742628809458e-01 -2.230389442650288156e+00 1.075222367458092805e+02 8.391083562765966342e-01 6.523671283419290035e-01 4.716246209688955915e+00 -1.544348283824499291e-01 3.987295202550500406e-02 8.672558732588302455e-01 -1.727498523319638934e+00 3.127284060001400690e+00 9.373012740992670899e+00 3.301558423437867162e+01
1.052499177361203558e-04 -1.566650788109991481e+03 -1.388061817381949226e-01 -1.116871550409909153e-01 -2.176698295649550197e+00 1.407803558947875615e+02 8.996460932615942818e-01 6.150145654941643336e-01 4.709997532518194419e+00 -1.509260091728532593e-01 4.004070744379983893e-02 6.684742345772218819e-01 5.139719773133037961e+00 2.208883956827278894e+00 9.498257342122951030e+00 2.516140401312161146e+01
1.036009729782920219e-04 -1.566666579079485473e+03 -1.208487180478016454e-01 -1.093104069143478740e-01 -2.334241767122058775e+00 1.125819214795810694e+02 9.461057419265221924e-01 6.156188011250305347e-01 4.721581692108451023e+00 -1.265253127133125766e-01 6.364173881574064495e-02 4.283789091159532214e-01 -1.272135068545679815e+00 2.784094808744197458e+00 8.802370557368544013e+00 2.888541847951520225e+01
1.143458298398759100e-04 -1.566567898349532925e+03 -1.146015976426057459e-01 -7.980625187298980017e-02 -1.654512194648826373e+00 1.197060996602221792e+02 9.378924436923548047e-01 6.088949536850045696e-01 4.715824474693675050e+00 -1.409785246232413414e-01 -1.629523800596510696e-02 4.309278155085888851e-01 1.191930179501810017e-02 3.130251258187888297e+00 9.688921051852705801e+00 3.685534589575756570e+01
1.051338898086000365e-04 -1.566651891122059169e+03 -1.426699951477363726e-01 -6.590932938325409773e-02 -1.702050513179162117e+00 1.216255702859983643e+02 9.657896584067527934e-01 5.879970848394412419e-01 4.697983513034226455e+00 -1.704413551341772415e-01 -1.810861341772174171e-02 1.047080592628496336e-02 -1.144849941342363309e+01 1.988611216876545740e+00 8.780137233979857569e+00 3.421773806787464878e+01
1.132149354360552395e-04 -1.566577837705402089e+03 -1.183445168966013594e-01 -6.049912456068574917e-02 -2.060298244703173687e+00 1.161752968361070515e+02 9.561696792408193035e-01 6.079988150454795903e-01 4.711191160716420967e+00 -1.397064166054922119e-01 3.831029612194969403e-02 4.333710335488213383e-01 -3.267106469160040660e+00 1.401456772701092923e+00 8.422428278492045450e+00 3.111058949420786490e+01
1.020649190928340973e-04 -1.566681516728426232e+03 -1.430659170835792693e-01 -7.947967373027606253e-02 -2.121233040521845581e+00 1.044480788241183262e+02 9.224599955281321817e-01 5.927684841780443969e-01 4.707119084006323284e+00 -1.560370349216579910e-01 2.978592312629602112e-02 4.584102037299455645e-01 1.100951686691900022e+00 2.883224752308732874e+00 9.316383116263814657e+00 3.174464147112010437e+01
1.044268819252806813e-04 -1.566658638668939602e+03 -1.328938095046131029e-01 -6.668762993191386379e-02 -1.802798138458018506e+00 1.350897989058076689e+02 9.521256704370650858e-01 5.641056672056825594e-01 4.690224837734003671e+00 -1.605033544987835015e-01 -7.335344494428852613e-03 1.758857371259249514e-01 -4.590472742886191782e+00 2.044452185827716484e+00 8.368539422220599988e+00 3.228042224759497714e+01
1.020052906567879818e-04 -1.566682101119825802e+03 -8.162134540022226992e-02 -9.710207677079266131e-02 -1.682889462126213598e+00 1.192494609766874163e+02 8.937680472055389291e-01 6.244805752896378515e-01 4.709759227377095847e+00 -1.347537184703768709e-01 -3.138073625062021144e-02 5.104573899449480479e-01 -9.577197913673956009e-01 4.015985496844565183e+00 8.109209891020263683e+00 3.135485164119189250e+01
1.115838515482755024e-04 -1.566592349460860078e+03 -1.045840707315422169e-01 -5.851870690032620614e-02 -1.731170715678035821e+00 1.156904575242557058e+02 9.428018588169867487e-01 6.012467074084146823e-01 4.713485308550669828e+00 -1.721916922118027493e-01 -7.814564337793150628e-03 1.184421542944107952e-01 1.736588213583615925e+00 3.907753250805168221e+00 9.340584272497288509e+00 2.883221125883583724e+01
1.101028998079260559e-04 -1.566605710419620664e+03 -1.037212627910066021e-01 -7.803263850285920011e-02 -2.118007183249674519e+00 1.209834686941704120e+02 9.540371908602901518e-01 5.939280927683778799e-01 4.708171625363342550e+00 -1.520702754282470259e-01 4.079497380072827362e-02 2.403606401165037376e-01 1.035268808682900499e+00 3.019711805560820750e-01 8.568499589401978866e+00 3.494034350297692271e+01
1.111151431081298073e-04 -1.566596558811988416e+03 -1.215222481124443032e-01 -5.544978908577347099e-02 -2.149214865644493155e+00 1.302359777656336917e+02 9.747884450397149569e-01 5.812543623677315363e-01 4.704902293576937566e+00 -1.530643428209121915e-01 5.827838845743826823e-02 1.157012946288209637e-01 -4.147664562081615713e+00 7.794977159691907076e-01 8.979384157874248373e+00 3.178118304992239018e+01
1.108937330987879843e-04 -1.566598553417668427e+03 -1.042123394529068381e-01 -6.341214221741856005e-02 -1.590181340077559957e+00 1.414272381992938961e+02 9.300983673319551670e-01 5.862289149644777098e-01 4.697847846871519017e+00 -1.453965268016346180e-01 -2.987012927966503639e-02 3.151962992826025656e-01 -3.826916229799593339e+00 1.522266969144481230e+00 9.107641750017325677e+00 2.730202210999355117e+01
1.224559119162662061e-04 -1.566499374738469214e+03 -1.251804030480979657e-01 -9.869194154848137668e-02 -2.069978499518589921e+00 1.209401789540137031e+02 9.592227285837459094e-01 5.792354714154244189e-01 4.699336616922062504e+00 -1.775860813092438040e-01 3.206745549912914939e-02 1.628939752726208112e-01 9.408131866461644677e+00 1.222286294133789752e+00 8.542199530448435496e+00 2.604756991302759062e+01
2.153125325146575608e-04 -1.565935035188729671e+03 -1.041093873452271085e-01 -1.134605774521164900e-01 -1.793866316953778961e+00 9.739999690947328759e+01 9.112071441461589982e-01 5.923686243497114923e-01 4.690613676904222373e+00 -1.692294596551824348e-01 6.311181372637975073e-04 2.586708347576839317e-01 9.017214191416371705e-01 2.404022601593114317e+00 8.816588532421953062e+00 3.474812079690659061e+01
1.104445999814741104e-03 -1.564300026670352736e+03 -1.163990462043978658e-01 -7.685360847792778449e-02 -1.346094294574611494e+00 1.027260531069532021e+02 9.549094402264033388e-01 6.026951811780174584e-01 4.714793256245131126e+00 -1.238868000482264975e-01 -7.324111281292378095e-02 3.739858874925107435e-02 -2.556454012238958740e+00 2.374532493017889045e+00 8.712307374344806732e+00 3.222269158378799148e+01
1.107131500435703099e-04 -1.566600183178374664e+03 -8.934689261111358749e-02 -1.140046857656920876e-01 -1.823943302076732831e+00 1.167905563850484754e+02 8.944664835896660726e-01 6.156049040405475736e-01 4.696019365664980683e+00 -1.617101957373274779e-01 -7.762940123736239428e-03 4.573343978733973025e-01 6.773413770383740484e-01 2.687415350428712379e+00 8.088203656028802868e+00 3.248133542223818893e+01
1.737475186192645547e-03 -1.563846937504940115e+03 -6.128152409912875076e-02 -1.142852647147329370e-01 -1.855422718578919605e+00 1.045846615110228583e+02 8.115667978858813747e-01 6.345747809979220833e-01 4.701073774679700001e+00 -1.583175187477303680e-01 8.622109292892865540e-04 6.258640188760385970e-01 2.712031564452814791e+00 2.374172238998051299e+00 8.757060773227909323e+00 3.114451395055040095e+01
1.217584594162649680e-04 -1.566505086559541724e+03 -1.089407618261561406e-01 -1.048180230958806469e-01 -1.824258923650646347e+00 1.095229537615196307e+02 9.010209908011175273e-01 5.933932268040957858e-01 4.704906090763795845e+00 -1.626021388622636010e-01 -1.497410569481294473e-02 4.420969884064662181e-01 -3.074800523741231473e+00 3.087318873612909798e+00 9.903071923946571431e+00 3.506035869381207704e+01
1.349319671429463218e-04 -1.566402355096623978e+03 -1.219343467678068449e-01 -1.056838461155862885e-01 -2.056253906365978601e+00 1.129751567101700829e+02 9.284349754816207945e-01 5.882350350158767061e-01 4.704209812478655550e+00 -1.793401629595430258e-01 4.520337453461542587e-02 1.552925984512520396e-01 3.263705298124364163e-01 1.161161992411896549e+00 9.254123103671574313e+00 3.424860572189458452e+01
1.702331869378328837e-04 -1.566169956615933643e+03 -9.783019646543164582e-02 -7.829777359615708310e-02 -1.594414761012087567e+00 9.967092264369431120e+01 9.058868786834898268e-01 6.020771636511341729e-01 4.709457001268201992e+00 -1.775229383662573213e-01 -5.105425040681144111e-02 3.545128746355216687e-01 7.514858176062944040e-01 3.227515177389284062e+00 8.557746155487544470e+00 3.079082481220696366e+01
1.713381611280461185e-04 -1.566163486646768888e+03 -9.799516055348776733e-02 -7.356847256041007532e-02 -1.565391669663369623e+00 1.052799235984210071e+02 9.036281723167539637e-01 6.070732653341217588e-01 4.702811983322086498e+00 -1.739163154580163351e-01 -6.197523071447741394e-02 6.279720183153976454e-02 -7.692985958259441759e-01 2.307055809886771058e+00 8.400737620501864455e+00 3.103158196486166531e+01
1.111952010746670977e-04 -1.566595838575867219e+03 -1.219934241595158481e-01 -1.446146588947979650e-01 -2.159912378305307357e+00 1.022250238208151387e+02 8.885839285035216362e-01 6.090456276577704831e-01 4.698466775469650969e+00 -1.506681032529266773e-01 2.170595373318096044e-02 4.696311677375964999e-01 1.240383814161333476e+00 1.318053300495947155e+00 8.672948942804016070e+00 3.714047377562324215e+01
1.059438561113518662e-04 -1.566644216506482962e+03 -8.814062616332307698e-02 -7.986072480268779916e-02 -1.629999715690410689e+00 1.640085211370331706e+02 8.934596540292840672e-01 6.237778659338744092e-01 4.716160738374751915e+00 -1.383996065074664106e-01 -4.727693025427148754e-02 7.997714751144657797e-01 -7.479719122939172848e+00 2.763536804894495269e+00 9.230022185337304563e+00 3.419270506906013907e+01
1.513922394979010338e-04 -1.566287251719529650e+03 -1.262648560664146602e-01 -1.188191184391343552e-01 -1.999617116518272120e+00 1.289244979538538871e+02 8.804124012180459813e-01 6.062754586593616102e-01 4.699020877998886903e+00 -1.465754816649198489e-01 2.458571725432601163e-02 4.403521894008866622e-01 -5.198065672242876190e+00 2.295052498409777542e+00 9.152210968128571267e+00 3.233309784740712445e+01
1.037068193847549515e-04 -1.566665557927174177e+03 -1.328746260581598615e-01 -5.839052236798872308e-02 -1.637525183750167201e+00 1.214671659411287550e+02 9.502316670046834224e-01 5.957999771452247018e-01 4.701976959568008319e+00 -1.585605464837733791e-01 -4.069962135380222890e-02 3.215864480590510111e-01 -5.615299466352666968e+00 3.581140777858538016e+00 9.889742327368944430e+00 3.284028128577220684e+01
1.579009420928353729e-04 -1.566245157913316234e+03 -1.456658133267548783e-01 -1.057058606074439550e-01 -2.502946210022637175e+00 1.272867685947543066e+02 9.410786160307859083e-01 6.105664190172443995e-01 4.708873656619843473e+00 -1.087498634924208840e-01 7.897639935457689830e-02 1.182716329023145579e-01 8.746088823212261332e+00 2.094264715048588243e+00 8.090655216815513029e+00 3.438192975635467974e+01
1.081907453095752114e-04 -1.566623229971378123e+03 -1.005456173166907469e-01 -8.755450523307088673e-02 -1.710624335107296057e+00 1.282010651523922888e+02 9.354697770193234341e-01 6.042720312166943719e-01 4.714776221903707487e+00 -1.397002347182385584e-01 -1.059270477673024402e-02 3.527745790099065526e-01 3.411759192837223509e+00 2.647232293484735877e+00 8.058667822423149829e+00 2.902424033002548498e+01
1.352735084791628184e-04 -1.566399827083323544e+03 -1.062938662416196695e-01 -7.228875495249932615e-02 -2.185058934346630011e+00 1.215724741468663410e+02 9.414281592025131040e-01 6.080393764226781350e-01 4.710002396198985863e+00 -1.553435494969301889e-01 4.674487929758375238e-02 2.128453086956882123e-01 -1.314351116697196176e+00 2.926212321805454764e+00 8.895968466840820099e+00 3.730848063255909608e+01
1.293577316320683262e-04 -1.566444544121145782e+03 -8.381029028152298110e-02 -9.007875918254601433e-02 -1.596236641661727074e+00 1.125467100728057233e+02 8.531084150346852635e-01 6.317002975027479206e-01 4.704507998223167675e+00 -1.516685448507699707e-01 -3.954386075228999431e-02 6.897356538417805938e-01 -5.258128554345319117e+00 3.278277092850445662e+00 8.215995326112945918e+00 3.719356230121206863e+01
1.794870040885984219e-04 -1.566117022996262449e+03 -1.333846089806371982e-01 -7.452564033711447933e-02 -2.268499130578407019e+00 1.134368152737191764e+02 9.682207506683092602e-01 6.004035745809390701e-01 4.715573934521179567e+00 -1.591395773914965339e-01 7.599341061557218779e-02 2.864332356277508040e-01 2.598065262654301932e+00 2.646184456575384480e+00 9.457391200570208767e+00 2.928201152047904543e+01
1.832894881856671297e-04 -1.566096058995343810e+03 -1.275483469019554061e-01 -7.990929558645583353e-02 -1.892647633866801460e+00 1.117036183859281664e+02 9.416475535218954418e-01 5.923239321695499271e-01 4.707480624740962405e+00 -1.492534799017783964e-01 -1.460915768341575216e-02 2.100793332791991985e-01 -5.504802519806787586e+00 1.178724405529796293e+00 7.890492138527549493e+00 3.156344800971677600e+01
1.093588608452772290e-04 -1.566612491025145118e+03 -1.273636470376619534e-01 -9.224525479442385878e-02 -1.655213410195577772e+00 1.431615122103472117e+02 9.460048862466445829e-01 6.020968342082129166e-01 4.722757475442213249e+00 -1.485449233759252863e-01 -2.982675712286475544e-02 3.963898203328300451e-01 -1.639908916542054840e+00 2.870552433425266337e+00 8.680322554574516403e+00 3.112284498573436764e+01
2.736561899716903937e-04 -1.565695253263583254e+03 -1.275451394656875737e-01 -7.838854542145667903e-02 -1.849128320308778051e+00 9.117768631027482229e+01 9.347314750399244865e-01 5.903046764275761138e-01 4.700243442529324689e+00 -1.687083433098861551e-01 -4.837859759291074369e-03 2.884409997442070883e-02 -6.349057038707400125e+00 3.284961955751564133e+00 8.651534463851584533e+00 4.082295732764651319e+01
1.125608864787229946e-04 -1.566583631512563443e+03 -1.249116221709379304e-01 -1.133455241393778040e-01 -2.262741407456049458e+00 1.547813398891831014e+02 9.478403188020949610e-01 5.824605388786093796e-01 4.700789816350589234e+00 -1.406847936740482918e-01 6.944620859806760471e-02 5.086866596883814484e-01 -8.571572190295171367e-01 2.814688700018219691e+00 8.936337276710171196e+00 2.623015240085435806e+01
1.342249560134646622e-04 -1.566407608632348001e+03 -1.361913519110579951e-01 -1.238028544915548423e-01 -1.967530772362230174e+00 9.483411296889666176e+01 9.148494649590498407e-01 6.045038927457981881e-01 4.710893739790630086e+00 -1.427653944910480810e-01 1.332704624191727305e-02 2.576515405238668371e-02 4.970803700028938010e+00 1.683072832663445872e+00 7.919816518791922277e+00 3.466509796677152622e+01
1.866957369765441771e-04 -1.566077645584210359e+03 -1.287257410634508326e-01 -1.189173235197277384e-01 -2.183141707699588263e+00 1.441918664075844845e+02 9.198220498984435167e-01 5.935037100817073252e-01 4.699775789379037505e+00 -1.571329606182847449e-01 3.735690589985951604e-02 4.236367997936142937e-01 9.266627342088867181e+00 2.282870860185748363e+00 8.605106322541743680e+00 2.746487521040153013e+01
1.252145344265680063e-04 -1.566477097259351922e+03 -1.318683580982872028e-01 -8.822985404970695722e-02 -1.773282187933588716e+00 1.501129283737222124e+02 9.606364025516770377e-01 6.183687554261854125e-01 4.708775333116885342e+00 -1.648184535185626132e-01 -1.900786331557635656e-02 2.754264621828724224e-01 -2.220146569566480821e+00 3.574389244208608929e+00 9.022728297809589293e+00 3.260875195835421891e+01
4.586057913264689288e-04 -1.565178934802331014e+03 -1.260766028371741732e-01 -9.273976946616868666e-02 -1.753388128646076405e+00 1.320014726150958779e+02 9.568128948895939789e-01 5.790508170710777502e-01 4.700663643478369735e+00 -1.687185348763828863e-01 -2.720556877635083026e-02 2.732712353230304370e-01 -4.636836071784642854e+00 3.729253845607405360e+00 8.147994236890610864e+00 3.780231354841634328e+01
1.564149434521691553e-04 -1.566254613431032794e+03 -1.346017537645428919e-01 -1.162438291068857432e-01 -2.355792996080518176e+00 1.332172631999258670e+02 9.294728585497274986e-01 6.125340428041650132e-01 4.706161144817638586e+00 -1.232604704756776748e-01 7.761028368149447410e-02 5.209961973923382672e-01 -1.227605662138813614e+00 2.329912161689984273e+00 9.023232295306438999e+00 2.656617642533753809e+01
1.824167934011672711e-04 -1.566100831658461630e+03 -1.190700253270740028e-01 -9.400895045000579042e-02 -1.901952015467042401e+00 1.397209255708634146e+02 9.447738648563968056e-01 5.976145657676238399e-01 4.708794286489160541e+00 -1.612403049853510240e-01 -8.696170365849908990e-03 2.591772490181251665e-01 -6.834986445963920687e+00 1.543914014250358235e+00 7.570638505007720731e+00 3.310882784374780385e+01
1.049871980127175538e-04 -1.566653287381913287e+03 -1.121612431515574965e-01 -8.813609486915133240e-02 -2.030819469579880021e+00 1.221426516253804522e+02 9.228092076963351209e-01 6.220782352501623702e-01 4.716419686829137703e+00 -1.633226063369535019e-01 1.985071281137029686e-02 3.820961063626048260e-01 -5.223759859190948873e+00 6.129750646381992851e-01 8.588768124133562054e+00 3.112430998206938781e+01
1.254781616525047167e-04 -1.566474994068255910e+03 -1.388324683720191521e-01 -5.726786757787451221e-02 -1.965657429667368339e+00 1.267032756552963377e+02 9.818575832049311058e-01 5.892474351703171909e-01 4.705490344801697589e+00 -1.702931882081890613e-01 2.863419518001308894e-02 2.786280960513764504e-01 1.534913630776856053e+00 3.168459121544620061e+00 9.131908513287712026e+00 3.246056383573881021e+01
1.698813481710770474e-04 -1.566172025559515532e+03 -1.153513710550909122e-01 -6.657770802222269524e-02 -1.899479256206028310e+00 1.247423556146711121e+02 9.214689656312357036e-01 6.147456384962330933e-01 4.714878243267602187e+00 -1.466717902800453999e-01 5.018605686049282255e-03 5.959578781435205252e-01 -4.193596023872544265e+00 2.745736967718515054e+00 9.386447320336777977e+00 3.547480631156463460e+01
1.586289435479253519e-04 -1.566240558014401358e+03 -1.254693226868558720e-01 -7.643040522368861611e-02 -2.123224782150969325e+00 1.434892902290844745e+02 9.694988787247107442e-01 6.071208084411621186e-01 4.705950163316369839e+00 -1.663594246847588387e-01 3.952926570116166438e-02 2.497424281877741181e-01 7.168302402197610945e+00 1.863934132179334568e+00 8.741063027218331172e+00 3.679479460419232595e+01
1.275303029878369619e-04 -1.566458771794096947e+03 -1.280148715242127866e-01 -1.191333000861127811e-01 -2.101350670740514737e+00 1.151525577017946489e+02 9.148442030068686392e-01 5.910521166726092623e-01 4.697839132707311904e+00 -1.605163149630226549e-01 5.229340047002173364e-02 4.573713485323720462e-01 1.651366626749450006e+00 2.613233570835760133e+00 8.544793943286222770e+00 2.499297715931059116e+01
1.461419777230725026e-04 -1.566322547201606085e+03 -1.268125681164916085e-01 -1.080700528375365399e-01 -1.713025153057071703e+00 1.330008935164383104e+02 9.430740254252804045e-01 6.002576371259700228e-01 4.710550502237774495e+00 -1.397414349045300597e-01 -3.946763607510117566e-02 2.001197801241340057e-01 -3.387486345048898784e+00 3.924165619506592151e+00 9.606143157742552674e+00 3.000938912017314664e+01
1.080413027981531871e-04 -1.566624612213617638e+03 -1.163025877222391424e-01 -1.155089652245736287e-01 -1.846846717651175362e+00 1.243579404880428996e+02 9.419230303160741613e-01 5.982458626536163449e-01 4.715927140168687082e+00 -1.810833718670599168e-01 -1.274774140617962459e-02 6.182362789674083342e-02 -4.092771278830355186e+00 2.529221161601036272e+00 8.380901814075469858e+00 3.241065778202833769e+01
2.758080372737522806e-04 -1.565687420694340290e+03 -1.167243227402592065e-01 -5.442284771462936599e-02 -1.619503804075286713e+00 1.260598102344425087e+02 9.111517815295333556e-01 6.012837250289382318e-01 4.701568390630887606e+00 -1.692840136169435628e-01 -3.604368171141292265e-02 3.833005486083458369e-01 -2.676454750465893540e+00 2.678024894217978513e+00 8.397555371235654320e+00 3.270451542097863040e+01
3.492403864774226122e-04 -1.565451365329382952e+03 -1.495746941706819766e-01 -1.375109656034161354e-01 -2.245703721186799839e+00 1.149418826320202527e+02 9.133431731803465237e-01 5.930380644701217507e-01 4.698126779856235835e+00 -1.531699436139581927e-01 5.808260812488352798e-02 3.620365957228734444e-01 5.711253247068810879e+00 1.920507263738047143e+00 8.058569976598374041e+00 3.244296163913706721e+01
1.304700557993102841e-04 -1.566435982057992305e+03 -1.376993513293580940e-01 -8.773373957543650903e-02 -2.098250810251745424e+00 1.338194725450815952e+02 9.576384372701831627e-01 6.201710041195380718e-01 4.717611032247402747e+00 -1.628915638245520547e-01 1.428308080804230329e-02 4.096012518600355284e-02 -7.110582065411961139e-01 1.132534549919017586e+00 9.159269268164793587e+00 2.780081364132780308e+01
1.138323036894893855e-04 -1.566572399455834784e+03 -1.159447125800555090e-01 -1.070121995936336029e-01 -2.160584809303770726e+00 1.561814228900058197e+02 9.622118773099385125e-01 5.819074939258612744e-01 4.697156283637202279e+00 -1.584440637320962963e-01 4.592412984018823252e-02 3.020446780002112863e-01 5.105774231084296844e+00 3.729625071500652922e+00 9.370233383758751700e+00 2.817755075512395990e+01
1.350479600208517785e-04 -1.566401495826186647e+03 -1.175023438812218546e-01 -1.186489720458883540e-01 -1.965827927246784457e+00 1.044663719969571929e+02 9.521824615104470535e-01 6.040087791238402115e-01 4.705707468924808623e+00 -1.642206402044894542e-01 -8.394482514799461725e-03 9.821268519313214318e-02 -1.912718886677907904e+00 3.274257654833578890e+00 9.468015324159196666e+00 3.737263127071754809e+01
1.117424312364284991e-04 -1.566590929299177105e+03 -1.191487331834076707e-01 -1.039101324250412128e-01 -1.739716321232949614e+00 1.413132551331413822e+02 8.891877115647864871e-01 6.101342896522754522e-01 4.704492781959265457e+00 -1.625629966110757607e-01 -1.820854495996382383e-02 1.040233504433342615e+00 -7.068861723265342789e+00 2.783248982630714963e+00 8.273451910658312869e+00 3.437141912948516165e+01
1.465786549074754911e-04 -1.566319563623001386e+03 -1.062503178234300572e-01 -9.266239900007666730e-02 -1.816952626019091577e+00 1.200323585567609257e+02 9.236507966128486569e-01 5.835752691854069196e-01 4.693902314329518433e+00 -1.643406303953436343e-01 -1.111413535483762871e-02 2.947920766415889626e-01 -9.196002980698409601e+00 2.405973548028739195e+00 9.047738171899300852e+00 3.680554486688125593e+01
1.212657115343611467e-04 -1.566509141699861402e+03 -1.379370570224005277e-01 -8.968907238199257115e-02 -1.841490278383073553e+00 1.526161869607023789e+02 9.562072925771244458e-01 6.069732084122525517e-01 4.712456716422325442e+00 -1.851362119440906895e-01 -3.971997243997549276e-03 9.254965434865189411e-02 2.741738803326057905e+00 2.442271250999827892e+00 8.246606843516634200e+00 2.979296664959962726e+01
1.047445209944715487e-04 -1.566655601549056883e+03 -1.325137388603393196e-01 -5.845097303912433206e-02 -1.844040998380519270e+00 1.585258254921609762e+02 9.415831830600206453e-01 6.174037458278143209e-01 4.714005984752882128e+00 -1.594788217645128903e-01 -5.051701832297750272e-03 5.073303655712124716e-01 1.196241581772312657e-01 3.072708145993696682e+00 9.146808598242461841e+00 2.724385648033089780e+01
1.059019289267918123e-04 -1.566644612333901478e+03 -1.135566919488830429e-01 -7.685304158510024297e-02 -1.800874395790093452e+00 1.475565838603500879e+02 9.367296774159904471e-01 5.999807392896110425e-01 4.702599149269889978e+00 -1.834004734134899728e-01 8.447591474522120336e-03 5.392324258076163224e-01 2.565219571756074401e+00 2.150007804278319945e+00 8.758820377666065582e+00 2.855216187800402139e+01
1.428545650908361964e-04 -1.566345298715549234e+03 -1.474878696040421155e-01 -1.001765342170983508e-01 -1.880288835888368926e+00 1.389510539628435026e+02 9.683184808716920333e-01 6.028345058001407519e-01 4.711677292544919737e+00 -1.623351259686973691e-01 -1.400767906912836480e-02 1.388967113228263550e-01 4.635569024161753759e+00 1.509377328288374898e+00 9.187736237511456849e+00 2.336463927564580345e+01
1.162844010557488323e-04 -1.566551086877198031e+03 -1.364789444076597580e-01 -1.117768070284680948e-01 -2.075102003490416180e+00 1.419537779325124802e+02 9.632696597117988979e-01 5.854555063791541114e-01 4.704814278623096868e+00 -1.739106890051735910e-01 2.343640542885760958e-02 2.116561053448422491e-01 8.845653401842923813e+00 1.816491291783961515e-01 8.834171314896387628e+00 3.352419065765921147e+01
1.335079240262795040e-04 -1.566412964968868209e+03 -1.372851354996487971e-01 -6.336663993673648243e-02 -1.946269558343751038e+00 1.108013075810645063e+02 9.706133904088662945e-01 5.948702064623268004e-01 4.702925880771687162e+00 -1.489253870093798504e-01 3.366853862943863795e-02 2.027267365960907786e-01 3.521208270288980202e-01 6.584486036181891322e-01 8.501926333258523982e+00 3.154964632296852756e+01
3.638614038048466480e-04 -1.565410352764597292e+03 -1.109933425006523894e-01 -6.971920837547337935e-02 -1.602648908271459005e+00 1.400381671736985254e+02 9.271191889784963225e-01 5.971732622163861137e-01 4.706913719512451522e+00 -1.570044641710492961e-01 -4.283195027657948906e-02 8.164845658060134737e-01 1.561427777809939244e+00 3.071847181240094926e+00 8.906157655574119758e+00 3.661053550813764446e+01
2.075051973445157826e-04 -1.565971969414148589e+03 -1.286671194268548535e-01 -9.170747159052836106e-02 -1.964045354062838422e+00 1.443552083876077461e+02 9.485837480940811917e-01 5.856512499178692099e-01 4.695471769600739975e+00 -1.797833947166753710e-01 -2.618106439833400856e-03 5.061207705581199923e-01 3.101534524410681115e+00 2.337967310844568658e+00 8.011900364468749203e+00 3.120936790321038501e+01
1.384010088919544930e-04 -1.566376970468110358e+03 -8.863542256104367523e-02 -1.073630538379315991e-01 -1.886218563703065954e+00 1.039769649837975720e+02 8.722040610302532748e-01 6.288278965739545479e-01 4.703782662170159945e+00 -1.693165028249996595e-01 2.814407549599939884e-03 4.652817157811685034e-01 -1.924756129839636287e+00 1.835714506636776377e+00 8.156609993180907736e+00 3.857198164222342029e+01
1.466204326140523582e-04 -1.566319278644577935e+03 -7.491021892655762293e-02 -9.260585424971709556e-02 -1.871898731365418067e+00 9.644123863997693036e+01 8.787365614527060664e-01 6.159116880356128032e-01 4.698998899155604647e+00 -1.819673706138371649e-01 5.520415746570694893e-03 4.052476624835515406e-01 -2.096190043275953485e+00 2.218943480453150485e+00 8.457268307951126829e+00 3.564317646649428895e+01
1.480481345052585371e-04 -1.566309588346918190e+03 -1.497774061423124137e-01 -1.101476290991124374e-01 -2.459151512615402435e+00 1.051816826924085717e+02 9.323847104752881476e-01 5.923790937824104930e-01 4.698057769615335388e+00 -1.483746851388549892e-01 7.253968836002200327e-02 1.633124077873616964e-02 1.317328304301020125e+01 1.152771832310106603e+00 8.826128382501408964e+00 2.803125489223812394e+01
3.110767630773243384e-04 -1.565567086092611362e+03 -1.272278424291833632e-01 -7.444000904766261140e-02 -1.408619625619825788e+00 1.276589415195581694e+02 9.659375930604756633e-01 6.023241503745332404e-01 4.711896018470545400e+00 -1.355390218436296479e-01 -5.678857853088703500e-02 1.872810597976638236e-01 -5.752626107233453467e+00 1.296937742371384594e+00 8.591576621822749615e+00 2.661237624092427367e+01
1.236630797787485335e-04 -1.566489565031914935e+03 -1.100043526503741986e-01 -1.132977245230497865e-01 -1.728422960175512335e+00 1.465565763272236666e+02 9.056980138880773579e-01 6.033117358763164795e-01 4.703955425276935998e+00 -1.471346132586979216e-01 -2.882514153052695427e-02 1.175189138143934109e+00 -4.591515838520734860e+00 2.770176723111084094e+00 9.295800282965615224e+00 3.307236227395360117e+01
1.574487698720091887e-04 -1.566248025666249305e+03 -1.156783413183210402e-01 -9.626427449023688965e-02 -1.985336258537627296e+00 1.305503556863352230e+02 9.187757672091860783e-01 6.283778018614616379e-01 4.719859677326265768e+00 -1.696686348297946623e-01 1.347983669436736420e-02 2.999233607802880286e-01 6.747901910415123439e+00 1.826571649427011224e+00 8.912930659661810751e+00 2.918663989950254134e+01
1.032011097377443128e-04 -1.566670446194686747e+03 -1.081654842128249860e-01 -1.056454233971498013e-01 -1.867368118031295099e+00 1.075110809402735725e+02 9.603666808568603885e-01 6.053656957542962180e-01 4.711353847893978042e+00 -1.763336568084481470e-01 -8.767840871151122428e-04 7.204029069299021371e-02 9.480874216240806618e+00 1.770234279615867656e+00 9.073913972793445026e+00 2.893948359596110009e+01
1.580099108060424552e-04 -1.566244468043268853e+03 -1.106477840004159441e-01 -1.091848305723354673e-01 -1.819768823366055166e+00 1.010111638473720035e+02 9.227918145635327640e-01 5.948303512886916611e-01 4.705155519173535694e+00 -1.789554080716171391e-01 -1.379758980590350959e-02 2.955212148702299757e-01 -5.275342864595558012e+00 3.052188712473813403e+00 7.752209803507992270e+00 3.638171312012084258e+01
1.647932177580198061e-04 -1.566202434338701551e+03 -1.427252430183842402e-01 -1.499804132251146560e-01 -2.230227521784439837e+00 1.149889858984689539e+02 8.767887978965368534e-01 6.181375050869836185e-01 4.705934461038180139e+00 -1.457262505126355467e-01 3.633328405519775650e-02 6.998042155940179532e-01 2.968145705291618697e+00 3.897799344382724129e+00 9.164355521095179924e+00 2.953651106080268463e+01
1.472599520721962619e-04 -1.566314926394472423e+03 -1.149451668591963127e-01 -9.284532667573029696e-02 -2.084620910658893322e+00 1.281919165536977800e+02 9.407470609379909865e-01 5.973643067817620000e-01 4.701288253389352079e+00 -1.432626030147328144e-01 4.098727482624076046e-02 8.132121599034902726e-01 -5.291575346353170062e-01 1.712017695458367683e+00 7.991240574901192772e+00 3.329981693449946079e+01
1.230059860254482267e-04 -1.566494892779887323e+03 -1.498292168480511166e-01 -1.030414483654091828e-01 -2.168337041403088694e+00 1.305672716881508961e+02 9.581062099804371623e-01 5.848826923156051905e-01 4.707121171750295652e+00 -1.534021204346032174e-01 4.024043270789112725e-02 4.123658206343872035e-01 5.840578658547627811e+00 1.336966437019193599e+00 7.524595024944291666e+00 3.198884005280189058e+01
1.589126782223636996e-04 -1.566238770943160944e+03 -1.282457575629598612e-01 -6.860450259189229683e-02 -2.077133554967731666e+00 1.272979070242173947e+02 9.662902788298922685e-01 5.922448446418827617e-01 4.708407087010639813e+00 -1.508469317142506760e-01 3.644626575514586797e-02 3.785501387240263194e-01 4.204699552114277594e+00 9.833675032989708242e-01 8.934168092471384881e+00 3.954631354831461465e+01
1.724956922172112526e-04 -1.566156753537443365e+03 -9.375123895524373197e-02 -1.188416508753530471e-01 -1.990839649069939821e+00 1.336777361979118837e+02 8.898885121390096575e-01 6.188288394223084854e-01 4.717181214280624424e+00 -1.668477374001462454e-01 2.243044312249953265e-02 5.731516777746299418e-01 -2.075835257275741697e+00 3.598932928182363433e+00 8.736491430629268251e+00 2.803342073266723489e+01
2.161981054990120524e-04 -1.565930930658506668e+03 -1.123409907487760429e-01 -5.506265215179201311e-02 -1.490051585030239822e+00 1.267730864839352591e+02 9.149660247722211093e-01 6.101144844774488707e-01 4.704233580243277757e+00 -1.499622238519315864e-01 -3.969504346949825901e-02 6.372966831464684789e-01 -7.267354742257623457e+00 1.974157941923349036e+00 8.697604191822417619e+00 2.872834376072264106e+01
2.173331516238623923e-04 -1.565925694363777438e+03 -1.371596867498256489e-01 -7.577283558078069803e-02 -2.508606479320493854e+00 1.568129536233845442e+02 9.678104829560472133e-01 6.106790017934526915e-01 4.716975400215812186e+00 -1.388803337477177990e-01 9.319720277924270491e-02 4.899149049650868837e-01 5.398802430244842299e+00 1.687320047301654746e+00 8.824254435377266503e+00 3.495410056857761560e+01
2.676948303039495798e-04 -1.565717278162137291e+03 -1.240650080618769246e-01 -9.345170953393344693e-02 -1.729860560548543535e+00 1.263251036923572599e+02 9.540610622173474331e-01 6.002380466732482045e-01 4.712746672209933152e+00 -1.283168833564869438e-01 -4.178086675495773505e-02 2.783185854881514015e-02 2.814852850257238970e-01 2.974870338445900764e+00 9.396261337953347947e+00 3.008151256749458469e+01
1.161595354250333272e-04 -1.566552161249320761e+03 -1.436692401990616319e-01 -1.012946836816406293e-01 -2.411853230913116874e+00 1.454013434482359060e+02 9.572386770233398678e-01 5.812842320096287541e-01 4.697488132792051907e+00 -1.365028873579525737e-01 8.659975090085070271e-02 6.333404538624607394e-01 -1.296152718130315407e+00 2.390598682694422550e+00 9.251120928893797668e+00 3.691318302228408044e+01
4.031452159477094113e-04 -1.565307828966569105e+03 -7.981325176305262281e-02 -1.348351091191649365e-01 -2.026471193404476345e+00 1.656434630406644430e+02 8.338761120908411151e-01 6.413732038166957139e-01 4.704991886611676222e+00 -1.518182558500558166e-01 1.282645288988337740e-02 1.135722025994598816e+00 -2.603401030248335246e+00 2.287125525976319018e+00 8.677946148364146239e+00 3.234417786498955394e+01
1.304831510639309540e-04 -1.566435881693143074e+03 -1.141694793426593080e-01 -9.640568348454903180e-02 -1.822207124306970627e+00 1.357729308250827387e+02 9.233031566885432362e-01 6.175871431198625139e-01 4.710592652783591738e+00 -1.868594205042237721e-01 -1.864912547959507449e-03 4.832145509892793456e-01 3.390780672636850568e+00 2.598193425614736540e+00 8.835048949949243280e+00 3.278813351957132483e+01
1.153942805865788737e-04 -1.566558771009744760e+03 -9.156363329827668651e-02 -8.144818277969655129e-02 -1.663688132870986713e+00 1.319215815806415151e+02 8.924129207045528034e-01 6.379771512379337484e-01 4.714265398488518777e+00 -1.706522092389048950e-01 -2.897004108324030547e-02 5.533964939455013887e-01 5.025544441061526868e-01 3.517807230347780312e+00 8.885456727804829313e+00 3.036145628233200000e+01
1.921319411871212483e-04 -1.566048943471247867e+03 -1.167477220180219155e-01 -1.039930305487442863e-01 -2.043297328563219217e+00 1.441187820822371179e+02 9.270539245242118698e-01 5.987506285672417050e-01 4.700021788940077272e+00 -1.604020486236010790e-01 3.898875728853523626e-02 1.174386688082032615e+00 -8.224239477227968109e-01 3.354557280133230179e+00 8.387528969706847803e+00 3.201740648004813750e+01
1.850986784071685448e-04 -1.566086236721280784e+03 -1.262347779095228384e-01 -8.146963364749608416e-02 -1.974143352621592795e+00 1.603790275016118017e+02 9.311673670779823109e-01 6.017107066120931380e-01 4.710283945630183489e+00 -1.728865949854885287e-01 3.334303017323980711e-02 6.004364264599804102e-01 1.931911649300928957e+00 3.504848524266912513e+00 9.197594594602009010e+00 3.256999711835361921e+01
1.155895028616171273e-04 -1.566557080654529273e+03 -1.099008844729834067e-01 -1.135839561139863896e-01 -1.820389106575502236e+00 1.304415740126188155e+02 9.380152529093617186e-01 5.946807637571782656e-01 4.706156477222689816e+00 -1.633934977731748006e-01 -2.523813340367020430e-02 2.888093769046486403e-01 -1.379428182504454981e+00 3.771876331447154840e+00 9.982334577384509799e+00 3.383867090787218501e+01
1.659655090367641707e-04 -1.566195345811068137e+03 -9.560141241299055515e-02 -8.987136738631712474e-02 -1.673366746002738381e+00 1.186573972388143687e+02 9.130399248558607184e-01 5.845819652285957346e-01 4.696190987382669491e+00 -1.699163832948338282e-01 -2.490530814186087127e-02 6.225588620187589850e-01 6.485047221565878317e-01 3.481601349357044128e+00 8.762440204618137329e+00 3.343249572911444290e+01
1.187347802086975669e-04 -1.566530233532912007e+03 -1.380816514071296075e-01 -1.120146647110277643e-01 -2.325659119595730573e+00 1.237174249860511850e+02 9.287682007514259652e-01 6.321562369206413790e-01 4.726530983139049624e+00 -1.289123984290467817e-01 5.908227156324774576e-02 5.699166026322098899e-01 1.289792956389248957e+00 2.711853621688131710e+00 8.925772725012492970e+00 3.007378487663780930e+01
1.115469207127677649e-04 -1.566592680484998709e+03 -8.719624282445777308e-02 -1.103433302820639172e-01 -1.795330986075383439e+00 1.434393139655588811e+02 8.801538084877371659e-01 6.275994570712505327e-01 4.703460474782652057e+00 -1.439227825048408071e-01 -1.965723031725086223e-02 5.546439184745642903e-01 -6.561162460662018248e+00 2.147082214050910487e+00 8.777227409568100214e+00 3.109017506851230550e+01
1.224841280429415805e-04 -1.566499144346355251e+03 -1.353357757722011834e-01 -1.175679476949586244e-01 -1.932902431431056112e+00 1.156419753180898624e+02 9.303212870956532043e-01 6.020582164050314322e-01 4.707410224785641084e+00 -1.580723797690639643e-01 -8.500416301658875184e-03 5.186834201587700033e-01 -8.466462493581730087e+00 3.323678775844052247e+00 9.338472249151630322e+00 3.334733216453877702e+01
1.345087451824401750e-04 -1.566405496584077127e+03 -8.110149663678382914e-02 -8.453443333609012011e-02 -1.639426591077418172e+00 1.385527196529959042e+02 9.324399236825348103e-01 6.013233758663656392e-01 4.704641159387605853e+00 -1.540810648957564588e-01 -3.874295521845594337e-02 6.118287031365464701e-01 -3.253345751889924031e+00 3.056872942935440207e+00 8.380904040764969309e+00 3.710882804195247786e+01
1.117531470797409633e-04 -1.566590833406064576e+03 -1.209295756134279171e-01 -1.038621224010129462e-01 -2.083474235228985894e+00 1.374655063876036536e+02 9.521349898769373432e-01 6.246831898852647225e-01 4.716970113202348713e+00 -1.558481337128931887e-01 4.783771371978939868e-02 3.925384463541011781e-01 -1.943923174878165128e+00 3.647537457075467060e+00 9.065840025575200301e+00 2.986858426954108836e+01
1.720845294236653090e-04 -1.566159139994720135e+03 -1.432939936185610441e-01 -6.883311801089971038e-02 -1.610143917054492668e+00 1.193809241362808109e+02 9.579084769316139614e-01 5.886329132967313971e-01 4.699410027628255548e+00 -1.501586197562487790e-01 -3.821570585729805458e-02 3.956882821793499677e-02 -3.908206934101343677e+00 3.060134446800089059e+00 1.031432827217892978e+01 2.853258991423479785e+01
2.409165121343241611e-04 -1.565822675350155805e+03 -1.156918286479107771e-01 -9.600536353856967131e-02 -1.930903956395581655e+00 1.325218049083688925e+02 9.614816393839673569e-01 6.037770542596092582e-01 4.711386094590286788e+00 -1.453745633512073532e-01 2.202339961451227346e-02 7.424665235522981410e-01 1.282691635341734582e+00 2.094995840416835620e+00 8.298641274364747744e+00 3.081605725949576424e+01
1.076210483802220885e-04 -1.566628509555435357e+03 -1.224513184489396528e-01 -9.713932575916232881e-02 -2.063804770784102516e+00 1.273647663263277821e+02 9.395782644366980074e-01 5.816432435721550220e-01 4.703823324717848919e+00 -1.588529118777664007e-01 3.498456447808484526e-02 1.452663874144674294e-01 -3.700114604371606220e+00 2.628283039150636213e+00 8.516867138764428802e+00 2.414583564771455215e+01
1.153132325801686916e-04 -1.566559473613735690e+03 -1.386622450178562338e-01 -1.034039082184563946e-01 -2.283641005083513864e+00 1.394744190994353517e+02 9.333475197341918328e-01 6.066069117226753349e-01 4.719199722607810621e+00 -1.564034018166222673e-01 6.794947313197252647e-02 4.274262282837101856e-01 5.027735807864473827e+00 2.921034277090783782e+00 9.337762250732906111e+00 2.944210956767367904e+01
2.614695159410570353e-04 -1.565740808098078560e+03 -1.153437252198782625e-01 -5.023650692728191813e-02 -1.519686762092680832e+00 1.344268952618584194e+02 9.168090877919716775e-01 6.079068598271908375e-01 4.707828859759810136e+00 -1.594593318282444550e-01 -6.599525755803536953e-02 4.829746675138837930e-01 -3.342240048001627883e+00 2.564334909253007666e+00 8.568118229100306849e+00 3.163048407161039677e+01
2.124493749376852268e-04 -1.565948422076554607e+03 -1.424609032688657351e-01 -8.760843801022460964e-02 -2.684130448694033166e+00 1.525221686165044446e+02 9.539120815558995714e-01 6.004459044471694984e-01 4.710634323495661135e+00 -1.208122300423282169e-01 1.243972526519816491e-01 2.746191341442605349e-01 3.621040423155704957e+00 1.312525906832950895e+00 8.708896806293386916e+00 3.291246001660630327e+01
2.271469783907441374e-04 -1.565881528511096121e+03 -9.809806617384803085e-02 -8.390881216965892508e-02 -1.869083405672592457e+00 9.635907983972472834e+01 8.897655244568392074e-01 6.011270454136903307e-01 4.700086032664495761e+00 -1.586865672166524188e-01 1.028227324953068234e-02 2.243859659118487282e-01 4.722196537869166377e+00 2.921256971953223314e+00 9.734327014495946173e+00 3.254596454905567526e+01
3.003496805750056333e-04 -1.565602178403162725e+03 -1.294676652834651776e-01 -8.428051276943927805e-02 -2.065931954031491991e+00 1.231027575445917108e+02 9.601770783514853580e-01 5.851350608720280455e-01 4.703996144545415703e+00 -1.619722558756566677e-01 2.207282649772768224e-02 6.160405218901473523e-01 -1.013496987807229743e-01 3.420875558074909506e+00 8.523801501709060702e+00 3.680335530174905045e+01
1.096077797400249579e-04 -1.566610217445924945e+03 -1.128303478574244623e-01 -1.263435961543926678e-01 -2.206119317064612506e+00 9.984557014410262354e+01 8.930126995530884848e-01 6.135325017941464232e-01 4.704519817364536394e+00 -1.627478669854678373e-01 6.614915687863320848e-02 6.993593464089483680e-01 2.310011257391408890e-01 1.501917054700818710e+00 9.275177791999379195e+00 3.510281193610620676e+01
1.788573681945905785e-04 -1.566120537138471263e+03 -1.303935219100894327e-01 -1.248130273151817349e-01 -2.376722724769401829e+00 1.132883269526715395e+02 9.276027373461854797e-01 6.110896167025741121e-01 4.702222266210714707e+00 -1.413860865870697481e-01 7.208230860246356286e-02 4.515285056266180597e-01 2.209505655971611304e+00 1.733415744616162435e+00 9.254902863193192886e+00 2.692896733934646392e+01
1.072385306992946553e-04 -1.566632070188726175e+03 -1.293425357231096640e-01 -1.056118019795218577e-01 -2.053000416430515784e+00 1.120733856699112607e+02 9.619943489179922924e-01 5.918732673221713814e-01 4.710696338733321831e+00 -1.780471018902018976e-01 3.325825579980956626e-02 1.281091624824827642e-02 2.636891579145526521e+00 4.493808049193970255e+00 8.312679827020108547e+00 2.782422105973880733e+01
1.120469309779624636e-04 -1.566588207990832188e+03 -1.314835814593286745e-01 -8.011067597503827853e-02 -2.128979767004901547e+00 1.212279448475387085e+02 9.380048396865052762e-01 6.005258028643034596e-01 4.700443125495949559e+00 -1.544179019589941859e-01 4.553596104730628369e-02 2.333359794312942770e-01 -6.423245217860085177e-02 1.844356372658673138e+00 9.016917355660346800e+00 4.078516463450488061e+01
1.121462481989288099e-04 -1.566587321993962632e+03 -9.445717340916073845e-02 -8.839957059195679978e-02 -1.867449363778751037e+00 1.065584243390644446e+02 9.397859865001151336e-01 6.070879777355185913e-01 4.699966255785327895e+00 -1.444450123490794713e-01 3.504372689569379418e-03 2.086446816722631603e-01 -2.334448949894124326e+00 1.158924106435033075e+00 8.620370024534640407e+00 3.490789453611575510e+01
1.309344223835556256e-04 -1.566432429195578152e+03 -1.464349120467874077e-01 -1.170906450958784373e-01 -2.120241176343405698e+00 1.249641995216866377e+02 9.331006499664683540e-01 6.055957285317312699e-01 4.704223151040946682e+00 -1.720971752903925900e-01 2.881717716390608253e-02 4.396585880605182739e-01 -5.625038732261629093e+00 3.519812802002308949e+00 8.669864549091910177e+00 3.476098499703650191e+01
1.832095910599049725e-04 -1.566096494997132368e+03 -5.943695440208897340e-02 -8.781455289680034637e-02 -1.616893881357787333e+00 1.287346522938433964e+02 8.179319118194829930e-01 6.324155833848508212e-01 4.700972401546445134e+00 -1.485053891189207498e-01 -3.325176902720983207e-02 1.089880557905405167e+00 -1.362627048659589946e+00 3.011549889848974537e+00 9.573794301683813401e+00 2.946719994235669304e+01
1.231306320638304148e-04 -1.566493879959852620e+03 -1.451298134476134150e-01 -8.933042420099387981e-02 -1.654896508537312405e+00 1.115338503633383738e+02 9.722686748581819138e-01 5.835501297084404460e-01 4.697331172343069738e+00 -1.428609587406439729e-01 -4.773636382089008201e-02 5.855328163848039225e-02 -8.699289590736384525e+00 1.628666460767091984e+00 9.017173870750628595e+00 2.892760163298535758e+01
1.301331030339130486e-04 -1.566438568004798753e+03 -9.759879964768612692e-02 -8.712425675184737317e-02 -1.675751847753348400e+00 1.048977986427200193e+02 9.107098535042770227e-01 5.950026089853459599e-01 4.700296291161688345e+00 -1.468116304386777315e-01 -1.732270022959836453e-02 8.645791167715806136e-01 -1.328479927964707485e+00 2.313203057531687534e+00 8.229569171332329347e+00 3.189438507702402248e+01
1.253933187123025181e-04 -1.566475670453975908e+03 -9.053170945784136392e-02 -6.891237598584097623e-02 -1.628824789598692035e+00 1.294799028766672393e+02 8.959387661579880646e-01 6.315783549992610713e-01 4.717851127541498713e+00 -1.564234911433470820e-01 -3.197510244463330764e-02 7.502457692272546108e-01 -2.668651605520921066e+00 4.367164397270917320e+00 8.248872432356391116e+00 3.196517779958096739e+01
2.174493737078791609e-04 -1.565925159742075721e+03 -9.901233487621732832e-02 -8.987553434562720045e-02 -1.585787627491960228e+00 1.124567132180760893e+02 8.827263771438950135e-01 6.148515479526401872e-01 4.707644761620710661e+00 -1.513144473480285690e-01 -5.639214384238666611e-02 2.823787751109367861e-01 8.238550059422777849e-02 1.528637612920324962e+00 9.501702374058119460e+00 3.022438249871562022e+01
2.452753597320623744e-04 -1.565804744304252836e+03 -1.382177014564418271e-01 -8.072147775645589773e-02 -2.098103307523786043e+00 1.344005883018736540e+02 9.485829679077202314e-01 5.798650736995807353e-01 4.700936527445433555e+00 -1.473289056587838708e-01 4.691622846041298978e-02 4.266427907445051182e-01 -2.712521145650356402e+00 3.246561710868567374e+00 9.589827132697070766e+00 2.944106535520196744e+01
1.106278722153367089e-04 -1.566600953734429595e+03 -1.343840267008994116e-01 -1.190637615359798063e-01 -2.154599430109740865e+00 9.547782527501583161e+01 9.351781320548527843e-01 5.892764916330353042e-01 4.692602327282329178e+00 -1.601379414012533697e-01 3.792519509379932430e-02 1.778779067626083954e-01 1.283748151109307400e-01 1.452982073430586496e+00 1.004103682243073692e+01 3.571440748009746358e+01
1.277717681531433818e-04 -1.566456880189879030e+03 -1.000360501668908775e-01 -8.777441836533361741e-02 -1.760797664088184389e+00 1.212421549741759890e+02 8.593859355468786987e-01 6.208554038329693325e-01 4.704655003049007966e+00 -1.598602608561423555e-01 -2.034080268412985504e-02 6.399250069491555504e-01 5.862438302276302693e-01 1.079872113514790399e+00 8.598846003251336967e+00 3.287482268855723788e+01
3.933473333548029088e-04 -1.565332432779516012e+03 -1.227762292800589766e-01 -8.467044924182187682e-02 -1.546716720998808636e+00 1.431747615878462625e+02 9.736158774263651283e-01 5.986225221169654276e-01 4.706008678340859674e+00 -1.340441918167614155e-01 -4.929472010802848914e-02 3.062468768782360962e-01 5.358678136955461468e-01 2.455702954338945254e+00 9.256960647607836989e+00 2.881552201954373871e+01
1.800106612123941968e-04 -1.566114109722855119e+03 -1.344045195163401929e-01 -1.356461876906082387e-01 -2.266771234194143059e+00 1.021236647173601568e+02 9.011399564391847639e-01 6.182203307761302558e-01 4.715516554063889032e+00 -1.701108793177132927e-01 4.353300655593916879e-02 1.965611083013897031e-01 -2.078828189337912136e+00 2.821132917698254694e+00 9.448197088867571480e+00 3.090179394815883995e+01
4.296832559998429459e-04 -1.565244077477648716e+03 -1.152864269084491189e-01 -8.759242685222792812e-02 -2.351293078108896761e+00 1.327296143220413001e+02 9.603562335749187273e-01 5.975213426535690431e-01 4.711557589172770122e+00 -1.170764237913388683e-01 8.353341986035811573e-02 1.436104676253305637e-02 5.742462401663772198e+00 2.572434305500581608e+00 9.075703960384151614e+00 3.320673229846526908e+01
1.241028538175804245e-04 -1.566486015112890300e+03 -9.707871876288573509e-02 -1.424016728104407215e-01 -2.011978072212994295e+00 1.347949290161344607e+02 8.619910265245611658e-01 6.152794290701451008e-01 4.696100154506352986e+00 -1.724673008233783555e-01 1.740090467617250169e-02 9.054803332551479844e-01 -2.788944304752760672e-01 2.059495640111985715e+00 9.292810358514591584e+00 3.533285988752221840e+01
3.173273108661552521e-04 -1.565547192033368901e+03 -1.377558438673439911e-01 -1.034090034104446498e-01 -2.550579818753456962e+00 1.157497176789959212e+02 9.310948570991657292e-01 6.140061657126614225e-01 4.710835754149508503e+00 -1.163514637289457809e-01 7.430921560736281073e-02 6.229588999580585457e-02 6.734920696891890657e+00 2.055755390828251095e+00 8.745128838687943329e+00 2.943935105255479812e+01
1.560960749471291414e-04 -1.566256654118220922e+03 -8.369821089063790576e-02 -6.664976649179314705e-02 -1.567638223985091228e+00 1.260185021685007456e+02 8.842957017452248714e-01 6.214173652294521233e-01 4.705386818147016648e+00 -1.599987232238890833e-01 -5.236781480082908224e-02 3.633079577794418591e-01 -1.274743622473437199e+00 2.141880963695941276e+00 9.647888328530029867e+00 3.246061611124628854e+01
3.541118834130391169e-04 -1.565437512882911051e+03 -1.294822316325325018e-01 -8.718379265668570188e-02 -1.603863939119597459e+00 1.416733879149232678e+02 9.863458099361263054e-01 5.829534218940504164e-01 4.700145413603218358e+00 -1.435109139541823620e-01 -2.272768252054513383e-02 3.136213910749473255e-02 5.904925768119539953e-01 2.521439837881223056e+00 8.501665153136773512e+00 2.905606827616546894e+01
1.253020697446762487e-04 -1.566476398420870055e+03 -1.266982124307654556e-01 -8.149874479955986073e-02 -2.336131017575459712e+00 1.493178279363856689e+02 9.563782736657615580e-01 6.234361161181971589e-01 4.722110499042322829e+00 -1.310077514999266057e-01 7.044629769400634345e-02 5.021017347721072888e-01 2.487613069698227264e+00 3.040023725560891954e+00 8.457735090515505760e+00 3.506803942444347655e+01
1.228528138779189799e-04 -1.566496138797255071e+03 -1.211770859896037916e-01 -9.594653388822416140e-02 -1.565046388828060575e+00 1.205247104789901300e+02 9.475330968229079831e-01 6.125175997037248798e-01 4.716046788193946071e+00 -1.439631961165930285e-01 -4.250685149046939948e-02 2.558503757037504101e-01 2.060289801223632367e+00 2.059367280225044006e+00 8.011417451124325240e+00 2.683206055658138212e+01
1.147564755704000874e-04 -1.566564313521614622e+03 -1.169532797322310747e-01 -7.110462374553494502e-02 -1.627615524438155603e+00 1.132054572263457288e+02 9.434109668971025764e-01 6.011064270904238338e-01 4.707820088243471979e+00 -1.576045709674513962e-01 -3.299331922902326575e-02 4.278011903826926116e-02 -5.495682806383769048e+00 4.193557606462339216e+00 7.923745581411734129e+00 2.417179303298866344e+01
1.114584775908602945e-04 -1.566593473677694647e+03 -1.175740954230471702e-01 -1.057066834897347207e-01 -2.048149613456563323e+00 1.730841551563729865e+02 9.215019517281535233e-01 5.927283530796532141e-01 4.707652482321664777e+00 -1.430555802983743963e-01 3.705229893414196951e-02 8.288558898602454983e-01 -1.186915113078981676e+00 2.024472206876071212e+00 9.210523342612187747e+00 3.167813484523707146e+01
1.311336769128559475e-04 -1.566430908563587991e+03 -9.271305546748567772e-02 -6.774354612688296418e-02 -1.689111347721618417e+00 1.196280064273802850e+02 9.077021278239919555e-01 6.198826219107997915e-01 4.719050079677451492e+00 -1.532127501226940858e-01 -2.494843655504119795e-02 5.309208030770465880e-01 -8.723899336986278286e-01 2.566032966870746002e+00 8.554006859902596460e+00 2.470074504873209875e+01
1.293454686910452598e-04 -1.566444638924310311e+03 -1.427265753707097351e-01 -6.328746424996127551e-02 -2.071318773699793336e+00 1.240507989651791689e+02 9.675146987182846603e-01 5.972969634642362191e-01 4.713537814758572253e+00 -1.637262102337793124e-01 2.157464643540252247e-02 2.212987454247917485e-01 -4.718399468834405752e+00 1.626150325881869918e+00 7.848726272683403948e+00 2.953837857255037136e+01
2.070866514185247694e-04 -1.565973988489388148e+03 -1.477300882244673430e-01 -1.048004826625105468e-01 -2.085285970528839794e+00 1.058838146667423956e+02 9.534822685846534585e-01 5.799232599094990004e-01 4.699242869235812137e+00 -1.476031286248158381e-01 3.854278547092437890e-02 4.998732254357062255e-01 4.868670791399154041e+00 2.876099092403383573e+00 9.053039486088376719e+00 3.165400163787390753e+01
1.736186419019589177e-04 -1.566150264620260259e+03 -1.353870751700572694e-01 -8.620708862341434908e-02 -1.879704539928440887e+00 1.351965185311663333e+02 9.514932505597810675e-01 5.868436986601996974e-01 4.706398859722794370e+00 -1.678534220245002651e-01 -9.986449519837403699e-03 7.582864184873060465e-01 -1.233634007101812813e+00 2.071688083933320712e+00 7.765124589727778748e+00 3.023999853418368744e+01
1.283608928060023843e-04 -1.566452280029247049e+03 -1.252527957741159104e-01 -7.206481401973070799e-02 -1.780120813904370491e+00 1.110329848178536452e+02 9.298495981520989995e-01 5.857144310859705438e-01 4.705175198555513028e+00 -1.456486940930847851e-01 -2.056570498125553925e-02 9.932415241465009093e-02 -3.845495404348270085e+00 2.351467441335852726e+00 9.199947149607478281e+00 3.779675687974415155e+01
1.863902878884927581e-04 -1.566079283003657565e+03 -1.029901525290982389e-01 -6.337383883525642136e-02 -1.429614604207066764e+00 1.244249607143693481e+02 9.076589783835681269e-01 6.087624261384289026e-01 4.709425791848935283e+00 -1.438986232720695924e-01 -5.507261902203186565e-02 1.651121510521300073e-01 -3.893324331863794896e+00 4.084993460139241250e+00 9.148256297672908488e+00 2.982124519327389223e+01
1.591945568498667892e-04 -1.566236998718764880e+03 -1.133705816918917225e-01 -1.074552565671911541e-01 -2.081131295070917986e+00 1.375631233065472543e+02 9.559763603839334101e-01 5.985258055472152394e-01 4.708313258173840943e+00 -1.612418296402271523e-01 2.635489410444979974e-02 5.104869398548407267e-01 9.315103099749421744e+00 3.127291628161832371e+00 8.704476886223556420e+00 3.268097264269253799e+01
1.038215055996855800e-04 -1.566664452668635477e+03 -1.231156495115879324e-01 -1.170030005259567324e-01 -1.930875189524547730e+00 1.017160454417295909e+02 9.226128438082047412e-01 6.265073578825370859e-01 4.712999009444184040e+00 -1.661763970350860209e-01 -7.784163351788775387e-03 3.703938504673368604e-01 5.913696151917235966e-01 3.657559233923191044e+00 9.499411639883659220e+00 3.209686838896530503e+01
1.676529041822743139e-04 -1.566185230005298308e+03 -9.573083235512773459e-02 -8.837780114981486079e-02 -1.868228045697768902e+00 1.104722194728055911e+02 9.240956228525976091e-01 5.926641984037324118e-01 4.698086457330574284e+00 -1.637412507237299142e-01 6.428662587426137165e-03 4.702568403003852260e-01 5.602472175076457006e+00 2.542630212131968825e+00 8.243516325240785036e+00 2.727831377026102189e+01
1.051855979047323605e-04 -1.566651399412063711e+03 -1.338072468454357955e-01 -9.667346222758757546e-02 -2.188211717691840530e+00 9.883113429275553585e+01 9.502895591577227297e-01 6.039629232560999039e-01 4.711321230012423200e+00 -1.456127469399695062e-01 4.762961126418119306e-02 4.657788420894925507e-01 -9.200346383064214706e+00 1.742986581053540540e+00 9.036758729856430250e+00 3.330021727499954665e+01
1.334437609962427901e-04 -1.566413445677811978e+03 -1.293398290910381665e-01 -9.081883769962550979e-02 -1.803832397195495041e+00 1.280111707961069953e+02 9.401556526916788892e-01 5.999188082934522326e-01 4.707805652871909885e+00 -1.751324666917319917e-01 2.749584425092654882e-03 4.295668185435636555e-01 2.218459035520737643e+00 4.482803968471560374e+00 8.985498347611642345e+00 3.215085314637333624e+01
1.320241551637938500e-04 -1.566424140901438932e+03 -1.032841796481104857e-01 -7.258051531154303959e-02 -1.496036064317526115e+00 1.476689585143055865e+02 9.023688679751908914e-01 6.010427204178534488e-01 4.705808515626493715e+00 -1.369833282085854975e-01 -6.457987614518301278e-02 6.782930898342849346e-01 -4.546194428898985507e+00 1.466493350314790334e+00 9.188058096027518218e+00 3.066008737066061585e+01
1.538538530412120414e-04 -1.566271122655352883e+03 -1.136541116410432484e-01 -1.071305390400300595e-01 -1.730458941561460406e+00 1.201723491401605770e+02 9.741693021959687560e-01 6.128843640847836394e-01 4.715015833201501749e+00 -1.575917812102134441e-01 -1.246083044561441255e-02 1.612213810854192311e-02 -1.634240907218327266e-01 3.415758361281717725e+00 8.719672823974345732e+00 3.382049128126407567e+01
2.289704781625387776e-04 -1.565873532722026084e+03 -1.238857915674995563e-01 -1.143950292851826922e-01 -2.161673089697226935e+00 1.281705100270758351e+02 9.609386516730754613e-01 5.951475520109353878e-01 4.707320557568760222e+00 -1.483929033002437947e-01 4.988968497336765395e-02 9.546800280231343416e-02 -1.893584307908469100e+00 4.715400847928874484e+00 8.829271386304293756e+00 3.430395583024392892e+01
1.428242852312256827e-04 -1.566345510700858540e+03 -6.246645639706342734e-02 -1.101612391134599578e-01 -1.806227937579228726e+00 1.266238760431482717e+02 8.500072529076891925e-01 6.486479617475713333e-01 4.719494429773495092e+00 -1.538323515206863057e-01 5.553957367514517074e-04 5.754404595074434914e-01 -1.879557907830985641e+00 2.738709977165298959e+00 9.529134348666312704e+00 2.965081476160491647e+01
1.480308405725149986e-04 -1.566309705166646836e+03 -7.967683733753642972e-02 -8.759978034119200729e-02 -1.718680398729753422e+00 1.204901489063214512e+02 8.742440599515264310e-01 6.505222698651147439e-01 4.720377019590169532e+00 -1.620182483672611973e-01 -1.470762486113175171e-02 5.321255311151213974e-01 -5.344612500865366655e+00 2.410290188158747959e+00 9.363799106087089541e+00 3.297012374016017588e+01
1.356050562029528957e-04 -1.566397379138505585e+03 -1.274833921953009430e-01 -6.516109703155194277e-02 -1.781967927306798538e+00 1.206338427948012253e+02 9.467118075979743530e-01 5.964684435356375491e-01 4.705107202673662670e+00 -1.605779251376979744e-01 -4.508739493983338065e-03 2.249198513914811015e-01 -1.724716124698915110e+00 2.067288768188180192e+00 7.752550801918722811e+00 3.938655321647544127e+01
1.194410741603025704e-04 -1.566524302654454004e+03 -8.386687081735795524e-02 -1.240016383178135367e-01 -1.896223639370328673e+00 1.281469988298771909e+02 8.247922600090640266e-01 6.362525719725644624e-01 4.707490132130306648e+00 -1.616845182902388878e-01 4.274786100660454835e-03 1.124219737350000470e+00 -5.158041343300965309e+00 4.332739543204011667e+00 8.234915644615647068e+00 2.982503897851618291e+01
3.877342193435601180e-04 -1.565346805697738546e+03 -1.336309956707726343e-01 -8.831678570919435090e-02 -2.299598866117881890e+00 1.243636016970960441e+02 9.556981221796527759e-01 6.147405498507969579e-01 4.719856097760056102e+00 -1.229686941243133269e-01 6.048342044309218402e-02 1.204865867729283391e-01 -1.822454990121343599e+00 1.720396756824560391e+00 8.064260146568024368e+00 3.557213137779946521e+01
2.804695995527400703e-04 -1.565670660461350963e+03 -1.208970942613231958e-01 -9.010911242298472179e-02 -1.965062875902967798e+00 1.407784775419515313e+02 9.761715628808663725e-01 6.078877591930949009e-01 4.721459023257320808e+00 -1.499790582834645836e-01 -1.669598729558097183e-02 3.610701911042318857e-02 3.096599269660543996e+00 2.244884300722338466e+00 9.049228612841297092e+00 3.100430845313939443e+01
1.281475241563482127e-04 -1.566453943668213697e+03 -1.428065982649077692e-01 -1.166454405571296926e-01 -2.146536510376113149e+00 1.177171467286123914e+02 9.083688778738356895e-01 6.095029644719862638e-01 4.704858031149933950e+00 -1.278110735654869323e-01 3.029416756300618019e-02 5.788218593201475137e-01 4.492336756623899419e+00 2.513597308457349300e+00 8.014851985393534051e+00 3.302373097354982434e+01
1.040943840524183225e-04 -1.566661827774406675e+03 -1.319824564439187886e-01 -7.497382259039482577e-02 -1.653600647482764696e+00 1.293980810463028206e+02 9.312240014922383846e-01 6.007172103063904700e-01 4.702463701543512897e+00 -1.527801032275388771e-01 -3.116358191101786801e-02 3.470475041352102386e-01 -7.278497104290295283e+00 3.623256892170356736e+00 9.824776432887706079e+00 3.627048118378284158e+01
1.800426624201211651e-04 -1.566113931964697031e+03 -1.151983176082216065e-01 -9.314592113439298937e-02 -2.115581462836498616e+00 1.321497045950646054e+02 9.190055967407065873e-01 6.133585606866928108e-01 4.715089254205862446e+00 -1.554406568751938167e-01 3.010268006461958024e-02 7.281095911492653228e-01 5.510604871054709974e+00 1.766311365763995056e+00 8.424367384091024036e+00 2.718427908451515052e+01
2.126342037084951787e-04 -1.565947552465062927e+03 -1.211165924806989203e-01 -9.291086403599774224e-02 -2.378352542145901083e+00 1.423486244080716858e+02 9.769879700316671522e-01 5.862313178349709553e-01 4.706072607575642053e+00 -1.317325066357752927e-01 7.118232230414278661e-02 1.951534905781203699e-01 2.860925150478038859e+00 3.905289072978490594e+00 8.347048752124329951e+00 3.311726455682484271e+01
1.050366947747742542e-04 -1.566652816037797948e+03 -1.094394677908565455e-01 -7.754051482177383436e-02 -2.009582098582345822e+00 1.312868517275716727e+02 9.528675722163048034e-01 6.081432693935120426e-01 4.711144487466554232e+00 -1.502827920122591365e-01 2.574679769858811973e-02 2.650075040527210546e-01 4.292594001744873822e-01 2.134585406191047419e+00 1.039344677411269124e+01 2.814039083928565788e+01
1.371892635469911057e-04 -1.566385764342750008e+03 -1.254449010183387725e-01 -6.506062003117103754e-02 -1.768375452785200030e+00 1.373305089194024617e+02 9.180359487468429114e-01 6.228830658973320000e-01 4.714691713503523118e+00 -1.563110520620130117e-01 -1.209854838515544984e-02 7.292518694488057118e-01 2.018864717511235085e+00 3.009963815917005014e+00 8.832866263927542150e+00 3.332175128073311043e+01
1.589537653966603388e-04 -1.566238512424683449e+03 -1.161237987893757040e-01 -1.008122140595575089e-01 -1.823671967351075729e+00 1.332271225695079409e+02 9.763230038545890332e-01 5.895510279145523835e-01 4.707687598839402021e+00 -1.590384922792664746e-01 -1.008595058796246668e-02 1.348240645183377273e-01 8.703289963824545339e-02 3.741954268524749772e+00 9.126429230877697307e+00 2.399714607041614300e+01
1.980263266730104377e-04 -1.566018725816098367e+03 -1.070705634223985403e-01 -7.921032274355201130e-02 -1.570913947591381365e+00 1.110015786265785209e+02 9.383277429632459476e-01 5.849914580603094993e-01 4.703471735759308103e+00 -1.551375549914504326e-01 -3.009185123630420122e-02 7.249065720803971047e-02 -6.175375224789291906e+00 1.385464494976340610e+00 8.164602946768461322e+00 2.872946009971999359e+01
1.062987944155307314e-04 -1.566640871857005777e+03 -1.183735779648603659e-01 -1.233605770618971947e-01 -2.104940239858626772e+00 1.222662078021706265e+02 9.144124294887777671e-01 5.833666269864825615e-01 4.699059304733430587e+00 -1.701080043558538257e-01 4.035517335776472869e-02 5.857141989505894042e-01 9.347454194578972420e-01 1.942628617734976082e+00 8.598459865475804875e+00 3.639203770765719526e+01
1.248443410725967465e-04 -1.566480058111060771e+03 -1.143809345722104076e-01 -1.029526701469026667e-01 -1.960609192711172177e+00 1.455364609487632492e+02 9.613446172919883903e-01 6.100876358193650928e-01 4.708106351321589500e+00 -1.496258543569983779e-01 3.164030754680946522e-02 1.765903115535130963e-01 5.894762316249511969e+00 3.000943195084149195e+00 9.359269482058007128e+00 2.961766319688763360e+01
1.070258534973657046e-04 -1.566634055374202262e+03 -1.396952038840652832e-01 -8.250610131950752990e-02 -2.281984240765917438e+00 1.277239503840119283e+02 9.397511925351691442e-01 5.951572067175233682e-01 4.695522225649066073e+00 -1.427875051842697474e-01 5.473383141944321295e-02 3.443213432193795720e-01 -9.315567330024521198e-01 1.150175545228449003e+00 8.354793110324720828e+00 3.333510114594617590e+01
1.087464356695020941e-04 -1.566618106906970297e+03 -9.721607284237891722e-02 -9.176258976155304836e-02 -1.816805891075468082e+00 1.704210499281201123e+02 9.552267181078218927e-01 6.142747362940762512e-01 4.724041542638561353e+00 -1.572430956410206804e-01 -9.354228035532763386e-03 6.179678811178448417e-01 5.883841679541035319e-01 3.238551720469384776e+00 9.010200515045085012e+00 2.971069803139381094e+01
1.091778779709797875e-04 -1.566614147340844283e+03 -1.466954472259515418e-01 -1.468128942841785967e-01 -2.402829830849156245e+00 1.110918068164519923e+02 9.038797457104381650e-01 6.207921812614944912e-01 4.711164081091959055e+00 -1.381735893457141096e-01 7.830126486483446335e-02 6.169023882113913171e-01 -1.659749653963757510e+00 2.878279453382481812e+00 8.221059149527420118e+00 3.003175576409833525e+01
1.030643366457391726e-04 -1.565752624268104910e+03 -1.189621042339122359e-01 -8.592189942195271879e-02 -1.882562397970793944e+00 1.215928960324633863e+02 9.688997078055496814e-01 5.992108161146851852e-01 4.705667764247356999e+00 -1.432446687551058861e-01 3.171108433046332387e-02 1.685133359603501607e-02 -4.874482071865259059e+00 2.388104463358353691e+00 9.639668981065163678e+00 2.992045078466443186e+01
1.148957092312271499e-04 -1.565643952848312438e+03 -1.485137341874198935e-01 -1.076690031707135398e-01 -2.465380247275644088e+00 1.338288832320845358e+02 9.411371811946933619e-01 5.918958294828193800e-01 4.700968186728108122e+00 -1.143263766059585684e-01 8.710712848473822767e-02 3.948217695474365851e-01 -1.647037384185438214e+00 2.431279064020519520e+00 8.356085716479832115e+00 2.861686840424448874e+01
1.204684119453261980e-04 -1.565596590111931391e+03 -1.392373693551351710e-01 -7.706710462227346625e-02 -2.465540340763575866e+00 1.220355686208519757e+02 9.523246173908510581e-01 6.023507928329139283e-01 4.709520269050242014e+00 -1.241053671549845472e-01 8.387237523816470919e-02 5.463036473319358155e-01 4.368539105089553232e+00 1.818941002937113360e+00 9.545196514111676578e+00 3.182360439254472340e+01
1.184428660669075909e-04 -1.565613546987552809e+03 -1.386058278990037473e-01 -7.299105801789847192e-02 -2.291831760353870262e+00 1.110566789464760546e+02 9.762336922249580384e-01 5.978218689957919274e-01 4.720400421808248481e+00 -1.553949721767005077e-01 5.894423987912733587e-02 4.530042289844458253e-02 -9.609044502135475341e-01 1.024053222728582568e+00 9.061591338759612313e+00 2.778137122726576180e+01
1.227151749355828313e-04 -1.565578111669788086e+03 -1.335955966106519288e-01 -8.467382726008151894e-02 -1.917035702679569686e+00 1.336238729473268450e+02 9.560581153910788776e-01 6.183796917382097247e-01 4.722015434489884811e+00 -1.467352630540501579e-01 -2.813408888056478929e-03 5.114028263792030904e-01 -2.722202778164074743e+00 2.509162729003033832e+00 8.853541301338196945e+00 3.767077133146368340e+01
1.219926753437575677e-04 -1.565584016684199469e+03 -8.440807179307292796e-02 -6.716716894203879351e-02 -1.532118431796456015e+00 1.506468741570368763e+02 8.641822483883001560e-01 6.205546060266678987e-01 4.709139968527472853e+00 -1.592922868014905458e-01 -3.707511953551545503e-02 1.170397549285578265e+00 -2.572055594065687956e+00 2.560141846225327811e+00 8.991666314374757718e+00 3.176273236305815573e+01
1.187219229007610257e-04 -1.565611193712736167e+03 -1.170989899205350793e-01 -1.165967209182152131e-01 -2.168645137231174580e+00 1.563642700058046557e+02 9.137524667906589126e-01 6.251676039484195258e-01 4.713967028464860931e+00 -1.680436023722760019e-01 5.070954742405908711e-02 5.370201477028766490e-01 2.044183641211247959e-01 2.801931708742877447e+00 8.702181076749027966e+00 3.194529146969527034e+01
1.166944304253604786e-04 -1.565628418876386149e+03 -1.084662033984517965e-01 -1.088213314058694148e-01 -1.950516765065126279e+00 1.137543130803088332e+02 9.487195761609883427e-01 6.022266459416407702e-01 4.716682776291884593e+00 -1.565942647331315385e-01 1.171262002628425947e-02 3.398013984796348086e-01 -6.562932389063263372e+00 2.538469665716358570e+00 8.018414118298732518e+00 3.197856243808006127e+01
1.218273471669014795e-04 -1.565585372833710835e+03 -1.180134528787626647e-01 -1.220503689411349540e-01 -2.176664672125215194e+00 1.278006692371580471e+02 9.760155620620090122e-01 5.941617290560130549e-01 4.705832848297525572e+00 -1.656289844505476339e-01 4.234830517173238107e-02 2.131335534028244716e-02 5.455574191470020651e-01 9.581257772602880252e-01 8.587501492035908512e+00 3.355241927888130959e+01
1.121148931438688853e-04 -1.565668453511833377e+03 -1.445409349607228444e-01 -1.004862992846680125e-01 -2.007370035809375786e+00 1.406572799195007519e+02 9.343029345634059624e-01 5.945280625405422459e-01 4.701879354474581163e+00 -1.635788748863009623e-01 1.133712818973831027e-02 9.151370645664220760e-01 -2.492440369114206078e-01 3.525773774043616804e+00 8.681611779756348568e+00 3.598951107139325245e+01
1.174947436797467144e-04 -1.565621584091021305e+03 -1.023447724481025833e-01 -7.091735859844333634e-02 -1.699715187260680826e+00 1.289418150674215724e+02 9.189510504953636305e-01 6.058926134104346550e-01 4.701220729782675356e+00 -1.439291355598082411e-01 -1.789894838378192077e-02 3.412457954767526003e-01 -2.990715396637199319e+00 4.544669561422742809e+00 8.762619209490063454e+00 3.316100276748501585e+01
1.190518126186457362e-04 -1.565608418890455368e+03 -1.286609453054814167e-01 -7.252925207021376774e-02 -1.739586273321536369e+00 1.225073126951460978e+02 9.427075404112343904e-01 6.123515655671170066e-01 4.708776553999949321e+00 -1.531293811111988923e-01 -2.118208727018622284e-02 2.533785661050566573e-01 7.884469668260948083e+00 1.969208777797271104e+00 9.353424861774929155e+00 3.201195773893783780e+01
1.111552868165262471e-04 -1.565677049484984309e+03 -1.420647160148630350e-01 -9.218844946140278274e-02 -2.413275254328581809e+00 1.539345073128345689e+02 9.750322688706650753e-01 5.736445703410133490e-01 4.699256010975693343e+00 -1.444328114012916053e-01 6.949178830163327270e-02 3.458498074033328207e-01 8.235122284735723497e+00 2.623543241665693415e+00 9.019454266915527541e+00 2.830179964890822220e+01
1.280345064695113640e-04 -1.565535677879582408e+03 -1.101448160180301949e-01 -1.353952462052299133e-01 -1.978607650520556094e+00 1.174709858536505322e+02 8.775243256896428923e-01 6.207507014628405040e-01 4.706975913351111984e+00 -1.601323596770445334e-01 -7.003743088108027592e-03 6.949868986656307923e-01 7.640417176829714663e-01 2.418392980231054423e+00 8.133500031267004715e+00 2.776859348812321571e+01
1.117031595590070364e-04 -1.565672132697174675e+03 -1.393259952180083694e-01 -8.558997647971751388e-02 -2.177895376650501369e+00 1.290503831590260120e+02 9.411330480819370958e-01 5.935076941887516000e-01 4.707946218270016914e+00 -1.670216487392910398e-01 3.880448940559810822e-02 2.333323607601610339e-01 9.391598702836063239e+00 2.572469122257281526e+00 8.133300851935199915e+00 3.142408814364483405e+01
1.581972618441631630e-04 -1.565324134941971806e+03 -1.474750414485220262e-01 -8.713237888465652503e-02 -1.778479661416712432e+00 1.533477149736958154e+02 9.658778137927920282e-01 5.852018849063416184e-01 4.704582010998755948e+00 -1.363708202788971313e-01 -2.094225246484215930e-02 3.867232861660187954e-02 2.842815535989814180e+00 3.709633531378764282e+00 9.102755874272784098e+00 2.588058072355481443e+01
1.210403477581974623e-04 -1.565591853746403558e+03 -1.050593347300534108e-01 -6.510279645129359027e-02 -1.589477030242787636e+00 1.219038025454859735e+02 8.965544574450103887e-01 5.996754465231699527e-01 4.703406635753973219e+00 -1.491554890285331503e-01 -2.879670158362723775e-02 5.129369392497659108e-01 7.730846523789409730e-01 2.330284489003631165e+00 9.466026205884435996e+00 3.033373221968205158e+01
1.152459661168574526e-04 -1.565640909008855488e+03 -1.119009436753215792e-01 -9.043880995986272597e-02 -2.031693479162989036e+00 1.166256293467033203e+02 9.193678149500490449e-01 6.125638212197203059e-01 4.706941621635892581e+00 -1.412740615607870343e-01 3.021006769670919745e-02 4.232570763393453950e-01 2.356110120633388760e+00 2.175005427226373023e+00 1.013917569964661780e+01 3.228986683177126338e+01
1.223335831552214818e-04 -1.565581226087439290e+03 -1.009824276729684445e-01 -1.391280112913272915e-01 -2.167252493782891865e+00 1.263941945630432855e+02 8.629222317709484003e-01 6.290260925391550906e-01 4.715424215902357830e+00 -1.506459618096509523e-01 4.383437896794917243e-02 8.856439252865346834e-01 6.674533871078836000e-01 2.710174209419546898e+00 8.566820220048843026e+00 3.510975272523275947e+01
1.111159498439678791e-04 -1.565677403439671025e+03 -8.962981331327017631e-02 -1.412086547920125001e-01 -1.910104805524977412e+00 1.279032599201627249e+02 8.634415619265900510e-01 6.196936396151826454e-01 4.709135410872228533e+00 -1.640945978294157115e-01 2.310694948782110458e-03 4.723138972248765999e-01 -4.428967872615885426e-02 2.174079439137277525e+00 9.105961396885465575e+00 3.009316282891061434e+01
1.047950465183395297e-04 -1.565735971184240952e+03 -1.111869168041189071e-01 -6.613958207133892320e-02 -1.652211965998836352e+00 1.592221238521908049e+02 9.391703164556804984e-01 6.049643939517876934e-01 4.717671164191266087e+00 -1.552361157368267186e-01 -3.038516753412778826e-02 6.670441616231066462e-01 -1.761084193752253668e-01 1.696546317932035031e+00 8.520873082971558432e+00 2.762182784880340591e+01
1.309026770587984724e-04 -1.565513523565082778e+03 -5.595344401706213444e-02 -1.009417231432716000e-01 -1.831433911153478533e+00 1.213391001356874028e+02 8.299398811277002297e-01 6.279148074679834490e-01 4.701237287945695620e+00 -1.575542157533671439e-01 4.302985742420384341e-03 1.050361334770104849e+00 -3.913877317161279734e+00 2.182900866456893851e+00 8.818351569758409170e+00 3.014801123187149656e+01
1.184260016742752145e-04 -1.565613689381889571e+03 -1.143800071452199391e-01 -6.344531283460531912e-02 -1.952819995878274151e+00 1.301647345279375259e+02 9.597115822778311545e-01 6.097709889967750652e-01 4.710115240557591676e+00 -1.704717805658226837e-01 1.720589804340888485e-02 9.200188243748853856e-02 4.746054283304630417e+00 1.802314335348720320e+00 8.290994954252006721e+00 2.682945316297757898e+01
1.035644342386596377e-04 -1.565747783716934237e+03 -1.185369156902759125e-01 -6.529995277054098657e-02 -1.652144752284308460e+00 1.169578829391968355e+02 9.401382509989699710e-01 5.839407874940569787e-01 4.709043686898211512e+00 -1.562574226663253629e-01 -4.395767620202883919e-02 2.262346306637207649e-01 5.754127705101836909e-01 3.160413734736078339e+00 8.889451084308275242e+00 3.111059803697968817e+01
1.187621491833250619e-04 -1.565610854942370679e+03 -8.475467546433601562e-02 -8.358951301179995408e-02 -1.590709996561792572e+00 1.533889121839938241e+02 9.280751249406338221e-01 6.148071398554453282e-01 4.710429437393445440e+00 -1.533905447943402223e-01 -3.759593141683503781e-02 4.237064768538680859e-01 -2.545247495501286039e+00 3.150132156495732971e+00 9.504443699139052626e+00 2.736956225177578261e+01
1.084106072677825961e-04 -1.565702051751722365e+03 -9.563496281318512038e-02 -1.003159856543823503e-01 -2.021044421348864528e+00 1.136757173709412712e+02 9.168163257640815633e-01 6.169824461517301462e-01 4.713494198639136101e+00 -1.653216173444949089e-01 3.754015311361058593e-02 2.175862924554593236e-01 2.236830712035924762e+00 6.790807140016896781e-01 8.706361751503411739e+00 3.050382648076521619e+01
1.181198284832305585e-04 -1.565616278084145051e+03 -1.049896715546659864e-01 -1.080615797272363454e-01 -1.866852280222057514e+00 1.172162591716434861e+02 9.241366149606422553e-01 6.288484188301106670e-01 4.719375384226471404e+00 -1.527404032819306146e-01 -8.295502653949959893e-03 4.144840631362631811e-01 -3.955383733137011859e+00 3.047883219020719459e+00 8.471325565567511262e+00 3.831556573733396931e+01
1.105304347878854372e-04 -1.565682686777985282e+03 -1.171269402549595939e-01 -6.656917457057844045e-02 -1.953084399548427941e+00 1.406035312242194095e+02 9.753343661152624744e-01 5.947731766028923062e-01 4.699076296097193683e+00 -1.782784140584467991e-01 2.467137678034614368e-02 5.802783900158473007e-02 3.947501645181944241e+00 2.886458481777265384e+00 8.808693463026706638e+00 3.008152704210342776e+01
1.253555972010671714e-04 -1.565556823212775726e+03 -1.268769274596866781e-01 -1.054329815080151111e-01 -2.054635863779430416e+00 1.564146468191909207e+02 9.244001260412038068e-01 6.205069933489035794e-01 4.710540591267455390e+00 -1.388337931363838873e-01 2.959613365819002695e-02 1.050721972033456408e+00 -3.635648333770802765e+00 2.521143781153756258e+00 8.575045545136994463e+00 2.866917796132440088e+01
1.131120054701523502e-04 -1.565659599162314407e+03 -1.392205149733556080e-01 -9.157755954531299203e-02 -2.257649971621261464e+00 1.265983565290762556e+02 9.643487757508405478e-01 5.908595116032721029e-01 4.709642901998267739e+00 -1.687511082782449101e-01 6.447614371562315760e-02 1.531064692772926214e-02 8.510871794973098758e+00 1.493108934986331349e+00 8.556901357230639604e+00 4.020173785257718890e+01
1.104396064742298357e-04 -1.565683508865162821e+03 -1.376966022899502318e-01 -6.835621230472929688e-02 -2.413576856124231895e+00 1.240712719084162075e+02 9.421378987502222468e-01 6.165720504473937158e-01 4.712491034478523133e+00 -1.268785254038886645e-01 7.916524087662191178e-02 3.795914215515213685e-01 4.758722081566389761e+00 1.659793986977908808e+00 8.735495707379303809e+00 3.160390203168073242e+01
1.434315595309161909e-04 -1.565422119704602210e+03 -1.165249961478244389e-01 -1.248187957256167158e-01 -2.060417164031624004e+00 1.116752532737212817e+02 9.209171375103134549e-01 6.179516155952613499e-01 4.719982173173217888e+00 -1.568387078113220312e-01 3.934369533389237006e-02 4.120909864419571855e-01 1.663458687797600533e+00 2.427935269272762930e+00 8.006568349097520354e+00 3.103847822049299410e+01
1.141913151103519876e-04 -1.565650102444456252e+03 -1.487590144950740045e-01 -6.926626474280501988e-02 -1.811248296579470951e+00 1.153217029052538152e+02 9.773173203779675910e-01 5.953716884307873602e-01 4.704342148208748853e+00 -1.585063981137544431e-01 6.781501141143619904e-03 1.451964398658556719e-02 -7.921505391016552267e+00 1.883580717224275780e+00 9.545614479053888601e+00 3.203687138990562744e+01
1.450503653977483834e-04 -1.565410896659284390e+03 -7.759071598636103906e-02 -7.977311176116154423e-02 -1.772925626148914358e+00 1.231100282106812216e+02 8.906823940438350906e-01 6.167200143919293609e-01 4.714300944534427273e+00 -1.665058968165493702e-01 -1.319808615081008440e-02 5.075075455632820365e-01 -1.973126055619246699e+00 3.693721716372055930e+00 8.530033589766340185e+00 3.008151208273934785e+01
1.041201840791717317e-04 -1.565742431840887548e+03 -1.333015869206612414e-01 -8.456490825296360259e-02 -1.800799889753355698e+00 1.026608765737448863e+02 9.227510887469002610e-01 5.957400785593922610e-01 4.698979411250373772e+00 -1.613661981462632955e-01 -3.405372271568563036e-03 2.391220341674937244e-01 4.577292302917044253e+00 1.235448640308889345e+00 9.095475170620371586e+00 3.690865799973697392e+01
1.186318065986252223e-04 -1.565611953054556125e+03 -1.140937601457508443e-01 -8.504626608721665981e-02 -1.830274740124949506e+00 1.391865560989184303e+02 9.739969176650038474e-01 5.990797119675688176e-01 4.707215950913676394e+00 -1.705160841412156625e-01 -1.013999945245069867e-02 1.140694497223150583e-01 -7.190628867551311032e+00 6.282418509874210244e-01 8.404802969031788251e+00 3.402816466281643670e+01
1.299197064372984301e-04 -1.565521061072118755e+03 -8.927324972413774873e-02 -8.576026831234531689e-02 -1.763179171093663289e+00 1.042622611697791655e+02 9.297716689550690194e-01 6.240377517520329098e-01 4.713371742165354483e+00 -1.625148683990857990e-01 -2.457794395832069156e-02 1.593074216656023556e-01 -2.853487970477175395e+00 3.780868880356003103e+00 8.295863854350216116e+00 2.718935643437614402e+01
1.073992179343658454e-04 -1.565711424788719114e+03 -1.351411168934336660e-01 -1.062157687598879741e-01 -1.739991640189850530e+00 1.473914629283715385e+02 9.519216043044282927e-01 5.981212205374724089e-01 4.707265818640939514e+00 -1.463130188149752708e-01 -1.666878657818759990e-02 1.885864156539239778e-01 -2.858843947596909629e+00 4.243883825410743604e+00 8.663581601900617102e+00 3.658577683276919856e+01
1.136284413910350539e-04 -1.565655043849655613e+03 -1.256840229275893173e-01 -9.705705430291994285e-02 -1.805469895241249789e+00 1.390148118264712309e+02 9.341339320038802851e-01 6.198659579462042490e-01 4.711599517849219154e+00 -1.412639847422774153e-01 3.203435435171098078e-03 2.841768216896731203e-01 -1.104448743719501635e+00 1.740800684481902394e+00 9.201267660857492814e+00 3.515065169821862412e+01
1.104931257827099998e-04 -1.565683024380052984e+03 -1.240257091886585866e-01 -1.194435014022196262e-01 -2.136316260984795434e+00 1.276000329209081912e+02 9.423372760381132363e-01 5.932961366143119086e-01 4.705357599969405058e+00 -1.560734944167914140e-01 3.726398248161566507e-02 3.151303103332243200e-02 -2.821101427439771214e+00 1.166610926275124527e+00 8.944650179081193642e+00 2.679110868325629369e+01
1.234012627114768740e-04 -1.565572536344875516e+03 -1.341167921311859357e-01 -8.309410555941887377e-02 -1.702153026807914582e+00 1.169838111773437817e+02 9.608088373503737012e-01 6.014796268465081308e-01 4.707733698743558293e+00 -1.468546327065183288e-01 -1.371517842518699126e-02 1.635824409294983905e-01 1.327933414710031457e+00 4.523285868459625547e+00 8.556976253198399718e+00 2.911763353834640000e+01
1.255635252034443779e-04 -1.565555165881537050e+03 -1.344380882007891465e-01 -8.455716293336225375e-02 -2.062355989135456813e+00 1.077820310902863810e+02 9.259654894603414066e-01 5.850109656488496901e-01 4.697179894431718239e+00 -1.451752487028994398e-01 3.985150982336427283e-02 1.423301008162836390e-01 2.014152711684062069e+00 1.542977797996503142e+00 8.155558032083455089e+00 3.434703088614432431e+01
1.141169105498610184e-04 -1.565650754234928627e+03 -1.059688340122751093e-01 -9.233974600744160321e-02 -1.653397282897118181e+00 1.332205113889395705e+02 9.133826293778011252e-01 6.058027979379430050e-01 4.699031870187574178e+00 -1.569500729211648071e-01 -3.926513902665274003e-02 5.213914224201551262e-01 -1.354747748507975302e+00 1.260317808508770732e+00 9.223332833802388109e+00 2.726755866804719730e+01
1.144378248437883668e-04 -1.565647946027920625e+03 -1.258244749951350772e-01 -5.790560915209884418e-02 -1.797511681659839766e+00 1.490115900834493914e+02 9.773013123370559718e-01 5.873646494574713550e-01 4.705672568605943518e+00 -1.621680998122752015e-01 6.436486247944905870e-03 2.439560108771220981e-01 2.689946699960529486e+00 1.142502973909387265e+00 8.449750817901669819e+00 2.616243234470949730e+01
1.029009005193046405e-04 -1.565754211294760353e+03 -1.370266918022800540e-01 -9.296674436651201912e-02 -1.938388907037952746e+00 1.291779809575718332e+02 9.393715704671972144e-01 5.930428272553491809e-01 4.705465497553628751e+00 -1.498085972446183689e-01 2.308148441444024535e-02 6.214645892962197271e-01 -3.593628092946488550e+00 2.982167248111844415e+00 8.286350188530299476e+00 2.573329860957762705e+01
1.361518812302315185e-04 -1.565474206652604607e+03 -1.080237434724531098e-01 -1.284365926947380887e-01 -2.064430869085801312e+00 1.134320442987608999e+02 8.736652921124536952e-01 6.367501353323403723e-01 4.709725785755629168e+00 -1.482790097103432458e-01 3.306597609996853038e-02 5.122824743473594067e-01 7.934770589399448681e+00 3.010383770008950854e+00 8.946382749427051806e+00 3.364224771801571734e+01
1.244468785694090448e-04 -1.565564098742270062e+03 -1.422038881929003629e-01 -8.954486077796355858e-02 -2.281701427806982707e+00 1.442992103829382415e+02 9.498733097303390105e-01 6.062019528889037723e-01 4.715657466519070695e+00 -1.382574890236403231e-01 3.663144079671409870e-02 5.526798727125572519e-01 1.713544369143562562e+00 2.748635758300199683e+00 8.374206086420477035e+00 3.385897376347679710e+01
1.142478354904537908e-04 -1.565649607604748553e+03 -1.398356716337685601e-01 -1.060367050597228883e-01 -2.338142280968086961e+00 1.447273719667725800e+02 9.618350951360149503e-01 5.832317472709063200e-01 4.704005080197354083e+00 -1.405925201598543506e-01 7.422904876102021099e-02 2.224959094722150643e-01 -6.929393335571774060e-01 1.090641382103352264e+00 8.533082007086910892e+00 3.889652046257951667e+01
1.120867643908015748e-04 -1.565668704435519885e+03 -1.301710755721597057e-01 -7.830096470560812816e-02 -1.743438341422802518e+00 1.351119045134801695e+02 9.764085515662270787e-01 5.848105254146053200e-01 4.704834412852709313e+00 -1.539961308283408492e-01 -4.433497592846680213e-02 1.398585905304489951e-01 1.756780751392483353e+00 6.470407735866823273e-01 9.591159422901451848e+00 3.069797231808934868e+01
1.154308613701399670e-04 -1.565639305941092744e+03 -1.138581774884810799e-01 -1.014078400186013418e-01 -1.717296582059268939e+00 1.564735579184509504e+02 9.117693185352148122e-01 6.152012107464730484e-01 4.709819091138312430e+00 -1.716993385684364437e-01 -3.257442541994670648e-02 1.211676684101366197e+00 -2.804739070081637919e+00 2.814760326920295874e+00 8.480875108988318090e+00 3.030849521358092247e+01
1.092659978835998125e-04 -1.565694192431991951e+03 -1.266471087732800593e-01 -1.040855317092340415e-01 -1.923608985544385419e+00 1.340411910833103093e+02 9.573954009123589737e-01 5.930530439727735859e-01 4.717031118757474495e+00 -1.636373799649335492e-01 6.843157226140261784e-03 4.104891842802633195e-01 -1.754506547577392439e+00 1.179241451086165959e+00 8.449996845232842446e+00 2.923124562578571783e+01
1.063952277502220971e-04 -1.565720816965034373e+03 -1.309322470175801612e-01 -9.955844957245574278e-02 -2.012080825387864369e+00 1.184184071703619026e+02 9.606615260926627542e-01 5.952192961834157359e-01 4.711330238358752531e+00 -1.436191284638339560e-01 4.151452938662103520e-02 2.179992144528224707e-01 -6.616861002732576935e+00 1.397110181312055666e+00 8.223049495565737388e+00 3.014770562453772484e+01
1.140718512719935150e-04 -1.565651149164793651e+03 -9.329454820392046877e-02 -6.559229796315739491e-02 -1.766944691422885017e+00 1.193979308294687343e+02 9.649243784510386224e-01 6.101584894862936981e-01 4.713320479161712484e+00 -1.601732347045778937e-01 -2.721719929351218425e-02 1.872160071592605113e-01 5.013848326400989208e-01 1.844274297222447956e+00 8.582219794068478791e+00 3.196277999674512671e+01
1.034543351532852406e-04 -1.565748847379867584e+03 -1.069819726436859741e-01 -1.220355966124616748e-01 -2.092603552973737013e+00 1.220446249626186983e+02 8.861377977455718868e-01 6.106567433323857319e-01 4.703398130362527851e+00 -1.462558592345559738e-01 5.135925182540623801e-02 5.866097490133692638e-01 3.167661026670373303e+00 1.864871777222720794e+00 9.189869836776608736e+00 2.846838652267580372e+01
1.315376637576845423e-04 -1.565508684461947723e+03 -1.387957838450400994e-01 -5.224388436031250638e-02 -1.636938851466015032e+00 1.446504268914299871e+02 9.699533893332604739e-01 5.950428060073437164e-01 4.702630690215830356e+00 -1.557020834220990135e-01 -3.672722060436273139e-02 3.606234565816038851e-01 -4.370283759956578251e+00 2.912038569028108093e+00 8.932604429419788161e+00 2.740411347114502050e+01
1.181934656193595816e-04 -1.565615654867928697e+03 -1.008533224782550003e-01 -9.271123848638039566e-02 -1.871408514639849585e+00 1.240148617306028029e+02 8.967815376870473809e-01 6.052781628022914084e-01 4.694789930433055147e+00 -1.516178740240499145e-01 -2.729601067476217224e-03 4.409343747546889403e-01 -2.355434906639914061e+00 2.990779654305497637e+00 7.957274249963841584e+00 3.287646218772777473e+01
1.131798238283590960e-04 -1.565658999773812866e+03 -1.113566679058541203e-01 -1.399773342688745981e-01 -1.946987001045188848e+00 1.110695213504916552e+02 8.806511936991021638e-01 6.227152610471591299e-01 4.712666102431417592e+00 -1.515280245605943321e-01 8.057429979297481282e-03 6.131204913605273754e-01 -4.081688331752616250e+00 3.686477975612945102e+00 8.210460193221358338e+00 3.020382593604498211e+01
1.048554047486167684e-04 -1.565735395385509491e+03 -1.166966264507316303e-01 -7.643737777250779464e-02 -1.916798132204297733e+00 1.723154474522170858e+02 9.742499044553118992e-01 5.848510952786414308e-01 4.708993266109511744e+00 -1.727333960395502910e-01 1.238779954500168756e-03 5.939075684566028634e-01 1.697337637839950730e+00 1.540145664836733985e+00 9.525280513893452650e+00 3.117109278454921650e+01
1.361230304017266117e-04 -1.565474418576857488e+03 -1.223978422076245215e-01 -7.416923342036611799e-02 -2.276876717416282503e+00 1.185985011618322034e+02 9.693814613976657890e-01 6.099321550551655147e-01 4.715646083531034094e+00 -1.258452478176699252e-01 5.846600438522786547e-02 2.334052206159370479e-01 3.196203050647199007e+00 2.846167681394673465e+00 8.986189487790841923e+00 3.693927381678818733e+01
1.267329296079196461e-04 -1.565545895733212546e+03 -1.135486438212608695e-01 -1.144416579331642425e-01 -2.012162773677762750e+00 1.605632453786493272e+02 9.626395943550822842e-01 5.888220904291329161e-01 4.698367300197531904e+00 -1.597527252979800139e-01 2.365357790940447735e-02 5.846887125033108923e-01 -2.276080865740681247e+00 2.077516817726943188e+00 8.896200176962798523e+00 2.994806926899329369e+01
1.075356396247189461e-04 -1.565710155364948378e+03 -1.414641591375539187e-01 -5.844620148989929098e-02 -1.959692109977475338e+00 1.170833439900775517e+02 9.856950489433458085e-01 6.048008800962245690e-01 4.712558011224354360e+00 -1.451637678479986704e-01 1.457653319280005633e-02 3.817542322308706965e-02 2.577544631496351712e+00 3.244046639122477593e+00 9.059696539313044639e+00 3.438151022364388609e+01
1.057528375957882057e-04 -1.565726873038340955e+03 -1.030740200333445794e-01 -8.484002912161670018e-02 -1.641757774147594606e+00 1.236558386297366354e+02 9.177604063493937092e-01 5.952453798619881109e-01 4.698642818188517367e+00 -1.310922753361325466e-01 -3.016219778021955733e-02 6.262401921310347674e-01 -3.703348042118278727e+00 2.532316976026294242e+00 8.984241621979748516e+00 2.935015166182730439e+01
1.298691845800441604e-04 -1.565521450017602092e+03 -1.394244259418889464e-01 -7.271908463951277934e-02 -2.131375473010794330e+00 1.102169480862315254e+02 9.476090704159787492e-01 6.160374749341841483e-01 4.706975533407611323e+00 -1.326985362161394733e-01 3.773640058393912255e-02 1.373682949991330282e-01 -1.107398456611264237e+00 2.022419556772847571e+00 8.687397764896909180e+00 3.539145083849926010e+01
1.223899587508675525e-04 -1.565580765358600502e+03 -1.045216433053292870e-01 -7.078077775664601279e-02 -2.124336638428062862e+00 1.454934349691282875e+02 9.495386070417934921e-01 5.900711575814627796e-01 4.701893277122172421e+00 -1.585791743153683875e-01 4.899341220516295614e-02 1.738576467865952657e-01 2.698152941601421162e+00 2.535168134728094103e+00 8.930004329262054341e+00 3.217126808894887802e+01
1.164535452962574258e-04 -1.565630485248303557e+03 -1.282461669649068714e-01 -4.912881476727494479e-02 -1.409410816269849986e+00 1.574917629697527559e+02 9.579800075097160139e-01 5.853340413346881377e-01 4.702254474174689669e+00 -1.321593087390247057e-01 -5.961055331675213509e-02 1.755675705167369927e-01 -5.763005402889120887e+00 1.659007475620977168e+00 8.702676337655645966e+00 2.793515931687950982e+01
1.332405670989659228e-04 -1.565495821419426420e+03 -1.195437733417634013e-01 -7.881572245972807977e-02 -1.764405234701088343e+00 1.164998444524804455e+02 9.559787188914992129e-01 6.019098907889190997e-01 4.718214430769776868e+00 -1.403929566969330800e-01 -3.216738276080599590e-02 2.648220106546405050e-01 -5.895869962056963232e+00 2.331143858241735423e+00 8.308859876240081377e+00 3.381075814171741456e+01
1.285363638666333610e-04 -1.565531765837373541e+03 -1.077912363116755590e-01 -7.011722474713531772e-02 -2.019315755431210224e+00 1.440066551806972655e+02 9.619373106099262660e-01 6.152208966094103726e-01 4.722607214612967397e+00 -1.636138184724580391e-01 2.904595291437717108e-02 2.397220395667393478e-01 -7.886106599097217895e-01 3.782760435291243617e+00 8.686695444985348402e+00 3.186705824379543373e+01
2.298611578952573754e-04 -1.564950502223643070e+03 -1.287360086813751914e-01 -8.830406411870955763e-02 -2.397371203362737013e+00 1.540679275132643511e+02 9.870745494264865361e-01 5.816272392254935308e-01 4.705921693220334490e+00 -1.391779269359627591e-01 8.090781052699269615e-02 1.511713174786827041e-01 -4.072984618298050918e+00 3.287140801691457170e+00 9.150282064940839177e+00 2.892604224878869701e+01
1.145048122557824232e-04 -1.565647360838418535e+03 -1.135344055880135872e-01 -1.041880669442030172e-01 -1.811933418683765451e+00 1.184709004925578739e+02 9.295873402720669088e-01 5.842699899244903072e-01 4.693339930244414759e+00 -1.720506093813387594e-01 -1.532963284102084600e-02 3.499660532598266038e-01 3.212859358674052146e+00 2.307445798406138060e+00 9.301372594567315133e+00 3.755452283343419140e+01
1.705951591666721406e-04 -1.565248684429651348e+03 -1.145018944635998459e-01 -7.078765669022750451e-02 -1.728396143642036753e+00 1.307933580459326777e+02 9.294838824090136953e-01 6.147652635373361818e-01 4.711596212798037087e+00 -1.559846563846758460e-01 -2.608907563530005191e-02 3.547516200089526062e-01 -7.209952702760659804e+00 4.090470371390875215e+00 8.299648517270830084e+00 3.636271382854361178e+01
2.125480768590513891e-04 -1.565028809482146698e+03 -1.027898982169667685e-01 -1.283842492656009637e-01 -1.972696059665733470e+00 1.359631534860463375e+02 9.018967204095433843e-01 6.134743410107763584e-01 4.705524856677496537e+00 -1.771704543208021398e-01 -4.802686621172114201e-03 5.687079957693235155e-01 -1.650173814914609238e+00 2.128736961034105590e+00 8.999436032625984794e+00 3.076058321157526620e+01
1.054001740157197624e-04 -1.565730213401855508e+03 -1.464690104202189536e-01 -1.006785781284226522e-01 -1.861646936826867549e+00 1.210398984653973571e+02 9.447444031603704495e-01 6.253678554903585596e-01 4.720721722589517277e+00 -1.521675183311401724e-01 -1.042905553280570885e-02 9.707388378053014022e-02 -2.938014734140153905e+00 1.730579388179220857e+00 9.036759260276472361e+00 3.037188984919247758e+01
1.324835468940699053e-04 -1.565501519225632819e+03 -9.455940030311692224e-02 -1.114323608194456861e-01 -1.911867514807292778e+00 1.001370358277926869e+02 9.192072054291474670e-01 6.115897440389844730e-01 4.712708741079012498e+00 -1.700107974680891143e-01 -2.984688360167631060e-03 1.312816281014487531e-02 -5.381691037023955460e+00 1.442691072574775468e+00 7.990184858327697981e+00 3.131360873563915348e+01
2.243550329360025335e-04 -1.564974747923381983e+03 -1.450730339832537463e-01 -6.828087992972049769e-02 -2.108991252747104639e+00 1.514413754786033053e+02 9.656375274070757575e-01 5.906715512960629688e-01 4.703730726015250774e+00 -1.561743516399227705e-01 3.154702313178514572e-02 9.656427495080936729e-02 4.566860342906608139e+00 2.427454074086954350e+00 9.763109468733377483e+00 3.869990360217379077e+01
2.035001133297772709e-04 -1.565072311127178864e+03 -1.092662025362200473e-01 -8.527365257102589857e-02 -1.890389643857312674e+00 1.235111121121950930e+02 8.955591820027808403e-01 6.187556828807436737e-01 4.702844011361095866e+00 -1.434568884786906473e-01 1.810023077088507293e-02 5.046812796805726364e-01 -4.770606123199740978e-01 3.375454080300044346e+00 8.830611091735773854e+00 3.143803414975454658e+01
1.148973457983855259e-04 -1.565643938604477626e+03 -1.177305072324198176e-01 -8.284056693770394664e-02 -1.960245924039645038e+00 1.343642884072445725e+02 9.513339733567762746e-01 5.916778702848177751e-01 4.702033353631740908e+00 -1.822958308224200685e-01 1.240550241488058703e-02 5.612915248559872949e-02 -1.390410606830982942e-01 2.351795650769483714e+00 7.678906114128469795e+00 2.983731080525608803e+01
1.948293366332512369e-04 -1.565115853710361534e+03 -1.483172569575003930e-01 -1.125333538848723169e-01 -2.117936401901317822e+00 1.392151383553032531e+02 9.312467980821930169e-01 6.140540326485581790e-01 4.711918841281971027e+00 -1.515731376558360211e-01 2.642093302281400824e-02 2.646324586108904087e-01 4.979046561269655058e+00 1.467874414460279553e+00 9.184028346973626356e+00 2.844217125912484789e+01
1.396413292166665964e-04 -1.565448900487891024e+03 -1.279501580011221107e-01 -1.322594938084173666e-01 -2.007404333514252848e+00 1.380398895290164489e+02 8.890895090845919446e-01 6.088458226579469557e-01 4.700704501858435691e+00 -1.569490243112761085e-01 2.721360658593274806e-02 8.000341288798104022e-01 -4.431730704747934624e+00 2.787142581816559606e+00 8.497805655419575999e+00 2.923668454268257832e+01
1.398177561521117432e-04 -1.565447637856127585e+03 -1.346060841499258365e-01 -1.149026677316114797e-01 -2.128814584555191569e+00 1.243675805673903625e+02 9.164878430606704374e-01 5.905492642542753412e-01 4.697951737217746171e+00 -1.610961476258174763e-01 4.413846312994951226e-02 7.345170213285248106e-01 6.093706934422584709e-01 2.758654791687353836e+00 7.867302349199745137e+00 3.335536913718317464e+01
2.213567227434968588e-04 -1.564988202158693412e+03 -1.318099954658636386e-01 -9.296600680644556691e-02 -1.712672428926528934e+00 1.438757197478898320e+02 9.809212527678569105e-01 5.816958193238467301e-01 4.699894173505372308e+00 -1.435349250203179494e-01 -1.035014676951595547e-02 5.202261352928510413e-02 4.639674517892075301e+00 1.444208579590711139e+00 8.591752281305264916e+00 2.864963762785421864e+01
1.151960165156315540e-04 -1.565641342520157878e+03 -1.218875332353019231e-01 -8.248647954630547452e-02 -2.094939426290763684e+00 1.435216549991956185e+02 9.688592469748189551e-01 5.780235392011856543e-01 4.702361668910146619e+00 -1.580629134977586947e-01 2.928352208699047665e-02 2.489179381047598033e-02 1.192589090630292503e+00 4.753657712212588926e+00 8.624783607724118895e+00 2.986023483031763348e+01
3.569584248651786222e-04 -1.564510358370926724e+03 -1.318133770725563036e-01 -1.008970997398984937e-01 -1.792943188676259680e+00 1.307782284969648856e+02 9.482799180250615079e-01 5.696032078081563199e-01 4.693933427445467821e+00 -1.503579692794474454e-01 -1.143589571708458763e-02 1.334077349910336996e-01 -1.146970823893013858e+00 2.737653388268257437e+00 8.410865958692003375e+00 3.023050376062696998e+01
3.967476699154899177e-04 -1.564404677202503990e+03 -1.299763358942001290e-01 -8.197599379432406186e-02 -1.697864822026287968e+00 1.214968634043238893e+02 9.292516629494603775e-01 5.997608595083485650e-01 4.706136572693413456e+00 -1.610600582450132379e-01 -2.138355592245733128e-02 2.342548686827386761e-01 -3.459049888874119461e+00 3.198070778454686902e+00 8.177230233121557390e+00 3.813878128281600510e+01
1.950194626536627467e-04 -1.565114878326900907e+03 -1.268850899449185665e-01 -9.465887426665095528e-02 -2.022020504762088500e+00 9.832060134211297964e+01 8.992565274908554951e-01 6.068270733661185190e-01 4.707256193262082888e+00 -1.448137432566620753e-01 3.342005529481162363e-02 2.818018047395778880e-01 9.624327364182363453e-01 3.634506997233111214e+00 8.696385410197793320e+00 2.668550527598689825e+01
1.409673324294341665e-04 -1.565439449510326995e+03 -1.275438163946772119e-01 -9.345078543344179089e-02 -1.663349483395997197e+00 1.279481160998780211e+02 9.689077586957383081e-01 5.897123202349479065e-01 4.702307663557963480e+00 -1.614580840238371007e-01 -4.442274408781843320e-02 3.903546297252352693e-02 -3.623280802783312993e+00 2.144325074641573181e+00 7.946712860661508948e+00 3.962345822292257225e+01
2.173806445522942781e-04 -1.565006327749739057e+03 -1.168064512413646283e-01 -8.402265101080085008e-02 -2.042314444619591995e+00 1.342022109816936961e+02 9.585415965027268559e-01 6.039762860039972203e-01 4.712276359855734675e+00 -1.531014196273621231e-01 3.282433046199062510e-02 3.653704977741984994e-01 -3.353853633264151313e+00 1.397385084272562139e+00 8.503568882000323015e+00 3.958443964651925739e+01
1.369705939170344066e-04 -1.565468211429116764e+03 -1.162366431125695238e-01 -9.530074286689002583e-02 -1.747928831111401404e+00 1.301920787915564404e+02 9.553411310744681639e-01 6.091427805302536136e-01 4.709694419957004996e+00 -1.671295430912889124e-01 -1.991295920455726787e-02 2.342803907892669624e-01 -2.215909764437611784e+00 4.113478387428926020e+00 7.848420641831999056e+00 3.136439931641565693e+01
1.088109597526933450e-04 -1.565698365626594750e+03 -1.120632046624152889e-01 -8.852181567523934036e-02 -1.716964303536181902e+00 1.618638174208041107e+02 9.061409972999949769e-01 6.117418536167362753e-01 4.710449983976931598e+00 -1.691371174860480942e-01 -7.862787373047908090e-03 9.404681174554485601e-01 -1.360806390320192349e+00 2.252632045136926386e+00 8.926109308267760056e+00 3.546639594825473552e+01
2.396834662593788190e-04 -1.564908658526710042e+03 -1.055834176293913851e-01 -9.137526248400146267e-02 -1.739614585744977848e+00 1.354921114983816892e+02 9.369105910142472293e-01 6.075717970343454954e-01 4.708973186766316488e+00 -1.880076354862345589e-01 -2.231256877836829133e-02 2.259748601187115125e-01 -5.657473412746242047e+00 2.435143190967603566e+00 8.931724183555033392e+00 3.119174360081322561e+01
1.482056137469692843e-04 -1.565389377097285660e+03 -1.193911670561863952e-01 -9.431728006667719488e-02 -2.209038897293600812e+00 1.221500973991714432e+02 9.759603407409708220e-01 5.829060039374254210e-01 4.702349772122142113e+00 -1.598424165038414557e-01 5.632662909228813852e-02 1.427410813935465761e-01 5.612092743424540231e+00 2.015975931527580478e+00 8.611567333261405111e+00 2.464255020260963747e+01
1.299443675152477009e-04 -1.565520871272292652e+03 -9.685292227370773110e-02 -8.233647165344769314e-02 -1.668809197493199559e+00 1.169939370768895799e+02 9.127158539170491247e-01 5.917587783393576384e-01 4.698753162034567055e+00 -1.615760122732736725e-01 -2.803952601816006585e-02 8.610873174299190635e-01 -6.007037614958449012e+00 2.518436722702022124e+00 9.081799054350693012e+00 3.456924741400024459e+01
1.532591966743244950e-04 -1.565355847105023258e+03 -1.399775230145344218e-01 -1.093499553006078984e-01 -2.469015498915427376e+00 1.266103571615886381e+02 9.547593506330882551e-01 5.990778399160698875e-01 4.708819973163104855e+00 -1.408135731776516408e-01 9.312806365896864058e-02 5.677773126967571304e-01 3.916978394256545926e+00 3.212600993455438925e+00 8.726596149475017938e+00 3.025791635115771072e+01
1.454494462056340966e-04 -1.565408149111485727e+03 -1.253072975009894841e-01 -7.220498666127581067e-02 -2.138486763862419426e+00 1.046323375083697300e+02 9.718818505048369971e-01 5.842674168077490737e-01 4.702259126571624037e+00 -1.634584223587336460e-01 2.957743599643580801e-02 2.720353652885504347e-02 -8.053781171701643871e-01 2.654283151433123322e+00 9.360117904941178679e+00 4.004148919663652606e+01
1.614424268504814240e-04 -1.565303829099949326e+03 -1.234048453380165722e-01 -9.306754355020435687e-02 -2.183602255308799478e+00 1.066374928717450530e+02 9.620637645263362403e-01 6.114390628096945113e-01 4.711381879228193625e+00 -1.346398439735114749e-01 6.597582958699832467e-02 1.294908177926824833e-01 -1.400647645959082865e+00 2.527633703559684086e+00 8.313569326661717440e+00 2.684380894713289578e+01
1.959967731465745789e-04 -1.565109879493407334e+03 -9.268360838055880735e-02 -1.266104091832457590e-01 -1.966484829839897586e+00 1.417394097620924640e+02 8.817787780382964069e-01 6.099040432793472188e-01 4.702171215694390227e+00 -1.711321388965418855e-01 1.608993027808347520e-02 6.474231133504698699e-01 -2.336671645161175093e+00 3.704663158900611819e+00 8.784148028173287770e+00 3.557601032406665098e+01
1.640464780830626346e-04 -1.565287827898345768e+03 -1.483317925286077310e-01 -8.118743950912145346e-02 -2.419784631064987757e+00 1.409217130321759157e+02 9.681077934081472325e-01 6.151567104925679264e-01 4.723489074013784261e+00 -1.465692783725038861e-01 6.245017515901585270e-02 4.154258260211182024e-02 3.830539099204770537e-01 2.631937498676295561e+00 8.836632874697269102e+00 3.112592369451860819e+01
6.160427151582208594e-04 -1.563964661385045702e+03 -1.170174303364165391e-01 -8.108469263556658535e-02 -1.616683136040606428e+00 1.251477736793702746e+02 9.568183152956164506e-01 6.141684201886692396e-01 4.715732550102865517e+00 -1.313279005306435820e-01 -3.990683600421007782e-02 9.667012369354543999e-02 -9.481360980566932994e-02 1.439290380249147461e+00 8.512089682535473045e+00 2.861784426624392097e+01
1.086072955728199210e-04 -1.565700239105334049e+03 -1.234082603733057948e-01 -1.194748629850119759e-01 -1.946801101300504433e+00 1.084852569911611226e+02 9.483048409159272607e-01 6.053273309854847462e-01 4.708382079865726766e+00 -1.484171906391187346e-01 1.285852309894219836e-02 6.304571113830421680e-01 1.462531207032498060e+00 2.144317333343637166e+00 8.712911832009616830e+00 3.231328740125250221e+01
2.116784996193827326e-04 -1.565032909076588794e+03 -1.162167815897574008e-01 -1.347511657019131448e-01 -2.117132319600160795e+00 1.293177166334803303e+02 8.834459737408953961e-01 6.326475386615337815e-01 4.709229678653194640e+00 -1.557930456155114385e-01 3.224784053888396507e-02 9.498687027460671617e-01 -1.868651060382831020e-01 2.966756264166536816e+00 9.485693911290171698e+00 3.165804727811149988e+01
1.634939337632432830e-04 -1.565291201801680927e+03 -9.447453370471500800e-02 -7.873344805365938004e-02 -1.723683755811954432e+00 1.214679777449002955e+02 9.168730113223595435e-01 6.024611629511689159e-01 4.704502665539744832e+00 -1.654227524918336911e-01 -2.085080339349909551e-02 5.852815811801335144e-01 -1.085217400788903319e+01 3.172185580966324636e+00 8.524601724593461327e+00 3.520058201145914722e+01
1.083899626552042167e-04 -1.565702242199677812e+03 -1.465109371948782047e-01 -9.052334702852925241e-02 -2.052579220752782430e+00 1.438111319233771894e+02 9.609962458347356407e-01 5.982776436712697876e-01 4.713226086375163604e+00 -1.459499169518441164e-01 5.329109452466296304e-02 1.508799328961401842e-01 2.715906401208371790e+00 3.341269129562007834e+00 9.731966378205502366e+00 3.410510561277246921e+01
1.150686538197539697e-04 -1.565642448748991683e+03 -1.008888434444579485e-01 -1.007093081327081752e-01 -1.691810450185561754e+00 1.371171317353064865e+02 9.370608155923657590e-01 6.008487306406460338e-01 4.706368503208905985e+00 -1.548133796720860822e-01 -4.614971277957513607e-02 2.224678784215629868e-01 2.965417151383121563e+00 2.804189945265211925e+00 8.174074443067169682e+00 2.962550397147656156e+01
1.110364911639563613e-04 -1.565678118792453461e+03 -1.020088165835618399e-01 -9.439237949359238766e-02 -1.815389016372461528e+00 1.075283171093790600e+02 8.814882600566363857e-01 6.194652040698098716e-01 4.705004488776978633e+00 -1.467154590675003867e-01 7.570028559341634988e-03 3.061802772307420373e-01 1.171397814321721853e-01 3.154913073186826900e+00 8.057965117916454645e+00 2.668704879224104332e+01
1.201949021566509599e-04 -1.565598863079105058e+03 -1.065769945097315152e-01 -8.967632287971225025e-02 -1.584424947834218500e+00 1.090748688075688904e+02 9.539679033281494025e-01 5.975374750522348677e-01 4.709300931342214724e+00 -1.702972608908335239e-01 -3.766523009728395266e-02 4.246299316068579688e-01 -2.295292627763274140e+00 2.539735957816757761e+00 8.162612861985163448e+00 3.269068126327723434e+01
1.815466037406102801e-04 -1.565186465298298572e+03 -1.219901741497397829e-01 -1.020011292422302873e-01 -1.914747400563698188e+00 1.418077473479818593e+02 9.561488064775671702e-01 6.179239412566365219e-01 4.725842135557481782e+00 -1.480922239267923324e-01 1.174646976748627836e-03 3.880305778468406408e-01 2.285000227237446779e+00 2.847469329379959113e+00 8.340156835820344838e+00 3.255941158227071242e+01
2.850660897721609484e-04 -1.564735256641641627e+03 -1.245397147523342740e-01 -6.189817121865941185e-02 -1.681322271642247124e+00 1.505364307976759903e+02 9.683692552049589786e-01 5.987256044907715014e-01 4.710621700054282712e+00 -1.432916919072733108e-01 -2.378262904455041848e-02 6.780616034702215134e-02 -2.077115234521301090e+00 1.855179926945615954e+00 9.414679780005874576e+00 2.288462980508709776e+01
1.119421328007802805e-04 -1.565669995622611623e+03 -7.011298737768899281e-02 -1.016413848989587698e-01 -1.714365974986674201e+00 1.338189020345066069e+02 8.484260329651448496e-01 6.227660273201198748e-01 4.705542063996606572e+00 -1.586372984348973780e-01 -3.657277533571678951e-02 8.338059581288745914e-01 1.753490495098589008e+00 3.636823242310627258e+00 8.338093387352142116e+00 2.989706130764258063e+01
1.362103267096894928e-04 -1.565473777477934618e+03 -1.080370972200648261e-01 -1.245887150104764696e-01 -2.047723311179773908e+00 1.155363893246793339e+02 8.848227901679373009e-01 6.028149994963893921e-01 4.704058188778504679e+00 -1.431445136257871731e-01 1.211433469304945554e-02 5.446914507905277203e-01 -3.282624896682989402e+00 3.109006698661542778e+00 8.430627701639160421e+00 3.035480030874526847e+01
1.118803484654511078e-04 -1.565670547705999752e+03 -1.064687950597013599e-01 -1.054261511620867980e-01 -1.925134396232074829e+00 1.256784166884025353e+02 9.348481936476330523e-01 6.243156212188731846e-01 4.722572243308571949e+00 -1.720201932749612084e-01 1.765268942776199168e-02 2.730870218897767376e-01 -2.953503379135838713e+00 2.270028291994852232e+00 8.679250292652707088e+00 3.615663980568162117e+01
1.827018645598045912e-04 -1.565180122020050703e+03 -1.374890693857216684e-01 -8.261917224008351324e-02 -2.291487297036178372e+00 1.542043465746912432e+02 9.605539757121951405e-01 5.860949717173337126e-01 4.706509132443327914e+00 -1.422824667579987157e-01 7.389698221856200178e-02 1.601758039881595597e-01 -2.904978204497524530e+00 2.746328848644896681e+00 8.936074909321245485e+00 3.791291913272898739e+01
1.093311735009921791e-04 -1.565693596124007627e+03 -1.495163464547180909e-01 -6.691405522507355708e-02 -1.937378598680292496e+00 1.230415298916066860e+02 9.710224792815228545e-01 5.923866288344697972e-01 4.718890733107729218e+00 -1.487125530075243951e-01 3.212478308841792973e-02 1.074957772131451966e-01 -9.881851890670816374e-01 1.759780205422112331e+00 8.772775886624506470e+00 3.153680720043039543e+01
2.308441849491049008e-04 -1.564946234730066180e+03 -1.010000321514417654e-01 -1.069231136541088922e-01 -1.899613076556196489e+00 1.222943075900616066e+02 8.830250333643862026e-01 6.119453312601441652e-01 4.709302968635767250e+00 -1.645823147629132954e-01 -3.108322217368453266e-03 8.013590439367933582e-01 -4.561187230685277427e-01 2.613363061970241930e+00 7.805739941148082117e+00 3.342544009995562959e+01
1.653855985718519044e-04 -1.565279697980468882e+03 -9.867578711017409299e-02 -7.579802412506364551e-02 -1.783637707935752825e+00 1.195350881238874194e+02 9.305468280776659773e-01 6.041743795402008121e-01 4.714053302115203792e+00 -1.599620968803492360e-01 -4.631990373016314777e-03 1.417728860451584472e-01 -8.308977800539395275e+00 1.732216141699827183e+00 8.597863583575392710e+00 2.813793709093281947e+01
2.123021355169826601e-04 -1.565029967261346883e+03 -1.152225052874602529e-01 -5.932052531983615651e-02 -1.407700920324120419e+00 1.277610661545268442e+02 9.295307362661940909e-01 6.009391144857985090e-01 4.706061865987740234e+00 -1.378270370034919701e-01 -5.755242605163579661e-02 2.046665472295945698e-01 -2.685061135037301483e+00 3.715637780163594250e+00 8.468385994166993669e+00 3.437592390992416824e+01
1.419797235803888066e-04 -1.565432293433246286e+03 -1.428463216021935989e-01 -8.625457063799348012e-02 -2.218849085477597516e+00 1.545296512218718021e+02 9.667593255222775017e-01 5.900653469110417326e-01 4.714376357367225268e+00 -1.472699297658346396e-01 4.652681693982585465e-02 6.917873689719123975e-01 9.186187898949071950e-01 2.826886974964137877e+00 8.916415417551949218e+00 3.593668292883344861e+01
1.043779593502209478e-04 -1.565739959153139353e+03 -1.329923088473138337e-01 -5.608131042320742277e-02 -1.432269311915946863e+00 1.394823066226267940e+02 9.714512065619400616e-01 6.012388263323917847e-01 4.712904540459218694e+00 -1.211056197502253795e-01 -6.827522232556493265e-02 3.511608431648693268e-02 -3.562900041959750297e+00 1.862684051370688820e+00 9.719312462530105279e+00 2.818830970773922218e+01
1.735125881174515638e-04 -1.565231727538218365e+03 -1.310017211409641169e-01 -1.015718756266763001e-01 -2.188116301052678292e+00 1.196931554420919923e+02 9.254507752688496680e-01 5.985775632527281509e-01 4.699176730380313138e+00 -1.584275378660384703e-01 6.523891043392660016e-02 2.734943307243469235e-01 2.657250075918057064e+00 1.702378372339441448e+00 8.194387597421194158e+00 2.769020157549750749e+01
1.097676107718970420e-04 -1.565689612187267812e+03 -1.268125734972689600e-01 -9.701080629705730041e-02 -1.935361652728989856e+00 1.471040237371266244e+02 9.019209898424329630e-01 6.156937345730756350e-01 4.707733075535517564e+00 -1.380473797955588111e-01 1.182489375982531676e-02 8.546374789630820645e-01 -2.146494462950812476e+00 2.527494660233942092e+00 9.599578318064793336e+00 3.140845208899401086e+01
1.226258685804868984e-04 -1.565578839687878826e+03 -1.490916554783678905e-01 -1.188876168714672055e-01 -2.178820999501247968e+00 1.195023006684731683e+02 9.434971255037648552e-01 6.095206396490657763e-01 4.711079188945185514e+00 -1.587823562736816463e-01 5.127291904597197636e-02 4.112569430874224996e-01 1.383253031556023416e+00 2.015996374775452793e+00 8.598969575040914748e+00 2.534941174204474734e+01
2.212136579959997525e-04 -1.564988848676213365e+03 -1.268191686302451160e-01 -1.152345550563256549e-01 -2.067053538778375721e+00 1.313254184834351008e+02 9.377692184101130701e-01 5.870208939182747221e-01 4.698632708944558090e+00 -1.520086101510584875e-01 2.376216450219259535e-02 2.935605608823180779e-01 4.856207743943770083e+00 7.594919792018872684e-01 8.282297880893519704e+00 3.286243796241738835e+01
1.423610192160150922e-04 -1.565429611468921166e+03 -1.243489257340095189e-01 -1.307701983829045733e-01 -2.083946874285290463e+00 1.160209953707184667e+02 8.846209188553068037e-01 6.138423945654228886e-01 4.701457425809926427e+00 -1.454678584615907155e-01 2.261801758822556963e-02 5.495484054976252919e-01 -5.407706799622502558e+00 4.101408209188805998e+00 9.096446674214053729e+00 3.053873102715487420e+01
1.247429550248278351e-04 -1.565561722428674329e+03 -1.147339055514942918e-01 -1.350992902650573757e-01 -2.003736046924221359e+00 1.139399038678497931e+02 8.768536524716334934e-01 6.274811688707626622e-01 4.717347989238864336e+00 -1.574144399776180592e-01 9.243694893964260473e-03 2.944611405740996668e-01 6.841353446658899884e-01 3.025440425698522340e+00 9.092524830235927169e+00 3.502246904275430239e+01
1.235683762236707407e-04 -1.565571183032473073e+03 -1.096840561668684239e-01 -1.480011737539707883e-01 -2.185170841421774313e+00 1.352392490527749942e+02 8.637787813522550540e-01 6.380901506504490506e-01 4.707852673289647072e+00 -1.440960247098779234e-01 4.387473889656989812e-02 1.131146392324025252e+00 4.363529768541809517e-01 1.803187852502441402e+00 8.937914761148913811e+00 3.178004008842549766e+01
1.025733515552804874e-04 -1.565757399521393836e+03 -1.215023462619358036e-01 -7.318442652366731471e-02 -1.703455025441720005e+00 1.510363105686674032e+02 9.669923517044581862e-01 5.831862093029143157e-01 4.708892277552207517e+00 -1.728108511487831400e-01 -6.760490817964814880e-03 1.093192685981376200e-01 -1.949086778551418320e+00 2.908348153677797754e+00 8.362314597446850684e+00 3.790290935964313235e+01
1.426502529289703548e-04 -1.565427581838232754e+03 -1.062531972863354074e-01 -7.348811372287560040e-02 -1.893698192955857174e+00 1.264523051028355383e+02 9.070151282560106054e-01 6.166327461248137798e-01 4.708082553664491243e+00 -1.599591683258805297e-01 1.626082489554248056e-02 3.263349943874087056e-01 -7.217794252196938487e-01 3.997164261121177731e+00 8.613142896620850308e+00 3.058556526922673413e+01
1.189818479581527958e-04 -1.565609006745654824e+03 -1.445512799910521062e-01 -1.035601239318301725e-01 -2.001667907885899211e+00 1.268940945162737108e+02 9.545701351641709964e-01 5.629333900733454188e-01 4.690600083050012969e+00 -1.662112177594963214e-01 1.178220127281193186e-03 2.588758103523191023e-01 -6.845989977391582215e-01 3.095393081404496094e+00 8.664186634436132906e+00 3.043748564801240875e+01
1.143794169272776520e-04 -1.565648456548170998e+03 -1.259336348623799340e-01 -7.017141557787065498e-02 -1.910428245667811664e+00 1.354982599931959442e+02 9.410088218270704630e-01 5.996694863681533150e-01 4.704443963778064841e+00 -1.561131308329140044e-01 2.843448338780163454e-02 3.370415368048821358e-01 -4.973427000250751462e+00 3.808782204527294546e+00 8.676001344145035432e+00 3.600100541145512523e+01
1.568859021049374622e-04 -1.565332458886003451e+03 -1.446955997674760908e-01 -1.105488408592258387e-01 -1.873506075836439688e+00 1.320633961215447982e+02 9.594923594025670521e-01 5.821593442855015343e-01 4.710633940259221220e+00 -1.693920347584789710e-01 -3.847629878354075217e-03 1.095397651635380970e-01 3.780637218959242318e+00 1.965040821346852873e+00 8.497849376941534416e+00 3.599899455224342404e+01
1.412988830811369304e-04 -1.565437100303897296e+03 -1.247104586756457439e-01 -9.156505470755280096e-02 -2.292677486091490913e+00 1.155861117995612659e+02 9.740893237790567705e-01 6.062697553415379303e-01 4.707317541341389244e+00 -1.309864606725734681e-01 4.456246255125440037e-02 4.720466959581247346e-02 1.022911040636785174e+00 2.514559650317549355e+00 9.502330112843960563e+00 3.174796070845387064e+01
1.102727246759133297e-04 -1.565685021076367775e+03 -1.221676679459625103e-01 -1.145403621610884548e-01 -1.983194595719280917e+00 1.230096647408599040e+02 9.585432607163265617e-01 5.940060649373747337e-01 4.710495432497015855e+00 -1.783840785228716364e-01 1.418441743983844816e-02 1.181306618245676343e-01 -1.658653652141424573e+00 3.353569919329890681e-01 8.603272732726319205e+00 3.442977393692847699e+01
1.408228928093380173e-04 -1.565440474667481567e+03 -1.360842434926257394e-01 -1.011496418371360811e-01 -2.008672618216428951e+00 1.318097413963289455e+02 9.210242267374688652e-01 6.075900397734328440e-01 4.697601646536089248e+00 -1.507806515919618562e-01 8.028326397599316877e-03 5.626340989882598898e-01 -1.056364303372276936e+00 2.521994163951379875e+00 8.632033583282460398e+00 3.428046976674503554e+01
1.405157305815913911e-04 -1.565442658245023040e+03 -1.371947952098529211e-01 -8.088488365519842793e-02 -1.907109429922067223e+00 1.280784329476514642e+02 9.660214108609802564e-01 5.964740838668811662e-01 4.711054544863033655e+00 -1.842037561940830237e-01 1.200452354030923097e-02 4.794987993194797793e-02 -9.481518389893039966e-01 3.665095932077533369e+00 8.611569811632691085e+00 2.478175682778594080e+01
2.988697249766699522e-04 -1.564687969912938797e+03 -9.975677307175372099e-02 -1.043385617148652744e-01 -1.823349431832207657e+00 1.179425844527572877e+02 8.792088649018573454e-01 6.050998737871584598e-01 4.694391120633911285e+00 -1.467535412574614284e-01 -7.894389594874873239e-03 4.762012879908648633e-01 5.474271156546706152e-01 2.150751159451513850e+00 8.370699526894288311e+00 3.115136329988343888e+01
1.222454815590480015e-04 -1.565581946521954706e+03 -1.449211091988680533e-01 -8.446877134518672448e-02 -1.939966727088216381e+00 1.485513799962478458e+02 9.761093999534464771e-01 5.900252042767972771e-01 4.703063517822345219e+00 -1.427751790735940496e-01 -5.494019261386373643e-03 3.998536049421635430e-01 -4.676718491215666518e+00 2.045233680663782749e+00 8.717810933462910583e+00 3.744018094304546196e+01
1.204395483674196727e-04 -1.565596829735213305e+03 -1.203027496933396223e-01 -7.622420851350475424e-02 -1.868751875733218437e+00 1.741226493168044840e+02 9.223806592467337362e-01 6.074726626016226927e-01 4.704946922109892959e+00 -1.442572991660462378e-01 2.857116686569405317e-03 1.002882503686993942e+00 -3.171341896032259910e+00 2.109809762248171516e+00 9.462183718451310455e+00 2.950951983011074020e+01
1.194757867827770758e-04 -1.565604863959187924e+03 -9.942624948556481879e-02 -1.230199167926113585e-01 -2.069661236235133650e+00 1.237880579631988240e+02 8.786350620432200609e-01 6.383179776420204732e-01 4.718470501962523933e+00 -1.552377650378384821e-01 4.276310888808732003e-02 7.469262139168293402e-01 -1.369006328917237170e+00 2.634851727534415211e+00 8.848274025583302560e+00 3.620118450341780658e+01
1.397254956048354587e-04 -1.565448297936813105e+03 -9.117851077176634955e-02 -9.302161283481211185e-02 -1.579961278171356787e+00 1.085128517063450033e+02 8.827635703637924935e-01 6.230975640697502538e-01 4.708109540118476488e+00 -1.587479876385300415e-01 -3.046397195864303242e-02 5.516433682468070421e-01 -5.965917937514973346e+00 3.165006851035601088e+00 8.113327081963772613e+00 2.971847695918261678e+01
1.505201438624945512e-04 -1.565373880767469700e+03 -1.357101408724543101e-01 -1.067637119386237732e-01 -1.958524517389529374e+00 1.301972935029845644e+02 9.127769736684295809e-01 6.167512886356070201e-01 4.708197515789747989e+00 -1.633347902219575154e-01 1.685518033598176757e-03 4.498301060333768087e-01 -2.205028072132535044e+00 2.298240064564471830e+00 7.830531023822473458e+00 3.094746065779929722e+01
1.139017917169606601e-04 -1.565652641088020800e+03 -9.069763652229731465e-02 -5.655212209346274777e-02 -1.531656706645944777e+00 1.093036139731334799e+02 8.959031243144093271e-01 6.053047390325116961e-01 4.701914815856174101e+00 -1.525646631016015498e-01 -4.274885674325568097e-02 4.666292979555714537e-01 1.601615028198835944e+00 1.577710296701617665e+00 8.648016091612475975e+00 2.676024153153644392e+01
1.542871072923082524e-04 -1.565349162489195805e+03 -9.240829768442690439e-02 -8.701136874376014241e-02 -1.674649978133011752e+00 1.472921827482121273e+02 9.629945296399899934e-01 5.951292652990660681e-01 4.704270997510576535e+00 -1.467962693136262153e-01 -2.944373445424219859e-02 2.909638144411407779e-01 1.514449139837381608e+00 3.126855768114777945e+00 8.871710012991250949e+00 3.225699247583879981e+01
1.061221921742473657e-04 -1.565723386502404992e+03 -1.032840435757457764e-01 -6.206319863615816779e-02 -1.744195050354520493e+00 1.199907305606411541e+02 9.290801961168624334e-01 5.881496539034340998e-01 4.698539741067072839e+00 -1.588192943556965275e-01 -2.810440001330727355e-02 3.870602397261640459e-01 -5.310774785788595409e+00 2.586530997692793044e+00 8.719700587089263877e+00 3.649198502417328172e+01
1.942127711101165996e-04 -1.565119023372601532e+03 -1.327462243047428381e-01 -8.601874986265274636e-02 -2.010953609587725843e+00 1.784688184083441627e+02 9.883414244433665896e-01 6.032499095470846839e-01 4.709712980339094912e+00 -1.528413655991860409e-01 2.847528646549890574e-02 3.389454868565222045e-01 3.556755629893586956e+00 2.290036340363288403e+00 8.452678878041130162e+00 3.548626170508995159e+01
1.089033250945329695e-04 -1.565697517126024877e+03 -8.870635042904267964e-02 -8.727289126336996994e-02 -1.718590479734366738e+00 1.378930431938214838e+02 9.333418395736662321e-01 6.176447215141898095e-01 4.711856189184617349e+00 -1.781663977129603893e-01 -2.699154023426064697e-02 3.893830338599594265e-01 -4.553716313104217761e+00 1.899826467664844643e+00 9.299273175687350346e+00 3.104001194742722447e+01
1.804274968186795789e-04 -1.565192648671561301e+03 -1.441649547525728214e-01 -7.923963779272326369e-02 -1.895431969875491340e+00 1.889530834892036921e+02 9.473304438864732502e-01 5.957112311601793220e-01 4.710749251569104956e+00 -1.557982260966390697e-01 2.857914163024943832e-03 8.624306707936085781e-01 1.906358592749342051e+00 1.717365134920600944e+00 9.476861038399398751e+00 3.189421216056098629e+01
2.199440771568056505e-04 -1.564994604369666831e+03 -1.146538747569303962e-01 -9.478274551330578834e-02 -1.620680903928959582e+00 1.299001382877255253e+02 9.328577622065225006e-01 5.831331621062909587e-01 4.692199542858443984e+00 -1.635910434924223722e-01 -5.121193465833395742e-02 2.478792591024289171e-01 -7.317572760062773796e-01 2.845719258425916109e+00 9.122971283715530788e+00 3.442109401195936158e+01
1.831897645859391821e-04 -1.565177455108449294e+03 -1.075301643282944586e-01 -9.715759730038718567e-02 -1.717804256716291667e+00 1.156567478785931655e+02 9.032804340731415138e-01 6.102030006261989215e-01 4.710038350115992145e+00 -1.471363517178878588e-01 -1.452532875610978991e-02 2.894181850259311406e-01 -7.788637765351040798e+00 4.142827178734154181e+00 8.614400456866233569e+00 2.807788715536696600e+01
2.759742913929306291e-04 -1.564767669974712817e+03 -1.482064102003181338e-01 -1.026178378230919730e-01 -2.001204955773280503e+00 1.251770914758928797e+02 9.443007132136325144e-01 6.066856400500352242e-01 4.708855933081951051e+00 -1.520151392360089559e-01 3.448762905270563728e-02 2.028855601690537080e-01 -2.119539094342940189e+00 4.105568450979202311e+00 8.673930132981233498e+00 3.082637932183229879e+01
1.131581032932155504e-04 -1.565659191703954548e+03 -1.146000860607437333e-01 -9.664142611798801075e-02 -1.700999841540886459e+00 1.204051474455500710e+02 9.256991487969421506e-01 5.839856534365381879e-01 4.695210376484438619e+00 -1.695410568123707495e-01 -2.979673273999683403e-02 3.489857614066126934e-01 -6.130416112355987934e+00 4.321679728070182414e+00 8.710636834319718247e+00 3.423050091805435358e+01
1.140713777292360996e-04 -1.565651153316069667e+03 -9.338008521983148791e-02 -1.139064242042932412e-01 -1.832096782824057968e+00 1.205628261773151166e+02 9.281823372565979335e-01 5.920353737720049914e-01 4.702100995340245504e+00 -1.682333054327092015e-01 -2.114753209203734663e-02 4.845714028877971535e-01 1.240851653735660420e+00 1.705822102317178235e+00 8.623876961723397017e+00 2.862963937286777849e+01
2.326829114928202465e-04 -1.564938301057137778e+03 -1.306346017297064233e-01 -1.431145939416764989e-01 -2.273356512568133425e+00 1.189904636297639087e+02 8.850005712305752947e-01 6.234678291171344977e-01 4.709599441521833185e+00 -1.446167056873879364e-01 5.400540006614718003e-02 9.222816697774137706e-01 -1.759321878421644669e+00 2.236607396373990753e+00 9.320650001496622039e+00 3.490815747879394593e+01
1.031064044590756319e-04 -1.565752216180966116e+03 -1.027713656977154860e-01 -5.983714813948286249e-02 -1.651723533361076912e+00 1.290923254499115558e+02 9.398384064962819195e-01 6.223451441912124515e-01 4.719026392663206337e+00 -1.572767812740454296e-01 -3.377353210724010069e-02 1.172377083298550005e-01 3.019705588299075316e-01 3.951964987460088174e+00 9.102501023161902793e+00 3.287911315564828385e+01
1.689783860065814560e-04 -1.565258206875672613e+03 -9.248830680578662422e-02 -1.382766204567512647e-01 -1.956648363484899011e+00 1.094263483079127184e+02 8.557920747909559811e-01 6.342361472086177621e-01 4.708125004721489759e+00 -1.401013081770878799e-01 -1.352340049543876432e-03 4.403430313245803585e-01 -5.006664511146226459e+00 3.360068672834559678e+00 8.900682323399466966e+00 3.304375760356658986e+01
1.482631861804930467e-04 -1.565388988709473779e+03 -1.075592675667804005e-01 -1.054263820939703167e-01 -1.732395863892287835e+00 1.507005683760070553e+02 8.930123537124678990e-01 6.051482645281553996e-01 4.701173127044770972e+00 -1.499638406659269396e-01 -1.975600405748290100e-02 7.088440871413774769e-01 -4.327244595215148593e+00 3.560813341594526449e+00 8.619214498108206612e+00 2.600466944415435933e+01
1.340728808746780227e-04 -1.565489594149742061e+03 -9.161532131661165312e-02 -1.056596389002035230e-01 -1.780761212109930103e+00 1.290377731594768420e+02 8.898739406629615489e-01 6.075927872498334548e-01 4.709620774568786139e+00 -1.538492389257568593e-01 -1.675456346692616449e-02 7.867221457312609800e-01 3.021745590219580890e+00 2.481735772756676894e+00 9.219804129930730952e+00 2.765742493188882989e+01
3.067136357796235169e-04 -1.564662063159166337e+03 -7.838697014975229416e-02 -1.427445923067084121e-01 -1.911785906241548982e+00 1.159085868783377720e+02 8.197257764941325853e-01 6.393909455673467690e-01 4.709520122900510586e+00 -1.623290105156749430e-01 7.213725025975170624e-03 1.044720768468229366e+00 -3.899887677029539645e+00 1.828784815711137490e+00 8.919937515575625753e+00 2.964826152923505376e+01
1.171542106471434560e-04 -1.565624486582299369e+03 -1.160955646094762733e-01 -1.031354133720730343e-01 -2.045927707530648121e+00 1.276716796965959446e+02 9.546584725034847896e-01 6.106438020509665776e-01 4.705279479545733778e+00 -1.536671093260641996e-01 1.186044994075174941e-02 3.970324420562750256e-01 -5.114961912713965830e+00 2.544386719949387476e+00 8.771809851497614829e+00 3.170338774858016961e+01
2.725684117050990998e-04 -1.564780088054240650e+03 -1.278870127845743720e-01 -7.990468651900815844e-02 -1.658403583441831364e+00 1.042865533937513618e+02 9.047629913096090215e-01 6.204818417589704760e-01 4.713467656547793538e+00 -1.498871470145042295e-01 -3.773763463611978786e-02 4.616078684936612830e-02 5.451229020422942995e-03 2.368263918397839340e+00 8.653601207774141102e+00 2.960382775038428349e+01
1.944230944442418610e-04 -1.565117941005412604e+03 -1.035637371082077374e-01 -1.163582365748234981e-01 -1.944478034890099849e+00 1.469523077717609567e+02 9.191441743661201702e-01 6.009833652437167606e-01 4.706793655443945568e+00 -1.802127799691448651e-01 2.332083243015325991e-02 6.082112802111103722e-01 2.521425454863361892e+00 2.340201333840497000e+00 8.581305100864744517e+00 3.105925088423766667e+01
8.049426366780594545e-04 -1.563697206672869925e+03 -1.448418655068029193e-01 -8.754436562102518860e-02 -1.745480325297967150e+00 1.365175280483477707e+02 9.734085738101293517e-01 5.868644859445228956e-01 4.703449320713501081e+00 -1.650120354881208229e-01 -4.761304940587685053e-02 4.112542513472457195e-02 -3.651812609818051669e+00 1.456640892986582614e+00 8.128083924145879990e+00 3.201551919713730143e+01
2.343255937101201196e-04 -1.564931266114631399e+03 -1.219630009015711947e-01 -1.058187000261569949e-01 -2.188637579275888534e+00 1.024738796483292163e+02 9.572001205856176531e-01 5.975184682835368299e-01 4.711718616763855394e+00 -1.456302655309835714e-01 6.953353382928284532e-02 1.358368161833299059e-01 -6.547471653385912305e-01 2.165395627343635887e+00 8.462707330169184416e+00 2.568328446364331796e+01
1.209103695217168746e-04 -1.565592928165611283e+03 -8.540613306539442118e-02 -8.873867446330163666e-02 -1.689242142668353042e+00 1.438568395904383408e+02 9.078770443034874793e-01 6.233398909502418928e-01 4.719462057464907545e+00 -1.462730846320230427e-01 -3.340197180384807396e-02 5.753874572766902729e-01 -4.982447688194923785e+00 2.846294503383917096e+00 8.593443524153254742e+00 2.679413187572776778e+01
1.925337856369163843e-04 -1.565127706040834482e+03 -1.314045713088423384e-01 -7.597517335997476529e-02 -1.723360698159115856e+00 1.109655729341008197e+02 9.160037080238320195e-01 5.909996263998453792e-01 4.697487931347138712e+00 -1.620109554036555100e-01 -2.079824439772437472e-02 1.945547566170648390e-01 -1.478589006502915026e+00 3.565266837768921171e+00 8.270736008068602985e+00 2.840020533169573724e+01
1.537869189254972401e-04 -1.565352409688010084e+03 -1.488529314246957447e-01 -1.019626496227223206e-01 -1.870122652560891829e+00 1.249978925828368546e+02 9.787405866334840665e-01 5.861677191490655137e-01 4.711906295008056134e+00 -1.644759434336078296e-01 -8.800632261879215434e-03 6.751350115835853816e-02 -3.031905320842071205e+00 2.037869057032182241e-01 8.728457968846026205e+00 3.090598821538337404e+01
1.636825235325257445e-04 -1.565290048969403642e+03 -1.267786374406122407e-01 -1.149847985021312247e-01 -2.328170724132930580e+00 1.175771161755023257e+02 9.445006925027431555e-01 5.898327883501159885e-01 4.704578388648761766e+00 -1.425513456391054312e-01 7.241810618691646440e-02 1.468892156708117291e-01 -1.648707557560584291e+00 2.364883796229233504e+00 7.781915564103347727e+00 2.904384548448379988e+01
1.628051957213619391e-04 -1.565295423321154885e+03 -1.005778912216541421e-01 -1.276299669710343199e-01 -2.011645409662454753e+00 1.347657614391521861e+02 8.884483439952052253e-01 6.314243798632829252e-01 4.713548884555759599e+00 -1.441845737091100865e-01 4.112725919747095560e-03 7.423564005590648218e-01 -3.912967085068572715e+00 2.163879666665646795e+00 8.591871255347328429e+00 2.928871522646081615e+01
2.732844724866880610e-04 -1.564777464412548625e+03 -1.323187941922059907e-01 -1.232241980770971274e-01 -2.458695474278000503e+00 1.095239988463552407e+02 9.277347080234894516e-01 6.091134829071701562e-01 4.710181825024442936e+00 -1.331262926593703710e-01 8.947396376559746400e-02 5.477575701225091409e-01 1.724144309823600452e+00 2.473709443051141932e+00 8.315646545252409538e+00 3.334810723048320114e+01
1.576598330414806482e-04 -1.565327537932311543e+03 -1.138176655634252632e-01 -8.263356586017368832e-02 -1.531841410856314978e+00 1.151812293470281077e+02 9.331809957557112289e-01 5.949582842015606055e-01 4.708574106272759963e+00 -1.500647126279508470e-01 -4.458000408345452747e-02 5.731847752475353053e-01 -6.827595093903568113e+00 1.898539000912968788e+00 9.040819408692390979e+00 3.481942365211243384e+01
2.143596831042753872e-04 -1.565020322322673110e+03 -1.464896445398235492e-01 -8.640796455169466594e-02 -2.536637342713186527e+00 1.395834086297033991e+02 9.355018055773076657e-01 6.047224670616528908e-01 4.712530139944209218e+00 -1.276409103747373486e-01 8.559679882707738052e-02 3.982965150473130045e-01 4.882311152855663750e+00 2.028718436447363160e+00 8.550067483270362700e+00 3.384837072367508171e+01
1.054462903379955275e-04 -1.565729775962004169e+03 -1.364350059424790929e-01 -1.002317946661223369e-01 -2.426492650636159709e+00 1.268180453781139363e+02 9.402503574582962154e-01 6.286337488572992793e-01 4.717833283547362200e+00 -1.421106138314645051e-01 7.624350958571857184e-02 3.999567816776991025e-01 6.275108511671902534e+00 2.439131435424402028e+00 8.918144801807969202e+00 3.024122703452136562e+01
2.322504814675685123e-04 -1.564940161238215296e+03 -1.161005833852221392e-01 -8.742884751103126295e-02 -1.994506484171363780e+00 1.549232248621027281e+02 9.798962545038482075e-01 5.738033108381581648e-01 4.705764228911592184e+00 -1.710800681971220705e-01 5.480741129478605700e-03 8.234661914705178332e-02 5.269024838037069003e+00 1.648291314019112441e+00 8.564571773758910211e+00 3.481580969737419196e+01
1.434579219650212198e-04 -1.565421935923488718e+03 -1.327168973984699796e-01 -5.309692194225705542e-02 -1.811771743142726043e+00 1.530630850144661395e+02 9.828380868644727153e-01 5.957060935773661470e-01 4.710101573366717531e+00 -1.670008196863057570e-01 6.304016725468430948e-03 6.606303968305089758e-02 -2.097507258175681955e+00 2.233579021076792515e+00 7.686794328122248388e+00 3.607787654931171772e+01
2.135116719730202736e-04 -1.565024286188127235e+03 -1.059781429027881472e-01 -1.005999653584498388e-01 -1.778612727009700523e+00 1.150511779448769829e+02 8.993001326550911223e-01 6.209313511632823523e-01 4.713845564002707711e+00 -1.475910843591821120e-01 4.080790637969844425e-03 3.089094414247754439e-01 2.116072598990172082e+00 3.811958097270862211e+00 9.161537866990808965e+00 3.083197071382137722e+01
1.850002546102350195e-04 -1.565167620487615523e+03 -1.298337909366127085e-01 -1.225934015381074660e-01 -1.995373597223415674e+00 1.169263955276464344e+02 9.097188370855124884e-01 6.022558778734293794e-01 4.705375951850467864e+00 -1.589770728471044947e-01 1.281688602680519651e-03 4.419021456525005775e-01 1.334178845105469691e+00 3.417417443685288880e+00 7.854476087463146960e+00 3.453124628521819517e+01
3.144519510800997011e-04 -1.564637146403255429e+03 -1.305016626154344994e-01 -1.345011709258489840e-01 -2.148262030365688080e+00 1.335025241476202780e+02 9.133211872834615663e-01 5.939391744644665350e-01 4.700544642123980488e+00 -1.622648575294132200e-01 3.862263650132202741e-02 5.402621546733463731e-01 -4.642254901357034669e-01 3.398237578617013810e+00 8.887795378653029488e+00 3.568572376757439457e+01
2.137512605514285300e-04 -1.565023164683848336e+03 -1.432770097235128715e-01 -8.531804069671104773e-02 -1.855091753947362365e+00 1.665748571474339883e+02 9.715479590943498778e-01 5.667122800790309611e-01 4.691168691074652841e+00 -1.558774027672256146e-01 -1.092926753635548032e-02 2.336281558217006560e-01 -2.499361677974633267e+00 9.650711400451816857e-01 9.084155316860353935e+00 3.484672679140699358e+01
1.768225917436198251e-04 -1.565212830765568924e+03 -9.836002927833537024e-02 -9.266944430912049668e-02 -1.806391093938115366e+00 8.869837495024646046e+01 9.045276997773812333e-01 6.240004865577799542e-01 4.704641944384673202e+00 -1.613390946355377498e-01 -2.900094497043870234e-02 6.946969623549738293e-02 -8.786958145755932037e-01 3.665898337582240707e+00 8.585643045546987651e+00 2.822743930476201513e+01
1.678523427412816635e-04 -1.565264893008285298e+03 -1.395179768828649636e-01 -8.690133049139840693e-02 -2.433855688740448553e+00 1.465382077501004687e+02 9.804106349831742673e-01 5.827358236408890502e-01 4.705723797102856487e+00 -1.307126058950589531e-01 7.678555424395261397e-02 7.693580716657691387e-02 2.759920214188269938e+00 4.440094477028200259e+00 8.901238435315761421e+00 2.930583773039463580e+01
1.204907835208777155e-04 -1.565596404424262801e+03 -1.409821404687786883e-01 -6.316623285967841450e-02 -2.077886553529393332e+00 1.300647171063667429e+02 9.708932383686639245e-01 5.775599888350988476e-01 4.707584881878601024e+00 -1.551443060523916007e-01 3.637796579527119434e-02 2.891799318654226236e-01 6.191831838877988048e-01 3.316736813737342082e+00 9.236569478345169060e+00 3.459097334681482039e+01
1.090715481001713281e-04 -1.565695973617485834e+03 -1.112135070982667728e-01 -1.408115844365565028e-01 -1.973017425073505304e+00 1.084483041203713611e+02 8.937370047018332597e-01 6.161606973135203003e-01 4.714221479812412241e+00 -1.529557985813605470e-01 2.309532461133656511e-02 3.041585762514595892e-01 -5.079978793727775610e+00 2.667738678144959685e+00 8.701791709547768150e+00 3.187008396830826129e+01
1.349516829240345864e-04 -1.565483060878855440e+03 -1.208830084186042347e-01 -8.971767355986530468e-02 -1.866264775632160866e+00 1.213500146268269617e+02 9.000518759363334009e-01 6.201915937531528034e-01 4.709938842550846161e+00 -1.611085684296351683e-01 4.128423746824427809e-03 2.973165686181475365e-01 2.535141111202506181e+00 1.753905024493462861e+00 8.005933113529595246e+00 3.167630388671071984e+01
7.114066342006654386e-04 -1.563820733503937390e+03 -1.301912853785274493e-01 -6.853910222977707689e-02 -1.640996973742871567e+00 1.464431236746898719e+02 9.795789557416521021e-01 5.843279797813738519e-01 4.706361873619155034e+00 -1.449344634354470251e-01 -1.551258804906008315e-02 1.826305908269456324e-01 -1.861833268701161614e+00 1.039743252337133050e+00 8.751951807856928056e+00 3.082461476792308730e+01
1.041365609385784443e-04 -1.565742274565218622e+03 -1.270440868211671348e-01 -9.727435002017661980e-02 -2.176984136189810570e+00 1.143097299875540358e+02 9.207585620422902295e-01 5.957107035077602308e-01 4.699514532186837457e+00 -1.441991922178278429e-01 6.710811447064801705e-02 3.989099835862305321e-01 6.330921097828024813e+00 1.273474397978646699e+00 8.653856013336124420e+00 3.300902609842959379e+01
1.167230729426498725e-04 -1.565628173457623461e+03 -1.367488960655368346e-01 -8.727648221538990281e-02 -2.034003880023500521e+00 1.551238387236284098e+02 9.839784723609742434e-01 5.986163423669025319e-01 4.715866012311678901e+00 -1.343943724651919247e-01 1.935177787357877932e-02 1.101596897492842370e-01 8.120695272698696954e-01 1.551838306208419560e+00 9.960798673349536614e+00 3.752524120067679547e+01
1.470232664917796306e-04 -1.565397386839255660e+03 -1.402477292355319427e-01 -7.359055658898198959e-02 -1.612190221583877259e+00 1.483596275271866034e+02 9.799409768065918680e-01 5.862992901957218006e-01 4.709261974461725231e+00 -1.659767103359555129e-01 -3.941075573405283805e-02 2.039675561684473337e-01 -9.258554978558777293e-01 3.741431522907401330e+00 7.832888486546396578e+00 3.046217503378034763e+01
1.791197199269356293e-04 -1.565199923280280927e+03 -1.068513232659127898e-01 -1.144308242889380267e-01 -1.995910256765252910e+00 1.153381135922882805e+02 8.985512307411031019e-01 6.046601814022097843e-01 4.706008196267664090e+00 -1.568381971449759327e-01 -6.263976043916930081e-03 7.118253144239157226e-01 3.638998867508604462e+00 2.203606288145421033e+00 8.780217231946995327e+00 3.170285595185140437e+01
1.458132286784170851e-04 -1.565405651141829367e+03 -1.280095253690376467e-01 -1.026674243460428682e-01 -1.826140140261573119e+00 1.486807393852396615e+02 9.157357686508761363e-01 6.007897653191844878e-01 4.708363807119496869e+00 -1.760721023846225641e-01 -9.894303590725961328e-03 5.245339251552920690e-01 -5.153461157750626853e+00 2.238705319293154972e+00 9.454287308624742536e+00 3.131836769393125763e+01
1.304928926757623943e-04 -1.565516658925939510e+03 -1.390923120872842589e-01 -1.186608668403705269e-01 -2.289782234703429786e+00 1.344288301466056339e+02 9.319107268305537595e-01 6.074019733565246826e-01 4.705613858036027608e+00 -1.386835501828374007e-01 6.748943422966968697e-02 5.391811867725275764e-01 6.687664163443628240e+00 1.093073822024281938e+00 8.818708456536427320e+00 3.696615225906352009e+01
1.397854823579419096e-04 -1.565447868710351486e+03 -1.249949621365828434e-01 -6.537422959645712572e-02 -1.715279940044359686e+00 1.352773048123040098e+02 9.216124004830650307e-01 6.013034169205424551e-01 4.707201795981502457e+00 -1.429935007670208869e-01 -9.692638141431064724e-03 2.538180462235980483e-01 1.847510933465486005e+00 2.080221743687493685e+00 8.839388566034722672e+00 3.198337245948523844e+01
1.636950221155589202e-04 -1.565289972613629061e+03 -1.072336192503746399e-01 -8.806701466965202729e-02 -1.883530589840008096e+00 1.314349004007416966e+02 9.092987927149971394e-01 6.011251717134686867e-01 4.701457557861617786e+00 -1.426590616433611736e-01 1.704704077298835330e-03 3.242527223296151617e-01 -7.666792993759088404e-01 4.131319276578060418e+00 8.655975187877196220e+00 3.341711471117181276e+01
1.177922611552972707e-04 -1.565619055114681714e+03 -1.191753074490640996e-01 -1.084701375836258364e-01 -2.121413781568733281e+00 1.377242114616825290e+02 9.633308022151961802e-01 5.691530261407007352e-01 4.689082520311437463e+00 -1.617296699223649270e-01 4.200660602997907667e-02 1.213999023632824914e-01 -6.100770798954044949e-01 1.597632948730387525e+00 9.162170079365260733e+00 3.122873355688182784e+01
1.481245930509754276e-04 -1.565389923924414006e+03 -1.240003453757865665e-01 -6.870136898413081727e-02 -1.878077533373198271e+00 1.367601845013860213e+02 9.645164001061559134e-01 6.029356847572115985e-01 4.708747655740097571e+00 -1.698499351082003450e-01 1.472782309503983811e-03 1.734775730029775587e-01 2.710190591160454687e+00 1.967313675638182602e-01 9.220342005321180423e+00 2.827731077895423439e+01
1.197380832511576608e-04 -1.565602670971185489e+03 -1.442416354735757966e-01 -6.509698601219848779e-02 -1.701603142676022973e+00 1.356646172454066743e+02 9.537557536626904975e-01 5.878228166187219328e-01 4.710774062886630809e+00 -1.399106977264370499e-01 -8.411890679927758185e-03 2.333003737628508989e-01 -3.630212868119400582e+00 2.787642094532194470e+00 9.084220711606638687e+00 2.900858495238578527e+01
2.344256495314120739e-04 -1.564930839210919657e+03 -1.467150723305257198e-01 -9.976412498561608444e-02 -2.252071436132667692e+00 1.067392225581580192e+02 9.291916917263697284e-01 6.088358718327773200e-01 4.715730479104433215e+00 -1.647842642526604617e-01 5.377113678566236565e-02 1.553817191470227010e-01 6.527909874544661761e-01 7.437470143291102787e-01 8.805709929553984239e+00 2.935477113230733437e+01
2.185120027866970318e-04 -1.565001136743275310e+03 -1.422503856839748837e-01 -5.968012937306541033e-02 -2.309214803272164218e+00 1.311756147279190543e+02 9.502787748506142940e-01 5.919598291514114319e-01 4.705779848987495129e+00 -1.405175563502916170e-01 6.631284213520194371e-02 1.587606436663155651e-01 3.990336748130602018e+00 2.065142474122705352e+00 8.984887422652354516e+00 2.871026710109314450e+01
1.055684944873981206e-04 -1.565728617709864011e+03 -1.446519355333752699e-01 -8.434808565857185303e-02 -2.057928813264950030e+00 1.109962394092145104e+02 9.715077020201939861e-01 6.098573225368650874e-01 4.716593505007169007e+00 -1.687426756636256631e-01 4.184366580134812885e-02 2.820132355553815473e-01 -1.739826558069353268e+00 1.543889221396033129e+00 8.822162724121284327e+00 3.267087331506368741e+01
1.103397264025346284e-04 -1.565684413660708742e+03 -7.874430087485907725e-02 -1.239493415951950506e-01 -1.838368042202174202e+00 1.072933397939182072e+02 8.778731237529735498e-01 6.308852205777013555e-01 4.715401180061849828e+00 -1.532911322293064593e-01 -7.094480046400564177e-03 4.654157025768675959e-01 2.119674087126668383e-01 8.145095294754822746e-01 9.136276452212266364e+00 3.058459899088650147e+01
1.361063489644379813e-04 -1.565474541131133947e+03 -1.367311075291505196e-01 -8.568556026465189157e-02 -1.746069582912608498e+00 1.301622081983511521e+02 9.592249980111705598e-01 6.087110920920688617e-01 4.703094873434262801e+00 -1.453711918277034165e-01 -1.706639176723512286e-02 3.646387752191307396e-01 -5.300117388772207505e-01 2.258146471854516335e+00 8.867311901581743427e+00 3.051549389705399307e+01
1.232402655215743107e-04 -1.565573841860730226e+03 -1.138011803528102134e-01 -7.124490657773771551e-02 -1.461008274645934746e+00 1.283150541996224945e+02 9.306188682876244123e-01 6.036196659644742502e-01 4.711637745578215686e+00 -1.634978988220128215e-01 -5.020734915243840746e-02 3.998028272924724624e-01 9.024174172111543157e-03 2.430478352978493461e+00 9.023319211272307072e+00 2.718342019541153576e+01
1.838284968747663773e-04 -1.565173974448216541e+03 -1.320029042795368146e-01 -9.230054967880596539e-02 -1.674657384515477965e+00 1.562796718194745722e+02 9.487567255073339201e-01 6.078801178023522933e-01 4.717646742640186908e+00 -1.471550801596064328e-01 -5.312165076777519701e-02 2.395056273262323177e-01 -3.978273209612950723e+00 2.171971904560088262e+00 8.491627494207509841e+00 3.104966225589622653e+01
1.082791507763373768e-04 -1.565703265067097846e+03 -8.011632450046710097e-02 -1.439645392699965554e-01 -1.972419999536952462e+00 1.150994643166204412e+02 8.522246324940546680e-01 6.297440998910404097e-01 4.709467912194927663e+00 -1.757327163922282054e-01 4.875329569024033916e-03 8.519758339767534716e-01 -1.728823082264341338e+00 2.992007999453760725e+00 9.579913911061277432e+00 3.011364646584113558e+01
1.437697234016116152e-04 -1.565419764812426820e+03 -9.533043879073303806e-02 -8.173185427239489098e-02 -1.882879466494630005e+00 1.132625298101523157e+02 8.983916084524325996e-01 6.262720401911667789e-01 4.716096111195971829e+00 -1.534625645715483877e-01 1.277794934856957276e-02 3.825941746654604181e-01 -6.325595561036891468e+00 1.288136460395494787e+00 8.575062514309173878e+00 3.102670405644192186e+01
1.261719118314691445e-04 -1.565550332332318249e+03 -1.306601095944453506e-01 -6.333828945614475292e-02 -1.775896375921679926e+00 1.170365288864176847e+02 9.622725328759348384e-01 5.820505878961819146e-01 4.707347318608272602e+00 -1.724490060510011080e-01 -6.974233481970681936e-03 6.736697846920752797e-02 -8.600362765830027456e-02 2.412526306765250261e+00 7.787812990335485352e+00 3.605738863269447592e+01
1.090124307813836608e-04 -1.565696515769371899e+03 -1.069746501141874417e-01 -8.734046036217528453e-02 -1.840380837135324077e+00 1.314749670646040158e+02 8.995318134429235446e-01 5.996054958109562349e-01 4.701887082657796313e+00 -1.511693197287415913e-01 -1.122744122235097564e-02 2.943290973262413512e-01 1.022086989865925943e+00 2.869589148120188504e+00 8.087705170940484578e+00 3.064904224230047447e+01
3.396326919828473556e-04 -1.564560112973015521e+03 -1.122497815525155818e-01 -7.006387171235863021e-02 -1.456221416642138555e+00 9.528940056538516501e+01 9.241994783978854100e-01 6.147862292586409039e-01 4.707856979473685755e+00 -1.336645281072157410e-01 -6.833728454825371834e-02 2.676835061698498719e-01 -5.560015233204126162e+00 3.369492594728740187e+00 8.729440999300175363e+00 2.864003683053872962e+01
1.179439943969376822e-04 -1.565617767800923048e+03 -1.423591032449726401e-01 -5.567288302317612014e-02 -2.035312350985130081e+00 1.168277210815353726e+02 9.615762395201874480e-01 5.848376530580579047e-01 4.700733373097178536e+00 -1.597601917378705938e-01 1.726755630306153755e-02 6.959002463447198916e-02 6.043791995304843567e-01 2.495041829538857669e+00 9.414580980871999571e+00 2.508147283195260968e+01
2.418138676391717282e-04 -1.564899809400736103e+03 -1.422163555475028651e-01 -9.216883224599581315e-02 -2.318178100657060092e+00 1.533173098956078491e+02 9.602842597847477402e-01 5.906616298121489805e-01 4.707375551918877576e+00 -1.476234625345882456e-01 7.614400434980028720e-02 3.283953294151734648e-01 5.732016306781275716e+00 2.066269050773672511e+00 8.205301147013678076e+00 3.949014565078090300e+01
1.045920938922577424e-04 -1.565737909724394285e+03 -1.182891532641663773e-01 -8.123812018366907695e-02 -1.837460852053804272e+00 1.488678553099776423e+02 9.830249196734199835e-01 6.063124222150819698e-01 4.718095500491178207e+00 -1.779811566684221802e-01 1.247479641828475039e-03 6.777391788157255403e-02 4.146828231988735070e+00 1.034716959910642053e+00 9.106928330172348041e+00 2.758193612985615317e+01
1.649473245962410854e-04 -1.565282351510904618e+03 -8.409072502566523888e-02 -6.070579533549014251e-02 -1.510848876228129356e+00 1.317447365223879387e+02 9.098510504551038380e-01 6.055309053766186889e-01 4.708778887748934494e+00 -1.495587393855788427e-01 -6.557004477620909100e-02 6.206207683685195375e-01 -1.165820401088609515e+00 2.537545927014939195e+00 8.912954837347776049e+00 3.092785776913342488e+01
1.073893599511710267e-04 -1.565711516581153319e+03 -1.201390996396263650e-01 -1.261269737281274228e-01 -2.198946799750549630e+00 1.144267331890515180e+02 9.170934993544170855e-01 6.174638793329847442e-01 4.709259929049292914e+00 -1.342269354601626219e-01 5.789086201778292917e-02 2.919228660140856246e-01 -5.591660862030948920e+00 1.943140608345772513e+00 8.669731688672023040e+00 3.313081785909910337e+01
1.440787424446990481e-04 -1.565417617716308769e+03 -1.133209318381282332e-01 -1.179763819097625066e-01 -1.915974900154042482e+00 1.437504887175784631e+02 9.290791504446004323e-01 6.103145751484757575e-01 4.704311940710916851e+00 -1.694063471747546679e-01 6.619964204915174122e-03 3.952254246801147342e-01 -4.096241949101681712e+00 2.307011863724173217e+00 8.148699493567445273e+00 3.463362984452511739e+01
1.043932983969303354e-04 -1.565739812207176556e+03 -1.054433408503691882e-01 -1.012085891171688179e-01 -1.661050488420208415e+00 1.215219971923637559e+02 8.883318701413830398e-01 6.121878059406248296e-01 4.704809611572048134e+00 -1.533787579734595674e-01 -4.125394407174365341e-02 7.746397494525235627e-01 -3.017972617699967941e+00 2.074238334442868315e+00 7.847200220738703713e+00 3.304029425553179067e+01
2.296051704492224122e-04 -1.564951616505394441e+03 -1.035040928318915893e-01 -7.677908797363174054e-02 -1.607657020627608402e+00 1.178985594843686044e+02 9.155694297168461837e-01 5.872205893077395711e-01 4.696396121015057545e+00 -1.622698978696701655e-01 -3.307407391386796291e-02 6.019762165091008255e-01 -6.688677030376453558e+00 3.156154971964975076e+00 8.845636068285035236e+00 3.407105773202345489e+01
3.113584423954181735e-04 -1.564647032892563402e+03 -1.160665388383168017e-01 -1.007481291542462742e-01 -1.771503368578531079e+00 1.333644995673921301e+02 9.372812144978724946e-01 5.987631128460151331e-01 4.707032657964306921e+00 -1.614632645199360894e-01 -2.282531482255767408e-02 9.711564745753888117e-02 1.545617344038419105e-01 2.116588486830384142e+00 8.464983000033733163e+00 2.401454772014322003e+01
2.247170263453093808e-04 -1.564973135738966448e+03 -7.315215107174682929e-02 -1.015701180243974572e-01 -1.791815533639671720e+00 1.054989356535212437e+02 8.795678125664705416e-01 6.400894093573943344e-01 4.715033123169789064e+00 -1.471278651201983756e-01 -1.098261636898367755e-02 2.152397061895002517e-01 1.491395853937206084e+00 3.085710207302416741e+00 9.141213061013342411e+00 2.761974583329163124e+01
1.692494762222842414e-04 -1.565256603871875313e+03 -1.440247059209018021e-01 -8.562493060891575303e-02 -2.309335048121907263e+00 1.804813910420157868e+02 9.897578416507750720e-01 5.731630434031411703e-01 4.695791404638760547e+00 -1.779986876754207081e-01 6.124658495220525189e-02 3.234375998675217273e-02 1.751473226881245182e+00 2.995568257445069271e+00 8.658930610069170086e+00 3.488999874228171194e+01
1.680030361912243446e-04 -1.565263995637157677e+03 -1.223658360961108887e-01 -5.925286981151409171e-02 -2.013560168692356545e+00 1.536941465709530803e+02 9.810085291716462708e-01 5.964103575357910803e-01 4.715441810342177575e+00 -1.545462664410310882e-01 4.099785380873788299e-02 2.920203267297595273e-01 1.072823308091699346e+00 1.600171038577902216e+00 8.310320185644037849e+00 2.820143111853112927e+01
3.486390506947045992e-04 -1.564533940540653020e+03 -1.465605485579112577e-01 -1.174493554709393622e-01 -2.286263048161059075e+00 1.270353385191867943e+02 9.167792389006150788e-01 6.092341198773625344e-01 4.712967973424635915e+00 -1.279371537836409001e-01 5.281888420534608386e-02 6.535825978496497823e-01 4.076326254563440443e+00 2.184709772506510106e+00 8.930863547329416008e+00 3.506536929487536014e+01
1.809299904708423356e-04 -1.565189867525501086e+03 -7.713671217190058715e-02 -1.010613749235842462e-01 -1.832861955657401509e+00 1.059507535259243269e+02 8.761126720313305860e-01 6.377466788421316535e-01 4.708453257073601961e+00 -1.527267546938282372e-01 4.243721052988425058e-03 4.946039799210149024e-01 -6.986950599719222055e+00 2.698305830517777615e+00 8.185549222400446467e+00 3.007133790097005033e+01
1.636760815230584010e-04 -1.565290088326911700e+03 -1.412306465213592488e-01 -8.381498726430942903e-02 -2.129428581431636935e+00 1.349657580128684629e+02 9.467339979346001133e-01 5.857304442479812634e-01 4.697457141864918917e+00 -1.500171899102547002e-01 5.778719382684371908e-02 3.019509259017338909e-01 -4.008273664732087127e+00 3.728992768043060124e+00 8.848659441881290277e+00 3.330768676621542568e+01
1.057566376808166203e-04 -1.565726837105340564e+03 -1.217354183871026396e-01 -1.210712746737195589e-01 -2.146072086277987179e+00 1.178400449813639739e+02 9.183815017195039454e-01 6.077714416074301296e-01 4.703909973778986675e+00 -1.457597929407139503e-01 4.182453515925677046e-02 7.877837371592083526e-01 6.139563292943819306e+00 1.204002734286335752e+00 9.116190765981468047e+00 2.884381864280449648e+01
1.618606052057972597e-04 -1.565301242185834326e+03 -1.167087541256949107e-01 -1.069256360987883570e-01 -1.849194351136682402e+00 1.330091408142134242e+02 9.308302024418315668e-01 5.852485304785872700e-01 4.696037882803338448e+00 -1.801969621341876771e-01 -1.532053904987829007e-02 7.074472120208729065e-01 1.041390929095797446e+00 1.590203559000635813e+00 8.820888845991635918e+00 3.217909260912210812e+01
1.101665119206503491e-04 -1.565685984722995499e+03 -1.247131448374389495e-01 -7.869363922484580443e-02 -1.769480089435126358e+00 1.097579729780684232e+02 9.502668393129095614e-01 6.175367249251404456e-01 4.717436982764969144e+00 -1.744379176837171919e-01 -7.988205279112925439e-03 1.837963407440772190e-02 6.074378543182717749e+00 2.013090697161823428e+00 9.011581553433622105e+00 2.630575174137050709e+01
1.101556043291322060e-04 -1.565686083737944273e+03 -1.057833455262178618e-01 -8.119683286004591993e-02 -1.839275128440482687e+00 1.245888014155403880e+02 9.099017513320710737e-01 6.086400119470556369e-01 4.702144955331476694e+00 -1.660976066833155240e-01 -1.931919267706883048e-02 3.930102794470008987e-01 -1.975175134181483827e-01 3.118212508440798558e+00 9.714619961432635620e+00 3.546214290739768416e+01
1.787223043016092209e-04 -1.565202144460364934e+03 -1.149030352735431054e-01 -8.498840309583768904e-02 -1.811846268081296785e+00 1.567175485085755042e+02 9.130617538139818024e-01 6.148286293233411470e-01 4.709597216175920309e+00 -1.539605636005541012e-01 2.377424330323840707e-03 6.099329618662656660e-01 -5.613670506250798553e+00 3.686876229981539410e+00 7.854739868613402898e+00 3.069376857494576782e+01
1.931891829724992902e-04 -1.565124307757508632e+03 -1.277850984336055817e-01 -6.394308014530862561e-02 -1.406014251710815399e+00 1.206197915984982814e+02 9.555446970378185245e-01 5.958383843908793276e-01 4.709427494069847064e+00 -1.221239415964801012e-01 -7.927097683409467521e-02 1.873053436857386733e-01 -3.097503386095610267e+00 2.824927118584397157e+00 9.365215183109732777e+00 2.849291725024560762e+01
3.929872477115976771e-04 -1.564414200526192644e+03 -1.280797262098965494e-01 -1.156533612484317020e-01 -1.745856701458983862e+00 1.275750950135348916e+02 9.635749954061220146e-01 5.934493452915035050e-01 4.711473190884863271e+00 -1.641076603822102520e-01 -3.542716638171206078e-02 7.680947849325144017e-02 -1.462427329965692024e+00 2.531513164088394774e+00 8.222312003152044468e+00 3.587029615514947523e+01
1.583758443948131997e-04 -1.565323006718720535e+03 -1.126453227518557643e-01 -5.531553249070493561e-02 -1.585066032957440196e+00 1.096267332831442474e+02 9.596725744304093197e-01 6.186791805591318472e-01 4.716700031058662645e+00 -1.436174776158218869e-01 -4.330939181847970332e-02 1.562486519232152982e-01 2.538268969898155092e+00 2.543022402350270106e+00 8.685322712966957681e+00 3.380114085978414096e+01
1.093020968920957242e-04 -1.565693862109225847e+03 -1.225719488622274839e-01 -1.096674330591473623e-01 -1.946244491212277383e+00 1.316625027616533714e+02 9.540078270434385610e-01 5.840503856377904368e-01 4.707284972335667561e+00 -1.873687151213558888e-01 6.188864506711855284e-03 6.778435581822109257e-02 2.488748268370500227e+00 3.111168391814245204e+00 9.366576834797912809e+00 2.767151550982349661e+01
1.138570196343467652e-04 -1.565653034241488058e+03 -1.310033486115829149e-01 -1.132071180358146523e-01 -2.183153348031853014e+00 1.279399380756621696e+02 9.332556960045964578e-01 5.905592699408868107e-01 4.699063062135561353e+00 -1.448004194119283383e-01 4.318678117773178116e-02 9.679948196150377215e-02 7.026189592756679758e-01 1.836421029004942085e+00 7.843978347172542165e+00 2.970948805545536686e+01
1.501056608164960194e-04 -1.565376638237401949e+03 -1.073528735229381942e-01 -1.005011943693908394e-01 -2.003209422914976834e+00 1.143742664204436039e+02 9.359647709152409956e-01 6.041380951788225540e-01 4.713093906555021917e+00 -1.378862921821686349e-01 2.009376395607809229e-02 4.563406061879914932e-01 -5.467783144722204725e-01 2.147626953898473801e+00 8.513862834609419394e+00 3.807593999127190187e+01
1.081305306852166061e-04 -1.565704638574174623e+03 -1.257752044852510909e-01 -9.997754412085868569e-02 -1.704312643610385924e+00 1.537075911646781208e+02 9.524071532204939627e-01 6.035307489600814090e-01 4.712853027069299650e+00 -1.536975366875499294e-01 -3.505199995119934187e-02 3.906636565786263948e-01 6.204686284178421829e+00 1.095812089896508468e+00 8.546179471585313436e+00 2.974061135759642482e+01
1.140322516724989846e-04 -1.565651496371173380e+03 -9.714118024885701197e-02 -6.474556961473261485e-02 -1.617008083097516646e+00 1.266995301005248251e+02 9.139083314972853422e-01 5.999000319788092561e-01 4.700518416699324575e+00 -1.541468711078417542e-01 -4.417120947183938995e-02 3.917555898211694809e-01 -6.928708745286769499e+00 9.524161753464710500e-01 8.710923278241189394e+00 3.071636927143417495e+01
1.250911141220007209e-04 -1.565558935304214174e+03 -1.255531494544602222e-01 -1.241479989734941558e-01 -2.024686007805835075e+00 1.472508030353126003e+02 8.978734197979283405e-01 6.249989297309346270e-01 4.709593236575482678e+00 -1.622694206016801477e-01 1.054144171597481972e-02 8.233764437894954824e-01 3.278783775660940591e+00 1.568695085713334159e+00 8.486386637861498272e+00 2.944885140970909987e+01
2.103934240382934002e-04 -1.565038998463160169e+03 -1.158642986710644585e-01 -1.239858442768765057e-01 -2.041090125802318411e+00 1.346364633541780620e+02 9.176485815647855704e-01 6.023740061379183608e-01 4.704898239628467316e+00 -1.572479313107564280e-01 2.211278457934473529e-02 3.984992184047525532e-01 -1.048679247866573405e+00 2.582680526041936098e+00 7.953533628932807353e+00 3.716141090668245539e+01
1.102743208837201298e-04 -1.565685006601380792e+03 -1.087039520907789186e-01 -6.865381455961194757e-02 -1.913609566776106830e+00 1.044732600653334202e+02 9.349894169118517784e-01 6.024665724396074395e-01 4.707768611639188805e+00 -1.755476333906145214e-01 6.546180090621911418e-03 4.944138685033373504e-01 -5.051577681147932708e+00 2.779762062867452421e+00 8.360749508519948137e+00 3.085297536136177854e+01
1.249156703596757481e-04 -1.565560338816454760e+03 -1.258598075259606541e-01 -7.115140617711543380e-02 -1.863106300661524273e+00 1.393774537980007437e+02 9.421351773696741150e-01 5.982794899679213518e-01 4.703912071069336065e+00 -1.608532029986811107e-01 2.405909277171236482e-02 4.868545295260115480e-01 -4.369478477227517033e+00 3.691064113812481118e+00 8.326573607252862885e+00 3.176594252150322006e+01
6.047152931856719475e-04 -1.563983219931471467e+03 -1.497521057651141629e-01 -8.290972346709481189e-02 -2.045576339724657799e+00 1.719048064990314799e+02 9.789560819879816744e-01 5.984513689715142970e-01 4.719187747479579365e+00 -1.566968972179982877e-01 2.555260748432486295e-03 1.200336505324691994e-01 2.323137605702015662e+00 1.654455942423305181e+00 8.893820881235914300e+00 2.692993015065836460e+01
1.557942677944209762e-04 -1.565339441348281525e+03 -1.002658747744434031e-01 -9.157128490410801347e-02 -1.554214334940792197e+00 1.202636889626625560e+02 9.284475695917513427e-01 6.121302560132657611e-01 4.707128405532996496e+00 -1.393479054601922673e-01 -5.984222300052044474e-02 2.621598831782488426e-01 -4.176749979290860892e+00 1.205982600628430212e+00 8.830939079568000949e+00 3.140380490238503342e+01
1.830026969386821742e-04 -1.565178476798861766e+03 -8.598130744038604001e-02 -8.804300424944708214e-02 -1.661361878735699626e+00 1.123795962261372097e+02 9.040847868155059697e-01 6.272872132215000507e-01 4.712818315374049938e+00 -1.514030494505003155e-01 -3.083384188346682819e-02 6.096262061211561445e-01 -4.029250762731948043e+00 1.967572821638507996e+00 8.399985244048391309e+00 3.800523117160259545e+01
1.616616345853383069e-04 -1.565302472213455758e+03 -1.461642373243760840e-01 -1.054627875694057471e-01 -2.047551290269071345e+00 1.332271950032390180e+02 9.548131113641152856e-01 5.742254153139275674e-01 4.697950689094293253e+00 -1.665026000920206695e-01 4.045658037419386233e-02 2.968780221006506737e-01 -4.219809851331888240e-01 2.873250434953678045e+00 7.950801051766043237e+00 3.401815053972656244e+01
1.040035613927489655e-04 -1.565743552546248338e+03 -1.413688108324071269e-01 -9.004275274311843158e-02 -1.922842915041568013e+00 1.282404151687513263e+02 9.451516162406189414e-01 6.038431349877735332e-01 4.714986070148251329e+00 -1.624799774653076234e-01 -1.637214942609555024e-02 1.904389330930448820e-01 -8.383460870313683699e+00 2.679442735628367878e+00 9.211294917100264712e+00 3.333262773503087573e+01
2.039999524464882245e-04 -1.565069857928225701e+03 -1.235690544104834504e-01 -8.779130527448308907e-02 -2.014284257124430155e+00 1.437185472622536508e+02 9.337278810693321329e-01 6.023312716447781767e-01 4.707184979976487327e+00 -1.336050813240614588e-01 3.113648204451080481e-02 2.443270998301632357e-01 -1.603486502135325509e+00 3.735270770742982194e+00 9.107928180293045628e+00 2.971314615106046375e+01
1.864421677907608741e-04 -1.565159856590243862e+03 -1.243435827483528461e-01 -9.597431285425821190e-02 -1.959067213071604030e+00 1.156130682737274213e+02 9.215250627403486217e-01 6.105217468131503011e-01 4.711905637673146963e+00 -1.482664945855223237e-01 2.188932520484998534e-02 6.658059111158194376e-01 1.094561423442030446e+00 3.567580969134676039e+00 8.586490692495951649e+00 3.773569224032225122e+01
4.431143195675849998e-04 -1.564294149894495831e+03 -7.478911065516284651e-02 -6.413385128334010699e-02 -1.541306721850736361e+00 1.089624611338558395e+02 9.005038293424574292e-01 6.239158202241611439e-01 4.716324061769425313e+00 -1.508826845238893100e-01 -3.537524878848707921e-02 4.556044767819878438e-01 -1.861887607769773467e+00 2.941957173096421130e+00 9.083347484891813650e+00 2.926403513562669900e+01
1.192078146806024782e-04 -1.565607109377081088e+03 -1.176864324335636924e-01 -1.262791873279724697e-01 -2.054989262702181296e+00 1.389387261168269561e+02 9.510983337764871148e-01 5.891193855342402586e-01 4.701752714458534044e+00 -1.605911642174930876e-01 2.292035852498175430e-02 3.689155958679433689e-01 -3.325690973702137399e+00 2.494374739544613639e+00 8.058093332664274300e+00 3.452723725442907465e+01
5.824756141961695598e-04 -1.564020690368441819e+03 -1.445491328950514465e-01 -1.145760944077191534e-01 -2.344227657113627572e+00 1.175194435688105727e+02 9.315127383806077743e-01 6.183513939715028496e-01 4.716310632962035676e+00 -1.318155298544398946e-01 5.948378185170488663e-02 5.779773838597394020e-01 6.587761839101631267e-01 2.824699069166713983e+00 8.335934256516907226e+00 3.101394379377531152e+01
1.528677057552424131e-04 -1.565358404809879630e+03 -1.212949893100059989e-01 -1.458409421215623725e-01 -2.206484855805884493e+00 1.201672687189779793e+02 8.931635373784232446e-01 6.205646035002465588e-01 4.706554516299954471e+00 -1.454556945634966070e-01 3.943066790606208905e-02 6.201323357583115037e-01 2.039983780895965992e+00 2.178425337593159483e+00 9.183319950826106748e+00 3.706155321924276080e+01
1.638286428594165015e-04 -1.565289156668000942e+03 -1.330944124129485873e-01 -1.079209879392630245e-01 -2.266307933633989080e+00 1.496029404509554013e+02 9.660998527592365992e-01 5.794888690606917470e-01 4.699312581439169634e+00 -1.538536390772926588e-01 5.347013402746769728e-02 2.347938578898587370e-01 -3.658238330653915682e+00 1.839247637591356899e+00 9.859901272488702517e+00 3.325501290005416877e+01
1.319045888230652196e-04 -1.565505898839679048e+03 -7.081724783313382565e-02 -1.024951342848348101e-01 -1.778180815556819283e+00 1.409339259395763122e+02 8.547537170392563999e-01 6.239008134521746296e-01 4.703007776498676407e+00 -1.592473140496855066e-01 -1.973891003172312253e-02 7.737833292673302887e-01 -4.648243609347900929e+00 3.264744839504452045e+00 9.818434302961032145e+00 3.188853573718153456e+01
1.426282114376869971e-04 -1.565427736364382326e+03 -8.570433873508732925e-02 -1.020233068230254614e-01 -1.626773437776194431e+00 1.212787696872722023e+02 9.140283595210900724e-01 6.154387547337660802e-01 4.714714522550725206e+00 -1.630568360312372178e-01 -3.046251370643848766e-02 4.682141219377311536e-01 -1.237041485438766131e+00 2.752321828822124061e+00 8.713956503587194646e+00 3.600665038577244559e+01
1.258249951734356764e-04 -1.565553085674661361e+03 -9.504104323649367747e-02 -1.023615342645755044e-01 -1.801765855449619647e+00 1.523784328591698340e+02 9.139831707168890595e-01 6.143933785770896439e-01 4.715279177537740729e+00 -1.372967303433543229e-01 -1.668762815546775968e-02 5.541703487634910275e-01 -3.629096161500058315e-01 2.552091100188724759e+00 8.968051611562888326e+00 2.840339608493957968e+01
2.299004187758915457e-04 -1.564950331435640237e+03 -1.008994536901037520e-01 -7.310935941199037114e-02 -1.680448402840074573e+00 1.361491704406776080e+02 9.243573336811709007e-01 6.120002440820868639e-01 4.717926995366426013e+00 -1.628764165744582826e-01 -1.946583447843153181e-02 3.317185744410431347e-01 -2.276635766114708304e+00 3.710165801805054286e+00 8.299514704106281116e+00 3.006281093053453191e+01
1.188533421054033408e-04 -1.565610087375188414e+03 -1.314151060348595079e-01 -6.507482164005291836e-02 -1.647161841458356868e+00 1.376264847647562135e+02 9.599969161028318876e-01 5.787345443925441257e-01 4.694003132627859287e+00 -1.413001173341168482e-01 -2.119367428342688875e-02 3.284740533526168960e-02 -5.055324663563339982e+00 3.769140445585961174e+00 8.503237776418703930e+00 2.872146259139596225e+01
1.873628815018180994e-04 -1.565154930409740246e+03 -9.635423577197647915e-02 -8.142811274086958484e-02 -1.582129567848622909e+00 1.223623013697280015e+02 8.884177374878297062e-01 6.339200846660569821e-01 4.715180159990346453e+00 -1.407128785191942288e-01 -4.081430089123161409e-02 4.621344546384323348e-01 -6.201512958362371819e+00 2.259571962415773960e+00 9.603745426065346535e+00 3.109445227586182625e+01
1.273988843788870196e-04 -1.565540654702702341e+03 -1.451253312274098095e-01 -6.191588215199705925e-02 -1.663933554702032636e+00 1.128065941267935131e+02 9.611292299491904778e-01 5.997131868038434455e-01 4.712735642847021289e+00 -1.555775630335323179e-01 -4.272309529168527575e-02 9.374521145795783328e-02 -4.952046822428400219e+00 5.851253222729502212e-01 8.502047237692877957e+00 3.115436650377956340e+01
1.202676358413158571e-04 -1.565598258130929025e+03 -1.152307710103476629e-01 -8.244378088885008504e-02 -1.944525008826455625e+00 1.555744323851523347e+02 9.735858798444257944e-01 5.978325869553562377e-01 4.709603604541212185e+00 -1.651177924566304966e-01 2.678007329846399109e-02 1.626977562660911480e-01 8.592557152796274522e+00 2.853388406897860996e+00 8.435567783758536109e+00 2.615753039282875392e+01
1.315080845534391356e-04 -1.565508909359742574e+03 -1.334166496022881898e-01 -1.220325501524387596e-01 -2.385028929953861176e+00 1.164325065235156842e+02 9.244374684244960338e-01 6.139596939130310682e-01 4.710831688756924152e+00 -1.411866598029480890e-01 8.005130758509459987e-02 7.538876361237356605e-01 4.913088653278947504e+00 1.927504075173724907e+00 8.624764336672473775e+00 2.754126115526844742e+01
3.040654305788670591e-04 -1.564670734778550013e+03 -1.193258588337731685e-01 -7.894328455478898110e-02 -2.313175718486551347e+00 1.471798165089551276e+02 9.688666346041315824e-01 5.862109722978228188e-01 4.705954131761854953e+00 -1.367849091720862997e-01 5.859473331043307809e-02 2.130110156450378545e-01 7.813762388410623316e-01 3.761835839722560415e+00 8.878981894685612275e+00 3.216953401245614685e+01
1.827911203545724643e-04 -1.565179633606865082e+03 -8.383796488061708019e-02 -1.061356197356444347e-01 -1.868779051001460800e+00 1.205705713442978180e+02 9.080191436089090073e-01 6.146942126767116488e-01 4.709841558115144267e+00 -1.704844536280214484e-01 -8.281546953572416214e-04 4.322389685202261966e-01 -2.860917506915882313e+00 3.289644434768423942e+00 8.714564888825936606e+00 2.434637686407503665e+01
1.638072380279840948e-04 -1.565289287330316711e+03 -1.296258001310150454e-01 -6.192785823579584348e-02 -2.076115209252008320e+00 1.143410853235022699e+02 9.698695836963456829e-01 5.932413783106664784e-01 4.712189610344843516e+00 -1.718668027897987116e-01 4.496893405769131213e-02 5.987376997873965212e-02 3.057610201088124313e+00 1.119153509274051217e+00 8.013037981484671946e+00 3.132460353305788203e+01
1.227593992846937228e-04 -1.565577751352637279e+03 -1.488024448430088076e-01 -7.706700024333990040e-02 -2.407746488688918163e+00 1.306110326774768851e+02 9.662137164249489096e-01 5.861060171489549386e-01 4.701283267305120361e+00 -1.450102293033457279e-01 6.714464325733060512e-02 3.071247877688393912e-01 3.093504734360124075e-01 2.705638591296910533e+00 7.860101565309141058e+00 2.941422775240265608e+01
1.778399123756600514e-04 -1.565207093912023083e+03 -9.831923775364012630e-02 -7.680352208763648048e-02 -1.798859723417441270e+00 9.623152651830409354e+01 9.041047120979309737e-01 6.084027395890367895e-01 4.703268809273807527e+00 -1.795312935553763367e-01 1.224208381378488752e-05 2.181434367434125221e-01 1.423285775324586666e+00 2.976209128407902860e+00 8.808801712899438030e+00 2.566848538377664113e+01
1.834437530217240624e-04 -1.565176069591499981e+03 -1.365601596181880428e-01 -8.145224267892887948e-02 -1.983145801501193350e+00 1.526945966585332712e+02 9.815360957237637685e-01 5.673540634256731829e-01 4.701515121817261722e+00 -1.347490030153137841e-01 1.810925638666938120e-02 1.298330476157354141e-02 4.348476731849046928e+00 1.454818950334724192e+00 9.166779759320231591e+00 2.886559273562872008e+01
1.227159437792158772e-04 -1.565578105404538292e+03 -1.202416262861029927e-01 -1.194827444380148762e-01 -1.937152268911776609e+00 1.155119708015583058e+02 8.826343052504643794e-01 6.283718850996296013e-01 4.709165597970750738e+00 -1.450999411919817739e-01 -6.638077475924486492e-03 6.289288038425961958e-01 2.454442021363547610e+00 2.178411083729847597e+00 8.996365505926306128e+00 3.595098873563517827e+01
1.121843324116330182e-04 -1.565667834345451411e+03 -1.361617324062681378e-01 -8.668425278237709697e-02 -2.389615364884206006e+00 1.198507407596725756e+02 9.553982793417872266e-01 5.749700086864979465e-01 4.695424395213441571e+00 -1.404064875020525349e-01 7.103672992939702446e-02 3.290717771576352479e-01 3.842277831940549504e+00 1.618539685211639600e+00 9.326392744715917615e+00 3.613461908994508320e+01
1.725365248588690023e-04 -1.565237368736594135e+03 -1.390716483699012129e-01 -1.115519350582620250e-01 -1.694604157857258597e+00 1.412206944181137089e+02 9.438565861825045644e-01 5.907649909670019683e-01 4.703254620505388672e+00 -1.578270165328548025e-01 -2.920755599550517445e-02 4.153613062060174110e-01 -5.328615737786122963e+00 2.207197062882859662e+00 8.138990909952848796e+00 3.068259440305298824e+01
1.495602945866781827e-04 -1.565380278069168526e+03 -6.358544123758162747e-02 -1.053648154882551313e-01 -1.715264223460472470e+00 1.128193286106805999e+02 8.301141063980862489e-01 6.292076875602718999e-01 4.704279018213756380e+00 -1.665390335282115331e-01 -3.391564896976095866e-02 9.186481911244374077e-01 -1.137217377895439085e+00 3.932740473022833250e+00 8.801809878895783257e+00 2.870109659916841949e+01
1.728876518750866657e-04 -1.565235335716552072e+03 -9.877386130092538630e-02 -9.816374604850119923e-02 -1.796232065363608799e+00 1.284296920204743628e+02 9.210817423933517212e-01 6.122952184844956403e-01 4.712676569091532208e+00 -1.442879507517575988e-01 -4.270235230116048442e-03 5.148687014238407800e-01 -7.346304954849671276e+00 3.806793599929636507e+00 8.048097053620860919e+00 3.289315176996365864e+01
1.208621217990647398e-04 -1.564722298645444198e+03 -1.279290889951529009e-01 -7.780936022712887923e-02 -1.818618607335062531e+00 1.491749988990898146e+02 9.283638166604427644e-01 6.055115852673470522e-01 4.702848620261571355e+00 -1.659564753140272408e-01 -1.284417234066737024e-02 6.994961634076244383e-01 -3.499806235913695218e+00 3.805323938266380601e+00 8.658448863505974202e+00 2.937855353447649165e+01
1.219998067548613564e-04 -1.564712929591310058e+03 -1.166928984708529987e-01 -5.521650716335796405e-02 -1.800885265850910910e+00 1.429836106471671826e+02 9.716667576826328867e-01 5.936639381764287071e-01 4.703759318772357645e+00 -1.663994429010693388e-01 -2.648575860541813043e-02 6.831870199369671770e-02 1.989491227916744265e-01 3.509497628902513711e+00 9.398119120601844401e+00 3.072963060860067941e+01
1.300456027865908167e-04 -1.564649063872456509e+03 -1.314417780561531468e-01 -1.166687111191226367e-01 -2.087229020866518958e+00 1.180383507143960742e+02 9.334133112218173656e-01 5.948086567699781835e-01 4.715216645861588063e+00 -1.532442118446506463e-01 3.279623373666029629e-02 3.643014624477523555e-01 1.038809601395399795e+00 1.903966978780924357e+00 9.216696834803528304e+00 3.266536240386086831e+01
1.280480465696026845e-04 -1.564664543494752252e+03 -1.284199342792312348e-01 -8.644863034915399591e-02 -2.087178229937796559e+00 1.279523684071915852e+02 9.513042077744249259e-01 6.033891804859278230e-01 4.718247228360225698e+00 -1.471459616103927281e-01 4.776603404994972379e-02 3.642242330287211172e-02 7.651663576077453399e+00 2.328745812632426748e+00 8.993369631822734078e+00 2.753006141305269949e+01
1.029600075910377466e-04 -1.564882608415049617e+03 -1.068277148637323815e-01 -7.326456763203145761e-02 -1.872766867879440023e+00 1.661122268791804970e+02 9.655064034403649798e-01 5.806472978988875822e-01 4.694864116907978335e+00 -1.538779992080723247e-01 7.965421509154690938e-03 2.661998200353515864e-01 8.114495661158969142e-01 2.157768317754715781e+00 8.427322658704049729e+00 2.878022413078074138e+01
1.455985168753964442e-04 -1.564536096102650163e+03 -1.373530262605275609e-01 -9.091670052728753615e-02 -1.780351575851026880e+00 1.495382952224971973e+02 9.639628536014145377e-01 6.032841536159536666e-01 4.715760616089146318e+00 -1.648390220196196410e-01 -3.284467937707802321e-02 2.020129036020676394e-01 5.103968845708948265e-01 6.978929777919917754e-01 9.304551697639663388e+00 3.305327914655442356e+01
1.028579320802487526e-04 -1.564883600316137745e+03 -1.065833848398375638e-01 -1.100133257426968714e-01 -1.692834953913908036e+00 1.578291803137302907e+02 9.110238771348470044e-01 6.130306842217612129e-01 4.707973745173518410e+00 -1.568889123679526598e-01 -1.518268669831268625e-02 7.737659191921678614e-01 -1.681639412967996350e+00 2.513766155293195581e+00 8.974504803944348907e+00 2.895168044324014645e+01
1.074859107586380807e-04 -1.564839589275797607e+03 -1.069300700986524633e-01 -8.144499606104742273e-02 -1.770842288384871788e+00 1.480783290138841721e+02 9.214960722023147754e-01 6.123883589438392505e-01 4.713567186814145771e+00 -1.648481485431951832e-01 -2.873385270206219033e-02 4.270479887207268566e-01 -7.755509435682711228e+00 1.830941871885261030e+00 8.789642029299438164e+00 3.387662521837108898e+01
1.271232393502588602e-04 -1.564671792047544841e+03 -1.277674343479518193e-01 -9.966443437051566989e-02 -1.708083304908215361e+00 1.045817269023333154e+02 9.364272264546721347e-01 5.943503604662871975e-01 4.702057388490029410e+00 -1.609553482247298994e-01 -2.759852272832530318e-02 3.321950981582302842e-01 9.686767958419295610e-02 1.185952030419823444e+00 9.336668132911341900e+00 2.666884794328861119e+01
1.127952988538182319e-04 -1.564791374390697911e+03 -1.087890408624229699e-01 -1.096528731595728390e-01 -2.017774305843428984e+00 1.498655492906796667e+02 8.979499499559079334e-01 6.211415012820532544e-01 4.711460943291160497e+00 -1.523857581388061710e-01 7.339040349569225796e-03 1.164049221882038854e+00 -2.513747458627847209e+00 2.678719629207515496e+00 8.612342438545471879e+00 3.614720123153436759e+01
1.411200123940250194e-04 -1.564567338371980895e+03 -1.266601444177387070e-01 -7.023099977383411019e-02 -1.764981804519600406e+00 1.693993774540901427e+02 9.773248993674263918e-01 6.038145275173982807e-01 4.720699069469363351e+00 -1.479750191799320547e-01 1.117056554209261421e-02 7.577342682534989049e-02 -4.173458517934136580e-01 2.992975271198683451e+00 9.118982541137633291e+00 2.724888863609631429e+01
1.399121929006057381e-04 -1.564575934019791475e+03 -1.391961231295902046e-01 -8.630784336194560757e-02 -1.837900046432265233e+00 1.456613876162169845e+02 9.757233235049339592e-01 5.878234692232130465e-01 4.713699458625084660e+00 -1.404589413749235405e-01 -5.131897019761133549e-04 2.762179845623552454e-01 -4.148646519451290260e+00 2.041120685264075085e+00 9.530246683531418128e+00 2.926609529427737044e+01
1.370416525742080953e-04 -1.564596664139057793e+03 -1.010628657713255607e-01 -1.326483079847398938e-01 -2.064777159543130125e+00 1.062012622042571195e+02 9.211812698180477099e-01 6.154375682455748287e-01 4.708140464173711237e+00 -1.630938670390382761e-01 3.439235549181596241e-02 1.730125960460888179e-01 9.861705011643948637e-01 2.843520925503550956e+00 8.197120781418654190e+00 3.234864182409813793e+01
1.147777752238180978e-04 -1.564773951182533438e+03 -1.455778740504138358e-01 -9.443887131758502140e-02 -2.438911240395469360e+00 1.315430827998653456e+02 9.620922545303235429e-01 5.988653399498831131e-01 4.705911068537903752e+00 -1.371091616693012050e-01 7.102969316119067678e-02 3.188088833384369186e-02 2.232221328341694289e+00 2.035067735159046265e+00 8.457622120101815355e+00 4.026733922971348534e+01
1.323594514724429785e-04 -1.564631427713230096e+03 -1.235175931280982353e-01 -1.052128545174870478e-01 -1.874102783097935987e+00 1.291605244419831138e+02 9.425202528105792732e-01 5.894758096408768688e-01 4.695841379730541831e+00 -1.607675913725801209e-01 -1.168445852285660003e-02 5.421576304476913855e-01 -5.601024353143174039e+00 2.893607132978703866e+00 8.428758080247899187e+00 2.863123760263697193e+01
1.170687634213977242e-04 -1.564754187568358020e+03 -1.094540573538296119e-01 -8.050531195169370602e-02 -1.869919767618111628e+00 1.300840161251811082e+02 9.194482599040523230e-01 6.038975752868855906e-01 4.705059999323617959e+00 -1.624332432616664157e-01 7.207890109956149871e-03 6.389245531014475787e-01 -6.597602167111460858e+00 2.913068786788319819e+00 8.098380118356839574e+00 2.726197821164799606e+01
1.318577354712408836e-04 -1.564635225472263301e+03 -1.253493708255048467e-01 -7.369468822669512920e-02 -2.003189605571457310e+00 1.287932774067273840e+02 9.467818798310069228e-01 5.978630096848769337e-01 4.703926317883684760e+00 -1.594341545476454236e-01 1.060335667987577501e-02 3.375439792505949277e-01 1.340922349879463127e+00 2.218246516065391916e+00 1.003711594881928626e+01 2.932439545508125178e+01
1.152008375398242323e-04 -1.564770272033519177e+03 -1.367518359131555672e-01 -1.087026347139748439e-01 -2.115273882408875927e+00 1.424635481574698872e+02 9.411624131413244276e-01 6.193411121831855493e-01 4.715361332052310672e+00 -1.616246524598001777e-01 2.963696424789574735e-02 5.376108082167416757e-01 -6.186268856532080918e+00 2.342342414831777297e+00 8.702608385974031080e+00 3.238800947183329271e+01
1.397738938410992995e-04 -1.564576922979037818e+03 -1.422757150481140653e-01 -9.891511498980297412e-02 -2.101158108897317689e+00 1.235874812546821602e+02 9.390676025708818431e-01 5.788567317543908963e-01 4.699181197909041430e+00 -1.453680149536733524e-01 2.727387377169154803e-02 3.429662337614289291e-01 4.229186969383533778e-01 3.072090167571372987e+00 8.351679479559281916e+00 3.606254590212210331e+01
1.115742376947189687e-04 -1.564802258873796518e+03 -1.397728139066756470e-01 -9.247595956520346383e-02 -2.229345972032856338e+00 1.270954424105990768e+02 9.504457642113467442e-01 5.888487942562206090e-01 4.699550040369885551e+00 -1.485441684698263209e-01 4.688398124821335777e-02 7.871482601242620059e-02 1.221227665044003174e+01 9.858990055940930475e-01 8.473339024354986648e+00 3.258832866158045505e+01
1.270070845468382792e-04 -1.564672706183329410e+03 -1.455463934993407593e-01 -8.872780604052618592e-02 -2.596340242154608458e+00 1.130200331410067491e+02 9.640351803921241025e-01 5.776427005080893018e-01 4.703982017664241511e+00 -1.307342854618576133e-01 1.124725057279019058e-01 2.600736783550477299e-02 5.626643298724900433e+00 2.892967599357643138e+00 9.505877434559772965e+00 3.027152629582030485e+01
1.118278688446042797e-04 -1.564799988248306136e+03 -8.628854172385698462e-02 -1.000099734235052606e-01 -1.832738548078542973e+00 1.161545386421186379e+02 8.752790978818669743e-01 6.320188215382656072e-01 4.710740294654099714e+00 -1.659677697497543569e-01 -1.028111316079849402e-02 7.132647965578375882e-01 1.825707308051534028e+00 3.577607956104511544e+00 8.762828949177237092e+00 2.628906148697740619e+01
1.042998826001564921e-04 -1.564869678815657153e+03 -1.306602394555438917e-01 -8.617393346104687546e-02 -2.379969687266169309e+00 1.214608718563460030e+02 9.547025914585429707e-01 5.969159642902898133e-01 4.698838847648833195e+00 -1.291057104690327417e-01 8.255096776422066185e-02 5.436670414228848142e-02 -4.069424937676927811e+00 2.267980860482077254e+00 9.001854989700074583e+00 3.068387297089514476e+01
1.326246776985893811e-04 -1.564629425885305182e+03 -1.327623033138938535e-01 -9.819882594805504072e-02 -1.702270654726442789e+00 1.466265383405480804e+02 9.686996579777409355e-01 5.874425817987707354e-01 4.697922658305768273e+00 -1.651797688001510611e-01 -1.495143729584746950e-02 1.610486126911467586e-01 -7.599917575086664101e+00 1.834465475035407245e+00 9.002445721506656895e+00 3.033203930987571439e+01
1.519942236183537826e-04 -1.564493106534452181e+03 -1.032233179402095996e-01 -8.837840098107421771e-02 -1.689776692652264156e+00 1.383035847872133104e+02 9.271832415261062055e-01 6.181334450002403669e-01 4.720377428477492643e+00 -1.559721943561234170e-01 -2.604285066477318722e-02 5.415777737285286664e-01 -4.647727344395775617e+00 3.981441778602268222e+00 9.067841325676951669e+00 2.948780674313200478e+01
1.052133693511737476e-04 -1.564860958674749327e+03 -1.158721372595891974e-01 -1.187485103982209161e-01 -2.094705983516648384e+00 1.238597515466471748e+02 8.969173901553311179e-01 6.228330080393953416e-01 4.714506404594050792e+00 -1.406579699934886740e-01 3.811817207522127937e-02 5.864880842586640552e-01 8.038777416220199257e+00 2.059936743659673830e+00 8.603168950315097874e+00 2.916807067535365405e+01
1.057817701518059584e-04 -1.564855570852290839e+03 -1.154972627545387404e-01 -9.027263758974252150e-02 -2.146339787330513449e+00 1.167947976075241314e+02 9.283715299010414368e-01 6.206002814214703900e-01 4.719330207392341769e+00 -1.466665241286961852e-01 4.206318586952062510e-02 4.210395396220783515e-01 -1.647140349348347854e+00 2.914382464304865472e+00 8.793714761691330040e+00 2.568350664999985611e+01
1.204371818289061923e-04 -1.564725820747688658e+03 -6.828966177096722212e-02 -9.337023304824620951e-02 -1.783231612220274487e+00 1.002682795381124379e+02 8.520271486024660890e-01 6.277703122937492441e-01 4.706540164403136828e+00 -1.597528948890523104e-01 -1.325403612322739733e-02 6.174931297044525813e-01 -7.901064651756286139e+00 2.895215413690310768e+00 9.630802432153750203e+00 3.206600183115770619e+01
1.331921401549820158e-04 -1.564625156303545737e+03 -1.190432304067468722e-01 -7.657899603559314983e-02 -1.614492252238697745e+00 1.153734842694997980e+02 9.381403363226148429e-01 5.989793393163305169e-01 4.703860589638666490e+00 -1.593153534899216517e-01 -5.386550011977186969e-02 6.255519484991107770e-01 -7.401499808623555055e-01 1.546540514164695956e+00 8.523733110627706111e+00 3.098869061995712570e+01
1.357765869765372227e-04 -1.564605938259930554e+03 -1.421987836237088298e-01 -1.103478633745647586e-01 -2.324967883161408011e+00 1.389411381988886944e+02 9.591467784692453424e-01 6.134083594829866648e-01 4.716049824206590912e+00 -1.288982357830568137e-01 7.101977634226552816e-02 1.661345693957830827e-01 4.293477086579628121e+00 3.411468446687937472e+00 8.698153780288375714e+00 3.551268892523928855e+01
1.237372528740280167e-04 -1.564698788663000869e+03 -1.036852044068962142e-01 -9.846622585169192976e-02 -1.918528363619563581e+00 1.097475851239409508e+02 8.891104323838855406e-01 6.135707128041534286e-01 4.708841452659410010e+00 -1.784880689090855288e-01 1.467491476896176650e-02 5.045405559002758000e-01 4.172912592288497535e+00 1.788909715087827479e+00 8.561925378238189666e+00 3.243165448474405821e+01
1.042542137772376875e-04 -1.564870116772277925e+03 -1.156230327048923257e-01 -1.069991095617873478e-01 -1.629224047766657524e+00 1.107463487402488340e+02 9.152974982342760857e-01 6.120103731685452297e-01 4.713062021104279964e+00 -1.418695935209017822e-01 -3.590192937348657409e-02 1.877928822821613997e-01 -1.908167132536192412e+00 3.198587799998819925e+00 8.416862716897121288e+00 3.409294755249936770e+01
1.233826132738871640e-04 -1.564701658847815452e+03 -1.066913281023663951e-01 -7.650069848806578809e-02 -1.807044886633295766e+00 1.185724172480547196e+02 9.116682872028302187e-01 6.044507200994704288e-01 4.704435920968482066e+00 -1.622016894962161615e-01 -1.614693386017052035e-03 4.646289701862993948e-01 -2.141124324414278135e+00 2.645528929901663773e+00 8.166033880732559425e+00 2.498274436364844675e+01
1.119786142570660059e-04 -1.564798641143135910e+03 -1.354774881248605456e-01 -9.845264893289834562e-02 -1.882167488976838499e+00 1.406739267202790984e+02 9.390391076451379826e-01 5.868035207393822450e-01 4.698661508503076512e+00 -1.673984408363666798e-01 2.108312716113003304e-03 6.318226393724866163e-01 -6.942111509777447509e+00 3.287253463618911020e+00 9.280871073668816251e+00 2.906852565091477913e+01
1.425834779798793907e-04 -1.564557021413491611e+03 -1.499307225260354259e-01 -9.946495302585242615e-02 -2.244032140092569350e+00 1.195434951764917884e+02 9.738073812292734610e-01 5.942198978056263403e-01 4.715757702418858166e+00 -1.359311091084016709e-01 6.787592015460264250e-02 3.258391051362926061e-01 1.226868540685643438e+00 2.063741475544778048e+00 8.686891861403589488e+00 3.310701203465260534e+01
1.236520884905046116e-04 -1.564699477167901023e+03 -1.399889626051158409e-01 -7.711293746311760622e-02 -1.608842649687349358e+00 1.030800987555716119e+02 9.253550995506726329e-01 5.965906968065814997e-01 4.703959883641551265e+00 -1.405859954529706801e-01 -3.784850031998843178e-02 1.602128579734102554e-01 -6.721153005284264736e+00 1.469171123277157598e+00 8.782766837048484376e+00 3.254718819026359000e+01
1.463346776327091397e-04 -1.564531052741144549e+03 -1.454405888196827479e-01 -7.532483654462089617e-02 -1.791265142976819824e+00 1.714946299468722941e+02 9.753544371030326010e-01 5.767096478861684083e-01 4.706428533851221729e+00 -1.582876201767078328e-01 -2.022009518532819072e-03 4.436431748031085393e-02 -3.555895587331121988e+00 2.966521844777525452e+00 9.817009732947745704e+00 3.741024860890740200e+01
1.154996598898583597e-04 -1.564767681466784552e+03 -1.363384895672740682e-01 -7.676796714147132716e-02 -2.015985834065256554e+00 1.151633529153862980e+02 9.337564123144321826e-01 5.998702439275502840e-01 4.704405898856169443e+00 -1.621725876079156414e-01 1.599020278293594721e-02 8.958221822660528133e-02 2.758674246283788989e+00 1.878315074299252707e+00 8.202432709284334322e+00 3.762806101584159535e+01
1.235550469044919739e-04 -1.564700262271379870e+03 -1.238461310276177119e-01 -7.380409783411143176e-02 -1.731604606695674287e+00 1.175590171926861558e+02 9.350381984599785978e-01 6.048096825339385196e-01 4.708260590059904160e+00 -1.479399003801411538e-01 -1.117151120784409812e-02 5.852039661912741275e-01 1.301907428521786869e+00 1.937765749780440139e+00 9.063239611527995621e+00 3.739040633382006718e+01
1.082803824892838572e-04 -1.564832225054916307e+03 -1.086307005736109471e-01 -1.274177277197317271e-01 -2.149123219828823039e+00 1.218621579816715723e+02 8.763304611149475010e-01 6.248982882527265303e-01 4.711114917265254221e+00 -1.596044958584825757e-01 3.806391879443205006e-02 6.323564422893662718e-01 -2.229850119234242811e+00 1.995389321469587252e+00 8.958491559773683832e+00 2.535230511159469557e+01
1.470585590939748797e-04 -1.564526118183428025e+03 -1.091070627236774004e-01 -9.355198971706489564e-02 -1.947803229569407435e+00 1.303465414761924990e+02 9.167420932523082655e-01 6.101278314962168547e-01 4.709023823282795007e+00 -1.694217870720124974e-01 1.016146129279338339e-02 6.612397900671164175e-01 3.328820783292485430e-01 2.226150235866697358e+00 8.056183754980516198e+00 2.605704605800551832e+01
1.098029080610547249e-04 -1.564818262038267449e+03 -1.446327436083117979e-01 -7.841404563986099918e-02 -1.552984901874008949e+00 1.308238976740358908e+02 9.763362219914006879e-01 5.815947788483953884e-01 4.703014748723365557e+00 -1.641145565696517927e-01 -3.390225023174719965e-02 1.527030394978377281e-01 -6.770291166826154949e+00 3.011446005510953761e+00 9.259401334967055419e+00 3.189910800723982831e+01
1.023866223240676635e-04 -1.564888192989360959e+03 -1.078241634568445073e-01 -8.119817124859973756e-02 -1.902033154968469031e+00 1.282939878811708638e+02 9.287365422212516819e-01 6.134676503370255496e-01 4.705581644864547997e+00 -1.583375838562526283e-01 5.582160568535776690e-04 3.570696097818921722e-01 -9.855421256091545956e+00 2.464408397625184044e+00 8.457707411743676573e+00 3.139586926976423342e+01
1.554299590509880178e-04 -1.564470753846027037e+03 -1.086951470773256934e-01 -6.418278332299366673e-02 -1.461117268989915896e+00 1.193268360052779968e+02 9.460354158063501995e-01 5.953512940770725459e-01 4.706777380316851556e+00 -1.363593532706450784e-01 -6.176071316458409122e-02 2.376327903005498454e-01 1.342042936102728845e+00 3.362497426072863504e+00 9.160310032151897985e+00 2.816541491100410610e+01
1.031016846739993140e-04 -1.564881233320982119e+03 -1.096006806736722766e-01 -1.391334538109815500e-01 -2.187177287228186273e+00 1.313286424417416356e+02 8.753160639297802303e-01 6.240485261161348163e-01 4.706029912354921407e+00 -1.416441549563938196e-01 4.447750853314613728e-02 7.743235849891810796e-01 5.560542545682608306e+00 2.125268029126714531e+00 8.756327937998298339e+00 2.835668241063027395e+01
1.364755979419222096e-04 -1.564600803223077946e+03 -1.256270054270816339e-01 -1.235674984814010419e-01 -1.926983767843184703e+00 1.163503734974376158e+02 9.103679057350623216e-01 6.150240824778573367e-01 4.707901029152159467e+00 -1.534360495017721426e-01 1.027894645287430464e-02 5.976923010670233127e-01 -2.154566690240358184e+00 1.397929754588189688e+00 9.095886143035581739e+00 3.445306994795848965e+01
1.225512376326789554e-04 -1.564708419843140518e+03 -1.149396185344710303e-01 -1.019605243432733233e-01 -2.079454939187709961e+00 1.217979283210415247e+02 9.448993291340689327e-01 6.045126206594862994e-01 4.705321252832106005e+00 -1.740115151042402886e-01 3.291224554367633282e-02 3.208900456948214908e-01 -1.100653796050124811e+00 1.959742669274233684e+00 8.788597199680502570e+00 2.451749102438305528e+01
1.091747029891517221e-04 -1.564823999673199978e+03 -1.164145325139236825e-01 -8.470030902738610867e-02 -1.705593882029728947e+00 1.248415614056740850e+02 9.526909835757871869e-01 6.010988316818817179e-01 4.710221729287261461e+00 -1.513541338745696407e-01 -1.855094148809754984e-02 2.317938965737821877e-01 8.643114586559306645e+00 2.678113527174286190e+00 8.315942626068050458e+00 3.215324054500279516e+01
1.275078410825187744e-04 -1.564668771190671578e+03 -1.284202067289522964e-01 -9.300811249110668699e-02 -2.006516056468012010e+00 1.383995468150391730e+02 9.832856990493090699e-01 5.747449549969145810e-01 4.703154537493510645e+00 -1.690821411887863945e-01 1.864522855480466035e-02 1.712369178259443361e-02 -2.439716771174573751e-01 2.568617004053530550e+00 1.028386530071245808e+01 2.992410312416138396e+01
1.341651653083305554e-04 -1.564617877434186084e+03 -1.218369101335522314e-01 -9.550862138705024096e-02 -1.942372599081092721e+00 1.517264016248663836e+02 9.494537361164016032e-01 5.918354324551572399e-01 4.706119878831755976e+00 -1.470654942649591845e-01 -2.078726290549059996e-03 3.793792392734084973e-01 6.407662336764303745e-01 4.420138742098456142e+00 8.447800340574907807e+00 3.013387344301710158e+01
1.307540254600689917e-04 -1.564643631162136899e+03 -1.237467916643911758e-01 -8.370765005003821813e-02 -2.125413743672774025e+00 1.289696417823284378e+02 9.411935308110473963e-01 6.151100357748628955e-01 4.713458686656306185e+00 -1.389454109099119705e-01 3.544952814314616951e-02 1.654072251967013685e-01 6.081633738067665718e+00 3.360128541085360965e+00 8.095603682336193430e+00 3.090902266585637648e+01
1.128961683953904439e-04 -1.564790480519524863e+03 -1.148351102753594200e-01 -9.363167055123682025e-02 -1.656371750959289901e+00 1.521564593899625208e+02 9.299517782713750957e-01 6.050179930993997424e-01 4.705626720080496206e+00 -1.444088596260992841e-01 -4.693671322254244771e-02 5.615705759588637269e-01 -6.293163013910458403e+00 2.852992953282229571e+00 8.063389242907170740e+00 2.847576397901985246e+01
1.114496587425670962e-04 -1.564803376054216187e+03 -1.127465078795555908e-01 -8.184407410008620598e-02 -1.962796360982276500e+00 1.448417364499433688e+02 9.501747406396237050e-01 5.902948816959046052e-01 4.702963384948828818e+00 -1.642863154588360963e-01 -2.817451699756556849e-03 5.804562702870923463e-01 3.000343469458357504e-01 3.427641591481900285e+00 9.248088199816484334e+00 3.450575221542351301e+01
1.400364800743396419e-04 -1.564575046091439617e+03 -1.465442302074842496e-01 -1.098753749779685374e-01 -2.444874576748535588e+00 1.372789632438393710e+02 9.361415735493266999e-01 5.976071685692689872e-01 4.702090906770483691e+00 -1.400208440984322955e-01 7.879015653065946090e-02 8.498663025576799201e-01 1.692705544280727281e+00 1.932549212237955061e+00 8.436598783626457987e+00 3.389033164748389737e+01
1.276194978735468186e-04 -1.564667895888176645e+03 -1.173416426002773238e-01 -7.264526344647088962e-02 -1.422261587402459115e+00 1.317840192701297326e+02 9.566344491754495971e-01 5.859174759729790516e-01 4.703011501525052651e+00 -1.403340316744801086e-01 -7.758525575838737254e-02 2.314928172276467799e-01 -5.284652034881247573e+00 1.909107680799548845e+00 8.154918986271187720e+00 2.818383857395068048e+01
1.222832901054197432e-04 -1.564710608649079859e+03 -1.445251727027500876e-01 -1.134379014353366494e-01 -2.149834749198063832e+00 1.105269196829472662e+02 9.486616768134508160e-01 5.928861346089910889e-01 4.703097836801739540e+00 -1.662518499170957398e-01 1.584897997681933290e-02 2.789495622476254044e-01 1.581309547418982220e+00 2.379286988067330633e+00 9.687053530826105430e+00 2.930765995887751885e+01
1.135381267508300969e-04 -1.564784810353042531e+03 -1.154884004014915255e-01 -8.407488608125852914e-02 -1.831592829755912311e+00 1.551663516843899799e+02 9.002252216724427880e-01 6.151352912007228557e-01 4.709287875380614885e+00 -1.540634533676727980e-01 -1.538842848072174974e-02 7.668600076922575948e-01 -3.528897034684291611e+00 2.023683346784488357e+00 9.345667771412880853e+00 3.446846757669441530e+01
1.157320390346397063e-04 -1.564765671541466418e+03 -1.326911285190177647e-01 -9.537563627570666558e-02 -2.312628765507467765e+00 1.396507279564783062e+02 9.567853329815354524e-01 5.966664048743035575e-01 4.709968354505758015e+00 -1.337442842105520668e-01 9.081146623561475728e-02 4.254099701009221857e-01 -3.089168000822155591e-01 2.091741766716004314e+00 8.385629401381212489e+00 3.269124719220051389e+01
1.091508699944614922e-04 -1.564824217998469521e+03 -1.195715151660161346e-01 -7.536202445542988793e-02 -1.819532419149388236e+00 1.159589307850634583e+02 9.603219871462486124e-01 6.147422057798619388e-01 4.712158510212715257e+00 -1.650434939298532910e-01 -1.975730461938440818e-02 4.546950503067942462e-02 5.983322681874795990e+00 2.528879602344602517e+00 8.281246348192050633e+00 2.865193217869011022e+01
1.058160575923732579e-04 -1.564855246771072871e+03 -1.266570219663880892e-01 -1.075950746875698333e-01 -2.289774372751990139e+00 1.291432946836356166e+02 9.780483387376662785e-01 5.824633360875561827e-01 4.695280536405305405e+00 -1.643414674880978588e-01 5.356794953210508581e-02 1.768331077678432159e-02 4.042968436532106580e+00 2.753707214423806171e+00 8.775945120343520145e+00 3.322887331209922479e+01
1.244841320489603175e-04 -1.564692770797705634e+03 -1.425300120601719345e-01 -1.036032717716203477e-01 -2.163153461947064926e+00 1.374401356296045265e+02 9.371544485370676414e-01 5.965587273686849823e-01 4.709399340418967128e+00 -1.347664734954476806e-01 2.643641930884466085e-02 5.169018476539478657e-01 3.931380233836989646e-03 1.365726081116847013e+00 8.654296032737374134e+00 3.197370526995257833e+01
1.062568304560872597e-04 -1.564851089959681758e+03 -1.134293518430579129e-01 -1.027804541346373224e-01 -1.992463477347061085e+00 1.337072195410797235e+02 9.084830673710095894e-01 6.035930888097482683e-01 4.707133675896539415e+00 -1.416549364459824822e-01 9.032326699661252789e-03 7.257766436767411067e-01 -1.490855475621373216e+00 1.717733357720629961e+00 9.331698421453204162e+00 2.918965170047705016e+01
1.032296548265389100e-04 -1.564879992887325670e+03 -1.013511397666745917e-01 -9.678118961196073566e-02 -1.859350892777426489e+00 1.320816543055316004e+02 9.515573742843714822e-01 5.813384726443171502e-01 4.697835345576203636e+00 -1.583775482284632830e-01 -8.923649069739525430e-03 3.860634403949164128e-01 -6.063924926337364241e+00 2.568915738847765695e+00 8.444693346293274061e+00 3.051507643909401324e+01
1.421447448490991740e-04 -1.564560103183704996e+03 -1.128976939793120138e-01 -8.917681335602620218e-02 -1.699652783874193940e+00 1.239488392276553981e+02 9.241570472794311542e-01 6.146685650531860112e-01 4.713340605442722264e+00 -1.370919203356038008e-01 -7.201908719615346399e-03 2.694725535728523247e-01 -1.712149613982290930e+00 1.364341399313073744e+00 8.752938129824695324e+00 3.198505944322860373e+01
1.096229819248182311e-04 -1.564819902010438227e+03 -1.252644127972743215e-01 -8.514450400719698886e-02 -1.929139069723692312e+00 1.423449533578101693e+02 9.436113126170229126e-01 6.093631984220571063e-01 4.707949500613622718e+00 -1.515028364445996090e-01 1.037263662697829325e-02 2.678992615122652854e-01 -8.210146144734778773e+00 1.350391006723961063e+00 9.284352282803887135e+00 3.329638449318083815e+01
1.348035334204150334e-04 -1.564613130641613225e+03 -1.467162779085679214e-01 -6.646565416180376384e-02 -1.771685732133001068e+00 1.275397870469602424e+02 9.675019554187018755e-01 5.855047958118724249e-01 4.708647061897922370e+00 -1.392133207116936777e-01 -2.599986727822756194e-02 1.285742922321024551e-01 -2.714546445988958112e+00 1.051695792594786738e+00 8.376532851960050152e+00 3.356575383440074489e+01
1.498259310084450028e-04 -1.564507474891767970e+03 -1.367436020184121248e-01 -8.754969118041147635e-02 -2.145685371736396174e+00 1.426429580265810557e+02 9.491696034378063196e-01 5.906811519842377622e-01 4.706320937808551541e+00 -1.670688296478903823e-01 6.786822856237173518e-02 3.057689860794252090e-01 2.470488552858626008e+00 2.184041285000271060e+00 8.717153511357157214e+00 3.176640128126329188e+01
1.315540364125734581e-04 -1.564637531361564015e+03 -1.411281489802792000e-01 -1.064431925365211112e-01 -2.248892799387035790e+00 1.291228625041808016e+02 9.738504604575742851e-01 5.851707506985641682e-01 4.705407827977259316e+00 -1.472005798510196417e-01 7.450754088818145604e-02 2.232426851303095650e-01 -7.153777555252816001e-01 2.490850906483932370e+00 8.141136100084267468e+00 3.618986468251627997e+01
1.172339832224372449e-04 -1.564752777257716843e+03 -1.243279155172478112e-01 -1.110015831037172718e-01 -1.916564891379533897e+00 1.363375846786364889e+02 9.459894113850012554e-01 5.920731679984068130e-01 4.700848292336001322e+00 -1.822199085933360330e-01 5.376960039120248780e-03 4.410756432714673103e-01 -4.713872306391010625e+00 2.887418885318515649e+00 8.237306542005050858e+00 3.506516124995728489e+01
1.332607637485644814e-04 -1.564624641213681116e+03 -1.095052494016668376e-01 -1.147752711265526138e-01 -2.046985286658383973e+00 1.144018630681372315e+02 9.492704561746131420e-01 6.093709264805915460e-01 4.715975406978202500e+00 -1.662256012260943105e-01 1.664285658963504666e-02 1.681570170949860943e-01 -4.245848992266587629e-02 1.729192755989039654e+00 8.156358349967639754e+00 3.659800056571405236e+01
1.086883164368669170e-04 -1.564828464748196666e+03 -1.164809171312008729e-01 -1.084708008954653191e-01 -1.914614980301178715e+00 1.346049844003287319e+02 9.174890717874836232e-01 6.072733218613141082e-01 4.708095253005071257e+00 -1.607974544317782861e-01 -7.961112881131882091e-03 3.823691437226106049e-01 -2.114200500909646507e+00 4.617533247390004369e+00 9.024722437271925912e+00 2.839104539054837417e+01
1.210069811122823589e-04 -1.564721100812990244e+03 -1.240475679005518250e-01 -1.326658095644616675e-01 -2.011093937004239329e+00 1.182734086476263258e+02 9.135207423300304441e-01 6.067746986857245339e-01 4.704671767112213132e+00 -1.384893342875364031e-01 2.247429786305432664e-02 3.408287057856021485e-01 1.926248095005661298e+00 3.118703809523726278e+00 9.270859655962638612e+00 3.013762310576451142e+01
1.268582037367277219e-04 -1.564673879095374105e+03 -1.456705778760105929e-01 -9.986037484447699009e-02 -2.438012117046289617e+00 1.213530117544851237e+02 9.562228362683319327e-01 5.828991756351744602e-01 4.705892977153714796e+00 -1.194351703983353996e-01 8.933417373854424248e-02 2.468152417961587686e-01 -1.684460441994247049e+00 2.629591169228673309e+00 9.134464256159379403e+00 2.885522345604796257e+01
1.128123295448024878e-04 -1.564791223414499655e+03 -1.440588405462583654e-01 -6.769458728967737982e-02 -1.523297775848771796e+00 1.308458621839049840e+02 9.621159831863025369e-01 5.859907710728416985e-01 4.707676944368399674e+00 -1.495187826087156502e-01 -5.975107729601702999e-02 1.416147299697545214e-01 -9.343086160804404017e+00 3.092933370215544819e+00 7.999040513281596709e+00 3.283318285180980922e+01
1.099462078988975813e-04 -1.564816957824982865e+03 -1.296666874453329399e-01 -8.086294066205441944e-02 -2.005508721615393064e+00 1.305454978050159411e+02 9.575909240234883324e-01 6.009881122049635094e-01 4.703685988352065195e+00 -1.528002387430889009e-01 2.799113726065471930e-02 4.268470229967909479e-01 -3.028904958753741994e-02 1.488174291798816107e+00 8.690432179187856931e+00 2.484611264361047489e+01
1.052112863429341519e-04 -1.564860978472887837e+03 -1.469524642028434136e-01 -1.092404058691142654e-01 -1.818191241764082422e+00 1.183035089283765586e+02 9.514297596307615956e-01 6.042901189090363889e-01 4.708286262219054663e+00 -1.539572691776684987e-01 -2.062017279946637416e-02 3.213761677280136397e-01 -5.141708921820537626e+00 2.581739494054047235e+00 8.314165175098198191e+00 3.040255069942021748e+01
1.347044742560631894e-04 -1.564613865752749007e+03 -1.179172847883721287e-01 -1.090531006259455316e-01 -1.937164194721889832e+00 1.157220175320202600e+02 9.349841034853708654e-01 6.036037055859044820e-01 4.708158801633151924e+00 -1.285657576318937068e-01 5.155991174963459045e-03 3.722465710271873895e-01 -4.955012019760829389e-01 2.914152031708749924e+00 8.873271010861882857e+00 2.835711337544532995e+01
1.028450525439393419e-04 -1.564883725540731348e+03 -6.961772117030853857e-02 -8.434379015837445426e-02 -1.670418802158617710e+00 1.285771464285854506e+02 8.626920573637282263e-01 6.195725631497450703e-01 4.701840868154442354e+00 -1.662231108844545169e-01 -1.698322438250254862e-02 8.174100793181594549e-01 -6.312246421661626528e+00 2.634322025532820355e+00 9.202132951868446042e+00 2.864493232847187443e+01
1.189187724504106581e-04 -1.564738508376471145e+03 -1.255645880460613539e-01 -9.885716940300147415e-02 -2.176899692270365616e+00 1.171503633292880124e+02 9.363978737787295170e-01 6.168612624110703102e-01 4.707359548770775781e+00 -1.321052380522136360e-01 4.303789517387968111e-02 3.959929507435520635e-01 -4.420110461432045668e+00 2.051403115621686091e+00 8.651024816293539033e+00 3.270963066879129144e+01
1.244633577858343025e-04 -1.564692937694453121e+03 -1.379793533920440352e-01 -8.844556011586646171e-02 -2.075592577280954920e+00 1.380550082829084317e+02 9.444944618396533542e-01 5.891815224239866922e-01 4.704118318917871022e+00 -1.703910118168003862e-01 2.641281765036307405e-02 7.115102914893360886e-01 1.449391699253624211e+00 1.610183077820237507e+00 8.614735148621988969e+00 3.653338638920877912e+01
1.142834446507112332e-04 -1.564778267332956375e+03 -7.151430082046568437e-02 -9.107944321849309466e-02 -1.792844077271292580e+00 1.338260285134004448e+02 8.814225917336317995e-01 6.303672089650647070e-01 4.712497304773023643e+00 -1.477956801039872481e-01 -7.766660326802732328e-03 8.883295363078704820e-01 4.710044091576719438e-01 2.490531112985694406e+00 8.979980256368481406e+00 3.585774654608342615e+01
1.161212335603318229e-04 -1.564762314289814185e+03 -1.048382971751952719e-01 -1.145361768248950030e-01 -1.987508698835968923e+00 1.236229735076239393e+02 8.595656219759738592e-01 6.388319499988159844e-01 4.717810318432144712e+00 -1.639014701402201624e-01 1.169345650462161323e-02 7.584493810612897846e-01 -6.215007435909569722e-02 3.190427189543654229e+00 8.466317292062486288e+00 3.198298488315787225e+01
1.210798466894479612e-04 -1.564720498834105001e+03 -1.407534867998752326e-01 -9.137522793393201836e-02 -1.993538569528720217e+00 1.245783060300533549e+02 9.311817420505903442e-01 5.857540882016862849e-01 4.695699096538000106e+00 -1.521092882273096247e-01 1.094577185391409913e-03 2.624812553311087759e-01 -1.334982730724675548e+00 2.487240135067736446e+00 8.524303260320165165e+00 3.646363148323439418e+01
1.217614100622459882e-04 -1.564714885577350287e+03 -1.308611290556226658e-01 -1.002100545927190334e-01 -1.992926623340365966e+00 1.264906544773966317e+02 9.196741598728931377e-01 6.058762169921941831e-01 4.707790335088530398e+00 -1.432666603210077660e-01 4.462689777468220598e-03 9.667740927661614414e-01 6.737773312069350595e-01 2.549451693427351451e+00 8.777390349492764088e+00 3.411682469708065923e+01
1.355917619619399241e-04 -1.564607300430897794e+03 -1.416510153941835937e-01 -9.543865010353599909e-02 -1.810417176875263712e+00 1.597329813091319579e+02 9.441670832563582305e-01 5.937434408468837965e-01 4.702112429419460504e+00 -1.593158626953297130e-01 -9.561887014820413810e-03 3.196666054134564283e-01 -5.216479591028189589e+00 1.519255549636611136e+00 9.058561180862678697e+00 3.588141368040265178e+01
1.382661403211558524e-04 -1.564587768671127378e+03 -1.319771306351970597e-01 -1.347320996478502952e-01 -2.197879930935702664e+00 1.030543927046984720e+02 8.978528244021717342e-01 6.205960068617174530e-01 4.702413003873569863e+00 -1.436089737838326386e-01 5.185343679907528092e-02 2.594775393118071150e-01 -2.483321400751208330e-01 2.868274984927587923e+00 8.810625794071548000e+00 3.566796900763813483e+01
1.635201827951485447e-04 -1.564420012627174401e+03 -1.455190022991976750e-01 -1.017478062962380025e-01 -2.219918607916571140e+00 1.286791256859455643e+02 9.562806129156088408e-01 6.178610733822220702e-01 4.714038166049559386e+00 -1.389525779339222389e-01 5.504573044389715619e-02 3.373110624643057553e-01 -2.221727468979167952e+00 2.698944358310528813e+00 8.521639169880245390e+00 2.844278324684279369e+01
1.163999507009390018e-04 -1.564759916940299718e+03 -1.413941723934259431e-01 -1.010355082959693424e-01 -1.984405949789285639e+00 1.514150100813185418e+02 9.184859640663798341e-01 6.058518098357820181e-01 4.704088562868681933e+00 -1.624377986080380865e-01 1.730693783514758444e-02 7.902465910879141742e-01 -1.315347673921706928e+00 3.869752563714690119e+00 8.695521662067440261e+00 3.299255092705655557e+01
1.382980302816527241e-04 -1.564587538055855930e+03 -1.156682438322397671e-01 -1.042219246061874549e-01 -2.036016821904584440e+00 1.249574132156724460e+02 9.480247534261853071e-01 6.060522583402321306e-01 4.712355015489852583e+00 -1.417171629076567907e-01 4.369710013037431118e-02 1.878178151118281292e-01 6.055830541968759917e+00 1.945670968603319118e+00 8.757336516098002122e+00 3.667977821286461193e+01
1.368030198945210734e-04 -1.564598406971868371e+03 -1.357075742723639900e-01 -5.990724737493934027e-02 -1.902808425298970763e+00 1.255445327774240951e+02 9.677795769773219758e-01 5.821855605130292766e-01 4.698507099789468455e+00 -1.775478012802236272e-01 9.035844115754532169e-04 7.773179672181072808e-02 4.288772320561207607e+00 1.273600502983862626e+00 9.039542258592936363e+00 3.535295158090723078e+01
1.177113289537659450e-04 -1.564748713789638032e+03 -7.762396136977968431e-02 -6.666256788789863552e-02 -1.638817552366331309e+00 1.340883232291220679e+02 8.949831483213843697e-01 6.209873797442387877e-01 4.708742881499253130e+00 -1.563383263946218626e-01 -3.186951249408287445e-02 4.923231964447282172e-01 -3.716949487145484454e-01 3.412560693597299633e+00 8.396863733959868625e+00 3.399648359531370545e+01
1.121804618654309783e-04 -1.564796840210812206e+03 -1.412776591409179439e-01 -9.279464537302911653e-02 -1.767684033523922560e+00 1.154316813397822870e+02 9.541980697200168615e-01 5.996884538192162051e-01 4.716953017601283271e+00 -1.506136763017549285e-01 -2.173791077625208956e-02 1.210701795389737372e-02 -5.426709054174210678e+00 4.310431705789707912e+00 9.010689030509944075e+00 3.542320314368019041e+01
1.329170889846203194e-04 -1.564627223509325859e+03 -1.327135124705370595e-01 -8.167576793661358858e-02 -2.381757385332053278e+00 1.257633215096510639e+02 9.443590059665523118e-01 5.862919764047186399e-01 4.699824706557908627e+00 -1.282264821318310766e-01 7.317069085352900792e-02 1.502726947574814231e-01 2.273968942269931404e+00 2.068760907254385550e+00 8.336587248301331243e+00 3.351440609479272581e+01
1.176128448212940963e-04 -1.564749550797894699e+03 -7.992096269924943430e-02 -1.229404843761669891e-01 -1.824548774042902499e+00 1.202329602477204844e+02 8.626001458469702010e-01 6.195676684789468425e-01 4.700582009585962062e+00 -1.564411034371628872e-01 -1.945815101681525050e-02 6.111190176103232785e-01 -1.736594909041713208e+00 1.938915862915280286e+00 8.602172911709615732e+00 2.728513776690921588e+01
1.130312128952263597e-04 -1.564789285051183242e+03 -1.285517271967805963e-01 -6.796445048962766744e-02 -1.728494485761133292e+00 1.326582843113010597e+02 9.577701547280991212e-01 6.027031492148118286e-01 4.704125567660192964e+00 -1.503725616526041531e-01 -1.404420150699614567e-02 7.799307913657685387e-02 -1.262933811347238588e+00 4.468621927342653066e-01 9.138080883827171874e+00 3.421587757066790658e+01
1.110801692642015594e-04 -1.564806696865823596e+03 -1.032822490532618320e-01 -1.340012795608508944e-01 -1.988080292546237082e+00 1.074145916788636157e+02 8.770516646031656371e-01 6.235346565951580544e-01 4.713372452429461568e+00 -1.534017291005556061e-01 2.350953318433424144e-02 7.740398105534500584e-01 5.939493196251930840e+00 2.228833211371905598e+00 8.761934609519460793e+00 3.112193601066637427e+01
1.157479119911646362e-04 -1.564765534398215095e+03 -9.986718829606570924e-02 -7.592907458721288860e-02 -1.490490989336416883e+00 1.492294822526965845e+02 9.115497069587114032e-01 6.028963430849432203e-01 4.700657743486615914e+00 -1.622657841701393711e-01 -5.416584412792824210e-02 7.823908532523224935e-01 -1.102945648920524491e+00 2.861041089171401097e+00 8.437250512006944092e+00 3.118939772955109291e+01
1.043412836746817766e-04 -1.564869281951741868e+03 -1.167951718540451850e-01 -1.271144256685742546e-01 -2.126880895158113294e+00 1.101404930653000207e+02 9.055740034681988293e-01 6.107844637940551547e-01 4.704876153493900759e+00 -1.326844901494546036e-01 4.077342822449070425e-02 5.003613042779481157e-01 -2.023803297118149658e-01 1.174855513695560738e+00 8.952337685072642159e+00 2.919575606000746149e+01
1.072532424318669783e-04 -1.564841756262249419e+03 -1.411794676992964293e-01 -8.275575454763654804e-02 -1.862193873840608527e+00 1.484454973428543667e+02 9.326801647279334695e-01 5.961893866478182868e-01 4.702487929658788701e+00 -1.507723020131894742e-01 3.491819914799521030e-03 5.235395796847501781e-01 -1.664743049154708388e+00 2.972028129604398217e+00 7.994898830182894933e+00 2.791208135508138710e+01
1.080447702568402277e-04 -1.564834403371423832e+03 -8.151130855266497388e-02 -7.976033254889935975e-02 -1.726027302295340737e+00 1.194568218078461541e+02 8.953028704426886364e-01 6.152073997536191552e-01 4.700484747658397744e+00 -1.545872798331764386e-01 -2.050991710470295715e-02 4.220370331706545519e-01 -8.459838197316628339e+00 3.214485545983802872e+00 9.231123219081149855e+00 3.286447760234689497e+01
1.228775068099970959e-04 -1.564705761072504174e+03 -1.158228365092789230e-01 -8.841408534697883792e-02 -1.930497418815031008e+00 1.205215926341078614e+02 9.106579978464111047e-01 5.970973370660881407e-01 4.701073652948624115e+00 -1.750145131259528419e-01 7.160275883353994786e-03 5.309774105032327718e-01 -4.466700821400308996e-01 3.316897842144728159e+00 9.518512600964811554e+00 2.880585375278776894e+01
1.185108637902818984e-04 -1.564741944418137336e+03 -1.358356680218677781e-01 -8.826487761197771009e-02 -2.197298618667483439e+00 1.476090289408788010e+02 9.614812999670758753e-01 5.961872866498469925e-01 4.706061616110989831e+00 -1.550634965893209483e-01 4.881316072388752758e-02 4.128057128186179980e-01 1.157187935195736372e+00 2.391485060868614454e-01 8.083252505485582162e+00 3.219759376190045685e+01
1.588025299702413727e-04 -1.564449287571576861e+03 -1.208655540649852950e-01 -8.922529889643086853e-02 -1.863001031379405426e+00 1.569134745810058575e+02 9.705265552697277531e-01 5.934124636073632164e-01 4.710913402975473119e+00 -1.722661341079247954e-01 5.378387180878352325e-03 3.192639707527366588e-01 -2.365933629166732999e+00 3.991046549461696458e+00 9.782537978288097236e+00 3.000057139952128082e+01
4.280797718136310106e-04 -1.563457639491108694e+03 -1.438352242744431464e-01 -6.978319457005092985e-02 -1.717690978425559845e+00 1.726132455644822414e+02 9.739643383810938637e-01 5.881373312280691046e-01 4.703292236471053656e+00 -1.461550309043799789e-01 -1.616060181781420191e-02 5.537227231280797413e-02 -6.159600698460110380e+00 1.115624772223045014e+00 8.224815737942536842e+00 3.053944521415730051e+01
1.061503040191472510e-04 -1.564852092999868091e+03 -8.584248127473627366e-02 -9.747486913959541033e-02 -1.657721422143113132e+00 1.162376476494408593e+02 9.141481189620284109e-01 6.169485180608278441e-01 4.709476486813485963e+00 -1.483492435914943730e-01 -3.269122991506900888e-02 7.435853411565918059e-01 -3.309455800926741631e-01 1.655029306429356417e+00 8.623938411692954276e+00 3.317605522787437167e+01
1.771656536277677301e-04 -1.564339863860967398e+03 -1.457208869020558684e-01 -1.035417356298845293e-01 -2.197859694342566783e+00 1.356186536377422556e+02 9.709651634331121217e-01 5.966223084712687363e-01 4.717043321931003064e+00 -1.628718844146432865e-01 2.334084281417170281e-02 1.493494330884075350e-01 -8.937859945140758100e-02 1.479071555017474893e+00 8.761457622051604943e+00 3.006737842807405414e+01
1.191650686398597483e-04 -1.564736439388704639e+03 -1.248218446313175967e-01 -1.146000445483132124e-01 -2.340577789506975481e+00 1.130902434332257798e+02 9.393850303952862024e-01 6.055335367010171721e-01 4.706617824298231056e+00 -1.415048679285639821e-01 4.450204276813773951e-02 1.741623377925059224e-01 2.465439672799135451e+00 2.345731823570118557e+00 8.759199581329202289e+00 3.591980595103949270e+01
1.180214043746544486e-04 -1.564746083051044025e+03 -9.044428269399173992e-02 -9.428153793591476095e-02 -1.841157721212075993e+00 1.238910170934871076e+02 9.214820927552634933e-01 6.006721075230008200e-01 4.705577972440293522e+00 -1.565365924742423420e-01 -1.135759763048604931e-02 8.055797432428136728e-01 7.594549148761018387e-01 2.337761446371433571e+00 9.379680800248756611e+00 3.090008341932681901e+01
1.128884845559411146e-04 -1.564790548582959218e+03 -1.021908943743018855e-01 -8.961230506501124959e-02 -1.776403856015281058e+00 1.430297950532918776e+02 9.556287455988040636e-01 5.986868996225760409e-01 4.707192021548461724e+00 -1.731644359103945430e-01 -3.167535707045310289e-03 1.045550456875332518e-01 -6.983706427147211571e+00 3.390853299393481457e+00 8.327949344026031042e+00 3.491385885100540065e+01
1.036261484384596985e-04 -1.564876159356032531e+03 -1.314253508162175621e-01 -9.072416144431527663e-02 -1.990185907109048857e+00 1.023787341420167678e+02 9.574096525327575602e-01 6.035994783665383778e-01 4.700988309598699288e+00 -1.652748859399824077e-01 3.029469816343599575e-02 5.738030602092071553e-02 3.630231986343147810e+00 1.964632154402679021e+00 8.012073383108164748e+00 3.430246376812051778e+01
1.078004708402154402e-04 -1.564836667025880161e+03 -1.285937822367096417e-01 -1.080432823320215951e-01 -2.022880696105435305e+00 1.320462939302605037e+02 9.268506259033582051e-01 6.148923910999442022e-01 4.707466389999701128e+00 -1.362969851148099210e-01 1.812542343716150306e-02 6.948414280122954256e-01 1.342399854937895043e+00 2.234463459195756840e+00 9.477839406227150931e+00 3.118943997039225025e+01
1.418141583914275317e-04 -1.564562431595339604e+03 -1.087061039666112339e-01 -8.047727730874580654e-02 -1.701290208319710784e+00 1.293268184710678952e+02 9.473502223368324149e-01 6.078066801890336102e-01 4.718189114821553787e+00 -1.677866063574282585e-01 -1.527672097553756103e-02 3.438773211997309120e-01 -2.404191751612444250e+00 4.189964517520516907e+00 8.789583575411930028e+00 3.210522735148435913e+01
1.508963701702976533e-04 -1.564500355741118483e+03 -9.649547712590897386e-02 -1.254082214007849194e-01 -1.817109458593154647e+00 1.164969191568733891e+02 8.608649420815018827e-01 6.093477481218532166e-01 4.698656743383736512e+00 -1.543627034950594279e-01 -1.227776578951944586e-02 7.225216071170049714e-01 -3.727109123243252498e+00 3.355202004026613949e+00 8.647488885305643080e+00 3.374981567174772579e+01
1.313951888033507457e-04 -1.564638739561576131e+03 -1.400590562636581937e-01 -7.112976436543429204e-02 -1.602090875862165698e+00 1.570079996859604137e+02 9.612907320866823646e-01 6.181876891788415929e-01 4.719617797149345151e+00 -1.483104541468613924e-01 -4.723789661513633220e-02 2.038621078319398650e-01 1.751588148150318602e+00 2.169710590208984158e+00 9.076271613655762849e+00 3.282137563971465966e+01
1.613442180850272563e-04 -1.564433408968823642e+03 -1.465626682547108983e-01 -9.719078721208720961e-02 -2.278040232268730314e+00 1.100257277440034898e+02 9.463484802783114214e-01 5.850753342369765519e-01 4.707162424213526819e+00 -1.378332391947358904e-01 6.216971655699143895e-02 1.140104579157253661e-01 -6.303719122126949514e-02 3.656717654772490000e+00 8.836686776493296591e+00 3.695541818097814257e+01
1.361061464530167206e-04 -1.564603513982127197e+03 -1.339103423437703611e-01 -9.552495715254519237e-02 -1.651979475874021164e+00 1.268472217778197546e+02 9.628561945817654122e-01 6.001219239589519194e-01 4.710095918053847974e+00 -1.512364636728931178e-01 -3.757330207879316930e-02 1.490468873717498421e-01 1.192141786119066182e+00 6.495656988663167652e-01 9.539784669403307049e+00 2.843968803861374184e+01
2.269749605994359994e-04 -1.564092109346397592e+03 -9.712846076424114239e-02 -9.198232732858704908e-02 -1.728670510237065860e+00 1.147084729599024939e+02 8.900807730956389330e-01 6.078211311990171506e-01 4.701340414042711302e+00 -1.591595108409662451e-01 -1.481149583689789218e-02 7.161646538963115649e-01 -6.101183131789667868e+00 3.087563282248351193e+00 8.061732893978824421e+00 3.431820159986065732e+01
1.254412398480285983e-04 -1.564685111611519687e+03 -1.248145977506084775e-01 -1.053932774432752850e-01 -1.788917432830992027e+00 1.521168526776921226e+02 9.567682229365050972e-01 5.892752789543247438e-01 4.704107950973449803e+00 -1.794634672581580936e-01 -2.366038086546407015e-02 4.114109813088800416e-01 -6.807650655160188080e+00 3.808481520393591779e+00 8.681595421707211102e+00 2.999729894046021528e+01
1.291880514895847284e-04 -1.564655679945724387e+03 -1.192390161162575068e-01 -7.516216447173265647e-02 -1.827284689601933909e+00 1.445897782533674842e+02 9.784156439280468076e-01 5.797638297453775458e-01 4.706799444377214314e+00 -1.654688162214186242e-01 -1.670846170730744262e-02 6.278821618276816952e-02 -8.781437959788576109e+00 2.581022603600491294e+00 7.945426872359884207e+00 3.220216274722898220e+01
2.116115093555283268e-04 -1.564162196961521204e+03 -1.156139507980711578e-01 -8.787758043659907314e-02 -1.879682450151426876e+00 1.509035443791747468e+02 9.734045578333405668e-01 6.015260914314051188e-01 4.709606942019437525e+00 -1.524719637378115777e-01 2.149381195633504049e-02 8.859877012180218669e-02 -5.471721325235762379e+00 2.480502265712170029e+00 8.728042601489406138e+00 3.817666009527864901e+01
2.379978417760783311e-04 -1.564044687446602893e+03 -1.305443050916022529e-01 -1.089219593048726675e-01 -2.077868277173356759e+00 1.358136449422006251e+02 9.841985744400815195e-01 5.761397669367596119e-01 4.699656344219851789e+00 -1.673872583376283529e-01 2.364520905902245396e-02 3.394945144170872370e-02 -1.596309736460170825e+00 1.242901344916114148e+00 8.478036685243161230e+00 3.587158978634818851e+01
1.445636092739890671e-04 -1.564543229438785602e+03 -1.495443570256040910e-01 -7.948231052131980723e-02 -2.456261140236569940e+00 1.312133085902684684e+02 9.664725233226930667e-01 5.771992897085922447e-01 4.702078038645058022e+00 -1.285309040527440327e-01 8.457442104469925503e-02 3.318361482162075493e-01 6.384433408356272821e+00 1.225891797751121892e+00 8.571492087416366701e+00 2.890787913959302813e+01
1.922516258869550832e-04 -1.564258143986566211e+03 -1.177341707873083010e-01 -1.356078810495486009e-01 -2.170009620293820607e+00 1.244375090656244964e+02 9.047721258331179461e-01 6.197689975378352090e-01 4.708914271474156088e+00 -1.513704616901490052e-01 3.256324248719022485e-02 5.108736356970804415e-01 5.958064828493547793e-02 3.130913243160393655e+00 9.350132553554546533e+00 3.499811014885090543e+01
1.543780222997010040e-04 -1.564477544767225027e+03 -1.413861284454653866e-01 -9.544381166903991021e-02 -2.191471991797349084e+00 1.247769773404338025e+02 9.627767309138192120e-01 5.992165542851930482e-01 4.710766420580252856e+00 -1.405574045033715080e-01 5.403773329186556396e-02 5.222563777112856354e-01 5.055136082586130897e+00 1.510302456345757882e+00 9.250571365190140227e+00 3.613484495283702813e+01
1.117755266914930920e-04 -1.564800456417887744e+03 -1.284581053121336414e-01 -6.967871478836792920e-02 -1.910765877059745321e+00 9.238697732351415937e+01 9.454371481926804321e-01 6.020369670071772372e-01 4.705550654920172882e+00 -1.516715159150570091e-01 -2.388179275529811463e-03 7.934043037899637940e-02 -5.419958840626520669e+00 3.948571051516247543e+00 9.396451016031036829e+00 3.634310463739220864e+01
1.197563204944213902e-04 -1.564731490036420610e+03 -1.373336810842082645e-01 -1.030891627232361774e-01 -1.942552400916457200e+00 1.407445723150142953e+02 9.727510268481035505e-01 5.930706954088633687e-01 4.715431497144791706e+00 -1.453834637642934524e-01 1.502077974687043849e-02 1.132048514892171204e-01 5.780628645636625151e+00 3.382954662325188266e+00 8.807271677329531201e+00 2.730745975070924914e+01
1.281738998605587150e-04 -1.564663561117537256e+03 -1.139257140241343585e-01 -5.874807680335825122e-02 -1.602421787726119762e+00 1.306831752631180734e+02 9.552950064748779724e-01 6.038915391128087951e-01 4.710784772598016090e+00 -1.488882473807668916e-01 -1.908264645291546380e-02 1.910877625114384970e-01 -4.418058885433026717e+00 2.135980121775848950e+00 8.062605491117814438e+00 3.594428516568337528e+01
1.746680861349845094e-04 -1.564354061529718592e+03 -1.080107066585377085e-01 -1.290500979915293334e-01 -2.056882974027178346e+00 1.171339362401128028e+02 8.572670462432793181e-01 6.244482806370499350e-01 4.708860177300919325e+00 -1.472340174866841878e-01 3.177574828292351050e-02 6.890856077854934369e-01 7.997663965577430645e-01 2.832910641746733127e+00 8.527441703980676024e+00 2.629571622496962391e+01
1.274074158324660442e-04 -1.564669559101575487e+03 -1.231052893824812339e-01 -8.532805332456956660e-02 -1.867123571497826484e+00 1.151646755563515399e+02 9.319257975275608841e-01 6.170341017646101545e-01 4.721561549516500200e+00 -1.513286160828724025e-01 -9.814394227282363659e-03 3.043885470935804860e-01 4.784841447645362678e-01 3.370181780654735171e+00 8.011669689519829163e+00 3.297648575272826577e+01
1.112038930259790512e-04 -1.564805583661635410e+03 -1.285816836016473175e-01 -1.043979596195808018e-01 -1.866551410611188899e+00 1.181666225853035144e+02 8.942640788449234268e-01 6.062446129798919614e-01 4.702384128836522237e+00 -1.570489659687099859e-01 -1.468550435556537082e-02 6.965427202972005460e-01 3.622782839360155549e+00 2.762475973679845431e+00 8.929779027991081364e+00 3.304043054378902156e+01
1.459848611547624254e-04 -1.564533446126454237e+03 -1.408185278735790136e-01 -9.820769161921044654e-02 -2.214393479974791745e+00 1.247060418041400851e+02 9.231562545827417532e-01 6.064186545491170310e-01 4.711251386940507047e+00 -1.553820031815313918e-01 5.462893087446984985e-02 5.128274084128665589e-01 4.627078106313661010e+00 2.195933255618842672e+00 8.098554356839260393e+00 3.618663790458032281e+01
1.032688394255751937e-04 -1.564879613372698714e+03 -1.216245839263954548e-01 -8.015667183476456181e-02 -1.691828683146798351e+00 1.577787364374814842e+02 9.513175841293336488e-01 5.854092570814874996e-01 4.703143561298267272e+00 -1.722681097779177328e-01 -2.227301646468760055e-02 6.807152594132949153e-01 -3.707288007975506616e+00 2.710396199101516856e+00 9.051712877864769524e+00 2.581442496839081358e+01
1.562166555973923019e-04 -1.564465705190399603e+03 -1.042835446724679482e-01 -8.829230501605009329e-02 -1.839656924133719951e+00 1.178445251213746445e+02 9.741164417104448692e-01 5.846172480632927382e-01 4.700839273604996649e+00 -1.670483176686650140e-01 1.122198957713815837e-02 6.562907166277044679e-02 -5.459297726508481219e+00 2.555643643946226007e+00 8.390127230130772773e+00 3.041591784695107847e+01
1.134437215363397411e-04 -1.564785642183610889e+03 -1.450660992392031612e-01 -1.101641256331936936e-01 -1.757533541151359291e+00 1.017069099967166181e+02 9.277283905829238897e-01 5.865779019717862752e-01 4.696939584410096735e+00 -1.593285684692291593e-01 -3.011945470669585845e-02 1.803492695975648652e-01 -4.481804145640978732e+00 2.815577002225566616e+00 9.066577452592428088e+00 3.399765242150532174e+01
1.696991700942538565e-04 -1.564382921770265966e+03 -1.388884329226176273e-01 -8.964230623665569997e-02 -2.058692925417404673e+00 1.416782448625013728e+02 9.526130648721731209e-01 5.941209634922952620e-01 4.709371252197774638e+00 -1.513398434794090974e-01 2.886230819938750969e-02 4.576258080998104050e-01 -1.176960894332324870e+00 9.880019346548696291e-01 9.732522369854002875e+00 2.844842207376541054e+01
1.688661673914844006e-04 -1.564387842559794080e+03 -1.291052850017624931e-01 -7.514715214249549635e-02 -2.052420293291528530e+00 1.098217939014319313e+02 9.639646066399000235e-01 6.017956378877495904e-01 4.715635429680203217e+00 -1.640532290325760201e-01 2.730031033006774521e-02 1.145662904647008207e-01 5.008201229258588683e-01 2.706500497985708797e+00 7.790307997651124694e+00 3.767974524894146526e+01
1.291343376556850831e-04 -1.564656095812385047e+03 -1.134196867166915035e-01 -6.208431727476844408e-02 -1.531545611495521708e+00 1.348913596786224218e+02 9.298347749093679449e-01 6.086652052277549130e-01 4.710566720890708936e+00 -1.551422724208992854e-01 -4.087687959022745510e-02 6.764175452905336616e-01 3.615566079423331303e-01 1.764013090627236657e+00 8.261424456796785165e+00 3.117401157592913918e+01
1.603208343595036709e-04 -1.564439772029844335e+03 -1.202863438758498410e-01 -1.006037417555048219e-01 -1.644798856719596358e+00 1.392130809730655017e+02 9.796526617367444789e-01 5.912627435946717913e-01 4.711348374747966972e+00 -1.534507301635981147e-01 -2.812729671263403119e-02 4.772365794732518623e-02 -8.171262049830232854e+00 2.957451144126599374e+00 8.371861285531355890e+00 3.431486292083319256e+01
1.417957711672788318e-04 -1.564562561260927851e+03 -1.261047072153747284e-01 -1.024703828603325401e-01 -1.863932621412682344e+00 1.351446570744366795e+02 9.156489872275256348e-01 5.998903462346658610e-01 4.702419631221149032e+00 -1.548945215378592088e-01 1.373189361021798227e-02 6.641918628913562328e-01 4.103208056513381052e-01 1.568998532867404982e+00 8.631665645951303034e+00 3.465697869073181181e+01
1.377279919232368038e-04 -1.564591668385049161e+03 -1.296368247335712709e-01 -8.915001549117751445e-02 -1.608548875562578750e+00 1.263627912234910440e+02 9.670511024861450089e-01 5.935054862470883208e-01 4.714598788092441595e+00 -1.716692257280159062e-01 -2.645912961307272937e-02 1.731986764884821395e-02 1.601860140396297538e+00 2.473219874022158926e+00 8.500753867035859557e+00 2.807579152244343845e+01
2.900609850371251887e-04 -1.563846857857962050e+03 -1.104383442053743503e-01 -1.026429426112346610e-01 -2.120380154860509236e+00 1.508228420930688003e+02 9.606646994955462260e-01 6.007132078215511317e-01 4.706853004133302321e+00 -1.494176302830216851e-01 4.995255897602191020e-02 3.899927584911081491e-01 3.455382947253951897e+00 2.832672550357351327e+00 9.283784611182511526e+00 3.421965465487586755e+01
1.185306309764028323e-04 -1.564741777635640574e+03 -1.404253127968666526e-01 -1.144685591493421195e-01 -2.201481682398592099e+00 1.249068142835337056e+02 9.394366870297046201e-01 5.975202709894825714e-01 4.702067116670283653e+00 -1.360845385046651757e-01 3.513002345073035215e-02 4.949405113325786587e-01 -3.014119631417457867e+00 3.405364496042340150e+00 9.055642108419913683e+00 3.029236633242648935e+01
1.672319501859821135e-04 -1.564397567280041130e+03 -1.447254603623053526e-01 -9.551011855999595734e-02 -2.383572400475114872e+00 1.589851498068505009e+02 9.814536733091573373e-01 5.986720285037953060e-01 4.713591595942443924e+00 -1.425260311623977039e-01 7.117581743466905309e-02 1.369318568903170052e-01 2.654105619092234747e+00 1.493959521828402970e+00 7.523365832570405587e+00 3.099121452600084226e+01
1.460640102563235982e-04 -1.564532904100024780e+03 -1.419152122050396925e-01 -9.525060086252254421e-02 -1.869671981721022336e+00 1.341779098125140877e+02 9.544653511035896543e-01 6.076329753719065252e-01 4.709450349849312545e+00 -1.520676664821456470e-01 5.888400054066655898e-03 1.436698798442420655e-01 2.097449159535813124e+00 2.402396747767432394e+00 1.012852662790941771e+01 3.283353559763413188e+01
1.408809207414665700e-04 -1.564569034052255347e+03 -1.294802606667170286e-01 -6.867085418636727223e-02 -1.996052930285382665e+00 1.658893369373481050e+02 9.634348032421649055e-01 5.974608758688066956e-01 4.708150739005096952e+00 -1.361128487697111922e-01 1.885877866076213216e-02 5.340839684576216273e-01 2.992371124277553918e+00 1.733067318453240802e+00 8.932558492850017018e+00 3.669568068353667911e+01
2.036874556759501282e-04 -1.564200362313075857e+03 -1.407227683587262690e-01 -9.598514321326859222e-02 -2.546983000951224430e+00 1.174510896744904898e+02 9.593959129291262933e-01 5.981219559842945177e-01 4.707101667948784041e+00 -1.225653885495461282e-01 8.355502008751458654e-02 1.162244166832340775e-01 -2.996553110104912321e+00 3.190775212249086223e+00 8.612206960330937022e+00 3.080329357946620661e+01
1.212290424124319387e-04 -1.564719267383270562e+03 -1.195872601087129561e-01 -6.259290162712217997e-02 -1.883889307758531695e+00 1.207884329350647761e+02 9.584814596380970553e-01 6.125241938842669320e-01 4.720965542862288089e+00 -1.373285188707551452e-01 1.167044426141239377e-02 1.415990287351447108e-01 4.002010914722006873e+00 2.558350948013043968e+00 8.774960019642840336e+00 2.810141135241794785e+01
3.507705416261228896e-04 -1.563656816769933585e+03 -1.060594287979157169e-01 -7.534730531981832791e-02 -1.709295595117770628e+00 1.103413952435371499e+02 9.147327628206753936e-01 6.032282828431803079e-01 4.702973303584529141e+00 -1.674177463670236676e-01 -2.370092341805696279e-02 5.556332092535324341e-01 9.097709982247295102e-01 3.221560179483162756e+00 9.323980592186975613e+00 2.899706660293921345e+01
1.802879533458393957e-04 -1.564322393738587380e+03 -1.321333305371629463e-01 -1.132322824039462550e-01 -2.385560539909135969e+00 1.388094296278961508e+02 9.258063653335827370e-01 6.047777953018809161e-01 4.705759240956629341e+00 -1.319060753596856816e-01 8.366631308539895784e-02 4.885829312980842776e-01 5.329598021367331739e+00 2.393202260122850866e+00 8.339227786796300279e+00 3.416242079648101537e+01
1.207907475530039154e-04 -1.564722889362602473e+03 -1.351082038440366839e-01 -9.163656202248687821e-02 -1.743533287734206905e+00 1.352738115766235012e+02 9.493512568724492562e-01 5.905658524928441011e-01 4.711056738189292048e+00 -1.522243355258778852e-01 -1.168988638065027175e-03 2.124594393920853086e-01 -4.456696687743516350e+00 2.302519743461295398e+00 8.083287759069634149e+00 3.083264626279047604e+01
2.282238611118590375e-04 -1.564086622057825707e+03 -1.284360483212089732e-01 -6.001591077301499100e-02 -1.636533333320575823e+00 1.401236711390595531e+02 9.777439340942253310e-01 6.052928747987544877e-01 4.718875716674877374e+00 -1.427703371880180150e-01 -2.629167774868945706e-02 9.113703715196461164e-02 3.855367668063450992e+00 1.554211926687920631e+00 8.418490400302180987e+00 3.082810242860512062e+01
1.223308547881792063e-04 -1.564710219753471392e+03 -1.427694922286451285e-01 -6.084255330047827481e-02 -1.845690458997466976e+00 1.519497132652581399e+02 9.695333911880527067e-01 5.838214147499136697e-01 4.706643846495648376e+00 -1.690410290969153184e-01 -2.242866560805301113e-02 1.706088543100954813e-01 -1.494534064330110823e+00 1.288617653973145316e+00 9.271182806256605957e+00 2.832994352376561054e+01
1.195351568133657050e-04 -1.564733338524687042e+03 -1.499390766407231734e-01 -7.665737080887137511e-02 -2.067330558381661021e+00 1.259422133165962805e+02 9.678458138448999826e-01 5.930656759296568659e-01 4.712499302089604214e+00 -1.643407585816238914e-01 2.124454360638772243e-02 1.253288950436473037e-01 -2.373121189602755976e+00 6.384148026261637909e-01 9.674080919507943577e+00 2.959753561647227116e+01
3.714314256762250377e-04 -1.563599584792627866e+03 -1.237827777976280019e-01 -1.274236180108694605e-01 -2.096118516413910005e+00 1.270389149974401448e+02 9.363479610533718134e-01 6.036129426233838302e-01 4.705108689317311743e+00 -1.615994898673869251e-01 1.255893664281981792e-02 3.302076428315748324e-01 -1.304455504642135111e+00 2.579870323485389250e+00 8.746284174259045585e+00 3.006031336410996957e+01
1.164825776150664412e-04 -1.564759207338611759e+03 -1.468987490251633110e-01 -9.881943421881564382e-02 -2.134575763997429210e+00 1.196766454129623298e+02 9.245199083625024183e-01 6.048686395732084664e-01 4.706228020894594799e+00 -1.695464923579039773e-01 4.147157450850746940e-02 2.418601475858465633e-01 -5.740252824202229931e+00 2.797339550575927980e+00 8.572204247251470122e+00 3.040158080466981261e+01
1.119238862593077959e-04 -1.564799129998764784e+03 -9.706011372809786319e-02 -7.771605743263282351e-02 -1.698278250180872639e+00 1.327828493662113658e+02 9.176483106350412644e-01 6.204047503288261378e-01 4.705324561871398359e+00 -1.380206498993237219e-01 -2.407124431222440464e-02 5.168082851697309854e-01 -5.017978667446357122e+00 2.373159016256898290e+00 8.476670042333545041e+00 3.232206682897975725e+01
1.497520777265898251e-04 -1.564507967940531216e+03 -1.239640533702539710e-01 -9.294142588315110198e-02 -2.062223346391179213e+00 1.355702945455516044e+02 9.587237229056403409e-01 6.074707347611686403e-01 4.709722773654617889e+00 -1.338678919566849146e-01 3.868916716126702404e-02 2.199598805144163671e-01 3.931317259358479532e+00 2.853987328775398069e+00 9.525904347226997970e+00 3.695729502475730754e+01
1.122186294609238432e-04 -1.564796500034783548e+03 -1.310425393674022332e-01 -1.000562787445596763e-01 -1.963661137101835763e+00 1.482164006148881867e+02 9.239044989463952584e-01 6.013870652257289340e-01 4.700893787153789916e+00 -1.728646794527834984e-01 1.437944270234203792e-02 8.002565679886096683e-01 -3.430643166624918194e+00 2.690648292676733888e+00 9.400724498280554897e+00 2.914170995146114862e+01
1.165040999232230378e-04 -1.564759022587204981e+03 -1.319941731742584334e-01 -8.176910472902916560e-02 -2.249586377513596691e+00 1.419639282936081202e+02 9.704177744855950749e-01 5.929966066929305279e-01 4.707147392063085967e+00 -1.370433718350583252e-01 7.180023798482060293e-02 4.311572412533984378e-01 -6.514438835690299356e+00 2.347223308990842305e+00 8.932153710113134082e+00 3.069564548458691888e+01
1.634922029698741700e-04 -1.564420183751122977e+03 -1.496188311350728772e-01 -5.263243540436424173e-02 -1.939973904155481321e+00 1.562843622740015803e+02 9.850269385233659802e-01 5.697015865156195291e-01 4.701859860283525094e+00 -1.552127765747530752e-01 2.801249439434805311e-02 4.630690759852518212e-02 2.057543326605099310e+00 1.155787306879374476e+00 8.857134493103547612e+00 3.307722956845737627e+01
1.092414833300617305e-04 -1.564823388176917433e+03 -1.368435133665121262e-01 -1.141973989281746538e-01 -1.890484910244391914e+00 1.341533387297141076e+02 9.325285197589611164e-01 5.957699313923470186e-01 4.708278302980880348e+00 -1.656291308072537216e-01 -1.373261744564890918e-02 3.376093489903107536e-01 1.419479723642780300e-02 3.956982881739179447e+00 8.335260677162171561e+00 3.329410898178386446e+01
1.300089736686604880e-04 -1.564649345575771804e+03 -1.290102069941730101e-01 -5.799279394714680624e-02 -1.507879685057761820e+00 1.293320297328879178e+02 9.507735185686679857e-01 5.985468114962197994e-01 4.709405748799070146e+00 -1.361234648052671581e-01 -3.983478355909841895e-02 1.382757297501074623e-01 -7.796489043140041986e+00 2.339037416716371887e+00 8.149796576425227812e+00 2.774491431554693222e+01
1.103463264720823904e-04 -1.564813325209703180e+03 -1.322809113559689498e-01 -6.675484087778346676e-02 -2.134745757281787171e+00 1.355890755741565954e+02 9.807710218643326261e-01 6.086304296743336728e-01 4.717347682513009843e+00 -1.540953438791565766e-01 3.040496681564031078e-02 2.359361865366871036e-01 6.066379003825318250e+00 1.676104299864866753e+00 9.008812472207971211e+00 3.330300319908840834e+01
1.022365725727406732e-04 -1.564889659585347772e+03 -8.939862671589181298e-02 -1.216521270053745885e-01 -1.892623213669065718e+00 1.210095166309880170e+02 8.492909841767858348e-01 6.278623309409404607e-01 4.708336758521297405e+00 -1.435183945717515286e-01 4.129722709785843549e-03 8.609568847982906892e-01 -3.517320117462332973e+00 2.869145954742857718e+00 9.654687308106035815e+00 3.158373870338660083e+01
3.580188472671570277e-04 -1.563636363421052920e+03 -1.330319368366872923e-01 -8.552557653360499945e-02 -1.762493131310487460e+00 1.193776281630935046e+02 9.694712125257072266e-01 5.994218798296346851e-01 4.718084598148355013e+00 -1.462134491551820847e-01 -1.973482900559186959e-02 6.933369368860907433e-02 -2.140676707910699861e+00 4.043905007527826001e+00 9.483749181907864312e+00 3.007637901312399009e+01
1.164132697541480130e-04 -1.564759802521941538e+03 -1.175095221332635304e-01 -5.028922757655485132e-02 -1.675082884507082204e+00 1.383251463192654853e+02 9.531238956318749400e-01 6.066328788997206178e-01 4.714343862973306543e+00 -1.333691605541118541e-01 -1.751727842628136855e-02 3.179130832444411747e-01 -1.780386210948705639e+00 3.184156883194955157e+00 9.024663440562852301e+00 3.134113842364927294e+01
1.025820393510750393e-04 -1.564886286189710518e+03 -1.081363462307765033e-01 -6.647655473739952359e-02 -1.646320130896876899e+00 1.168262540058577486e+02 9.465441738321648257e-01 6.203346698302408813e-01 4.719799765480459541e+00 -1.601274540077075592e-01 -1.727242704220000036e-02 1.539607462674238703e-01 -4.560703819461679132e+00 3.636409092889647532e+00 9.072326308630751512e+00 3.603413768627916625e+01
1.823327908066809376e-04 -1.564311115513782170e+03 -1.082994822824418779e-01 -8.860722698680204013e-02 -2.057295984495984165e+00 1.300337191679687407e+02 9.562711396218122051e-01 5.956321514362665770e-01 4.705040777102762917e+00 -1.700822261141481384e-01 3.896737906948843921e-02 1.734624510810282849e-01 -9.478357578749125878e-01 1.935963406079599380e+00 8.376389916358917276e+00 3.857949892372136702e+01
1.379584043594185984e-04 -1.564589996830029122e+03 -1.113187615463414604e-01 -1.112338273553744317e-01 -1.907175031919047470e+00 1.098016267722678094e+02 9.615931853215412550e-01 6.009953037335278303e-01 4.711986820123071240e+00 -1.739725137874321703e-01 -9.171704245020118051e-03 2.271229258517345750e-01 -5.361476751330712887e+00 2.099880866425984927e+00 8.832099069783104994e+00 3.108751740021531518e+01
1.090227414814161030e-04 -1.564825392554153950e+03 -1.167307768216045150e-01 -7.308514168716570558e-02 -1.830452759834891863e+00 1.366254553463172954e+02 9.493220793351079267e-01 6.067992870120535454e-01 4.711111084006224914e+00 -1.438028882013311360e-01 1.479225704229825133e-02 4.101824702198583195e-01 -2.048679620451878236e+00 1.625227472698553832e+00 7.957770103682371143e+00 3.263311701488736105e+01
1.163714228576722456e-04 -1.564760162055005821e+03 -1.158172832180990180e-01 -1.060598950996671508e-01 -2.056255865645158387e+00 1.275223843851714065e+02 8.989831451829743969e-01 6.203406209392148263e-01 4.710055390113877749e+00 -1.483442062752371449e-01 2.197265268770265401e-02 8.364250577060577951e-01 -1.041127543847807146e+00 9.902401021875117948e-01 9.047372432263056652e+00 3.470231439095883275e+01
1.144503826080611362e-04 -1.564776807662657575e+03 -1.474397817455217752e-01 -1.028189044526319762e-01 -2.367749102129623751e+00 1.183121532499540365e+02 9.752928562075718899e-01 5.707796184279427809e-01 4.699614221661857272e+00 -1.472216725143429272e-01 6.268804361113278212e-02 4.842578466739715093e-02 -1.203015759725559519e+00 3.476478808419392053e+00 8.381168845604470619e+00 2.926295525906386175e+01
2.522471690346636932e-04 -1.563986539615750416e+03 -1.315226015408866855e-01 -8.533424474523516878e-02 -1.576482415572507678e+00 1.675787964550905826e+02 9.589170159790697534e-01 5.957432144163408161e-01 4.712780609771975548e+00 -1.529943832763036582e-01 -5.537272372895785111e-02 3.964870440821708364e-01 -3.037670723807082140e-01 3.309786275105031095e+00 8.440073616660658473e+00 3.620452332176049737e+01
1.027315848032360588e-04 -1.564884829438077759e+03 -1.447612827578139416e-01 -1.070931977995593365e-01 -1.976072867349809803e+00 1.484074146942924699e+02 9.820906112613728700e-01 5.999764538297530647e-01 4.711076918395219693e+00 -1.596732222990842054e-01 3.124684246660924813e-02 3.666365830602556081e-02 5.187268648122085324e+00 3.369242207966971492e+00 9.033943896022190501e+00 3.251106237903156426e+01
1.745444188694250675e-04 -1.564354769793420246e+03 -1.325496291107679248e-01 -1.100001510537339938e-01 -2.249219689034156922e+00 1.222460507891511696e+02 9.180008604327900557e-01 6.162623669737764542e-01 4.706142650263602789e+00 -1.471041859566069032e-01 5.781696842439365547e-02 3.646432469042110713e-01 8.387948570419922589e+00 3.152390785780556648e+00 8.417513127970233100e+00 3.163067915831840793e+01
1.894049584540514000e-04 -1.564273061691856583e+03 -7.900605043100757119e-02 -1.167447164397738962e-01 -1.891077080895511742e+00 1.318312118281016581e+02 8.477148063178028270e-01 6.302196343462331818e-01 4.709435889446741186e+00 -1.548528488386622382e-01 -6.771373596543117657e-03 6.609382632162904558e-01 -2.104500381503470408e+00 2.079795472197831785e+00 9.034842776796558894e+00 3.439470108748399468e+01
1.078168618597516427e-04 -1.564836514987828650e+03 -8.841294060987514580e-02 -9.273455000782995783e-02 -1.828445010589492714e+00 1.086604353143505080e+02 8.805205631349075635e-01 6.334948555739187137e-01 4.708945448206393714e+00 -1.635440170509983027e-01 4.548011885843639135e-03 5.754236669426989748e-01 1.969812171735469519e+00 2.269848055021395083e+00 8.125350942762675999e+00 3.382682446413254240e+01
1.209040280533264734e-04 -1.564721951977767958e+03 -1.288472327815639307e-01 -8.031891569459700952e-02 -2.080706165864723900e+00 1.257322653058098894e+02 9.634459558004863089e-01 6.222679434810054477e-01 4.720379857309219496e+00 -1.488680688825940734e-01 1.583286346647372334e-02 6.448220729762101089e-02 2.962974728337002261e+00 8.532877248991210806e-01 8.389413427642988808e+00 3.257397775068648826e+01
1.504891545702997718e-04 -1.564503058033129037e+03 -1.304396195711032269e-01 -9.376211939099424186e-02 -1.912453801163535694e+00 1.196606226303878060e+02 9.138063824394825341e-01 5.941086599879823460e-01 4.708363018207069928e+00 -1.536222736368497710e-01 -2.882645414613138612e-03 3.844060700741337433e-01 3.680799537185208692e+00 2.603730745644128319e+00 8.902605018509813561e+00 3.049125771237837057e+01
1.263623041859765722e-04 -1.564677795841207853e+03 -1.475723114493348587e-01 -1.048701225225965039e-01 -2.069355347655343458e+00 1.431717314739125015e+02 9.711287358604555608e-01 5.807714937306438507e-01 4.705682582154643967e+00 -1.612156255622472223e-01 3.125928296796209871e-02 3.205153087929091260e-01 3.545941877630468753e+00 2.953215213583826326e+00 9.769295611784190925e+00 3.610772045782329087e+01
3.061970803022345572e-04 -1.563792720104151158e+03 -1.470302833828240341e-01 -1.044834250329998299e-01 -2.246637705183156530e+00 1.172370627896742548e+02 9.257493502527058826e-01 5.962854893303528581e-01 4.700353422130955749e+00 -1.588868046087870134e-01 4.987733413980621755e-02 4.023624321679103999e-01 -3.611905539686716793e+00 1.479472952000904229e+00 9.148885021105112259e+00 3.223332300592019095e+01
2.546482224411290526e-04 -1.563977065979159306e+03 -1.389338614089175028e-01 -9.938220762747117243e-02 -1.689906801690687521e+00 1.203979998662066606e+02 9.806680497475879221e-01 5.982893396409776354e-01 4.713418288970891545e+00 -1.581872967577804268e-01 -2.773053387481594356e-02 1.462876015993813672e-01 -3.764585452199497695e+00 1.870545259704758934e+00 8.880246881964094285e+00 3.461486311749473543e+01
1.574614546995488351e-04 -1.564457768355817961e+03 -1.203844703134788474e-01 -1.032541114488607081e-01 -1.784695982683598858e+00 1.229025012219574080e+02 9.246449408188017749e-01 5.908592806776729045e-01 4.699210290417868308e+00 -1.472630097098208690e-01 -1.307434765537385246e-02 4.807735324928955056e-01 -2.730868886682884522e+00 1.380270628825286394e+00 9.204609906882765813e+00 3.525740723570169877e+01
1.140681503959099519e-04 -1.564780152971798088e+03 -1.374641840420372518e-01 -1.040868679095172528e-01 -2.122455337223152050e+00 1.202725262841780562e+02 9.435353282266221164e-01 5.939087553733422009e-01 4.708057376119027637e+00 -1.413352264692764315e-01 3.574765271378632647e-02 5.106459684768425156e-01 6.398588453459979064e-01 2.130467736407792856e+00 9.889303638960345921e+00 3.528455604812297253e+01
1.553779564942997797e-04 -1.564471088474294675e+03 -1.325983010086902725e-01 -1.215069600102083036e-01 -2.009883826322991229e+00 1.164769004326481081e+02 8.843615349294509098e-01 6.209048728455717203e-01 4.706456327501607362e+00 -1.570929070475712841e-01 1.772891428080192178e-02 3.942777366980418918e-01 -4.621445011659091051e+00 2.111930007377860186e+00 8.875585191910451144e+00 2.885355961805702307e+01
1.264347025852237264e-04 -1.564677223062264375e+03 -1.062010103386297477e-01 -8.485429806589279977e-02 -1.828964116345066726e+00 1.299579674548522803e+02 9.418689696999179573e-01 6.094940265246613365e-01 4.707751988716919911e+00 -1.634642996182233965e-01 -5.651975635550865462e-03 3.284363387816744972e-01 -7.035287039198408365e+00 3.097515732808919786e+00 7.659358151880901744e+00 3.122558334133751501e+01
1.203213129767714140e-04 -1.564726783279550091e+03 -1.291639286977998846e-01 -9.649131628748730538e-02 -1.821514924301554261e+00 1.364185702479978772e+02 9.570429839349516854e-01 5.872696854299824798e-01 4.711170514009774379e+00 -1.532979302468526761e-01 -6.444479445736117640e-03 4.185930121241002722e-01 2.608257791589778662e+00 2.274012123981927758e+00 9.385487874459919055e+00 2.678746800866993283e+01
1.198533008305219439e-04 -1.564730680550216675e+03 -1.206685022368546578e-01 -1.121525464512496961e-01 -1.934532712031824753e+00 1.292285625869329522e+02 9.556061322210486209e-01 6.036928561397418846e-01 4.715248483376425881e+00 -1.583901309447215411e-01 8.502493832021063014e-03 1.320637455075527322e-01 -1.866053203737408239e+00 7.166745734590307393e-01 8.424272231688956225e+00 2.742268494188837735e+01
1.325147454464557556e-04 -1.564630255126442762e+03 -1.040904714760437222e-01 -7.758525561936055470e-02 -1.972737205955672479e+00 1.430805065359143100e+02 9.736157645624905488e-01 5.760809446899515240e-01 4.697418377106199472e+00 -1.696639675081053067e-01 2.941890606594577129e-02 3.289700890435262592e-02 -1.807165554288360454e+00 3.317105316385182689e+00 8.389057401997469299e+00 3.061485863033841426e+01
1.681825615576749912e-04 -1.564391898986728620e+03 -9.457884939746845354e-02 -7.790657288604245501e-02 -1.703493652584657569e+00 1.116142761095084950e+02 9.310527847179572714e-01 5.967958827600747806e-01 4.700587775989109929e+00 -1.531118018483614840e-01 -3.909646141627121096e-02 1.884145491990637800e-01 -7.330909980956477057e+00 2.830698185565805325e+00 9.455389860081208298e+00 3.367488714551269879e+01
1.310450311993960836e-04 -1.564641408038319014e+03 -1.187396406665082171e-01 -1.082275774201833796e-01 -2.015515529153755647e+00 1.273154404281903140e+02 9.012736667866970697e-01 6.063746887375947026e-01 4.703473538886568051e+00 -1.497172925537282318e-01 1.608792001556169637e-02 5.581512133448089941e-01 -4.480486334273621196e+00 3.584895724332404221e+00 8.760234558943258421e+00 2.512816411879548184e+01
1.200954307046879331e-04 -1.564728662369459471e+03 -1.376595025348288648e-01 -9.301876183055096670e-02 -2.163499921106770696e+00 1.195915572502653106e+02 9.515179483036741992e-01 6.157147227606702966e-01 4.710870841231274753e+00 -1.457119620072138133e-01 4.787991810327874020e-02 6.349845874338679030e-02 -2.059346247299913557e+00 1.972740617548929265e+00 9.865263413745829268e+00 2.699026284564276423e+01
1.709762476192921608e-04 -1.564375424408021900e+03 -1.193313017315278113e-01 -1.110817295658396431e-01 -2.095415199374343729e+00 1.308290731931762991e+02 9.582822499727711163e-01 5.870088713432546346e-01 4.708834127381112289e+00 -1.528434386714532245e-01 4.059117450321614307e-02 3.366874488788899056e-01 2.596251743985817484e+00 2.409013986564234600e+00 8.025159112842960241e+00 3.019954760424770157e+01
2.492329315177840257e-04 -1.563998561124935350e+03 -1.364015837993964864e-01 -9.332732255815301414e-02 -2.314087510820843629e+00 1.550213510791338081e+02 9.791738770125765212e-01 6.034563745101043652e-01 4.713228822714249588e+00 -1.445719242513119340e-01 5.720953581200016735e-02 4.925599609722132177e-01 1.766050361433997296e+00 2.016418092170790821e+00 9.041339226908529980e+00 2.970667729434106619e+01
1.128003788933670164e-04 -1.564791329354023446e+03 -1.358959738329003908e-01 -1.123707822105706605e-01 -2.257979130010812963e+00 1.204177510783574405e+02 9.350861523789235630e-01 5.976911279006078548e-01 4.705914142539857181e+00 -1.459418366308871118e-01 5.706275330499877008e-02 2.571958321899120992e-01 9.746942157034311549e+00 3.220757228358239743e-01 8.470971782924220150e+00 3.036993851813685197e+01
1.324844429285862110e-04 -1.564630483825392275e+03 -9.391822190281648441e-02 -1.182426196863059775e-01 -1.796474584713742662e+00 1.261707654932102969e+02 8.989832101861631175e-01 6.161021312916836745e-01 4.709122574926196236e+00 -1.515894933822250490e-01 -9.660154311888380363e-03 9.557878261561276734e-01 -9.754497676357232194e-02 2.503751256113240231e+00 8.397885579676135137e+00 3.468136428260426385e+01
1.894795641250554997e-04 -1.564272667874387025e+03 -1.388946714117325898e-01 -9.661719745521404890e-02 -1.993179630709547956e+00 1.446697771367440453e+02 9.208187090699168076e-01 6.055004066012819042e-01 4.713950430122324953e+00 -1.575770479388203249e-01 2.225135510309583786e-02 8.078457027980242566e-01 8.896862119852642081e-01 2.378049145599581138e+00 8.800272593577517455e+00 3.240231714601704738e+01
1.157704252054682587e-04 -1.564765339915007871e+03 -1.426495924458853481e-01 -7.549263439445172419e-02 -2.097570915181801610e+00 1.448113235412221513e+02 9.662987185399325440e-01 5.879346947984471772e-01 4.702980726671087908e+00 -1.720496571104723760e-01 5.259212982981686935e-02 4.580535798343048359e-01 -6.921597472394864781e-01 1.724799903204954354e+00 8.406742946283518592e+00 3.293665213186225316e+01
1.369663839636352221e-04 -1.564597213528874363e+03 -1.192095114570153602e-01 -7.638789000408818808e-02 -1.939963024047985707e+00 1.448379877050362552e+02 9.422351878414948478e-01 6.056954134470473594e-01 4.714277909157635449e+00 -1.463755275726066341e-01 2.380798061265343435e-03 4.626169455319288915e-01 2.784506049073712575e+00 1.366750924359672048e+00 9.433975015580408297e+00 3.434293392696319103e+01
1.349553334509474617e-04 -1.564612005191700746e+03 -1.496649199863450963e-01 -9.319381310433363930e-02 -2.375703855043747481e+00 1.159829257063971966e+02 9.586312051832278636e-01 5.883364967160020775e-01 4.703763524242432936e+00 -1.319707446418381114e-01 5.750475273858235425e-02 9.600511046181543773e-02 -4.572014884385566802e-02 2.384596436526442709e+00 1.020206186705885365e+01 3.131325410536833687e+01
1.252959962296511676e-04 -1.564686270144148466e+03 -1.398328273375449571e-01 -1.018365111554659086e-01 -1.820241137854389013e+00 1.488638248408237530e+02 9.645940321759877145e-01 5.942971232587503927e-01 4.704974227852718904e+00 -1.775830315302466822e-01 6.686403915078020788e-03 2.517552334411915504e-01 -2.905029436101671081e+00 3.333369602031233114e+00 9.101042458629638787e+00 2.897485846191705150e+01
1.802853196310295967e-04 -1.564322408347073406e+03 -1.457086297531322849e-01 -1.087569706226398369e-01 -2.277869904392407996e+00 1.275868920566572058e+02 9.233051683131809906e-01 6.147336197737403030e-01 4.711688490621013692e+00 -1.422538940375375205e-01 7.846540804168622429e-02 4.995124491540368639e-01 7.195664868174560524e-01 2.151197653788683439e+00 9.085712253315447740e+00 3.030224650559898336e+01
1.697006369630864472e-04 -1.564382913126366930e+03 -1.178792022112086085e-01 -1.262473227886290184e-01 -1.832525085852795055e+00 1.176285045588573297e+02 9.522217750399296632e-01 5.900400357911657068e-01 4.701314568513855541e+00 -1.592373184733046898e-01 -2.154929613067402272e-02 1.684956588458784155e-01 -4.177963662788783950e-01 2.388750064480027469e+00 9.175704206609403002e+00 3.309937894573611317e+01
1.524941676781892933e-04 -1.564489822701482581e+03 -1.206506948034880011e-01 -8.108796355021515023e-02 -1.902692008772479015e+00 1.402582230423091687e+02 9.698088424944152353e-01 5.721092086899179918e-01 4.699303847591798977e+00 -1.536784353977891371e-01 1.139406315220137245e-02 1.365829821498208418e-01 -7.541255601261212860e+00 2.385601643109303005e+00 9.394967677768150338e+00 3.406824413985110311e+01
1.579192074561628072e-04 -1.564454865495034255e+03 -1.158468024517871897e-01 -9.659321175941873450e-02 -1.876807953129754569e+00 1.166924480521294640e+02 9.470963579459945603e-01 6.024814326189814606e-01 4.709808321548011989e+00 -1.635172152412831537e-01 1.092452355448969570e-04 5.447097915911605082e-01 8.214522637965160357e-01 1.324838508382053526e+00 8.374051630153477532e+00 3.808105601309863175e+01
1.472388815433404703e-04 -1.564524892739730376e+03 -1.177485449936636341e-01 -1.271039821578096585e-01 -2.020068538846359285e+00 1.256666168349162405e+02 8.979026775155273254e-01 6.176356989266003072e-01 4.704412070108535460e+00 -1.690772683535204379e-01 1.027405102210354748e-02 6.853500978059302584e-01 -8.148341206469353892e-01 2.518011468388148266e+00 9.583394835673164636e+00 3.356650248883630638e+01
1.120349067695790925e-04 -1.564798138561743144e+03 -1.241170949003754798e-01 -1.069351023736570538e-01 -1.887534728230997327e+00 1.065491859587347392e+02 9.325245000624475811e-01 6.082718980525638752e-01 4.711050233526646203e+00 -1.852126279511332463e-01 3.483540984466904078e-03 1.180783301693539983e-01 -4.801222236142535849e+00 2.247849150191161272e+00 9.600841182027309628e+00 2.925375090728932292e+01
1.063588621588515003e-04 -1.564850130183765486e+03 -1.090282882187656177e-01 -6.581001401242063398e-02 -1.728037024114839948e+00 1.498197828558518268e+02 9.487699485669367494e-01 5.952325175613430996e-01 4.699012051030218018e+00 -1.585295266090103183e-01 -1.797498813701814413e-02 1.672494328315044243e-01 1.567213095563857905e+00 3.602732306584921496e+00 8.845226351134494180e+00 2.802647373747291226e+01
1.345189718718363197e-04 -1.564615243808161722e+03 -1.218391138321337080e-01 -9.380960857240652762e-02 -2.125108627647323445e+00 1.352745590711649868e+02 9.671515401337735796e-01 5.819573442311546385e-01 4.698087224625872693e+00 -1.542156302549726465e-01 4.275415779938396277e-02 1.048663321954243083e-01 -6.694192956261133531e-01 1.335347727779989668e+00 8.011536698306009896e+00 2.582446741356836384e+01
1.474155271543795801e-04 -1.564523693737597796e+03 -6.712504972574022399e-02 -1.001927342294303552e-01 -1.792624376402049302e+00 1.230184083375263953e+02 8.488962949623070076e-01 6.330375357343054343e-01 4.706907804856315991e+00 -1.476300772801613093e-01 -1.393048219919634789e-02 1.266123348468955134e+00 -3.314582728471208384e+00 2.536361581541468624e+00 9.033529086755143211e+00 3.379298665277641334e+01
1.203921953881979259e-04 -1.564726194343649013e+03 -1.139013707231854022e-01 -9.012915517504391238e-02 -1.983426241211629248e+00 1.388749829744933777e+02 9.654443354835212654e-01 5.863937660736073809e-01 4.698747951136201806e+00 -1.704139670308797427e-01 2.248377140704049815e-02 4.050339004595509551e-01 -1.532854419744836605e+00 3.414081743083108300e+00 8.094128651766286708e+00 3.399723061909054422e+01
3.603127920962486200e-04 -1.563629976530927706e+03 -6.867477146358340334e-02 -1.044095098511285680e-01 -1.814803222682642048e+00 1.299345690776638662e+02 8.587562998145221727e-01 6.292736614421025054e-01 4.708116351429874946e+00 -1.576805928225406550e-01 -1.405000821068158601e-02 6.782933957416832360e-01 -5.797217252777102203e+00 2.533613825708713740e+00 9.159333787599921450e+00 2.856136786998753152e+01
1.691780109312085738e-04 -1.564385997572374208e+03 -1.053712251313908277e-01 -9.122671696490995685e-02 -1.726244746927865448e+00 1.430117540505554530e+02 9.253798134202267933e-01 6.007416250255857015e-01 4.705104471043475733e+00 -1.615982084111129424e-01 -2.744442825668036434e-02 8.352966126002653313e-01 1.378974504398513545e+00 2.749886672233192719e+00 9.309786862244928685e+00 2.645561016987763026e+01
1.409609146607982788e-04 -1.564568466401101887e+03 -1.132963933888298247e-01 -9.227033311429530538e-02 -1.627701902002575363e+00 1.209576640675028187e+02 9.273523511668138042e-01 6.139299867302461244e-01 4.717918345169049843e+00 -1.375987436053573987e-01 -4.105538213816517512e-02 3.884609776295991357e-01 -2.558814299108007617e-01 1.417725301040007047e+00 8.782609378422678859e+00 3.236764283450199997e+01
1.150930300690743775e-04 -1.564771208293609334e+03 -1.304818710370730661e-01 -1.005607305060950696e-01 -2.106259858745348268e+00 1.034821800258349924e+02 9.511456053434109714e-01 6.006311618078384873e-01 4.712468321088508993e+00 -1.709903243447192800e-01 2.333823092656728271e-02 7.604778111229065773e-02 -5.449284686201565364e+00 3.940587609090218102e+00 9.461126963957511293e+00 2.802294470018029671e+01
1.584899964892454421e-04 -1.564451257574372448e+03 -1.159645192263343005e-01 -8.839347348519435710e-02 -2.167881738559564564e+00 1.095169059526689779e+02 9.697699537178107176e-01 6.052393474013020302e-01 4.716058777351923581e+00 -1.379756325429952746e-01 4.402788166763982325e-02 1.323027006878325085e-01 2.040826017352657118e+00 3.224893722867716583e+00 8.929044398767960189e+00 2.661462796596525493e+01
1.058392475449104200e-04 -1.564855027641648121e+03 -1.423757513327365276e-01 -9.138555957580565825e-02 -1.835023667541979764e+00 1.257087300486289507e+02 9.402435659050498717e-01 6.050059764491335645e-01 4.712016368589316606e+00 -1.739825708753397482e-01 -2.141900050699119262e-02 5.203136047227849836e-01 -8.250428545235308775e-01 2.403710516525991991e+00 8.525401657781150888e+00 3.453553552338628663e+01
1.573455710171569309e-04 -1.564458504576284213e+03 -1.267600998442081628e-01 -6.032412337828689519e-02 -2.043392346617506572e+00 1.095458413245079328e+02 9.625525019731537846e-01 6.038802694782686720e-01 4.714765523595870533e+00 -1.501133063933155487e-01 1.043262627441410295e-02 6.922708015978402962e-02 5.973143246478684887e-01 3.414222832265445540e+00 9.481343090683713726e+00 3.323320132528040460e+01
1.408770564535460207e-04 -1.564569061482093957e+03 -1.342646360518978954e-01 -8.983031569303144559e-02 -2.171840935187543842e+00 1.333749212194390736e+02 9.691236273683240254e-01 5.891679059649128636e-01 4.704721317546447956e+00 -1.476042082533512989e-01 4.845485210712108248e-02 2.206723764832745349e-01 1.122915420390248187e+01 5.886670900845381027e-01 8.785288315685368943e+00 3.054046788478115104e+01
2.193797553024034270e-04 -1.564126144781488165e+03 -1.353749011370876387e-01 -7.629908230291659876e-02 -1.995164532651951150e+00 1.033370875349015563e+02 9.477241183813476244e-01 6.061478676228464479e-01 4.709649890354266510e+00 -1.660328422868606602e-01 -4.171710948407625352e-03 4.498563918933499994e-02 -1.885399147751911642e-01 1.005226122759661500e+00 8.515772311873949008e+00 3.446911109445316157e+01
1.819571458857581242e-04 -1.564313177854880450e+03 -1.386218871778276684e-01 -8.352551995868490176e-02 -1.848083383423841264e+00 1.657738086079214099e+02 9.437182835093095301e-01 6.102568045829155352e-01 4.713204928299034258e+00 -1.356539412748332118e-01 -1.373639904019041680e-02 4.853852894611276336e-01 -5.446952288475813475e+00 2.727852782955619837e+00 8.661685497203697182e+00 2.993133860826979742e+01
1.187708317843463998e-04 -1.564739753198983635e+03 -1.300637251724931220e-01 -1.170875767858839261e-01 -2.140317841286322409e+00 1.002238760315717343e+02 8.706218588752882015e-01 6.243285713698567552e-01 4.704112805739859127e+00 -1.639655923986702568e-01 3.620534167436928463e-02 5.863362298116672200e-01 -1.878397392136008648e+00 1.898369627211904387e+00 8.931460226104249500e+00 3.464635771142054921e+01
2.373861807807543735e-04 -1.564047260782280318e+03 -1.294416520659071312e-01 -1.347711742224207421e-01 -2.106303484331639275e+00 1.217860773694802532e+02 9.239779610574199165e-01 5.919360127736199573e-01 4.703585762073573484e+00 -1.682420633824233125e-01 2.297748077071282147e-02 5.959553987214447623e-01 1.483272823094409887e+00 2.598700563196554292e+00 8.614411624199625805e+00 3.164189421424579152e+01
1.454487695989179125e-04 -1.564537125126431874e+03 -1.232552356444618913e-01 -9.852421401416674995e-02 -1.836159673401771553e+00 1.229228174508078411e+02 9.267707024906892688e-01 5.802735027219649844e-01 4.696981578889858788e+00 -1.551018288746082163e-01 -3.797968192252199060e-03 1.915010557404997482e-01 8.789292534874846297e-01 1.501218523665359683e+00 9.315439537787352009e+00 3.346989366028763158e+01
1.344785543050942790e-04 -1.564615544313282498e+03 -1.253707791600955634e-01 -9.276089223134112438e-02 -1.595140545243577845e+00 1.523742509301501684e+02 9.376097420853245490e-01 5.975466531893671718e-01 4.702715431825326142e+00 -1.454075126534117857e-01 -5.618395106692242180e-02 6.467858507683025282e-01 -2.510101804869492526e+00 3.010276467195538430e+00 8.544818216204340899e+00 2.736143125073265026e+01
1.286699423894480099e-04 -1.564659698512607520e+03 -9.018420019291242817e-02 -1.003711670606123874e-01 -1.752883812718187606e+00 1.327727517817071146e+02 8.725175502128168503e-01 6.142704244612351427e-01 4.701102479807737211e+00 -1.632275825633127120e-01 -2.802408896428665308e-02 7.054567439111721905e-01 -3.657294746218099135e+00 2.354483318298572492e+00 9.112054510229450344e+00 3.717537023739359370e+01
1.319978991668945229e-04 -1.564634163045008108e+03 -1.208355794368321245e-01 -1.262642696834414546e-01 -1.995735925979480907e+00 9.702176441228898796e+01 9.566320842621892639e-01 5.878051069131544626e-01 4.703207695915666342e+00 -1.600970648799733276e-01 3.197316229036561985e-02 3.251102190466912539e-02 -3.154922003221827254e-01 2.129911731280853537e+00 9.041753509399285349e+00 2.716165307456086708e+01
4.149414875792899822e-04 -1.563488811535560217e+03 -1.335950362880745923e-01 -6.821784276511358436e-02 -2.104281392735814826e+00 1.538232545866325438e+02 9.715453726150399261e-01 5.845952295691454470e-01 4.699168579796054068e+00 -1.697974710775014273e-01 3.409323947922615616e-02 1.533355466488549035e-01 -2.681386761102544369e-01 1.145654001734941474e+00 8.956670664093003609e+00 3.635798004920731330e+01
1.262845615554925081e-04 -1.564678411266479088e+03 -1.121916627566460767e-01 -1.059856726522067916e-01 -1.999684319283868028e+00 1.142535448029184266e+02 9.139195633386787421e-01 6.220451663671919817e-01 4.716453105003663993e+00 -1.583439924187244330e-01 9.700591940313918471e-03 5.728001564520412980e-01 5.859520741001290389e+00 3.619117643847591381e+00 8.461729362255866249e+00 3.203818070345909774e+01
2.205516324405917686e-04 -1.564120817223861650e+03 -1.367776486990891771e-01 -1.083081098247837826e-01 -1.990240857215917147e+00 1.259274211172927096e+02 9.730804693197011579e-01 5.814850941230190751e-01 4.707035714345578548e+00 -1.819123065629835168e-01 2.683664074944513978e-02 6.432671045374371843e-02 2.899471052967413698e+00 2.375068851913741952e+00 8.403749487581823274e+00 2.780408105226306503e+01
1.791480235746780304e-04 -1.564328736640612760e+03 -1.276042398146243761e-01 -8.977665653578881244e-02 -2.124116704747337714e+00 1.449487999090150936e+02 9.808788635031872039e-01 5.980853247830275610e-01 4.715316689431044317e+00 -1.648772351851204299e-01 6.821659311206063059e-02 1.254052231412031149e-02 3.045085982378168410e-01 2.603662048139110397e+00 8.191732327474499087e+00 3.219340295706007993e+01
1.293286399648025655e-04 -1.564654592290700748e+03 -1.221459566413861386e-01 -9.130520371736466911e-02 -2.241269906401129219e+00 1.280365884428851189e+02 9.851538529558747648e-01 5.785345895897406887e-01 4.702768472996838867e+00 -1.527950410833296413e-01 3.689228831957547250e-02 7.944441677891155018e-02 3.252215531366914547e+00 1.787166257500527600e+00 8.894074439177668268e+00 3.312766484559670488e+01
1.285460917003306231e-04 -1.564660661521769271e+03 -1.463509408874792139e-01 -8.882063033983286782e-02 -1.545837470684941817e+00 1.190179677803799763e+02 9.651986153214128228e-01 5.726213891628721964e-01 4.694341363929666500e+00 -1.543439377126505363e-01 -5.119555000213660279e-02 1.860655770607878567e-01 -1.361643701824732489e+00 1.650479802145388142e+00 9.088610721137202475e+00 3.225526706443093872e+01
2.443221491568556996e-04 -1.564018461414150352e+03 -1.357758790717541464e-01 -1.210075457299512602e-01 -2.226166553417666005e+00 1.098285224764640589e+02 9.043485541039104625e-01 6.146131926453001215e-01 4.702634829622716950e+00 -1.667896404560831325e-01 4.941895566488319069e-02 5.258928395875744899e-01 3.820245082232389677e+00 1.949592491211848966e+00 9.294334710540530509e+00 3.201904400017918562e+01
1.114574255589470498e-04 -1.564803306367634377e+03 -1.374108544686272471e-01 -1.003689159043310297e-01 -2.146561383469851148e+00 1.121610730203990727e+02 9.418974951445462374e-01 5.858887252639580767e-01 4.712916054124146825e+00 -1.563108862633066920e-01 4.581170480115859256e-02 5.227418014195762269e-02 4.663996166662769838e+00 2.588787558926664012e+00 9.198249047449813531e+00 3.154791175466886699e+01
2.225232985171287650e-04 -1.564111917243504649e+03 -1.365208492459461243e-01 -5.673028849099920334e-02 -1.654697544244546403e+00 1.475681566143345549e+02 9.738619943588553429e-01 6.037869222809426617e-01 4.709222622906478861e+00 -1.585182591179530309e-01 -4.102842664408079543e-02 6.380863598113077628e-02 -2.488672538169339532e+00 4.000491865094657484e+00 8.568546881964733686e+00 3.369650362646336816e+01
1.277715824324406762e-04 -1.564666704894531222e+03 -1.232664845649808216e-01 -8.823229892076608905e-02 -2.017479521669282239e+00 1.356204323698432859e+02 9.799079723301401534e-01 6.000090084551872316e-01 4.716755116074529575e+00 -1.837045573542110954e-01 2.573133857121590040e-02 8.090952056959256622e-02 -2.564007747880225452e+00 2.211263803582608212e+00 9.679314635690605684e+00 3.170722268936054888e+01
1.554006385306622466e-04 -1.564470942505191488e+03 -8.441799441996640507e-02 -8.646627360499969939e-02 -1.599801962420746237e+00 1.128288630947827187e+02 8.914132475131723021e-01 6.155432398267188798e-01 4.714496959518026387e+00 -1.580349177188922205e-01 -3.950787379647269226e-02 6.431276736264658345e-01 -2.505430803882802593e+00 2.192441801926237055e+00 8.596628316466903286e+00 3.491529440658436556e+01
1.847106882351744563e-04 -1.564298158298450289e+03 -1.479899326898393153e-01 -9.848151313030870102e-02 -2.107761313140451342e+00 1.546738174981901750e+02 9.749363495456041528e-01 5.953200258574713466e-01 4.714390529494544957e+00 -1.720356394374396025e-01 2.223196889191836334e-02 2.679255684941259791e-02 -3.011729657043986208e+00 9.948201933158706822e-01 9.131809208902442521e+00 3.598263310250560210e+01
2.224357709470149345e-04 -1.564112310662033451e+03 -1.062139045240315105e-01 -1.270643494755422653e-01 -2.044599163964441857e+00 1.261146402526160841e+02 8.695157935770996271e-01 6.281421367304181880e-01 4.715211159037661304e+00 -1.479395370423119971e-01 2.742316375982944976e-02 6.232789548877623043e-01 3.215023676286307364e+00 3.334751312598305262e+00 8.673164460334614745e+00 3.341483911728970924e+01
1.646668485304168274e-04 -1.564413024719110581e+03 -1.050115794721984963e-01 -9.057237011636468105e-02 -1.820513885042589486e+00 1.022386673251428419e+02 9.106542954484425634e-01 6.251678346571529765e-01 4.707601005536352190e+00 -1.449619112341906657e-01 -5.068708780616937304e-03 2.635485839738768155e-01 3.388110368408320028e+00 3.352995803344360759e+00 8.448875928928401891e+00 2.799967531248959318e+01
1.740654115065736569e-04 -1.564357517895295587e+03 -1.336737641033194646e-01 -1.016648994152578311e-01 -2.257261474373049470e+00 1.283266373706410945e+02 9.637564075976786659e-01 5.906070841347215161e-01 4.705215475255558388e+00 -1.282439244124384814e-01 4.886295866824141854e-02 1.360421546435340856e-01 2.404770038315433567e+00 1.479246778356535508e+00 9.998442569770226385e+00 3.001680286399110997e+01
4.245905671442431616e-04 -1.563465823718906904e+03 -1.356717097045984644e-01 -9.477813861676254170e-02 -2.064030569942127968e+00 1.514691789422523129e+02 9.769085037397535753e-01 5.697364647779727953e-01 4.702513184800323209e+00 -1.748415604411013291e-01 4.129695067813798914e-02 4.690790169158211981e-02 3.188546266056420109e+00 1.171614699052581088e+00 8.368364204705880383e+00 3.242007630551236019e+01
1.235575728621631387e-04 -1.564700241827602667e+03 -1.421882771012385194e-01 -1.102087339159479179e-01 -2.407837510952783866e+00 1.311206965673816285e+02 9.534720893621528859e-01 5.751554154134390640e-01 4.700573372722638865e+00 -1.395030676736181974e-01 8.093220181261151502e-02 3.352145798007450939e-01 -6.286988906983879133e-01 2.044489131322602127e+00 8.664872009775281825e+00 3.444839547046662886e+01
1.300967834705230052e-04 -1.564648670390369034e+03 -1.385304241685030580e-01 -6.393241581910510951e-02 -2.244518819791197828e+00 1.409373908043766619e+02 9.669384297722108945e-01 5.929337875093699806e-01 4.709278651534541282e+00 -1.588300587303677069e-01 5.306600358989443933e-02 1.579709453110631212e-01 7.317891021834867615e+00 7.003065579541667418e-01 9.305140050715255740e+00 3.061851622501365711e+01
1.939940385490253403e-04 -1.564249121622603070e+03 -1.341301443932130522e-01 -1.112880566092998291e-01 -2.392657832340681523e+00 1.227305942246159702e+02 9.138175478925611994e-01 6.171839999039016034e-01 4.708220190571789310e+00 -1.368245321418668503e-01 7.605449421856524950e-02 4.611162556586836381e-01 4.376211779124020040e+00 3.579341306035654924e+00 8.808026349196085292e+00 3.204950161792985597e+01
2.112144883672233576e-04 -1.564164074902362700e+03 -1.211877489856906520e-01 -5.554498147510156247e-02 -1.554416526068232551e+00 1.361181498693913170e+02 9.669161205297496231e-01 6.044840795718307014e-01 4.709433224256173389e+00 -1.497366389363363748e-01 -3.904133189901326517e-02 1.941762665858742243e-01 6.331979539626786391e-01 3.356816277218954703e+00 8.243731960494660171e+00 3.280715251896204876e+01
2.608143417578409401e-04 -1.563953140232122223e+03 -1.336020162133253197e-01 -1.103224426140967940e-01 -1.942023152067729796e+00 1.052414870825572848e+02 9.374102426433855717e-01 6.074367618682352532e-01 4.709091051843077302e+00 -1.627477322198398468e-01 1.628540049879023677e-02 1.663481206745209828e-01 2.047601705069979516e+00 1.559579870015981307e+00 8.307784775489768236e+00 2.499925799582636188e+01
1.120890586238616689e-04 -1.564797655330463158e+03 -1.217356596279269565e-01 -9.055092259468683347e-02 -1.883626440307368144e+00 1.322349229384226987e+02 9.725590713648916141e-01 5.835681673292263394e-01 4.699837746736092114e+00 -1.511522704354102409e-01 -4.209252875050806253e-03 4.023439920845378048e-01 4.265763362035670525e-01 1.678456325343469224e+00 8.241938608705478231e+00 2.816640724229402082e+01
1.272248770207696741e-04 -1.564670992846218951e+03 -1.480722896455503867e-01 -9.001343234189944364e-02 -1.678223723438497572e+00 1.426042492605969016e+02 9.707711767111063539e-01 5.963772029330987046e-01 4.716574711628766181e+00 -1.464155512328104702e-01 -2.142653504788327723e-02 3.080681774852859767e-01 -7.652576383522898595e+00 2.559870743986225605e+00 8.698780412829233200e+00 3.295037753700646732e+01
1.173638749041031797e-04 -1.564751669901528885e+03 -1.272668181462426606e-01 -8.252427282309723888e-02 -1.891783024623218123e+00 1.528290098835902029e+02 9.740170768435517656e-01 5.779838955901404063e-01 4.697688185195598720e+00 -1.737017175816020220e-01 1.534312625584632883e-02 1.230796396656371056e-01 -4.543486367721669694e+00 5.840526600148221448e-01 9.242716169336473442e+00 2.964643821783474920e+01
2.061310040888268474e-04 -1.564188437143222700e+03 -1.247829900284334187e-01 -8.584124874925040671e-02 -1.735105183257254824e+00 1.302108849494786966e+02 9.622340490469438734e-01 5.757443723471744601e-01 4.704630045788336545e+00 -1.581045124715187988e-01 3.348366708129102420e-03 3.828403240513852251e-02 -1.141830007570263206e+00 1.968903960931522867e+00 9.141034706477313421e+00 3.177202532589074124e+01
1.044372570817451908e-04 -1.564868362571680336e+03 -1.258680185739065316e-01 -8.534876475909136673e-02 -2.153087393650657599e+00 1.323365802986463393e+02 9.817331874643094869e-01 5.707275147579817798e-01 4.697407468968803457e+00 -1.747454547727680385e-01 6.151736052298684143e-02 5.830389056104681028e-02 -4.372522274853793078e+00 2.221171939042587695e+00 8.546156212738242886e+00 3.142946227038323315e+01
1.513328678360251363e-04 -1.564497467218670408e+03 -1.328905519529591239e-01 -8.864605457568586200e-02 -2.297791122491594340e+00 1.297290327030368928e+02 9.805746010769648136e-01 5.842374661362830235e-01 4.708459205841902140e+00 -1.394085566007821075e-01 7.218864041746497762e-02 2.349072812200318772e-01 -8.409228847710323862e-01 2.335277861837847801e+00 7.810275773337260752e+00 3.136760060192989030e+01
1.235667714599349176e-04 -1.564700167382506606e+03 -1.328709853646368733e-01 -1.241963424648005326e-01 -2.195052850962785129e+00 1.126700435166226271e+02 9.374725741022983394e-01 5.893008576680758281e-01 4.704355778182382153e+00 -1.563251184689755657e-01 4.432779507884609949e-02 3.091161268354680192e-01 7.412161236980267631e+00 1.892998464985806706e+00 9.797216854296797450e+00 3.083067201556710657e+01
1.250706573590975961e-04 -1.564688070215589050e+03 -1.375770607946799062e-01 -7.812252762261040484e-02 -1.832683806194934428e+00 1.294829759694191011e+02 9.641188019393633901e-01 6.095928722604646577e-01 4.708976029010024433e+00 -1.498254696818688281e-01 -1.374703787393993792e-02 9.509794854118082397e-02 -3.608809766208423753e+00 1.965067816824483948e+00 9.430735514069588987e+00 2.476142635485656385e+01
1.045040962309380818e-04 -1.564867722783046702e+03 -1.458304791621849728e-01 -9.775923618269548310e-02 -2.081153473802930698e+00 1.363947437468290502e+02 9.682193701538297503e-01 5.923567693625029218e-01 4.710905474035270046e+00 -1.339508193022891369e-01 3.384752433060245203e-02 4.108768378827608037e-01 1.189040439495840928e-01 3.394788007121118945e+00 8.151107071534212878e+00 3.116884053877011596e+01
1.337941970266824448e-04 -1.564620646275815034e+03 -1.225419874834206002e-01 -5.747388783839305071e-02 -1.615804657253067544e+00 1.541559993866212324e+02 9.704279323735539586e-01 5.851000136423446518e-01 4.708539679169121861e+00 -1.634536891104860779e-01 -3.107802561302674960e-02 2.346593875332822488e-01 5.839903219828102010e-01 2.413318443925005496e+00 7.988658825965000432e+00 2.861361507311999119e+01
3.046632960220960434e-04 -1.563797741832725478e+03 -8.495667985828310453e-02 -9.598446274499455866e-02 -1.774330273384543188e+00 1.441239085438591871e+02 8.623893487088446497e-01 6.264155458548494870e-01 4.706480019171032758e+00 -1.514720246600451681e-01 -1.608189099363199759e-02 1.213169778064759674e+00 -3.924516642072660488e+00 2.914376744854396684e+00 9.219529092219680422e+00 3.399127504139320877e+01
1.091717950107961297e-04 -1.564824026309563578e+03 -1.172872953554124353e-01 -9.149000748566912811e-02 -1.940954495836778593e+00 1.417427524019345526e+02 9.173477624908140671e-01 6.059373546863296989e-01 4.708377039408260245e+00 -1.649230604980349568e-01 5.094034729281604612e-03 6.434524966780983402e-01 -9.505638671926618599e+00 3.668473229805901958e+00 8.435588508569292543e+00 3.059305178611604248e+01
2.081157485146708000e-04 -1.564178854643899967e+03 -1.256491834665510454e-01 -1.016447003044897851e-01 -2.185666412122027502e+00 1.439498368526005549e+02 9.056398794354425519e-01 6.125017650797006663e-01 4.707617535457876201e+00 -1.534693127169834970e-01 3.569367223639785536e-02 6.971494670360642854e-01 4.491778028809676471e-01 2.918914101444958220e+00 9.389168785549184548e+00 3.323244468484010383e+01
1.342517688094268190e-04 -1.564617232143274123e+03 -1.358391247757771980e-01 -1.010833000322827607e-01 -2.181048190109389662e+00 1.251044513504658227e+02 9.691416992507695394e-01 5.978406970797560671e-01 4.703117623237196732e+00 -1.517686805848565967e-01 4.315882392462389028e-02 2.213604143355260845e-01 4.427881994913008157e+00 1.406224969114244772e+00 9.819247641463801912e+00 2.891464523387454832e+01
1.377282511873266285e-04 -1.564591666502615226e+03 -1.492136556976873529e-01 -7.319490848505930125e-02 -2.328678596723825933e+00 1.448741962900468820e+02 9.598063530767345641e-01 5.866827957050296805e-01 4.700899128619010270e+00 -1.308391503227781527e-01 7.713052101333461863e-02 3.925602870629921748e-01 5.162354271936322903e+00 2.940316890750582779e+00 9.276978416077552581e+00 3.027785955538819707e+01
1.268676516457525937e-04 -1.564673804622009811e+03 -1.415925816990982189e-01 -1.220495983855737210e-01 -2.220856694977136669e+00 1.073323372146600008e+02 9.132869728045325264e-01 6.082189103425736931e-01 4.704099043443173755e+00 -1.560643313850644809e-01 2.363960567751144382e-02 3.351223232819818265e-01 3.003027026100539842e-01 2.906608561128343204e+00 8.467322054825920929e+00 2.804933586399283030e+01
1.719616872143227900e-04 -1.564369677348818186e+03 -1.425070058189321920e-01 -9.186907068818320199e-02 -1.522539548647683150e+00 1.181563238475749387e+02 9.412706637293448697e-01 6.046144001091106057e-01 4.710598588415876975e+00 -1.388449802257358812e-01 -4.870687474230050995e-02 1.513995842029457195e-01 -2.743460847788497858e+00 3.236393209785637382e+00 8.970549052960130609e+00 3.330565765601966888e+01
1.691002864063301475e-04 -1.564386457102452596e+03 -1.317996694758445109e-01 -8.326224249927992316e-02 -1.683885172052598689e+00 1.338358097309474601e+02 9.710240476903608808e-01 6.047211116001974807e-01 4.718730813943382785e+00 -1.524607955631882561e-01 -2.312344624780404700e-02 3.871151311331522127e-01 -3.114450352788082910e-01 2.769289358184101602e+00 9.546003885846365833e+00 3.079259419071167514e+01
1.706645002286409033e-04 -1.564377249409747492e+03 -1.192501558557735042e-01 -1.040870255037857212e-01 -2.098767280323460938e+00 1.263122889825945947e+02 9.114486741068118514e-01 6.221057272425543072e-01 4.706257635775237702e+00 -1.347314786520037444e-01 3.868218091143638127e-02 3.642401354551827453e-01 -5.199958248704206198e-01 2.267625061417755106e+00 8.889398037582818546e+00 2.934003630562653697e+01
1.737793510655534902e-04 -1.564359162654891179e+03 -1.430676051505311019e-01 -8.251548391434383734e-02 -2.193557452381627915e+00 1.256229770865103745e+02 9.703166434682000130e-01 5.953439694784981029e-01 4.706508946419520001e+00 -1.695223813547945824e-01 6.312974427363804431e-02 1.446118369205510734e-01 3.151649656380470788e-01 5.142169875930191481e-01 8.785445783871193015e+00 2.991926996072280431e+01
1.592852415810449673e-04 -1.564446252484883644e+03 -1.059298191739769662e-01 -7.714393337939005890e-02 -1.575352311331337019e+00 1.268413462413214035e+02 9.449487796788327287e-01 5.938658249421568947e-01 4.708072439786104013e+00 -1.446605683078567850e-01 -5.106854351882561538e-02 2.107459812812710054e-01 -4.230675674371155992e+00 4.203977855130824892e+00 9.228058292189423639e+00 3.454438202638510091e+01
1.081899498471778709e-04 -1.564833060574928595e+03 -1.382448983685146682e-01 -9.702403334884268649e-02 -1.843040727139479529e+00 1.308644296237822573e+02 9.562188166029533809e-01 5.954821116135458059e-01 4.703200109011786090e+00 -1.285293553046353843e-01 -1.090353345567995902e-02 1.094909110648659284e-01 -4.419754276235295265e+00 1.587537299821750736e+00 8.611594678884394227e+00 3.227503691474864667e+01
1.154928596527964962e-04 -1.564767740345202583e+03 -1.494934784928729221e-01 -7.693587647680158459e-02 -2.100845719890969576e+00 1.690689567012037742e+02 9.850458273083069205e-01 6.007398112139554769e-01 4.714921045695407820e+00 -1.803171596097437046e-01 2.198873197411832514e-02 1.260760731728403361e-01 1.655969070714803593e+00 1.180044022379478363e+00 9.146374919924205926e+00 3.245620622965006419e+01
1.125429171558585238e-04 -1.564793614417338404e+03 -1.296476030717638728e-01 -1.082189675478642810e-01 -2.143833147344063050e+00 1.105952160462603331e+02 9.291054552810945610e-01 6.043245198210978053e-01 4.706086516510264772e+00 -1.762680706096986238e-01 4.125333869539238307e-02 2.878997941461940435e-01 5.234571959794209306e+00 2.313077828862697416e+00 8.751802641805417338e+00 3.920687761197682875e+01
3.124854704557948593e-04 -1.563772391078511419e+03 -9.884029901685295605e-02 -7.347756169028389628e-02 -1.646112988084786011e+00 1.358969647025108998e+02 9.139778862757763633e-01 6.222557113747311242e-01 4.709841967355073322e+00 -1.524067805654649721e-01 -2.366849631537570886e-02 4.181465586945336543e-01 -2.757796599327548392e+00 2.136708342701520991e+00 8.591561043266748854e+00 2.681745802163171177e+01
1.060342137211698797e-04 -1.564853187239078352e+03 -1.103848132980523034e-01 -5.870238077689199363e-02 -1.700506500755966099e+00 1.024094534019520069e+02 9.329377990209327676e-01 5.951311019588676476e-01 4.706616378054361505e+00 -1.448336543662627207e-01 -1.928528731736900426e-02 2.030060060139797506e-02 -1.002132233229147573e+01 2.100564968119056353e+00 8.817047301779679103e+00 3.333856048030170172e+01
1.877170796595641338e-04 -1.564282013118155874e+03 -1.174588222404341770e-01 -9.859273058426656910e-02 -1.847447542361483119e+00 1.307103217135114619e+02 9.434325840925688045e-01 6.007048563093799753e-01 4.711292880724347043e+00 -1.631185420611693804e-01 -4.232144116991243266e-04 1.615126370886517948e-01 4.376904566892733328e+00 1.723346877099518615e+00 1.004168237582248047e+01 3.020280235341099484e+01
1.516812777822874609e-04 -1.564495167589396715e+03 -1.378097225167318751e-01 -1.308483227159753792e-01 -2.225249930041598212e+00 1.262873796142464329e+02 9.130170718065308000e-01 5.942797871481139138e-01 4.701283271373435824e+00 -1.570669157279218631e-01 5.475199739995884052e-02 5.561211471796154715e-01 1.058785354024962544e+00 1.762021548699199691e+00 9.590756277528811324e+00 3.057100743711360735e+01
1.526030086899386230e-04 -1.564489109217223813e+03 -1.131101239012375637e-01 -6.547932954686390417e-02 -2.020855721941553718e+00 1.291912877777969584e+02 9.597052010946033329e-01 5.957558768018329509e-01 4.707671615446878732e+00 -1.539353604819289068e-01 7.645248244683156003e-03 1.948917466275116306e-01 5.483416952374284392e+00 2.506144499196505393e+00 8.383641573118438828e+00 3.122845885818181699e+01
1.394337198742751039e-04 -1.564579359690061665e+03 -1.402646774163112120e-01 -7.793618960389593620e-02 -1.720259998180131422e+00 1.060235336251831342e+02 9.805156191955970435e-01 5.830679022916056553e-01 4.710337137845217903e+00 -1.539827030165668020e-01 -3.076987719748691674e-02 8.835301275674437016e-02 -7.972864834477775275e-01 3.103356578650684483e+00 8.140620947210575054e+00 3.016117360279080373e+01
1.046020218888207246e-04 -1.564866786170900468e+03 -1.290412661701783037e-01 -7.139789182495669129e-02 -1.978379730888244259e+00 1.238150973224551024e+02 9.590682039694434780e-01 6.087503997920227228e-01 4.707486853127065274e+00 -1.575300831261148282e-01 3.503462547559332840e-02 2.661264098742049944e-01 -4.727673347750595667e+00 3.323039246702408356e+00 8.589225662783750437e+00 3.478842876641608228e+01
1.343032998971906903e-04 -1.564616848377749648e+03 -1.194240684458502400e-01 -9.535753235484240031e-02 -1.754299899984721689e+00 1.172584021327761974e+02 9.195211236855367343e-01 5.945093131975180967e-01 4.704010358176614837e+00 -1.547671350129764534e-01 -2.286094394489190940e-02 9.475848405635164950e-02 3.146962768229144558e+00 1.328430437859684510e+00 9.458952866333358855e+00 3.118592391971419886e+01
2.176808848314847370e-04 -1.564133918892772044e+03 -1.364123620516937696e-01 -1.019313989221188321e-01 -2.319692493452032434e+00 1.096974600040723828e+02 9.841884548644684871e-01 5.880363058249427066e-01 4.707797908685041222e+00 -1.493189319528904768e-01 6.797813251022533088e-02 4.691515343581974945e-02 -2.646851498509761313e-01 1.327031171970860512e+00 8.064407355440671665e+00 3.327578788687380040e+01
1.459112733929802442e-04 -1.564533950331578126e+03 -1.226389527534794688e-01 -8.746469696570642605e-02 -1.747292691756639149e+00 1.120172709473272477e+02 9.556178539204980282e-01 6.172052548345453582e-01 4.720316018614413522e+00 -1.578193781357160042e-01 -1.052746910632151867e-02 4.383637320839585683e-01 -3.497642214307632003e+00 2.835963644442496268e+00 9.167310975376263826e+00 3.373526634629264720e+01
2.356220778831942802e-04 -1.564054719895496874e+03 -1.341417456958926835e-01 -1.042819950274004176e-01 -1.922701985628468613e+00 1.398068952917067236e+02 9.275502342011104906e-01 5.950056702239532314e-01 4.708264092586977867e+00 -1.646492586433356831e-01 4.835117537441924185e-03 2.408395293417401606e-01 -1.557291910047524652e+00 2.937377775637073363e+00 8.589529628447611032e+00 3.606319521183731780e+01
1.499723068191847575e-04 -1.564506498396219285e+03 -1.243736454803149039e-01 -9.399408393663986894e-02 -1.557165091629770348e+00 1.240337259533920502e+02 9.609428795036530913e-01 5.859990857289383293e-01 4.698289332736245605e+00 -1.548309183902865094e-01 -5.777446369502925450e-02 3.989252897194485725e-01 -4.032034618691199057e+00 2.774005136513268965e+00 9.049232345639923736e+00 3.316078274992395336e+01
1.705884089571991060e-04 -1.564377695362122722e+03 -1.380845456473513144e-01 -7.753169926104452880e-02 -1.944677530744951754e+00 1.253303796101493219e+02 9.561818477340641165e-01 5.902006074274205316e-01 4.707653279179609740e+00 -1.792039958922839737e-01 2.430818522166622309e-02 7.759195611021628414e-02 5.790646271861675132e+00 1.289453383519933993e+00 8.849160589168292290e+00 3.479278046034450966e+01
1.269165076502823549e-04 -1.564673419601878777e+03 -1.338502981231562694e-01 -8.804096667306512969e-02 -2.211262356699188025e+00 1.192065122581946355e+02 9.567261643487257050e-01 6.008202642968032414e-01 4.709540358606871813e+00 -1.579049118259723272e-01 4.414563696675699589e-02 1.021848386511723106e-01 -5.489785295411479638e+00 9.225145490407982152e-01 8.163805696272397938e+00 2.785545336322270416e+01
3.554348396919761199e-04 -1.563643607111627944e+03 -1.213869971428256367e-01 -9.025875078288791986e-02 -1.814313337244756408e+00 1.574140732785151044e+02 9.765117082952678995e-01 5.989509338216757461e-01 4.705163190732280398e+00 -1.786517852136468854e-01 -2.446924350396617598e-02 1.563673001811089966e-02 1.636159930607732349e-01 3.057154773541514992e+00 8.332015687814052995e+00 3.148466526569582058e+01
1.385781630867623704e-04 -1.564585514531209128e+03 -1.383363414729555096e-01 -9.906211456334090837e-02 -2.208859641200951351e+00 1.223376340939410483e+02 9.365413145800920436e-01 5.982399241465725659e-01 4.703373075769842870e+00 -1.683338471957758209e-01 3.499235136046729977e-02 5.560242967369057876e-01 2.110542388751696308e+00 3.413680610503289081e+00 8.582623866183913819e+00 3.294453717729983566e+01
1.118639452622781019e-04 -1.564799665693650923e+03 -1.433955551565488096e-01 -9.481324952204199519e-02 -2.208521540888872536e+00 1.288079327264607628e+02 9.581989239410048098e-01 6.088994096876283457e-01 4.717287068034661246e+00 -1.496939460250050757e-01 4.534177785824011764e-02 4.468957451668038594e-01 -2.677376524679601744e+00 3.832999742678810939e+00 8.388503706412087979e+00 2.947857920555818723e+01
1.750846112757710145e-04 -1.564351679701982675e+03 -1.416488234246483235e-01 -7.909392230878072028e-02 -2.200066678203584924e+00 1.370104034544107208e+02 9.723480850475477721e-01 5.846652373161673744e-01 4.699334784078629923e+00 -1.454362112948386354e-01 7.634909458302563401e-02 1.241201865151489725e-01 -4.141578932561145621e+00 2.992208391471518070e+00 9.233991094051209103e+00 3.290466855673746238e+01
1.244425304435657794e-04 -1.564693105045595075e+03 -1.165745778468922078e-01 -8.471223297129205909e-02 -1.961993381445754414e+00 1.834814466679520422e+02 9.831032540989192992e-01 5.920059636731491715e-01 4.717419513763537964e+00 -1.522592230915478240e-01 2.035738832848488222e-02 1.713001177039277095e-02 2.056679969761177063e+00 3.515682138937270551e+00 9.184929485176574815e+00 2.561504073216369548e+01
5.029229256299835166e-04 -1.563296512123070443e+03 -1.417491014303315922e-01 -1.054350626420549608e-01 -2.244410647328449748e+00 1.000387163914792126e+02 9.153746248187125678e-01 6.161387365495675228e-01 4.705041281171152612e+00 -1.369455035792352948e-01 5.987986210104168094e-02 1.349323782853429354e-01 -3.096248965281375831e+00 2.525848638248895384e+00 9.272841777669738050e+00 2.967179812646347870e+01
2.175945431576549655e-04 -1.564134315614798652e+03 -1.359660985106409536e-01 -1.146644400103626060e-01 -2.170771291259227631e+00 1.002718147772183528e+02 8.963930149497069122e-01 6.174746427083315226e-01 4.713101104389099127e+00 -1.668084367286004621e-01 2.508440912460430106e-02 3.268313035268124445e-01 5.916149377154908962e+00 2.506215739670580867e+00 8.673265381756944947e+00 3.106842744871784845e+01
1.116035913207991787e-04 -1.564801995822342178e+03 -1.008355166319272883e-01 -1.195892124761843561e-01 -1.898370454136512953e+00 1.245096670462456530e+02 8.760653485614300351e-01 6.136625453627198024e-01 4.707153331930826745e+00 -1.471060959124252943e-01 8.002480897070674004e-03 8.269187737976828600e-01 -3.808259770545191714e+00 1.556968428789051728e+00 8.993936815031467802e+00 3.414645433497187810e+01
1.052282154800396438e-04 -1.564860817579738068e+03 -1.130985241052494261e-01 -9.186452428087557576e-02 -1.947748538005299457e+00 9.650616268561876154e+01 9.425969684315639308e-01 6.008276619353491999e-01 4.712409465893001581e+00 -1.430926528865983371e-01 3.044241532838887210e-03 2.170916360392397826e-01 3.303964917531061474e+00 3.951113056411048596e+00 8.455814628654634291e+00 2.994386988775399416e+01
1.145014038221482130e-04 -1.564776361968690935e+03 -1.356742718542683634e-01 -1.047511143072352713e-01 -2.209197446891558503e+00 1.346851875270829169e+02 9.705532290045766342e-01 6.010983474562811013e-01 4.718355917568466396e+00 -1.314623155735956672e-01 7.314733774646864362e-02 6.134038889915827825e-02 4.200918582107220800e+00 2.431905484052476751e+00 9.054190240437520742e+00 3.485194346426412437e+01
1.638428215768982638e-04 -1.564418041488823974e+03 -1.372196662052301563e-01 -9.705057583363674301e-02 -1.850424178108860618e+00 1.467177070177208691e+02 9.390078656056612960e-01 5.868962473980564587e-01 4.709915915456481805e+00 -1.533726673055491041e-01 1.357239552353117773e-03 3.323962292088279424e-01 -7.666002148442032649e-01 2.730200431195650701e+00 9.041590497295249662e+00 2.889154309681318722e+01
2.463627115014335863e-04 -1.564010144165050406e+03 -1.438715601654406706e-01 -1.265835506560046009e-01 -2.325844518903935398e+00 1.227313844043430748e+02 9.125109267647771860e-01 6.153222841337392390e-01 4.708982848884995853e+00 -1.330144524155114638e-01 6.210979056991283720e-02 3.532514988094686559e-01 3.404319409891087389e+00 1.592910341608910763e+00 8.070460634119314136e+00 3.242771908337116571e+01
1.778168572010037211e-04 -1.564336194923575476e+03 -1.351574471360758867e-01 -6.629135587767392979e-02 -1.658367189308984191e+00 1.170449513395196988e+02 9.600925540045605056e-01 5.868775569344684140e-01 4.709795841312041986e+00 -1.421273222113277335e-01 -3.340183306188215795e-02 1.770251919100234161e-01 -2.921333391102166388e+00 2.538843060495121762e+00 9.169090047510209729e+00 2.552833638102047686e+01
1.145512404798886013e-04 -1.564775926814068043e+03 -1.442520266022431219e-01 -6.716219524579633560e-02 -1.640534613577414591e+00 1.204605074510588025e+02 9.581568818370538310e-01 5.958376708621291318e-01 4.704853020148722642e+00 -1.416978028840401027e-01 -6.374170603627327125e-02 7.727144727287993398e-02 4.588875124906337533e-01 2.137607340474079187e+00 8.913058440511489877e+00 3.172599299144851415e+01
1.208189233680596604e-04 -1.564722656128435347e+03 -1.287253043363752736e-01 -7.204721500080386865e-02 -1.615012871215144141e+00 1.367112132938678144e+02 9.582318538197426294e-01 5.942420647479762508e-01 4.709731200231242809e+00 -1.431318449984346763e-01 -2.063270147437590296e-02 3.150988194478709370e-01 2.558969165066741880e+00 3.589305627838323964e+00 8.846609144904205024e+00 3.463526365789360284e+01
1.036719461254739365e-04 -1.564875717502595762e+03 -1.386220323253650188e-01 -9.928240153289852321e-02 -2.267580824623557145e+00 1.043155091354046107e+02 9.292670535905980245e-01 6.135145337285545786e-01 4.706683242921910093e+00 -1.196672457733725103e-01 4.109690834943036108e-02 2.994651436802349687e-01 2.425129490628478379e+00 2.435185208626955422e+00 8.722370986928851266e+00 3.347944610417674483e+01
1.120546470781482199e-04 -1.564797962379424234e+03 -1.160419002609189565e-01 -1.035290433230892371e-01 -1.959131409893470455e+00 1.151257946206066123e+02 9.552534270125442317e-01 6.054709723366233920e-01 4.711991703458111580e+00 -1.678739180746435800e-01 -4.029016727938650178e-03 4.381346540759247232e-01 1.555087106699602373e+00 2.300193336419731338e+00 8.903717630477260059e+00 2.674123840076914149e+01
1.153843748368870527e-04 -1.564768680107185901e+03 -1.178512748481960748e-01 -1.108427029757950988e-01 -1.968918825794616190e+00 1.343444703628113359e+02 9.053264010290357211e-01 6.308504171998523535e-01 4.718117001430249147e+00 -1.550540415706218589e-01 1.988183309906466079e-03 6.649116696078785083e-01 -6.549710940236366241e+00 2.893741033783703287e+00 8.551840643573726197e+00 3.365344401602410329e+01
1.234230321816309501e-04 -1.564701331311481908e+03 -1.096686933164094102e-01 -1.041549596599425226e-01 -2.089768145569137481e+00 1.211219970924796598e+02 9.277227170623248975e-01 5.989134086437125637e-01 4.704576780704848638e+00 -1.356201480521814773e-01 2.676116099348990751e-02 1.815777203147191654e-01 -4.261232990208299043e+00 2.823722723871546769e+00 8.440476634586801197e+00 3.110332047088981611e+01
1.665432876932758941e-04 -1.564401693790289755e+03 -1.173544083689228301e-01 -7.798282240562282031e-02 -1.688981461431283471e+00 1.455695941689205029e+02 9.582789441912827888e-01 6.121702919895599670e-01 4.719881332711988620e+00 -1.618937427691826692e-01 -8.878244201442120342e-03 5.016093391649008998e-02 -5.470004886150775292e+00 3.040465052961405235e+00 8.793656305623343883e+00 2.739323854355835053e+01
1.135552499815868015e-04 -1.564784659549606204e+03 -1.361138623255600255e-01 -1.099260354096650294e-01 -1.766994022589463142e+00 1.352772618418220532e+02 9.619983729651850890e-01 5.848467782297448458e-01 4.703063172651189561e+00 -1.703462940915780877e-01 -2.870870382582690894e-02 1.802385729675109322e-02 1.578999704025335404e+00 7.882315253004978928e-01 9.496052865986648328e+00 2.946838294934273250e+01
1.597582421674796703e-04 -1.564443287365976175e+03 -1.456784475068889362e-01 -9.276636704893148622e-02 -2.017721387760621710e+00 1.417622360266726957e+02 9.464640386412325190e-01 5.908669744831906989e-01 4.704625991139213426e+00 -1.638655592282551865e-01 3.339485039039047365e-02 1.213186305320452379e-01 -3.472042683325753387e+00 2.987202925610943360e+00 9.426110008817101260e+00 2.754673024522413982e+01
2.472858300849409166e-04 -1.564006404177663626e+03 -1.225581876639954548e-01 -1.024326331700018411e-01 -1.922469172556396266e+00 1.552486479669508981e+02 9.450233831765355585e-01 6.062586470911280889e-01 4.709303119001695848e+00 -1.562214389776948043e-01 8.987320064890447213e-04 9.940975847532289578e-01 -3.556488424630998679e+00 3.507425400031904950e+00 8.541334800483134870e+00 3.180346805587275227e+01
1.740892405605654384e-04 -1.564357381007542472e+03 -1.063021628123517609e-01 -7.627619461407388057e-02 -1.592850418190763229e+00 1.147268160638175942e+02 9.272756222497370304e-01 6.019369587422707113e-01 4.715162766444649378e+00 -1.506659645184780238e-01 -3.549789718936358085e-02 4.961715500238298437e-01 -5.516212873792909477e+00 3.075459559837345758e+00 8.909759880201594484e+00 3.051006503835629502e+01
1.370858389580467305e-04 -1.564596341760707674e+03 -1.125797604390201267e-01 -7.480481596312217596e-02 -2.195952062762796420e+00 1.350715075279245525e+02 9.650778955680939797e-01 5.968583614637794632e-01 4.712239045352836442e+00 -1.608354112793484170e-01 4.345987742394341602e-02 2.573339360336651671e-02 3.416864965901851292e+00 7.427946114412220524e-01 8.348176055049227884e+00 3.283206656866977369e+01
1.268391386170854035e-04 -1.564674029393516776e+03 -1.278266914538876975e-01 -9.047311878462771517e-02 -1.942443709679303021e+00 1.173695572132718041e+02 9.567987941537735574e-01 5.963940929440545435e-01 4.715622945719534442e+00 -1.700525691596679323e-01 1.487324062199801844e-02 3.510274171664810594e-01 1.100808785871095097e+00 3.522664960861621175e+00 8.121883927209250231e+00 3.001980688474614567e+01
1.081123155754729910e-04 -1.564833778406291913e+03 -1.039126733448659801e-01 -1.294057532662489518e-01 -2.108463379196901855e+00 1.034004504210136730e+02 8.858522906213839310e-01 6.286369238035804941e-01 4.716825877874997630e+00 -1.612136452274719467e-01 3.088021357617720675e-02 1.671782645788088550e-01 -1.657816494404215746e+00 1.330796459870664528e+00 8.989033077677399675e+00 3.282483163717131447e+01
1.057910021233917985e-04 -1.564855483582350644e+03 -1.279261308377219186e-01 -1.212150536201486578e-01 -2.089467052198362040e+00 1.285157082113164790e+02 9.277446105175281010e-01 5.834199052800678187e-01 4.693766183490502897e+00 -1.687478135525048994e-01 2.857087680176140232e-02 5.190471440491237765e-01 -5.168871093981664444e+00 2.666989302933964190e+00 9.014480617601794421e+00 3.313058142306990561e+01
3.411641844392432040e-04 -1.563684585211361991e+03 -1.202165200392828204e-01 -7.014575803847418467e-02 -1.500127921960127342e+00 1.058036011764302486e+02 9.243878222726376048e-01 6.011928146047438304e-01 4.704539981146365513e+00 -1.407110937685067675e-01 -6.956152940224802350e-02 2.640672060801663723e-01 -8.643965271650955629e+00 2.329192974167337837e+00 8.622730085026342195e+00 3.124454488208749936e+01
1.333620805210087397e-04 -1.564623881212957258e+03 -1.115254881114626506e-01 -8.155850348782682502e-02 -1.524107658169961299e+00 1.257589330982207940e+02 9.669775163950681263e-01 5.972415524996286251e-01 4.709326897616087138e+00 -1.543143650882967677e-01 -4.052158347777323755e-02 2.977913979249458554e-01 2.098795385423386506e+00 1.998416314507367453e+00 8.469402097485257741e+00 3.161779089120031472e+01
2.914654159836725048e-04 -1.563842027694878880e+03 -1.285410621092541728e-01 -1.090790804510182732e-01 -2.154121418107818986e+00 9.395280993566161953e+01 9.035210919578059441e-01 5.966413834134947081e-01 4.709153760269900957e+00 -1.562407773671070643e-01 4.538122272377353994e-02 6.227738372195579936e-02 1.428777133612271655e+00 2.068345250992420503e+00 9.045582379805017226e+00 3.067218812419714169e+01
1.461801161430643632e-04 -1.564532109518492689e+03 -1.312334849246281354e-01 -9.237400823286273654e-02 -1.924820938593537090e+00 1.055094438885843431e+02 9.576402126252512303e-01 5.909162084846973917e-01 4.697555031090282718e+00 -1.609978891790377897e-01 -6.464581238784017359e-03 8.713245079310415198e-02 -1.102666392928284722e+00 3.362519964533072780e+00 7.750166165194194434e+00 3.416561679269381102e+01
1.203888580414855193e-04 -1.564726222064656667e+03 -1.306946043796657353e-01 -1.186634040766110093e-01 -1.906045001460340504e+00 1.329263632636753698e+02 9.662292862625190271e-01 5.920837871671602581e-01 4.701468961384062339e+00 -1.652938575554796508e-01 -1.566650738441088819e-03 2.430472631292841246e-01 -1.187007250808562731e+00 2.779123398328753325e+00 9.463983666293863450e+00 2.821131261148723723e+01
1.217952635159970094e-04 -1.564714607584935038e+03 -1.394253239095535335e-01 -9.230771964162881593e-02 -2.203172526117002761e+00 1.143455304089527260e+02 9.599009034567761445e-01 5.990925685656182109e-01 4.709464155033542987e+00 -1.449855405676183651e-01 4.268611111865139307e-02 3.291929853158416797e-01 2.038090632071941855e+00 4.414492702980776784e+00 8.622309747646660583e+00 3.250064299441091009e+01
1.042362781945404930e-04 -1.564870288824082991e+03 -1.128318602481401534e-01 -7.875006674256922190e-02 -2.079076046788260079e+00 1.139581113742412839e+02 9.668233050081429525e-01 5.794678952419587414e-01 4.698550464734609911e+00 -1.709437463047778216e-01 4.662341535984970697e-02 2.876029777962897382e-01 2.331518484085933096e+00 1.768348794348506559e+00 8.980268949155711056e+00 3.144503118920571794e+01
1.165576647746003599e-04 -1.564758562924914258e+03 -1.498254126148203524e-01 -1.167565714297519874e-01 -2.177343775344169341e+00 1.027222799369580883e+02 9.150992065642857831e-01 6.008114611984667341e-01 4.700497552372394416e+00 -1.712035616891705025e-01 3.283346270297449188e-02 4.505373992941833494e-01 3.932990454618277454e+00 1.464081407631434573e+00 8.892106499276630771e+00 2.890121994103345315e+01
2.323974235311204847e-04 -1.564068500113504115e+03 -1.363966693653127782e-01 -1.057678258133903232e-01 -2.328854863800211117e+00 1.017191587637446020e+02 9.170475340709119960e-01 6.147352224436561929e-01 4.714603496140044037e+00 -1.587564629550470841e-01 5.731899901955106458e-02 4.685106743414576558e-01 3.745711556109085905e+00 1.806435083007151832e+00 8.485725194241844349e+00 3.366295326528400977e+01
2.441179065520904701e-04 -1.564019297719913084e+03 -1.212775344412787698e-01 -6.792802372304974912e-02 -1.426891169176370378e+00 1.551094855424395007e+02 9.520712307628014237e-01 5.890839545054946669e-01 4.703963200008010048e+00 -1.454177218709082897e-01 -5.276832733205449877e-02 1.612590840711259632e-01 -1.935956854516405201e+00 3.157214869712765548e+00 8.505857957423422988e+00 2.947893047484573259e+01
1.170454082578989381e-04 -1.564754387087792566e+03 -1.350557540895955810e-01 -9.616066971436676436e-02 -1.975104855249055325e+00 1.264550278381719863e+02 9.230260623909782858e-01 6.044955503032436450e-01 4.704648602363905141e+00 -1.534945535630092284e-01 -2.025308990671437215e-03 4.252106803484683173e-01 -4.824812890728225057e+00 4.190583395761948715e+00 8.671215551583344450e+00 2.981883302404852998e+01
1.036785708622332906e-04 -1.564875653603678529e+03 -1.088301693881615073e-01 -9.989308293867033006e-02 -2.107408746203021987e+00 1.455740612877871456e+02 9.179806882456539308e-01 6.059191885061501193e-01 4.709466769733049674e+00 -1.396853862506137745e-01 2.679236786443861540e-02 7.509038110998559334e-01 8.466301734578962623e-01 2.243098293517542530e+00 8.968924685737400537e+00 3.480500360700767004e+01
1.034773925780484643e-04 -1.564877595892416821e+03 -1.100375969369587204e-01 -1.085711161608815811e-01 -1.684080472179354304e+00 1.252324772896121914e+02 9.068434244070348038e-01 6.042213630025183857e-01 4.700514045521616779e+00 -1.594951286235011256e-01 -2.579856374166733524e-02 8.211725084570642430e-01 -2.462158037531537502e+00 2.670685176916820502e+00 9.109545469028867970e+00 3.370905504281607534e+01
1.962205557789463721e-04 -1.564237709740906666e+03 -1.327449368276309716e-01 -1.006589421944112384e-01 -2.210951650758445908e+00 1.270690504168097732e+02 9.756436925366108737e-01 5.929107675083045148e-01 4.710480724380528450e+00 -1.452542486500185692e-01 3.993970429945448153e-02 9.746676975585109870e-02 7.224968885992097967e-01 2.750040681323118186e+00 7.583388183338590771e+00 3.432791499467091967e+01
1.610530699357385742e-04 -1.564435215114466018e+03 -1.286825800672727338e-01 -1.055692234899569260e-01 -1.986403556675284010e+00 1.151444526633128049e+02 9.513574199022614142e-01 5.977493191383340676e-01 4.707855107813074369e+00 -1.488223400151165166e-01 1.399172252644964587e-02 5.854656398828910202e-01 2.869567050134719466e+00 2.430512820036589972e+00 8.093823332311011143e+00 3.553429270012309615e+01
3.257462053622062117e-04 -1.563730830485054867e+03 -1.400764902376701315e-01 -8.521923231441999591e-02 -2.309094487782475280e+00 1.174904931509140198e+02 9.725139951572113750e-01 6.073317227467327495e-01 4.711189964652835904e+00 -1.272029475909346452e-01 5.727912966708026410e-02 7.099311738034194685e-02 -4.085834118884292820e+00 1.915376570075455476e+00 9.466405778522979375e+00 3.334184722711486160e+01
1.054737537216059732e-04 -1.564858486909990233e+03 -1.227082761451421394e-01 -8.227402443840385604e-02 -1.801772262178723549e+00 1.281342063100682367e+02 9.431174314873477238e-01 5.997918170677121186e-01 4.707183272774097205e+00 -1.241944319666870022e-01 -1.699067114598351580e-02 1.944546709193357148e-01 -2.091283456963992649e+00 2.259318806715704397e+00 9.260281045557094970e+00 3.436425726684444726e+01
2.084017487993451874e-04 -1.564177481350669950e+03 -1.395748614601168558e-01 -8.798661945633870496e-02 -1.873203806349273748e+00 1.298981054036004252e+02 9.693202108543904627e-01 5.865682705842062417e-01 4.700576530089827010e+00 -1.475071724485970126e-01 2.621200687787994532e-02 1.726919847665288055e-01 3.065859124132259694e-01 1.941745635586356045e+00 8.495162142669876459e+00 3.587784667521698623e+01
1.078167199537139408e-04 -1.564836516304006182e+03 -1.166559962277925744e-01 -1.044191379768354133e-01 -2.290243881942528148e+00 1.043669365147953982e+02 9.292300076149525578e-01 5.976528527880533570e-01 4.710059276828760133e+00 -1.465720556960836696e-01 6.661387436508836579e-02 1.437283772155041606e-01 -3.181548806864128665e+00 2.462464773761885439e+00 9.032522694170985744e+00 2.697287586140550886e+01
1.496700323101263577e-04 -1.564508515965648712e+03 -1.454820745675006466e-01 -1.084700720999154794e-01 -2.142448608635345142e+00 1.506088715165533074e+02 9.524541156053506485e-01 6.191880567676097957e-01 4.716128588287757495e+00 -1.499720360605403258e-01 2.782869744920923871e-02 3.528511138340459929e-01 -3.651834208579543883e+00 2.707248239156245795e+00 8.959959362707881070e+00 3.198641798269608216e+01
1.029709933425141858e-04 -1.563903354556269733e+03 -1.185605731797494677e-01 -8.754875375870571630e-02 -1.897735480827338561e+00 1.622565824789217857e+02 9.222438850946145239e-01 6.109629219050812798e-01 4.712260646306766887e+00 -1.733895206621143270e-01 -2.251098662804817963e-03 8.982423981175670091e-01 3.814212854248921758e-01 2.779681834671254848e+00 8.579778826072415043e+00 2.909480688654597458e+01
1.193708706802424941e-04 -1.563755566679761387e+03 -1.236033921414723818e-01 -8.944636400054455094e-02 -1.451320599853328064e+00 1.065780557759241702e+02 9.412298146317878977e-01 5.998828875865885868e-01 4.708565687427687330e+00 -1.393719551188714600e-01 -7.445375856288105609e-02 3.049368085945283052e-02 -7.109264723449399526e+00 2.336520625544125096e+00 8.959045560669288477e+00 3.553328655935183633e+01
1.369644090031112171e-04 -1.563618080783024880e+03 -1.327677019428476490e-01 -1.247012117307833984e-01 -2.212859454194660458e+00 9.434409948115660427e+01 9.205952512639279384e-01 6.170074153744040668e-01 4.710394107776748385e+00 -1.554171106482771236e-01 2.660997415933019639e-02 8.119316327739226069e-02 4.735057757073320772e+00 3.478423151375920064e+00 8.960475460534244263e+00 3.402550173155971436e+01
1.196564870662266056e-04 -1.563753176856900836e+03 -1.458403476128832532e-01 -1.189879615840726268e-01 -2.186957163222400524e+00 1.074111996796280550e+02 9.582265873279106616e-01 5.826836534204449247e-01 4.699715248800484524e+00 -1.397816602842447686e-01 4.647953959965400728e-02 1.044333630506741502e-02 -2.629358131491130735e+00 1.395835553492430492e+00 9.583112885429567740e+00 3.239134630822304928e+01
1.213868874406425304e-04 -1.563738819025209295e+03 -1.442995673834569226e-01 -9.558077060859132557e-02 -2.054701201127447696e+00 1.504519113100924130e+02 9.824557089784687891e-01 5.993324924463272474e-01 4.715441003888614091e+00 -1.378985012523405995e-01 2.275378796786586832e-02 1.338885128920442313e-01 -3.568452435468714157e+00 3.011013417017927019e+00 8.262973957366748223e+00 3.615893341215703316e+01
1.319563983582095325e-04 -1.563655330334251630e+03 -1.181660197387274236e-01 -7.242431779789899882e-02 -2.121355459975118762e+00 9.996751880733596352e+01 9.506492805599756624e-01 6.046000705627546656e-01 4.713663040062371579e+00 -1.367591350036674314e-01 4.983295764304473963e-02 6.454319382813318573e-02 2.848046332183287177e+00 1.108944784307341891e+00 9.266668222834507418e+00 2.804544709551037940e+01
1.065448083338367438e-04 -1.563869236254609632e+03 -1.295121761416876405e-01 -1.100040351143155570e-01 -2.047183871015026302e+00 1.346728003819009984e+02 9.336103417548446970e-01 6.084399872312972191e-01 4.713741026567166870e+00 -1.521568768901193636e-01 3.520142569330997340e-02 2.887861482154817638e-01 -4.839842347052098148e+00 2.359616525146157606e+00 9.047880710549737415e+00 3.672329574315380540e+01
1.322038233659024572e-04 -1.563653457038730949e+03 -1.498403134846661988e-01 -6.867070025307582537e-02 -2.326562236313028276e+00 1.546885395640679803e+02 9.860251134706521370e-01 5.841674481157892451e-01 4.703337092969567479e+00 -1.410101404739925179e-01 8.103008832004654494e-02 1.554722830954591295e-01 -4.166165794603642780e+00 1.445287241376602694e+00 8.721044494950147552e+00 2.951492382044318319e+01
1.154947125701533573e-04 -1.563788577136503136e+03 -1.248445807969564281e-01 -7.980222331740165209e-02 -1.625055084437521336e+00 1.070814093509229110e+02 9.390613774041589590e-01 5.950877352243885143e-01 4.697613346297828230e+00 -1.656693878772594886e-01 -3.159101241185613418e-02 2.579557781436820491e-02 -1.594816905532752571e+00 1.691041335896037445e+00 9.009261756724784576e+00 2.602137295300832420e+01
1.243640577169884327e-04 -1.563714588673350136e+03 -1.367447977192094710e-01 -7.745100577995168989e-02 -2.027449597589138452e+00 1.016820319394743848e+02 9.537481864581546231e-01 6.161663056691655260e-01 4.714229974349911423e+00 -1.440786537408951240e-01 3.413046050802193143e-02 2.074117152365581584e-01 -3.000417978051501677e+00 1.280484431722572758e+00 8.550558885788927199e+00 3.058047109178951928e+01
1.314452796242766407e-04 -1.563659211246319956e+03 -1.401701681138113054e-01 -8.726057541223054825e-02 -1.690072355722023412e+00 1.506406285590123275e+02 9.716999277568363347e-01 5.810097483813851937e-01 4.704777243489969507e+00 -1.469963821287851857e-01 -2.910882169976725109e-02 3.755009568577817314e-01 2.913428965751364785e+00 1.269405653093191866e+00 8.861779925598112229e+00 2.974102412288548436e+01
1.022634610454987417e-04 -1.563910249452178959e+03 -1.249671179401252996e-01 -9.573565370186137846e-02 -1.880097955007630217e+00 1.273374988272441612e+02 9.315664077221511574e-01 5.948438429298872343e-01 4.704039367201195532e+00 -1.504442341800338312e-01 -2.205532411027322226e-02 4.482540514817520694e-01 -6.105298149589941659e-01 2.954568731811657578e+00 9.481662221731079754e+00 3.440068784360139631e+01
1.155405039496385384e-04 -1.563788180734770322e+03 -1.251310175946101777e-01 -8.802946106578217467e-02 -2.211370713395205634e+00 1.302093427962421401e+02 9.502769072473339351e-01 6.095737112402683788e-01 4.714420747756433272e+00 -1.397066531571762305e-01 3.801851337999928582e-02 1.774168166105578523e-02 5.494213158958245913e+00 1.051216498766271989e+00 8.523480002630922314e+00 3.060218656854774011e+01
1.116547129780164006e-04 -1.563822390697334868e+03 -1.120005157595881234e-01 -1.142929729367248015e-01 -2.063453397589630534e+00 1.275446042898615389e+02 9.035117660019846841e-01 6.069581240534684952e-01 4.707375378596941218e+00 -1.680940751566268876e-01 2.454387495110887940e-02 3.670004614069071747e-01 3.357249160201263294e+00 2.623758296470546370e+00 8.519625918166685352e+00 3.635934062322387916e+01
1.226304265376888867e-04 -1.563728626716786721e+03 -1.335517458128011037e-01 -6.686078059983033284e-02 -1.925773010736137492e+00 1.377076669709458372e+02 9.765790972176244811e-01 6.133278946495231976e-01 4.712760343202740287e+00 -1.689508740779137597e-01 2.026201643279934572e-02 1.125795205680537869e-01 -1.844227431928118222e+00 2.286955159985337716e+00 8.782098850035669813e+00 3.267861640684710522e+01
1.405718408392601503e-04 -1.563592083206011466e+03 -1.231507592664692896e-01 -7.115536502427040333e-02 -2.155631793227235526e+00 1.109085173361923751e+02 9.605866682859214301e-01 5.909502986980179617e-01 4.705240936252452322e+00 -1.395258537214298933e-01 3.750687384680251313e-02 8.744300995096250528e-02 3.080783930085004840e+00 1.663686872518277404e+00 9.446565773518322828e+00 2.643893633467353510e+01
1.214941865660625113e-04 -1.563737935472360732e+03 -1.156894126343541163e-01 -1.126044976715031287e-01 -1.911481501123818205e+00 1.206819983451483296e+02 9.344036951951509851e-01 6.116444851523248349e-01 4.705351928371603876e+00 -1.488813407050981752e-01 2.239345462762099004e-02 1.868114430888788702e-01 1.499212485091305780e+00 2.679501442418019685e+00 8.969340715381580509e+00 3.193262575579036877e+01
1.285338221948157137e-04 -1.563681609809359770e+03 -1.334520704102292177e-01 -9.488353311002095669e-02 -2.343502972733596756e+00 1.194680550074633771e+02 9.650018769903280225e-01 6.020693262230281118e-01 4.707322411743251500e+00 -1.470707408886917644e-01 7.739397245122181523e-02 2.775769868247258687e-01 6.671730145784010801e+00 3.104163110797530933e+00 8.882465468495027494e+00 3.192207381928635712e+01
1.187891268183391457e-04 -1.563760452009162009e+03 -1.210907742432457967e-01 -8.078262172341998948e-02 -1.870672151470809563e+00 1.161414640314491891e+02 9.652211481054449038e-01 6.001412064122070289e-01 4.702880770570097013e+00 -1.518938868076884496e-01 -3.339203137275648103e-03 2.506608172595476414e-01 3.241941671843704853e+00 1.336668544565600136e+00 9.369257176984667979e+00 3.214920956650679784e+01
1.118185363285766353e-04 -1.563820924540822489e+03 -1.294401331782242814e-01 -1.148877385173530524e-01 -1.974665822649110503e+00 1.199439910486434968e+02 9.447301526801280547e-01 5.937913822732209246e-01 4.708852310630742721e+00 -1.500405417299315314e-01 1.861721901445578808e-02 2.844777228610908398e-02 -2.491889921228107596e-02 2.106346791134305896e+00 9.791926470432921192e+00 2.782155027477784159e+01
1.045758054034129017e-04 -1.563887889667822947e+03 -1.404678187451441074e-01 -1.172332636264876021e-01 -2.325449830385937666e+00 9.968636956850325248e+01 9.042888438310102694e-01 6.221603361484182582e-01 4.711034481700147047e+00 -1.327478726346487115e-01 5.251633023713475623e-02 5.754698255281470026e-02 2.674653900938466222e+00 3.418465808643800230e+00 9.191302838510218010e+00 2.872016730397375284e+01
1.038978192873657040e-04 -1.563894393977490836e+03 -1.142216055005841197e-01 -7.616728569089512013e-02 -1.808846224232677713e+00 1.180086848625879554e+02 9.181399333891401282e-01 6.122889915858085175e-01 4.708247407735933976e+00 -1.485918652650550786e-01 -1.069822559073085877e-02 4.989832740649029486e-01 -8.815200733313616865e+00 2.257328262994517942e+00 9.196992521871338866e+00 3.162922568611437057e+01
1.112647365461695115e-04 -1.563825889511193509e+03 -1.394681773357873411e-01 -8.826769102190501481e-02 -2.223967690101625205e+00 1.300792358222136613e+02 9.468426677651095025e-01 6.025611291026435890e-01 4.703091724298211318e+00 -1.588284119684093554e-01 5.152612432635117479e-02 8.936525600776888678e-02 8.285356317498695944e+00 2.836541659315461317e+00 8.853380697202094751e+00 2.917491841355379734e+01
1.061680476345559717e-04 -1.563872778692997372e+03 -1.155532881157047831e-01 -9.539573572858656147e-02 -1.850009791483874011e+00 1.448396170593276793e+02 9.582152771979240979e-01 5.949710005766730703e-01 4.712164913505706210e+00 -1.602000665722835837e-01 1.139880537655901804e-03 2.393147767714506047e-01 -1.111440627097692868e-01 1.323522226076900843e+00 9.596009029298468107e+00 2.628029241159102014e+01
1.179899545811936298e-04 -1.563767202396629727e+03 -9.203684920354471277e-02 -7.130111658884286108e-02 -1.609575897869542915e+00 1.162883533246863834e+02 8.872035477088061617e-01 6.087368633041854160e-01 4.703048650282259935e+00 -1.447213586137405805e-01 -2.360298459179821506e-02 2.713910428283469178e-01 -2.563710254480696449e+00 2.436138475212956678e+00 8.815903121864089087e+00 3.143328139826717660e+01
1.113341142479987584e-04 -1.563825266168316148e+03 -1.122630149052029902e-01 -5.964107299895944625e-02 -1.445057393924027433e+00 1.229955623681400994e+02 9.491265783330787853e-01 5.925840384723035648e-01 4.701268585908461972e+00 -1.536991644227250209e-01 -5.746967867904562155e-02 4.849270200997977953e-02 1.153953229458267060e+00 2.995861608927397057e+00 9.230442220161227951e+00 3.273839689695723365e+01
1.156001648199196256e-04 -1.563787664504788609e+03 -1.267651388538929280e-01 -8.651944798235457201e-02 -2.131753675891578936e+00 1.074474131402850645e+02 9.699183947848012410e-01 5.986705567808024986e-01 4.711822303136044887e+00 -1.364727621045440653e-01 5.200722760503317943e-02 1.001622702051517544e-01 8.843307768912012534e+00 2.246198589495707054e+00 8.925917627288448841e+00 3.019557281445372965e+01
1.155318847571359654e-04 -1.563788255336435668e+03 -1.000080950392893964e-01 -8.303794676056704127e-02 -1.783552152892911025e+00 1.342717193972452776e+02 8.814177482215042048e-01 6.200528299912310137e-01 4.708397521294385157e+00 -1.485243508902662768e-01 -1.522962262749505413e-02 9.141644371383940149e-01 -3.907376372743073034e+00 2.359722989050405673e+00 8.394016523805337471e+00 2.996503985605924925e+01
1.356091405558352495e-04 -1.563628025105340384e+03 -1.310495157480332240e-01 -1.014211854718153893e-01 -2.302296578028491414e+00 1.095016966723858474e+02 9.345755201020553571e-01 6.146952538861397697e-01 4.711841822394723600e+00 -1.469054084286964823e-01 5.801376135484836993e-02 2.860029269587212597e-01 4.250726892982527261e+00 2.748224904213780739e+00 9.801909403324815528e+00 3.572950397229812580e+01
1.285290908578002353e-04 -1.563681646620091897e+03 -1.453491387608150109e-01 -6.847690423615630795e-02 -2.109053293976465682e+00 1.322467344318519054e+02 9.519238056747347798e-01 5.929097104448088906e-01 4.706082845426756478e+00 -1.624231822884927290e-01 2.730021136818505667e-02 9.734255064085035880e-02 -3.785896967501628296e+00 2.260670778866491482e+00 8.929617781814002342e+00 2.912507844563261372e+01
1.229220142504918996e-04 -1.563726251762997435e+03 -1.432342050048183157e-01 -9.364049703581231454e-02 -2.226956261469237308e+00 1.449731045161652219e+02 9.728571898289249953e-01 5.975371904663885347e-01 4.702836039817954727e+00 -1.303538568511497520e-01 6.343165454030530448e-02 1.735931976455331038e-01 3.559755149564324483e+00 3.093374635424583907e+00 9.164864954577245371e+00 3.420881747974280529e+01
1.369775591382368365e-04 -1.563617984776303274e+03 -1.216169282847975597e-01 -9.608807954535596163e-02 -2.194132667445844120e+00 1.407382658462776135e+02 9.633359426203337295e-01 6.075120075739735004e-01 4.711566194271364694e+00 -1.487259875034079304e-01 6.674729176617399951e-02 1.214919483446159909e-01 1.754498790309099832e+00 1.837098229517386550e+00 9.587103710335775020e+00 2.745248494269780792e+01
1.179626219464602685e-04 -1.563767434075683695e+03 -1.316553338214561941e-01 -7.591288743294184738e-02 -2.210675103951977416e+00 1.156148009495460087e+02 9.696426398089843524e-01 6.066105959445781126e-01 4.722338230221405198e+00 -1.631698885109857944e-01 4.807845007322764097e-02 9.917633632597187832e-02 -9.256006665448239801e-01 2.576500317046592770e+00 9.253009285146163165e+00 3.286936520213868107e+01
1.053531195591099462e-04 -1.563880484135609777e+03 -1.209902576539414465e-01 -1.092767152652670826e-01 -1.937646922095958457e+00 1.292304701940709037e+02 9.527978151308732491e-01 6.101042387356676588e-01 4.719702229562567908e+00 -1.454591411325198980e-01 2.221094695443381895e-02 2.738239644090605940e-01 2.761819190073453001e+00 1.970706003271760487e+00 8.523490480400020886e+00 3.042601380567388958e+01
1.149947814779116287e-04 -1.563792915137923046e+03 -1.167404539554406095e-01 -7.488992849009558361e-02 -2.123653714514923241e+00 1.427467704362917686e+02 9.746711900586664257e-01 5.883261391810531427e-01 4.715808763797029179e+00 -1.514694134398624215e-01 4.695781044505609181e-02 1.026614154783536681e-01 3.126030883043426911e+00 1.493205917070250521e+00 9.248549179956210509e+00 2.978779666595565701e+01
1.147089288564662435e-04 -1.563795404020393335e+03 -1.393698288240233507e-01 -7.225002959203875863e-02 -2.363941581289238147e+00 1.543379705231496075e+02 9.690464673384496797e-01 6.134971624691893943e-01 4.713292889020433307e+00 -1.345908722059174778e-01 8.209632341375194819e-02 6.980828478086179012e-02 5.470255294549730252e+00 1.510988705797799980e+00 8.319643805081543775e+00 3.122166656862113143e+01
1.336672427122480246e-04 -1.563642448438606607e+03 -1.369433805057980458e-01 -7.376947700241778816e-02 -1.689012339945427321e+00 1.402540692035078678e+02 9.358402190522615571e-01 5.995700400187898849e-01 4.704708932066303362e+00 -1.440559510273566879e-01 -2.830789448226234128e-02 3.622632218938457438e-01 1.014123788839469853e+00 3.448037212322563327e+00 8.522774846342562327e+00 3.389893585590064617e+01
1.136312730500207415e-04 -1.563804843127468985e+03 -1.228626274661476364e-01 -7.690654039590232027e-02 -1.759724434788337621e+00 1.477243169075198352e+02 9.519257244664253159e-01 5.915758224526977971e-01 4.702904623874804457e+00 -1.523060232061852481e-01 -1.902927751847993676e-02 3.149492130683623214e-01 -9.411010796033480119e+00 3.762303015016787988e+00 8.835441601620974694e+00 2.717885367229011706e+01
1.251838713091071777e-04 -1.563708018259845858e+03 -1.300414792382973417e-01 -1.121595566817666784e-01 -2.134288883616844767e+00 1.183623470277516674e+02 9.261590801362354908e-01 5.818281380706364914e-01 4.696409611007965168e+00 -1.488088606154416293e-01 4.000137485982335761e-02 3.013357483271568715e-01 6.049957770877938401e+00 2.351646375588156701e+00 9.208559884540834517e+00 3.105158938184604622e+01
1.125626119474774163e-04 -1.563814292269331872e+03 -1.150239779863169026e-01 -8.635955462067788913e-02 -1.958651414633544974e+00 1.297656218879243681e+02 9.563962741595489758e-01 6.052523033924068763e-01 4.716306764709934818e+00 -1.588590874330551017e-01 1.182209633266362303e-02 1.003311770784349848e-02 1.020903844919999415e+01 1.847579911211316706e+00 8.855536673282093929e+00 3.188483100583927410e+01
1.042618606158672503e-04 -1.563890896261700618e+03 -1.162933118798333831e-01 -1.054030809636993526e-01 -1.980987217724903049e+00 1.192564165519490160e+02 9.137579895962738563e-01 5.980618151533764193e-01 4.705261479841658101e+00 -1.681831393692880816e-01 2.214687519665448079e-02 4.635818232239571346e-01 7.188437042155186418e+00 2.249275689732210814e+00 8.465554504646700451e+00 2.891656672470510614e+01
1.218955230383716309e-04 -1.563734637577501417e+03 -1.067955550101251511e-01 -8.545819777953445051e-02 -1.769673230076061587e+00 1.376527175630617421e+02 8.944633309453164927e-01 6.204724127443876913e-01 4.714288754219833066e+00 -1.586546725116098067e-01 -3.734850663679845084e-03 6.812747544733439575e-01 -2.696815205708048779e+00 3.525947957882524797e+00 8.509749939156762366e+00 3.137742458065573459e+01
1.302487611444194280e-04 -1.563668355717582699e+03 -1.074918012607359863e-01 -1.238635822904919498e-01 -2.167431074704547989e+00 1.107705876457070389e+02 8.844905280324936170e-01 6.249856200814676299e-01 4.706473939742197743e+00 -1.465483496919137707e-01 3.911723338183081822e-02 7.719850567479427106e-01 1.292215966397264992e+00 3.096977223304708815e+00 8.748069212845543063e+00 3.432115380580669495e+01
1.242825838111424148e-04 -1.563715244012254061e+03 -1.416174967200561075e-01 -8.339266982999152256e-02 -1.650934217808883497e+00 1.405506993678209824e+02 9.802834191116011064e-01 5.874642544440560332e-01 4.701593666305898367e+00 -1.718302202099701859e-01 -2.923578355504297122e-02 5.912146733589768860e-02 -6.249377056701916899e+00 1.322676798792055131e+00 9.102798822583801908e+00 3.142672140669688829e+01
1.056158783790858545e-04 -1.563877993163396695e+03 -1.384011487170855037e-01 -7.265365555489385063e-02 -1.668121784133421048e+00 1.115103871923473378e+02 9.490776797950366550e-01 5.995262479359115826e-01 4.711234912959334054e+00 -1.480589348397405303e-01 -1.586098999682827859e-02 9.543367601683808155e-02 2.136649107183814067e+00 7.689078823547301766e-01 8.784308135270091356e+00 3.215258282524091271e+01
1.290409670676659348e-04 -1.563677671958690098e+03 -1.166530404233729334e-01 -1.057146381555659626e-01 -2.205755912296059496e+00 1.222492647926850253e+02 9.495784950557161208e-01 5.925961491143439952e-01 4.696763555263903100e+00 -1.650792964508609462e-01 5.173417505857624832e-02 1.892648426166731457e-01 2.866400540919897821e+00 2.780057850179873391e+00 8.753400478391126782e+00 2.857004956091691028e+01
1.109459067912975567e-04 -1.563828759130477920e+03 -1.477390085390133390e-01 -7.018715768126615462e-02 -2.254396214303281187e+00 1.329846634286564324e+02 9.578183839201447336e-01 5.827621143124817049e-01 4.699724989099223649e+00 -1.631881007571132081e-01 5.321582420769366273e-02 6.131515768120798793e-02 -1.695270738757500339e+00 2.295957153404470930e+00 8.818164279999706423e+00 3.333681004018240657e+01
1.172275923221389901e-04 -1.563773684608000167e+03 -1.142426570631898120e-01 -1.112371598371930392e-01 -1.921053847683765969e+00 1.188974009054513630e+02 9.178102439033138937e-01 5.977311503691671302e-01 4.700555826760253630e+00 -1.796899630080024401e-01 -7.332834978453384167e-03 5.245654864276554363e-01 3.959992759227247916e+00 2.051537113317514205e+00 8.532535687690190329e+00 3.191307005983956557e+01
1.035538842078673140e-04 -1.563897709789208193e+03 -1.487042083093874922e-01 -8.145701462042813368e-02 -2.175148042516364733e+00 1.387195397992930168e+02 9.453456085951230659e-01 5.940820718570780645e-01 4.700367738387528860e+00 -1.479641794167827484e-01 3.422477176413463162e-02 3.639405152966989632e-01 -7.200790866213253594e-01 3.348000301643394572e+00 8.573324893375700029e+00 2.919268638305538843e+01
1.082498577254815009e-04 -1.563853359834236244e+03 -1.492125402325336914e-01 -7.649119411989999118e-02 -2.327719329798844328e+00 1.277620607684335710e+02 9.515699405528657007e-01 6.070537339409727284e-01 4.706685330323640670e+00 -1.390084078291329295e-01 6.830161889309560586e-02 2.535367988635602310e-01 7.819265832229802982e+00 1.525273978399410701e+00 9.026309164168466737e+00 3.432162115689440895e+01
1.074136457749875307e-04 -1.563861114657166809e+03 -1.341357142307872952e-01 -1.135541250868339902e-01 -2.126143758156223473e+00 1.205504872371149219e+02 9.641703985703785618e-01 6.020668391650634277e-01 4.717758474804544910e+00 -1.588346028140654731e-01 5.604147500452150155e-02 7.549067893229953474e-02 -2.219112151642633535e+00 2.504181896446300293e+00 9.152521730323549320e+00 3.461318003999502935e+01
1.181900403611369773e-04 -1.563765508046285959e+03 -1.178035527953216755e-01 -8.908729830429384933e-02 -1.991690231325489169e+00 1.102136136084691032e+02 9.375294689906867873e-01 6.051842875462418725e-01 4.700611390493729225e+00 -1.490822967764933171e-01 2.057470299040065065e-02 2.552758900481401638e-01 -7.192229596261057623e+00 2.393829027726557257e+00 8.722095188042789715e+00 3.456797710385939126e+01
1.136446431429494718e-04 -1.563804725472301925e+03 -1.226901636419613917e-01 -6.907740513845921082e-02 -1.962486358262536257e+00 1.410104812283914271e+02 9.556604792406189208e-01 6.075874360499369242e-01 4.711430085587933192e+00 -1.399609945680035938e-01 2.071396876252618036e-02 2.274262838280905197e-01 -6.258563725259989496e+00 3.449356482142396096e+00 8.677677993663145628e+00 2.819397493934916454e+01
1.196991310829650056e-04 -1.563752820533389240e+03 -1.224504297460567021e-01 -9.016484328120136227e-02 -2.020199682085243253e+00 1.170269527315543030e+02 9.233934616043720789e-01 6.080631976714538922e-01 4.703875816078714855e+00 -1.587648710052367296e-01 4.545757278925899314e-02 2.122822067907331745e-01 -1.091349247357925378e+00 2.492216124345136841e+00 9.122578641286406054e+00 2.906909868988627466e+01
1.196473070583901633e-04 -1.563753253579527609e+03 -1.446253095313830561e-01 -7.725962601571310928e-02 -2.264983469088283741e+00 1.350546552270475331e+02 9.584864742809096061e-01 6.137358488669930612e-01 4.715639745297153240e+00 -1.339247753804877483e-01 4.744020161315698481e-02 1.295406445129828887e-01 3.788596575942136724e+00 2.756405476411649680e+00 8.351370424637183376e+00 2.763619528836191819e+01
1.275655008215951082e-04 -1.563689171922186233e+03 -1.166685808073760489e-01 -1.029222347789245096e-01 -2.155283469411565012e+00 1.196585608892177248e+02 9.509640334178245391e-01 5.946022447962591162e-01 4.697401828178472627e+00 -1.424556498203792820e-01 3.088812925415829191e-02 1.606577781780380298e-01 -1.518997350777539168e+00 2.341155359764091060e+00 8.827077980783748501e+00 3.309337432939707213e+01
1.136613773894283504e-04 -1.563804578232501854e+03 -1.146401258495116371e-01 -1.078612461461795624e-01 -1.851374268171955384e+00 1.216433752357004181e+02 9.105090312184833667e-01 6.106615125200539618e-01 4.706076450200726846e+00 -1.749330859131381644e-01 -1.094923481424081579e-02 5.644103519196470575e-01 -2.448847857738883249e+00 1.994134465982844162e+00 8.235656865163365481e+00 2.793526455106021444e+01
1.054562474764255163e-04 -1.563879505735769271e+03 -1.387188740733633907e-01 -9.874270323541603500e-02 -2.044990885042790474e+00 1.195706853238237670e+02 9.437297157121734559e-01 5.955168393371316204e-01 4.695575456731490682e+00 -1.695847392160090283e-01 1.874327034981471130e-02 3.324302162409037420e-01 -3.585296448748351850e-01 2.813048238999860118e+00 9.343574635869099865e+00 3.139692729634035828e+01
1.139128784721620821e-04 -1.563802367954505598e+03 -1.366491264336665568e-01 -1.212228345459189782e-01 -2.158020181246462332e+00 1.341442419547800000e+02 9.358121879219887251e-01 6.060463635632603596e-01 4.710215981265299945e+00 -1.604314284882417674e-01 4.217778931803239928e-02 6.214677113104347672e-01 2.523666504198160965e+00 2.360785921675323529e+00 9.680415073553660932e+00 3.146710563194943333e+01
1.202816752887199983e-04 -1.563747965600540283e+03 -1.355724742585666109e-01 -9.344224805245458787e-02 -2.299973768036773336e+00 1.456709844972606902e+02 9.681410669496586241e-01 5.951388412888498625e-01 4.705543886294762501e+00 -1.722355717150971799e-01 5.762691157950516896e-02 1.491068495035321496e-02 6.148410739360684829e+00 3.079938771915258222e+00 9.248319288759798695e+00 3.268370687224653182e+01
1.091597655206964508e-04 -1.563844989338999085e+03 -1.449216651515733423e-01 -7.772828757214637896e-02 -2.322843679245528925e+00 1.479922093480323326e+02 9.732151062302177857e-01 6.064939638336093175e-01 4.715611704865290577e+00 -1.354225285575574311e-01 8.845172974073123306e-02 9.201062631532465341e-02 2.584120444696253571e+00 3.534907234153061850e+00 9.062352165544517391e+00 3.413602393837844318e+01
1.105431770008948999e-04 -1.563832395700076177e+03 -1.499315485226184741e-01 -1.096387432110908777e-01 -2.395586123253115929e+00 1.094633076340466005e+02 9.370787314711366278e-01 5.963261110668764964e-01 4.705058808956701810e+00 -1.352976880288077055e-01 6.594685957698209755e-02 8.542695808948136404e-02 3.654312126314465559e+00 2.653230436826303773e+00 8.399584574859787267e+00 3.926621596144985915e+01
1.023009651870003306e-04 -1.563909882779022610e+03 -1.097355880291463748e-01 -1.134417664528686726e-01 -1.901694870227137901e+00 1.193242509825365545e+02 9.148746554552946719e-01 6.109062934889752938e-01 4.713328271019410209e+00 -1.524381627517594762e-01 5.104004798590855430e-03 1.430524907024718906e-01 3.401850532077872913e+00 2.411392460134886839e+00 8.200908071263057764e+00 3.286179871814287878e+01
1.447495071141863157e-04 -1.563562797175439755e+03 -1.211405078242983602e-01 -1.100503558225718048e-01 -2.087427316382361564e+00 1.364769448507402103e+02 9.566802117476991274e-01 5.811022084164326751e-01 4.694502837934846795e+00 -1.521025741748092130e-01 4.478788795131261047e-02 2.056792648535510637e-01 1.238014675027727662e+00 2.519802144941740707e+00 8.497270831478553887e+00 3.121052575674765350e+01
1.123131421600586342e-04 -1.563816511004657514e+03 -1.486178504047301618e-01 -7.560541895670845614e-02 -1.929936907490227727e+00 1.373448259980359865e+02 9.628997106776762127e-01 5.914722508804379775e-01 4.709568727151562939e+00 -1.492874946414539661e-01 -7.915775168270577922e-03 2.709160677640785608e-01 7.727380645186485708e-01 3.379839804615536458e+00 9.667118850664957463e+00 3.047289829880905998e+01
1.022960849707532774e-04 -1.563909930484659071e+03 -1.225003323059577071e-01 -7.631596001380140659e-02 -1.773447168885018410e+00 1.633617274394417223e+02 9.777798426596516768e-01 5.875334407248798962e-01 4.705096325490952580e+00 -1.529397750933374489e-01 -2.743228037519651608e-02 7.210236109850537423e-02 -5.040696318509759521e+00 7.097208680364452960e-01 9.498375365186495500e+00 2.900785129457117506e+01
1.379978952797011773e-04 -1.563610563453359191e+03 -1.204001488924854035e-01 -1.113870721864790025e-01 -2.077199796502783968e+00 1.227946373858118960e+02 9.524432008709645681e-01 5.852254711589606195e-01 4.699781446410765007e+00 -1.588072985843225204e-01 2.000787330349118598e-02 4.553144299324672351e-01 4.468550256538435406e+00 1.662422027399523827e+00 8.630048768226927791e+00 3.162070620215384764e+01
1.289029032583825253e-04 -1.563678742453773339e+03 -1.110763299363309170e-01 -8.380594024980088375e-02 -1.719453711555630537e+00 1.055587041753579030e+02 9.072827423156357707e-01 6.123942308162004799e-01 4.712311428285583581e+00 -1.623339660390186179e-01 -3.455417260556314929e-02 4.456834224865962590e-01 -1.950347463369922707e+00 2.658377060712813211e+00 9.607615172464889497e+00 2.880291024854741977e+01
1.075751066233032033e-04 -1.563859612616926370e+03 -1.312290208884614451e-01 -7.667597163807797489e-02 -2.298902581891560715e+00 1.345630253237954719e+02 9.624264102696088452e-01 5.880366608095997094e-01 4.695095834140156299e+00 -1.490284713865950295e-01 6.114200669461067328e-02 2.407848931132150760e-01 4.067168351827746164e+00 1.975229981811765789e+00 9.235018534518468769e+00 3.098788869202295615e+01
1.167386901470873528e-04 -1.563777863867348970e+03 -1.355188972918598134e-01 -8.196701382201067310e-02 -1.778742665501088727e+00 1.258036215278957712e+02 9.524283992926848574e-01 5.991826243547833108e-01 4.709459265643073600e+00 -1.349690630078408393e-01 2.203734713486227292e-03 1.940486665930721555e-01 2.536319987832172274e+00 3.335157971857682924e+00 9.351036613930553187e+00 3.253249149978909571e+01
1.204962493527601261e-04 -1.563746183260060661e+03 -1.287192630033539287e-01 -9.298925934504770341e-02 -2.044615030229887775e+00 9.694476984982192391e+01 9.293621572096621986e-01 6.015721375212232935e-01 4.701956280444100855e+00 -1.312222265557174694e-01 2.133517624860159501e-02 4.815105416983527648e-02 3.321960002446559201e+00 2.980851788892957543e+00 9.108290004067431056e+00 2.648563323761776900e+01
1.370250395433372564e-04 -1.563617638207286745e+03 -1.266721697392461932e-01 -6.990760822860928037e-02 -1.911668277290179851e+00 1.456495159018683125e+02 9.843095402430988017e-01 5.866890515712892551e-01 4.709994270423800700e+00 -1.637843012931252673e-01 2.674732688764924760e-02 1.863012899624395813e-01 -5.927671605854158088e+00 1.978434945512641541e+00 8.787561894632922588e+00 3.095809912072111558e+01
1.152317109181520872e-04 -1.563790856908034584e+03 -1.441090949719026348e-01 -7.485753860210780930e-02 -2.071752597982253974e+00 1.244063832777690664e+02 9.792737530142917590e-01 5.940524173208457936e-01 4.710514350291981955e+00 -1.404807320483576483e-01 3.819870074761433365e-02 3.129777150320482426e-01 1.947087896565307119e+00 2.604830362819554601e+00 9.353872908231529948e+00 3.205832644803396647e+01
1.145959845098499830e-04 -1.563796389122318033e+03 -1.001692630126149453e-01 -8.655575351251587612e-02 -1.870057839366646268e+00 1.326389245556511014e+02 9.234192413461104199e-01 6.139526599240612281e-01 4.707608601709765139e+00 -1.553059027019061400e-01 1.744923414923760241e-02 2.945073595872992889e-01 3.853985373755278943e+00 3.111375071733646358e+00 8.933502340303324019e+00 3.158186745385771488e+01
1.100374030219626218e-04 -1.563836981551335157e+03 -1.380057852555642839e-01 -9.485870821032024724e-02 -2.150668427398996663e+00 1.354684412575394958e+02 9.469559474053891313e-01 5.982862821255325869e-01 4.702044281722411512e+00 -1.585323328469456783e-01 2.449563357086859128e-02 4.167520832910725503e-01 -4.325741213090196879e+00 3.290075183042140416e+00 8.470259301884830450e+00 3.048716594039624539e+01
1.472668420712224663e-04 -1.563545555693418919e+03 -1.084306916629035333e-01 -7.872532539360754811e-02 -2.021584773208616959e+00 1.383274142653673096e+02 9.629013754571885686e-01 6.002005379616265346e-01 4.706286929330119939e+00 -1.684017817025500463e-01 3.570447945049526339e-02 1.374175474144341547e-01 -6.025933469157564559e+00 2.492413903023349420e+00 8.778553195376792573e+00 3.480468237840450740e+01
1.076329192161954861e-04 -1.563859075345195379e+03 -1.261916359648959096e-01 -7.964863917169137664e-02 -2.041052877966244683e+00 1.177420429912761222e+02 9.345094335874237768e-01 6.226325114037831732e-01 4.721632277747104922e+00 -1.473302908612659223e-01 3.787663967180532332e-02 2.125710358139743517e-01 3.834998804816251550e+00 2.898193185745134848e+00 8.672519821990022137e+00 3.007513133977735009e+01
1.141154417083434594e-04 -1.563800591304225463e+03 -1.480075826327688637e-01 -7.761611949254677845e-02 -1.995792780687967838e+00 1.246025196320267838e+02 9.576853442075208278e-01 6.112532012379199298e-01 4.718440803166696895e+00 -1.464273031493510402e-01 9.383160225213238448e-03 1.775700157220488629e-01 5.924029751694490642e-01 3.010435486689000406e+00 9.152870322388650948e+00 2.612127129378083623e+01
1.077659069159883214e-04 -1.563857840540725192e+03 -1.215247737216104684e-01 -6.251099378454107180e-02 -1.651694740606240774e+00 1.726282101903863690e+02 9.747995956189994260e-01 5.894246714403753584e-01 4.709280981326557480e+00 -1.560847661395217134e-01 -3.025111570750893542e-02 4.300606739558097136e-01 -6.946959547252362199e+00 2.684468354437030690e+00 8.579987120736266348e+00 3.711300991097332513e+01
1.204382272457427052e-04 -1.563746664902281054e+03 -1.433598609163528048e-01 -7.660224953287279870e-02 -1.762244263002501032e+00 1.075268244291549991e+02 9.409377395008678979e-01 6.060199600167490708e-01 4.715266919391987166e+00 -1.577603021307873998e-01 -2.210255828290819125e-02 1.732309936056748989e-01 -7.405181009898768707e+00 2.840646914609723517e+00 8.830011829466744899e+00 3.455823992215589868e+01
1.152746172700622884e-04 -1.563790484628863396e+03 -1.349831026605850248e-01 -9.179164328667110961e-02 -2.352628513192157378e+00 1.345109274016911058e+02 9.528210119895867969e-01 5.935232370041340078e-01 4.709559017881694842e+00 -1.434002538353076339e-01 6.936463250288715798e-02 2.957858820625292595e-01 -3.343670093249329511e+00 3.339816926082539439e+00 8.965046261268483363e+00 3.498564597952425004e+01
1.243891074661931484e-04 -1.563714387270893440e+03 -1.049116772240684392e-01 -8.071749925799302783e-02 -1.626998390231539471e+00 1.179685848065297620e+02 9.282304847874818243e-01 6.046863378976319314e-01 4.705618435599101979e+00 -1.653459643014416613e-01 -3.047194860093105362e-02 3.121648612576789772e-02 -3.322004516276308550e+00 3.049140842651620886e+00 9.795919487386562707e+00 3.113803700258199569e+01
1.094665592384200703e-04 -1.563842182779272662e+03 -1.386051879341061721e-01 -8.120099852055182033e-02 -1.930706370241142000e+00 1.221088568540254329e+02 9.324170032201438696e-01 6.118070480462536320e-01 4.706788865221546381e+00 -1.586490688767945301e-01 9.639648212331541899e-03 1.204887539650053574e-01 -9.844615158390581655e-01 2.876045755600409315e+00 8.916464637198862064e+00 3.635140276473202903e+01
1.158390751842010822e-04 -1.563785599941759983e+03 -1.313734365212922417e-01 -6.525377216657714252e-02 -2.230832092533234778e+00 1.343370385948597914e+02 9.763956426216344742e-01 6.117577945086611901e-01 4.717314061424191962e+00 -1.539798808417867093e-01 5.590526621948699315e-02 4.980426266984207262e-02 -3.327643472788281542e+00 2.735871066260942008e+00 9.474183780618261608e+00 2.960748579598038077e+01
1.057346564590427114e-04 -1.563876869171990165e+03 -1.042476891346437035e-01 -1.083178858622689117e-01 -1.839940784784029670e+00 1.260146964371412821e+02 9.468185160872029105e-01 6.178195082315576236e-01 4.718007087297403146e+00 -1.552292598645048649e-01 -1.936077598745367112e-03 4.142274458360781231e-01 -3.371482510635331664e+00 2.841767923097981985e+00 8.950651472150905619e+00 2.910826744642458408e+01
1.315844314054677108e-04 -1.563658153177300846e+03 -1.373202412106142856e-01 -1.109320777774685518e-01 -1.984951692160934478e+00 1.135814412595591278e+02 9.463287100987819445e-01 6.078684321688605507e-01 4.713378741635800395e+00 -1.703949156759518857e-01 -5.014791152158970533e-03 1.952235154435657538e-01 -4.024233125011818402e+00 2.111105986922545696e+00 9.165897635274976807e+00 2.882900413146860430e+01
1.035895780895326512e-04 -1.563897365159629999e+03 -1.217556636171718276e-01 -7.244097766025163476e-02 -2.225949473271047196e+00 1.436965344066055366e+02 9.703677383397391054e-01 5.877854052372961657e-01 4.705302789875940306e+00 -1.414787007751812098e-01 5.715028595360704955e-02 1.326577995684898592e-01 5.355680300787213355e+00 1.441742320903438568e+00 9.618647765988086462e+00 2.679884684931377237e+01
1.059331337190082820e-04 -1.563874993805710119e+03 -9.105870618053948928e-02 -1.211354089736045581e-01 -1.877004602495619512e+00 9.658372443506036120e+01 8.969226957589251370e-01 6.224406736722196687e-01 4.713353268721875544e+00 -1.693178884620096802e-01 -2.382720037009455893e-03 2.845618396895768787e-01 5.252885858027326549e+00 3.492504540502983090e+00 8.638331326203729787e+00 2.987774782441787735e+01
1.077908977398060335e-04 -1.563857608668444755e+03 -1.117231372622725510e-01 -9.363047195244800225e-02 -1.940852567643922333e+00 1.142572993165907178e+02 9.433281322123658885e-01 6.156499822628538343e-01 4.712249859409762820e+00 -1.629440998126960860e-01 2.957413234201156094e-02 3.519379708874667001e-01 -3.103825692131550795e+00 2.955028495086553519e+00 8.179569732263413329e+00 3.087262659583400648e+01
1.053309971895532716e-04 -1.563880694140711057e+03 -1.229387917856205326e-01 -8.873798480519884402e-02 -2.268659487146715392e+00 1.135642981971692507e+02 9.504567833934469689e-01 5.978222252226164102e-01 4.710020076561670876e+00 -1.252199636035948860e-01 7.619763069485840923e-02 3.800196307012638358e-02 4.332647899452695128e-01 2.577414101302299976e+00 8.699630463809837622e+00 2.741527243435504246e+01
1.201139449575587824e-04 -1.563749361053237863e+03 -1.330181412849496536e-01 -8.142850708620270883e-02 -2.270164068907303712e+00 1.312806772223321730e+02 9.742014577885581561e-01 5.973378611374675629e-01 4.704706015050366119e+00 -1.433447671653031996e-01 8.171942913501495376e-02 1.642261045908217920e-01 6.548908537859233547e+00 2.594805490724549912e+00 9.095162745726304010e+00 3.146148446757779382e+01
1.027087048197576180e-04 -1.563905905013775055e+03 -1.455880827189138249e-01 -9.937706384896780043e-02 -1.950977617011597109e+00 1.196957785525052032e+02 9.553024217172297883e-01 6.067774504247533951e-01 4.718016481637810955e+00 -1.623769535521217833e-01 1.664193901670274478e-02 2.380334530973552687e-01 -7.583512390257766356e+00 2.653088682188498026e+00 8.932582272974997295e+00 3.159404499926421295e+01
1.292384168787371766e-04 -1.563676142995390592e+03 -1.108333701583885389e-01 -9.241117937213322309e-02 -1.942475807745215555e+00 1.297221516700581390e+02 9.659970158035529053e-01 5.783689567156748979e-01 4.693008567514432627e+00 -1.756965116541455707e-01 1.423642702981453567e-02 1.439309816031583145e-01 9.403487826345156009e-01 2.947669653196260953e+00 8.943970369249655050e+00 2.941597481206625986e+01
1.221717307623442926e-04 -1.563732374202652181e+03 -1.354899148868534964e-01 -7.167402443803268242e-02 -1.706114813039547373e+00 1.264842467612687074e+02 9.814964396816530101e-01 5.881038556827076214e-01 4.712929501878563521e+00 -1.602384963721787958e-01 -6.779192010142764957e-03 1.032723925471272924e-01 -5.410962964018779076e+00 2.322168690297554683e+00 8.298098434625366338e+00 3.193612300934689330e+01
1.432940131397783285e-04 -1.563572903331350517e+03 -8.785696854722779836e-02 -7.240913111002371394e-02 -1.630215438083026935e+00 1.417642550659639085e+02 9.070862414915552563e-01 6.176661759262076501e-01 4.710048330040327080e+00 -1.367608000120021927e-01 -3.484902096477893174e-02 7.804472125361274770e-01 -3.643976243620045352e+00 2.527668157639051394e+00 8.885295146430106428e+00 3.032923058765246793e+01
1.929531820366208513e-04 -1.563275354307447287e+03 -1.280077281177035287e-01 -6.584847404989033204e-02 -1.614458930128824576e+00 1.350955427023582160e+02 9.720119339214059462e-01 5.895433986753969569e-01 4.711352456018992996e+00 -1.526044609497527738e-01 -4.180466743734134738e-02 3.145363714289431400e-01 -5.214564468507688844e+00 3.411935266937948796e+00 8.847756040225807084e+00 2.976939320446003734e+01
1.319285059211660596e-04 -1.563655541732756774e+03 -8.934568632962724966e-02 -5.961090997735732366e-02 -1.574176902954358193e+00 1.108977514886879305e+02 9.154305564133177198e-01 6.223319453821385405e-01 4.711217301142424319e+00 -1.434309389288817016e-01 -4.870542095705365782e-02 2.086135854059747718e-01 -4.299821675041272329e+00 2.733489908328223805e+00 8.669567329206540052e+00 3.479893022048441509e+01
1.324237160751903840e-04 -1.563651795134906706e+03 -1.050221956992421490e-01 -1.125531533886937607e-01 -1.901702791674286352e+00 1.029903124304592126e+02 9.200309434676752218e-01 6.097169090507983391e-01 4.716281765196212561e+00 -1.590424872503257703e-01 -1.825068938304807986e-03 1.810312461213750557e-01 5.553448727637345428e+00 2.021987838760397338e+00 8.503209815561852736e+00 3.499977887843452606e+01
1.588790434444942396e-04 -1.563469658707141207e+03 -1.450056679099289425e-01 -9.015969326762189595e-02 -1.778304937523477625e+00 1.649806755766320805e+02 9.724853662149482991e-01 5.885566442217402550e-01 4.710642358034031751e+00 -1.567174962791344495e-01 -2.679885814573346181e-02 3.848282171573461641e-01 -7.031236133741003869e+00 1.719950924722879471e+00 8.718341954757956813e+00 3.541049296353482134e+01
1.019934214599014675e-04 -1.563912893571090535e+03 -1.367344044124559621e-01 -8.887152121206912114e-02 -2.022908072816965053e+00 1.169964920173845684e+02 9.408607480606367979e-01 6.080604435701533195e-01 4.709918365049748701e+00 -1.561938095809027871e-01 2.747674838096036964e-02 3.166545721110206602e-01 1.040637868577789504e+00 1.747165797848504454e+00 7.721503719806399602e+00 3.586127142729223038e+01
1.213225201210486355e-04 -1.563739349431687970e+03 -1.041286503403758834e-01 -7.711923343050108848e-02 -1.569381233718896151e+00 1.162105154121419588e+02 9.043679309797412191e-01 6.344208606654654359e-01 4.717374066103689145e+00 -1.466476336344491038e-01 -4.721023047620720448e-02 4.723128288792807772e-01 -3.462282465716867819e+00 2.992810748105312335e+00 8.832986041066970273e+00 3.145713913997738587e+01
1.232366825653754877e-04 -1.563723695131926888e+03 -1.170081765760043746e-01 -7.425336890936008738e-02 -2.058071767641120431e+00 1.325680838965831185e+02 9.446575417902582927e-01 6.101476942850710961e-01 4.710263309324225212e+00 -1.725576059552507147e-01 2.926773073383781565e-02 3.309575063484835322e-01 -1.558021914825530985e+00 2.316895504908322856e+00 8.464368221562601491e+00 3.002112916684907162e+01
2.282707519551834853e-04 -1.563107269453804520e+03 -1.172874507711922226e-01 -7.628463103035851289e-02 -1.638216309303583529e+00 1.202077157921120545e+02 9.615627853510859691e-01 5.935180711846219648e-01 4.705965097604167369e+00 -1.574645159473138101e-01 -2.525559997158266512e-02 3.270665552582099345e-01 -1.753603217827475191e+00 2.330553347602015712e+00 9.595444019683041503e+00 2.892932281733673250e+01
1.794294422292832961e-04 -1.563348019835653986e+03 -1.475745400412881159e-01 -9.160670753225708118e-02 -1.797701505793523502e+00 1.125236865087855875e+02 9.575863283061225584e-01 6.000657196627574574e-01 4.702449045947171058e+00 -1.584672979862213893e-01 -1.229891962180840181e-02 2.668740214672206124e-01 -1.009496480693684362e+00 1.903343948536084795e+00 8.999748012160747379e+00 3.174471897653552332e+01
1.075284461065463884e-04 -1.563860046459295745e+03 -1.346152018957018914e-01 -8.656667816813554128e-02 -2.353942460792755487e+00 1.195172182795462135e+02 9.503243236606400135e-01 6.066816056655843781e-01 4.717945122116208090e+00 -1.490031880882691784e-01 9.012794371960297646e-02 1.144466802891563190e-01 4.997067848029445258e+00 2.309081441342453189e+00 8.823637689300722897e+00 2.983916707637657240e+01
1.142536040533169065e-04 -1.563799381312202513e+03 -1.090414326916170629e-01 -1.048856945532968821e-01 -2.220256176364614031e+00 1.235959739646247897e+02 9.301129991716670098e-01 6.104946649416118643e-01 4.708917385970540437e+00 -1.412995824741494211e-01 6.320072808429610944e-02 2.960786226983251335e-01 3.166897736699468169e+00 2.159781811998606749e+00 8.913865940258890674e+00 3.619260183684125565e+01
1.312683757186276280e-04 -1.563660557989656581e+03 -1.462436673538295984e-01 -8.162700770255350291e-02 -2.140237733086939098e+00 1.403802029113862204e+02 9.444591315542327781e-01 6.129390696002277039e-01 4.716999940752268472e+00 -1.432569106112806523e-01 4.664702009667287541e-02 2.683224254579036905e-01 -2.155774319734348410e+00 3.344413954820324442e+00 8.921133936839908074e+00 3.007110475555862905e+01
2.933667985468123708e-04 -1.562856378188551844e+03 -1.399068697315054843e-01 -1.022717498125060853e-01 -2.335761483144616957e+00 9.795737961252066839e+01 9.061137044065356028e-01 6.240461452539816101e-01 4.716344116336411929e+00 -1.272880117678201195e-01 6.415932723265349580e-02 9.392579119282772060e-02 1.313652957108132568e+00 2.633163400576066238e+00 8.691012664467701043e+00 3.180302528946632634e+01
1.230701148356496690e-04 -1.563725047654527771e+03 -1.335707951688901440e-01 -1.110516874624624117e-01 -2.172292963165304513e+00 1.262533129720895602e+02 9.499023779906661247e-01 5.916698114653491380e-01 4.698199724071522532e+00 -1.627312864327752351e-01 4.575597914036366731e-02 2.402908054906345570e-01 4.221158432619773748e+00 2.395133338252697364e+00 8.033514525569106723e+00 2.789004029398189743e+01
1.185286790514682951e-04 -1.563762646938198031e+03 -1.394811881674474230e-01 -9.351470127275782196e-02 -2.296129755723679722e+00 1.152363261491476010e+02 9.504541456174635528e-01 6.071764177440179822e-01 4.710016233725989210e+00 -1.538164097844862965e-01 5.117506976245400629e-02 1.522140655557172872e-01 -1.675845048924742287e+00 8.584020760794563998e-01 8.834788550336813984e+00 2.692414789545727416e+01
1.419205714508287107e-04 -1.563582534341680457e+03 -1.156830161095742660e-01 -1.046073580657223556e-01 -2.088194902710406975e+00 1.167388848071357614e+02 9.113494072795225165e-01 6.166656380017967454e-01 4.708068231593007802e+00 -1.703110146784125867e-01 4.561741626975135411e-02 2.670250826977122460e-01 3.749343318895625998e-01 2.080706091801776125e+00 9.241409453348726544e+00 3.003471636914911613e+01
1.149030238680412994e-04 -1.563793713384905914e+03 -1.229119639804760605e-01 -8.247138324775574181e-02 -1.823162683643239079e+00 1.499097243703154732e+02 9.770383929854433713e-01 5.877674759211298783e-01 4.703553875577759946e+00 -1.654356698758276956e-01 -2.218177933386145106e-02 3.056856642485439313e-01 -5.417093549839052002e+00 2.262487099417898051e+00 9.510042339539669598e+00 2.888376600606235201e+01
1.088764719252335032e-04 -1.563847587932317310e+03 -1.253425705884146646e-01 -8.046887688302208075e-02 -2.064915333938673214e+00 1.161671375362530654e+02 9.753765068570502406e-01 6.107465500592568208e-01 4.720228902959849648e+00 -1.611794202748138005e-01 3.685216308026428855e-02 2.411396811845132118e-02 5.456921953745791143e+00 2.880453672437055523e+00 8.798553747245364320e+00 3.747654922404120015e+01
1.417498973032195616e-04 -1.563583737668688400e+03 -9.873938625306437344e-02 -9.838616248693569932e-02 -1.770173104598761205e+00 9.778625252435156767e+01 8.767209822317900692e-01 6.170120861710726157e-01 4.703077274130734509e+00 -1.552829160678173004e-01 -8.059938021676593678e-03 1.634471098109245568e-01 2.090380201758335943e+00 2.137998763457549245e+00 8.632369627696089509e+00 3.616869204666961224e+01
1.058930074770219964e-04 -1.563875372665866280e+03 -1.265431643941160311e-01 -1.003314440967101595e-01 -2.080253900373683518e+00 1.150097403870021822e+02 9.409870494387035933e-01 6.067983509549095267e-01 4.704785760142823570e+00 -1.726788008171669109e-01 2.837229830656773366e-02 4.571125189596552119e-01 3.338356854875343060e+00 2.664273908226544307e+00 9.253145371534765573e+00 2.869710932538205128e+01
1.502107082154821225e-04 -1.563525762856969095e+03 -1.375627826185894798e-01 -9.425504449041782751e-02 -2.390207781537493137e+00 1.411715113246903002e+02 9.560486535365118055e-01 6.104305554633890907e-01 4.710486568219838688e+00 -1.390454492484238802e-01 7.886821685440503771e-02 3.899056404957792488e-01 -2.834972978436923086e+00 2.314085923312836357e+00 9.171816787110763869e+00 3.257586020393065951e+01
1.819336162115540404e-04 -1.563334160012353323e+03 -1.291435253961223106e-01 -1.188626612287216194e-01 -2.135152066809954619e+00 1.100870413552711398e+02 9.392481144026585405e-01 5.926814131306548106e-01 4.697917287685648091e+00 -1.669813516207701021e-01 2.921513082519333615e-02 1.478038775442647446e-01 4.847607421727843757e+00 2.658027546469821090e+00 8.620517502035852431e+00 3.718766270672069396e+01
1.622545183152635884e-04 -1.563448635683747398e+03 -1.465266350924394889e-01 -8.628948820486724569e-02 -2.200923484541477571e+00 1.163262452176902144e+02 9.793209693390088066e-01 5.965990373796725699e-01 4.710203584966802026e+00 -1.552179336294043921e-01 4.669045154114992435e-02 2.134614594740790461e-01 -1.230485996366326162e-01 2.835255997459928956e+00 8.393249250055689004e+00 3.658130545523074773e+01
2.007819682798358152e-04 -1.563235582302421562e+03 -8.450546033768828458e-02 -7.956502710446086701e-02 -1.620403621028227770e+00 1.034788489972919052e+02 8.878147455498799356e-01 6.172579334906089787e-01 4.710563777519075401e+00 -1.565847356000440449e-01 -3.853508155188878348e-02 3.984287510186556580e-01 1.931299118575367402e+00 1.490754368049351797e+00 8.736592852590764124e+00 3.362252404857935062e+01
1.790844197904645240e-04 -1.563349944573199082e+03 -1.387273992355406993e-01 -1.027892265861592297e-01 -2.538753836133421427e+00 1.211121564523640615e+02 9.272813245742056454e-01 6.078139237957358443e-01 4.707845116616669934e+00 -1.267226404120589400e-01 9.031215871861753008e-02 3.308794333951211031e-01 4.165739093587603747e+00 1.841737614577287907e+00 9.343625521573862613e+00 3.213892759560510370e+01
2.669181761218994485e-04 -1.562950859731843138e+03 -1.441126048177590047e-01 -8.226843436083694505e-02 -2.224661506053539739e+00 1.163527302161277106e+02 9.437772327407858430e-01 5.986164238470454979e-01 4.702921876399631884e+00 -1.465473534537637956e-01 3.632746663702346446e-02 2.985994847740909841e-01 4.671035050622663221e+00 2.077661203931713274e+00 8.571658740229137763e+00 3.435522213010455772e+01
1.082937959146289372e-04 -1.563852954020544530e+03 -9.200226548477064004e-02 -9.871591082228717284e-02 -1.855819182893336805e+00 1.059760938248285385e+02 9.160237140324867244e-01 6.260291631857020089e-01 4.709925718688777074e+00 -1.624619304923469176e-01 -5.780801342057273473e-03 3.662206704682011149e-01 4.348374066055924914e+00 1.984047371151320682e+00 8.615205424176375359e+00 2.942270445034345272e+01
1.108221144534715386e-04 -1.563829875543475509e+03 -1.446611497893618425e-01 -8.969373385980553004e-02 -1.897122900997737949e+00 1.385929380713802175e+02 9.530085236987890784e-01 6.030501485780093152e-01 4.712189307495881607e+00 -1.702161648234838953e-01 -1.280524745065436676e-02 4.859520490819676519e-01 -2.979842357745667414e+00 2.656018840177076790e+00 8.537704578661987398e+00 2.858282479101359286e+01
2.568109907574653294e-04 -1.562989461517003974e+03 -1.324699853657989868e-01 -9.469996685389023283e-02 -1.921332870819857597e+00 1.369926517036837197e+02 9.717374976026472710e-01 6.045975955958609038e-01 4.713984211115860745e+00 -1.515195266588409417e-01 9.081532092151123337e-03 4.275266980481421397e-01 -6.548375586312999985e-01 2.846834459269365070e+00 8.218476163589173211e+00 2.996906475761229416e+01
4.177597790203273274e-04 -1.562502895310816257e+03 -1.190769796210166820e-01 -9.286791559446831712e-02 -2.160799554307859083e+00 1.264293031389820072e+02 9.659388840915461572e-01 5.886528943971603978e-01 4.709339109289854441e+00 -1.681860479974908174e-01 4.581186362168443438e-02 1.054060243866361823e-01 3.123330057808004767e+00 1.393150060895020914e+00 8.888285513543703331e+00 2.651899076510233400e+01
1.079426667900314511e-04 -1.563856201663692445e+03 -1.476209927410200573e-01 -8.123904772091591897e-02 -1.877952370595146858e+00 1.108223934742296706e+02 9.784640333285745672e-01 5.794677774385013080e-01 4.701060693233163335e+00 -1.381822094916933530e-01 3.085013090200261487e-03 1.095202528411990256e-01 -2.101050973583511450e+00 3.197269214654352432e+00 9.038397815733013374e+00 3.237645901734320830e+01
1.363535852880611271e-04 -1.563622550483115901e+03 -1.140488828097691587e-01 -5.944962077215924789e-02 -1.677941359616191841e+00 1.332631654059352968e+02 9.558457008008063305e-01 6.110365668478647816e-01 4.713091889229325204e+00 -1.411256468698351974e-01 -2.241390660799957857e-02 3.467815425497750015e-02 -5.958594199655379953e+00 1.732142157808369554e+00 9.264205196039100088e+00 2.866974010004497231e+01
3.448787531599496769e-04 -1.562694608971657999e+03 -1.327384894126392711e-01 -8.141668718467076626e-02 -2.108993291914199375e+00 1.404406663118006406e+02 9.685922795466118673e-01 5.906237774030037579e-01 4.702922841588618397e+00 -1.567873070660183998e-01 4.422279082926983129e-02 7.191166212965605098e-02 -2.022696106789510395e+00 1.635715668881987384e+00 9.617670456637750220e+00 2.543359416553647634e+01
1.149479315923944086e-04 -1.563793322629732984e+03 -1.399860994469026287e-01 -1.089374788243532705e-01 -2.069738283124789913e+00 1.015728824405105257e+02 9.260096548700553765e-01 6.075372106962493302e-01 4.711392114408876175e+00 -1.618341098293520908e-01 2.050066690023677474e-02 5.341696957142223479e-01 -1.796616021609622749e+00 3.340831562725798953e+00 9.405211838294903259e+00 3.208078966547278554e+01
1.672918464311272228e-04 -1.563418062016214208e+03 -1.301983023929330630e-01 -7.391042361883443101e-02 -1.906390229198037467e+00 1.504029369134692899e+02 9.558575044297610290e-01 5.901589709868402256e-01 4.702121882425149835e+00 -1.617121805396597445e-01 -1.035032285985670875e-02 1.822671690526547761e-01 -1.369936039184437959e+00 3.767535365763352573e+00 8.172093011220793457e+00 3.264888906575691152e+01
1.129855534942107270e-04 -1.563810541921448248e+03 -1.291396999855104477e-01 -1.033038364323101144e-01 -2.261024339427583740e+00 9.981951967339719545e+01 9.677339215852550636e-01 5.944589330732159560e-01 4.709178297039333216e+00 -1.634733127714884660e-01 6.001363034499229698e-02 1.947120117311401388e-01 -1.662330321923917609e+00 1.721100370824291126e+00 8.528551876047064439e+00 3.645822676229704484e+01
1.612942088842797236e-04 -1.563454571805080377e+03 -9.122609640052840863e-02 -1.322028298498907073e-01 -2.067742721860360788e+00 9.741701304741398815e+01 8.809188104413847586e-01 6.261778725485900310e-01 4.713090070725225900e+00 -1.571393496146122892e-01 3.718365262839373742e-02 4.158441301627808784e-01 2.370227198014788428e+00 2.474030387058068214e+00 8.635152212100983604e+00 2.723615730840867144e+01
2.619866294748941608e-04 -1.562969508416883400e+03 -1.379340756769073528e-01 -1.054255636879079250e-01 -2.306308500429286035e+00 1.325270532490755500e+02 9.844005208626173120e-01 5.858341142624687858e-01 4.712091467934200750e+00 -1.444263081887280364e-01 7.256289057770226592e-02 3.734990789873660066e-02 8.390183046425079283e-01 2.642591931069748767e+00 9.054007159630451440e+00 2.864039132550566435e+01
1.208087034256793307e-04 -1.563743593555672533e+03 -1.009373445615272952e-01 -9.940097188799276728e-02 -1.977273271171911873e+00 1.183858967732996206e+02 9.147802605076431615e-01 5.981825792796438002e-01 4.703143636414139905e+00 -1.622380139797925391e-01 2.682635317837167577e-02 4.176528914313817342e-01 4.515517520674990237e+00 1.948877558521688869e+00 9.250797443195235559e+00 3.490049970396280798e+01
1.771701498110373136e-04 -1.563360691317613828e+03 -9.652992979001853713e-02 -1.105953776189735061e-01 -1.913830650514620757e+00 1.210853662419616796e+02 9.056326781908270451e-01 6.221693519513726844e-01 4.716353432534859280e+00 -1.452494542456423954e-01 -2.490213789198669758e-03 4.527685411103770097e-01 -3.292830638296976531e+00 2.186347272902566807e+00 9.127782380421113118e+00 2.912131960649089280e+01
1.185016209107783280e-04 -1.563762875247750117e+03 -1.222208674648575660e-01 -5.950926694956538976e-02 -1.567891959343141739e+00 1.625602246412217937e+02 9.462337370239799483e-01 6.016531538544798163e-01 4.712418092361585487e+00 -1.597174568698986885e-01 -3.509217844353207383e-02 3.965805927334297709e-01 -2.762001531952392952e+00 2.557794648575195673e+00 8.703269422322911453e+00 2.673030215450633662e+01
1.184252880631035817e-04 -1.563763519605545071e+03 -1.327562736963761592e-01 -7.534057506014409100e-02 -1.628454688293909491e+00 1.181998612476103006e+02 9.496561053683080234e-01 5.926229433078262776e-01 4.699875648762978031e+00 -1.415822621150242266e-01 -5.181912348791239964e-02 8.184746168289816493e-02 -8.813658992089642652e+00 1.959600549744311415e+00 8.734563966125708845e+00 3.256303393273840641e+01
1.692058183805168542e-04 -1.563406686052631130e+03 -1.168863225888145813e-01 -8.237071229273368322e-02 -2.310811901131775592e+00 1.440906808555646990e+02 9.844171635252205732e-01 5.899318540534297384e-01 4.715453285581792109e+00 -1.516547883462859847e-01 6.163986354088413222e-02 5.683972511990276200e-02 2.123742242501180044e+00 2.232286754367707182e+00 8.520139818888662120e+00 3.372436258721733537e+01
1.208869531417897320e-04 -1.563742946049466127e+03 -1.337227417387490125e-01 -7.973128528506402690e-02 -2.247935182708216573e+00 1.363912005233748630e+02 9.573781657132004463e-01 5.934615944011345512e-01 4.711420286183203743e+00 -1.599755179935264948e-01 6.591829807715265943e-02 6.251130841309104902e-02 -1.402897770147603751e+00 3.006588601059401178e+00 8.807121057525346686e+00 2.716330645790310427e+01
1.203298720818345955e-04 -1.563747564981415508e+03 -1.351842336175242132e-01 -8.756677857496189543e-02 -1.813398906352332807e+00 1.319206118503026346e+02 9.678257291529774875e-01 5.995895834814310987e-01 4.703429114142695155e+00 -1.415343463631830723e-01 -3.039539701553639617e-02 2.173144043835198436e-02 -9.163196490551399620e-01 2.478705363221922475e+00 9.619132909549300336e+00 3.108329493438199975e+01
1.339098358591835254e-04 -1.563640635180051731e+03 -1.362443486655695313e-01 -1.231793956699345216e-01 -2.123473604078306654e+00 1.139345550682629948e+02 9.376485206949622953e-01 6.143466568925350924e-01 4.718733654145876422e+00 -1.552448116133149369e-01 4.304942903448139013e-02 2.364178323337479681e-01 -3.593587949148968619e-01 2.736505095527919096e+00 8.970058342906760629e+00 3.637298426339552293e+01
1.661141184855877714e-04 -1.563425126873883528e+03 -1.260415435247101146e-01 -8.617037448630023022e-02 -2.272350172052821637e+00 1.508157575810508888e+02 9.687946458884965084e-01 5.846994998131180843e-01 4.702379681743485307e+00 -1.445403369280227057e-01 8.064478010844866596e-02 3.494703572175972273e-02 -2.690174265811606347e+00 2.383800875629726868e+00 8.668833231862294042e+00 2.788530131271360801e+01
1.265954365635230333e-04 -1.563696805423845035e+03 -1.192410945154310092e-01 -1.170212385327462634e-01 -1.989041178298198931e+00 1.344297729355400861e+02 9.399636895683284310e-01 5.990148848893112055e-01 4.710740751062157727e+00 -1.611889395200252206e-01 3.165194326184450624e-02 1.715362492116965232e-01 2.058424770954530914e+00 2.142886157151413506e+00 8.477888113809672888e+00 3.357515776156360943e+01
1.226856811006426639e-04 -1.563728176240342918e+03 -1.414015284110941018e-01 -8.861429859860692204e-02 -1.726484271618794919e+00 1.378018684585111941e+02 9.820551523007903238e-01 5.800267223991126819e-01 4.698801333238360023e+00 -1.558019543397430873e-01 -3.089177738465309631e-02 1.909279648893718873e-01 -1.064985864060503218e+00 1.719763907594096253e+00 9.230400407018834130e+00 3.641400133745376166e+01
2.393856023720280981e-04 -1.563059726235956077e+03 -1.486419953872931965e-01 -6.954234788007246371e-02 -1.787309536051855829e+00 1.304064518455270729e+02 9.790886682595577595e-01 5.934249211733233498e-01 4.704716321207420116e+00 -1.738826177438483889e-01 -7.491035748070640210e-03 1.134149584730329979e-01 -2.869173653248594746e+00 2.569060675682743877e+00 8.683813860820288610e+00 3.406728503419287080e+01
3.053192061823572340e-04 -1.562816444079829807e+03 -1.378011344098320767e-01 -7.612520233308713025e-02 -2.210697137182890959e+00 1.365601961800007871e+02 9.714079293609123589e-01 6.006431374633067755e-01 4.711944262363230607e+00 -1.445754808402703873e-01 7.133545344057057314e-02 3.503839629373599329e-02 -5.178499197327624870e+00 1.848743493198745647e+00 9.257838141804475285e+00 2.919369321195264178e+01
1.993339690839606717e-04 -1.563242820232141867e+03 -1.294327995382000551e-01 -7.004587859219203738e-02 -2.008444567558785643e+00 1.200002967170230335e+02 9.616065555179694746e-01 6.166426427124094278e-01 4.714048287777712787e+00 -1.375966472999707868e-01 1.814085978516377651e-02 1.746381265217294698e-01 -1.368587028884064694e+00 2.350455985558275174e+00 8.276754811040841986e+00 3.168273764964690997e+01
1.214695917640607527e-04 -1.563738137928893593e+03 -1.148005092428325824e-01 -8.839663242312623126e-02 -1.684967898321727775e+00 1.232740700914500849e+02 9.080982480169742521e-01 6.070570726206878653e-01 4.708717801265591696e+00 -1.398331449617495892e-01 -3.457746882888645956e-02 3.843165066160815768e-01 -1.262640498468186934e+00 2.853277399106457501e+00 8.073052218404264124e+00 3.075650233576554626e+01
1.230074609311419787e-04 -1.563725556875294160e+03 -9.802302472837756686e-02 -1.212246121462877829e-01 -2.012090047076440680e+00 1.165449392222333245e+02 8.664110614555101675e-01 6.297862159238856172e-01 4.708370348397666660e+00 -1.640908342049689495e-01 8.537623529638826980e-03 5.907314914471033518e-01 -5.119868110737115785e-01 1.842873202793526843e+00 8.380035818642550538e+00 2.795954979161308174e+01
1.206227888139872447e-04 -1.563745133658388340e+03 -1.481340287499155473e-01 -1.080961530799975368e-01 -2.311519241664446778e+00 1.161963424888198091e+02 9.154527705068087329e-01 6.097842272374180972e-01 4.711531051994682251e+00 -1.369855416417586902e-01 6.858457259907524417e-02 1.672149100422122558e-01 1.038199315990453897e+00 3.210928589976735914e+00 9.332819803172798245e+00 3.212616945397029156e+01
1.268161747225954414e-04 -1.563695063292032046e+03 -1.220854308312221415e-01 -9.580654485448031332e-02 -2.306294134023610276e+00 1.165460389740350848e+02 9.387338862624265978e-01 6.141013191756523604e-01 4.716520109919979831e+00 -1.414038619493918070e-01 7.361236808040638735e-02 3.973414645904635445e-01 8.212520734021495628e-01 3.382449952613830746e+00 8.943981759374942442e+00 3.132328767026837468e+01
1.286184246257766190e-04 -1.563680951814455511e+03 -1.166047156725943668e-01 -1.043237478254555040e-01 -2.181717572469747957e+00 9.866291721765333023e+01 9.232737550630557566e-01 5.964481598339529400e-01 4.700185762587997473e+00 -1.542530684128677887e-01 5.861629412414859353e-02 2.541556765124772244e-02 4.872891159458873744e+00 2.126616329171215902e+00 8.751084513140883203e+00 3.822700397112288329e+01
1.368471473709224580e-04 -1.563618937296467266e+03 -1.174269006931455694e-01 -6.317339160139300025e-02 -2.009314039445563083e+00 1.273953461090712409e+02 9.538443674856001975e-01 6.123343658146254143e-01 4.710922640567266839e+00 -1.631472662538073770e-01 2.733191410825419609e-02 1.867097409643015404e-01 -3.384977031024504868e+00 2.447794067011233032e+00 9.143204387815240253e+00 2.919449129327655967e+01
1.257644743886967794e-04 -1.563703390979965206e+03 -1.294166193923312891e-01 -1.172385797295775467e-01 -2.124577425753901849e+00 9.807524290584137816e+01 9.128829402215005162e-01 6.249144578585147380e-01 4.715388664697018228e+00 -1.451477286022035962e-01 3.296018904832642704e-02 1.999864130363701309e-01 -1.249333254524202630e+00 1.596339103104416068e+00 9.454447258717358693e+00 3.784872228377966508e+01
1.191662652488125016e-04 -1.563757282181884875e+03 -1.219835866247123146e-01 -1.287170851735766341e-01 -2.011548830227479989e+00 1.180042048660536551e+02 9.144530698719395279e-01 6.127444159849158023e-01 4.713039295162039011e+00 -1.632667369396407775e-01 8.979101565740332802e-04 2.975846017751590522e-01 4.406768470838642315e-01 3.492252038014731497e+00 8.926392872929621802e+00 2.994545404631809760e+01
1.107211171479563467e-04 -1.563830787305137392e+03 -1.462058710580732557e-01 -8.956182536822873685e-02 -1.910001228117150340e+00 1.359328931278618882e+02 9.617201194207414261e-01 5.927737901095377904e-01 4.703381522014356442e+00 -1.581766285404442307e-01 -3.128822500193528811e-03 2.129818467685228311e-01 -2.178520838487258970e-01 3.970567883502140738e+00 9.269245165986150781e+00 3.812445778822626608e+01
1.146431436726369588e-04 -1.563795977681532804e+03 -1.109911855075177145e-01 -8.019751262753775645e-02 -1.861205260125175842e+00 1.176940758513844543e+02 9.373963809068956987e-01 6.127024306939206078e-01 4.714955325630603156e+00 -1.631840207750858696e-01 -1.471212515513142804e-02 1.920780964270724922e-01 -6.085076846156226793e+00 1.305679154226968564e+00 8.381532090381060840e+00 3.222947850231317091e+01
1.121062600838992012e-04 -1.563818354714539055e+03 -1.374066858902383836e-01 -9.175650654308013798e-02 -2.127678875901914957e+00 1.544532198141693584e+02 9.474920502002859291e-01 5.870178083050486828e-01 4.704253673763538757e+00 -1.569252312122455528e-01 4.529065645120833317e-02 6.289350794675302447e-01 1.970017998832844341e+00 2.111828557456396638e+00 7.878377584598972305e+00 3.143348511052068517e+01
1.083843309099423354e-04 -1.563852118357047630e+03 -1.096857158146428007e-01 -7.611488459996444689e-02 -1.894742339775009832e+00 1.067506604793509979e+02 9.193032160983403145e-01 6.147934408893529490e-01 4.710461988524285104e+00 -1.402752063193006826e-01 1.388961392924747962e-02 2.295330823365102635e-01 -3.174072962613365689e+00 1.726183025790195558e+00 8.716160334677702792e+00 2.681530588611757793e+01
1.200732905669395689e-04 -1.563749699575731938e+03 -1.196483331742611428e-01 -1.282456782562609587e-01 -2.031720736993712695e+00 1.205956630133933913e+02 8.886587409622914713e-01 6.194024429041695701e-01 4.705697445091791664e+00 -1.594208098717770916e-01 1.906428433192020044e-02 6.821523392603410230e-01 8.719279546207587828e-01 3.694072920293223206e+00 9.285358292163149230e+00 2.894281348600202719e+01
1.327936009339397358e-04 -1.563649005836660763e+03 -1.170252531497004006e-01 -8.338474757927175074e-02 -1.709985507666927251e+00 1.206724974707625648e+02 9.348300194524268303e-01 5.892185307909210135e-01 4.698446124975838245e+00 -1.775874805242823040e-01 -4.159983530636557347e-02 2.228630204075422172e-01 -4.606867393958452794e+00 1.847607142778207034e+00 8.741904715794390768e+00 2.973946245847236725e+01
1.183392234396808673e-04 -1.563764246611688577e+03 -1.215953101662842206e-01 -8.114589101440047858e-02 -1.883742513806888619e+00 1.374269783271310530e+02 9.494398940456073577e-01 6.027930202412105087e-01 4.704101791116459097e+00 -1.611435939385930105e-01 3.958015799329528406e-03 1.454673075071684918e-01 5.393787364875663570e+00 2.861228175401464568e+00 7.918569252122975577e+00 3.123297656121637544e+01
1.096290522891981079e-04 -1.563840699471784774e+03 -1.370785052527155046e-01 -6.199790791974532644e-02 -1.748314823569627308e+00 1.244979950007596727e+02 9.602427375993078940e-01 6.029026267183423826e-01 4.715730121268191688e+00 -1.539830699651356660e-01 -2.037163044566669967e-02 1.521758876047215325e-01 -5.315363935044246091e+00 8.397531291184368030e-01 9.082401078008061290e+00 3.213156792520899074e+01
1.495052387513201998e-04 -1.563530470452772079e+03 -1.274238332847014710e-01 -7.584841501018717291e-02 -2.273899209663445831e+00 1.368681509876071800e+02 9.649157964350407735e-01 5.942780483158063287e-01 4.707833349238196519e+00 -1.581695370634448317e-01 6.863384487285784097e-02 3.223401996903286770e-01 3.145494205875877469e+00 1.944081804962083382e+00 9.465580283515183879e+00 2.805403887663149476e+01
1.198836968649685797e-04 -1.563751279806784623e+03 -1.078545756470105366e-01 -7.645549830528476642e-02 -1.746425043670468691e+00 1.293312169307869510e+02 9.078240060845469417e-01 6.209281292103450145e-01 4.714999510487167811e+00 -1.623794393570223704e-01 -2.156335117722152361e-02 3.620358896574437102e-01 -3.784231652836382409e+00 2.794575979264024568e+00 8.668854720368045719e+00 3.618237091699783292e+01
2.725447628542406039e-04 -1.562929999018835815e+03 -1.254795256047949170e-01 -8.884784992495786682e-02 -2.004829385872752834e+00 1.358141473435877060e+02 9.769728573040273867e-01 6.052177228435655643e-01 4.713421038635846827e+00 -1.582182081074301472e-01 3.972208688426404066e-03 8.860890673077875812e-02 6.267742900352544666e+00 1.474612654296936221e+00 8.337423853520098405e+00 3.290183024816917623e+01
1.179620802032526017e-04 -1.563767438668193108e+03 -1.426429836905260262e-01 -1.077009764715519125e-01 -1.870490081127840876e+00 1.143728928911613707e+02 9.564584928115796858e-01 6.018492018704547641e-01 4.712187991236405971e+00 -1.636515069957846791e-01 -2.870824975037322702e-03 2.068323563881757088e-01 -5.479857279050293073e+00 3.274997903761400764e+00 8.078963087563838741e+00 3.076428649382389935e+01
1.381723156358672061e-04 -1.563609300316551071e+03 -1.265492742809505577e-01 -9.858985565937014584e-02 -2.154527475957466187e+00 1.199093315059017471e+02 9.230164543568138980e-01 6.010948525166397438e-01 4.708217892848797881e+00 -1.312201721156320833e-01 4.300587828036284144e-02 4.270445969834856803e-01 -1.368516189064905575e-01 3.087456657475895483e+00 9.213569960638047007e+00 2.996446580560674278e+01
1.432192749024515906e-04 -1.563573425040061011e+03 -1.146765469393769277e-01 -9.509219684402270278e-02 -2.280879260840143807e+00 1.179002468244028989e+02 9.454483417507593135e-01 6.155965863411676509e-01 4.714908492856020317e+00 -1.256919247033914111e-01 5.847826532278155298e-02 1.367514436259984201e-01 1.746094348852579969e+00 3.105942710789899586e+00 8.759442365261271846e+00 3.242897720711213339e+01
1.033150796184674952e-04 -1.563900018542450425e+03 -1.431900022943088935e-01 -9.584385729041344781e-02 -1.824125230836112666e+00 1.432305400599323093e+02 9.734226006727660918e-01 6.080717788653448030e-01 4.712102374728566190e+00 -1.527396533853844218e-01 -2.315909907245616850e-02 2.560539711135843000e-01 -1.732660527974019260e+00 2.818702496626079856e+00 9.185568079858374091e+00 3.517794040622268881e+01
1.535503621619613822e-04 -1.563503773281326630e+03 -1.257894706282282893e-01 -9.939688391098303044e-02 -2.213620170964344158e+00 1.254877947473404305e+02 9.720781205098213418e-01 5.816957279211116827e-01 4.706026779597688225e+00 -1.497875203186938009e-01 6.043528775191608915e-02 2.778629782935677084e-01 2.452114718963798623e+00 1.592779968642710209e+00 9.404643510882660706e+00 3.460547111895117922e+01
1.049688727928155751e-04 -1.563884138030188296e+03 -1.140932557058482039e-01 -1.040936408038928840e-01 -1.847758645449284920e+00 1.239940335348121039e+02 9.363256169500140391e-01 5.839280039381393728e-01 4.697090014264244218e+00 -1.591194953722121497e-01 -4.428450503265235483e-03 1.600103113805259325e-01 4.607585527138894577e+00 2.225265911620644133e+00 9.000579462237091377e+00 2.652241790747766714e+01
1.218497976517254780e-04 -1.563735012767368062e+03 -1.232165600230723385e-01 -7.309870513481113441e-02 -1.899066277191625352e+00 1.395881575291331274e+02 9.626536011258379766e-01 5.847470534063912151e-01 4.702995927565832623e+00 -1.439004567464394757e-01 1.168506246390044190e-02 2.557837430447928995e-01 -3.236639292309376970e+00 7.811278253210263145e-01 8.930933339338364974e+00 3.059558115005556189e+01
1.195601142250958673e-04 -1.563753982594009585e+03 -1.169840376368534718e-01 -9.200028667047248365e-02 -1.879073467262786012e+00 1.470064624445437858e+02 9.460839503487582514e-01 5.999197075877298335e-01 4.703923152851336553e+00 -1.665331154988791695e-01 1.861699393644333789e-02 2.263714788593846616e-01 -2.559948197379156909e+00 1.703759541736404870e+00 9.183473835182699219e+00 3.534425349464886779e+01
1.279921250004116638e-04 -1.563685833148211032e+03 -1.478815687134816814e-01 -8.610262346723142335e-02 -1.780919190564333121e+00 1.080767921474028554e+02 9.742948888039033584e-01 5.978461291055503501e-01 4.717007432120483124e+00 -1.734902692823516723e-01 -1.770348895112183740e-02 3.161193364001605582e-02 -3.923021154134573862e+00 2.172307704184972543e+00 9.365517192084782394e+00 3.366946161152828410e+01
1.218530079262200783e-04 -1.563734986421553231e+03 -1.437231446049715144e-01 -8.196395659508352860e-02 -2.265486044531645593e+00 1.250476466573560543e+02 9.556959871320591660e-01 5.958004392951055106e-01 4.703970805352272855e+00 -1.411769576015675653e-01 5.382712772920150712e-02 3.534918313256862898e-01 -2.628341824150624007e+00 1.652693112526915087e+00 9.681033608730182038e+00 3.277159586231304189e+01
1.243631605070004062e-04 -1.563714595887759515e+03 -1.030118982686979434e-01 -9.921146691397197959e-02 -1.760730438315583957e+00 1.476405858471582633e+02 9.138790929923549244e-01 6.244122150584073827e-01 4.712123364862438990e+00 -1.471906218650200771e-01 -2.241395633758980210e-02 7.293361273386921306e-01 -3.223808998152378535e+00 1.768433224830112671e+00 8.989998509091879697e+00 3.294809130384101792e+01
1.558682351383586869e-04 -1.563488790883018055e+03 -1.053340369474052574e-01 -8.309875427425601757e-02 -1.666877946632306262e+00 1.186685277374780014e+02 9.401079857985106258e-01 6.143314739122707202e-01 4.709747964427755562e+00 -1.499131217930229631e-01 -3.135765376635823998e-02 9.898270550473911578e-02 3.455923736589909367e+00 1.823484114392925903e+00 8.291819437925118663e+00 2.836350741016268984e+01
1.917100808374423097e-04 -1.563281817651606616e+03 -1.343692065713605333e-01 -1.151032446965958855e-01 -2.106877296577347014e+00 9.451426825674307963e+01 9.182332778047873623e-01 6.173993405409317070e-01 4.714046370929530383e+00 -1.629027039602162219e-01 3.338632383190698327e-02 3.385546195592155083e-01 7.465068088367559085e-01 7.171046353756649339e-01 8.642409227686108864e+00 3.438813483123981030e+01
1.079799552825399112e-04 -1.563855856276140912e+03 -1.400539560769121228e-01 -8.683649213843404324e-02 -1.841120244413138707e+00 1.571153548524548853e+02 9.684882100677765226e-01 6.037771683692243485e-01 4.711857292587679602e+00 -1.458577794329634081e-01 -2.621902675451881493e-02 2.236341454010186969e-01 -6.444812562438073655e-01 1.338393719563013562e+00 9.344284884282739512e+00 3.543240275448000887e+01
1.340425109034810492e-04 -1.563639644891616172e+03 -1.157238952242746755e-01 -1.076096065606292895e-01 -2.262344919107688312e+00 1.184852875960374092e+02 9.672786673465556539e-01 5.917044349286206817e-01 4.710192155092445709e+00 -1.548250656855847396e-01 8.018483403782838970e-02 3.454338520044279021e-02 1.253930657662607473e+00 1.523524569850720489e+00 9.081905806130553316e+00 3.017116788883333811e+01
1.158935676302211976e-04 -1.563785129637305999e+03 -1.403631602557463554e-01 -9.359892869374553115e-02 -1.844042079932471934e+00 1.494354045144175132e+02 9.528056738879416843e-01 6.055544753427696270e-01 4.704871359644531736e+00 -1.614273909841732468e-01 -1.952727618011618205e-02 9.459919308279579608e-02 -2.133573417611813738e+00 2.902326240681984970e+00 8.956255687020409084e+00 3.029913389159355575e+01
1.212947073261835671e-04 -1.563739578704730775e+03 -1.396293588482716563e-01 -6.351099774200004433e-02 -2.016402197784698203e+00 1.435633115796447612e+02 9.728276383116037929e-01 5.983605130721414422e-01 4.702371336354487674e+00 -1.388707087090370607e-01 1.521860515868267427e-02 1.394494480674513329e-02 5.982449060552227138e+00 2.277866751316470761e+00 8.625833505605084994e+00 3.050904852783464705e+01
1.676248405217930961e-04 -1.563416073496601030e+03 -1.235671294702692935e-01 -1.054041640624698573e-01 -1.975400199538434265e+00 1.492128895603661363e+02 9.659893227884920330e-01 5.799239861034555243e-01 4.701121999701175724e+00 -1.673027650265699329e-01 5.561834746966143328e-03 1.775062450199636210e-01 6.276147585545857055e-01 3.232672837140015965e+00 7.964888312742446352e+00 3.441586461326373581e+01
1.458848223037331770e-04 -1.563554984464762128e+03 -1.307229873562494593e-01 -1.051570514701510861e-01 -2.215076595937221171e+00 1.378148973420636310e+02 9.577028119884881674e-01 5.855321789395011578e-01 4.700146092412969878e+00 -1.400257718384279038e-01 5.119432385654887341e-02 4.568118054542690265e-01 1.763876410617996271e+00 3.009655705725422514e+00 9.468903284321040559e+00 3.169611081875478575e+01
1.799693506968025282e-04 -1.563345015324318410e+03 -1.332468773814142471e-01 -8.266873356201380474e-02 -2.405457024991122683e+00 1.039745822317631081e+02 9.530953700998100464e-01 6.029197601991346245e-01 4.713155926768045845e+00 -1.206089105872121259e-01 9.641588179802584868e-02 1.173445155557225651e-02 -2.142656806939214675e+00 2.296332645662979566e+00 8.856667639236203371e+00 3.350850776349933824e+01
1.302186336764803534e-04 -1.563668587051474560e+03 -1.133503881610570252e-01 -8.254446961442417352e-02 -1.927596693775059267e+00 1.293357388555692182e+02 9.363374736961490585e-01 5.932599450597788593e-01 4.703402232049315401e+00 -1.680818088958928591e-01 2.301970735106051436e-02 2.481173992523438843e-01 -2.162548212858666830e+00 1.737555426500891897e+00 8.092000592911041679e+00 2.934307364127519691e+01
1.669985781879069922e-04 -1.563419816588268077e+03 -1.258733615100684211e-01 -8.471210826293898433e-02 -1.725969652209974559e+00 1.322317879168176091e+02 9.409600419203332233e-01 6.145688613615476470e-01 4.713302945635751584e+00 -1.448204012233127447e-01 -1.538580895207086741e-02 2.384487350319356713e-01 -5.251958761202985215e+00 2.182978346357389299e+00 8.296629721784576361e+00 3.653767482058734117e+01
4.069766428246607173e-04 -1.562529046091645114e+03 -1.464565547155877445e-01 -8.649381575680199774e-02 -2.392717697019874024e+00 1.152150344098963899e+02 9.645774051093498613e-01 5.801619430854980664e-01 4.699015412884440579e+00 -1.174415201142511300e-01 8.555832173842436994e-02 2.570626123975661842e-02 3.387110148389581354e+00 1.760843063641326367e+00 9.004912428417943815e+00 3.586540244131697364e+01
1.328285807517564005e-04 -1.563648742456412947e+03 -1.202358111997786222e-01 -9.324145557107899052e-02 -1.579107514013175617e+00 1.720057532955964916e+02 9.803348697995776240e-01 5.765228579799517306e-01 4.706379376863504049e+00 -1.516563920564073520e-01 -5.363348586634053561e-02 1.145918578957488693e-01 -4.719262040803442915e+00 2.537238651403983525e+00 8.673240552795835612e+00 2.800843206791603279e+01
1.788345704994789593e-04 -1.563351340695440967e+03 -1.331748386887788016e-01 -9.962920939632274875e-02 -1.763098819099330861e+00 1.570015546443327707e+02 9.842370983384972627e-01 5.832604221230286434e-01 4.704535821115129579e+00 -1.499478999241543598e-01 -3.736041784582644354e-02 4.388560281664842522e-02 -9.455787601825704769e-01 1.233275719458526432e+00 8.435767971244235497e+00 2.922239086432720967e+01
1.046076768873565460e-04 -1.563887584945061462e+03 -1.279500097611647735e-01 -1.092587290773283509e-01 -2.373915851632749430e+00 1.016122214469449858e+02 9.502200640840499091e-01 5.960678290541506774e-01 4.709457453485279999e+00 -1.220784947503594786e-01 6.836936950740102326e-02 1.259077208488920685e-01 2.567831810341601795e+00 1.481165805251927203e+00 8.153401044043494750e+00 2.987635172209424184e+01
1.981906370591646693e-04 -1.563248572505886614e+03 -1.216963894726307699e-01 -7.807627746678817704e-02 -1.665083819228825091e+00 1.361885325153917563e+02 9.605602963995998334e-01 6.018058741910417009e-01 4.717039343086562475e+00 -1.609676814913081344e-01 -4.101594760720073118e-02 3.443571607058655837e-01 -2.311519685271463231e+00 3.746411288093165481e+00 8.518079748883522484e+00 3.264627057639002317e+01
2.486013414584652224e-04 -1.563021951311689918e+03 -1.315298568494497056e-01 -9.144704764316191614e-02 -2.209439068754425861e+00 1.306607935756323116e+02 9.326445531948728274e-01 6.212556298650182551e-01 4.713517614080388718e+00 -1.497566991676677617e-01 4.889339614774956821e-02 5.596290517013280397e-01 1.872963488968764523e+00 1.890470319418802170e+00 8.720233855672333334e+00 3.033148334956647929e+01
1.094552187790369483e-04 -1.563842286382116527e+03 -8.062788235546837490e-02 -1.255627145249886001e-01 -1.946083299119549137e+00 1.095121925717556195e+02 8.547206549785121288e-01 6.388299535340968838e-01 4.708452512846609039e+00 -1.508737589577200389e-01 9.229163940591034176e-03 5.986299790747732219e-01 -5.345202859922324024e+00 1.698026988049772257e+00 8.998795864466501371e+00 3.330858022228721893e+01
1.937390599461211833e-04 -1.563271289684958674e+03 -1.497744339407153791e-01 -8.324581382712327449e-02 -1.976342527312023201e+00 1.521220133899712721e+02 9.753389214178891375e-01 5.734621187237683992e-01 4.701860471203192837e+00 -1.550843537478443501e-01 2.009680123172619126e-02 1.732054364102255661e-01 4.438671549261556493e+00 9.019823555854733499e-01 8.520485283116885356e+00 2.768272970340268557e+01
2.202763871811340131e-04 -1.563142918823573837e+03 -1.144200336530747375e-01 -1.087042371947029851e-01 -2.247806510866971585e+00 9.483032379162172276e+01 9.167551215600440173e-01 6.118012765411582343e-01 4.702738668679520728e+00 -1.597376174326039511e-01 6.272260560070042068e-02 1.636316845119327457e-01 9.967216719002749414e-01 2.882937718635014690e+00 9.159864275582908277e+00 2.882771406806561387e+01
1.367853852784045024e-04 -1.563619388720082497e+03 -1.182678691689604128e-01 -1.078598557191638302e-01 -1.845781221973538999e+00 1.543021668848101910e+02 9.321567103195188553e-01 6.019609468660298557e-01 4.707031177903183483e+00 -1.502300462787098390e-01 -2.549522382815605503e-02 5.471165090168091938e-01 1.954721419419712447e+00 2.383505447134837141e+00 8.824471033860747937e+00 3.322757724587643935e+01
1.499608525697924413e-04 -1.563527427609637471e+03 -1.208542295842606334e-01 -9.082896039173402047e-02 -1.582239818027588285e+00 1.470907885581186463e+02 9.646788724140940019e-01 6.038099607152811465e-01 4.711520342814150553e+00 -1.496940746334609607e-01 -2.896182578338746261e-02 1.799435017111233326e-01 -5.469108909506985583e+00 1.836192916094159244e+00 9.468407377784426870e+00 3.008485587372022962e+01
1.377415986245878691e-04 -1.563612422430651804e+03 -1.340772628458624660e-01 -9.425035141563163632e-02 -2.313723912734410693e+00 1.098714788865166696e+02 9.611258826405701949e-01 5.949975319033762311e-01 4.713160156824995894e+00 -1.395267235776120884e-01 8.721484764390585731e-02 1.874125744580225350e-01 4.829970280495018642e+00 2.604214306386909428e+00 8.608349348389609190e+00 3.479363921060585341e+01
1.253627344065646250e-04 -1.563706590476561132e+03 -1.052782107213691976e-01 -1.045640857376933103e-01 -1.721926711732058690e+00 1.500882848421979077e+02 9.688499737619146179e-01 6.006718684298584243e-01 4.711711196546811919e+00 -1.559974323074446723e-01 -2.918638035248122264e-02 2.457625841440643777e-01 9.520719647621831427e-01 1.979634050851553084e+00 9.113298399066160016e+00 3.032541065613025921e+01
1.063503534435043053e-04 -1.563871063021763803e+03 -1.252440941306649513e-01 -1.002528598384909708e-01 -1.892409374049786708e+00 1.129711032560434347e+02 9.401836088146698911e-01 6.040879091080157970e-01 4.712913167123510050e+00 -1.749882344785302912e-01 4.683221383574576180e-03 2.769701066188622329e-01 2.527337321396402103e+00 1.031384058861495312e+00 8.109953366201128944e+00 3.025880646558720599e+01
1.443260677274315598e-04 -1.563565726787807307e+03 -1.309635079002201830e-01 -8.535307651302345699e-02 -2.435353333163587486e+00 1.153041808735867306e+02 9.713916647235897317e-01 5.990763193751815763e-01 4.708892998638425809e+00 -1.362227720372317652e-01 7.684734909605483999e-02 1.806962473393363411e-01 3.774122594887728610e+00 2.047827506408861353e+00 8.295157205198133710e+00 2.719025541760022691e+01
1.711006876468872248e-04 -1.563395549686937102e+03 -1.338633983946503903e-01 -9.572360223142920010e-02 -1.857597443179076491e+00 1.298067760165318134e+02 9.804052106735150485e-01 5.924310771156313660e-01 4.711109885792385654e+00 -1.615148600505249554e-01 -9.213051533078608912e-03 8.928710368799962216e-02 -7.424864630621357264e-01 7.816206434955175197e-01 8.033235199195519982e+00 3.467778057655135626e+01
1.152158517900290547e-04 -1.563790994545664262e+03 -1.106637465410006960e-01 -6.824656091303306360e-02 -1.714382933111531671e+00 1.251875919950234106e+02 9.278178257926318340e-01 6.205027616380722755e-01 4.712437890837662735e+00 -1.489877229761109589e-01 -2.045411026406362964e-02 3.461985801108359295e-01 -9.615895240042817704e+00 2.975788027381631728e+00 8.566510331420751356e+00 3.058210025442198443e+01
1.211472351478361638e-04 -1.563740795261528092e+03 -1.235207744809790897e-01 -8.627402831214117662e-02 -2.140575884845375754e+00 1.137623424616585908e+02 9.692086753231282659e-01 5.965589637936281608e-01 4.701579190809995978e+00 -1.476761281027525463e-01 4.823356804692524591e-02 1.786976751785375184e-01 4.038601873537118081e+00 1.804325338820689240e+00 8.219031675045229690e+00 2.876899619647210926e+01
1.618169316631462725e-04 -1.563451336242022990e+03 -1.339940137700375289e-01 -9.643747108392701495e-02 -1.788649748204179435e+00 1.493957820299612820e+02 9.791744893737699407e-01 5.886111601233248170e-01 4.710835733637226852e+00 -1.551234921095843156e-01 -2.105802198886408405e-02 2.262534867274657371e-02 4.510084909176413248e+00 3.202126608090383186e+00 7.863426311358501231e+00 3.239621431252004413e+01
1.359598538263703956e-04 -1.563625442237098696e+03 -1.106167743625015576e-01 -9.716818062326651462e-02 -2.036827000453689696e+00 9.861942416837713665e+01 9.166514161032919272e-01 6.118070199914441565e-01 4.709035161972622063e+00 -1.413358065690388798e-01 3.891861393788675905e-02 6.816193832242130324e-02 4.562757769611067715e+00 2.650102114335584069e+00 9.599701728484454577e+00 3.562021967831707769e+01
1.634389012325133570e-04 -1.563441362659074457e+03 -1.042454174046644755e-01 -1.056098841106426212e-01 -1.886001751913323199e+00 1.127593444013745057e+02 9.090837514660684571e-01 6.218589928423298163e-01 4.711990725700104576e+00 -1.573149592314753153e-01 -2.753610159467179130e-04 3.779052383355803180e-01 4.316290937225403468e+00 4.094975533083577979e+00 9.042810147958268985e+00 3.240573802456769670e+01
1.215613656990794549e-04 -1.563737382684044633e+03 -1.418608316767972222e-01 -6.764494837749869538e-02 -1.974301367144610353e+00 1.104872346028893730e+02 9.612613930193141254e-01 5.730186953982154829e-01 4.692704151985447325e+00 -1.660359293991535701e-01 2.049129786385806007e-02 1.753493738432925497e-01 -2.666838127625823063e+00 2.648776231496396960e+00 8.839282110359224731e+00 3.016984008205025702e+01
2.539853658396878369e-04 -1.563000525236249359e+03 -1.310855348923532504e-01 -9.755427783306738765e-02 -2.054610928694331928e+00 1.170471234051073139e+02 9.622112458876336261e-01 5.864271539707843761e-01 4.707419414680292569e+00 -1.611600732791043100e-01 1.830436023519488309e-02 1.164062999904513368e-01 -6.695444015804810078e+00 1.189528804106720905e+00 8.659768291929935913e+00 2.874456929499968894e+01
1.910727791821620455e-04 -1.563285147488496932e+03 -1.394214606890339658e-01 -8.110879546571714283e-02 -1.947385366647226501e+00 1.370275862111881509e+02 9.776765929496482599e-01 5.849989887994246907e-01 4.708423490294834757e+00 -1.513324263683191173e-01 3.319725501908643572e-02 1.310857845795798116e-01 -1.282702751544320563e+00 1.852443133344872095e+00 8.040512432284319999e+00 3.598607306994061616e+01
1.961536762400150930e-04 -1.563258903472340535e+03 -1.258370765879157083e-01 -9.519276572176152418e-02 -1.946814833233064590e+00 1.177725944291099012e+02 9.724012150468317461e-01 5.996412366935279792e-01 4.711644124774183595e+00 -1.453324610668467187e-01 2.090457842829507307e-02 2.393805942838325984e-01 -5.264114672799337313e+00 2.569982687693816992e+00 9.277330089435764648e+00 3.300252650646196173e+01
1.350523776372382465e-04 -1.563632139201112977e+03 -1.130818370553058339e-01 -8.185332722312951836e-02 -1.856896281571329910e+00 1.380025673586356163e+02 9.724278637097030220e-01 5.887579037780716895e-01 4.699320850707140451e+00 -1.748576610241223683e-01 -8.027374742342274772e-03 9.502114719411765276e-02 -5.239140863197860654e+00 2.262481034173147165e+00 9.348537957001523679e+00 2.779020548539801183e+01
1.241679269602881017e-04 -1.563716166987687984e+03 -1.268941844114999939e-01 -9.360113593758900841e-02 -1.891043972170573850e+00 1.205398841479535434e+02 9.190541307879711574e-01 6.049536561818156244e-01 4.700387745998497735e+00 -1.663804237059871571e-01 1.722097513424003523e-03 7.162010466146785381e-01 8.580769477107139664e-01 2.557402095907379547e+00 9.014375561949616866e+00 3.000976688189738084e+01
1.120529673735191163e-04 -1.563818830204323604e+03 -1.204637004920480065e-01 -9.529337905495507965e-02 -2.264163311514642007e+00 1.229096872983528783e+02 9.676262310402712341e-01 5.869419831212494554e-01 4.703779455481386762e+00 -1.513682548694106345e-01 4.048278568074503703e-02 2.016127034002742346e-01 -3.390825302106748040e-01 1.858255775809225518e+00 9.393744285023819529e+00 3.394863555660243293e+01
1.230347598183595989e-04 -1.563725334971205939e+03 -1.229973168778147052e-01 -7.533940250664795946e-02 -1.936131414411188745e+00 1.398786959707474296e+02 9.708981345174925170e-01 5.877645435818740216e-01 4.702759635353706003e+00 -1.606693013938236270e-01 -5.236484887134462696e-04 3.740319813722870479e-01 2.869528605114624042e+00 3.708211146168149952e+00 8.861962457337945409e+00 3.236993334865667293e+01
1.146283465598197152e-04 -1.563796106760929661e+03 -1.386372916972127833e-01 -1.019027922629006377e-01 -1.886163644408085149e+00 1.439749600166985601e+02 9.431218436486737966e-01 5.923340615968435419e-01 4.708390562801767487e+00 -1.458305093686906861e-01 -1.600027520522573354e-03 2.032482864462674399e-01 4.133204768070612545e+00 2.980106735112397764e+00 8.654411764463576517e+00 2.794066143301188276e+01
1.455936347333364883e-04 -1.563556982469487593e+03 -9.376561645846517856e-02 -1.191907125636397502e-01 -1.985386436161388213e+00 1.242227904332874715e+02 9.162101367118155038e-01 6.094996562342539503e-01 4.708048910976977197e+00 -1.701333939599547485e-01 1.018458883418960070e-02 5.854927541866263851e-01 2.047834418372929122e+00 2.084688052852889939e+00 8.519328775427826628e+00 2.974605923241613326e+01
1.132146935793595986e-04 -1.563808515927520375e+03 -1.118864956980374914e-01 -9.186648430462165948e-02 -1.937097372337831080e+00 1.135243551822948831e+02 9.418181563994826311e-01 5.824448433578468531e-01 4.701886811459487170e+00 -1.483353003121394842e-01 1.370019384847753763e-02 1.030416894426326446e-01 9.614600407803948201e-01 3.007789380585434991e+00 8.096801559591138897e+00 2.954877702967795372e+01
2.137494654888369861e-04 -1.563172997279626998e+03 -1.207751379683503212e-01 -8.864606832124126423e-02 -1.887604728038812185e+00 1.261415993618672644e+02 9.639543192191740717e-01 5.838288862127800627e-01 4.693436559876390746e+00 -1.735914338403821144e-01 1.037877034146905686e-02 5.258546556580379755e-02 -4.550238477882089683e+00 1.926204046072577114e+00 8.696654915477331826e+00 3.411854007227943697e+01
1.154952219549255536e-04 -1.563788572726053189e+03 -1.435390668199227060e-01 -1.013627584869618431e-01 -2.329035153845819828e+00 1.486407188679570766e+02 9.683204140391368231e-01 5.974071054400251768e-01 4.710547190613621815e+00 -1.556199880098034782e-01 6.497759921404200334e-02 1.124832406641927823e-01 1.190571079331928672e+01 2.212868508137955104e+00 8.229646371245348035e+00 3.198176642269034886e+01
2.465294081733812137e-04 -1.563030320597502396e+03 -1.125471252954322321e-01 -1.131374264806560281e-01 -1.851490364205093053e+00 1.330442855630028021e+02 8.935863000031747383e-01 6.146027129512523501e-01 4.705254407002684047e+00 -1.584063357593548105e-01 -6.248738620407756628e-03 4.887160956886401619e-01 -4.084271255780379306e+00 2.509429050069789113e+00 8.993844664805683564e+00 2.732344142053477754e+01
3.303192623278731078e-04 -1.562737742238432929e+03 -1.400770248600184675e-01 -1.439710306446738419e-01 -2.293230944247740766e+00 1.037736635633546172e+02 8.886410236355599679e-01 6.087652182254748023e-01 4.706032406256472456e+00 -1.605521701003214119e-01 4.821282567588358603e-02 3.504381001275608254e-01 1.501295005438436192e+00 2.546138902970840334e+00 8.892773545175369776e+00 3.249937860325602657e+01
1.320740208512985621e-04 -1.563654439357361753e+03 -1.299209550095911936e-01 -1.164731613193882298e-01 -2.088515294295174130e+00 1.474090109601469294e+02 9.533547312293260134e-01 6.012214319428772491e-01 4.711710948114647302e+00 -1.456702914535807913e-01 2.368499575801452650e-02 4.182154643044269093e-01 5.764710146158108728e+00 2.572710917107534634e+00 9.141207554951957803e+00 3.519440447137012029e+01
1.237164270050972756e-04 -1.563719809819091097e+03 -7.551149712128188418e-02 -7.456471291832245107e-02 -1.696491915851754628e+00 1.121868523002289066e+02 8.964774817089135039e-01 6.233843366796387730e-01 4.708574718835656370e+00 -1.581271241225037372e-01 -2.673766269883781632e-02 2.377663311543156410e-01 -1.789239232557804371e-01 1.684922297090052368e+00 8.854288658055931904e+00 3.071520857680631877e+01
1.355463810644547910e-04 -1.563628488009375133e+03 -1.463821090067012054e-01 -9.006051178088053666e-02 -2.135055205440047565e+00 1.101469888829724653e+02 9.696346986086885611e-01 6.118673676272471385e-01 4.716415526133750369e+00 -1.483827310646699260e-01 3.835026942888286605e-02 2.286047805496243535e-01 4.666755824143848486e+00 2.246030117358466249e+00 8.276677715809533709e+00 3.067531542056378768e+01
1.167551842032644473e-04 -1.563777722586929940e+03 -1.181119231995177155e-01 -1.085969731401769389e-01 -2.068216594370852590e+00 1.484428520254999455e+02 9.809889665782298707e-01 5.875828463951702219e-01 4.710026383988617837e+00 -1.628920249443579493e-01 4.068648388889251066e-02 1.948494884915990821e-01 -3.064940419266861227e+00 2.012820744403454043e+00 8.988182708620007233e+00 3.152610697128999107e+01
1.243009957458573631e-04 -1.563715095877491649e+03 -1.295283194739103305e-01 -8.488300467833131968e-02 -1.476309399243936893e+00 1.300652083896166857e+02 9.391500580414615662e-01 5.942511129990650787e-01 4.702171432300147558e+00 -1.468618742614546946e-01 -6.506815106811059124e-02 7.725722604800816518e-02 -1.104409088933294925e+00 2.842655900725632456e+00 8.820050504160459326e+00 2.741975570188493094e+01
1.681304341342210629e-04 -1.563413061814982029e+03 -1.335456427961035919e-01 -1.091074812395429749e-01 -1.747906879614567588e+00 1.262898106298725338e+02 9.713494825181355763e-01 5.831384940493171687e-01 4.701403420833885960e+00 -1.652035893465377825e-01 -3.584447511748267701e-02 2.441820289411086309e-01 -1.603195832610367688e+00 2.005304161679766217e+00 8.650096380873883106e+00 3.182662356452226149e+01
1.746398520965674651e-04 -1.563375076021467066e+03 -9.746814402994175008e-02 -8.870682691434106371e-02 -1.829852580081675173e+00 1.419929594585313737e+02 8.949635434081970597e-01 6.222760980929069596e-01 4.708131017167287879e+00 -1.469921396270585934e-01 -3.693578019464682782e-03 4.879906580926793302e-01 2.688821585015830351e-01 2.916920732043748465e+00 8.802660133806039511e+00 2.845500026265867888e+01
1.110971891303733062e-04 -1.563827396490834872e+03 -1.236524562034860275e-01 -8.571821809527957470e-02 -1.702228969605183551e+00 1.093794165914953993e+02 9.198231289547899037e-01 5.977345512272267403e-01 4.703524491646994932e+00 -1.619500061943477398e-01 -1.455774712472646115e-02 3.254601748205286360e-01 2.656815125736841310e+00 1.204009539972017429e+00 8.751456692962511497e+00 2.990870095956288566e+01
1.264370435754799443e-04 -1.563698057381764784e+03 -1.252203806249053974e-01 -6.753138330550939594e-02 -1.828990900197584146e+00 1.241881099209967800e+02 9.535750081650447019e-01 5.932481931644514317e-01 4.704700340002753833e+00 -1.646299504827490878e-01 6.422021906712815920e-03 6.068670998061102828e-02 4.223045409890517021e+00 1.957421987753393822e+00 8.577796320728857893e+00 3.813093795509070105e+01
1.268385355418524764e-04 -1.563694886982912521e+03 -1.412870707304438034e-01 -8.999917502976698125e-02 -2.206880615311565208e+00 1.441621550403681340e+02 9.819180217122812637e-01 5.708969071199756495e-01 4.704889035806413489e+00 -1.449924721598270239e-01 5.451981458295773741e-02 1.656448824199643344e-01 1.149408705591980606e+00 2.818777393059135328e+00 8.533625241189501054e+00 3.621152343355061021e+01
2.422100254584444619e-04 -1.563047996663236518e+03 -1.480697903615842137e-01 -8.366048153990912617e-02 -2.337958200381482499e+00 1.194030226764548672e+02 9.592365833859369806e-01 6.076315914159906573e-01 4.710133108624271259e+00 -1.285267460296009023e-01 5.853926865287117920e-02 1.701548904113769356e-01 -2.747128647213429531e+00 2.369258389458561709e+00 8.975750952943229777e+00 3.539348930928598236e+01
1.732855689843751509e-04 -1.563382860965422651e+03 -1.082800522483379213e-01 -8.498639282389927607e-02 -1.847167866361680844e+00 1.352849772042235941e+02 9.250192424098121480e-01 6.146928672900802137e-01 4.714006876944347724e+00 -1.576003106018668554e-01 1.099324731374307085e-02 2.455915551253083917e-01 -4.456815502835183906e+00 1.662068901779667485e+00 8.957413146157943373e+00 3.126464455185151792e+01
1.120286850699367924e-04 -1.563819046931605044e+03 -1.065072948619603527e-01 -6.477481572528107079e-02 -1.753796294140554712e+00 1.191808665617621017e+02 9.429999570642525475e-01 5.915646919763846157e-01 4.703139087773914540e+00 -1.543887675303217133e-01 -2.793635862401600001e-02 3.129139619558125029e-01 -1.930341559916655569e+00 2.024072622669903510e+00 8.868504117790276808e+00 2.679694622524064584e+01
1.842051550197649579e-04 -1.563321751777381905e+03 -1.360608373150924144e-01 -7.996580038668317514e-02 -1.593649033611993948e+00 1.088365389197443989e+02 9.512181005545876644e-01 6.042824425386318365e-01 4.710951818525608736e+00 -1.570331612210260630e-01 -5.399840941143541073e-02 2.995037449374299277e-01 1.837968522411870254e-02 2.939044081987973733e+00 9.067634060090146164e+00 3.265624275986633762e+01
2.471117828060585809e-04 -1.563027961090583176e+03 -1.074868156914257911e-01 -9.015329871454713651e-02 -1.950789298054872667e+00 1.141589383809083529e+02 9.216551485654432829e-01 6.124388553316715278e-01 4.710049794050668481e+00 -1.670649839786684243e-01 2.231231783015852344e-02 4.188975803345480475e-01 -4.785650840781784154e+00 1.592463527055665296e+00 8.424771722952639763e+00 2.957741771467625824e+01
1.228240163414259897e-04 -1.563727049317399633e+03 -1.327024861560524294e-01 -9.547697017407279219e-02 -2.393500519168352270e+00 1.467194639160632619e+02 9.709681235758524931e-01 5.923121554454375826e-01 4.708485466106039574e+00 -1.485594643087053690e-01 6.410453284873018909e-02 1.777554762894235363e-01 6.196477396069099086e+00 2.244453263461343440e+00 9.133886660085632769e+00 3.853056624679940256e+01
1.111024378913786693e-04 -1.563827349247182156e+03 -1.100940429211851590e-01 -9.041367155258528410e-02 -1.970045889240403580e+00 1.396911900926944554e+02 9.332256257213213946e-01 5.994613539306685723e-01 4.703549738697280880e+00 -1.796165259159951955e-01 2.785017261455147164e-02 4.396782239574755780e-01 -1.878531654977678045e+00 1.917758288839666037e+00 9.069907915245423169e+00 3.356270589085064415e+01
1.230877094354509732e-04 -1.563724904700714433e+03 -1.313894626922951780e-01 -7.703540642381953574e-02 -1.726951121861791005e+00 1.113793402571366187e+02 9.629699258864554690e-01 5.990383312867506582e-01 4.713005290250624313e+00 -1.594095034949676304e-01 -3.214702557220605605e-02 2.419828347647613731e-02 -5.417428384739395142e+00 3.417333263786903608e+00 1.007143104494601005e+01 3.420944808941883508e+01
1.435495217166693005e-04 -1.563571121812066167e+03 -1.436549422924266739e-01 -9.711326316877408327e-02 -2.329491627732384273e+00 1.174491487661380376e+02 9.450339811213521735e-01 5.982698811596798283e-01 4.709180471015073977e+00 -1.453261566256331960e-01 6.515288456013812457e-02 2.106691094818441412e-01 8.729330828284417976e+00 2.556682899492401795e+00 9.580684421187978472e+00 3.696572630506689450e+01
1.337549262925327557e-04 -1.563641792669612187e+03 -1.415752530938720888e-01 -6.488873382412389812e-02 -1.864240016497155983e+00 1.329029950962380724e+02 9.683102594473030900e-01 6.067735475961768543e-01 4.712891001667970592e+00 -1.462813523724513232e-01 -1.924743826055363982e-02 4.312100292886578840e-02 -1.456985498464376860e+00 3.192689667026793465e+00 9.614385964430205433e+00 3.425315639721504368e+01
1.373029106509988440e-04 -1.563615612375048386e+03 -1.364295114593017944e-01 -7.334015464682093477e-02 -2.289217785499889857e+00 1.124554648593725688e+02 9.551700590483189757e-01 5.919396861752763694e-01 4.705092807961618995e+00 -1.302592350799793852e-01 6.453162647250110240e-02 2.585538725772070640e-02 4.033501965538505374e+00 1.830485635361700503e+00 9.624435695542278069e+00 3.786014670091297774e+01
1.585975444575986478e-04 -1.563471432060335701e+03 -1.320198671746325159e-01 -8.984068787039273252e-02 -1.872428688337496538e+00 1.119235330417212992e+02 9.741307685920512771e-01 5.909239866342039793e-01 4.705303141968959935e+00 -1.665956053586015173e-01 -1.793854510013392911e-02 6.677484616543394313e-02 -6.274581551226219744e+00 1.944809193534347003e+00 7.956712271576793505e+00 3.231147563892622543e+01
1.331055114392203000e-04 -1.563646659754001348e+03 -1.373671196595808996e-01 -1.022076992530800144e-01 -2.133320341042178825e+00 1.113804227031988461e+02 9.482939039741076215e-01 6.040673196694774649e-01 4.711595223922617315e+00 -1.798327003280966174e-01 4.092878384885123566e-02 2.439252850382055415e-01 2.706609254190652791e+00 1.991275592763908087e+00 8.239496166505100305e+00 3.470183258465486631e+01
1.384175301477248731e-04 -1.563607527188724134e+03 -1.481086850490695994e-01 -1.188360220260898242e-01 -2.425681671962792940e+00 1.045982078910734430e+02 9.364414365284434716e-01 5.989987495289466057e-01 4.709741797181422385e+00 -1.251136726148720513e-01 7.529898578263871656e-02 9.349508855747445946e-02 7.229000023494023708e+00 2.107916124405417868e+00 9.791346861948269975e+00 2.891205211213798520e+01
1.186142713997659690e-04 -1.563761925075272302e+03 -1.370573676857188838e-01 -8.828718317341027744e-02 -2.204357465729301246e+00 1.312321710556736889e+02 9.571112813533527719e-01 5.981026233020653171e-01 4.710835496902602060e+00 -1.647658905971249865e-01 5.847413965993619733e-02 2.580727974180068579e-02 2.651167985986262465e+00 2.447692633875675483e-01 8.867930337536854779e+00 3.210324771962369539e+01
1.094299431174968444e-04 -1.563842517331180716e+03 -1.187107905893411142e-01 -9.416940161153297684e-02 -2.075391426682103191e+00 1.119646925186000175e+02 9.447518934162640880e-01 6.192150744654012495e-01 4.713406999531404296e+00 -1.539524904317803866e-01 2.514295755617967920e-02 4.825567670350693339e-01 -3.336160010922952779e+00 2.425505465149746520e+00 8.441221725359660866e+00 3.501673067394506234e+01
2.982558837903141898e-04 -1.562839850098307579e+03 -1.220036159281398525e-01 -8.887101941493297241e-02 -2.133495004193131095e+00 1.311662486629156774e+02 9.616517433330842302e-01 5.811069965549782168e-01 4.703389845183661322e+00 -1.543649914130544865e-01 6.245093783528621323e-02 1.113882916528960154e-01 3.173112324085110458e+00 1.293580675560068727e+00 8.752505030307776934e+00 3.177270165598167040e+01
1.524092382804372622e-04 -1.563511232626750370e+03 -1.183069971636040163e-01 -1.242082184806366091e-01 -2.110181357836079741e+00 1.097761204498937531e+02 9.089111858439271607e-01 6.066257445506753054e-01 4.711360026254951094e+00 -1.691923224014282301e-01 2.547500700296101428e-02 3.366314444693515040e-01 -3.108322539243630445e+00 2.729406507508747026e+00 9.157860894744572988e+00 3.528573870203821627e+01
1.053505507835920875e-04 -1.563880508518436272e+03 -1.189261076845182230e-01 -1.258425893648765503e-01 -2.165164610448705229e+00 1.236063724451939976e+02 9.014900703979400465e-01 6.129220306453546652e-01 4.711250096587058067e+00 -1.649600669166191302e-01 4.252534058759227520e-02 5.974389277873810578e-01 -4.681677268415512572e+00 3.370526583179045410e+00 8.958317538580008232e+00 3.128795123355443408e+01
1.099533351945110456e-04 -1.563837745836524846e+03 -1.436716150614567589e-01 -1.098204556446065461e-01 -2.293997179503192374e+00 1.074762734827637871e+02 9.471257101767714959e-01 6.054979976630865401e-01 4.706701316888786124e+00 -1.605370985403351547e-01 4.170652048890599595e-02 1.754987212806521646e-01 4.332376163607307262e+00 3.103281918416911367e+00 8.791777890608143409e+00 2.880504488908086813e+01
1.584092397811183081e-04 -1.563472620077173133e+03 -1.213571386924744977e-01 -1.009967053056337327e-01 -1.841183603823168369e+00 9.928998481697419720e+01 9.304841270584770507e-01 5.994836713513017612e-01 4.703498263372898336e+00 -1.575629816639989578e-01 -7.379393175854787046e-05 1.930532630894802870e-01 -1.530021612905159145e-01 8.964926134681361347e-01 9.884775151316915753e+00 2.991712802572632413e+01
1.898128811548310986e-04 -1.563291763135940073e+03 -1.337280971847402966e-01 -1.154874480968562656e-01 -2.102006156044753382e+00 1.313900483825438243e+02 9.702305852501567074e-01 5.860569948703747700e-01 4.704746694529044149e+00 -1.777894239180071168e-01 2.951822591179587008e-02 3.520937210775301751e-02 -9.988993546985227567e-01 2.457674208907412172e+00 8.080036621859854051e+00 3.489650040719116930e+01
1.382872300590800348e-04 -1.563608468987471497e+03 -1.067272105022646633e-01 -7.646621238153063216e-02 -1.892945781264428362e+00 1.388310276295334518e+02 9.467709735461031784e-01 6.144307394972839953e-01 4.713456124235785083e+00 -1.451953388592197580e-01 -8.286315506875752135e-04 5.503993318456522621e-01 1.571099236800819199e-01 2.311503975061079963e+00 8.414385658246148481e+00 2.888101262837028571e+01
1.693280632096900887e-04 -1.563405963851155093e+03 -1.316759931138163364e-01 -8.642718090688639165e-02 -1.656539972961357909e+00 1.440843243421522004e+02 9.515965282696770000e-01 6.004887405350798346e-01 4.710076374291389811e+00 -1.484002144289520153e-01 -2.351555893615486781e-02 4.802707444176992357e-01 2.557077399987576882e+00 3.473027734904876596e+00 8.944439633918111809e+00 2.949224485990242783e+01
1.411424113127340873e-04 -1.563588032496831602e+03 -1.177028970490067161e-01 -1.094492627148914016e-01 -1.882578947985011464e+00 1.342988811751989715e+02 9.500745974623148182e-01 5.819923673988141033e-01 4.702163207178815973e+00 -1.710868959013471802e-01 -7.303355148263968033e-03 4.981627222558457913e-01 -1.813463625641020371e+00 2.984930031978638709e+00 8.798130387746239123e+00 3.529919178465157614e+01
1.206552138597607408e-04 -1.563744864880914974e+03 -1.004188806483224394e-01 -1.002949995781096115e-01 -1.808297023284560767e+00 1.223936385320415781e+02 9.244817248280560174e-01 6.183514107376086866e-01 4.715187811805089169e+00 -1.563395277459038724e-01 -1.571755196338564531e-03 6.214307859232274245e-01 3.320123934745851102e+00 2.821458113489216935e+00 8.252598220606643054e+00 3.196286353858501883e+01
1.416897742006108653e-04 -1.563584161907844418e+03 -9.784536539051155724e-02 -1.114027202618039225e-01 -2.068469468150506252e+00 1.123104757271589165e+02 8.709238052988199641e-01 6.340469563620745319e-01 4.714713366489322155e+00 -1.619849013093261902e-01 3.595156032725266293e-02 5.242436367226476213e-01 -9.917940320406728461e-01 3.011223549504560282e+00 8.881444190103838565e+00 3.052431037233615996e+01
2.392409658846969241e-04 -1.563060330617331147e+03 -1.410833546422751994e-01 -8.777785870749624242e-02 -2.460589866608885234e+00 1.518940511448937798e+02 9.682333098777995417e-01 6.053650581332973291e-01 4.718330842170330719e+00 -1.299326812219210314e-01 8.620265783034963825e-02 1.676061640749198778e-01 2.654948757500790180e-01 3.441094440467584725e+00 8.724171130690905329e+00 3.152679525513091363e+01
1.531908905531224451e-04 -1.563506117092406612e+03 -1.196856586287535079e-01 -9.624615739069947162e-02 -1.802955718501294768e+00 1.215129320394793382e+02 9.639157139950867981e-01 6.035714471654189950e-01 4.707690026904861824e+00 -1.567827791134108750e-01 1.076049558673042306e-02 5.170815221855451504e-02 5.963640386541442240e-01 2.427678588476367416e+00 8.054623773325220171e+00 3.056776492569990467e+01
1.413186775598117284e-04 -1.563586784422127494e+03 -1.105042375332836169e-01 -8.372025185754518317e-02 -1.797816007579599473e+00 1.533571250818120006e+02 9.446450275557211063e-01 6.036194602512288121e-01 4.709986482924947815e+00 -1.504586262553622156e-01 -2.513372801040691940e-03 2.726232545605969948e-01 -2.066273514893225638e+00 2.567656044464072806e+00 8.592767279043677320e+00 3.849677021282160894e+01
1.747039768809846984e-04 -1.563374708905864509e+03 -1.255877099136442632e-01 -9.729389081384125226e-02 -2.087230048930598159e+00 1.196847235936943576e+02 9.391403890406514465e-01 5.944854079448442796e-01 4.698891339105388809e+00 -1.482741938054894515e-01 3.568135012004480799e-02 6.171612054185937613e-01 8.278371350181430444e-01 2.533736693337895751e+00 9.201435712338890127e+00 3.501809405121469609e+01
3.715510374930800592e-04 -1.562620115649866420e+03 -9.348079388235834564e-02 -7.990753703906645911e-02 -1.722186462667709916e+00 9.141684580698156992e+01 9.080269894013078824e-01 6.037528581916007386e-01 4.704157412919626857e+00 -1.452592788972348892e-01 -3.266923177069447348e-03 5.580563952879556006e-02 7.366147601601369388e-01 3.205344598018911029e+00 8.866406982309115392e+00 3.133786837240326406e+01
1.158813117848224851e-04 -1.563785235393766243e+03 -1.209556045734088287e-01 -1.086140184010214171e-01 -1.759861398974413405e+00 1.293276675698155316e+02 9.247428553992738109e-01 5.928989557507780006e-01 4.704048479441216735e+00 -1.627646558609052718e-01 -3.468733045443617158e-02 2.578701607750922831e-01 -3.592412650000596841e+00 2.514556335774464912e+00 8.745285595906260312e+00 2.727224719429965916e+01
1.397175186129394082e-04 -1.563598179226735510e+03 -1.309708820900684356e-01 -7.810923566780085536e-02 -2.239737799581291267e+00 1.305670404429442044e+02 9.791132440228138556e-01 5.884896354776800731e-01 4.704625021572502952e+00 -1.433080936132460348e-01 3.112429195168142648e-02 5.072540530092686795e-02 -4.823014400437841687e-01 1.957846245392302897e+00 9.089188304718609501e+00 2.743030188112527412e+01
1.074140271721359591e-04 -1.563861111106440376e+03 -1.414118193574127880e-01 -9.347094977720205033e-02 -2.358542930812358662e+00 1.592663697849735343e+02 9.864131198996204386e-01 6.028352846868558768e-01 4.717504084375830686e+00 -1.307108400696712636e-01 6.845188393487644518e-02 2.144708718212846588e-01 -3.484108625752838861e+00 2.073136538045972088e+00 8.568208244811748031e+00 3.147824271340049407e+01
1.042417936254186583e-04 -1.563891088747444655e+03 -1.297783095068653914e-01 -9.479821757193467036e-02 -2.135101722202549457e+00 1.186136563907866872e+02 9.394297913682336798e-01 5.931996339944890506e-01 4.706730915773825075e+00 -1.433593493874441016e-01 4.394393813967023554e-02 4.913480626895987413e-01 6.760969950458274980e+00 1.086798575958836111e+00 8.667925661288045092e+00 3.112846799772517414e+01
3.862109181353601695e-04 -1.562581418246532166e+03 -9.157633909848972298e-02 -7.858287101702109145e-02 -1.599017655153333495e+00 1.336767055972419200e+02 9.090458812827111323e-01 6.233046570702952538e-01 4.714324929191893609e+00 -1.543726554385072003e-01 -4.022508251512491029e-02 7.107125357252108699e-01 -3.822861486403439812e+00 2.472702380190927585e+00 8.800065044710091655e+00 2.949197992814722724e+01
1.196744129459686182e-04 -1.563753027056939573e+03 -1.046816317847236028e-01 -8.243952161291157044e-02 -1.798902735461307412e+00 1.418404159471237449e+02 9.178813730534326476e-01 6.177950970174610479e-01 4.713391596084692381e+00 -1.639175906309995323e-01 4.174670491869481026e-03 2.745051310467664929e-01 -2.015581919406855604e+00 2.628369378234185483e+00 8.972570163844007851e+00 3.127053777428256964e+01
1.313372375520968421e-04 -1.563660033539061715e+03 -1.295763006064036271e-01 -9.366022137542087678e-02 -2.150619097518675638e+00 1.004179253337689204e+02 9.049998207536853467e-01 6.050941208846545294e-01 4.702670172348813793e+00 -1.607134390781987943e-01 4.552987070077807452e-02 7.838248310025865140e-02 4.040764283121092149e+00 2.809785007682363833e+00 8.662310806031969790e+00 2.875288787390306666e+01
1.194467438772581935e-04 -1.563754931272698059e+03 -1.226007058389191884e-01 -7.734286279988485113e-02 -1.862339012943296623e+00 1.490662941613342412e+02 9.669367686789774874e-01 6.034914292443700479e-01 4.706889386208352732e+00 -1.679388213195034396e-01 -1.840970872779790213e-03 2.233775725693935288e-01 -7.674172019002725165e+00 3.928855491553751023e+00 9.063767859411321126e+00 3.156135808947702159e+01
1.378365693273993925e-04 -1.563611733183696742e+03 -1.394193834467203630e-01 -7.909522242320633778e-02 -2.022347175672060349e+00 1.222449002835242311e+02 9.642215872250838871e-01 5.839018947479837074e-01 4.710064680587093378e+00 -1.608741194928218210e-01 4.467711222338111021e-02 2.189412737257813435e-01 3.976686666218057553e+00 1.966555926609769855e+00 8.773769972017952057e+00 3.264777825465458960e+01
1.801178377780991019e-04 -1.563344190595783402e+03 -1.143145821659825034e-01 -8.433236696771273522e-02 -1.643131430876797028e+00 1.077670314279291546e+02 9.151536917905174207e-01 6.019571638458013352e-01 4.704691992245084720e+00 -1.498074833434506203e-01 -2.301211426943283733e-02 2.940834947789440212e-01 -3.323271537064556469e+00 1.445845729200923024e+00 8.290948065704185410e+00 3.472670314791326263e+01
1.045655661679264917e-04 -1.563887987584704888e+03 -1.221315018403286018e-01 -7.509956434844798634e-02 -1.699818329447905008e+00 1.350226511129562823e+02 9.118207153486794780e-01 6.117549647823634640e-01 4.708220506776882530e+00 -1.458146723307973680e-01 -1.689190058964551433e-02 5.418251698242574355e-01 2.885235652271092022e-01 3.179667871486269171e+00 8.334993491230457963e+00 2.975103893909647468e+01
1.381029120453336522e-04 -1.563609802740113082e+03 -1.103941286208023898e-01 -1.116559951649145899e-01 -2.073457604798974785e+00 1.650342402614466550e+02 9.024557070252996471e-01 6.184494280442003333e-01 4.705979742040932834e+00 -1.456500889860663506e-01 3.313511531329083049e-02 8.714861620393165031e-01 1.350454907137702776e+00 2.023355950299454697e+00 8.666456766572515846e+00 3.032812114941962989e+01
1.148859987723993483e-04 -1.563793861565140787e+03 -1.277366847800749106e-01 -7.905147121592713544e-02 -1.703474796509052647e+00 1.254852829103035106e+02 9.311947207435817830e-01 5.940955764443858200e-01 4.702288605583266445e+00 -1.510636718299505077e-01 -4.614066130192506776e-02 2.449904371272852155e-01 -1.419834685572311628e+00 3.251358386268776712e+00 9.459195142968113146e+00 2.893911113583225259e+01
1.346401005074194157e-04 -1.563635196590431406e+03 -9.784024340737079717e-02 -9.702557299846847894e-02 -1.803329752975645572e+00 1.259790508663316757e+02 9.301580118885571791e-01 6.034106318926217849e-01 4.702081354199189711e+00 -1.501176132401920160e-01 -3.576510149295275554e-03 4.600642177100671693e-01 1.668518192045979731e+00 2.787201760645174886e+00 8.569735295860025914e+00 3.591382373277285467e+01
1.360214426747642538e-04 -1.563624989346769553e+03 -1.459699138824874509e-01 -1.137173725806809865e-01 -2.259627875922119777e+00 1.148196554007037520e+02 9.371707990519019260e-01 5.977928687460285495e-01 4.699046635255246684e+00 -1.526036938004584620e-01 5.944988459127564795e-02 7.552126838144747334e-02 7.967540278981090296e+00 2.505004099926488870e+00 8.608110846800464344e+00 3.609937285256148698e+01
1.251169012188824657e-04 -1.563708553376786540e+03 -1.342160097334876845e-01 -1.100852050731659371e-01 -2.152296923937710105e+00 1.177302457104135556e+02 9.517595482372215310e-01 5.983078783535081824e-01 4.701113565469482225e+00 -1.706099145425810093e-01 2.502573018016307493e-02 1.101432765626276095e-01 1.940628816555033609e+00 2.805411701798932178e+00 8.583073560136433855e+00 2.720107398681659205e+01
1.548225813174463987e-04 -1.563495522062142982e+03 -8.940300038636667113e-02 -9.489767960293285509e-02 -1.762757556930710123e+00 9.481707251513759616e+01 8.852304353203087617e-01 6.185934712482925590e-01 4.700272927113275934e+00 -1.533956902212230133e-01 -1.920551743553855495e-02 2.682755586056589925e-01 -2.874535303182113921e+00 2.631056375374529743e+00 8.049103010700942917e+00 3.536986354036319824e+01
3.636155529143117416e-04 -1.562641704750623376e+03 -1.472866214818259745e-01 -7.099013305824306008e-02 -1.752629384827168346e+00 1.594466628888417858e+02 9.811607281939886960e-01 5.787250376563679577e-01 4.701823578746772370e+00 -1.667810223354022625e-01 1.452789491532158195e-03 1.263708183580773692e-02 4.747516587652256703e+00 2.573544527965765383e+00 8.979568496977673675e+00 3.413703670772360965e+01
2.493754455294551020e-04 -1.563018842312576908e+03 -1.127931440923482381e-01 -7.011540848028466333e-02 -1.802435684541988881e+00 1.166484589173442288e+02 9.619479417002572141e-01 5.930605373799830993e-01 4.709562385175301458e+00 -1.421181164102480743e-01 -3.973064990739905156e-03 2.483860804608113010e-02 -3.034579809167325948e-03 2.013068003130613626e+00 9.641985406212082665e+00 2.682213827726243238e+01
2.759184136300866673e-04 -1.562917696667575228e+03 -1.227320678186951397e-01 -1.115125875556564894e-01 -2.043363124542836751e+00 9.840133515181328505e+01 9.219426052447946551e-01 6.230657385175841778e-01 4.716460770530981783e+00 -1.742321544372040787e-01 2.283881734874571023e-02 1.076583629011978738e-01 -7.751229555474878907e-01 1.892545998929184847e+00 8.821621184241234204e+00 3.622546773932234032e+01
1.369320208806143046e-04 -1.563618317282074258e+03 -1.316681625226060748e-01 -7.729051990258659077e-02 -1.914940674786426822e+00 1.024122383280620312e+02 9.624835149060689821e-01 6.007901436848135379e-01 4.713248920515676232e+00 -1.652852389757906160e-01 1.066594094439898832e-02 1.726442606737942642e-01 -1.453299640312508245e+00 2.942541278491694889e+00 8.976154472903118631e+00 3.980915375230375730e+01
1.163228396952298001e-04 -1.563781432460530823e+03 -1.054565541589567029e-01 -1.081655065588765230e-01 -1.924526685457893738e+00 1.073027794655473599e+02 9.029970154847961616e-01 6.103632766718638525e-01 4.702013487392131097e+00 -1.455580354810981358e-01 2.131328836387136327e-02 1.023100882558309888e-01 2.330514148836698496e+00 3.039089084688750830e+00 8.710699948471066989e+00 3.008264421361450758e+01
1.084220083372485751e-04 -1.563851770789464354e+03 -1.190856428071049161e-01 -7.227559647233379458e-02 -1.802383708757607561e+00 1.207119334937486173e+02 9.289781778080081764e-01 5.977642835416343559e-01 4.707085548887958382e+00 -1.481863825076776831e-01 -6.534442334515500050e-03 3.719380431690036404e-01 -8.319419203529236029e+00 2.589640590575981172e+00 8.684740340711760709e+00 3.562115480889504937e+01
1.535423647552913479e-04 -1.563503825365964076e+03 -1.021221464196505335e-01 -7.044580971834370209e-02 -1.839235117922333185e+00 1.099862078314463218e+02 9.337102157406822478e-01 6.135638219238901403e-01 4.704898902094397428e+00 -1.571183802700377719e-01 -2.989024374296267439e-03 1.395916708555647867e-01 1.556703519258348933e-01 2.960959128754048209e+00 8.993408450843620727e+00 3.627956657769914983e+01
2.806813430653498013e-04 -1.562900581871389932e+03 -1.397534674727257675e-01 -7.916841128588426868e-02 -2.314219202259355068e+00 1.098802329670483857e+02 9.581745616552442835e-01 5.997762716242233116e-01 4.705339549911615293e+00 -1.396637931461226501e-01 5.777813501179673850e-02 2.929714667757056801e-01 1.350920186283332214e+00 3.016974540045791464e+00 8.438422587631610128e+00 3.097632723764587226e+01
1.872872174608238547e-04 -1.563305158526020932e+03 -1.101908328109556523e-01 -9.165323326359062217e-02 -1.776353920881609705e+00 1.550124426354985872e+02 9.483469714268542017e-01 5.980621266380953260e-01 4.702983241206846188e+00 -1.705519433345574765e-01 -1.525479651580985418e-02 3.098246952850697844e-01 -6.635010201792937323e+00 1.870784736173414231e+00 8.731666413622996004e+00 2.790616941164925180e+01
1.580613416182474198e-04 -1.563474818691031487e+03 -1.379896805758652201e-01 -9.877682284851813099e-02 -2.253920743426733431e+00 1.060408600466436724e+02 9.701621308408081568e-01 5.878118280949299335e-01 4.702068509944565378e+00 -1.548926368673830822e-01 4.917268408816721781e-02 1.730744065733672843e-01 3.050814933713184018e-01 9.041171367790701296e-01 8.082632078129536879e+00 3.179610712765013147e+01
1.304430261582393907e-04 -1.563666865336533192e+03 -7.073317278366499095e-02 -9.362325990331757386e-02 -1.836032626184947336e+00 1.033610507374962282e+02 8.704485490605763376e-01 6.201557214210087210e-01 4.706403278743708896e+00 -1.651453865610998939e-01 2.859758603298567792e-03 3.872426993270483564e-01 3.330814465995928231e+00 2.563879353365883240e+00 8.428199893877996729e+00 3.043715366159050006e+01
2.988346122287257700e-04 -1.562837911602808163e+03 -1.150675469529066908e-01 -8.535680400466071072e-02 -2.202287134654409950e+00 1.233607814403504932e+02 9.627377603175267806e-01 5.898460105031462231e-01 4.700855247209752008e+00 -1.444036817961502628e-01 5.237196557776813144e-02 2.728846129676215648e-01 1.451643910029588369e+00 2.480800056918197605e+00 9.418133947789563365e+00 3.146745741013013031e+01
3.612477618735327194e-04 -1.562648237842902063e+03 -1.178508679376437662e-01 -9.153033585480704892e-02 -2.018014436755707575e+00 1.391977282275917105e+02 9.832336051972477842e-01 5.974679394315585146e-01 4.709237090871890352e+00 -1.483705847514824594e-01 4.137797290212064105e-02 3.617017134782610221e-02 1.645835422652908164e-01 3.009122525533314274e+00 8.746689991168011602e+00 3.434521285806280133e+01
1.196707671752861594e-04 -1.563753057521481878e+03 -1.302990479324471484e-01 -9.798709985097905917e-02 -2.053704335684034987e+00 1.126334599791984488e+02 9.684631127911493831e-01 5.945322428354518074e-01 4.716482663934328023e+00 -1.695989130098616293e-01 2.119134677968514957e-02 3.716743718476534647e-02 -2.022784063038216118e+00 3.749765486642742118e+00 8.216445665864435810e+00 3.415363335029186942e+01
2.496851386341973080e-04 -1.563017601208172664e+03 -1.255970707733786162e-01 -6.335143125494524519e-02 -1.419282675833192009e+00 1.116364011703766721e+02 9.628555227909409986e-01 6.029353792775443699e-01 4.711011084444383989e+00 -1.329712990013800500e-01 -5.588704211690087575e-02 8.920444114689603243e-02 -6.246308364517886957e+00 2.969381126203596288e+00 9.120263362172975619e+00 3.095558442268997368e+01
1.754585025528989804e-04 -1.563370399324547179e+03 -1.164291591748637389e-01 -9.985481136397265922e-02 -1.962977228566184174e+00 1.126162938690472544e+02 9.279515026737334971e-01 5.995137090518305456e-01 4.703607290577276778e+00 -1.472026561872543660e-01 4.005471496676404897e-03 1.375573069285392080e-01 -1.338598465582919061e+00 1.177401435857761136e+00 8.019060824640655838e+00 3.135815467866642692e+01
1.155665928703403434e-04 -1.563787954961341711e+03 -9.310123646180101797e-02 -9.196786194325803909e-02 -1.881498351620032539e+00 1.264444247503908656e+02 9.603450685141031729e-01 6.026151297095279080e-01 4.710140892991217854e+00 -1.547017261309975300e-01 1.279364448245612351e-02 2.346725381936347887e-01 -5.913415618514932248e-01 3.396286195201270175e+00 8.913882994556310280e+00 3.238392307183612928e+01
1.189397523079938356e-04 -1.563759184805022869e+03 -1.353844719689193399e-01 -7.703789441175937225e-02 -1.725661605665067766e+00 1.143244923356881202e+02 9.666390692988613420e-01 6.018326856284192949e-01 4.713846717059086089e+00 -1.692692070708115004e-01 -1.301064982198330000e-02 1.709679437557695136e-01 1.917978804055849196e+00 1.545835408192197669e+00 8.733946562884288056e+00 2.684512791974791313e+01
2.114717069188080186e-04 -1.563183710670699384e+03 -9.334171278406627748e-02 -9.104819666416066881e-02 -1.795129299825853897e+00 1.688234660310292838e+02 8.798811190834195939e-01 6.176010511347658216e-01 4.706740596473844462e+00 -1.584645821615047190e-01 -3.984197532825861643e-03 9.681817056458001947e-01 -5.145846074634647493e+00 2.691017852895161155e+00 9.096649666087031960e+00 3.262111183449923146e+01
1.437133319839395905e-04 -1.563569981321516025e+03 -1.356464105824578548e-01 -6.317732663962673245e-02 -1.831627236252693747e+00 1.510879720423721722e+02 9.668206091469444541e-01 5.933799646853453735e-01 4.708327125696109228e+00 -1.649448088840621551e-01 -2.118428261091853670e-02 1.426188612969095104e-01 -1.687281636887917102e+00 1.753730346386372929e+00 9.897138888716238370e+00 3.228506543193776679e+01
1.438086749757267759e-04 -1.563569318116662316e+03 -1.338184809084089211e-01 -7.274124145577712253e-02 -2.043424841534734693e+00 1.514355893780551128e+02 9.783722133439853863e-01 5.697782776682500661e-01 4.696724803543929738e+00 -1.677286048078541203e-01 1.589308393529731411e-02 1.162279471769476630e-01 7.211746483679092989e+00 2.124932743948426683e+00 8.410111830378985687e+00 3.142792460220866957e+01
1.525253287304935987e-04 -1.563510471214511654e+03 -1.015910518060108569e-01 -7.647304478815976359e-02 -1.550025918906328348e+00 1.044220365903600083e+02 8.859271373150476858e-01 6.228980786847233553e-01 4.704670163593778653e+00 -1.481260473798511335e-01 -4.703367020693249856e-02 2.047487533866444720e-01 -3.640695194251691191e+00 2.773099619196583987e+00 9.131251109549932465e+00 3.373753791064848429e+01
2.506389763833671369e-04 -1.563013788324179586e+03 -1.084947882043440504e-01 -7.468656116593036520e-02 -2.010548503949615373e+00 1.315009668992235277e+02 9.704278171450593238e-01 6.088615603286593458e-01 4.716248662650372125e+00 -1.612817459391893138e-01 2.135586927523980272e-02 5.809530935434015220e-02 -3.879306663447465553e+00 1.289183105536384488e+00 8.364547696474211591e+00 3.216339602627304828e+01
1.108605711298078544e-04 -1.563829528591013968e+03 -7.412970040693973861e-02 -1.322621326449669732e-01 -1.908919796571315386e+00 1.179053539880701891e+02 8.274518083837503202e-01 6.297375305055197270e-01 4.700830309541615293e+00 -1.689470407349862313e-01 8.227794972804458595e-03 8.380412405166840495e-01 1.251351194991343618e-01 2.228705223572324812e+00 8.492981810347410843e+00 3.408049826720849040e+01
1.247293870864487687e-04 -1.563711655399600659e+03 -1.258343667348767736e-01 -6.662435121890900036e-02 -1.861243576913807596e+00 1.100998881822848290e+02 9.605420676916832656e-01 5.915826844370968285e-01 4.703491327911195619e+00 -1.536127196295051789e-01 3.160162249601139450e-03 1.895638599249350464e-01 2.083818807494708381e-01 2.912862158726658990e+00 8.578598751084133056e+00 2.441812856169512003e+01
1.037614307898672368e-04 -1.563895707557473997e+03 -1.249387582347915998e-01 -8.520084028684304922e-02 -1.686797475452540995e+00 1.075853298622105285e+02 9.522296812793717979e-01 5.899719054240503135e-01 4.701538732818508315e+00 -1.765295395781070198e-01 -2.330420420515189051e-02 1.584196712585043687e-01 5.129547716578287009e+00 2.002666919718731897e+00 9.330128899390889075e+00 3.124363074470781854e+01
1.983073144856558570e-04 -1.563247983965999310e+03 -1.316290958933980793e-01 -1.384978738274183774e-01 -2.195600892533684068e+00 1.057283594891645606e+02 8.881187504358710738e-01 6.242122102838296716e-01 4.712286780343866610e+00 -1.485286310649076569e-01 5.041212395504479638e-02 6.108625681801340690e-01 1.365166127599906076e+00 2.975189909085518281e+00 8.312297287204062357e+00 2.988825185248711236e+01
1.376746997635833788e-04 -1.563612908232419613e+03 -1.309174280124043854e-01 -5.975862860331812576e-02 -1.354636646234130604e+00 1.427841155035892200e+02 9.570539538679532221e-01 5.944430050236682028e-01 4.709218674536957749e+00 -1.400806961056502153e-01 -7.475626878554741950e-02 2.211316998053176330e-01 -4.452338791538920759e+00 2.459685796224242438e+00 9.524195992122951537e+00 2.994484840328204456e+01
1.077311712022097057e-04 -1.563858162918312701e+03 -1.012292212193427743e-01 -8.149713227851657082e-02 -1.907532355351699627e+00 1.339109116663260863e+02 9.385334395764232118e-01 5.832824552355118097e-01 4.697504735841581791e+00 -1.652709468443842589e-01 1.605130017949507604e-02 3.795796209587239955e-01 -6.322443992289095149e-01 2.323783325034356473e+00 9.113308871843695869e+00 3.015643822639346894e+01
1.166410214435352445e-04 -1.563778700861349762e+03 -1.268138968246525222e-01 -9.071022371112674731e-02 -1.720377183662579190e+00 1.082547745491044253e+02 9.499666796776987665e-01 6.090712525600521232e-01 4.704396064229062091e+00 -1.596394897867217111e-01 -3.755624163966198026e-02 1.179526600064059461e-01 -3.632295309175788134e-01 1.339835993819371573e+00 9.159496912861332163e+00 3.053964016595567443e+01
2.090625110968780478e-04 -1.563195168583401937e+03 -1.430520541014940195e-01 -1.055730408736077208e-01 -1.817966630342568335e+00 1.204266442185756318e+02 9.690818642870330235e-01 5.950451196172783508e-01 4.714973648803206352e+00 -1.684061928445661493e-01 -1.247384704864118454e-02 1.245543514957636738e-01 -4.789990743469388690e+00 3.057798545799683687e+00 9.284493211742962160e+00 3.217562077413727195e+01
1.148778416274629172e-04 -1.563793932569742083e+03 -1.119904751094074336e-01 -1.259538640198850923e-01 -2.115365062069389346e+00 1.000283219471569538e+02 8.825815478212800658e-01 6.295901391968907745e-01 4.705913711047133852e+00 -1.557242731380110712e-01 3.253037081564280619e-02 5.207097938726432673e-01 4.851916401142318591e+00 3.005030630084060128e+00 8.649911315368076004e+00 3.553557040586563431e+01
1.532693059763624507e-04 -1.563505605342914578e+03 -8.106033994682874944e-02 -1.115948358601846213e-01 -1.732120226066004909e+00 1.171632315474084720e+02 8.489182570262606697e-01 6.291550483393174575e-01 4.710448829708537843e+00 -1.573600887670005832e-01 -2.698106957763268809e-02 8.294520202674213749e-01 -9.070216402452047078e-01 2.662255189396223187e+00 8.474190287766303342e+00 2.980022179269137439e+01
1.209554208119282279e-04 -1.563742379832133338e+03 -1.335814522415350591e-01 -7.399840097684345919e-02 -1.744605272334828205e+00 1.388888392731308556e+02 9.789460529879411288e-01 6.174869343985716075e-01 4.725044177494959641e+00 -1.512628328795408983e-01 -8.416090221698091511e-03 5.420143624665783172e-02 -9.824764192467512203e-01 2.877629378819968053e+00 8.376845815894817804e+00 2.930291275143848040e+01
1.107948975383360354e-04 -1.563830121164648972e+03 -1.214821823346192153e-01 -7.795583265532132766e-02 -1.979394300285241215e+00 1.225658515464555478e+02 9.744398141981099881e-01 5.815343344804326797e-01 4.702704517092593406e+00 -1.811525504627038430e-01 3.251961478315590348e-02 1.034534168578497143e-01 5.931309280696268615e-01 2.090567126739495407e+00 8.260479742848936269e+00 2.835839625684521792e+01
1.034183128932986508e-04 -1.563899019833125749e+03 -1.442773137959239838e-01 -6.485927104344946237e-02 -2.231098594896350207e+00 1.195181131487852042e+02 9.616415472413748500e-01 5.788756474053650125e-01 4.702861213876163404e+00 -1.552273439897873253e-01 6.036768997622843358e-02 1.659381016371531611e-02 2.018750651012652497e+00 3.301780142221932834e+00 9.310038349004233993e+00 3.486705227670328355e+01
1.132809859071973662e-04 -1.563807930553619371e+03 -1.211263652720970252e-01 -8.470034958535439806e-02 -1.779843094980043894e+00 1.339734358390864486e+02 9.454890328242090414e-01 5.888188986783213785e-01 4.698444428703985487e+00 -1.525753278334680552e-01 -1.636226956430775203e-02 7.981530958483794291e-02 -7.093259298662445644e+00 2.498532687446375355e+00 9.522667163345266417e+00 3.486662890134595472e+01
1.200045105434930325e-04 -1.563750272556865639e+03 -1.162503666729604451e-01 -6.207873917187871349e-02 -1.716614896766432308e+00 1.468460825431466503e+02 9.732496792735860769e-01 5.954695704214114649e-01 4.710394483181543634e+00 -1.562651155623586696e-01 -2.152794966064730531e-02 2.074711074109582276e-01 -2.840561207340357441e+00 1.726274391269710939e+00 7.828878644630110628e+00 2.848851582452160969e+01
1.484975347868762799e-04 -1.563537233529460536e+03 -1.160909779165741895e-01 -9.135825973531613853e-02 -1.733841595665082114e+00 1.498072044312831110e+02 9.244565167716078946e-01 5.981621588643648568e-01 4.698359334395124876e+00 -1.568050683140991275e-01 -3.666467934941763929e-02 6.004774910458640091e-01 -4.409526969341243330e+00 3.433021262849833555e+00 9.089659133466710728e+00 3.070392273061095523e+01
1.809006935670764982e-04 -1.563339853660429299e+03 -1.096749764790455606e-01 -1.083158429128885797e-01 -2.014374654671454046e+00 1.532800082860621274e+02 9.144292033744890746e-01 6.171477951456098010e-01 4.709556739144927562e+00 -1.727339932971205805e-01 2.509362199794451520e-02 6.890998646426399477e-01 -2.357622775082660382e+00 3.356644241768180770e+00 9.061733043530416865e+00 3.110469212403543793e+01
1.276859810492863179e-04 -1.563688227910141677e+03 -1.064259599623468555e-01 -1.078548836989785265e-01 -1.796444884985783697e+00 1.238651540791870360e+02 9.328472919792961671e-01 6.022817941298024280e-01 4.704970358907010208e+00 -1.671693684332944407e-01 -1.761850316407587158e-02 7.928568000218474410e-01 -2.786780391414623637e+00 2.565199805562023982e+00 8.485360229838256885e+00 3.099332753477202118e+01
1.111532700376429876e-04 -1.563826891826784504e+03 -1.294329101533852611e-01 -8.037929943101171371e-02 -1.674067380653531112e+00 1.195353754785784020e+02 9.323243041342124116e-01 5.994661208043803313e-01 4.705477218273108164e+00 -1.552675328123318543e-01 -2.157777136064931156e-02 3.552004996468972053e-01 -5.754897132506897606e+00 2.294662055740692708e+00 8.913338409716086375e+00 2.514190229874924043e+01
1.277150770921369068e-04 -1.563688000064233847e+03 -1.369628879048381265e-01 -8.000365396672637353e-02 -2.107948791327085569e+00 1.357900773467178794e+02 9.646110771152425212e-01 5.838989563653915749e-01 4.710862303369237836e+00 -1.568018403660169646e-01 4.302627435920891585e-02 1.616007329581113094e-01 3.128128769556980160e+00 7.434118020183122511e-01 9.253195585440909809e+00 2.891525742659006681e+01
1.385740026038695448e-04 -1.563606397389042286e+03 -1.353324375118350464e-01 -8.372548715875313685e-02 -2.129296808677644037e+00 1.156351391622478957e+02 9.679840065301467122e-01 6.044148735477250511e-01 4.705343085605641740e+00 -1.491167340078447534e-01 3.782827669969868190e-02 3.101877838979340551e-01 4.460225089610730720e+00 1.753539963296857351e+00 8.768209953262218193e+00 3.040178638368606912e+01
1.489953794017967014e-04 -1.563533886592065301e+03 -1.113121956179473904e-01 -6.662075367806082060e-02 -2.037901756155779509e+00 1.130108628831589499e+02 9.684379917185838016e-01 5.990614483593229567e-01 4.703302444096864932e+00 -1.487098550098728822e-01 3.575273899493058849e-02 5.350234882528562275e-02 2.211232081620778445e+00 1.608849903701581319e+00 9.076470087892474226e+00 3.600430087705297666e+01
1.186574336737679976e-04 -1.563761561253766786e+03 -1.089003342022899362e-01 -8.650097819496059548e-02 -1.884285327636903595e+00 1.266603877045063768e+02 9.264679226252264810e-01 5.921969604039383217e-01 4.702400437488702067e+00 -1.791996161938484988e-01 -4.545401733500487040e-03 4.086078188586324544e-01 -2.198133611556613687e+00 3.102470571596405158e+00 8.224926716153269979e+00 3.392902895700144938e+01
2.678204524064905188e-04 -1.562947485084519258e+03 -1.331904397295138043e-01 -1.126699493952766085e-01 -2.275674058789910248e+00 1.410453879172366385e+02 9.674634600358956726e-01 5.975187567490063412e-01 4.708285048172108134e+00 -1.423743148659348812e-01 6.066780335368360255e-02 1.231655990756700195e-02 1.017819319811184187e+01 1.838181835188579250e+00 8.511212987288852005e+00 3.387543879438636907e+01
1.090373294802695985e-04 -1.563846111590908777e+03 -1.299465638315464855e-01 -7.377590018107012260e-02 -1.681393754610470026e+00 1.130151615974356503e+02 9.706622258250339197e-01 6.089366650038645634e-01 4.713212209216239401e+00 -1.566433131086966135e-01 -1.441236131916490137e-02 1.346166828617674505e-01 -8.253763929025126345e-02 3.218590230428142185e+00 8.984754802481509373e+00 2.801582793426305074e+01
1.922071416885893938e-04 -1.563279228233368940e+03 -1.223248826754867041e-01 -1.202896607415093327e-01 -2.097201210927524873e+00 1.081196558899045357e+02 8.883370568160240399e-01 6.197619864517653898e-01 4.711672152497450305e+00 -1.503137982205542400e-01 3.331314635426618764e-02 2.306495760441935883e-01 -4.874077266512415463e-01 2.513590107221963521e+00 9.712247532872474665e+00 3.193462502018995508e+01
1.198024983493757659e-04 -1.563751957347004463e+03 -1.239183817202113985e-01 -1.021161830896480938e-01 -1.907116329253751630e+00 1.216682891915305902e+02 9.523704355062483362e-01 5.728659624509657711e-01 4.700389794723378145e+00 -1.784005803584198802e-01 2.896205824878261836e-03 2.233950062835390327e-01 -2.426219716673415405e+00 3.343886034294030196e+00 9.073641688251532500e+00 3.101696777881490874e+01
1.194959194144065809e-04 -1.563754519663174960e+03 -9.625276938957069706e-02 -6.018900591025297397e-02 -1.628938112488109269e+00 1.004024718311104607e+02 9.507797082329803029e-01 6.070031216767104443e-01 4.716549724316330128e+00 -1.483553600096585434e-01 -2.576427174495776740e-02 8.215744308211320179e-02 -3.390837936467221425e-01 2.100048012907418382e+00 8.676674324186617326e+00 2.801847980997118626e+01
2.516894662552499940e-04 -1.563009605835934508e+03 -1.256970125138415495e-01 -8.749603778933272291e-02 -2.031147502187289788e+00 1.177032780556714897e+02 9.762946839683048772e-01 5.838007597810611626e-01 4.713489294960918841e+00 -1.515802291558323578e-01 4.218009694115010255e-02 3.792944563121732754e-02 1.573677773586183548e+00 2.304721377653917713e+00 8.600235827201485606e+00 3.260458090165341360e+01
1.237108192830815281e-04 -1.563719855147340922e+03 -1.306976608301889942e-01 -1.135864197352455807e-01 -2.212592642078782923e+00 1.357062799424047341e+02 9.384067815562771031e-01 6.168651638576905238e-01 4.711349209848760822e+00 -1.406175673802323445e-01 5.193083353996952312e-02 4.045147443721183733e-01 -2.102708015713858458e+00 3.544736774424461778e+00 8.935878491481030750e+00 3.330994436227219069e+01
1.445940380074087217e-04 -1.563563871808859858e+03 -1.222039270184213655e-01 -9.258070428223100223e-02 -1.978945313795670513e+00 1.175605386926315532e+02 9.478263972253107017e-01 5.792864107351083369e-01 4.699869152640621550e+00 -1.527051689576359728e-01 1.658809549554574048e-02 6.241346286583621117e-02 -8.205719657127019673e-01 6.378072917668786701e-01 8.690950230288652989e+00 3.038506622875281238e+01
1.931626922563735673e-04 -1.563274269087935409e+03 -1.099208524307679624e-01 -8.992124498933137811e-02 -1.903910010959512622e+00 1.367179808668866201e+02 9.250467647440168140e-01 6.061110030041106933e-01 4.706318285794512946e+00 -1.476504815553081329e-01 -4.048048626632549940e-03 5.784765321214422329e-01 4.618107980452947459e+00 2.985100553519415278e+00 8.536153770265064722e+00 3.414639868499469344e+01
1.658488481286889040e-04 -1.563426725066694416e+03 -8.810901109913496509e-02 -7.899659294458989678e-02 -1.615780495818269324e+00 1.376801080097799286e+02 9.126890775430847036e-01 6.030269140249132631e-01 4.706287907311876850e+00 -1.532466711061162279e-01 -4.211545943151806526e-02 4.121366544221317096e-01 -4.378989577762069985e+00 2.009843995808058281e+00 9.245587624199913535e+00 2.968011054895258738e+01
1.129916396529325530e-04 -1.563810488056200711e+03 -9.755592728435905081e-02 -1.237462416700769730e-01 -2.000197898143619923e+00 1.046769554882230011e+02 8.920352317044061286e-01 6.127052143143461027e-01 4.707789944790984116e+00 -1.587171546309451564e-01 3.646377839371095497e-02 4.450167720932516890e-01 5.922387825435464492e-01 2.545197624603701136e+00 9.551852899755907345e+00 3.079257286448533648e+01
1.204347357965074961e-04 -1.563746693892244821e+03 -1.141178487957583698e-01 -9.756383680876577758e-02 -1.924576630433779689e+00 1.262384070136531733e+02 9.363562123392559222e-01 6.043648396075607110e-01 4.709612786897048764e+00 -1.548140599937597450e-01 9.152029550752560638e-03 3.552793668648983050e-01 6.505066566012118301e+00 1.761262716342026913e+00 8.657751249713241393e+00 3.805964942836625653e+01
1.714894916356168853e-04 -1.563393279895336718e+03 -1.032609963891355509e-01 -1.005961237387922869e-01 -1.916945873662130317e+00 1.179239312608707877e+02 8.990165365072370074e-01 6.067998968506211899e-01 4.701476643426460988e+00 -1.499912344739762204e-01 3.302299255838470060e-04 3.321813493147345309e-01 -6.922195756782969056e+00 2.155461706561889734e+00 8.527543739983322268e+00 2.981534695581022731e+01
1.235451063890147282e-04 -1.563721195563498213e+03 -1.120888622527426021e-01 -5.939572044894118885e-02 -1.630860389086173257e+00 1.384174605277323451e+02 9.516054119595791505e-01 6.007173392432358927e-01 4.707385778767199547e+00 -1.576003129636895927e-01 -3.338994855192423117e-02 2.535935644517342547e-01 -8.457993325210765079e+00 2.200326866295232442e+00 9.298077549886318849e+00 3.583415354825136490e+01
3.272787262438130455e-04 -1.562746989705136457e+03 -1.316858000583122357e-01 -9.661307785327286068e-02 -2.146906669785458188e+00 1.289811935654574029e+02 9.788798709923128838e-01 5.870855449725944641e-01 4.702135090762006087e+00 -1.535167793755873866e-01 4.385873891948355308e-02 5.465664443982971160e-02 -2.860533143814080859e+00 1.171499787447016772e+00 9.224253511742276146e+00 3.732421038636235266e+01
1.255310794326552112e-04 -1.563705248514009099e+03 -1.216408393655172143e-01 -1.021826908373694998e-01 -2.067989461344265756e+00 1.098151652142119019e+02 9.369535778005004811e-01 6.099801412734232597e-01 4.705329813874212341e+00 -1.398130258317862307e-01 1.557998390811277112e-02 2.332965622102071979e-01 2.676585640150989320e+00 1.900415389570975222e+00 8.130204388280271033e+00 2.891203082006232705e+01
1.053940952362102356e-04 -1.563880095274692621e+03 -1.045685412520384050e-01 -1.401778755919969588e-01 -2.057923529601421997e+00 1.205570256067898782e+02 8.690272383440101889e-01 6.276333286886517371e-01 4.703678934040500970e+00 -1.468598021473257464e-01 2.504980789312472034e-02 5.356491664830851374e-01 1.500799177540983464e+00 1.918575143031731045e+00 8.801009124560387420e+00 3.021192282354634528e+01
1.215498748004801134e-04 -1.563737477216066964e+03 -1.083703500844759859e-01 -9.833381952549118121e-02 -1.838933423196511541e+00 1.254715721495436753e+02 9.332267360793826683e-01 6.031002304443227047e-01 4.710767912748548447e+00 -1.442159651349737004e-01 -9.462505644904695146e-03 1.895634651791459901e-01 6.444233238921469820e+00 2.427048880909610240e+00 8.427718760811607979e+00 3.042012394658177854e+01
1.066987925582747743e-04 -1.563867792044789894e+03 -1.387890483336481628e-01 -9.593119339199140949e-02 -2.097957533374923855e+00 1.356174045141277986e+02 9.438244094277981056e-01 5.921665728015881314e-01 4.705066394514290096e+00 -1.372691262826055691e-01 2.850140856807414913e-02 2.947520153807728360e-01 3.487906392432392977e+00 3.656845910021577772e+00 9.176668416063126443e+00 2.761684975132672193e+01
1.440486974656787181e-04 -1.563567650467551630e+03 -1.235735721064415149e-01 -8.104375957097353922e-02 -1.734499960597533308e+00 1.427059987859225032e+02 9.521245251678840393e-01 6.105987765220397545e-01 4.708869145831464209e+00 -1.543261846520733727e-01 -2.849141263757237752e-02 2.028955270853632642e-01 -8.523710224586011464e+00 2.875663747026080408e+00 8.128942983916974896e+00 3.264673814840924138e+01
1.039306731433134722e-04 -1.563894077814333059e+03 -1.306647259381227555e-01 -1.096911984833915665e-01 -1.988993712235718414e+00 1.583598015377464208e+02 9.496599675725775347e-01 5.929373308653422825e-01 4.702048177361253245e+00 -1.685017893015774426e-01 9.463797060510259485e-03 4.266203103409503816e-01 7.158208344215040597e+00 1.374148792156248966e+00 8.850253813028396976e+00 3.118193668940394403e+01
1.073217294765707266e-04 -1.563861970746238512e+03 -1.089445342096442004e-01 -7.084683705851199664e-02 -1.910427777278745687e+00 1.032061952781979670e+02 9.503717210992297382e-01 6.202987814347127316e-01 4.716788282986389191e+00 -1.516858393484463718e-01 4.613446967391077180e-03 1.106296340886741142e-01 5.436587565531766586e+00 3.142308145558603272e+00 8.570465329998278037e+00 3.083944110893388313e+01
2.161235784263485437e-04 -1.563161951520374942e+03 -1.426962228716711911e-01 -1.016746218328734019e-01 -2.356780011306366163e+00 1.155824007481473075e+02 9.142080163887005284e-01 6.047486355049032092e-01 4.701826152278227866e+00 -1.399264095004406627e-01 6.955876478620592884e-02 2.813507500587344445e-01 1.675552629989539355e+00 3.040295592445230177e+00 9.235456515873874395e+00 3.011086946981256318e+01
1.067396150670706486e-04 -1.563867409522171329e+03 -1.398451267254828267e-01 -8.141492954009850458e-02 -2.158402096478980958e+00 1.588406692281105279e+02 9.471887369325533435e-01 6.060892921976536174e-01 4.712805593349138178e+00 -1.375687258466928853e-01 3.218618387592298014e-02 5.635887532175085646e-01 6.000224281896038292e+00 1.963653796678954677e+00 8.635604270045948994e+00 3.205451420217575276e+01
1.220954303944602674e-04 -1.563732998931494194e+03 -1.385393372973620363e-01 -9.438183555509305211e-02 -1.806081785933033146e+00 1.516340460033515001e+02 9.561970613615851100e-01 6.076300106416796520e-01 4.712374816381991849e+00 -1.563015291631655312e-01 -2.945519441666677452e-02 3.325684616335542465e-01 -6.500965417271515889e-01 3.362022890731508618e+00 8.096046990742621574e+00 3.242695873238587723e+01
1.950949853439147910e-04 -1.563264315342509008e+03 -1.109777808972011170e-01 -8.757836343085118047e-02 -1.817166182421106946e+00 1.373412546073824387e+02 9.226306130715330456e-01 6.109571383376981579e-01 4.708842306583497006e+00 -1.505576180470644676e-01 6.808881646904740848e-04 9.477787115478405466e-01 7.079230099732001236e-01 2.204251273167812109e+00 8.498084744949174762e+00 2.967701073334183448e+01
2.208633757627092404e-04 -1.563140257585674590e+03 -1.384050884316922747e-01 -9.297748888037357662e-02 -2.310927356797845889e+00 1.146762569722411627e+02 9.747376855231438819e-01 6.131973766600465892e-01 4.715462343090963238e+00 -1.407956462107928797e-01 7.566799812318025786e-02 9.524378349844730973e-02 2.103885128962019735e-01 1.959574305304467856e+00 9.173510472707313568e+00 3.465326379678890589e+01
2.552393788614007886e-04 -1.562995600041353782e+03 -9.716323343595793804e-02 -8.610108541738521748e-02 -1.764540970664157937e+00 1.332427254926001865e+02 8.958549027409842269e-01 6.099792009969111639e-01 4.706717677134739652e+00 -1.531155998828799270e-01 -2.544960425038667040e-02 7.029088342715106297e-01 -1.852863604833089539e+00 2.829989465892746026e+00 9.412067548037249765e+00 2.974505663914961318e+01
1.604148048351134847e-04 -1.563460038896159858e+03 -1.238989609793960528e-01 -1.296570125146501995e-01 -2.160071598123708192e+00 1.201203854589541749e+02 9.101350065282003410e-01 6.163278794575952624e-01 4.714646149012243548e+00 -1.479081457995397031e-01 5.087765520659681684e-02 3.358745318559501758e-01 4.815283591373344052e+00 1.871865628346625066e+00 8.690662736843490777e+00 2.972368515000101041e+01
1.397019458363747398e-04 -1.563598290691959392e+03 -1.245518931575575472e-01 -1.121706687420120085e-01 -2.413344594186766834e+00 1.207771425170101480e+02 9.470855700683683542e-01 6.156661281098759764e-01 4.715766614403460899e+00 -1.310225030231930710e-01 7.823135335270747781e-02 1.736744866533824483e-01 -1.632505232301468823e-01 2.086961264012865414e+00 8.680012057019958149e+00 2.859620198381474054e+01
2.261923532382800761e-04 -1.563116416129005756e+03 -1.480580750385987188e-01 -8.472427223898827686e-02 -1.969049535976426846e+00 1.164777992982708241e+02 9.771877167474493087e-01 5.878426919391503969e-01 4.708379915009700767e+00 -1.615280746190217442e-01 4.361398880448952298e-03 5.301513959791804426e-02 -4.194494626211735522e+00 1.178527385201522115e+00 8.990031746067606022e+00 3.831936431865190684e+01
1.062034570696244714e-04 -1.563872445226081027e+03 -1.133077864281484826e-01 -8.232039245757000190e-02 -2.067825169935014529e+00 1.153631136149781611e+02 9.555998091756362500e-01 5.899644507229677703e-01 4.699322705479525020e+00 -1.605664065435707943e-01 3.040529102462374844e-02 8.155449404042343364e-02 3.145111948968207116e+00 2.938139291901231687e+00 8.757598015323274865e+00 3.936786099253397708e+01
1.360762679270336980e-04 -1.563624586364672496e+03 -1.403567628393028455e-01 -1.093458155571688517e-01 -1.958817026268479866e+00 1.431451080921544019e+02 9.632607059646797198e-01 5.868141314794640406e-01 4.708883697235736854e+00 -1.743014218230660717e-01 1.946239257666904088e-02 4.851152948277666632e-01 2.549591931060888328e-01 2.038871754808657677e+00 8.736445959407479478e+00 3.289474834800776648e+01
1.263192085341112653e-04 -1.563698989782438730e+03 -8.376520681497834353e-02 -1.138874502744744721e-01 -1.861793635697804650e+00 1.173975093195101209e+02 9.006253632356474581e-01 6.269044557157172903e-01 4.715318197631411579e+00 -1.562068854796736517e-01 4.655983907476679562e-03 3.444929034335706963e-01 1.691384312597620010e+00 3.507724365799824717e+00 8.946631806003635390e+00 3.119563731702168496e+01
1.047728641439618104e-04 -1.563886007078368948e+03 -1.173522703114279753e-01 -7.521328191533144247e-02 -1.645379221099276146e+00 1.267780125303037408e+02 9.407743107645526459e-01 6.005602835604488821e-01 4.708059900554121491e+00 -1.736466199121320386e-01 -4.412699936280484181e-02 3.666860077784568350e-01 -5.076694434501405340e-01 2.530173945217706333e+00 9.366232808874164206e+00 3.617291568844250094e+01
2.446335436140226801e-04 -1.563038040536346216e+03 -1.291287167412162040e-01 -8.585146207820457120e-02 -2.552090334856752296e+00 1.083357313192590112e+02 9.644921464049588389e-01 5.970741568900352902e-01 4.705564174156082302e+00 -1.252648748093523334e-01 1.039587477365435664e-01 1.452512365448380971e-01 4.359577920702690790e-01 1.615982771863366807e+00 8.996586981581566889e+00 3.327889848241305515e+01
2.399777093224917442e-04 -1.563057255845598092e+03 -1.419115243431095241e-01 -8.491056619835397890e-02 -1.907701648377012171e+00 1.064673172801536367e+02 9.757116830026688614e-01 5.901747703437743020e-01 4.710215057120312743e+00 -1.536117698100700757e-01 2.494478135339628366e-02 1.320077285037380976e-01 -7.165845694396750787e-01 2.288703197789399013e+00 8.971862487930359009e+00 3.604758193563883850e+01
1.224836307622298546e-04 -1.563038763620283135e+03 -1.307833556178342460e-01 -1.241292950314314553e-01 -1.999914759758786298e+00 1.152626724300422865e+02 8.978531517791582539e-01 6.157634455344114244e-01 4.707310328736721061e+00 -1.481402375742701949e-01 1.401135669586217603e-02 3.871865578838151190e-01 3.563357649876536470e+00 1.915669800824026936e+00 8.427793204755950285e+00 3.108635299968254273e+01
1.354817638148084257e-04 -1.562937903968038427e+03 -1.377960063995347095e-01 -9.573499699752500980e-02 -1.907836937831814739e+00 1.486685758734729745e+02 9.645905361079235574e-01 5.880201947920171701e-01 4.701886218595524802e+00 -1.753035470420742925e-01 1.424652877462495582e-02 1.259555845750353065e-01 1.359914211334540823e+00 2.290577324347120580e+00 9.863583147122545469e+00 2.954244683469253729e+01
1.305499967798669388e-04 -1.562974984744429094e+03 -8.067880166734237024e-02 -1.035362637026226995e-01 -1.793809259966331116e+00 1.092060443812509192e+02 8.480582369435418766e-01 6.308322342877912270e-01 4.705995201469098888e+00 -1.641805599175494290e-01 -1.570982610777904576e-02 6.152960491538912446e-01 -2.375605102824891901e+00 1.600711112207164888e+00 8.482040953308844777e+00 3.221823838858917100e+01
1.241625242917657451e-04 -1.563025149627721930e+03 -1.057355647861791259e-01 -8.212568830344214865e-02 -1.802139004333319638e+00 1.348509355018298379e+02 9.239380159385833791e-01 6.157948468488512184e-01 4.713783149832262431e+00 -1.745449895923012473e-01 -5.035322546790954590e-03 3.711897187586721825e-01 2.631131941418715314e+00 2.671195744131660277e+00 8.813573044102462006e+00 3.049127231173587305e+01
1.379078989216583212e-04 -1.562920154951679478e+03 -1.493471202352323612e-01 -6.756520680160944814e-02 -2.096969189171322245e+00 1.415980239300393748e+02 9.733804925901048399e-01 6.052789478070048634e-01 4.719646285922344475e+00 -1.480093193337324031e-01 4.874964841616113986e-02 7.721775170779965336e-02 -2.535465641460916686e-01 1.133239522903006780e+00 9.176525987998672917e+00 3.198925204922975496e+01
1.048048749615422732e-04 -1.563194640727294654e+03 -1.047733864648462965e-01 -1.007131917543973021e-01 -1.824606765045168943e+00 1.498574647588127391e+02 9.106645988893438126e-01 6.209892150458058424e-01 4.712010735034928288e+00 -1.606633441920362060e-01 -1.334727067001173495e-02 4.964838498640978814e-01 -4.475459355994019006e+00 3.699028564805639796e+00 8.433052858306645305e+00 2.983484133550595629e+01
1.159220249190542255e-04 -1.563093823248802664e+03 -1.359980392808981253e-01 -8.932690064014395248e-02 -1.877136871035194554e+00 1.371441347520441241e+02 9.559343729356760688e-01 5.971738184835650998e-01 4.705367527004787220e+00 -1.716387422724099387e-01 4.173702403686085916e-03 3.633161623294848819e-01 -3.237716467949098842e+00 3.485372622038074297e+00 9.684989513920051252e+00 3.262310222742414823e+01
1.150110424747462278e-04 -1.563101712869635321e+03 -1.272634453788508424e-01 -7.124934476732402988e-02 -1.628183706848645995e+00 1.337496424208223971e+02 9.682860496181588950e-01 5.794192285365213912e-01 4.701227509978464170e+00 -1.628223690286811909e-01 -2.543626674215460071e-02 2.876083221331303119e-01 -6.219194959138803824e+00 3.073716368763412810e+00 8.853707665536280302e+00 3.407670928735506521e+01
1.027206207954490830e-04 -1.563214728131415541e+03 -1.404536591603210149e-01 -7.044221249262740125e-02 -1.979810030872752202e+00 1.520166994959370470e+02 9.626141714677687311e-01 5.934098205421800554e-01 4.702508795782493145e+00 -1.637290909755975132e-01 1.882434392273268919e-02 3.258311767626599909e-01 -1.639001735552142236e+00 3.646468423642357237e+00 8.403260209166374395e+00 3.558497569582485909e+01
1.503898027764139335e-04 -1.562833510406379901e+03 -1.153646497014624711e-01 -7.706695450897077526e-02 -2.004763803726900662e+00 1.207330276025044782e+02 9.697040777138141721e-01 5.905262304428596787e-01 4.712257675725291861e+00 -1.450441440675489524e-01 2.443460885595771792e-02 1.106464441923370179e-01 6.068519020271594400e+00 2.390882605022293106e+00 9.054223896440616315e+00 3.245944000336375979e+01
1.461271163501263570e-04 -1.562862264112072125e+03 -1.178800729541168851e-01 -7.407271518184811721e-02 -1.664850659018848100e+00 9.250781585767472848e+01 9.228453042927680094e-01 6.011358861867045489e-01 4.713034402062051598e+00 -1.492996616856099301e-01 -2.933458789393528221e-02 6.027625446008098159e-02 -4.299988959372711861e+00 3.060047290115885943e+00 9.542262219649376931e+00 2.930440444442683656e+01
1.154026615366389626e-04 -1.563098313597524566e+03 -1.258421798246122381e-01 -7.838629341820846363e-02 -2.131797562740614715e+00 1.225661845190609824e+02 9.644124752171313597e-01 5.838333809073208425e-01 4.704074440486317954e+00 -1.487146138778492332e-01 5.180597755348403943e-02 2.999400359774478386e-01 -3.623102505778405202e+00 1.977805473822757953e+00 8.570560361784384185e+00 2.864965010805231671e+01
1.283417201855093154e-04 -1.562992044619329135e+03 -1.075302430835844703e-01 -1.057989270499301443e-01 -1.917775907782830469e+00 1.196655629391062234e+02 9.298992516768128658e-01 6.098467522092343440e-01 4.702926729578880582e+00 -1.434316205985255444e-01 5.180673250721579137e-03 2.864025820534901179e-01 -4.287713642932658331e+00 2.423214240443782863e+00 8.895034456448902560e+00 3.339039175157476791e+01
1.231015713907537758e-04 -1.563033731216642991e+03 -1.314998595120513980e-01 -7.262930865544142689e-02 -1.871908349806643779e+00 1.275000319999250848e+02 9.739421221766217940e-01 5.786806381935061250e-01 4.706395714307808120e+00 -1.636593593101007826e-01 -4.337490368184315770e-03 5.179020248385070302e-02 -2.042346789042852606e+00 4.480066996664922030e-01 8.909099400697396476e+00 2.944066352080654170e+01
1.376514750063470007e-04 -1.562922016067748018e+03 -1.473751688023210993e-01 -8.320776093660130213e-02 -2.055008383047116638e+00 1.479523900851152973e+02 9.803572599557301981e-01 5.783585061396003812e-01 4.704632188791279646e+00 -1.648137215402893929e-01 1.225347269378640469e-02 7.720259795155044735e-02 -1.197696221560818231e+00 2.754434881335643404e+00 8.197799973211683522e+00 3.849635826522401771e+01
1.192569531472160592e-04 -1.563065460579525507e+03 -1.280803930759333853e-01 -6.649409665194287722e-02 -1.698910089748227881e+00 1.148669542845645708e+02 9.452522038351774958e-01 6.019156755406909198e-01 4.712021758131324844e+00 -1.318918892343767801e-01 -2.936421122982402210e-02 4.284549758332643898e-02 -4.210268319107626667e+00 3.255109515629905914e+00 8.414205093736914165e+00 3.161777366156881541e+01
1.249247270306465675e-04 -1.563019029642746318e+03 -1.480411024250925800e-01 -1.036761373785654583e-01 -2.264479988794368293e+00 1.166808338098037865e+02 9.571502799916936643e-01 5.842103076379848714e-01 4.708563719495423072e+00 -1.561861246682925142e-01 6.027275666347331473e-02 1.293148992110908502e-01 6.882280025476859464e+00 6.868876599713802378e-01 8.567011825421189997e+00 3.235380671300336530e+01
1.112735425015144584e-04 -1.563134749498258770e+03 -1.397054874587087547e-01 -1.117081952190122907e-01 -2.009451967016953056e+00 1.086673149134634144e+02 9.112793630473114970e-01 6.154058752557400869e-01 4.710365438058209619e+00 -1.454039199495076318e-01 1.788138658325899577e-02 5.573462352689855237e-01 -8.648128845536007248e-01 2.570437943734793507e+00 8.366030253104451475e+00 3.093893439363792908e+01
1.194575920840427557e-04 -1.563063779584478652e+03 -1.156856337513663957e-01 -7.048803767007161269e-02 -1.499654446488226656e+00 1.284638882937031781e+02 9.513227904329418783e-01 6.083573114063176579e-01 4.712993371835326073e+00 -1.309936803687439255e-01 -6.520189826169620062e-02 1.403454020435057070e-01 -6.704381925654644192e+00 2.931303082067238108e+00 9.027231357911835730e+00 2.965458626753358828e+01
1.491258471441396472e-04 -1.562841950453740992e+03 -1.353139825480225433e-01 -5.236371144244453268e-02 -1.589375348739159977e+00 1.317280069064449322e+02 9.677218009060926107e-01 5.930832087991956270e-01 4.701918670932702327e+00 -1.564601099821296692e-01 -3.569327628731766566e-02 5.040364148561717050e-02 1.964635819875752532e+00 2.147942265423807839e+00 9.134398346257954771e+00 3.089877865551205005e+01
1.078508545626173849e-04 -1.563165991718482701e+03 -1.346542645967327978e-01 -9.657543052643299819e-02 -2.052462138297549643e+00 1.133926472861662376e+02 9.412835855426175957e-01 5.983435551872680058e-01 4.703357492843457166e+00 -1.335007048753447112e-01 2.227834723133370609e-02 4.099801953205767929e-02 8.604106491776235544e-01 3.058500769849370471e+00 8.416961059338312623e+00 2.681917627814078742e+01
1.314454381659665625e-04 -1.562968149168283162e+03 -1.147890667940595216e-01 -8.562877785229189298e-02 -1.627820265431252134e+00 1.051923158051166212e+02 9.233513769735708365e-01 6.144547055231772692e-01 4.719371420962175989e+00 -1.510139230559763845e-01 -3.732313895706140805e-02 4.947451741433303574e-02 -3.639348005561146238e+00 2.937409125900902751e+00 9.496588439932285297e+00 3.141750935976528325e+01
1.342144981537909628e-04 -1.562947301762273128e+03 -1.329663253584616733e-01 -7.273450211609254479e-02 -1.722915779497375066e+00 1.483342380961167919e+02 9.696949602075496388e-01 5.914474542524763567e-01 4.700469615971466730e+00 -1.500757931103287035e-01 -1.043539953368100015e-02 2.478492468829511242e-01 -2.723595007262701984e+00 2.650890127829708121e+00 9.712344843069931954e+00 3.072616537604266895e+01
1.405543079471470132e-04 -1.562901147067387683e+03 -1.366209871992619673e-01 -6.903671872688593725e-02 -1.818687786592004363e+00 1.249211625142856263e+02 9.580834982557165924e-01 5.983009786790505213e-01 4.709315435018425866e+00 -1.677635122988285765e-01 -9.586205736465291949e-03 1.214510671743165432e-01 -6.942479570593519611e+00 2.117675282993447539e+00 9.540471993197074951e+00 3.509403226936880316e+01
1.025270797210124142e-04 -1.563216614058822415e+03 -1.226498587196940826e-01 -7.970378865078377173e-02 -2.101492301559656717e+00 1.262700404588953518e+02 9.437167305179234855e-01 6.045636092604331768e-01 4.708550608846874042e+00 -1.531227708309785829e-01 2.955446553835150425e-02 1.512469782258532569e-01 8.218908798461427523e+00 1.767796126745047047e+00 9.143902959312111278e+00 3.512315355577966614e+01
1.078317784930202293e-04 -1.563166168608660428e+03 -1.334860077444968707e-01 -7.495680538802435011e-02 -1.972282669872612582e+00 1.406220447486776663e+02 9.804669290538619020e-01 5.803038008404646231e-01 4.699019143920246222e+00 -1.840374396339696794e-01 1.296720576993948271e-02 1.043245691996474434e-01 -2.455650756255892020e+00 3.343464772764814796e+00 9.119167668244386959e+00 3.115166572241889753e+01
1.219412179419046392e-04 -1.563043201906436025e+03 -1.295346399539809290e-01 -8.166880273440106641e-02 -2.389957126214618199e+00 1.268202205395315758e+02 9.730236482957952404e-01 5.904468306251953180e-01 4.708466705447085232e+00 -1.398956122863483920e-01 8.144378881652314384e-02 2.660809540755896263e-01 -1.802340382261547802e+00 3.177056219385687719e+00 8.858367598830074741e+00 3.231386217839893504e+01
1.227949581397343724e-04 -1.563036225057532192e+03 -1.160364502812777365e-01 -7.117659972203795038e-02 -1.585335329277873573e+00 1.355596244790565095e+02 9.580981742128211742e-01 5.929169597086663135e-01 4.705517283375774795e+00 -1.421219389953036760e-01 -4.280563146486282555e-02 5.276320551918883828e-01 -3.911738595281633479e+00 3.104772033017511035e+00 8.504292012413316115e+00 3.099212310401766501e+01
1.389147443770319293e-04 -1.562912880619759108e+03 -9.328502822101103487e-02 -9.591296623159051293e-02 -1.654648084856058743e+00 1.047626742398691135e+02 9.312350934498430099e-01 6.154315768522540253e-01 4.717416987541922957e+00 -1.587184553099620921e-01 -2.726271153807724446e-02 2.294452213133708202e-02 -1.260179212486690403e+00 2.627262561296750398e+00 9.468437909754934267e+00 3.031675319305438165e+01
1.039108422282985231e-04 -1.563203207769713345e+03 -1.234154948368372945e-01 -1.014849644936735573e-01 -2.121860881971167068e+00 1.311151208184485597e+02 9.441451607177983041e-01 6.055120349425021642e-01 4.712878625495840801e+00 -1.673734427598052577e-01 4.208950218149354328e-02 4.540470825672911492e-01 7.657923188697850492e+00 2.288978902118321557e+00 8.952848020010616636e+00 3.393434113901017213e+01
1.242994847743904405e-04 -1.563024047161417229e+03 -1.271931685079547847e-01 -1.069536375447914245e-01 -1.720516875846038074e+00 1.307918579180648635e+02 9.528159891082290667e-01 6.008307945316947452e-01 4.712819163004783540e+00 -1.538906631600283070e-01 -1.957413164245580539e-02 1.616526058120744680e-01 -6.862430166923900288e+00 2.275324531628819535e+00 8.927566936233311878e+00 2.808034071264719955e+01
1.184377494138708217e-04 -1.563072353513764710e+03 -1.040034739905496552e-01 -7.715983941027870774e-02 -1.885238645232493404e+00 1.505296840837816319e+02 9.437766886509952879e-01 5.909581157098747761e-01 4.706245727311892502e+00 -1.678147413694937029e-01 7.479100586497366976e-03 3.344390847041782133e-01 -1.208480791423141909e+00 3.482772538379697025e+00 8.800666753350338212e+00 3.073036266647177683e+01
1.352451281969288316e-04 -1.562939652118555614e+03 -1.270246088089306835e-01 -8.896598701151481325e-02 -2.061567874566102798e+00 1.273145346193283132e+02 9.550374653271831438e-01 6.021187703528705359e-01 4.705174795342790262e+00 -1.695961438175941360e-01 3.591000061431870449e-02 3.484382618844119595e-01 -1.039649663570060056e+00 3.291382568104239681e+00 8.578006040344533289e+00 2.799012840678061309e+01
1.173022388421738992e-04 -1.563081987172967501e+03 -1.309075510462177072e-01 -1.046810920887799035e-01 -1.888324012804475815e+00 1.320043090423360184e+02 9.579524973367244955e-01 5.945237930465108178e-01 4.704650530215186421e+00 -1.547327014945112378e-01 -1.614294695997409157e-02 1.153505764909940196e-01 3.726466199940887236e+00 2.990753873897133985e+00 9.322763324740579449e+00 3.668539724078423347e+01
1.324301394249215635e-04 -1.562960685758150248e+03 -1.420031103560225050e-01 -9.262919891546714246e-02 -1.812214308335418744e+00 1.229147225945981745e+02 9.660727111351964380e-01 5.918758647186437294e-01 4.703122143840408498e+00 -1.505252281070501574e-01 -7.154694447285336878e-03 2.006992454835344608e-01 -7.604120959578040129e-01 3.637971029802233858e+00 9.410250924823394314e+00 2.834620191388681576e+01
1.194523004724824334e-04 -1.563063823882448105e+03 -1.362169027837029367e-01 -6.773100942765929167e-02 -1.695953387925898781e+00 1.107853011503106160e+02 9.368029932863684017e-01 6.013070511783027428e-01 4.704386882615343879e+00 -1.593019015281877948e-01 -3.363835634728573609e-02 1.375242703431429903e-01 -3.893082196160037256e+00 1.796074034240202622e+00 9.140772662061147358e+00 2.789649668113691661e+01
1.157437343550553278e-04 -1.563095362454248971e+03 -1.095395560720600486e-01 -8.429861992935323844e-02 -1.771484027516524229e+00 1.166887997516013371e+02 9.528552812034568609e-01 6.072076578782414913e-01 4.705844278118870960e+00 -1.723412509658217573e-01 1.525115877704541489e-03 2.042445237632215804e-01 -1.664167091649005670e+00 2.260805851135860856e+00 8.520084025831820895e+00 3.105084413577197111e+01
1.043601121955119653e-04 -1.563198893479558819e+03 -1.441317072873063709e-01 -8.498000395292824860e-02 -2.004805495481016386e+00 1.312664854381909265e+02 9.643137022476845344e-01 6.039578612473559538e-01 4.708515303120445417e+00 -1.355865841115495574e-01 3.842845820240969879e-02 7.677902484802662242e-02 -2.196649063986086503e+00 3.454974435615487671e+00 9.159779561910163181e+00 3.259260622315529332e+01
1.164714193265925090e-04 -1.563089095099669066e+03 -1.206770020610629934e-01 -7.347537871395259934e-02 -1.933053284242510550e+00 1.175797647766162299e+02 9.355864396479947054e-01 6.103725601490523900e-01 4.705753747322906300e+00 -1.628185252624736457e-01 9.081105511977494160e-03 3.661530551674719303e-01 -4.463848566601029688e+00 2.508917561151235986e+00 8.599820536138835791e+00 3.481003297181706557e+01
1.202508807211716740e-04 -1.563057160781864695e+03 -1.429133254608428716e-01 -7.366443766412801575e-02 -2.029409324192460673e+00 1.501636510618807563e+02 9.629976571494199833e-01 5.946570877752411777e-01 4.707509477529878694e+00 -1.529611342981607169e-01 2.070419457810390718e-02 3.492953016372052355e-01 -3.113124647187959226e+00 4.072397014115103353e+00 9.332958091868736261e+00 3.037798198153207707e+01
1.199043064446282680e-04 -1.563060047036550486e+03 -1.233836257845872947e-01 -6.817851585179580953e-02 -1.797716855604539754e+00 1.482620664944656426e+02 9.541441223616762279e-01 6.031565920422199412e-01 4.713489365706696965e+00 -1.459343011914078225e-01 -1.360595345856197014e-05 1.599316014164703925e-01 1.969619323618758244e+00 1.331364806926083055e+00 9.135787834534836449e+00 2.893694979152505908e+01
1.089848122234984048e-04 -1.563155532479786643e+03 -1.372603939816307850e-01 -7.652976797106503248e-02 -1.874853624781100736e+00 1.389225105378222622e+02 9.699175800682148241e-01 6.048850947802661970e-01 4.715684591216652066e+00 -1.668733359055822874e-01 -2.559970690235502389e-03 5.533583524973006984e-02 -5.433224371057008284e+00 8.318021511284356961e-01 8.856767850550895105e+00 3.536210212092838390e+01
1.391016302978043823e-04 -1.562911536195718327e+03 -1.361424092382005069e-01 -7.359672808743952799e-02 -1.963506161108577786e+00 1.143418100886663780e+02 9.561929815848732028e-01 6.205591002550181479e-01 4.722099836938651762e+00 -1.440618842630514429e-01 2.431835765378753678e-03 1.628703441776259420e-02 -8.228861481737226313e-02 2.266566737246455965e+00 9.091345984892807763e+00 2.829083124039921771e+01
1.191910070919456605e-04 -1.563066013706982631e+03 -1.024429121932243780e-01 -8.626907366560569723e-02 -1.890260105484332653e+00 1.206734047588680028e+02 9.362655388720945160e-01 6.116235431704055703e-01 4.708727920919128174e+00 -1.456600210444412014e-01 2.145808870821519498e-02 4.464872332888053519e-01 -3.428315239590119745e+00 2.487292982269018182e+00 8.646830888265677473e+00 3.191374420720671878e+01
1.201651212355070789e-04 -1.563057874207665009e+03 -1.160760614784455691e-01 -8.231432675034733304e-02 -1.806389079800252873e+00 1.245064753587059840e+02 9.355050329877915294e-01 6.045632029977059396e-01 4.707555923239848283e+00 -1.454209853007766284e-01 -2.885029600606436873e-02 6.298467607724018980e-02 -5.866942139149671220e-01 2.711067928192201215e+00 8.871746324650931825e+00 3.410106909276188958e+01
1.256960950046975335e-04 -1.563012873965787549e+03 -8.868211618617874437e-02 -9.946605513005185584e-02 -1.706466624168399671e+00 1.061955544444259516e+02 9.183728650826935569e-01 6.063333269279782556e-01 4.704808209546842868e+00 -1.494904907399172700e-01 -2.220554665933205385e-02 3.570797562443282780e-02 -2.903506270815142898e+00 2.644128638632836648e+00 8.527891790326869170e+00 3.419783772217876816e+01
1.384311356844565122e-04 -1.562916368028208126e+03 -1.309071854757631881e-01 -8.407033204306307850e-02 -2.187424374219459455e+00 1.602898146148150715e+02 9.770220546180632404e-01 6.114112278730190475e-01 4.720245560065144730e+00 -1.380053813574226851e-01 6.670755193407384986e-02 8.503407621006238426e-02 3.756657512903302631e+00 1.976692164002424867e+00 9.563741786547840462e+00 3.134855023602744950e+01
1.051666242169388692e-04 -1.563191195025237676e+03 -1.257216937358910103e-01 -9.020153238260292250e-02 -1.760362419469865491e+00 1.217332083658590136e+02 9.594840869236638259e-01 5.787423348234043141e-01 4.699333958436214154e+00 -1.539801706557595296e-01 -3.834211656802732904e-02 1.817066791164502759e-01 1.063594709012761541e+00 3.005252371403699385e+00 8.302949579434780958e+00 3.078165201291482944e+01
1.382276992365306185e-04 -1.562917838695028877e+03 -1.253092832131232626e-01 -1.044833341595011039e-01 -1.677455664978315442e+00 1.302213608766515449e+02 9.676201646591466865e-01 5.972397592142248968e-01 4.707521967825789133e+00 -1.515674226578214157e-01 -2.385947558661349888e-02 2.233826470260599217e-01 1.665380478144840026e+00 2.388414551935502672e+00 8.683348276233626706e+00 3.262174543258134207e+01
1.072873092534408262e-04 -1.563171230645766627e+03 -1.172978952691391685e-01 -8.855912115496875070e-02 -1.750092065254342355e+00 9.265440607822212371e+01 8.948680798643627865e-01 6.221496632788392489e-01 4.716260857592516231e+00 -1.499689961585359832e-01 -9.976858228477603063e-03 1.619469184080072066e-01 2.095212765025905810e+00 2.497414955056065367e+00 9.286482274089014055e+00 3.102679378072736682e+01
1.403704286981721078e-04 -1.562902456167308401e+03 -1.122313955717534895e-01 -9.447095555158317726e-02 -1.877110830513212258e+00 1.110448105118333899e+02 9.176097021205205095e-01 6.168885035153366392e-01 4.704998975432277852e+00 -1.574627744011696251e-01 -9.507293213505629836e-03 4.612250813039187047e-01 -3.183669230725143962e+00 3.450515500915463107e+00 9.121661347268329223e+00 3.292144883991865356e+01
1.091748160877438999e-04 -1.563153790600101956e+03 -1.218882697518264280e-01 -7.468861935431628241e-02 -1.600765075320332631e+00 1.354370685191291273e+02 9.498327035220422987e-01 5.878270196002817194e-01 4.700926483050517746e+00 -1.612259049024742374e-01 -3.272446522922356493e-02 2.199663921041125625e-01 -9.775168447550584006e-01 1.599820756705838676e+00 9.496543709803461297e+00 3.509447867078285554e+01
1.188775775881937652e-04 -1.563068646811096414e+03 -1.210643076188768208e-01 -8.759398696619413727e-02 -2.265837374161315587e+00 1.209428583669697161e+02 9.326225358453639203e-01 6.013671488757458272e-01 4.706476105166629509e+00 -1.407897880073403218e-01 6.415462536775362601e-02 9.270092534415662333e-02 4.374122276645891816e+00 2.031904589895883184e+00 9.139554027561281657e+00 3.169150544225063371e+01
1.207778284806699582e-04 -1.563052788285320275e+03 -1.298427607767237424e-01 -9.573178372178169082e-02 -2.075726929348983951e+00 1.148017906703028501e+02 9.528675184245198881e-01 5.980375540950226831e-01 4.709736202763024515e+00 -1.773612692500003973e-01 3.654666945553741719e-02 2.115037193524825498e-01 -1.322740703387836447e+00 2.846036394991258156e+00 8.514489305318061696e+00 3.781698680352862851e+01
1.047444680753403405e-04 -1.563195217268237229e+03 -1.290648664911540344e-01 -8.254137145670689679e-02 -1.898648739605893532e+00 1.258158299433293621e+02 9.837928945192342400e-01 5.704079026510622263e-01 4.695453663028335001e+00 -1.558018079075864648e-01 7.434196325705633157e-03 4.201076573879919396e-02 2.428321716935812447e+00 1.395116092642867400e+00 9.169680128343404846e+00 3.063219964749219670e+01
1.128998832597135287e-04 -1.563120239577768189e+03 -1.088098789207058437e-01 -9.018085553541957400e-02 -1.644445765341471910e+00 1.430715641930411266e+02 9.385991006398617387e-01 5.910144349430055399e-01 4.702451232382702351e+00 -1.632745826105050924e-01 -2.873054026223886837e-02 5.678838121682682205e-01 1.503648047221020079e-01 1.743199580191756581e+00 8.539609051824159636e+00 3.006964665404265702e+01
1.372139617038741855e-04 -1.562925199543103872e+03 -9.873015494090556232e-02 -9.132458072627112899e-02 -1.798238782997940932e+00 1.121406612800475529e+02 9.317936217104646479e-01 6.069985805589235284e-01 4.710143406586546178e+00 -1.737144944644732902e-01 -5.341299425218437591e-03 6.759149748279276448e-02 -3.779804828545536566e-01 2.365033890196488464e+00 8.603038703192012804e+00 3.736837092493539103e+01
1.175177843593831279e-04 -1.563080151336527251e+03 -1.250235365435205248e-01 -1.134959201878131679e-01 -2.053480658682717674e+00 1.134407656645440738e+02 9.626567642205172692e-01 5.774138237226829062e-01 4.706524857028909992e+00 -1.676886354258040335e-01 2.686151735398922824e-02 3.355844629914624816e-02 2.178658616086806887e+00 2.575503892947694773e+00 9.355189232122530285e+00 2.944234195899431228e+01
1.051054270743117511e-04 -1.563191777101114894e+03 -1.126046271272644339e-01 -1.237183608057362272e-01 -2.101356769374381983e+00 1.124098249750775551e+02 8.827362728875192133e-01 6.138656469864440801e-01 4.705181947059165815e+00 -1.628747857054562154e-01 1.773204696763674981e-02 7.479608098649265235e-01 -1.239574133799123956e-01 2.404118136723809585e+00 8.331643993450432717e+00 3.250997008689249412e+01
1.101775185036486256e-04 -1.563144648145320616e+03 -1.404192749787690209e-01 -1.000548656819474636e-01 -2.312343246241906680e+00 1.133304360730904534e+02 9.550666508601338700e-01 5.984918982849374292e-01 4.714619450098608944e+00 -1.389301021468249964e-01 5.659556178037772334e-02 1.024933594551806076e-01 7.025705397900594562e+00 2.772808875662113870e+00 9.316878167626384766e+00 2.656613160151122344e+01
1.316583235482872752e-04 -1.562966530906139042e+03 -1.156262719576694464e-01 -9.335153038957058613e-02 -1.957598093890569269e+00 1.092185145986640009e+02 9.391106723920222832e-01 6.109435385012600417e-01 4.708442485019294743e+00 -1.356508052339830961e-01 1.775168096730816991e-02 3.275148348763580186e-01 -5.129267323451699667e+00 3.165762345476053063e+00 8.761317471928876444e+00 3.171832813519415240e+01
1.194780829988806195e-04 -1.563063608066224788e+03 -9.201473504494606104e-02 -1.312481769265438636e-01 -1.952089534796913606e+00 9.842842877233412935e+01 8.588406813052326116e-01 6.291874390909918402e-01 4.711651068294127498e+00 -1.619780730136537450e-01 -4.378222915448759522e-04 5.290711117896932381e-01 -3.744632436286025268e+00 3.666778439036399995e+00 9.247343650890972100e+00 3.120000503083786469e+01
1.212745094398966716e-04 -1.563048684365807731e+03 -1.035116992771403233e-01 -9.097550062898940304e-02 -1.882128851082196075e+00 1.136577526389349941e+02 9.280784298962484469e-01 6.231127248951922049e-01 4.717266079489970565e+00 -1.501877677669902766e-01 -3.534844884549137589e-03 2.472608789808189156e-01 -1.865318242530065618e+00 3.554495429528681250e+00 8.717805939821410277e+00 3.684236553226649846e+01
1.211323717981592274e-04 -1.563049857085470649e+03 -1.417392010827244475e-01 -6.764803136688937735e-02 -2.357640735907694740e+00 1.452622958546600387e+02 9.769520709436282369e-01 5.752692659668801056e-01 4.701994812208713626e+00 -1.347208466766316448e-01 7.540750911023308412e-02 7.449955681575981536e-02 7.810258200131329431e+00 1.422767862639839898e+00 9.492858306408891167e+00 3.236978134940959961e+01
1.187969609453326167e-04 -1.563069325189575238e+03 -1.435829027436708316e-01 -1.004322059244179555e-01 -2.355529686120153343e+00 1.038757315338474569e+02 9.318611964645672208e-01 6.081553657179201711e-01 4.714085532578714322e+00 -1.435506617287967135e-01 7.564018664658034297e-02 2.253362586446453486e-01 3.045973187510440994e+00 9.774241524106441759e-01 8.704571527283988530e+00 2.681762528087927677e+01
1.075631056610206501e-04 -1.563168663310170132e+03 -1.295957215308458366e-01 -1.056332452936272481e-01 -2.029461738080871491e+00 1.107051475694391343e+02 9.496081730657504050e-01 5.934156226122972999e-01 4.705502484923592021e+00 -1.779364247527248644e-01 3.000837655827326422e-02 2.838201145400652547e-02 -3.058189571258708384e+00 2.724383311711431332e+00 9.015934875067577181e+00 3.880436404012422003e+01
1.287255172513614512e-04 -1.562989058650717652e+03 -1.155417544998295076e-01 -9.492350107143469884e-02 -1.918682702897026582e+00 9.513337604946764259e+01 9.216596694402847678e-01 5.975002471234971413e-01 4.700048252733028065e+00 -1.414694387368253814e-01 1.835475787858698027e-02 2.787166282789901861e-01 -3.108640885220523842e+00 1.423806568145447038e+00 9.085602963991746606e+00 3.130948114315590303e+01
1.227306785801654868e-04 -1.563036748665265350e+03 -1.008317289539795020e-01 -7.796653454042863640e-02 -1.847659919800028083e+00 1.141531487099718873e+02 9.066355015187234079e-01 6.170523126358122834e-01 4.713982324137188762e+00 -1.662754634631022910e-01 4.108965079949733479e-03 3.453926488875169176e-01 -3.084385505212594580e-01 2.255535821501841731e+00 9.221481814220444662e+00 2.866570324105166634e+01
1.075884800513940767e-04 -1.563168427435631656e+03 -1.302970573633096540e-01 -8.365389498464742557e-02 -2.173895531101539103e+00 1.252773041049468219e+02 9.399557525693617022e-01 6.017955576247304705e-01 4.703891316570623538e+00 -1.474990419374635486e-01 2.832027712738627301e-02 4.501078917451779571e-01 1.934001619166707542e+00 1.762292740646653755e+00 8.897156559367068951e+00 3.235584465589991510e+01
1.267023735659221950e-04 -1.563004900194008314e+03 -1.276411267352860757e-01 -9.712793129167041073e-02 -2.028491136046630672e+00 1.109534618261660341e+02 9.458659122837520528e-01 5.868556725804878749e-01 4.698945721651455187e+00 -1.443160271783479054e-01 2.188275521776517074e-02 1.419671644189391957e-01 1.427304821473882157e+00 6.197967718057917352e-01 8.808144683558394306e+00 3.533117586800705112e+01
1.060821089648102838e-04 -1.563182527607778411e+03 -1.210486585527819486e-01 -8.014451799696950540e-02 -1.893138042295551271e+00 1.424437629043563334e+02 9.432035320072625906e-01 6.155683757283356705e-01 4.710813543147350124e+00 -1.542311185136537866e-01 -1.303496295324846344e-02 4.969779181661556633e-01 2.554990294570984588e-01 2.766815584838377973e+00 8.664189856768533815e+00 3.383170278571490286e+01
1.210528115758565461e-04 -1.563050514105227649e+03 -1.102945010337627457e-01 -8.548424828115183671e-02 -1.594653894706354658e+00 1.274800004513918594e+02 9.415671713417599342e-01 6.135783214854675371e-01 4.715470848124477143e+00 -1.438326455804421755e-01 -3.917280922090271567e-02 1.694339452506820609e-01 3.479838609292187357e-01 1.671804243228547371e+00 9.019238417136921981e+00 3.513400488288742451e+01
1.108805452010211791e-04 -1.563138287562442201e+03 -9.040190254465266251e-02 -7.338375685870497656e-02 -1.768538480479597608e+00 1.178449301924123347e+02 9.412594072526280220e-01 6.074133398197720801e-01 4.710484283851566367e+00 -1.611731122548412110e-01 -1.575292486974300132e-02 1.876174381805759683e-01 3.521876188811745578e+00 2.839372203761070246e+00 9.351782171382772901e+00 3.184728155762628177e+01
1.524135376981223882e-04 -1.562820143545560768e+03 -9.290369171735771148e-02 -8.580440952668942634e-02 -1.829825728330842560e+00 1.205396338260650992e+02 9.084539913223235175e-01 6.150682232481893275e-01 4.705394510878526226e+00 -1.580957684780159855e-01 -1.382825551352895310e-02 2.301063751872016450e-01 -2.640914693978459127e+00 2.058082936618577108e+00 8.555860397475022694e+00 3.123916274949234406e+01
1.383494810997334154e-04 -1.562916958059316812e+03 -1.267430420018275938e-01 -7.677064041705439212e-02 -1.853006212612915427e+00 1.214211983585235259e+02 9.681159866729887042e-01 5.708983716922303442e-01 4.694837084172744923e+00 -1.613777904982582889e-01 9.150691450739767419e-03 1.633678878948064961e-01 2.505724503783028467e+00 2.601460949539835532e+00 9.105202944841961354e+00 3.363913245554173415e+01
1.346898074588379220e-04 -1.562943766602812047e+03 -1.176839333819266198e-01 -1.068414661405571731e-01 -2.073763316812531343e+00 1.429096125634438579e+02 9.348917340258290354e-01 6.003342778543031555e-01 4.703487348959574099e+00 -1.610482785771627512e-01 2.131552645817547109e-02 2.730109716310306633e-01 1.472981998306579499e-01 1.834173871549493740e+00 9.446372298123396405e+00 3.025878053277486401e+01
1.277031028919473022e-04 -1.562997032953872576e+03 -1.108731961274053712e-01 -7.720337700665980130e-02 -1.746026255266746485e+00 1.181359078003253558e+02 9.578655211932802782e-01 6.146509426042106039e-01 4.718273884633136461e+00 -1.549509404802686952e-01 -2.194734716666424390e-03 1.281003509991518741e-01 7.188500066535539190e-01 1.869007666665312151e+00 9.515577981607181712e+00 2.840430554739281632e+01
1.381203307837446190e-04 -1.562918615747488275e+03 -1.105941107731308326e-01 -9.433255128311163196e-02 -1.974631001491163884e+00 1.277604311796591077e+02 9.610558974943259614e-01 6.090666493725648278e-01 4.709000628752673556e+00 -1.438183398578847250e-01 4.967306158731865651e-03 2.819459988114901561e-02 2.973085012314754749e+00 2.120858894270050143e+00 9.150588479318489732e+00 2.855422285247777126e+01
1.096708214404530375e-04 -1.563149257668053451e+03 -1.463695154795514597e-01 -1.008690669449778254e-01 -2.010838824426970373e+00 1.090749825528970547e+02 9.403716343034822511e-01 6.120909821098894366e-01 4.707347167506025443e+00 -1.503900791677783566e-01 1.996378843330659514e-02 2.245407374910062537e-01 3.305092312024271450e-01 1.540951722677874614e+00 9.353777642613913201e+00 3.461747671859871645e+01
1.161888261894564953e-04 -1.563091524335273789e+03 -1.142829599274708674e-01 -1.030040774964941230e-01 -1.960272364987988514e+00 1.260826236711544226e+02 9.264107739583374856e-01 5.927423904051440928e-01 4.695545477364992060e+00 -1.667209589206324338e-01 9.049218439094453004e-03 3.591267162344132791e-01 -4.768862250375292433e+00 2.900137168243333008e+00 8.983305022542854346e+00 3.528468883367386155e+01
1.088588016925169985e-04 -1.563156689369747937e+03 -1.107898176165160037e-01 -1.011287610130731929e-01 -1.756708632201068987e+00 1.365901919992376463e+02 9.553927037983450665e-01 5.958155530132706046e-01 4.703922898257093976e+00 -1.414094110445871522e-01 -1.227935802312041247e-02 2.571735304634218400e-01 -2.673539417394465545e+00 2.081467093534850044e+00 8.454072449400328537e+00 3.329399020580825663e+01
1.060185844764603946e-04 -1.563183126610914314e+03 -1.176840076542869234e-01 -1.026295579311106571e-01 -1.878137213807849371e+00 1.201069432843536475e+02 9.222037990212246239e-01 6.150450945423966420e-01 4.719980842694999623e+00 -1.467847652135325642e-01 1.118931737971462503e-02 3.753075429796608464e-01 9.158553393154704736e-01 2.210730676887040502e+00 8.776312976402799393e+00 3.167458188316962975e+01
1.098555843814807986e-04 -1.563147574380943070e+03 -1.238057394461066635e-01 -5.624051784049158287e-02 -2.068951673799545254e+00 1.329313996061664511e+02 9.753801869966381988e-01 6.081379713170869117e-01 4.709823205175382554e+00 -1.528011072543300486e-01 2.118252513871077269e-02 5.461148413382088673e-02 9.062499580285816592e-01 1.998847112645640856e+00 8.824297422385107836e+00 3.271224346351630885e+01
1.127252034798727648e-04 -1.563121787985503033e+03 -1.309415082398148744e-01 -8.602845964219803243e-02 -1.969932582928947351e+00 1.116683034948384829e+02 9.441755128605748837e-01 5.910121281301738971e-01 4.701829257906563697e+00 -1.673163904448791151e-01 2.027724225840277228e-02 1.255578392067523974e-01 4.816079833049258241e+00 3.695110699256209941e+00 9.226020483740104083e+00 3.654227957525147019e+01
1.276365572600156751e-04 -1.562997554186127672e+03 -1.237571885760253287e-01 -7.288427040656936251e-02 -1.595445843996031510e+00 1.124050881502261348e+02 9.232803541486692689e-01 6.071273790771734014e-01 4.711230603866285449e+00 -1.421409846193288917e-01 -3.242550473064831351e-02 1.581725809689411844e-01 1.739720507151503170e-01 2.616003737761829484e+00 8.961488593484002507e+00 2.657957607086314056e+01
1.450935739290880940e-04 -1.562869362143186436e+03 -1.376949054178797927e-01 -1.031120533609040379e-01 -2.125453891750890278e+00 1.248823104346714388e+02 9.539708508831338252e-01 6.133937405968274970e-01 4.715210292713809537e+00 -1.604447362949557032e-01 3.446361465728764450e-02 1.156466652798485845e-01 4.218000944198223578e+00 1.521803335439386728e+00 9.643125563251420118e+00 3.578667792891698696e+01
1.191101603448266392e-04 -1.563066692232825289e+03 -1.372351154673408236e-01 -8.671161468427072971e-02 -2.259399152743260863e+00 1.293140472397346059e+02 9.579700684718142067e-01 5.776842808867710399e-01 4.694515626192856672e+00 -1.392821273349558187e-01 5.007232505241621112e-02 4.968676796824963299e-02 -2.008104529293461837e-01 1.417859782268049429e+00 9.062806141380551850e+00 3.140077940134078460e+01
1.368160926229293722e-04 -1.562928103380505945e+03 -1.400287662767193131e-01 -1.146647867382949992e-01 -2.198703450175968577e+00 1.217097244524633908e+02 9.266531887263762535e-01 6.098335288756899786e-01 4.708643499468402993e+00 -1.475021309056172569e-01 5.794822312386060936e-02 2.598475850609407445e-01 -3.234987277914967763e+00 3.322651174396562546e+00 9.033038306335395617e+00 3.329276410659165464e+01
1.157754112996081772e-04 -1.563095088809970775e+03 -1.140038179600829510e-01 -8.361461555280459701e-02 -2.077654288962136775e+00 1.252497035080438081e+02 9.392227970416962002e-01 6.129067036517981126e-01 4.712707267147106194e+00 -1.579878428896885900e-01 2.761617843810504347e-02 4.777958938537872902e-01 -3.720604516585410693e-01 2.484911016053525934e+00 9.599188917552847755e+00 3.054268025254647156e+01
1.314058961893057014e-04 -1.562968450037799812e+03 -9.749742376766148966e-02 -9.802281577109980826e-02 -1.851321706493850749e+00 1.614359629296162097e+02 9.082398077068769560e-01 6.093541656816636731e-01 4.703688453342951270e+00 -1.499375522090042878e-01 3.360031681328923270e-03 6.920468513253941190e-01 -7.831351934935071313e-01 2.721897766570946509e+00 9.180016287553494081e+00 2.925035901313088971e+01
1.325442193499185831e-04 -1.562959824694215058e+03 -1.335139413980855061e-01 -1.082400116055097505e-01 -1.970720328425925150e+00 1.205572064516437933e+02 9.608783387339571158e-01 5.994033764759044702e-01 4.709981844522376448e+00 -1.440210792341314328e-01 1.264583412772468662e-02 4.213185220455197000e-02 2.619387540577093887e+00 1.177439820338910259e+00 9.839831633252194010e+00 2.959216916008178089e+01
1.294245063740097530e-04 -1.562983643266120225e+03 -1.307874182933373153e-01 -6.658393914885503417e-02 -2.102363066287925353e+00 1.418354560441038075e+02 9.673630941321147425e-01 5.892230261473390129e-01 4.700786783200169516e+00 -1.745862807349491952e-01 3.496264826181172403e-02 1.930251451622229941e-01 2.146084308451634115e+00 1.710295222120516989e+00 9.213783285610288587e+00 3.196021535921833490e+01
1.098369389581281921e-04 -1.563147744122025870e+03 -1.069483081639838601e-01 -9.551155068143643567e-02 -2.070877405914415270e+00 1.094915697392934106e+02 9.482271872319661954e-01 5.949092561488174002e-01 4.703233967641414992e+00 -1.478698383704113439e-01 1.688656348135264551e-02 2.523197688154612747e-02 1.617941692872676640e+00 1.124451967714268363e+00 9.365741610635968328e+00 3.056986089354152369e+01
1.271896582392028816e-04 -1.563001061670458512e+03 -1.350346254322450645e-01 -8.930343929348476262e-02 -2.023961692181552863e+00 1.210692349681857536e+02 9.300759209241542536e-01 6.040333406565898677e-01 4.710892535164839856e+00 -1.497819558057020828e-01 3.281617112538937064e-02 4.890614304477567953e-01 -5.808783178450482865e-01 2.351508024789339402e+00 8.830115445559339804e+00 3.704909914897491774e+01
1.300788034690128633e-04 -1.562978600567575086e+03 -1.179390327134893085e-01 -1.121079812358009020e-01 -1.899980950216430431e+00 1.168726016040914857e+02 9.456388566798942241e-01 6.037665465166950352e-01 4.707406026138555077e+00 -1.519002511736238237e-01 5.559709327633610698e-03 1.574633901006766701e-01 5.598612051102236364e-02 1.507392565283094399e+00 9.859661915225359508e+00 3.208679959918192282e+01
1.021051877126142096e-04 -1.563220737480914750e+03 -1.253601747963334900e-01 -1.028404524191734865e-01 -1.889059875613125161e+00 1.533769002666906260e+02 9.268833185902943805e-01 5.971517603819289643e-01 4.701961566570814988e+00 -1.644238406094302718e-01 7.976243571549357370e-03 6.893039701965587573e-01 -2.435019039195822188e+00 3.321104930635421226e+00 8.965875204498097162e+00 3.650872046186448472e+01
1.108957577597998687e-04 -1.563138150374125871e+03 -1.229276644600733187e-01 -6.416036507502982655e-02 -1.745529578567617923e+00 1.665539410095918811e+02 9.520110740658254134e-01 5.891781756179705898e-01 4.707468275508453814e+00 -1.637476480814838986e-01 -1.009195976475818490e-02 3.555854039371281194e-01 4.068717255578349068e-01 3.141929932670595171e+00 9.161345531302767853e+00 2.844566716370300341e+01
1.028679969591331846e-04 -1.563213294431529448e+03 -1.376305417166906186e-01 -1.241554291941530663e-01 -2.138854987420994558e+00 1.112257631647653824e+02 9.163746593325650114e-01 6.014286437257679863e-01 4.701858118447239221e+00 -1.661513289126703707e-01 2.152829571053449520e-02 3.984010327694713638e-01 -2.828729088621230403e+00 3.135575400024182002e+00 8.751735175364316888e+00 2.939631044219703782e+01
1.033598838804178832e-04 -1.563208524098322641e+03 -1.175031040319067799e-01 -1.091136402140445438e-01 -2.094427671419375692e+00 1.200645958263385040e+02 9.427391117434842371e-01 6.000285141256616050e-01 4.702051954542302958e+00 -1.627314571891869122e-01 2.135589682724670091e-02 1.636688226007587954e-01 -4.028697401123736199e+00 1.982411828863051007e+00 8.386489922052930979e+00 2.844265162172654371e+01
1.302574057591473068e-04 -1.562977228477855533e+03 -1.455369728157662468e-01 -1.020328113248623880e-01 -2.183945388747876581e+00 1.062607936593684599e+02 9.746232603937323713e-01 5.925419840003028904e-01 4.700178615077494015e+00 -1.618254031734194243e-01 4.737967951866028926e-02 1.854726426443098486e-02 -9.676798716177756887e-01 1.575312610265000579e+00 8.858578602782385403e+00 3.521156133387004417e+01
1.514451254056659111e-04 -1.562826517664115727e+03 -1.204755473580377406e-01 -8.975173266838776254e-02 -1.962560702314673167e+00 1.121364433992204965e+02 9.360599419056077064e-01 6.071365475974661585e-01 4.711319962020585450e+00 -1.623696406690400273e-01 1.424284424284061323e-02 9.188797684838510837e-02 -2.114976006814686116e-01 5.744594159127203170e-01 8.547818217355619197e+00 2.769714440447801351e+01
1.114032461573422213e-04 -1.563133584548186718e+03 -1.246243546829444299e-01 -9.652598017286811993e-02 -1.895352872031159430e+00 1.281619053170736606e+02 9.428200264696613431e-01 6.118829583018411400e-01 4.715449757129460906e+00 -1.723198323347436833e-01 1.504620220590680013e-02 2.643522545557725478e-01 -6.541955091859733784e+00 2.480223636764034012e+00 8.994237349887912458e+00 3.011127561791715479e+01
1.157085687786973017e-04 -1.563095666323133855e+03 -1.417893929450481927e-01 -7.293464148887007781e-02 -2.156242364759716423e+00 1.481647960711125052e+02 9.660602340554538259e-01 5.948688670938300227e-01 4.703071876371751614e+00 -1.529094927491159162e-01 3.896013546769028224e-02 2.423271878036246108e-01 -2.231682090258829021e+00 3.261100764537006036e+00 9.560386777285657445e+00 2.893270999947228361e+01
1.469144895447762678e-04 -1.562856890301161911e+03 -1.360935630150545139e-01 -9.774651707948836532e-02 -2.294034040034521826e+00 1.016348149418290916e+02 9.389316729942551731e-01 5.893024770513159982e-01 4.701399761470558047e+00 -1.554229803071662808e-01 5.534759670047395552e-02 2.569542264193576397e-02 -3.323052829282602261e+00 2.192558794011811862e+00 9.615735460699159631e+00 2.905474164522181724e+01
1.394077209969405383e-04 -1.562909338130763217e+03 -1.105303406845509762e-01 -8.609882441460377234e-02 -1.741077562390804356e+00 1.388495092342318742e+02 9.260741132075366311e-01 6.142854093381195923e-01 4.706250930075658090e+00 -1.506972202298229035e-01 -2.313411821429633974e-02 2.359571819397169590e-01 8.144108603512449918e-01 2.416511911201513207e+00 8.757632978935392387e+00 2.951925675376876512e+01
1.369258021303509725e-04 -1.562927301826082612e+03 -1.209363920624851180e-01 -8.779876582262333140e-02 -2.095714120408010750e+00 1.282529947238881505e+02 9.749252522577904756e-01 5.897655262720691294e-01 4.711522195170529059e+00 -1.684851599215058116e-01 2.978437755933227571e-02 1.869327545972772342e-01 3.471216051489960819e+00 1.837918789437620326e+00 9.497479904351013857e+00 3.516828608722744320e+01
1.271211234032025648e-04 -1.563001600655374659e+03 -1.321729451719444726e-01 -8.659066782511069815e-02 -2.091525534109352158e+00 1.231652937416881457e+02 9.262001444774601300e-01 5.981363262327854535e-01 4.704992271143725091e+00 -1.510372388273908406e-01 3.963432956732870771e-02 2.224559698345954795e-01 2.412085181786835619e+00 2.320319145960869633e+00 9.610210770989557005e+00 3.333857773527282120e+01
1.083266864641630123e-04 -1.563161589478844462e+03 -1.281211861206203173e-01 -7.587623542614514716e-02 -1.626941469121122141e+00 1.317835480377688100e+02 9.610031002578153236e-01 5.918766685274954309e-01 4.697803162442201419e+00 -1.442173557128039185e-01 -3.516245188657474152e-02 1.369293511454043044e-01 1.051183287172619885e+00 2.699984733303684159e+00 9.581632733722255324e+00 3.141220771596520223e+01
1.411295103696863561e-04 -1.562897063032845153e+03 -1.419928219609156994e-01 -7.364670426490545208e-02 -2.185373002575171419e+00 8.626509218352379094e+01 9.435163967299541321e-01 5.994273432658094869e-01 4.703135251149426210e+00 -1.452228656392982042e-01 4.689349385002583581e-02 2.111024571958866961e-02 -1.407261677854648951e+00 1.846840436546925979e+00 8.212875722313327742e+00 3.580564195961455454e+01
1.290862655874941260e-04 -1.562986260108559463e+03 -1.070906715729628977e-01 -9.974665718021283323e-02 -1.898335211539969647e+00 1.365057902922919482e+02 8.943670096277399617e-01 6.082101167940650033e-01 4.699305963628576777e+00 -1.679906573951126525e-01 1.642329860336300129e-04 4.863638620473983432e-01 -1.485973975534619740e+00 2.335308918457346117e+00 8.845599243646473653e+00 3.275454309476833004e+01
1.487961079878222736e-04 -1.562844164048847233e+03 -1.249812928181596727e-01 -1.045703391863057052e-01 -2.060347955447259238e+00 1.114107815453793080e+02 9.577165581203808120e-01 6.048106018949561680e-01 4.713905484110716415e+00 -1.611739209339639878e-01 4.682623575936251115e-02 1.225478693584504571e-02 6.015902535942814211e-01 1.904402466015642226e+00 9.553578756509306658e+00 3.724927827497914734e+01
1.124356470735450179e-04 -1.563124359982946089e+03 -1.493549349909224500e-01 -7.506204488428859511e-02 -2.316610595400671269e+00 1.362037358921620012e+02 9.779168428056952411e-01 5.804216786893316993e-01 4.697312484226365825e+00 -1.339301534997976439e-01 6.607575843966451146e-02 1.350485273628643235e-01 1.572155075885916631e+00 3.037297672025429662e+00 8.335423929278441335e+00 2.940309112927930357e+01
1.277530319547128370e-04 -1.562996642052605466e+03 -1.337243985951928060e-01 -9.816873364179148909e-02 -2.552588054709843846e+00 1.362900805089837490e+02 9.573028172990749596e-01 5.939795953545421447e-01 4.705084507069976496e+00 -1.287726206806565354e-01 9.549149975221338238e-02 1.861160791683223181e-01 5.246290974297608045e+00 1.950834168334525387e+00 9.572463216403814812e+00 3.039881160777191482e+01
1.195912944735380296e-04 -1.563062660964723818e+03 -1.419069122109669623e-01 -1.181298266583452883e-01 -2.383292892786895045e+00 1.160193860678359812e+02 9.346341096381384217e-01 6.040240883574659048e-01 4.708620455511926650e+00 -1.410244232245831952e-01 5.101795989768764805e-02 2.000703818704863968e-01 3.446962894122037824e+00 1.632126592652993757e+00 9.135161273242985658e+00 2.992011428626917180e+01
1.098435208048047983e-04 -1.563147684200022013e+03 -1.085832057656229976e-01 -1.196681365847166584e-01 -1.982329944094874730e+00 1.103149834031639642e+02 9.133217698276450136e-01 6.045173042742821856e-01 4.706912850007929805e+00 -1.671035097440276562e-01 2.863376212137302979e-02 1.290105914791384312e-01 3.080467425815157867e+00 2.606519489072756102e+00 8.309667256154451564e+00 3.099666332363748467e+01
1.067295749769753071e-04 -1.563176442716216798e+03 -1.094955865611512702e-01 -5.463167762235800196e-02 -1.636829027751025345e+00 1.315523664986244228e+02 9.565272225562648778e-01 6.024614151801732653e-01 4.711444321379103073e+00 -1.396874641939165329e-01 -3.285966873820278522e-02 5.244240488804850775e-02 -3.131604541129519248e+00 1.944788718103995784e+00 9.104897413120148997e+00 2.761868955239976486e+01
1.490820048000196822e-04 -1.562842244492574309e+03 -1.322138484614221177e-01 -1.061708703314388491e-01 -2.066770291983923258e+00 1.398723082428713553e+02 9.429617232550121519e-01 5.999040247047509045e-01 4.712576345354446694e+00 -1.445417068509640135e-01 1.989846351645874201e-02 2.720119070083952262e-01 4.250796953269713185e+00 1.946360770569199872e+00 9.341132526599626118e+00 2.858247859712736982e+01
1.360947225902321581e-04 -1.562933389881974563e+03 -1.060824080781605505e-01 -1.034093040171762262e-01 -1.715780127183047732e+00 1.057116789541347543e+02 9.026777827517709074e-01 6.075827711803638564e-01 4.702942707231568598e+00 -1.449415393838204835e-01 -2.958612893601220151e-02 2.026033793093182933e-01 -2.575462916088270049e+00 2.650336495409133519e+00 8.129921510803828966e+00 2.959564994001140548e+01
1.254353164270533905e-04 -1.563014950796160065e+03 -1.240072661972214385e-01 -8.823150656809347625e-02 -1.796683982912564703e+00 1.350603760693539357e+02 9.517992162977912951e-01 5.851764612436773927e-01 4.705061859929177359e+00 -1.714667050332869813e-01 -2.827542165851903988e-03 2.559410987244453012e-02 -6.581033199035601911e+00 3.319095117505388437e+00 9.000081997394548949e+00 3.359087137935657097e+01
1.136929656015901361e-04 -1.563113239484125643e+03 -1.474891742191170307e-01 -7.908876238991929819e-02 -2.243761450794678591e+00 1.171078488846538903e+02 9.496329894181324560e-01 5.863805590291892855e-01 4.705372474954507389e+00 -1.576850292587885782e-01 5.140370133401983566e-02 7.609498512103042567e-02 8.897275944712532691e-01 9.031830590134903858e-01 8.606472504966156123e+00 3.275140092690553928e+01
1.046345432856934390e-04 -1.563196267276058279e+03 -8.915162011524249697e-02 -1.201908557711383330e-01 -1.958202529531367642e+00 1.174388273519056440e+02 8.680367465318296061e-01 6.107288458631336958e-01 4.703403255940783012e+00 -1.619418864067223573e-01 1.827159302669167928e-02 6.075071403333365261e-01 -3.149163365222136690e+00 2.321505408535040615e+00 8.455358180641470156e+00 3.163070496056585768e+01
1.260708999659368337e-04 -1.563009896568069735e+03 -1.071277970878709435e-01 -9.330564024181278726e-02 -1.632840165460260229e+00 1.396663038270935431e+02 9.665531180382920251e-01 6.034031149415701734e-01 4.710907303108554878e+00 -1.432157849275832451e-01 -2.624078645229221962e-02 1.041008309518668407e-01 -1.297292557292593074e+00 2.165123218238362846e+00 9.274639619393564516e+00 2.963505165606827774e+01
1.123669594889425364e-04 -1.563124971075386611e+03 -1.158838286518262678e-01 -6.237073326325404121e-02 -1.633427616929211457e+00 1.317485090845587763e+02 9.555584487673187688e-01 6.039153328800535014e-01 4.712628448821191363e+00 -1.492840760456171090e-01 -4.206209878051225814e-02 3.228335647355413673e-01 -2.495803583433769290e+00 1.362704309459505936e+00 9.137755234915779567e+00 2.830508956172306156e+01
1.180002764888541186e-04 -1.563076054047319531e+03 -1.152040673992548031e-01 -7.820993814200945249e-02 -1.747303643816503493e+00 1.261822499959866519e+02 9.134754849717801051e-01 5.993351779950495395e-01 4.706396743586284792e+00 -1.518880845840615557e-01 -2.091534746908907394e-02 2.353800041259227760e-01 -1.781457009690115001e+00 2.881261595576112278e+00 8.440017727784798751e+00 3.393717391013883855e+01
1.075457125686672265e-04 -1.563168825024529724e+03 -1.044651999905714113e-01 -9.136541246553342432e-02 -1.977764362183117353e+00 1.006493771412746838e+02 9.136286100207519079e-01 6.052233714515269369e-01 4.706244761488757256e+00 -1.566550421018935157e-01 1.985054949539311053e-02 3.757351070068916665e-01 -4.683680238626521941e+00 2.457584849814065109e+00 7.990385907004515786e+00 2.906117089379844742e+01
1.261890486592508848e-04 -1.563008959846227071e+03 -1.262143856923124419e-01 -8.416486160303006392e-02 -1.693250956499796844e+00 1.134984435564155376e+02 9.537624438215802636e-01 6.195499171904845781e-01 4.715193334119109458e+00 -1.434818167500351294e-01 -2.140262986800456346e-02 5.833323274242128292e-02 -5.982410041384071064e+00 2.751697615892112481e+00 9.479006402247080132e+00 3.071233437135401090e+01
1.037942865092963930e-04 -1.563204330088954521e+03 -1.407804707547395950e-01 -6.821891434521727693e-02 -1.607989511916068759e+00 1.158593987490898769e+02 9.617644333676760304e-01 5.726860648511039598e-01 4.699795164035526440e+00 -1.675700969716691358e-01 -4.310297566786025492e-02 6.881242068013211644e-02 -6.365897741491352235e+00 2.693724710674305634e+00 8.871326133546130421e+00 3.101780294443268104e+01
1.207116367758310019e-04 -1.563053336480716098e+03 -1.389036630412253392e-01 -1.029851766406579827e-01 -2.232030718696086158e+00 1.146694895165073547e+02 9.531067525126662998e-01 6.067393165467087623e-01 4.709442219824294007e+00 -1.490919184596433134e-01 5.337783994463451975e-02 4.839454888659146525e-01 4.603380625512329516e+00 2.416986813844057558e+00 8.251005881999894598e+00 3.263850737922435741e+01
1.255999926554967293e-04 -1.563013638819349580e+03 -1.496757205387548029e-01 -8.183437550698993701e-02 -2.029979780186637495e+00 1.249132444956312185e+02 9.792116623255230357e-01 5.824362018388867801e-01 4.709741694489137487e+00 -1.571645428634194097e-01 2.290021719102264264e-02 1.213346120695577984e-01 6.503631169198826001e+00 1.569513524187993170e+00 9.310652973886890393e+00 2.955051130411945337e+01
1.614484022300431264e-04 -1.562762555414129338e+03 -1.378585154319910688e-01 -7.280530963160293523e-02 -1.600815291490585324e+00 1.321849489404773692e+02 9.824691583704112663e-01 5.865129337225318817e-01 4.705165683455955872e+00 -1.400612070268656417e-01 -2.673914163590129789e-02 4.782860579966729392e-02 4.482724149796979418e-01 2.377210913339644627e+00 9.326174487238937161e+00 3.074983442963930003e+01
1.138556442556002302e-04 -1.563111809647381506e+03 -1.245756925710792135e-01 -9.105288139301687123e-02 -2.113846822399221281e+00 9.466171382441460480e+01 9.644306053554685398e-01 6.105402625893072699e-01 4.717420962038747057e+00 -1.507586103766864749e-01 1.426435319749264075e-02 8.342673672476171032e-02 2.733934322869657763e+00 1.690492630441964295e+00 8.944108877547929382e+00 3.125099209879245166e+01
1.277605908095687042e-04 -1.562996582886641818e+03 -1.272775352427211182e-01 -9.702154058149861648e-02 -2.162541833926425294e+00 1.149240670048294106e+02 9.124248196915689668e-01 6.107426437629702720e-01 4.704490890676023440e+00 -1.496359590263498518e-01 4.230833248902299282e-02 2.780761230165549880e-01 -1.171226151097812362e+00 1.454115518181198219e+00 8.578261251486862804e+00 2.879668283775360749e+01
1.470107861905254319e-04 -1.562856235055375691e+03 -1.338702519251318834e-01 -9.532798310175936984e-02 -2.220674518690054278e+00 1.561343412765540108e+02 9.865572153442060399e-01 5.824142956581566111e-01 4.701690029278825733e+00 -1.491833935464439431e-01 3.085156581026815559e-02 3.975342467060061918e-02 1.045490875771520223e+00 1.276321412153946788e+00 8.925633399448074101e+00 2.942268136770342934e+01
1.077743098380916543e-04 -1.563166701698024781e+03 -9.673139553511420075e-02 -1.033851755050660404e-01 -1.921320329861187837e+00 1.113243063140607632e+02 8.992297511641389463e-01 6.264120960431922569e-01 4.710102976452610335e+00 -1.548458320407806177e-01 2.176451456836203668e-02 5.399070320686553126e-01 9.327574768760200641e-01 2.243469745596748943e+00 9.315033782434145593e+00 2.914699739170267634e+01
1.164735797160689124e-04 -1.563089076551174912e+03 -1.232446408636976853e-01 -9.300083758155416880e-02 -1.893858681311273662e+00 1.427051406039934136e+02 9.686491211271989199e-01 6.038344214552537892e-01 4.716596979130303069e+00 -1.555852853250878631e-01 9.386399594833783055e-03 1.836640993296748126e-01 1.977204322932323066e+00 3.815951670636086313e+00 8.804561466563498584e+00 3.724211784355468779e+01
1.481768443735319220e-04 -1.562848334560046624e+03 -1.180915146291036943e-01 -8.713578158715089284e-02 -1.796977441300937173e+00 1.398068258847123104e+02 9.405475080265173204e-01 6.141335759095126745e-01 4.711916192431242933e+00 -1.354714178771465605e-01 -1.553854424437295378e-02 3.850519963950577162e-01 6.786464713613611366e-01 3.320046343402882627e+00 9.096303184290889021e+00 3.171062825884174430e+01
1.153314588291653873e-04 -1.563098930781577110e+03 -1.426400608485406674e-01 -8.988264032680384763e-02 -2.001577944560962941e+00 1.732587332794704480e+02 9.816472003164523619e-01 6.029665837578355170e-01 4.709238785208896161e+00 -1.322999476851982603e-01 2.923240822322070720e-02 1.187273166447570943e-01 -2.867309998414043548e+00 1.727772840033892088e+00 9.000464762288661547e+00 3.154396140084125832e+01
1.682675503949535652e-04 -1.562721185740412238e+03 -1.273906734742972779e-01 -1.072510519983449762e-01 -2.182908024542314251e+00 1.299929685364544127e+02 9.451545777249048541e-01 5.842420524202364129e-01 4.699497236557777846e+00 -1.705628347752965457e-01 5.837802611731768287e-02 3.355144576930566003e-01 1.869253270452418292e+00 2.594728345807650882e+00 8.596600431474477944e+00 3.169164246046907252e+01
1.323217814807751882e-04 -1.562961504320295717e+03 -1.221704339237641157e-01 -8.612145811019129849e-02 -1.938031787889644697e+00 1.404434258601879435e+02 9.665987816788103038e-01 6.071231146894405795e-01 4.712842027415373281e+00 -1.663026480902032311e-01 1.627570788256926804e-03 4.060438531780039551e-01 2.060067017022873870e+00 1.832401472538380816e+00 9.457675391000176290e+00 2.981064123276100375e+01
1.861556532889116781e-04 -1.562620157845515905e+03 -1.435239102832218672e-01 -8.928174839875582802e-02 -2.040249821032773525e+00 1.074092946765634622e+02 9.711065921022367098e-01 5.963240657924874233e-01 4.714169615629353771e+00 -1.543447651646419061e-01 3.067458946273426967e-02 1.013525487106811396e-01 -1.697809372165380637e+00 1.827683722422257517e+00 9.593537716536260973e+00 3.739790148141153026e+01
1.322158431292270054e-04 -1.562962305252543956e+03 -1.170993049463470576e-01 -9.088999053576221621e-02 -2.020962115269930415e+00 1.350560197846947972e+02 9.573925539424488207e-01 6.068508450316365543e-01 4.711339996536604957e+00 -1.475288597109258859e-01 2.177383484813710801e-02 3.164270745512606786e-01 -4.740193780928620981e-01 4.127258656639209988e+00 8.611739414529640868e+00 3.464456937249449453e+01
1.088286789200749126e-04 -1.563156966122205631e+03 -1.260814382827627200e-01 -9.984939751965610233e-02 -2.259039707499564287e+00 1.219460854412598678e+02 9.411770377296632129e-01 6.002215624578135511e-01 4.714822647351861740e+00 -1.486840825749073947e-01 5.106225819608800620e-02 3.397416963663365541e-01 -4.058790751684568932e-01 2.765317348015772225e+00 8.416843703746511807e+00 3.368454937341003586e+01
1.800614612031640885e-04 -1.562653442771170603e+03 -1.209592409681077285e-01 -6.575602950459552565e-02 -1.674392090086628704e+00 1.494003041256626716e+02 9.621244786216832656e-01 6.149511969180816440e-01 4.721369967955199698e+00 -1.387911211440506776e-01 -2.071168895448982639e-02 2.190409644209370954e-01 -2.611707956355644455e-01 2.563195373337601168e+00 8.740633170070232438e+00 3.204019237913124840e+01
1.648374640037698761e-04 -1.562741781093148575e+03 -1.235567727229233276e-01 -9.061124670559631000e-02 -1.975202627140496769e+00 1.115911466124517517e+02 9.732224793710666511e-01 6.064230443551641425e-01 4.711320626114245513e+00 -1.394850001033947073e-01 1.051962131171224613e-02 6.406939480805086407e-02 4.410945420300862452e+00 2.203929421310202308e+00 9.177234961086245590e+00 3.396027376658228292e+01
2.679341300983332022e-04 -1.562255999847822295e+03 -1.354216113916336395e-01 -1.012344738537069300e-01 -2.033742567803836110e+00 1.408165190192118530e+02 9.552230593682389248e-01 5.944677153947791615e-01 4.704521432916212831e+00 -1.571761991693736427e-01 4.546858145934917772e-03 3.377672273365278088e-01 -3.528152015820154475e+00 2.178882005337556826e+00 8.215317448142966938e+00 3.117718850893869131e+01
1.093486799940710717e-04 -1.563152199339243225e+03 -1.282190109086636942e-01 -8.484435408254654976e-02 -2.028925099649026897e+00 1.290861576574707783e+02 9.614298140211193777e-01 5.763663072198106363e-01 4.698921716073661159e+00 -1.644422160886938045e-01 2.881956837046861786e-02 2.840378878592320078e-01 -1.806535856863092704e+00 2.249934509722217868e+00 9.304581440166991513e+00 3.766265391252620987e+01
1.081884547384462137e-04 -1.563162866357160965e+03 -1.323495117381059127e-01 -8.491336509881614036e-02 -2.205873362231285384e+00 1.337255351085658788e+02 9.597968669790116758e-01 6.016814984279570400e-01 4.711389189720564197e+00 -1.392913546297958050e-01 6.402988419899036110e-02 2.016318181868274051e-01 4.295230493448201514e+00 3.110371676990020262e+00 9.716865598928370318e+00 3.547057041369183850e+01
1.030485644931709095e-04 -1.563211540637866165e+03 -1.229948569129921676e-01 -5.917714143711334807e-02 -2.087452996746337774e+00 1.160896035047267674e+02 9.778463522569962318e-01 5.899425497628693060e-01 4.713053118528482521e+00 -1.506925438874684442e-01 4.372058404148360111e-02 8.228904999923855601e-02 -1.419232015897534893e+00 2.783436938923466997e+00 8.963138626265966025e+00 3.094276929849815261e+01
1.055822414112888880e-04 -1.563187250826231775e+03 -1.325964976314301935e-01 -8.241691980816952257e-02 -1.824319679364109881e+00 1.286462732151655359e+02 9.736824828418958466e-01 5.907952583824056525e-01 4.710558313901552552e+00 -1.485152421094149133e-01 -8.459203014149929700e-03 8.976750652397390284e-02 7.945707942027098625e+00 2.990061479878791673e+00 8.777006803521892664e+00 3.427775122742537661e+01
1.936518603412076519e-04 -1.562580679002274337e+03 -1.286629470782494622e-01 -7.859344356908624929e-02 -2.019393655190655057e+00 1.072856388646408163e+02 9.539018451887011363e-01 5.935337196550263261e-01 4.702755471019685274e+00 -1.382954852386424349e-01 1.674289558287789248e-02 9.135646850699245813e-02 -9.160381757598656804e-02 2.838863208871278410e+00 8.588237433478473903e+00 3.802728975344194140e+01
1.261967897740101294e-04 -1.563008898502731654e+03 -1.364673309429810799e-01 -1.030081782335979107e-01 -2.033746527982556174e+00 1.482352251630128990e+02 9.726974865858982744e-01 5.828550647455321698e-01 4.704811253258170289e+00 -1.454695935461753908e-01 2.264575439268701196e-02 1.164689129817624014e-01 7.776060085853885084e+00 1.977987691441418505e+00 9.547502192770229712e+00 3.398281783514933352e+01
1.077266035411351242e-04 -1.563167144446011207e+03 -9.006739984567578572e-02 -1.207989775192573334e-01 -1.851831423871338256e+00 1.198760911279091914e+02 8.698995959767390485e-01 6.278193701325136544e-01 4.707497754483798147e+00 -1.621051792369869737e-01 -1.713665994127255843e-03 8.778316529808549706e-01 -6.020070247650437523e-01 3.044862430100492290e+00 8.969275861391956539e+00 2.816355299630102138e+01
1.358014688568064707e-04 -1.562935546983518179e+03 -1.159983341191810902e-01 -8.330823261509952282e-02 -2.080438544148866420e+00 9.529076318866513873e+01 9.411097210739280960e-01 6.149492906954304727e-01 4.719945553204389022e+00 -1.468150746180603150e-01 2.820155654251954580e-02 4.073202224334648153e-02 1.470941489821200321e-01 1.832749188976245946e+00 9.125948889688096699e+00 2.565576079680042909e+01
1.268108252669519580e-04 -1.563004044603781495e+03 -1.311860616750864517e-01 -9.640020301383964152e-02 -1.844519679120327105e+00 1.481025390824145518e+02 9.612975371662622059e-01 6.115653461074461728e-01 4.710779298400999515e+00 -1.590237065442088316e-01 -2.580495052801667910e-03 4.599537908775219730e-01 -1.533022302162663664e+00 3.310006081423622071e+00 8.743041681571806834e+00 3.285435476450115999e+01
1.028178419330603939e-04 -1.563213782117286883e+03 -1.289516768885261844e-01 -7.834837666010331658e-02 -2.033008232787715031e+00 1.093709930587772874e+02 9.692122604591785207e-01 5.997341747131623713e-01 4.711072182491623295e+00 -1.569220276730889374e-01 3.905259030020280520e-02 1.752588710736996680e-01 -5.016406270478057650e+00 2.920711764312078351e+00 8.398319407157629257e+00 3.657084546744226827e+01
1.252895994515718222e-04 -1.563016113161626436e+03 -1.385683484668752963e-01 -1.084275124314604821e-01 -2.293066880940156871e+00 9.584704957443859996e+01 9.386792583197510753e-01 6.181014141601359757e-01 4.713583387795483581e+00 -1.546465123197315883e-01 4.700910878820696581e-02 1.379757610965060277e-01 5.080411493693873126e+00 2.697305248872905459e+00 9.401554831578117444e+00 2.891041696524954219e+01
1.072510386286302495e-04 -1.563171568772964065e+03 -1.029827237406541335e-01 -8.941519049182786172e-02 -1.952394226466618088e+00 1.314661146495371895e+02 9.281429655655925037e-01 5.982868125508512547e-01 4.702574588666067257e+00 -1.579262682089239700e-01 9.361290218799611651e-03 1.819876849033861543e-01 2.725532264684716210e+00 2.974537138049515583e+00 8.447573017336896584e+00 3.071763443563080287e+01
1.864461248997994569e-04 -1.562618598692088653e+03 -1.437555594836643358e-01 -9.255963896939845004e-02 -2.023419134552284504e+00 1.239814571714635605e+02 9.712204734966403130e-01 6.026272138718984372e-01 4.719019796298153935e+00 -1.380052908497941822e-01 2.473005248088644414e-02 3.155801048403584358e-02 -8.766286281718862483e-01 3.725805134923598771e+00 9.238038396228276383e+00 3.000504038178042521e+01
1.615545092599887309e-04 -1.562761898410554522e+03 -1.479013993935396343e-01 -9.355826568063296822e-02 -1.762245303639443650e+00 1.267778172474853022e+02 9.546082162291970041e-01 5.851000569359139369e-01 4.696814592517876363e+00 -1.716594479542177254e-01 -1.688775920900997818e-02 1.388202591136588337e-01 -4.560312536577214360e+00 2.559578319605515517e+00 8.917373800933049210e+00 3.032308880324474742e+01
1.171822368398808817e-04 -1.563083010712051873e+03 -1.047672498222948778e-01 -9.965123997363414809e-02 -1.921119889009694104e+00 1.147488253858465725e+02 9.151318892949149575e-01 6.012990837151186430e-01 4.700753975302097487e+00 -1.492110002783690881e-01 1.928392352989138914e-03 2.227251855731240404e-01 -3.139029682487461059e+00 3.760509445862592059e+00 8.655115672635327329e+00 2.823198990109565543e+01
1.202618459895237341e-04 -1.563057069599426995e+03 -1.092162823656086246e-01 -1.016481501543667204e-01 -1.944304880234264177e+00 1.215733585807426920e+02 9.506088911159623622e-01 6.004379900424481331e-01 4.705996155544308834e+00 -1.749785012082780700e-01 7.071594511918855019e-03 8.952303802420517875e-02 -3.647781808886861654e+00 1.081142010666669151e+00 8.453073426623269881e+00 3.209884438846688681e+01
1.068745757626484078e-04 -1.563175085057131582e+03 -1.004532763143715368e-01 -9.534505598073376997e-02 -2.067332334646535319e+00 1.183286133967025364e+02 9.269939058743197347e-01 6.000254027775999699e-01 4.701612890745398232e+00 -1.524569338224659454e-01 2.782715482094211268e-02 3.957800411239962846e-01 5.066985736404774343e-01 1.496780676451092695e+00 8.729511197849149085e+00 3.324101976522686641e+01
1.517591332214620822e-04 -1.562824446400806437e+03 -9.204253075018220542e-02 -8.207207781752941245e-02 -1.768938223486480554e+00 1.050396245566039255e+02 9.200196936430671268e-01 6.000261805234611279e-01 4.705786814909313165e+00 -1.486740865269116085e-01 -1.390000045910877446e-02 3.410790321764979316e-01 -1.550479201933370632e+00 3.340710046847550352e+00 9.275236810867838244e+00 3.432669151118750506e+01
1.422411459962933246e-04 -1.562889217186395854e+03 -8.972753832698759924e-02 -9.978577360907370242e-02 -1.801063822272734649e+00 1.236341474347302949e+02 8.859020469077349969e-01 6.125859229380867799e-01 4.701431415185914453e+00 -1.570819233635760703e-01 -1.344911464827713843e-02 8.107378933324160819e-01 -3.959332505932025015e-01 2.856658874814343996e+00 8.258104038338931474e+00 3.392595622717309567e+01
1.119816587073633373e-04 -1.563128405918565022e+03 -1.398038719662322849e-01 -9.313036530802662472e-02 -2.102399252762796600e+00 1.394895787171778920e+02 9.593206481662690521e-01 5.898672785473046964e-01 4.701029544416538641e+00 -1.369526632915258890e-01 3.338042396695639624e-02 4.408083246320207427e-01 3.841196780360178309e+00 1.515680617539150177e+00 8.686511625577765017e+00 2.897434361067019637e+01
1.090358178744351716e-04 -1.563155064582305158e+03 -1.230478302309608307e-01 -8.745701367356921441e-02 -2.175743747915307225e+00 1.217847678203118420e+02 9.715707089175925626e-01 5.867409936294081252e-01 4.710293067718940740e+00 -1.524589525146908819e-01 5.427603723846052830e-02 7.803880927830485204e-02 -1.895752907072903781e+00 3.332733436670398675e+00 9.168935438100710655e+00 3.757713945922191812e+01
1.475962796507851145e-04 -1.562852260308677614e+03 -1.454599890916974669e-01 -7.636942925925983838e-02 -2.152631320784381241e+00 1.210846717015705849e+02 9.487136949482093407e-01 5.944512445766796382e-01 4.699258483655659013e+00 -1.540539038154808971e-01 4.036426805787862726e-02 1.541130736015993985e-01 4.172596498691660827e+00 2.343080324009205739e+00 8.330584471745726916e+00 3.458676260086534882e+01
1.563818564869639855e-04 -1.562794440200643066e+03 -1.390923803993332208e-01 -7.880046133711775258e-02 -1.731640085090347947e+00 1.729143827912322422e+02 9.825518348235202648e-01 5.915055211108950495e-01 4.705600948903465586e+00 -1.692539188864103927e-01 -2.828001582200889708e-02 8.721287958573929744e-02 -1.846373615589357087e+00 1.402128125882362575e+00 9.401208247852510524e+00 3.806191254834334359e+01
3.413390054555945461e-04 -1.562013864880569372e+03 -1.286573801365301084e-01 -1.072661984356708398e-01 -2.184887519854227911e+00 9.399574082966987021e+01 9.329362516717701892e-01 6.183137453783162929e-01 4.713775026405487623e+00 -1.366053503669855118e-01 6.163817700250806553e-02 2.103289023209839737e-01 -1.758658536629440050e+00 2.466350056129940072e+00 8.962311109957044053e+00 3.287640440999972924e+01
1.264839653913170869e-04 -1.563006625470574818e+03 -1.196620552924788500e-01 -8.781092046877894686e-02 -1.992534579104966452e+00 1.088112561075499940e+02 9.524651051563667314e-01 5.940968982456447112e-01 4.707033804693082857e+00 -1.702419472469314243e-01 1.950600116811962437e-02 9.314723843532587977e-02 7.257988799070744790e-01 2.239902665622572897e+00 1.023278933654092526e+01 3.496549373336632982e+01
1.592220529490305644e-04 -1.562776441227542364e+03 -1.106689605106491447e-01 -9.799052280773933032e-02 -1.874732458011183489e+00 1.271615960623041275e+02 9.427659094939326856e-01 6.100661456824665319e-01 4.705834900758165240e+00 -1.440896513742897511e-01 -1.087622139977684199e-02 1.229982592815955650e-01 1.527417412769352723e+00 2.318588610606964195e+00 9.010141581675901179e+00 3.170664367576103615e+01
1.847582671104885217e-04 -1.562627692708527775e+03 -1.112057049689179067e-01 -1.045889043476965208e-01 -1.860267822469357180e+00 1.338310032100520459e+02 9.151958144575179643e-01 6.090853966774358863e-01 4.703260440881653182e+00 -1.749024640194778435e-01 -2.444809358571387037e-03 3.553147268927265290e-01 -3.479633273672391169e-01 2.961001639023463916e+00 8.807042471370984060e+00 2.919814645153484634e+01
1.999750573990655578e-04 -1.562548548369142281e+03 -1.323958537261751556e-01 -8.021872960338978509e-02 -2.143782645588695690e+00 1.160743448442446351e+02 9.812423544439609069e-01 5.829319302224181820e-01 4.701051709998544936e+00 -1.464957728165878770e-01 3.488644280475283743e-02 1.114717977557742878e-02 2.299620291201478040e+00 1.389001638768094793e+00 8.651967347150346654e+00 3.794009023489497423e+01
1.898658888224174937e-04 -1.562600423040279111e+03 -1.276980392770085959e-01 -1.117482267463646428e-01 -1.879952950750706897e+00 1.298510430338903632e+02 9.605740334930455981e-01 5.966668456861026204e-01 4.707030627950013368e+00 -1.538986071501367014e-01 -1.125680618877300532e-02 1.040782323359943917e-01 1.830403061257584341e+00 9.774480803310670041e-01 8.995824667147655163e+00 3.420542755700550686e+01
1.192476622133696758e-04 -1.563065538489412802e+03 -1.179497730978994463e-01 -6.275910068648882234e-02 -1.729234141501256872e+00 1.967913315388652791e+02 9.674223685113078064e-01 5.938740765674652700e-01 4.707538070913560802e+00 -1.588717604458778077e-01 -1.000403550355777327e-02 7.150695924196140973e-01 -3.045204289614360960e+00 2.737140503379476009e+00 8.226951571027040444e+00 3.146409224488589018e+01
1.148079172268572518e-04 -1.563103480568010127e+03 -1.210514500215581768e-01 -9.630196521482944916e-02 -1.751908345570902137e+00 1.514873796938555301e+02 9.465070673679166768e-01 6.074167658710272200e-01 4.708906732686243046e+00 -1.514779575445259763e-01 -2.905490812551514423e-02 7.943127080349406954e-01 -3.535525541175218223e+00 2.524051413250738563e+00 8.760790171151167982e+00 3.079957310820580219e+01
1.212132529892646622e-04 -1.563049189599154943e+03 -1.212667065138867961e-01 -1.130034929548704159e-01 -2.190166277689418184e+00 9.980407295091329445e+01 9.428834762939944936e-01 5.963737254925932652e-01 4.697184097510241685e+00 -1.693718409988527185e-01 4.340380734782089966e-02 2.345731303367469545e-02 2.620002032537257719e+00 2.811884161088462619e+00 8.343541588946678189e+00 3.169135546290602434e+01
1.367299770646320401e-04 -1.562928733004329388e+03 -1.305146101183153051e-01 -6.961650806552981130e-02 -1.788068965153507994e+00 1.339007418564524130e+02 9.446647095125468852e-01 6.026456411771103916e-01 4.714794218448669305e+00 -1.621304629386517426e-01 -1.413947303271267941e-03 2.899915115004897959e-01 -2.714321836218857698e+00 3.014427204871550359e+00 8.249287433839791461e+00 3.015476995092769386e+01
1.349233907221425834e-04 -1.562942033873677701e+03 -1.303891696770917707e-01 -9.084714626132078807e-02 -1.845486590782319247e+00 1.346546074927299799e+02 9.590722919875271923e-01 5.876524860070513334e-01 4.708507369637661810e+00 -1.501675944167293331e-01 5.348881621324963476e-03 8.752890336017296602e-02 3.390173628214256496e+00 1.635568265473952287e+00 9.684834258804286833e+00 3.507660981918125742e+01
1.331809653586343888e-04 -1.562955032169726564e+03 -1.460144052376844415e-01 -1.087893292098002784e-01 -2.146992182523527415e+00 1.134458482585460501e+02 9.345423624869114709e-01 6.106233413858295211e-01 4.711457275346237594e+00 -1.449948738850408425e-01 3.847428170960709437e-02 1.884205870363719892e-01 7.291014748081806829e+00 7.661382603697530769e-01 8.813088771156829537e+00 3.301898557664961942e+01
1.068178741228755272e-04 -1.563175615741684396e+03 -1.360775449262552617e-01 -8.889366331931233822e-02 -2.171449577541713971e+00 1.178327698759566289e+02 9.674629908270989676e-01 5.872057889545545528e-01 4.697157054280849842e+00 -1.365819546674726936e-01 3.914276915310099803e-02 5.055727688649765822e-02 4.347170107370516234e+00 1.563090694790658652e+00 8.051000903886107452e+00 3.110108645710385389e+01
2.321672362158575854e-04 -1.562399283057168532e+03 -1.339535545937727279e-01 -1.155036447874935590e-01 -2.105438000806219456e+00 1.216507011114138379e+02 9.218666072883630047e-01 6.045282275426064889e-01 4.712101510412898264e+00 -1.417760768779325886e-01 2.907691163926773292e-02 4.321570275564485253e-01 -1.118976555928583139e+00 2.978485650489193226e+00 8.715157876077682886e+00 2.913829587060456916e+01
1.426537520025124978e-04 -1.562886320635439006e+03 -1.403015158208692215e-01 -7.428905767960876372e-02 -1.791128985527652206e+00 1.410220150313180056e+02 9.575631182873235447e-01 5.940270405671016496e-01 4.706351695980407257e+00 -1.495909079539612385e-01 -9.815918920081490029e-03 4.112869072104682888e-01 -1.515535846492610972e+00 2.386529912914214790e+00 9.535773018710557380e+00 3.675117385692605865e+01
1.375940905026285009e-04 -1.562922433037259907e+03 -1.148605388793434851e-01 -1.087156041484781954e-01 -2.013877855096601888e+00 1.211924751113457290e+02 9.367049694828535333e-01 5.969597785674727319e-01 4.706067057524172093e+00 -1.736385764467049952e-01 2.761323632947920714e-02 9.726277032068879336e-02 4.540239770189316459e+00 2.065725868694023859e+00 8.156400937725072353e+00 3.144020520241797101e+01
1.281618091585618043e-04 -1.562993447415282162e+03 -1.116095735121474253e-01 -7.940894443410628778e-02 -1.660472065083383519e+00 1.372926447497414983e+02 9.525962789362421024e-01 5.943794410128595551e-01 4.699171516744177879e+00 -1.704958892011285698e-01 -3.533942339021867163e-02 1.353108287786093100e-01 -1.624381639002393740e+00 2.433594660839810686e+00 9.535953998429658185e+00 2.963578302492220118e+01
1.114739299655787821e-04 -1.563132950263314342e+03 -1.354390885379770648e-01 -7.428062489838981042e-02 -1.806112696390417494e+00 1.201368666797892217e+02 9.685883331427934673e-01 5.879327467670745211e-01 4.705870049413505285e+00 -1.337056443436548392e-01 -1.621934872601049626e-02 1.843686199238765977e-01 2.050171928875897720e+00 1.688468227772133012e+00 8.489022889997755783e+00 3.260167488577248207e+01
1.445912601149222079e-04 -1.562872830148815865e+03 -1.336011261016301077e-01 -5.359884782181180418e-02 -1.579678369970876073e+00 1.171723887983789041e+02 9.517460810763704870e-01 5.906914521686192909e-01 4.706819965172250875e+00 -1.428359373440630797e-01 -3.535293112476134425e-02 2.550176766095021974e-02 -6.839058092146785839e-01 1.990789779864554632e+00 9.257171006937237934e+00 3.461668479663637754e+01
1.474959001489434306e-04 -1.562852940635115147e+03 -1.062909500085269243e-01 -8.547812183940013686e-02 -1.690930908715989389e+00 1.420432404729319558e+02 8.981306524650081169e-01 6.138796792718016482e-01 4.703105775982660219e+00 -1.605767962279844863e-01 -3.091223402286824573e-02 7.372739469784227451e-01 -2.337694410048811733e-01 2.680962428764033234e+00 8.907729411516740470e+00 3.302494113686505273e+01
1.057096558341525294e-04 -1.563186044774887932e+03 -1.421569976032724114e-01 -6.851544903558588751e-02 -2.319994779600012436e+00 1.168554901758853646e+02 9.645778525592324515e-01 5.900356273252098660e-01 4.704316793947768360e+00 -1.407518049713198938e-01 7.015787287140540229e-02 2.054162761372032298e-01 7.794129438883260264e+00 1.703071416881973832e+00 8.607537180872038007e+00 2.925775895482441058e+01
1.204807169074690297e-04 -1.563055251300447253e+03 -1.351666561820066559e-01 -1.048460465709084855e-01 -2.273353325232999378e+00 1.138037835345495665e+02 9.712825803904171496e-01 6.131178031625146296e-01 4.715096785685516600e+00 -1.592636775948887973e-01 6.211589868289890681e-02 4.472403853375631760e-02 3.958329663036010970e-01 1.509964033855837329e+00 9.077754467855525533e+00 3.086009189714289391e+01
2.031812724722031709e-04 -1.562532642466481775e+03 -1.472126002616948870e-01 -9.089949277001373174e-02 -2.338468735875139259e+00 1.351240560122521401e+02 9.592230952732173632e-01 6.026890722319142579e-01 4.708380264069553789e+00 -1.415896968748953100e-01 5.781561467345608385e-02 5.579051868604499587e-02 5.340815767190605357e+00 1.976390429599961251e+00 9.578241588275027141e+00 3.684540768167110514e+01
1.567998308023239916e-04 -1.562791770986059419e+03 -1.291071996728039295e-01 -9.614361062865112162e-02 -1.909568255801831649e+00 1.248391169715400792e+02 9.350553029938659666e-01 5.997713064987955089e-01 4.707195462494807359e+00 -1.647175807852478968e-01 1.224306559828525209e-03 5.989537586102552380e-01 -3.780316001657610059e+00 3.824811228279711983e+00 9.156050044599073345e+00 3.268113841256670327e+01
1.855354087496532565e-04 -1.562623495268329179e+03 -1.457161794547982836e-01 -5.963959054553195915e-02 -1.961802107753876978e+00 1.320400559004721686e+02 9.639892518619554984e-01 5.892797937447906698e-01 4.699105777787107030e+00 -1.636031284988783696e-01 1.534384330055660328e-02 4.180456457921268715e-02 -1.128450696452290458e+00 3.010862879195830288e+00 9.215454629193043701e+00 3.036122936458884780e+01
1.200521050830080996e-04 -1.563058815157342679e+03 -1.307267496739061563e-01 -7.479497058127033970e-02 -1.903697812002490553e+00 1.302450561229809978e+02 9.827213496827229555e-01 5.716057055578351864e-01 4.697659484706877997e+00 -1.589964270186299267e-01 6.251743209787941069e-03 3.423171036625909103e-02 2.074295297260988491e+00 1.295306532864359816e+00 9.389553300368058686e+00 3.632031862811035694e+01
2.010512483011586292e-04 -1.562543181172675304e+03 -1.480657406422843103e-01 -7.821467390578851209e-02 -2.513213511166591196e+00 1.259489185305829295e+02 9.531554458724974532e-01 6.052236941465297670e-01 4.711186080483776628e+00 -1.311080825846471232e-01 8.572914626472338817e-02 8.774064248972709978e-02 7.622013282630121012e+00 1.625164869587192307e+00 9.336533712507865346e+00 2.996230434399593889e+01
1.530208253629447600e-04 -1.562816166989295198e+03 -9.582016416224983790e-02 -9.418504978548244977e-02 -1.579971360655409995e+00 1.225031342374669521e+02 9.334434502618582652e-01 5.965686410795479899e-01 4.703936226887769578e+00 -1.647655259349019019e-01 -4.823651308313725572e-02 1.577956760489470367e-01 -3.344826751472595561e+00 2.713641416039358489e+00 9.110812377558620057e+00 3.115679662875481171e+01
1.514174742692709274e-04 -1.562826700262670329e+03 -1.150721264383963161e-01 -1.077469418066199225e-01 -1.876924905833955437e+00 1.209040719785089095e+02 8.954404831651735508e-01 6.052926647682237427e-01 4.700489345309984301e+00 -1.580198967029682322e-01 -4.646373409519233277e-03 5.094065682157871144e-01 3.249470987224697183e+00 2.381429677892121788e+00 8.604764579980827222e+00 3.522479934785793887e+01
1.946653847367844578e-04 -1.562575458906026142e+03 -1.192559142847468279e-01 -1.069498434523524638e-01 -2.172328694772080127e+00 1.303727541653630055e+02 9.714440036810079171e-01 5.897840519243775503e-01 4.705683532449379314e+00 -1.419494384328838787e-01 5.175180640965204582e-02 1.878570446924182624e-02 3.001789505789247414e+00 2.682963789391035192e+00 8.588911911379115693e+00 3.699207894255707174e+01
1.077049364344209026e-04 -1.563167345596750692e+03 -1.214878740646672672e-01 -8.859584114656869624e-02 -1.924971039790193128e+00 1.430400692923190036e+02 9.592946110491109568e-01 6.018041941124807614e-01 4.715065094098628506e+00 -1.594701287052040506e-01 4.751119365640210646e-03 2.634385765745690944e-01 1.134699541212569329e-01 1.317486150172575421e+00 9.107234505203120278e+00 2.464808238545768049e+01
1.483688312822120518e-04 -1.562847039738025842e+03 -1.434753566894843013e-01 -9.184074354080883074e-02 -1.922850465175694579e+00 1.422533270379599060e+02 9.779616484138001775e-01 5.772674073203936107e-01 4.704551865259583465e+00 -1.646622197813005783e-01 1.216031324237620836e-02 2.791253551225073570e-01 -5.822993333498715174e+00 1.896682155537399161e+00 8.567260362696726972e+00 3.455526489104288146e+01
1.061477398789931133e-04 -1.563181909118752174e+03 -1.312553653645008589e-01 -9.003685554330279062e-02 -1.926489773434198138e+00 1.173310463780513402e+02 9.398371784483091629e-01 6.125194505665513267e-01 4.706097208806431453e+00 -1.632417897864952838e-01 -2.809496922516530049e-03 4.248481914494155465e-01 -3.699167085887808071e+00 2.667049414258548801e+00 8.902520052078589430e+00 3.096987802855910488e+01
1.487113064161425064e-04 -1.562844734129254448e+03 -1.185726721174779064e-01 -7.891102136135948186e-02 -1.856593712734242896e+00 1.211063971540692563e+02 9.550004528517770375e-01 5.781101398904231470e-01 4.697208113552013842e+00 -1.536281180327485618e-01 5.026282626541034304e-03 1.828416056917754051e-01 5.174270298508076849e+00 1.881814498840950201e+00 8.967449882800737626e+00 3.007629136951983639e+01
1.093878539063629921e-04 -1.563151841155706052e+03 -1.365138844526019579e-01 -8.312033678903436862e-02 -1.790643855836472120e+00 1.404754142710671658e+02 9.661164189476278974e-01 5.795900973002893197e-01 4.701616518683504609e+00 -1.876498284275829320e-01 -7.272465817183437764e-03 2.321247604620428340e-01 4.751401946560065426e-01 1.991637133333390430e+00 8.999099428509072851e+00 3.211903185854136922e+01
2.095308516800851344e-04 -1.562501870022998901e+03 -1.328515137965594339e-01 -1.030886265424014459e-01 -1.924218110356195277e+00 9.506882295281879180e+01 9.191581804512586329e-01 6.013647799977648312e-01 4.701091918171599104e+00 -1.506994317301020292e-01 -3.175612133640148826e-03 3.476480180139034787e-02 -2.507375247504825211e+00 1.447467340393360224e+00 8.705477458428312332e+00 3.613419247606552887e+01
1.309122131024706296e-04 -1.562972214045332748e+03 -1.308308440189223654e-01 -8.356452375260903231e-02 -2.346336021331048016e+00 1.239014069392650441e+02 9.793001579289113412e-01 5.982381346199291405e-01 4.706902447095218101e+00 -1.507437856031650369e-01 8.337817560197247069e-02 1.247512960736475718e-01 2.237786598816882133e+00 1.415217165083304529e+00 9.118648451373223551e+00 3.020931178165675490e+01
1.212411953191277743e-04 -1.563048959103652123e+03 -1.168298363636895154e-01 -9.220688624586637072e-02 -2.042313140048131359e+00 1.070154245927438694e+02 9.358608358842994690e-01 5.887470278399653534e-01 4.702073537043544249e+00 -1.452351096688242471e-01 3.041042618096079231e-02 4.256985813189868573e-01 1.237759756652536680e+00 1.727500540222859371e+00 8.686442824866634993e+00 3.472810231290856819e+01
2.784987120670613095e-04 -1.562217327580086476e+03 -1.342897993926504829e-01 -6.803200387789938575e-02 -1.845453420519243215e+00 1.474315816124174603e+02 9.630658390413271430e-01 5.932849078466232440e-01 4.704752204892713507e+00 -1.479706067880275366e-01 -2.314214210985809927e-02 1.396743379219219927e-01 2.756082862884625229e+00 2.316045867797544844e+00 9.254058781497874975e+00 3.223084889196903191e+01
1.858603255544914723e-04 -1.562621745561169291e+03 -1.269045588940345415e-01 -9.915066921477500017e-02 -2.045403192124300773e+00 1.133347510858009173e+02 9.619516665282205059e-01 6.121786548322287747e-01 4.721820699225813378e+00 -1.547642207479409393e-01 2.295715222332983529e-02 3.176428640207277221e-01 4.231275351296801546e-01 2.517670314857389791e+00 9.055607412291500680e+00 3.302986658506745954e+01
2.914734763824446606e-04 -1.562171792003369319e+03 -1.192230371410349932e-01 -8.557229682446172714e-02 -2.094677083073307244e+00 1.284759755515312634e+02 9.702336772204119830e-01 6.019674385540563222e-01 4.712533347465873490e+00 -1.394516759783848148e-01 4.570228505830620236e-02 1.718290637837298906e-01 -1.191198584053523746e+00 3.447802853327464057e+00 9.158028725990586594e+00 3.341368410602585470e+01
1.294302272666548082e-04 -1.562983599064551527e+03 -1.183291266026159638e-01 -6.106762423946995866e-02 -1.765736244293304225e+00 1.148764026091915440e+02 9.495505558055460371e-01 6.097561117695324828e-01 4.713189088236394930e+00 -1.529986217729133458e-01 -2.729211608706560988e-02 1.757132603937078819e-01 -2.224970958283364553e+00 3.613855490730566444e+00 8.694199449239548017e+00 2.901275064961517103e+01
1.830821977437684827e-04 -1.562636805794913926e+03 -9.553553531829175882e-02 -9.564718948256920039e-02 -1.698869354225186701e+00 1.352445899199522614e+02 8.988209330362086913e-01 6.140942588094121524e-01 4.707436607486057412e+00 -1.629263572221959500e-01 -2.274818094840891369e-02 3.791502776684284037e-01 -2.760874687639955027e+00 3.336197330568890784e+00 9.091606450291166652e+00 3.036604871177816989e+01
1.901816124854486308e-04 -1.562598761544099943e+03 -1.348395746377598348e-01 -7.648192870677812671e-02 -1.822109830123098462e+00 1.408742519236780879e+02 9.542437607560064761e-01 6.122067044819616832e-01 4.716975005474686178e+00 -1.525914372385721585e-01 2.246273006639487591e-03 1.223327981573460871e-01 -3.108692595489372934e+00 2.703696255231258228e+00 9.547394953286714170e+00 3.488838535709582089e+01
1.035042300428383656e-04 -1.563207128533058949e+03 -1.195498930631180012e-01 -6.920163173117441224e-02 -1.903056396840260511e+00 1.521855102059494698e+02 9.650492609233108920e-01 6.108372688921519522e-01 4.718443879208122027e+00 -1.503513334106305610e-01 1.726398700315856516e-02 8.274563103480393755e-02 3.766163507451693704e+00 1.304463937735866885e+00 8.667827760500346201e+00 3.420540857858567563e+01
3.114445602821202543e-04 -1.562105519669142950e+03 -1.390985119211934629e-01 -7.742405143430657055e-02 -2.001441873955012163e+00 1.248279487201014177e+02 9.681929056897103925e-01 5.904513646212836697e-01 4.711517949360357171e+00 -1.642894646961889915e-01 1.207457600150818600e-02 2.381452408232866136e-01 -4.027983491509957048e+00 3.506836258560741548e+00 8.945329607583762055e+00 3.301496116521684598e+01
1.642774660140944732e-04 -1.562745184150737487e+03 -1.160665499996680894e-01 -9.152570474426978409e-02 -1.851915135673996460e+00 1.233695587471157467e+02 9.676558741659543328e-01 5.883730364107194744e-01 4.702825827884241860e+00 -1.569640507224265846e-01 -6.235497838398273984e-04 2.138935869729136074e-02 -6.450758168061838660e+00 2.463724185862936622e+00 9.780517512745557696e+00 2.825570103644026076e+01
1.846745749562739573e-04 -1.562628145793073145e+03 -1.465470100295475364e-01 -1.046051673830170059e-01 -2.111732981401662990e+00 1.283859210088981797e+02 9.399849598444026677e-01 5.900561369693204661e-01 4.698699328999396130e+00 -1.694270397932877703e-01 3.566419116387775645e-02 4.714517517385307666e-01 2.648538648640339943e+00 1.981733481517977680e+00 8.568912053186771516e+00 3.082579965887966011e+01
1.131155486186641464e-04 -1.563118331164500887e+03 -1.334804778069192122e-01 -8.471728351533637513e-02 -1.900355776808612784e+00 1.339749088605379086e+02 9.631307241889796034e-01 5.932199982740025135e-01 4.702415776807535863e+00 -1.575129702316191427e-01 2.071641738646379238e-03 6.008562036651959176e-02 7.539189961290162501e-01 3.937779119500328662e+00 9.661200308080374555e+00 2.643063734545769705e+01
1.802503903077607654e-04 -1.562652394073376627e+03 -1.414735114627193591e-01 -1.049457405543845201e-01 -2.213043345899865066e+00 1.326898210867512375e+02 9.350271280147440800e-01 6.077382995820796996e-01 4.713544195952991345e+00 -1.371555852105093010e-01 5.060607905979619403e-02 4.855233438746325292e-01 7.078744926075302146e+00 1.947460012912238803e+00 8.605602479027862017e+00 3.097651337518747638e+01
1.495013348793265977e-04 -1.562839435693158748e+03 -1.110794924032715708e-01 -8.695051904372234908e-02 -1.836001426405459380e+00 1.213183999940973337e+02 9.668368145382565393e-01 5.808419822243602315e-01 4.697010924209821248e+00 -1.768759993377877482e-01 -1.463236127203937365e-02 8.183574000280320615e-02 -6.395084416371616953e-01 1.847965573372523096e+00 9.518729110159274143e+00 3.290988755883539341e+01
1.209248123239230216e-04 -1.563051572048204434e+03 -1.153053083161395820e-01 -1.110675805944694033e-01 -1.812419168924578106e+00 1.118013427351940976e+02 9.334401430556095169e-01 6.208270256861143643e-01 4.716433360243460271e+00 -1.572875648636622437e-01 -2.078012019988362269e-03 2.333946618826969743e-01 -2.856095767867401491e+00 2.646960230859640717e+00 8.593498254164334327e+00 2.797895761790802993e+01
1.095487666347633236e-04 -1.563150371207398848e+03 -1.169070848247220074e-01 -1.136039334767042636e-01 -2.011581078437631120e+00 1.226793608473859649e+02 8.739403084277571621e-01 6.260588052399466141e-01 4.713455237683234600e+00 -1.535489994288865567e-01 1.438824226815937912e-02 5.517765315367598733e-01 -1.468136065373357724e-01 3.207302597490691021e+00 8.533559628738029090e+00 3.241226581617584657e+01
1.298511165214012253e-04 -1.562980352478288978e+03 -1.495929812304005735e-01 -8.088230075606947511e-02 -1.732973195829557556e+00 1.324547531606076802e+02 9.673615702396307636e-01 5.905917271629315124e-01 4.713469698791679541e+00 -1.531876177471733769e-01 -1.125798801191235654e-02 9.839959267530601350e-02 -2.612826836390468088e+00 3.858890416377325217e+00 8.804423192296241041e+00 3.441173992578350038e+01
1.396877647975935477e-04 -1.562907331334459514e+03 -1.063589730365921693e-01 -8.742404939723336099e-02 -1.751556309441005377e+00 1.078439723265098849e+02 9.163369003482538799e-01 6.145300176848000895e-01 4.710438352311212107e+00 -1.701508894485375123e-01 -1.842076308807483187e-02 6.206169110811455836e-01 -4.040739039427904800e+00 2.881341239279522348e+00 8.835350762583127349e+00 2.875158445151426889e+01
1.732709326243269136e-04 -1.562691884560908420e+03 -1.275378750224057944e-01 -1.109974621767195746e-01 -2.108489280280436695e+00 1.226387129013059791e+02 8.997797974638321872e-01 6.121464046485385335e-01 4.709957352850306478e+00 -1.378733696468286141e-01 3.729315443655667472e-02 4.012175420720698327e-01 2.808373455573871524e+00 2.741926587454424080e+00 8.812295803473091382e+00 3.066176493656080737e+01
2.087671388988115897e-04 -1.562505521552038317e+03 -1.459000646402771051e-01 -5.941385658871192743e-02 -1.655698504875782184e+00 1.464002419775243311e+02 9.707725844066722454e-01 5.947571313113737546e-01 4.713645746335990872e+00 -1.496626723957690253e-01 -3.351987095716602028e-02 2.791316535537246568e-01 -4.509519611069947587e-01 1.867790179546968687e+00 8.645907973523270229e+00 3.128323676695310240e+01
1.896758185895145213e-04 -1.562601424617945440e+03 -1.491155811088701877e-01 -8.433676338647373705e-02 -1.991016906292417010e+00 1.544830359825808728e+02 9.710012196129953477e-01 5.720492288406747727e-01 4.693795035593872456e+00 -1.722951355796509265e-01 1.791362524855188987e-02 1.048543671448826792e-01 1.428280482105719784e+00 1.889363724646098142e+00 9.474227993358731226e+00 3.545899715835143695e+01
1.206502203732485177e-04 -1.563053845396289034e+03 -1.061219455930018651e-01 -9.949631725969401708e-02 -1.679525826429165924e+00 1.226148726141979921e+02 9.214495877617454589e-01 5.946334339419661053e-01 4.702756527114948959e+00 -1.616946629650279910e-01 -4.007413926876046695e-02 4.445571852434000437e-01 -2.264168260861623594e+00 2.059540171341467385e+00 9.380461515567816377e+00 2.882683330463864380e+01
1.828922350174675738e-04 -1.562637843915210624e+03 -1.229594265006229564e-01 -6.372529928826738133e-02 -1.785464295021662817e+00 1.294361196337882518e+02 9.646867579388789249e-01 6.007953521029261168e-01 4.710702306965613317e+00 -1.530863523097136802e-01 -2.349726515248962144e-02 1.015210784992028603e-01 4.254274181828861856e+00 2.240897840010136477e+00 9.697640890418357529e+00 3.258977529144924290e+01
1.348042210900190737e-04 -1.562942917503196213e+03 -1.329094595235364162e-01 -6.857442692274082208e-02 -1.882745997093747459e+00 1.323452489564765244e+02 9.754884213520333969e-01 5.872162447386960471e-01 4.705492810922424773e+00 -1.716322434383217299e-01 9.292297707153451825e-03 2.188141234272174551e-01 -2.101677443550983071e+00 2.891293953197648925e+00 9.079376823493134907e+00 3.782728622245956274e+01
1.445160731718668371e-04 -1.562873350280518480e+03 -1.280519707165454213e-01 -9.862003187470982923e-02 -2.236300385509507826e+00 1.194485493584071349e+02 9.152508396982005356e-01 6.037686476702319727e-01 4.706583322391082902e+00 -1.440008382559700983e-01 5.214076004895629168e-02 4.818164166480873312e-01 -9.201877733150354288e-02 1.911199761077342352e+00 9.296274834867169545e+00 3.365224799079547324e+01
1.329615756104099932e-04 -1.562956680833612609e+03 -1.446270594118050090e-01 -6.875572959662766548e-02 -2.094584876501545345e+00 1.050002106140905909e+02 9.527127239333978981e-01 5.967498861803544052e-01 4.703154524595744235e+00 -1.441476210045635753e-01 3.417137690955707185e-02 4.630346634204120237e-02 3.666212698281810844e+00 6.976449224588288089e-01 8.678093587230929273e+00 3.344753899500996397e+01
1.328890451997464736e-04 -1.562957226481482394e+03 -1.112009219205848110e-01 -1.310675231077693681e-01 -1.985756777726083611e+00 1.288503828629644943e+02 9.000975237114251515e-01 6.071398948270820828e-01 4.706025268226391667e+00 -1.608416134068968439e-01 2.164857789862728588e-02 5.651967185879552824e-01 -7.202823650745813211e-01 2.170695803484723463e+00 8.915080546342046830e+00 2.853216950139136898e+01
1.296201500479654491e-04 -1.562982132764310563e+03 -1.384474880125101115e-01 -8.994972351272544075e-02 -2.420685049467735439e+00 1.147262498368399548e+02 9.807953652326673044e-01 5.982753459369916094e-01 4.711660355404122313e+00 -1.264401127619521059e-01 7.476163388954537581e-02 5.749873058604387105e-02 -1.769435986688790763e+00 1.644786340378123768e+00 9.412519458460888444e+00 3.025925192719058998e+01
2.047614506629669867e-04 -1.562524895368645048e+03 -1.370739346505148171e-01 -9.123416433720524243e-02 -2.239539798445028485e+00 1.249276534386144846e+02 9.821569303739644541e-01 5.937727618642074656e-01 4.711973349555766077e+00 -1.545854606647241170e-01 5.847872958024513679e-02 5.228149200819727505e-02 3.577183360618079178e+00 5.225638092165585391e-01 9.218481676660283952e+00 3.554833608469365203e+01
1.026355495277668061e-04 -1.563215556655558885e+03 -1.062533044633990065e-01 -1.115897899685947270e-01 -1.928084726677012029e+00 1.212782997899539339e+02 9.139581172600018677e-01 6.058024303651938780e-01 4.707380841502827984e+00 -1.668891456960561737e-01 3.618243293299183705e-03 2.926401294697515976e-01 -1.284546040043949233e+00 2.646707278946336395e+00 9.347631639947895366e+00 2.517321406326555788e+01
1.749125820877888262e-04 -1.562682454696718878e+03 -1.188060806197521746e-01 -1.095041021155310490e-01 -2.024523413296386742e+00 1.293436401998452823e+02 9.274046434393599103e-01 6.093538882895274122e-01 4.706712857385229043e+00 -1.700354288521435109e-01 2.628742566852015905e-02 3.472644468961352815e-01 -1.878269571912369429e+00 2.379398151616918256e+00 9.486006022297877038e+00 3.498613779915415734e+01
1.317759100054526295e-04 -1.562965638186439037e+03 -1.478524036053739943e-01 -8.926251650574315577e-02 -2.211004672896368817e+00 1.527650869450165203e+02 9.760318129714998792e-01 5.789740568174068791e-01 4.707518297945444630e+00 -1.621550391858153084e-01 6.072419657238570245e-02 1.063769424220309817e-01 1.423388496168797701e+00 6.883737628050612400e-01 9.340770578907807931e+00 3.479916614101041716e+01
1.106400394331485981e-04 -1.563140458971142380e+03 -1.176710874917709926e-01 -7.598742452314417861e-02 -2.076954873462720563e+00 1.165332505615691190e+02 9.528903894904984240e-01 5.952529322124620048e-01 4.707945582722359745e+00 -1.596322312852542780e-01 3.259930758947549023e-02 5.119459686790293895e-02 6.847703863679726055e+00 1.583084029828540906e+00 8.185564347911400418e+00 3.587930394300364867e+01
1.564807488135024896e-04 -1.562793808023270913e+03 -1.000743141160854999e-01 -1.142460306227643940e-01 -1.950880729608485353e+00 1.217751093232585191e+02 8.763566585416102672e-01 6.302706858569742110e-01 4.715909231738699248e+00 -1.503469814592190978e-01 6.032562297950239127e-03 6.481312028777167500e-01 -4.464315331552398902e+00 2.870658512441615073e+00 8.836183043901879586e+00 2.924540203381409498e+01
1.065574754691566171e-04 -1.563178056499564718e+03 -9.291003876687792262e-02 -9.580601243492346819e-02 -1.776699541873132171e+00 1.184373973761427692e+02 8.880696875760891729e-01 6.210702981003601852e-01 4.707517969171020056e+00 -1.491037020376464461e-01 -1.337984993946506052e-02 7.121667727373524048e-01 4.027642509690366524e+00 1.801292536290799440e+00 8.730235665621588481e+00 3.205022249254718503e+01
1.058671680499466471e-04 -1.563184555838226515e+03 -1.296297584038493544e-01 -8.544800557311660327e-02 -1.991141262154412450e+00 1.229208080092670059e+02 9.397822892742895284e-01 6.103036855428261021e-01 4.708143421256449912e+00 -1.659707611592264875e-01 9.271097867008970539e-03 3.340816802843579736e-01 -3.519617880016909339e+00 1.307398185460328932e+00 8.870459473672930528e+00 2.906520755928166011e+01
1.590030380006455537e-04 -1.562777817705948337e+03 -1.245783567041641865e-01 -7.528526413647829152e-02 -1.629735941750744210e+00 1.181648208594925791e+02 9.389000511168251739e-01 6.151382443280253298e-01 4.716655933747134100e+00 -1.415375119938224735e-01 -2.114947834807123783e-02 1.312898226612229935e-01 -3.723882567238945285e+00 3.056428957854073758e+00 8.360219895245490918e+00 2.986456889580890817e+01
1.366204181411179522e-04 -1.562929534604995069e+03 -1.403160987169328744e-01 -9.340775466973232077e-02 -1.997742711025216833e+00 1.307040916627218223e+02 9.600062142453207326e-01 5.995839600430619143e-01 4.710409977548570382e+00 -1.489841299295644461e-01 -1.265367284691620853e-03 2.290705251912461271e-01 3.244264264033148493e+00 1.441314135717020051e+00 9.583467713725202231e+00 2.904487863474247789e+01
1.840457206925136464e-04 -1.562631556806141361e+03 -1.330964911677827711e-01 -7.521347872720150762e-02 -1.856589479300095658e+00 1.272866788793610482e+02 9.625562510816920714e-01 6.065472147450503559e-01 4.705622308166267587e+00 -1.565797161900250867e-01 1.173268933445692497e-02 1.002110611799380269e-01 -1.863039665331911010e+00 1.471295116706627937e+00 8.468767366370366645e+00 3.057699135994296213e+01
1.029925180890101891e-04 -1.563212084669229625e+03 -1.294065263141187527e-01 -6.661746208023580640e-02 -1.542447175307900764e+00 1.389908599857377283e+02 9.550502425243238003e-01 5.837178952849646496e-01 4.701245590468143831e+00 -1.678451754522085615e-01 -6.111973327967623604e-02 2.230913835102911191e-01 -5.721792589506407012e+00 1.991837194928680610e+00 8.718631019914656832e+00 3.184780459468938929e+01
1.221672248162866919e-04 -1.563041350213504757e+03 -9.987431698683052472e-02 -1.042843950902588718e-01 -1.875376800996039650e+00 1.091324537075681604e+02 8.767765597666222765e-01 6.236762006363729682e-01 4.704633299738972596e+00 -1.651384183192201593e-01 5.817676152440220960e-03 4.467165994713642174e-01 -1.026193345391590128e+00 1.741291873560424364e+00 8.299707866534333789e+00 2.966147045508227365e+01
1.223034332246348340e-04 -1.563040235900453581e+03 -1.206347375073697353e-01 -9.634991235808558485e-02 -1.692596591788738003e+00 1.118432315947686817e+02 9.337962891099091944e-01 5.884593763854555348e-01 4.697316225534176048e+00 -1.613636812444645408e-01 -2.619721567305721699e-02 9.742124465011180179e-02 -4.063587660543561242e+00 1.276125102738889794e+00 8.594058447314424143e+00 3.440695915631663837e+01
1.079039435869426984e-04 -1.563165499594776975e+03 -1.341793106946676806e-01 -8.074093382410153785e-02 -2.061297157686181158e+00 1.344084260130854602e+02 9.648737665735729330e-01 5.961708174888834533e-01 4.704282532896272073e+00 -1.383250555545121330e-01 2.393146331575835006e-03 5.532320774645926170e-02 8.526936733158265724e-01 2.668455399327362976e+00 9.052982168681889874e+00 3.114705242001836183e+01
1.745109943495903317e-04 -1.562684753270381862e+03 -1.450297557881401467e-01 -8.386966831203886141e-02 -1.993241470716154318e+00 1.191943410701883721e+02 9.716616771490017568e-01 5.946215693475853659e-01 4.711425129432799785e+00 -1.580581375037397596e-01 3.032347474060781423e-02 2.643084745826143056e-01 1.587319942054790545e+00 2.252902154512903543e+00 8.531334877299734387e+00 3.716657714273541302e+01
2.125457295891411554e-04 -1.562487583851629097e+03 -1.341102385866890512e-01 -8.802398829682178683e-02 -1.739332474487907954e+00 1.130817803073014147e+02 9.446613238012482316e-01 6.097851329761113659e-01 4.710337487758795127e+00 -1.623983769757739726e-01 -4.045728090381617292e-03 1.038037762821642646e-01 1.449483035059984104e-03 1.957057587477328831e+00 8.556376444073588772e+00 2.942479755132432118e+01
1.567513908630717304e-04 -1.562792079962305024e+03 -1.033926522814611892e-01 -7.359582169177693312e-02 -1.590551662820230527e+00 1.187814452376296543e+02 9.382091320060020889e-01 5.968461038783021699e-01 4.703974346810947615e+00 -1.402474534427200492e-01 -3.196435973117539575e-02 2.441932894903997009e-01 2.095522327258834139e-01 3.154340005093625443e+00 9.004622870035783322e+00 2.851706649099994451e+01
1.125455695310245284e-04 -1.563123382812781529e+03 -1.115868181660222003e-01 -8.449631514668520804e-02 -1.741591755539257047e+00 1.202678624962460674e+02 9.149143253360247918e-01 6.120828052374159833e-01 4.708016757836887223e+00 -1.471298211823590663e-01 -2.840974884487112995e-02 5.664764118008387417e-01 -6.528847676905854769e+00 3.263755587370464895e+00 9.339890553986208488e+00 3.124572440749462388e+01
1.555159736677601376e-04 -1.562799992564013337e+03 -1.247230523703438954e-01 -8.470105806745747978e-02 -1.831481218116713938e+00 1.128271269446244105e+02 9.296708247469438469e-01 6.100026161098832667e-01 4.717422998049850769e+00 -1.490975997298704669e-01 -1.604415109588330779e-02 3.900969129182417783e-01 -4.355020841730578240e+00 3.129789229446622301e+00 8.846084487237337868e+00 3.101150449721923508e+01
1.041641367408207750e-04 -1.563200773121983048e+03 -1.174454358301164486e-01 -8.163126403692423649e-02 -2.037056300505319051e+00 1.303735197119757743e+02 9.603908537939186418e-01 5.968898026485911501e-01 4.707552741713651123e+00 -1.482973399013829408e-01 3.027508609093465530e-02 5.678959229583663282e-01 -1.380913082997807351e+00 2.608321063095497827e+00 8.744146903418293704e+00 3.602413006093419057e+01
1.724291641515276151e-04 -1.562696754505373519e+03 -1.063805355806808350e-01 -8.870311890897403240e-02 -1.940360574891048406e+00 1.337663437098550219e+02 9.336442459445425390e-01 5.954739800461013033e-01 4.704929892898379151e+00 -1.458932143081275168e-01 1.099260492931897204e-02 4.000475456025635035e-01 -3.764079564510495857e+00 1.759490824377096807e+00 8.858404228891171073e+00 3.078153252431103937e+01
1.106213853959621700e-04 -1.563140627586500841e+03 -1.281545334651971735e-01 -6.808189279101557745e-02 -1.949504575170595500e+00 1.317727524293511294e+02 9.583273180675694336e-01 5.804629801115154253e-01 4.700799467738789872e+00 -1.466577440080274464e-01 2.495997284339890321e-02 1.860703936376251200e-01 3.037238573959228916e+00 2.423077876534063257e+00 8.531718435142110479e+00 2.856493628402312268e+01
1.833687076120570536e-04 -1.562635242093351280e+03 -1.355045227766988047e-01 -1.010582480301530361e-01 -1.901049548614990536e+00 1.230227544563763757e+02 9.748974264775479570e-01 5.984393503353343524e-01 4.718493996443164917e+00 -1.547337925206773157e-01 1.839164912818036512e-02 2.908893015856785919e-02 4.083903617021974242e+00 2.039515297708627273e+00 8.632016938914244264e+00 3.162980722221542251e+01
1.192687554869738671e-04 -1.563065361618790121e+03 -1.203636955490975935e-01 -8.198073350940257575e-02 -1.753901426486340398e+00 1.426385944120149816e+02 9.370217511455459780e-01 5.992661854224797802e-01 4.710955738865418851e+00 -1.643176883118042664e-01 -5.895401200473937564e-03 1.948346425354604561e-01 2.047327222630514143e+00 2.528490167541974643e+00 8.761732529329101737e+00 3.351705431265305890e+01
1.471853488740733828e-04 -1.562855048345672685e+03 -1.304639664522102283e-01 -7.651355213004173983e-02 -2.083130635156059007e+00 1.147930936531577117e+02 9.567253027372276675e-01 6.166822776903970738e-01 4.716886697315636923e+00 -1.429999109307806826e-01 4.657308230530454729e-02 2.039771929576322251e-01 4.275863689927319911e+00 2.026849316305256998e+00 8.952549609132610442e+00 3.535277901262234934e+01
1.134736060197176060e-04 -1.563115170751111691e+03 -1.091507430264399003e-01 -1.102669951770720025e-01 -1.821296500177749911e+00 1.058456657576837898e+02 9.089718707647508333e-01 6.066566709675071944e-01 4.704453118599742467e+00 -1.537957622688257420e-01 1.077682747234853800e-02 2.115947237869454378e-01 -3.618382236898014526e-01 2.593245233902474745e+00 8.961528409093922676e+00 2.742323191726825371e+01
2.781238494318119645e-04 -1.562218674498870769e+03 -1.115104655010465406e-01 -5.993611943159178612e-02 -1.613647058658545186e+00 1.071241351247109037e+02 9.303911695990002562e-01 6.097036893900928956e-01 4.707718795807915413e+00 -1.531583590813583307e-01 -3.548709874452304902e-02 3.325254689998998203e-01 -9.929007037746657716e-01 3.301967901243485493e+00 9.131438276361535600e+00 3.215410338779211941e+01
1.037343197161790887e-04 -1.563204908002485354e+03 -1.194654719630845741e-01 -7.308874841755452767e-02 -1.814752538765507017e+00 1.147026911601500245e+02 9.548053290909649382e-01 5.999973844165633619e-01 4.711238970025860340e+00 -1.501655378495168058e-01 1.213418017069534116e-03 2.919399840629278292e-02 4.425039444602219874e+00 1.278270312935481101e+00 9.900259980565873974e+00 3.360755813677906900e+01
1.237956133297979768e-04 -1.563028109088809060e+03 -1.437225862097935014e-01 -8.384105807571592961e-02 -1.697233265454331619e+00 1.446404502170520345e+02 9.684883758118645325e-01 5.874535716597167889e-01 4.705711225698262723e+00 -1.505323602594954568e-01 -2.395063860415991286e-02 1.874289853363395875e-01 5.547416884946244409e+00 3.432713409081578071e+00 9.137267547856264827e+00 3.239374094821656769e+01
1.050211097687557944e-04 -1.563192579639541009e+03 -1.303644570206489717e-01 -6.936456371854465841e-02 -1.671853280320823476e+00 1.116355998112535843e+02 9.680205148494838152e-01 6.013032860108855626e-01 4.711979643170873366e+00 -1.409036151724145647e-01 -2.412434394800389015e-02 2.032485069340101563e-02 -4.636004408871485793e-01 3.433706812159931232e+00 7.914666680065352011e+00 2.949582844025000483e+01
1.386024215228110802e-04 -1.562915131457000598e+03 -1.369842294453420817e-01 -8.586583727483583506e-02 -2.272657250793400863e+00 1.119387963782051543e+02 9.682648602512663460e-01 5.875099427002218322e-01 4.701923978809678495e+00 -1.474420887564447114e-01 4.887201515502348492e-02 1.385478812136259341e-01 4.290307902164329334e+00 1.147988278972777998e+00 8.671680072093291614e+00 2.639559195945739845e+01
1.368856775770833640e-04 -1.562927594907684579e+03 -1.090248760277168077e-01 -8.956576794897247451e-02 -1.844608924170199060e+00 1.190019009799809169e+02 9.667302690290402456e-01 5.902350054938072521e-01 4.713440496171701355e+00 -1.553825576063918579e-01 -7.128689842158753009e-03 1.685340259903763405e-01 2.709749609886046073e+00 2.257617163977654329e+00 8.704252237804134040e+00 3.347381323667464414e+01
1.305057135497735465e-04 -1.562975324007113386e+03 -1.403178101992464677e-01 -9.926512701734080402e-02 -2.044232913300238152e+00 1.205181586974117636e+02 9.502099894961639759e-01 5.928772710378646948e-01 4.707067486158669212e+00 -1.659107890329303281e-01 1.525145050230003463e-02 1.704726142715975445e-01 -1.269835423569247723e+00 4.549316153028448717e+00 8.821985255367593481e+00 3.248745796855556733e+01
1.286483160523354044e-04 -1.562989658565637910e+03 -1.176160067893086136e-01 -9.771467359795213414e-02 -2.069707723324610171e+00 1.014967959984122103e+02 9.451821860060343194e-01 6.011661757623555369e-01 4.703730101452979540e+00 -1.545273227553214390e-01 3.264715491411918080e-02 1.440573176061979432e-01 -5.927425726410660900e+00 2.715904433848281840e+00 8.755531797106863579e+00 3.808094296972863901e+01
2.352098362626049309e-04 -1.562386262978913919e+03 -1.185805959009852140e-01 -1.068159940271883601e-01 -1.811053470248245256e+00 9.934503767054673062e+01 9.241777020740206128e-01 6.008192186547343105e-01 4.706096338369397003e+00 -1.728592135350648373e-01 -5.887728674524694839e-03 6.765705095454493945e-02 -5.359936670348929511e+00 3.072850438326057976e+00 9.531964871502207615e+00 2.917071262695591827e+01
1.374011819584647831e-04 -1.562923836032839290e+03 -1.303529851157409492e-01 -9.423072764161841142e-02 -2.287084890680883387e+00 1.063776405347806246e+02 9.288978211006970742e-01 6.219454403653781327e-01 4.720475654888061534e+00 -1.401355246446311931e-01 5.704757283663264289e-02 1.561004555511866787e-01 -8.522437093634209759e-01 1.917156889861493241e+00 9.359331941802162547e+00 3.079207954600171604e+01
1.555756775062381236e-04 -1.562799608729609645e+03 -1.351853694761560309e-01 -8.669626656740622717e-02 -1.794616755676057274e+00 1.321661735985809969e+02 9.428662990573666303e-01 5.839722391499537757e-01 4.700985216460063398e+00 -1.621884594957623271e-01 -1.278526853819217379e-02 4.523513295874986295e-01 -2.532072450634871075e+00 3.588171414728003050e+00 9.130288958048682346e+00 2.871033851325999109e+01
1.098904561781353527e-04 -1.563147256998232933e+03 -1.411608240619149635e-01 -8.444928681941643589e-02 -1.873167087043492884e+00 1.072972902488896807e+02 9.734781647094847834e-01 5.751907640240838671e-01 4.699054945601909949e+00 -1.694232164056075352e-01 -1.024185708260727523e-02 1.162042476322455026e-01 -3.219583631569321369e+00 1.514270731732381137e+00 8.244378030258792123e+00 3.487360736708444620e+01
1.188184525291370060e-04 -1.563069144295722026e+03 -9.979722395258594503e-02 -9.208117423737294249e-02 -1.783509257463125053e+00 9.680704888620631721e+01 9.033690923859424293e-01 6.115411070535865523e-01 4.707230032693939137e+00 -1.536030976295132966e-01 -3.007837484274800133e-03 2.524624150820883317e-01 -1.327304517047906529e+00 4.224746130215839557e+00 9.036043606696519959e+00 3.608143467329482945e+01
1.550773900997852309e-04 -1.562802816731626990e+03 -1.235901156805045142e-01 -9.058160791162486736e-02 -1.674599100161612508e+00 1.382917592215342495e+02 9.220755150387380805e-01 6.021521578678787900e-01 4.707386550231004385e+00 -1.613681683015881774e-01 -3.439139337641217153e-02 6.657594652279034131e-01 -4.898910636098861460e+00 2.855702961722328403e+00 8.866448263502913818e+00 3.486996497060657418e+01
1.208410398134116047e-04 -1.563052265053549263e+03 -1.281782521653167806e-01 -9.802906771847313960e-02 -2.223018741366027839e+00 1.307525541629275665e+02 9.512845640801822489e-01 5.948330157135213181e-01 4.711907371701924419e+00 -1.501754465749236545e-01 5.646432033251924665e-02 1.924320850245245934e-02 -4.379972404191221358e-01 1.944469833149664595e+00 9.114615000628711883e+00 2.650863531075320267e+01
1.075108531910863764e-04 -1.563169149212519642e+03 -1.259166416546513567e-01 -7.480229188294884590e-02 -1.832583353464162013e+00 1.441886334934732474e+02 9.475966540174919350e-01 5.857254970511055481e-01 4.699957129231555619e+00 -1.637697747037965001e-01 -7.449452444857174171e-03 4.107010842459564159e-01 -6.441391708882122202e+00 2.125418668718848103e+00 8.296066687893844716e+00 2.838119636246272393e+01
1.103364994249389676e-04 -1.563143206232916782e+03 -1.175513761237680782e-01 -9.976918989772401436e-02 -1.975583859393989616e+00 1.246393844188824716e+02 9.294936180375518164e-01 6.136059608497441697e-01 4.712055118630374295e+00 -1.632609794369441758e-01 5.075334941918363540e-03 4.253524853272399597e-01 -2.969786021339473336e-01 1.446475717870043809e+00 9.392597537795420948e+00 2.700592526091594081e+01
3.066994867721536304e-04 -1.562120872617176701e+03 -1.466691495740291284e-01 -7.214462357994512465e-02 -2.203051948652568814e+00 1.437317112059292299e+02 9.767042651289076227e-01 6.169430759683186549e-01 4.720673708392208567e+00 -1.439184253975600569e-01 4.495320967926130784e-02 8.074655188026798325e-02 2.164202730417628118e+00 1.621551397557485785e+00 8.732938301859727304e+00 3.302334421203278936e+01
1.108075243765933334e-04 -1.563138946333364856e+03 -1.295054911522127428e-01 -9.844249992350734280e-02 -2.124694689870112008e+00 1.245165903708166582e+02 9.260671648537289746e-01 6.005301736072052865e-01 4.707115024957868599e+00 -1.442479268522807168e-01 4.370482477643711228e-02 4.444356528699296982e-01 6.134396829124682426e+00 2.184109752232266111e+00 9.075126404584965556e+00 2.723633312347972790e+01
1.523135633479779164e-04 -1.562820799702190016e+03 -1.278305482968331019e-01 -7.248239533027010795e-02 -1.612893902012640712e+00 1.426937565498648155e+02 9.640425356882520447e-01 5.796822658899292158e-01 4.700634941203880146e+00 -1.381178234454232268e-01 -4.254057990778559173e-02 1.124487267784079203e-01 -7.478629034108053020e-02 1.972693409066361703e+00 9.156048882208555284e+00 3.526747505368299329e+01
1.235861699086912482e-04 -1.563029802370087964e+03 -1.237967628331114039e-01 -8.581205637249546270e-02 -1.832459055861838992e+00 1.192457871743409612e+02 9.455945615650301894e-01 6.062492254084991261e-01 4.711144304739504740e+00 -1.711730349565845355e-01 -1.511569203318963162e-03 3.131615823942038856e-01 3.879518671154528420e+00 9.151167114661573621e-01 8.927291993446662133e+00 2.988795253917187011e+01
1.193266920366733167e-04 -1.563064875972048412e+03 -1.152540767727704973e-01 -7.166110421367086203e-02 -1.806301139025309643e+00 1.216986668993754250e+02 9.430510581729575348e-01 6.086813621505862137e-01 4.712525428252259729e+00 -1.767832864685372485e-01 -1.120976918889571294e-02 1.428232392766938252e-01 2.072910114136504944e+00 2.787514084588549323e+00 8.903614767927114926e+00 3.579571381460722534e+01
1.146263661753692655e-04 -1.563105063165751744e+03 -1.103940561412349586e-01 -9.545720544038369115e-02 -1.782112408282776173e+00 1.265520247900040260e+02 9.404064146955253278e-01 5.946659320960815398e-01 4.704786256243911780e+00 -1.765233702398241178e-01 -1.597699671492547324e-02 2.237246463960488319e-01 -1.793266058111555594e+00 2.411085862572992511e+00 8.019820511567132826e+00 3.583171337668367329e+01
1.107563745972230541e-04 -1.563139408049199574e+03 -1.328700503547835532e-01 -1.200949009061500344e-01 -2.121635045449449031e+00 1.165591325378300809e+02 9.232300965228527057e-01 5.964477344781011769e-01 4.702252203664960106e+00 -1.537394340210749277e-01 3.777311759513701794e-02 1.162824005742748856e-01 3.003663772839132662e+00 3.076168733031958702e+00 9.545170669731263047e+00 2.873176337038096761e+01
1.252769548427063243e-04 -1.563016214089772348e+03 -1.413012621681564440e-01 -8.568844100757766480e-02 -2.028355520406507573e+00 1.218965682798743160e+02 9.520041305238297058e-01 5.915292607016595650e-01 4.703806649929522798e+00 -1.548647550326980316e-01 1.600454293771536030e-02 2.010423918297317425e-01 -1.500706043971433701e+00 3.535685209182126698e+00 9.940627697204828195e+00 2.948816270773724213e+01
1.219984560773989575e-04 -1.563042732625358440e+03 -1.247124636644377366e-01 -8.705318102572003058e-02 -1.919530668748357094e+00 1.152582492668064873e+02 9.356143225275923569e-01 6.101292490599073970e-01 4.710552640485317966e+00 -1.430786472875771320e-01 -1.572276431110486428e-02 1.232392920292415261e-01 3.752966982438351806e+00 2.116088479777733511e+00 8.785226664152268938e+00 3.233799901139489208e+01
1.266118934441667920e-04 -1.563005614564554207e+03 -1.146368691263748296e-01 -9.998657221058032674e-02 -1.771319247211323944e+00 1.085255486525323079e+02 9.232287027310701610e-01 5.986925519940557994e-01 4.703610428402102528e+00 -1.415739077998416917e-01 -6.984159823221425256e-03 1.766208485436811804e-01 2.429064873430149873e+00 1.762344307991381420e+00 8.802389676048182565e+00 3.521875910454463821e+01
3.908699093154493955e-04 -1.561878366223032344e+03 -1.393336242652467305e-01 -9.759684615037592104e-02 -2.245179125614133575e+00 1.241088348190974671e+02 9.557206046671012922e-01 6.109625611611342322e-01 4.718479387064737018e+00 -1.493103143818246270e-01 5.021955841265346443e-02 2.413962986154796486e-01 3.456995289006044914e+00 3.334296433226580092e+00 8.635442667250803339e+00 3.026315034374082913e+01
1.632412709946371354e-04 -1.562751511718352049e+03 -1.316034892905773301e-01 -9.205391363660780923e-02 -1.789857432484780464e+00 1.259647054645291036e+02 9.480375734249788522e-01 6.036221946361459700e-01 4.706009725347670702e+00 -1.569151801597135076e-01 -1.808209941437821655e-02 3.588069597327493421e-01 -4.039094262173023253e+00 2.048563351102927754e+00 8.023193705943176823e+00 2.894527345015674058e+01
1.135218802900448776e-04 -1.563114745418680286e+03 -1.167845509633304857e-01 -1.047536780364975856e-01 -1.907012457104578562e+00 1.307479218847599896e+02 9.447703760971528641e-01 5.905043108685874564e-01 4.704361225489302356e+00 -1.695989477801713718e-01 8.544663562928489497e-03 2.832311105540687435e-01 -4.191193743098580171e+00 2.691161841109845909e+00 9.455718340694030388e+00 2.612535119395187166e+01
1.622900204273355700e-04 -1.562757356030711207e+03 -1.224203577554879019e-01 -8.806474528451588291e-02 -2.035089062527685844e+00 1.312914988767281272e+02 9.672935695824531610e-01 5.830316410071536559e-01 4.704044068686013880e+00 -1.421853206592327279e-01 1.784355169845919242e-02 1.822171992331050872e-01 6.164250143816616401e-01 2.709517928041416113e+00 8.700865670983603195e+00 2.644934594140990924e+01
1.440276272150488009e-04 -1.562876735878074214e+03 -1.089740078045134397e-01 -7.358834511571295256e-02 -1.573611570880803834e+00 1.124875563221088868e+02 9.420944647185375276e-01 6.159348604146250850e-01 4.710760968680924421e+00 -1.556396815301204217e-01 -5.258056499479657475e-02 4.596873909367857336e-02 -6.451470826505101286e-01 2.095196195722959231e+00 8.440155527606796326e+00 3.419167492189168200e+01
1.431714525811007041e-04 -1.562882698133739268e+03 -1.141139756416190421e-01 -8.384923368318678016e-02 -1.736620243314467071e+00 1.231873292576270842e+02 9.526938536543937408e-01 5.880855044396444686e-01 4.702107922190172040e+00 -1.529090521059834895e-01 -1.687673712539838888e-02 3.270674742352450148e-01 -6.774857101917405089e+00 2.391272178632219969e+00 9.560364941461063637e+00 3.319443409692546254e+01
1.287445660414294124e-04 -1.562988910681758625e+03 -1.350297620947803479e-01 -6.858962668564463905e-02 -1.961973218857212986e+00 1.238919344208821798e+02 9.496695714007008515e-01 6.046048934942935826e-01 4.716134291723806271e+00 -1.480319597758512629e-01 1.038322930102997255e-02 1.440007199099885005e-01 7.865251753048028149e-01 1.433197955091225495e+00 8.240410161535205447e+00 3.165958066583918296e+01
1.585556647637923551e-04 -1.562780635285998414e+03 -1.194209538662654446e-01 -9.878827151391292305e-02 -2.098979103464389873e+00 1.163229702579332923e+02 9.584268849372636900e-01 5.966223587823814567e-01 4.706101226750289079e+00 -1.572238565652246400e-01 1.924776592355148530e-02 2.993851555823477950e-01 3.742349596990237615e+00 3.306707205373071723e+00 8.847317477363670690e+00 3.064522649035739121e+01
3.196283836210365450e-04 -1.562079581995131548e+03 -1.324122995057905039e-01 -8.278522238372797160e-02 -1.718764254210244591e+00 1.351088862638163164e+02 9.694853920551024240e-01 6.124880586991195974e-01 4.716543500984561099e+00 -1.538811705431522014e-01 -1.254964717985140865e-02 9.286913596552717753e-02 -4.696957143137865387e-01 1.387036093473792420e+00 8.923451677759096867e+00 3.501800108463925909e+01
2.454570301815913618e-04 -1.562343619112803481e+03 -1.186915058889587704e-01 -5.418843951053277375e-02 -1.613538220209975060e+00 1.096669979791460179e+02 9.595888956599594177e-01 5.917746723583938717e-01 4.703924103105197929e+00 -1.395787821161296183e-01 -3.968647289962978775e-02 5.000394176720902167e-02 -3.980595648005589737e+00 3.091355735007961236e+00 9.158495691635293312e+00 3.331177410880503942e+01
1.716738664476628114e-04 -1.562701144463320361e+03 -1.436254158039299289e-01 -8.125070711131704426e-02 -2.270219595831481918e+00 1.533974184705069490e+02 9.642866625391762758e-01 5.906295320629493251e-01 4.703014059609138542e+00 -1.409575705372940746e-01 4.742067918298631390e-02 2.868793854429002033e-01 -2.932704648171664985e+00 1.646718441336791905e+00 9.259249980538953650e+00 3.241622918647368579e+01
1.677774344221692748e-04 -1.562724102708928058e+03 -1.223391723873450965e-01 -9.174686109492995179e-02 -1.870503667060744446e+00 1.351680769684849110e+02 9.569669816277558416e-01 5.752682695208872765e-01 4.700884560719993388e+00 -1.612159456359205656e-01 -8.119532667227424838e-03 3.257289234986265325e-01 -2.061015381320885353e-01 2.058065052244706372e+00 9.261324989765395088e+00 2.869238095352288909e+01
1.312163567915844214e-04 -1.562969893475501522e+03 -1.235331139405903278e-01 -1.105930586263010329e-01 -2.019062872269164810e+00 1.305705075770438270e+02 9.348055932037642179e-01 6.109361475020004262e-01 4.715730540334034160e+00 -1.538520585406484287e-01 2.085796185668953306e-02 6.364941030862893978e-01 1.167256122692208464e+00 1.720261838410341859e+00 9.235224587093359361e+00 3.498468437021906396e+01
1.486762209523047492e-04 -1.562844970087126057e+03 -9.626508343941508894e-02 -1.148889304259373412e-01 -1.879069635078790546e+00 1.059364117304875350e+02 9.016133018293184254e-01 6.307347681285973007e-01 4.710735391529130567e+00 -1.460817234010738375e-01 -1.166920561918471932e-03 4.542393037473711481e-01 -9.850277702137475444e-01 2.847607214215619464e+00 8.783978587346030764e+00 3.127628337715382401e+01
1.523534910414371495e-04 -1.562820537595125188e+03 -1.275665363769720173e-01 -9.925612593826876884e-02 -2.148115610665949138e+00 1.021763829154848935e+02 9.462937157316787529e-01 5.998137284727325103e-01 4.701809705483995572e+00 -1.484739023654455536e-01 3.881729883279616544e-02 2.250908226646308463e-01 6.242790871139334286e-01 3.325558568485820210e+00 9.537049368905314850e+00 3.595140334661284243e+01
1.364026384181707722e-04 -1.562931129926444328e+03 -1.264133063209067487e-01 -9.117314088230282776e-02 -1.929801888369717222e+00 1.347106969994858332e+02 9.509025450462296192e-01 5.959473835074058368e-01 4.705890990243590366e+00 -1.540368398124254412e-01 -1.351391199253870745e-02 4.124814393099200949e-01 -1.970068125340986853e+00 3.110796553063122083e+00 9.483289234085923169e+00 3.024290655158456786e+01
1.152029143229799438e-04 -1.563100045969023995e+03 -1.123658179827166648e-01 -7.307114339947444470e-02 -1.610532087840141235e+00 1.331856180013460573e+02 9.693519463958729654e-01 5.950659937167483982e-01 4.702635155574284909e+00 -1.662741691671993927e-01 -3.259215300927920111e-02 9.293350495440742820e-02 -6.214606309940052142e+00 1.542907885741517937e+00 8.648006788190553351e+00 3.260069012731159432e+01
1.179455949964831234e-04 -1.563076517556115050e+03 -1.244860893057325585e-01 -1.092562707628679242e-01 -2.114196097236321847e+00 1.546517491736306056e+02 9.608335256184515893e-01 5.977121623892294178e-01 4.708989848951032009e+00 -1.509399040486698595e-01 3.055876556020953316e-02 5.734858145583240363e-01 -6.795471237648769147e-01 2.447090109675476022e+00 8.217014231658325230e+00 3.456781086982729789e+01
2.451226531861045040e-04 -1.562344982304385212e+03 -1.308897941121262565e-01 -9.354811829069964446e-02 -2.053872162337298857e+00 1.180744261984489469e+02 9.606761455772647729e-01 5.999218534823562710e-01 4.707051647408477812e+00 -1.342812026030548722e-01 2.847257741987174740e-02 1.664816723446362334e-01 3.363415220384808890e+00 1.733258124949177414e+00 9.391030961529711618e+00 3.632449452729424877e+01
1.521960475526537408e-04 -1.562821571538591570e+03 -1.148221458554179314e-01 -1.117048539712708344e-01 -2.213263766191550630e+00 1.246177068312020282e+02 9.406963029387976905e-01 6.033340896480277049e-01 4.709338178740781089e+00 -1.394279768830226640e-01 5.872637182286921664e-02 2.019717233420716962e-01 -7.786332877368238314e-01 1.865974200547793060e+00 9.266931882552121635e+00 3.308171239171675637e+01
2.990298186191692230e-04 -1.562146197718666826e+03 -1.323561250482875040e-01 -8.290078990096333422e-02 -1.809441496009687844e+00 1.426660332875483732e+02 9.541916928606192227e-01 5.988160757715053073e-01 4.715214503338035712e+00 -1.575407521769247587e-01 -4.172596573569498091e-03 1.092738367423406881e-01 4.731314647709751853e+00 2.110552804419185691e+00 8.578060518556140934e+00 3.224643054138720544e+01
1.021538173182923734e-04 -1.563220261324609282e+03 -1.245899684004771329e-01 -8.417970401550979587e-02 -1.954709479355080770e+00 1.389769305178459149e+02 9.384587766993850444e-01 5.787793812002108851e-01 4.694672820987110029e+00 -1.667013831096268994e-01 1.211519195894017464e-02 4.723127085657281010e-01 -6.849954383856413642e-01 1.867035562585162012e+00 8.718699460764533171e+00 3.154718128384615028e+01
1.245614707750524884e-04 -1.563021941679688553e+03 -1.095825362788458990e-01 -8.763391526991587410e-02 -1.845965319469737853e+00 1.305880316608221676e+02 9.322183860594307481e-01 5.973915581392190699e-01 4.709519359804001937e+00 -1.702442814320397346e-01 1.865943994778795911e-04 5.776959920895915479e-01 2.404056841660690225e+00 2.430466378668172389e+00 8.626937833543735223e+00 2.822451934823333630e+01
1.730032590209640438e-04 -1.562693430582316523e+03 -1.230839471531776086e-01 -1.047672340914700961e-01 -1.907718265808555858e+00 1.218038669868448807e+02 9.292935610858213957e-01 6.077297409569244468e-01 4.711844886532803756e+00 -1.689223014309293447e-01 -9.880923326127888373e-03 1.655005565546398549e-01 -3.911239768587194021e+00 3.020540571338270475e+00 8.671759572113302283e+00 3.585581293541717685e+01
1.115416576986246014e-04 -1.563132342882136754e+03 -1.377901566057364302e-01 -8.758113061229919061e-02 -2.136187069797102822e+00 1.455186604383474105e+02 9.551853641018469565e-01 5.951904859379399948e-01 4.707478244703715120e+00 -1.570777713571991363e-01 2.876836836424256916e-02 2.048187008858802505e-01 1.639106667886295554e+00 2.251789000029535970e+00 8.661831519646167266e+00 3.964717778750359400e+01
1.509329448484402348e-04 -1.562829905350574791e+03 -1.409557404642656220e-01 -9.549581352138319934e-02 -1.944785461185494668e+00 1.412880344831939396e+02 9.682526335259092898e-01 5.736103892211938948e-01 4.694418429465915032e+00 -1.794382535499150499e-01 4.723930064570724952e-03 1.638635645987237544e-01 -3.605822707651924475e+00 2.177656939290173455e+00 8.427223651248816338e+00 3.479187111514803377e+01
1.285641923248092200e-04 -1.562990312684141372e+03 -1.113904852086956832e-01 -9.676878212140675728e-02 -1.751734872872979576e+00 1.374611379568904965e+02 9.256970469874089558e-01 6.109155098083305369e-01 4.710743882027527363e+00 -1.717364284183311440e-01 -9.642087283292077871e-03 3.900093400078616934e-01 -7.848609385158340501e-01 2.902320767949939651e+00 8.183721789590258311e+00 3.090828605451434541e+01
1.051391870111674406e-04 -1.563191455951987791e+03 -1.208569828585562833e-01 -9.607627425885514882e-02 -1.998250418292561337e+00 1.273294921749547939e+02 9.484720807179729540e-01 5.868752983398712875e-01 4.699100831741315432e+00 -1.537432058869718787e-01 1.031644455912639202e-03 4.181516111357964638e-01 1.910662355140658519e+00 2.275905377203679691e+00 9.179493084858325602e+00 2.878009752296806312e+01
1.210136172988560761e-04 -1.563050837935983736e+03 -1.233033014236192826e-01 -1.143086391722319684e-01 -2.072786791784663851e+00 1.637599176045464731e+02 9.246015423760826080e-01 6.166618675765893620e-01 4.709167359747386428e+00 -1.531274459779541353e-01 3.163533774713100932e-02 8.415889905811680949e-01 -2.291927831568671081e+00 3.194050905445555699e+00 8.659840572903586775e+00 3.032890668243237542e+01
1.202723726492391335e-04 -1.563056982072090705e+03 -1.341231549832803127e-01 -9.595208115957379325e-02 -2.186010903206315525e+00 1.113514616784102600e+02 9.273953515397093117e-01 6.080318485557894004e-01 4.710336218816373766e+00 -1.639696431247918973e-01 2.779384059488454461e-02 3.200691619190745851e-01 2.180674117281768076e+00 1.531892417736213652e+00 8.541398010520673267e+00 3.078964844841980408e+01
1.261787119151570717e-04 -1.563009041764330050e+03 -1.342354244057551715e-01 -7.839632506624531760e-02 -1.997718685434316965e+00 1.128453108227799646e+02 9.383805566105285489e-01 6.047936730523568727e-01 4.714730699260191393e+00 -1.595411098435253194e-01 1.374941387752293132e-02 3.751758374561696696e-01 -3.770370491609412511e+00 2.337695079218660155e+00 9.037935860236157026e+00 3.476206002613479740e+01
1.380509855743737352e-04 -1.562919117937301053e+03 -1.112523263982881372e-01 -6.186693612248485297e-02 -1.822211617571839692e+00 1.097433302239217880e+02 9.377227014126300331e-01 6.043911476070100708e-01 4.708938797518706032e+00 -1.600331328246449303e-01 -1.672662035465588559e-02 1.834687394068149416e-02 -2.083830839791971812e+00 2.176346664416795029e+00 8.201139009375468802e+00 3.230143920039485295e+01
1.146453802925582788e-04 -1.563104897300419225e+03 -1.302932616530872445e-01 -9.632136118937872915e-02 -1.836178817965800292e+00 1.644523002175033639e+02 9.462592509990819245e-01 6.048792534911301422e-01 4.708166513447501700e+00 -1.477921515677862452e-01 -9.438626490444690376e-03 7.018280040165867373e-01 -1.491060068849094478e+00 3.640620727172638738e+00 8.363324516540316722e+00 2.959882684974135714e+01
1.326052960900416672e-04 -1.562959363997606943e+03 -9.742016083383234215e-02 -7.105559049467598254e-02 -1.528022707732372920e+00 1.025788733489286386e+02 9.307988588044761036e-01 6.042901997185041729e-01 4.707758091918910814e+00 -1.584601025407208486e-01 -6.092514302722040753e-02 1.647021360202782780e-02 1.001018697502303212e+00 3.228502698493840306e+00 8.759230981092214208e+00 2.804255801694677075e+01
2.839600012271498229e-04 -1.562197907627415589e+03 -1.358826984530567272e-01 -9.129305418120881033e-02 -2.183858206790484147e+00 1.173216756772991403e+02 9.698682459398422218e-01 6.149022652635431907e-01 4.715404011493141034e+00 -1.491270209712931560e-01 5.499423919961654583e-02 1.938316991461734029e-01 1.122244414562885595e+00 2.369085728446407302e+00 8.716439676906384548e+00 3.119971343213334691e+01
2.010826713142196509e-04 -1.562543024891339201e+03 -1.268322298933400039e-01 -7.261895793473138738e-02 -1.873765917035729256e+00 1.240166473569947954e+02 9.798998264839569039e-01 5.971117474069205233e-01 4.707166688939023125e+00 -1.593149609783186538e-01 -1.275829384398452504e-02 1.781128183863693037e-01 -2.022739747419763034e+00 1.809990315439935493e+00 9.072423868212165843e+00 3.276191933228367503e+01
1.041346522959904860e-04 -1.563201056219596467e+03 -1.199196958117856315e-01 -1.060863254442940551e-01 -1.779787540511063915e+00 1.464280621116163843e+02 9.389416537668812124e-01 5.914487356101456594e-01 4.708864901952058091e+00 -1.721216670586620534e-01 -2.063136041222990436e-02 5.323312656491151484e-01 1.471238482578712592e+00 2.568542781488325488e+00 8.977220745785995604e+00 3.204521656659575513e+01
1.215233871316782720e-04 -1.563046634283970434e+03 -1.191590120805007535e-01 -9.289024968001718952e-02 -1.735272699609099467e+00 1.239703496786927843e+02 9.600580106138379977e-01 5.923709227154387857e-01 4.716336967027242366e+00 -1.599137737583955499e-01 -2.459559132581312646e-02 1.566997298178682274e-02 2.174776701203029461e+00 3.198357336339108237e+00 9.033372024599861660e+00 2.888293115343198991e+01
1.060381036411532803e-04 -1.563182942517076754e+03 -1.367758231131972479e-01 -8.512621428569963622e-02 -1.791070091829662259e+00 1.306532252186838718e+02 9.761782231761146900e-01 6.068453881017752405e-01 4.711227196470171741e+00 -1.531734164099516349e-01 -1.711405926193765303e-02 1.391359555378766585e-02 -1.866288820156370321e+00 1.218935558319644841e+00 9.094283963646976332e+00 2.551287307845806396e+01
1.696399892156952988e-04 -1.562713062533873654e+03 -1.310362492263839607e-01 -8.903869655903895453e-02 -1.863178719102804637e+00 1.213972186851628408e+02 9.758226151056683673e-01 5.917370719683374691e-01 4.715161012582830935e+00 -1.497328357941833943e-01 -7.755204631707535157e-04 1.657051487673760204e-01 3.992690583144934635e+00 1.600010162711940076e+00 9.023863075907300413e+00 3.321152135629179725e+01
1.190854487951059258e-04 -1.563066899722374728e+03 -1.252925636427887068e-01 -6.384587765644124391e-02 -1.762993935211607299e+00 1.127470316400973473e+02 9.709196602778114027e-01 5.920338359863301925e-01 4.705792113490507411e+00 -1.746519547720124521e-01 -6.809315057512144165e-04 3.111849612802947834e-02 2.172307904175227122e+00 2.944646653482041465e+00 8.345943151306656205e+00 3.281263096262987489e+01
1.341368432520374560e-04 -1.562947880517747308e+03 -1.355787230477220606e-01 -6.173654889899278519e-02 -1.710321108568392701e+00 1.422872371619434375e+02 9.842237553732758881e-01 6.004324233483522288e-01 4.715907842493253455e+00 -1.473668989748810887e-01 -2.837852159788090134e-02 2.252444552406438621e-02 -1.713262155973609424e-01 2.570282085069153233e+00 9.768474599155862137e+00 3.464189179573840249e+01
1.680731625001156060e-04 -1.562722341639231672e+03 -1.151513321287456482e-01 -7.047503858882013528e-02 -1.566666966544896011e+00 1.416068894622266612e+02 9.548432142110189202e-01 6.002137355757428683e-01 4.709041730892728594e+00 -1.480549904667154415e-01 -5.409771555269005106e-02 4.706037508990086327e-01 -3.704931174828772100e+00 1.730375207227741186e+00 8.332796851366230939e+00 3.060954213931177392e+01
1.467713014929772255e-04 -1.562857865411756393e+03 -1.429075123258629620e-01 -1.073915284588504160e-01 -1.905547424116694533e+00 1.633536078019801323e+02 9.664254171105726154e-01 5.771209620461492662e-01 4.701004123719711991e+00 -1.791290615696701227e-01 8.182712649356549406e-03 2.097240502995655898e-01 -1.517163175612893156e+00 3.219071810521612065e+00 8.894853534823443653e+00 3.337390375016702393e+01
1.041867999154779534e-04 -1.563200555573887414e+03 -1.087296902432089984e-01 -9.930258067010147571e-02 -1.900237589098384028e+00 1.271885257173155139e+02 8.933582486240392306e-01 6.176461258749202932e-01 4.709361960464008234e+00 -1.612641057499590858e-01 1.353909874815539816e-02 5.113467708864150030e-01 -2.705611808144141150e+00 1.841801371608720039e+00 8.224657432969294746e+00 2.977939206687096885e+01
1.115953672439377116e-04 -1.562348519056668465e+03 -1.282724225517407335e-01 -8.106851071576952339e-02 -2.080226823004441172e+00 1.059152745276488474e+02 9.485250982416030263e-01 6.128908185883006343e-01 4.713605374334029818e+00 -1.720059452930051691e-01 2.178921866207694791e-02 2.122738137794085572e-02 2.773304445842455834e+00 1.195878524501092777e+00 8.785395111684746183e+00 3.186948448905768672e+01
1.111046925809046126e-04 -1.562352925660397432e+03 -1.187953800619576672e-01 -6.593612647068182453e-02 -1.840578255918158046e+00 1.558220411894947119e+02 9.710607570910153585e-01 5.991920700613770912e-01 4.707644786226339306e+00 -1.640354602939535500e-01 1.038211933054777880e-02 1.094333743849782575e-01 2.307729882176062119e+00 1.529472818694421754e+00 8.269174522027578078e+00 3.007180915922036490e+01
1.117031064599934064e-04 -1.562347554077171480e+03 -1.360218589605657891e-01 -1.033533391974477134e-01 -2.440035687898158834e+00 1.051888427576669898e+02 9.524239354654534528e-01 6.026563323390026206e-01 4.710457100869931857e+00 -1.132588909195515470e-01 7.831476998783504229e-02 1.044382043968517942e-01 5.462678921088411244e+00 1.173040189075047479e+00 8.592244737689714640e+00 3.298635418941631059e+01
1.100431956478943731e-04 -1.562362525617184019e+03 -1.188997546217538670e-01 -6.554891538302361209e-02 -1.686694462874947620e+00 1.516660921049768547e+02 9.620993762388947435e-01 6.041276349431365933e-01 4.714910898503034353e+00 -1.483232595725552105e-01 -2.303886281237721434e-02 4.280393246184095446e-01 -1.770234139167712328e-01 2.309616004979808679e+00 8.907140163599947869e+00 3.597083018830127088e+01
1.094509321588037903e-04 -1.562367922252915605e+03 -1.226978718413105351e-01 -1.017714296721426159e-01 -1.792361678640045364e+00 1.211839644620995387e+02 9.421974319113440854e-01 5.948652631945863245e-01 4.700253776218352719e+00 -1.490312281735763911e-01 -2.708021211858202548e-02 1.017428708070632348e-01 -1.439017693369606832e+00 3.279891211565910680e+00 8.979907266612130456e+00 2.830341888380738524e+01
1.118307159864991251e-04 -1.562346412330128715e+03 -1.292196196391864615e-01 -7.876897386873894791e-02 -2.089043697505413633e+00 1.298093852509574049e+02 9.612085662108359463e-01 6.030233297734901576e-01 4.711679790866190487e+00 -1.551214789324573129e-01 2.741525157813895497e-02 2.255394737304593777e-01 -4.822350284922549690e-01 3.015782576410219740e+00 9.008995079340609280e+00 2.479961396768237591e+01
1.019818216966515825e-04 -1.562438604014861767e+03 -1.257287388469583433e-01 -6.434760399559322219e-02 -1.959638712424934814e+00 1.362762190653023424e+02 9.834978929197240038e-01 5.918369018052269670e-01 4.705444019822317969e+00 -1.709647275534029731e-01 8.350763030714247748e-03 1.003735115056405280e-01 -1.285767324881277318e+00 3.145871941939826222e+00 8.768961881171822625e+00 3.231715467033624378e+01
1.085686531724959296e-04 -1.562376015872589505e+03 -1.116768381333925475e-01 -9.837785071486804256e-02 -1.930994520195624231e+00 1.281020321837285678e+02 9.606245587553070564e-01 6.010648435385617105e-01 4.710710936563909712e+00 -1.443800837958741923e-01 8.808260600513539984e-03 5.973956197397058132e-02 -6.074754288890972020e+00 2.167199752363457854e+00 8.847551097235673012e+00 2.802175333353429210e+01
1.223778249146141128e-04 -1.562256285408936037e+03 -1.235302558027485675e-01 -8.206478260263035118e-02 -1.847256898026067740e+00 1.114794234084326092e+02 9.231441541414395768e-01 5.892229907871888717e-01 4.702621305755259939e+00 -1.520469459601287987e-01 6.923686278115015469e-03 2.233683855717626121e-01 -1.608540041226405037e+00 2.037146299650238745e+00 8.712066704462229083e+00 3.171133932043601789e+01
1.032275046089478810e-04 -1.562426463258536387e+03 -1.392296411080452545e-01 -9.745551264591520435e-02 -2.206948259023401526e+00 1.296493700664150026e+02 9.583102333999508060e-01 5.920522169957634917e-01 4.706186049318343834e+00 -1.594730085334763459e-01 4.593685084410692454e-02 2.203481557699533966e-01 -6.652272485293451609e+00 3.214762576598362287e+00 8.765995362255530665e+00 2.901633945501136225e+01
1.126073792656739079e-04 -1.562339491344825547e+03 -1.218722656715058306e-01 -7.416470907764528830e-02 -1.710297088636819840e+00 1.330786461360645774e+02 9.661623836964923218e-01 6.124446124699165495e-01 4.716291871670150293e+00 -1.495817966857271308e-01 -1.906335515101842404e-02 1.364976516413770324e-01 1.115140672687601864e+00 1.977539084741741782e+00 7.992193093684152316e+00 3.109377131778212799e+01
1.079205930376764310e-04 -1.562382002886558439e+03 -1.313702550933308066e-01 -9.887578805939760407e-02 -2.108407120250254785e+00 1.133826054791319677e+02 9.493942665059813546e-01 5.990332591497606884e-01 4.705950922142736914e+00 -1.611246282757046178e-01 5.917883938533385901e-02 3.314779151892731368e-02 -1.981229872211997645e+00 2.958382366092582316e+00 8.360101628837934840e+00 3.226475962888686411e+01
1.050884789743745067e-04 -1.562408595941382600e+03 -9.975127213455962927e-02 -8.399713556478601018e-02 -1.820337616727017771e+00 1.233244808014226237e+02 9.446723517066758502e-01 5.969049846330973796e-01 4.703677357170120032e+00 -1.440106105021290439e-01 -1.144017728139412604e-02 3.065343617979789936e-01 -5.651500886575604454e-01 1.818524312232505658e+00 9.011032501581528464e+00 3.114961951766881398e+01
1.080407539319994613e-04 -1.562380890086435556e+03 -1.422799903866777960e-01 -7.363277595207431969e-02 -1.819584912155189693e+00 1.186284581887316136e+02 9.717154303182039543e-01 5.856881640901547836e-01 4.706146558321589346e+00 -1.586731346084122585e-01 1.309697663443909477e-03 1.044697901248334976e-01 -4.488952248725070149e+00 2.404097448537978465e+00 9.353107332209287250e+00 2.609528622532975106e+01
1.060381412340910491e-04 -1.562399599741248494e+03 -9.163325528090623950e-02 -8.090652856385287250e-02 -1.640929276458926722e+00 1.278752182056231277e+02 9.051029654895439425e-01 6.267838116525497050e-01 4.712873292805936032e+00 -1.457143174016555243e-01 -3.292628823699206286e-02 5.072256840991411497e-01 -2.682488134981042549e-01 2.641735080629703525e+00 8.703792601249094929e+00 2.949777249067431129e+01
1.183315332150614490e-04 -1.562289908305178415e+03 -1.474659437119735794e-01 -8.228464546464385465e-02 -2.106075990918998997e+00 1.255400405291239991e+02 9.579161240627560581e-01 6.032804983612256589e-01 4.712308951333743501e+00 -1.497439158777578161e-01 4.903717628574644216e-02 1.944831340172494816e-01 5.457297840471341033e+00 2.986942205382980831e+00 9.154326792417343484e+00 2.916164724318892709e+01
1.076080877068505751e-04 -1.562384902784138148e+03 -1.127895419183483211e-01 -9.419603848116331335e-02 -1.805845934258303531e+00 1.375648682510800711e+02 9.478081651580052558e-01 6.083124645431751132e-01 4.708504785455074781e+00 -1.502878686857322954e-01 -1.291793719183287337e-02 4.737999628615763292e-01 -3.415817319986075518e+00 2.217448425641754817e+00 9.516446020409464523e+00 3.127934572165857929e+01
1.247891541579616381e-04 -1.562236773047229690e+03 -1.214187684896720909e-01 -8.556749306925920395e-02 -1.861204758874119625e+00 1.180709562206834278e+02 9.557992614282198041e-01 6.164213702148746421e-01 4.715169153904955834e+00 -1.659886921088107314e-01 1.558795161873627322e-03 3.412851936748375059e-01 -8.713057084515298811e-01 2.340646322810280289e+00 8.798395951757465028e+00 3.486153361290244845e+01
1.147272805935706507e-04 -1.562320840754734945e+03 -1.481436825775158950e-01 -1.046690924011221407e-01 -2.086709783082982828e+00 1.270199269408934128e+02 9.413080115346141863e-01 6.040726031031926624e-01 4.707937325510908266e+00 -1.558365455434456148e-01 4.451169664910281654e-02 1.951763209987378844e-01 -9.352458894247490662e-01 3.264533395282653849e+00 9.109894247096184117e+00 3.154501668631748501e+01
1.127214846308841501e-04 -1.562338478555136817e+03 -1.483735867523113261e-01 -7.722291752706855750e-02 -2.111180655213098500e+00 1.370304674222526842e+02 9.725905688283670303e-01 5.873517763351061571e-01 4.701202598418705136e+00 -1.521553704300706578e-01 1.436017374417164483e-02 1.269873681898019968e-01 5.456994258060262837e+00 2.107543412191770216e+00 8.568127926165569619e+00 3.379036460728912772e+01
1.024902211518011257e-04 -1.562433631202972720e+03 -1.237876312894203301e-01 -9.750457777310087004e-02 -1.636288234775526096e+00 1.243774886239706206e+02 9.555444822640827285e-01 5.839104712562539490e-01 4.702536052095440233e+00 -1.439797213077038673e-01 -3.554978951725606962e-02 9.975546118525152606e-02 2.294729860494925333e+00 2.702256749261722213e+00 9.177935695249161085e+00 3.223854713736174205e+01
1.126697537463975198e-04 -1.562338937587047440e+03 -1.287513261444850621e-01 -1.107921189160229608e-01 -2.305948414971176863e+00 1.037981468928635707e+02 9.374329247379498131e-01 5.967566035970623961e-01 4.700626264232887763e+00 -1.521041679659844714e-01 4.803221643032551391e-02 9.258475901074318670e-02 -1.640310474249446315e+00 2.361836305339370945e+00 9.018754509734216995e+00 2.920397311378653171e+01
1.022390501272843846e-04 -1.562436084893634188e+03 -1.306249535862431810e-01 -1.001999091389285529e-01 -2.194859519449514185e+00 1.181877521799109445e+02 9.426282637598444314e-01 5.898191133048305002e-01 4.700241664548594933e+00 -1.297918240078579366e-01 5.090231057736294140e-02 7.953006346999941245e-02 4.396800290436715386e-01 1.840256558298558609e+00 8.753115304454329504e+00 3.288621094921939658e+01
1.084356274871800692e-04 -1.562377241891740596e+03 -1.427655263850562684e-01 -1.016671683678938010e-01 -2.086722433477127936e+00 1.014462662002621585e+02 9.559979839397849677e-01 5.819807163697849894e-01 4.703638226431009706e+00 -1.801503051206412298e-01 2.179744590924803660e-02 2.629155048921318072e-02 2.147775232802047185e+00 2.137205481580584099e+00 9.086366543237467397e+00 2.666998927727437518e+01
1.074858932883067603e-04 -1.562386038979871046e+03 -1.176194372905162988e-01 -6.183093921456450648e-02 -1.457717878854268179e+00 1.264368203808196682e+02 9.721355602397155904e-01 5.958329367375720942e-01 4.705027179286181749e+00 -1.394593425450998403e-01 -5.338737018401928935e-02 4.394258220122911063e-02 -5.053050071164079782e+00 2.256062224517019210e+00 8.775991665009419407e+00 3.293487320735344070e+01
1.096802718103381059e-04 -1.562365829080139520e+03 -1.272821813105612376e-01 -8.166346728954221312e-02 -2.105471891212729929e+00 1.261277140657445841e+02 9.628104237836341284e-01 6.083582550016111146e-01 4.708657695868457616e+00 -1.543363774717780856e-01 3.081507140839878645e-02 2.067872030008940099e-01 9.571750653353205962e-01 3.244791268080082780e+00 8.266635291059643009e+00 3.435980566813645964e+01
1.116909152989583128e-04 -1.562347663222089068e+03 -1.316077455232944338e-01 -8.125398902997031658e-02 -1.525974537753189697e+00 1.261409728391159462e+02 9.635682767430074902e-01 5.873477828826420000e-01 4.697759551269584222e+00 -1.486127164287993629e-01 -5.520911247569615377e-02 5.854622616887877190e-02 -4.391939243851453512e+00 1.592422969110662834e+00 8.539667158798724955e+00 3.004737606540197703e+01
1.133288800664803401e-04 -1.562333104558963896e+03 -1.263705270215869092e-01 -9.872700918084467703e-02 -2.237320408810819394e+00 1.343134654525581766e+02 9.582218960646838868e-01 5.913934927532025210e-01 4.709007429227260566e+00 -1.467614463439135264e-01 4.482160758206577000e-02 1.314923812552253601e-01 -2.857815027828905841e+00 3.070188358406111817e+00 8.760280925398934215e+00 2.812921694913672610e+01
1.101423772336345650e-04 -1.562361624726256878e+03 -1.253156692657316773e-01 -1.017022873940374994e-01 -2.012925917671235965e+00 1.175437910952885261e+02 9.277129899139270330e-01 5.969827373165569329e-01 4.697994756506816749e+00 -1.510680833210329421e-01 2.543478482912830962e-02 3.884110005986363690e-01 -5.019294899628988560e+00 3.070020154645858312e+00 8.698652108888648371e+00 2.986990882370499278e+01
1.089065221226894885e-04 -1.562372908674523615e+03 -1.457037780772802715e-01 -1.002689082946464361e-01 -2.342182015242366688e+00 1.801825669335404427e+02 9.831839394541724841e-01 5.872382563323192972e-01 4.709136515475970342e+00 -1.431589037881364490e-01 8.237914896581566282e-02 1.777446374205854662e-01 2.734401143749266794e+00 2.475104013113682555e+00 8.822282842091855315e+00 2.635182383808010087e+01
1.041319239647409362e-04 -1.562417739998666548e+03 -1.148988514936116062e-01 -9.148204971970322341e-02 -1.840466467278743856e+00 1.396095657445740414e+02 9.481495144801685981e-01 6.207888606056386482e-01 4.718285812192867468e+00 -1.601828233578608263e-01 2.115551432607665205e-03 3.618865572756166937e-01 -4.643702472114483726e+00 2.474152034948606804e+00 9.111059474291472782e+00 3.382945761752087321e+01
1.076546443044751794e-04 -1.562384470228089867e+03 -1.300800444636211195e-01 -9.260524643455944616e-02 -1.844947583498290244e+00 1.639359439382160133e+02 9.800777983789276115e-01 5.857351681564439971e-01 4.704673602327529736e+00 -1.672091587331738793e-01 -2.303842244706899578e-02 1.436804090786595600e-01 2.035402021450721577e+00 2.019289333052842750e+00 8.912111328373995889e+00 2.564128704499102440e+01
1.198007968752896435e-04 -1.562277568256230097e+03 -1.265056573568165976e-01 -6.973871319461882878e-02 -1.872870053584217764e+00 1.365911556621888110e+02 9.610800296710987345e-01 5.837385082363182320e-01 4.701842621267729783e+00 -1.549118338852202292e-01 1.485090806215838555e-03 3.726041708005822239e-01 -4.129174879662201647e+00 3.314776223895643525e+00 9.259020757047986550e+00 3.295081735947569257e+01
1.094621553395626004e-04 -1.562367819717421753e+03 -1.135332829235135843e-01 -1.007233576091412786e-01 -1.922548402305823467e+00 1.188235543972289889e+02 9.429743810785629066e-01 6.058089846076557539e-01 4.714005508171830172e+00 -1.548359389039735134e-01 6.227324393054400886e-03 4.132925251165501801e-01 -2.811018196644141653e+00 2.836128697592754655e+00 8.203971709038082594e+00 3.599267598015343594e+01
1.111692616162576752e-04 -1.562352344674312917e+03 -1.102281204743560672e-01 -8.243572372111294955e-02 -1.624938563766900268e+00 1.079611955417655054e+02 9.427639019010080057e-01 5.976222262445612943e-01 4.708326122808383474e+00 -1.530635935780946255e-01 -2.465511860401692346e-02 1.439929305714443830e-01 9.974927829787816336e-02 3.524313270952150745e+00 8.274660198387074672e+00 3.310954272726640824e+01
1.114095090124426319e-04 -1.562350185910574510e+03 -1.428111598059497722e-01 -9.855191047076158894e-02 -1.982055679179359320e+00 1.323413944841584851e+02 9.539328552885607548e-01 5.968037046520588973e-01 4.701398616086054361e+00 -1.461139005712652761e-01 6.885996959631102143e-03 2.009397509839777607e-02 6.978546128530638271e-01 3.061452467736924810e+00 8.501352323859512339e+00 2.951786107191079012e+01
1.101013390371652535e-04 -1.562361997387939482e+03 -1.202059078398320935e-01 -8.541971266058079326e-02 -1.735404860224086798e+00 1.300221616394958914e+02 9.321191128792974956e-01 6.019833422542322232e-01 4.706542908360027866e+00 -1.565922782691147042e-01 -2.951374320119137806e-02 4.979490775781283407e-01 3.467387633808158398e+00 2.989202689680947600e+00 8.841760764311645815e+00 3.484835798510643912e+01
1.129814072030427638e-04 -1.562336175326454622e+03 -1.229870473535268488e-01 -6.515959895783000888e-02 -1.651853004791244750e+00 1.328509537824311337e+02 9.597155873976415119e-01 6.076641774497829607e-01 4.716054003988756627e+00 -1.618810849806808783e-01 -3.057258621190905856e-02 2.764851472121834242e-01 4.650886787663921496e-02 1.770323679841201425e+00 8.595883121858548748e+00 2.872234543034002385e+01
1.094485361424671327e-04 -1.562367944144392595e+03 -1.380610077946324288e-01 -7.759344835533925344e-02 -1.844132703365883419e+00 1.123590261219054867e+02 9.684227679053154514e-01 6.021831243833190017e-01 4.717183967697823554e+00 -1.709014433072884032e-01 1.281587465588063246e-02 8.650391870928848814e-02 7.961622650780668664e-01 1.943228113635786514e+00 8.911683072975407072e+00 3.091933324306628350e+01
1.161329188432673606e-04 -1.562308663206386882e+03 -1.066839998126268563e-01 -1.038598869477507236e-01 -2.001871548522103694e+00 1.167227717792985544e+02 9.568127216742666752e-01 5.910184768039494774e-01 4.702607164835036713e+00 -1.607890421921276403e-01 1.907361078941871568e-02 1.707620676433220797e-01 -3.599249646195403329e+00 3.487131965501988340e+00 9.011056338662948306e+00 3.254559697088499348e+01
1.050292964197036970e-04 -1.562409159268841449e+03 -1.340400509216110037e-01 -1.083032428422005256e-01 -1.922260530953614044e+00 1.263514867239965724e+02 9.694319197775639330e-01 5.894688034107302688e-01 4.708651713337863143e+00 -1.705285130347080624e-01 -1.395031403239332946e-02 1.921387291161589517e-01 9.051045826495851543e-01 2.628222129466339929e+00 9.237864432140030502e+00 3.295867629634241780e+01
1.151757774129907066e-04 -1.562316939132962261e+03 -1.111822802593007975e-01 -9.161640047360741779e-02 -1.753322286419500609e+00 1.171292082971777120e+02 9.479367367497356645e-01 6.023818085175767223e-01 4.714260725851751488e+00 -1.483228557591496077e-01 -2.319188148857254106e-02 1.173437750462550666e-01 -7.345452909951461606e+00 1.612849065513066726e+00 8.612079883187352181e+00 3.195335975546920082e+01
1.034693572186395102e-04 -1.562424123090253943e+03 -1.219320064765595929e-01 -8.387133725586852495e-02 -1.680766137210108591e+00 1.309009758690274907e+02 9.606371075598476583e-01 5.951605340637597941e-01 4.702766664310050970e+00 -1.753975240469061170e-01 -2.616035010847150843e-02 1.396973388983453468e-01 -6.514767765557451185e+00 3.237690017967143064e+00 8.913565123905620169e+00 2.972990766557881415e+01
1.205984335295339405e-04 -1.562270932298369871e+03 -1.311128452069223460e-01 -8.338726552151139171e-02 -1.917384674449650106e+00 1.447979653944370568e+02 9.621215541956885664e-01 6.060936426593606097e-01 4.711023484092288882e+00 -1.688010665231269858e-01 2.171128848800663036e-03 3.975716689801789272e-01 -2.815137912756824790e+00 1.613696632335348546e+00 8.574768124155029980e+00 2.869034246429624702e+01
1.114484490627484201e-04 -1.562349836449859367e+03 -1.399790549725931643e-01 -8.598549064988283974e-02 -2.094209619451175008e+00 1.052140149138563601e+02 9.457261886253121030e-01 5.971620890465363374e-01 4.702414252146788876e+00 -1.677350561698276454e-01 2.918146304740854013e-02 3.399843937889087536e-02 2.496604952013370848e+00 2.158664479272487391e+00 7.958016418652680279e+00 3.531524221515336137e+01
1.136710745264544011e-04 -1.562330089626914287e+03 -1.435308487752025020e-01 -8.021287283658901091e-02 -1.588234417181005886e+00 1.407316577305623753e+02 9.738023443265712009e-01 5.804267556792874760e-01 4.706649186420142073e+00 -1.504111981834823641e-01 -5.528449436350779678e-02 1.477398142670480474e-01 -4.578716406298269703e+00 2.387412775306074764e+00 8.332890450306384977e+00 2.857339223814647866e+01
1.133842557410416900e-04 -1.562332616050210618e+03 -1.201337421479916345e-01 -8.665022951720409428e-02 -1.783188220454267503e+00 1.203586721308899570e+02 9.501037184274341296e-01 5.894755065779972991e-01 4.701937112021283838e+00 -1.549844733461824831e-01 -8.037817929396062766e-03 3.095187519621959704e-01 -2.183427404232531899e-01 3.924152532862379417e+00 8.805833048125766283e+00 2.823494853448704589e+01
1.166764102901812029e-04 -1.562303994214501927e+03 -1.038706880553218748e-01 -9.316455927243315338e-02 -1.955460435481573445e+00 1.113777955817422338e+02 9.572268835381069207e-01 6.023805820076526540e-01 4.705308596879218541e+00 -1.670857823027638300e-01 -6.692982506544264965e-04 3.291486517774971227e-02 2.191206166839435809e+00 2.243501105246625826e+00 8.752659082866598439e+00 3.547917926763533103e+01
1.103006101329575010e-04 -1.562360189135781638e+03 -1.466944067177593791e-01 -9.365544045992317546e-02 -1.892968356478412106e+00 1.023970760387780530e+02 9.513447171654905166e-01 5.941367613276484771e-01 4.708249960964975500e+00 -1.575732090920201056e-01 -2.090781351789194886e-02 3.644552794082810132e-02 3.450269279301210190e-01 1.316683339010915610e+00 8.712745698528534533e+00 2.824383061759572300e+01
1.179104928521125837e-04 -1.562293472792122202e+03 -1.162641835327154344e-01 -8.908634805438513105e-02 -1.822220225030691587e+00 1.080662300470672506e+02 9.536989170986421849e-01 6.097849159367347838e-01 4.716047303650759304e+00 -1.547351942599211050e-01 -3.254447404468008287e-03 2.863602935167097185e-01 -6.320250029141789128e+00 3.092767280189923085e+00 9.257554285540315675e+00 3.218282480547951252e+01
1.114000902385265009e-04 -1.562350270456069438e+03 -1.356528019025778631e-01 -1.007841445007740255e-01 -1.880191308327103350e+00 1.465835240644061628e+02 9.734470515775505151e-01 6.046144199717182754e-01 4.716575207915266077e+00 -1.666387826435504760e-01 3.802536505506104447e-03 2.000590573926283311e-01 -3.542305756833343366e+00 1.958933714797495007e+00 9.183829474719962249e+00 3.544025093877623078e+01
1.071123055130191669e-04 -1.562389520725335615e+03 -1.299647807179997727e-01 -1.024514672075310107e-01 -1.986207514647449379e+00 1.334871509023364240e+02 9.619081880889238656e-01 5.923619094192613677e-01 4.705454839961804581e+00 -1.511070085181474010e-01 1.053720503218169569e-02 4.142876184029113396e-01 -4.102461734131992444e+00 3.145329716831235523e+00 8.852193781020311292e+00 3.568535697545793539e+01
1.052433287229318724e-04 -1.562407123508104632e+03 -1.316630826173035562e-01 -9.088601149146133262e-02 -2.024678779977890475e+00 1.323502829233789271e+02 9.563235178680349335e-01 6.104271059605022032e-01 4.712514179283010307e+00 -1.500027663617053975e-01 8.680889877803243948e-03 2.527774186059720818e-01 7.549344868232026329e-01 2.861187451362101619e+00 8.461745588438596144e+00 2.649072159379606362e+01
1.056471083616967451e-04 -1.562403294219894633e+03 -1.415408825790113456e-01 -6.775557081104162382e-02 -1.778351704718465154e+00 1.255902907039368728e+02 9.737434690908451929e-01 5.933114489596884589e-01 4.709111657448755039e+00 -1.597116395137279099e-01 -1.667106851312727400e-02 9.117961948946105843e-02 -1.234621736444069029e+00 3.733687178671729612e+00 8.199302936518048313e+00 2.845857137290508376e+01
1.040827293597786383e-04 -1.562418212536070541e+03 -1.175257662667698877e-01 -6.837893331622042770e-02 -1.702297446664983394e+00 1.105247331246332720e+02 9.561790497543839473e-01 5.997391301178467415e-01 4.715045085351777132e+00 -1.599490788024700016e-01 -1.740465363045551328e-02 1.541864090611477604e-02 2.966326985273326500e-02 1.456683109865464232e+00 9.242512330731923242e+00 3.702291674033608615e+01
1.102810821548383353e-04 -1.562360366194702237e+03 -1.388018111980327263e-01 -8.932085331727951383e-02 -2.292635123662619456e+00 1.657175330760675251e+02 9.738405053813099510e-01 5.902795084901708567e-01 4.706129719979802672e+00 -1.491823387684272362e-01 6.707471765967309985e-02 5.202195050888224204e-01 1.873290622835895647e+00 2.635636622918213767e+00 8.576366509606359045e+00 3.598321352885535873e+01
1.070075826667393748e-04 -1.562390498895607607e+03 -1.014104015960293204e-01 -1.007754788398472628e-01 -1.912997324983277236e+00 1.304370860575940299e+02 9.441875759940564494e-01 5.978734903705200665e-01 4.706826076994570229e+00 -1.784753784610839666e-01 9.178088520873428635e-03 2.964133830902089817e-01 -3.680658182902789122e+00 2.988860411523686089e+00 8.835110661337797211e+00 2.980674012931905281e+01
1.204118468126980031e-04 -1.562272480670114419e+03 -1.391386323181933449e-01 -8.116904149637717281e-02 -1.838601188372051221e+00 1.478508584903869405e+02 9.768885299565823743e-01 5.794211892552666443e-01 4.702659766745785674e+00 -1.748285002347853556e-01 -1.084536180995199217e-02 1.824047673994430574e-02 -1.672424378952541701e-02 2.594204243932862752e+00 8.595074150071880581e+00 2.386515365226782137e+01
1.120794051522326678e-04 -1.562344190998938075e+03 -1.488004522170580657e-01 -7.093770231469133380e-02 -2.133239770444637973e+00 1.178547923686565042e+02 9.683399519683851819e-01 6.000900237229052081e-01 4.714923099134633588e+00 -1.501673890415720081e-01 4.444917773517387261e-02 1.575604833658826032e-01 2.961166445002561431e+00 1.026135828254282067e+00 9.268505489002487607e+00 3.005851984410579192e+01
1.160576524386109265e-04 -1.562309311522180906e+03 -1.395271971960714286e-01 -6.183407657952399994e-02 -2.086329932344218818e+00 1.420433779723344969e+02 9.696773854223257327e-01 6.008696938003618149e-01 4.708590502727866500e+00 -1.418106506364509301e-01 4.469310216351929377e-02 7.548462539674494209e-02 5.818484342352917338e+00 1.750965745830668219e+00 9.157920826335930187e+00 3.466352523785343465e+01
1.150746778638231274e-04 -1.562317817303262018e+03 -1.362971043096961599e-01 -1.089756081135334898e-01 -2.214401426545984819e+00 1.078262257673424642e+02 9.277346417245175836e-01 6.077825382317023628e-01 4.706457736458466101e+00 -1.491538161021370712e-01 6.225089179983722687e-02 4.283073371595920442e-02 -1.506826165052729039e+00 2.441552971151561557e+00 8.710715214655273542e+00 3.575433782969638941e+01
1.132486507598403399e-04 -1.562333812743131148e+03 -1.236262530884776889e-01 -1.057872215217373069e-01 -1.973363978272967945e+00 1.183452420587680933e+02 9.395167091618178423e-01 5.857998686103637054e-01 4.700033176163994852e+00 -1.758470716185431826e-01 1.609832531147037393e-02 2.954016272979624880e-01 1.738425778107256292e+00 3.193103324332646764e+00 8.845399264109987669e+00 2.760953218788120367e+01
1.147068747249992165e-04 -1.562321018634690063e+03 -1.177747318340089666e-01 -6.869947591326082403e-02 -1.713587131048467604e+00 1.144979799723749920e+02 9.684073585383843330e-01 5.933791230054190624e-01 4.706274738173744865e+00 -1.630657124718002393e-01 -1.982680167323547238e-02 1.968759347087897793e-01 -5.193445176536386043e+00 3.238480354454842391e+00 8.909360171655666960e+00 2.883697747071556350e+01
1.052489116292916607e-04 -1.562407070461908233e+03 -1.432309283440139358e-01 -8.935076951590670280e-02 -2.035024179483476914e+00 1.276875480366201998e+02 9.614009572504178536e-01 5.931577034463710874e-01 4.702591676625969441e+00 -1.704012407102695192e-01 1.384270066547710343e-02 1.201223685698555727e-01 -4.235105515257487241e+00 1.918899079657032658e+00 8.671549421186753648e+00 2.670053072971034780e+01
1.030618507420989278e-04 -1.562428069292955115e+03 -1.003534985722172590e-01 -9.139298328644700209e-02 -1.805521264375749668e+00 1.438992301718913325e+02 9.080255939861913150e-01 6.107022143824238913e-01 4.705203660135124366e+00 -1.514579706019900662e-01 8.780622225486034438e-04 5.157124539570158150e-01 -2.932808147058580062e+00 2.036621552067519048e+00 8.561455925870987471e+00 3.240361273611358683e+01
1.087136812499939448e-04 -1.562374680944930333e+03 -1.209030942567407285e-01 -8.046911785171384501e-02 -2.115208674860223681e+00 1.238670833759680932e+02 9.537829275428045817e-01 6.036494384022652593e-01 4.708440054527025964e+00 -1.391941466504675873e-01 2.692214045822605151e-02 1.480288240588550908e-01 3.219030615842825682e+00 1.172324839075145064e+00 9.341906576610492507e+00 3.101722488057889748e+01
1.166242175340743585e-04 -1.562304441643704877e+03 -1.490345376567521474e-01 -7.272315725284485277e-02 -1.979701435414009225e+00 1.146385143031910445e+02 9.642398701614047773e-01 5.990925342701642897e-01 4.708623135167222529e+00 -1.398968510860885139e-01 2.890715451156644633e-02 4.084824772041183855e-02 2.718660651363649094e+00 8.965899540067656659e-01 9.091249590632122235e+00 3.115742346303551713e+01
1.201897267618610976e-04 -1.562274327043025778e+03 -1.269026961869241521e-01 -1.096503655960212320e-01 -2.084197316741188910e+00 1.158767851293095532e+02 9.309691487836523338e-01 6.068483978488994346e-01 4.707267829629842915e+00 -1.615037730674511174e-01 1.173137805742285877e-02 4.931429109815993472e-01 -1.433954432210612140e+00 2.850807036056113297e+00 8.907578644682946134e+00 3.000866677514646597e+01
1.022920122125882837e-04 -1.562435567005682287e+03 -1.125683646888945566e-01 -9.040103249439870869e-02 -1.574380524855044872e+00 1.313092263414755791e+02 9.260780452848349498e-01 6.062411455995846410e-01 4.707956155668973963e+00 -1.643732293577730985e-01 -5.224368058781925228e-02 4.551011673837433436e-01 -3.593182903001377326e+00 2.968019942401256550e+00 8.973124228426554438e+00 3.070724335070029554e+01
1.031293107745316731e-04 -1.562427414948371734e+03 -1.158636050722440802e-01 -9.954962247791303287e-02 -1.868594766311472588e+00 1.210851028073890916e+02 9.813572674702766285e-01 5.928290712088514214e-01 4.712555464607354416e+00 -1.539829313888514406e-01 3.537147507071125574e-04 2.186275869456712206e-02 -3.427043724170886208e+00 2.302648546677721342e+00 8.964196939269308828e+00 3.435867309992934793e+01
1.155844556556396809e-04 -1.562313397113052815e+03 -1.415616892048992825e-01 -8.890837042854125849e-02 -1.957331641328850180e+00 1.531859610370436826e+02 9.752671984863252597e-01 6.010486087314098613e-01 4.710768190515185694e+00 -1.822234298616816073e-01 1.093781386715875215e-02 1.037402415623549408e-02 -3.685447461767552113e+00 2.212644293808851970e+00 8.981796616070901962e+00 2.910870319476765999e+01
1.090180233736768060e-04 -1.562371885372990846e+03 -1.475505182749382305e-01 -8.083869293153352065e-02 -1.898543414208158087e+00 1.546402383468737582e+02 9.732813646236336824e-01 5.882047906691976191e-01 4.714985270933075512e+00 -1.664765985625848987e-01 1.644364510369022980e-02 1.828198217000525094e-01 -3.660557995275951271e+00 2.403757863223776603e+00 9.138581218749109780e+00 3.224801809963062738e+01
1.090499997114398979e-04 -1.562371592103601415e+03 -1.441455907444208484e-01 -1.084749086547208002e-01 -2.069445165157139499e+00 1.162250234900580210e+02 9.358367563497468344e-01 6.113638206666036634e-01 4.714219889779781347e+00 -1.592016677648953049e-01 2.511392846124560485e-02 3.550514992341754494e-01 2.673579248730476365e+00 3.356307549214676555e+00 9.165914901624660160e+00 3.024420340018984987e+01
1.144247792088637339e-04 -1.562323480936635860e+03 -1.220509438679866082e-01 -1.043565354315423716e-01 -1.847333605021220571e+00 1.277651006205707063e+02 9.434083741616383634e-01 6.050662522491365714e-01 4.712634376502826683e+00 -1.478778578086767936e-01 -1.134215943416805317e-02 2.929585115485589530e-01 -2.361412967611443037e+00 2.564837969905919834e+00 7.936930799288699490e+00 3.277101019607808752e+01
1.052080979821241365e-04 -1.562407458319245507e+03 -1.402133615242427966e-01 -1.257348182320943697e-01 -2.161937722484784441e+00 9.937414354330002197e+01 9.316089450919384785e-01 5.975672931131896792e-01 4.707488199192852996e+00 -1.631593217023079578e-01 4.883979001098848194e-02 2.347927299771753462e-01 1.482747416062721868e+00 2.015117587407466715e+00 8.167535804507796371e+00 3.397964539444686949e+01
1.067147776452839774e-04 -1.562393238947740883e+03 -1.299047172762335667e-01 -8.680405283074150991e-02 -1.747812413337895610e+00 1.169825138066268408e+02 9.483543364755088190e-01 5.952965399058263163e-01 4.707039909733567562e+00 -1.602126813136139916e-01 -4.109034110699649744e-02 9.022785786654417828e-02 2.113258406197502381e+00 1.905262033139121236e+00 8.157657725263224080e+00 3.299126376350935885e+01
1.099759717910405452e-04 -1.562363136689934890e+03 -1.492460229472147848e-01 -1.154329499292468253e-01 -2.353062009000991495e+00 1.071638401498568385e+02 9.672266495003404296e-01 5.886754976008972129e-01 4.708175341168912453e+00 -1.623022347548612743e-01 6.815352099324578639e-02 4.913763843635001599e-02 4.683597127569697705e+00 1.331805909521865949e+00 8.668313322593657944e+00 3.325536287317043360e+01
1.025193792796772168e-04 -1.562433346746752022e+03 -1.485946432640664894e-01 -8.354975771708385290e-02 -2.581703813241850387e+00 1.076266147837314264e+02 9.622537932712826869e-01 5.887354413379969342e-01 4.701665247034148898e+00 -1.250451536024801413e-01 1.126165663009737194e-01 1.195589840883592297e-02 4.157795714812380083e-01 2.155005416266786433e+00 9.494600631436478366e+00 3.095315527690834045e+01
1.113107954443871058e-04 -1.562351072345915554e+03 -1.428771862707396700e-01 -9.027173123826373602e-02 -1.989075459631794995e+00 1.186926938543427639e+02 9.768755644304130126e-01 5.865309500099249451e-01 4.709215124704067001e+00 -1.527368185316753113e-01 -6.837307542618464851e-03 8.980446172664702242e-02 7.667318927528867789e-01 3.016097690938024378e+00 8.757557964011230212e+00 3.315475733560801785e+01
1.038967555227800763e-04 -1.562420000922907548e+03 -1.380358862742362691e-01 -9.230033034246992729e-02 -2.009187711675816779e+00 1.165470320162315971e+02 9.469422040664984275e-01 5.886723254097308011e-01 4.702268917670121340e+00 -1.680892407480445438e-01 1.337698034362189148e-02 3.280852344087298311e-01 1.914916894086019283e+00 2.382469267799947055e+00 8.385021100348666323e+00 2.626271030863436096e+01
1.328183000001520410e-04 -1.562174416564848343e+03 -1.194670138662404651e-01 -7.568499557763594399e-02 -1.793039575615776871e+00 1.541124207567822566e+02 9.507123665805414792e-01 6.125719233757116466e-01 4.715984699762046262e+00 -1.436977877944680682e-01 -1.400915871694774495e-02 4.117581936502143769e-01 -3.170390333359790702e+00 3.597992013512296694e+00 8.676360812762018426e+00 3.370050657094670044e+01
1.172129248173031169e-04 -1.562299406442529289e+03 -1.254180501921272894e-01 -1.071922879862099443e-01 -2.057728795620221263e+00 1.141915506746871500e+02 9.273715978323376907e-01 6.144830128649838574e-01 4.712883986400864700e+00 -1.392537401597460089e-01 3.003549402604765994e-02 4.976559888764175987e-01 3.596878246702885917e-01 3.302242219133555423e+00 8.571158413873348536e+00 3.378552496252174109e+01
1.069019895575790656e-04 -1.562391486164355229e+03 -1.405636397541013272e-01 -8.458386141013501947e-02 -2.051578874983717604e+00 1.159480234280868132e+02 9.455950667482126981e-01 5.945642887078583794e-01 4.698439198974714515e+00 -1.540708081703741072e-01 3.126196923476243228e-02 2.672013025426083210e-01 -4.109442417994841890e+00 2.990637144096308653e+00 8.923688339727121388e+00 3.400830969510349178e+01
1.034868836596597864e-04 -1.562423953716854157e+03 -1.228714441480912301e-01 -6.613528898259499189e-02 -1.618801156781142225e+00 1.882633630739213402e+02 9.753482027591131587e-01 6.006463764667568928e-01 4.710664045933328659e+00 -1.582676781695702140e-01 -3.152049289100755658e-02 3.747147194819640259e-02 -1.855895490914605261e+00 3.292731697159489990e+00 8.419618572085063590e+00 2.766788285330179420e+01
1.041625642743295425e-04 -1.562417445796836546e+03 -1.268063263353571279e-01 -8.994683791860341726e-02 -1.939354137595231231e+00 1.351830808385474256e+02 9.419563000801042252e-01 5.905499505774978175e-01 4.704503070380432916e+00 -1.761416395661252743e-01 8.618365751374090777e-03 3.082774954875914242e-01 1.612676577234623210e+00 3.708597800358370833e+00 9.219648981007132704e+00 3.315710485653910666e+01
1.135217629962440662e-04 -1.562331404030601789e+03 -1.180508593405078799e-01 -9.284803065928548538e-02 -1.592359736597070086e+00 1.075715282910760493e+02 9.631499916935426509e-01 6.051774845969601913e-01 4.710273187294070851e+00 -1.423151500754675780e-01 -3.108166831617453774e-02 3.646005193902711328e-02 -9.932399546705710236e-01 2.405532663340870236e+00 8.970319873908060515e+00 3.364407389537693405e+01
1.066902470064517880e-04 -1.562393468845223197e+03 -1.365355867575589188e-01 -7.970098957742181855e-02 -1.786504707842909934e+00 1.335923185108443363e+02 9.664682082726484547e-01 6.019131682762894897e-01 4.710459381870234274e+00 -1.777118328321343199e-01 1.207786738668614746e-03 6.058516652921171891e-02 -4.716830356621500187e+00 2.919686550846956052e+00 8.656080119833209352e+00 3.229436220488835119e+01
1.106424820750084951e-04 -1.562357094472703693e+03 -1.291422519733308183e-01 -9.881790194846729047e-02 -2.391043090615377231e+00 1.193595536812981805e+02 9.501957539083328852e-01 5.936590934853469559e-01 4.708027524090179661e+00 -1.396906343973389752e-01 8.011492516656515406e-02 2.622837559190869805e-01 4.059876385624704653e+00 2.116261584159673248e+00 9.632674311477739337e+00 3.260459115493319615e+01
1.036557307255688899e-04 -1.562422323467049637e+03 -1.367798870465259664e-01 -8.486433454598028836e-02 -2.167492466048193123e+00 1.377029755358671252e+02 9.551108586399141842e-01 5.885950448716411598e-01 4.703431580907128762e+00 -1.390189718645666872e-01 6.120583931172207670e-02 1.962293507959291250e-01 4.501155086096275681e+00 1.874432789162550073e+00 8.812447164923465692e+00 2.792150866739384441e+01
1.033843736076428137e-04 -1.562424944768600653e+03 -1.376714255723409386e-01 -8.426656245483675478e-02 -1.923532577248068920e+00 1.445800161112373132e+02 9.676511255473517759e-01 5.781535718534338564e-01 4.704598118269363027e+00 -1.626043894227366948e-01 1.670887770513318493e-02 8.458317122858799442e-02 -2.110732867968692972e+00 2.111902274846033656e+00 9.191323838112941402e+00 3.869561033088864122e+01
1.070953867447579401e-04 -1.562389678691355584e+03 -1.160366675131782876e-01 -7.795088738508208770e-02 -1.940300372218127567e+00 1.321266018472552446e+02 9.534379967084324337e-01 5.863389157288041442e-01 4.699274240450344031e+00 -1.658459095911672954e-01 1.478034668480421310e-02 3.896398679770937679e-01 -3.543422274792703774e+00 2.825549935462245976e+00 9.390245596808789230e+00 3.108701282246128983e+01
1.114554706207747956e-04 -1.562349773449100667e+03 -1.124060465867450509e-01 -1.100923184344763384e-01 -2.010277868248451671e+00 9.999776492458319410e+01 9.201417304725163504e-01 6.187357745914230378e-01 4.714567369573543942e+00 -1.572876056153083013e-01 1.976973986540087047e-02 2.348384334411042773e-01 -1.190411498678798807e+00 8.756077857963173727e-01 8.447883164183988214e+00 3.503621793930411599e+01
1.241821022220685356e-04 -1.562241649538979800e+03 -1.389727350949085394e-01 -8.178674327619873952e-02 -1.856099167442753384e+00 1.432841467488220246e+02 9.800057446906159653e-01 6.037148793412232539e-01 4.706334928203545154e+00 -1.678579339609558296e-01 5.907935083173221358e-03 1.136570550068610741e-02 2.302281737185239763e+00 2.610445317635434748e+00 8.705559703998000387e+00 3.157432279657157537e+01
1.126270565946214225e-04 -1.562339316617289569e+03 -1.147809418336350196e-01 -9.086574440859598867e-02 -1.757114833375961638e+00 1.110991952896692254e+02 9.414584656423340414e-01 6.109496419025718383e-01 4.704698810128485675e+00 -1.549375676164053139e-01 -5.767692762329357237e-03 2.642170625575017695e-01 5.131553808991782262e-01 2.079690846690018802e+00 8.734786069245714657e+00 3.069107762937672845e+01
1.139525361189192064e-04 -1.562327616581740131e+03 -1.433256293932068937e-01 -7.542887889756369479e-02 -1.842296397863255164e+00 1.363794893421342920e+02 9.739742095243203446e-01 5.889005954617800853e-01 4.708948182262965076e+00 -1.643191857719616955e-01 1.055908910206948548e-02 1.091038277962502329e-01 1.668066416457236301e+00 3.304980809169633105e+00 8.638603759164475093e+00 3.716213642166332676e+01
1.132265383350178968e-04 -1.562334008017721544e+03 -1.282512553896955898e-01 -8.682086279934776718e-02 -1.835509385775033975e+00 1.141427236060429351e+02 9.635390205068774527e-01 5.900476067346138720e-01 4.714934330659139583e+00 -1.551439868748087925e-01 -1.475711657845613090e-02 9.937393791566319357e-02 1.378399352406944445e+00 2.566002147520896060e+00 8.345711203124771771e+00 2.894792927835732144e+01
1.549496895493981681e-04 -1.562020298112924593e+03 -1.294589930842209025e-01 -8.698504629577576142e-02 -2.231079568319643158e+00 1.341565294946410347e+02 9.694539456692747859e-01 6.133262562649621774e-01 4.717236066607869205e+00 -1.309856704816954043e-01 4.883287761918508885e-02 6.309192040212284469e-02 -2.903271400849178008e+00 2.116272307656097418e+00 8.996226639997772168e+00 2.938392533772560355e+01
1.078590503067761858e-04 -1.562382573308602105e+03 -1.179002463258221056e-01 -7.383726472767981885e-02 -1.749982600941172306e+00 1.109938060015699648e+02 9.516729166990182121e-01 5.905906013804165244e-01 4.708157361705224808e+00 -1.611463691322698732e-01 -1.477946576284905333e-02 9.665806839098729786e-02 4.928320562300513075e+00 3.475222553761314614e+00 8.605276591996059210e+00 3.068857415892289708e+01
1.025784489492780012e-04 -1.562432770732156996e+03 -1.323406602510951435e-01 -7.765944350233096316e-02 -1.831332677380661522e+00 1.018129319974767952e+02 9.466114561429018748e-01 5.954981163681800638e-01 4.710502911529011350e+00 -1.672511677344816761e-01 -1.456600425170329061e-02 6.773247436561895263e-02 2.350842392081062826e+00 2.434370743607194854e+00 9.224983917959894697e+00 3.811531035249593202e+01
1.252758092642336106e-04 -1.562232880812875919e+03 -1.241326195551069739e-01 -1.077610107908290316e-01 -2.067211568067999217e+00 1.210936509419038600e+02 9.540484596180505150e-01 6.090917280630174790e-01 4.716015083749727665e+00 -1.663259849815372782e-01 2.883321186128062763e-02 2.577573768904993790e-01 2.284733842724904207e+00 2.059263845687664407e+00 8.762152094104248334e+00 2.665100122725094778e+01
1.155739883352604065e-04 -1.562313487677085050e+03 -1.258755551111006288e-01 -9.715524053927475367e-02 -2.224886233892938048e+00 1.357067757309579861e+02 9.659953000958566571e-01 5.982615602937271237e-01 4.703612281858356781e+00 -1.448073917135739297e-01 6.993657969386823936e-02 4.741491963591795700e-02 8.464589883153621486e-01 1.818495664836272674e+00 8.413690246571459141e+00 3.429142066175394632e+01
1.310983879303972077e-04 -1.562187450499397073e+03 -1.256190646902420327e-01 -1.150945351160592434e-01 -2.004605955909521064e+00 1.203799075254611779e+02 9.075244766363358417e-01 6.025814064764234423e-01 4.703244217644428460e+00 -1.626352162047857153e-01 1.132332636471322651e-02 6.703341951168168000e-01 3.488170720370959543e+00 2.828425656861033310e+00 8.572305624584885209e+00 3.252208594406835829e+01
1.508325821271558006e-04 -1.562047228099515905e+03 -1.352804507127136069e-01 -1.080108344227103112e-01 -2.328639745826110996e+00 1.094267041091684405e+02 9.249568130300231950e-01 5.982145245125459754e-01 4.697611564016343166e+00 -1.373827388085651080e-01 6.529152344174504741e-02 3.285880142013703487e-01 2.706418521133997501e+00 2.115510214904192665e+00 8.995676407203667679e+00 3.063686192827375265e+01
1.110101684127563385e-04 -1.562353776789164158e+03 -1.105992849253991106e-01 -8.092044780710024032e-02 -1.922619763159431505e+00 1.382156326660583261e+02 9.733545059557813239e-01 5.915508060526319944e-01 4.702973926130161075e+00 -1.590086526869312067e-01 2.468260670240862709e-02 1.106505983350471317e-01 -5.543054676854211493e+00 2.342529384675162696e+00 9.147283568418430377e+00 3.303773258491781917e+01
1.211093695223670733e-04 -1.562266704575909898e+03 -1.111713664757943698e-01 -9.462294390985506731e-02 -1.976035932834173225e+00 1.283052185384716779e+02 9.244648594863267288e-01 6.053296654243229824e-01 4.712422202007674699e+00 -1.573830622349206010e-01 2.240998526969595339e-02 3.496521101060936498e-01 6.496315168670889761e-01 2.928425062479478314e+00 8.120932717956330649e+00 3.233949662467405517e+01
1.283393082671120515e-04 -1.562208720991141490e+03 -1.183521084240223842e-01 -9.506090159967860165e-02 -1.812716002284190164e+00 1.360045481788603183e+02 9.562125092010147487e-01 6.002315279674450554e-01 4.710718875602767142e+00 -1.658997413172293989e-01 -1.656390927426976134e-04 4.792928802877314265e-01 -9.129321191967676441e-01 1.796112697067142605e+00 8.348912917057639049e+00 2.968727804310933394e+01
1.465513535507436944e-04 -1.562076022690386708e+03 -1.310015008468768394e-01 -8.067100009775975133e-02 -1.981923267630453456e+00 1.287841623242663900e+02 9.751058948450680441e-01 6.036062714210237434e-01 4.715093186126809499e+00 -1.659417553952582391e-01 2.053719533800113517e-02 7.238613046093621273e-02 -4.449018822124003236e+00 3.603335506436100566e+00 8.442568299721342484e+00 2.832682875080949714e+01
2.556705222313859533e-04 -1.561519509000581820e+03 -1.481548524149600143e-01 -8.735661168719639769e-02 -1.970104860808687297e+00 1.067072430412170831e+02 9.601797240058047578e-01 5.852284097753717163e-01 4.709150011206578945e+00 -1.719649903027140603e-01 4.655459292700614427e-03 4.229260328711854228e-02 -1.066919582104048914e+00 1.452358968962563779e+00 8.707786313755573104e+00 3.431599824259745901e+01
1.169924202213084685e-04 -1.562301289445337034e+03 -1.099440370731138428e-01 -1.027750378289540717e-01 -2.058238739174803378e+00 1.017923039789253608e+02 9.240991391801349764e-01 6.013201761105053667e-01 4.701952329278497267e+00 -1.441013553435599448e-01 1.143797088857234634e-02 1.059198837759198070e-01 -5.241252874857877941e-01 2.125608924947619549e+00 8.727544196632464946e+00 3.391232326378079875e+01
1.945216837246974541e-04 -1.561792854952312609e+03 -1.298331880579719211e-01 -9.127008014421419957e-02 -2.355166178040218661e+00 1.054366175575732569e+02 9.555946759207586405e-01 5.978982848759759605e-01 4.708231944842461658e+00 -1.180552856387666605e-01 7.875317532591896708e-02 2.013964172924457424e-02 5.237544988767524501e+00 2.065192748392563615e+00 9.383942529119337905e+00 3.032103066479818665e+01
1.582449259716735355e-04 -1.561999254596462833e+03 -1.324127929649193680e-01 -6.740974528643173258e-02 -1.732090874985555251e+00 1.338218640755078184e+02 9.711238921841548466e-01 6.182830075585779017e-01 4.720709430331847756e+00 -1.531838554908429018e-01 -2.079627577306464303e-02 1.042797438557973855e-01 -2.715395374372519655e+00 2.097540194918146028e+00 8.796590458902574738e+00 3.019985788823176165e+01
1.250006206774562925e-04 -1.562235079890893303e+03 -1.295024896184980012e-01 -9.198753507617812852e-02 -1.879548164598212612e+00 1.422971675411896229e+02 9.625702012197888680e-01 5.989268505485916272e-01 4.711772866016961103e+00 -1.553075864629973601e-01 -1.282408332744000568e-02 2.340917904970543639e-01 1.290014670094564053e+00 2.950126371560002347e+00 9.838803864720468084e+00 2.866646567468900031e+01
1.318114258147735668e-04 -1.562182026284739777e+03 -1.270970875888909335e-01 -7.929220003997279609e-02 -1.993191466406955215e+00 1.402017208248471434e+02 9.594028572944020006e-01 5.922303451988444323e-01 4.704901811662278277e+00 -1.521460051868519514e-01 5.051625229767209291e-03 4.339610741022465468e-01 1.960152139299680130e-01 1.625166526650567711e+00 8.544013788185257141e+00 3.507976798260725815e+01
1.480682225855787452e-04 -1.562065725462633736e+03 -1.346788831621318350e-01 -7.257028675172409737e-02 -1.628113203736913261e+00 1.181686955257939928e+02 9.578230012755384326e-01 5.919016240461956180e-01 4.710506853372330660e+00 -1.395957271180017223e-01 -3.088286676570950462e-02 8.316000365462022925e-02 3.289653774000896647e+00 2.801135713011659867e+00 8.895395450181919017e+00 3.131551677530453048e+01
1.256826618754813233e-04 -1.562229638420094034e+03 -1.076642867161703987e-01 -7.852172635563732517e-02 -1.879693506627515331e+00 1.599336081929740772e+02 9.811270359770136729e-01 5.845718025589026201e-01 4.706828257204328736e+00 -1.766458399781440924e-01 -6.027649314541250192e-03 1.051000190323893579e-01 -3.057041308225052489e-01 2.505979586732598463e+00 9.229443160396421320e+00 3.245765107447040521e+01
1.679064786775994042e-04 -1.561939991443738563e+03 -1.211157329944006211e-01 -1.029908163628137918e-01 -1.947219792970165120e+00 9.302380866489531286e+01 9.241794829247320653e-01 5.854266965023608993e-01 4.698626634288332937e+00 -1.620031291271288865e-01 2.769450422165919967e-02 9.459348601619511909e-02 -7.159766846280888331e-01 2.899541033641206411e+00 8.792371939578046636e+00 3.438013015661589833e+01
1.761664175094604422e-04 -1.561891969491288364e+03 -1.068897173024051517e-01 -6.692754802616397714e-02 -1.721782657491093271e+00 1.188789045413707015e+02 9.217781747334702347e-01 6.042815489581698785e-01 4.701371250732639950e+00 -1.511595071998255158e-01 -2.342419551619112639e-02 3.609200584423191693e-01 -1.881014558071200327e+00 3.011510140982887052e+00 8.750508151113333355e+00 3.256813431871974274e+01
1.877338663951069297e-04 -1.561828373237968663e+03 -1.223128076204060416e-01 -1.209854430482245335e-01 -2.080603381471954005e+00 1.027914729640515930e+02 9.094624012945552449e-01 6.020060979711758797e-01 4.703181861774330841e+00 -1.566090021555779366e-01 2.207724253250376023e-02 4.023124653788335836e-01 -5.740127262619921567e+00 2.685380725364283627e+00 8.657969755125671796e+00 3.043833244148796879e+01
1.151779571095856903e-04 -1.562316920208184683e+03 -1.228551844885865663e-01 -7.088325762350070058e-02 -2.030377205315225808e+00 1.058297888550584105e+02 9.685981636025163821e-01 5.977766680772851338e-01 4.704441329500628655e+00 -1.593849039960619773e-01 3.969453120401778001e-02 6.270177124683781744e-02 -9.918702938090007137e-01 3.115148922107957574e+00 8.335297187456847112e+00 3.109843074702001076e+01
2.397212867368835086e-04 -1.561583921650361390e+03 -1.468906707632020303e-01 -8.454208978805095864e-02 -2.404099818665640598e+00 1.364110683738978480e+02 9.584785439783970462e-01 6.008708649523090140e-01 4.711177511125238304e+00 -1.260722902322193306e-01 7.528504596357521450e-02 2.213706844263565177e-01 3.248129962278710536e+00 3.117553011030005372e+00 9.076487667285082495e+00 3.402221291564733008e+01
1.095513619484739411e-04 -1.562367005095429931e+03 -1.238332594825355543e-01 -7.622546338847645264e-02 -1.999683038216700570e+00 1.027935314958719459e+02 9.582143672170212456e-01 6.055138134195958699e-01 4.711223176843834182e+00 -1.621753998055257551e-01 2.611368031683647395e-02 2.256458821855322205e-01 -3.844472201498660979e-02 1.537541772300587972e+00 8.316956845986434033e+00 2.798678481667360529e+01
1.479803514005001452e-04 -1.562066319089459739e+03 -1.180009800670632630e-01 -9.155521936895294477e-02 -1.959594018590436137e+00 1.168421082561714002e+02 9.626156289917905395e-01 5.918419811002464392e-01 4.702619897000355209e+00 -1.694893295828294733e-01 2.289504189303692705e-02 2.558916023328809408e-01 -3.248801590165157904e-01 2.233964896220075325e+00 8.489388402778130782e+00 3.651687874792908417e+01
1.196975852144232833e-04 -1.562278430154889747e+03 -1.333402063070434351e-01 -9.032331871932069989e-02 -2.296026051805789781e+00 1.212208447683226495e+02 9.418419333968305329e-01 5.970632397928440360e-01 4.703334167195476923e+00 -1.496312112352464752e-01 5.939811740945577512e-02 2.938875013460995889e-01 6.965795970455587849e+00 2.521515040047384026e+00 9.379441937416132191e+00 3.251859934871625768e+01
1.257741520067932937e-04 -1.562228910739392632e+03 -1.182486466281117421e-01 -7.467992337884994669e-02 -1.680832874254838405e+00 1.246994155866213845e+02 9.440194312600486137e-01 5.948293170116607520e-01 4.705922795756450228e+00 -1.382041305751715576e-01 -3.845187691216711556e-02 8.396619295029898733e-02 -4.624597486938171187e+00 1.968962151893571821e+00 9.111405513861136285e+00 3.334824131951974380e+01
2.328961599956436200e-04 -1.561612805904630250e+03 -1.330774515882220677e-01 -7.609350568304626417e-02 -1.791613741684849659e+00 1.494153513454212714e+02 9.825815421693840923e-01 5.903400327290115879e-01 4.701415762386419672e+00 -1.441289218635852798e-01 -1.160486398047200218e-02 2.532767388896949023e-02 1.431514500557341307e+00 1.743610234598236275e+00 9.395945458720134980e+00 3.442973630108148342e+01
1.333840998460270987e-04 -1.562170165658784299e+03 -1.403744794275101626e-01 -8.409681685550926544e-02 -2.091766893752434520e+00 1.161532561208409220e+02 9.541940824223171802e-01 5.959274421959419588e-01 4.709766964629029218e+00 -1.458367485934080054e-01 2.993139207689821113e-02 5.053740222813699612e-01 -1.892900924456199618e+00 2.021942893503769767e+00 9.003287788821756621e+00 3.235361304837591945e+01
1.114201276835311883e-04 -1.562350090603044919e+03 -1.190254904824533666e-01 -9.002672947481044075e-02 -1.954497403752899043e+00 1.312504389884876161e+02 9.418613684968443200e-01 5.911615567458330389e-01 4.702804709936725835e+00 -1.594275132998512756e-01 1.836718445087037743e-02 3.904796327463969097e-01 -4.511552523915014490e+00 3.949310700179786693e+00 8.445634974659665062e+00 3.187262316480343571e+01
1.882956492603871785e-04 -1.561825385263568478e+03 -1.278373383144704167e-01 -8.786875670006108474e-02 -2.161341002271760292e+00 1.110140346305967256e+02 9.500930421947477722e-01 5.884839045977958705e-01 4.701704229851720207e+00 -1.474350050824415614e-01 3.255645471833057414e-02 1.898141340162893265e-01 6.403058959360549807e+00 2.518750541683378863e+00 8.474277694558329799e+00 3.232390678035279308e+01
1.906669835577661908e-04 -1.561812870228876363e+03 -1.448062457561093419e-01 -8.748879572010898054e-02 -2.303073804813134728e+00 1.288659431026636639e+02 9.697088122671797539e-01 6.008365080862759777e-01 4.711107867588824050e+00 -1.444899225700062573e-01 6.842855050692642216e-02 6.575811068586136232e-02 3.825880701902519831e+00 2.992826148851768231e+00 9.523282740262484225e+00 2.640264174737272285e+01
1.289400041355668572e-04 -1.562204051381646877e+03 -1.256972934858795465e-01 -8.113335042682552622e-02 -1.914260419556984560e+00 1.296141053322000403e+02 9.494756781097747345e-01 6.052947586023982307e-01 4.712072855972140317e+00 -1.656380212052637191e-01 2.491452375815716991e-02 1.290729703389502103e-01 3.746703045233402918e+00 2.393395407319864887e+00 8.571886772381965613e+00 2.816161223642510336e+01
1.995290131483994631e-04 -1.561767438938531541e+03 -1.112816343398898844e-01 -9.393799905842653564e-02 -1.763956820827416117e+00 1.055771907718994527e+02 9.172536773644233143e-01 6.080599972797294805e-01 4.712508784523963712e+00 -1.573403435442144449e-01 -2.056366124873010293e-02 1.884807116756146705e-01 -8.241672095076410187e+00 2.175191757639249879e+00 8.908249199858220280e+00 3.299282717862028846e+01
1.806319190974037606e-04 -1.561866937229048290e+03 -1.319084310854259923e-01 -8.799232444383880969e-02 -2.009548546494664301e+00 1.316199072143034812e+02 9.475767036424900258e-01 6.068633010153248186e-01 4.710626268170279296e+00 -1.526025993127189118e-01 2.645028347076006092e-02 4.227899173103278896e-01 9.793370179718863255e-01 3.161225484757945736e+00 9.632551510155963115e+00 3.311346573207985244e+01
1.143765165755393200e-04 -1.562323902810418303e+03 -1.280325414479939750e-01 -1.152977342569381780e-01 -2.154851247086253530e+00 1.068229193435869462e+02 9.172268413186976943e-01 5.957100255915641629e-01 4.700008124929485831e+00 -1.595914241905918018e-01 2.357991020836847085e-02 3.563704512866222029e-01 -8.163365225112499957e-01 2.800830663421183253e+00 9.186312087510085433e+00 3.355956890623523492e+01
1.078750381579998647e-04 -1.562382425090475181e+03 -1.426001755456835218e-01 -1.003997423346663365e-01 -2.001299207864820850e+00 1.359425850399768763e+02 9.605826255706786387e-01 6.047740349086418998e-01 4.710943823325402846e+00 -1.491042060720204621e-01 1.854628820176640325e-02 4.425793992597169824e-02 1.652402166210862333e+00 3.419859815523063062e+00 8.570898089476198578e+00 2.612605655386046521e+01
1.394832343130298410e-04 -1.562125454183700185e+03 -1.334863885883364742e-01 -8.627866400761530219e-02 -2.047273931102205680e+00 1.287253730386355812e+02 9.339183814158363850e-01 6.075665318169741758e-01 4.713890408666351561e+00 -1.549957578420686488e-01 3.094371711762544663e-02 5.614479878525879819e-01 2.508773831566799117e+00 2.101537775232698024e+00 8.923458071689704951e+00 3.037079588070379543e+01
1.354277241153484690e-04 -1.562154960496955027e+03 -1.381573883366316868e-01 -8.097622800050136016e-02 -1.658035560851522705e+00 1.458258298179617896e+02 9.799861439867295632e-01 6.030516829914280841e-01 4.714473554032382552e+00 -1.451749682936429586e-01 -3.268852125233312478e-02 2.355065606789782245e-02 -3.665744002783554834e+00 2.337688906561163904e+00 8.912906570328171796e+00 3.877277208027440736e+01
1.528612039011505066e-04 -1.562033868247977580e+03 -1.320683313296953376e-01 -9.031888643164141806e-02 -2.090369025178799411e+00 1.401994566256169890e+02 9.753469211397778338e-01 6.069900168579738242e-01 4.721737629891330279e+00 -1.382213963772249699e-01 3.131043581774184403e-02 8.442044866845961615e-02 3.743194356393871658e+00 1.671944002485825642e+00 8.542301462926559452e+00 3.487872817597326502e+01
1.123358180546123327e-04 -1.562341905832982775e+03 -1.263314763466822088e-01 -8.989000043661041217e-02 -1.611868075054744498e+00 1.257692476307001357e+02 9.590376871122306968e-01 5.929053637802839116e-01 4.711563297819370888e+00 -1.667629893395423668e-01 -5.550164925833467322e-02 1.073652350874118866e-01 -3.226937627571601297e+00 1.573338025634307691e+00 9.109471245436374431e+00 3.179299627230303216e+01
1.216646809324599870e-04 -1.562262129849924804e+03 -1.264346771800695657e-01 -8.845739487181956962e-02 -1.931558816228233777e+00 1.437737135076465904e+02 9.550817519342150730e-01 6.069240388514078877e-01 4.708418712533990913e+00 -1.551568360569641758e-01 -6.193752027731536103e-03 2.801680975887058112e-01 3.186742454587118800e+00 1.986094617490552494e+00 9.498452310922944619e+00 3.342725311691619083e+01
1.082207360525708667e-04 -1.562379225599964684e+03 -1.050758824027475113e-01 -8.282367005260818371e-02 -1.833007539840670885e+00 1.177144729831843222e+02 9.496397675820495987e-01 6.011502736749601006e-01 4.710746599651622901e+00 -1.683828035010699331e-01 -7.809598055353195178e-03 5.785833324815275319e-02 4.294772541666191046e+00 1.552148722376078815e+00 9.621511856393816231e+00 3.293952190047488671e+01
1.436226076120749001e-04 -1.562096209514755856e+03 -1.273250838796750606e-01 -6.485005997400956901e-02 -1.895450220915816608e+00 1.560558773767208152e+02 9.784902898763635504e-01 6.108524467154140547e-01 4.716055590498047678e+00 -1.596843911314391740e-01 8.078185404459148344e-03 4.645346821461033421e-02 -8.165057833915909669e-01 2.107527605437864437e+00 9.838371149363922541e+00 3.238876329933981424e+01
1.064170457457235826e-04 -1.562396032825149632e+03 -1.304048520285287227e-01 -9.537241159014803182e-02 -2.033832308776545084e+00 1.250635099089784035e+02 9.311253917146057324e-01 5.966972800108925057e-01 4.704329002887735811e+00 -1.582253118144474335e-01 2.510986381060753558e-02 1.184058873328425049e-01 -2.771046266735453401e+00 2.354982885371281753e+00 8.066286550483470208e+00 3.046366807444089631e+01
2.022700684826127010e-04 -1.561753794816467689e+03 -1.251156701904381219e-01 -1.045730438964261183e-01 -1.883730719542012322e+00 1.394838633681843874e+02 9.460930414229875574e-01 6.057533579658662681e-01 4.713185106733462248e+00 -1.516850046367821392e-01 -1.426795052064444569e-02 1.610723728349362227e-01 2.352909181289845719e+00 2.645177671779630479e+00 8.872046835523894615e+00 3.125217223869958261e+01
1.118212460391993619e-04 -1.562346497014807710e+03 -1.068910241098872393e-01 -1.125590171279239882e-01 -2.092638132544760055e+00 1.017997934601398526e+02 9.116157593218635613e-01 6.189929801866282943e-01 4.709594871368248725e+00 -1.401141783993438139e-01 4.388454251192452915e-02 2.377590016422020669e-01 2.837573783689435913e+00 1.473484192528129455e+00 8.728598779072394009e+00 3.327124717401241583e+01
1.605168446474675885e-04 -1.561984999705465270e+03 -1.343030354182620789e-01 -8.768891766021344458e-02 -2.289469282248564497e+00 1.287334126588691561e+02 9.671638049767559142e-01 6.088666709444523484e-01 4.719226601450060343e+00 -1.292209546784435226e-01 5.264803663255168686e-02 1.965088472606350833e-01 -3.945859044215183076e-01 2.559959796866628778e+00 8.732646767353745787e+00 3.175329277138116879e+01
1.149402299756326475e-04 -1.562318986339693311e+03 -1.450414462327384302e-01 -1.104179172581973012e-01 -1.911476322048940135e+00 1.357267597751701658e+02 9.802113944580139737e-01 5.797680324943889074e-01 4.705263243301232912e+00 -1.606879855817244795e-01 -5.945304840859755302e-03 4.847105687975255400e-02 -3.009719789747009600e-01 1.145352284695477785e+00 9.113400646508672764e+00 3.009639410120212943e+01
1.369248079996372150e-04 -1.562143966665164271e+03 -1.499438721821888809e-01 -8.880320583044487570e-02 -2.384756657901295984e+00 9.763050036725918801e+01 9.621806220435926704e-01 5.937865622071041294e-01 4.704841684911571953e+00 -1.454322351754542275e-01 5.576224751422476089e-02 5.925361137588956717e-02 -1.600237025791670931e+00 2.691016754410746614e+00 9.068259550003897829e+00 3.098229264641316760e+01
1.427142304741552798e-04 -1.562102554351077742e+03 -1.151591722068324580e-01 -6.981305957711536614e-02 -1.634037765177358326e+00 1.291764568586517612e+02 9.528882691325555321e-01 6.005167991256465942e-01 4.706184632786152733e+00 -1.451118227310637110e-01 -4.639911274335450919e-02 3.233794923418721323e-01 -8.723133621305976249e-01 2.112591508522720929e+00 8.690967333378484483e+00 2.852196071466939031e+01
1.038066630042110231e-04 -1.562420868434139265e+03 -1.418528965774910888e-01 -1.161567409349929941e-01 -2.023945838492025473e+00 1.229471107734198796e+02 9.413034115950356107e-01 6.019498362492834431e-01 4.703001583065081093e+00 -1.553964938437197851e-01 2.269567281951356819e-02 1.432737650244551852e-01 2.922676720341684131e+00 2.956946793845061094e+00 9.326414158536188381e+00 3.126647876249732860e+01
3.463293171208503421e-04 -1.561216008487617728e+03 -1.361397134994413727e-01 -8.509140612859457387e-02 -2.467279839250144047e+00 1.230632617804710094e+02 9.724776652874222993e-01 5.877749879871577710e-01 4.701228049675311382e+00 -1.386887999469426092e-01 7.459267177020523221e-02 1.585689993869151410e-02 2.235258264211040569e+00 2.438858238028585035e+00 9.154320667688619295e+00 3.208422359566176851e+01
1.514023780581788905e-04 -1.562043457545601541e+03 -1.207785598606089389e-01 -9.165473190143717808e-02 -2.161265058932416494e+00 1.232966677704439320e+02 9.589523695984346618e-01 5.899144047332243179e-01 4.699872824916786485e+00 -1.528691687964882640e-01 3.424584256437812613e-02 2.651245243838980525e-01 -1.805698894691090572e+00 1.739108191129767889e+00 8.591473936100157971e+00 3.053779265788791975e+01
1.438063114550872101e-04 -1.562094931258770885e+03 -1.121985792385354619e-01 -9.273251390902642610e-02 -2.101853581297531637e+00 1.274831232696441390e+02 9.528572611125747382e-01 6.042158610488534976e-01 4.707797459086705771e+00 -1.465700641504028567e-01 3.990736715516329802e-02 1.972712679944665926e-01 -4.479783436704252608e+00 1.950012320394489684e+00 8.929424414399921517e+00 3.457886712532265250e+01
1.706011095664369663e-04 -1.561924070454660068e+03 -1.368542630463518428e-01 -7.600409739705253631e-02 -2.110596516238017806e+00 1.274345861028349134e+02 9.578077383360054098e-01 5.936382344073405370e-01 4.707273900305400716e+00 -1.602204516622416364e-01 1.742899369527362019e-02 1.703926445703516923e-01 -9.139965442720949795e-01 3.152418234971032795e+00 9.273258613825774432e+00 3.235058235299370466e+01
1.157349419669496319e-04 -1.562312096000097426e+03 -9.977176419234161375e-02 -9.402390681976363629e-02 -1.797158019337689705e+00 9.430144841485306983e+01 8.833294976647370067e-01 6.064308851291814184e-01 4.705630205348020567e+00 -1.618726761751010379e-01 -9.901931521856255358e-03 3.412935858102910114e-01 -3.569294129058590670e+00 2.877925486136634348e+00 8.170791213987671497e+00 3.283552424442248707e+01
2.691411360449423237e-04 -1.561468162682279853e+03 -1.194508725475332267e-01 -6.959759838424582623e-02 -2.036889012902459939e+00 1.278428094144996408e+02 9.757317748605951468e-01 5.876488733102964712e-01 4.703496985474039604e+00 -1.643258003353356145e-01 3.841691059435881073e-02 2.930733492321643818e-02 -3.351524011512623247e+00 1.578323907205025911e+00 8.705223683948881686e+00 2.894742154934870726e+01
1.291731750432519791e-04 -1.562202244647315410e+03 -1.188405591979710962e-01 -9.319260010110042014e-02 -1.698903125513036905e+00 1.391000437495411290e+02 9.514813340749636028e-01 5.911698720106670635e-01 4.710299377055374492e+00 -1.626038969774106224e-01 -2.834168019039418063e-02 2.118301946674197578e-01 -2.727400679319060828e+00 3.562507200090325732e+00 9.263313127531702662e+00 2.855580962605308670e+01
1.575134889832694243e-04 -1.562003887494666287e+03 -1.264424913766176994e-01 -9.049653537682536553e-02 -1.667150272929962318e+00 1.277881189243434505e+02 9.595875898642145518e-01 6.032782115397989919e-01 4.718216483268527384e+00 -1.552032964718244035e-01 -2.795918664770358220e-02 1.671401948631425285e-02 -6.914700901379546849e+00 3.355130492408209264e+00 9.117351734997392043e+00 3.185292410850149025e+01
1.145631042234068764e-04 -1.562322272793835509e+03 -1.102894120581534992e-01 -1.119959064739659421e-01 -2.100583514744315039e+00 1.081351344027819579e+02 9.021745700271055490e-01 6.061626428353468210e-01 4.701551863094243444e+00 -1.551402513578907794e-01 3.811297384876510819e-02 3.336203229891686051e-01 3.614623139878773372e+00 1.686370367006584381e+00 9.204522991653863784e+00 2.843670709073276015e+01
1.182989953235451117e-04 -1.562290183315270497e+03 -1.071434330478383268e-01 -9.066941635297356972e-02 -1.918398721522643235e+00 1.223215376936177137e+02 9.551243164566339816e-01 5.944918210735570252e-01 4.707716895466186102e+00 -1.514652121027642018e-01 1.565594832577876794e-02 3.377581696844234038e-01 -1.195345452518893126e+00 3.484885081911359705e+00 8.784610920001156842e+00 2.984947610731747503e+01
1.361829814261589200e-04 -1.562149399160512985e+03 -1.060632105710852952e-01 -6.135054704907134948e-02 -1.659018276396277081e+00 1.252273999171224972e+02 9.514510821338669766e-01 5.964012236869645767e-01 4.709334174218025026e+00 -1.595604281563196558e-01 -2.693878833116469806e-02 2.216702764384627100e-01 1.916432086841837190e+00 2.033803661363076110e+00 8.810242394760358309e+00 3.342096069995259455e+01
2.856296355572475899e-04 -1.561408702602564063e+03 -1.241957485352223750e-01 -6.595228141645048670e-02 -1.736897612996447071e+00 1.353935368536022281e+02 9.691031070746409792e-01 5.956625326610499593e-01 4.710940471794625495e+00 -1.499263142314899433e-01 -1.596820683855293410e-02 9.134334666620470833e-02 -2.236784903825565607e+00 2.871481293870825624e+00 8.284024750644825019e+00 3.723776844940274344e+01
1.056045037533043029e-04 -1.562403697574061198e+03 -1.374564517770449912e-01 -8.251507684053346892e-02 -2.200062368809021507e+00 1.289511344911315405e+02 9.603240705851450176e-01 5.891443822312498746e-01 4.699164455485794534e+00 -1.435938794301365729e-01 3.923795109977779028e-02 1.987979716993483192e-01 7.353143800719237788e+00 2.003554500825566187e+00 9.279626000790241136e+00 3.252842540149514150e+01
1.067615386375773474e-04 -1.562392800857053771e+03 -1.262733776769878746e-01 -9.237813814958370506e-02 -1.819853373377181782e+00 1.340843373398330129e+02 9.747926920510160409e-01 6.035132925088528832e-01 4.715633014116354715e+00 -1.783727163081103573e-01 -8.640414637915094787e-03 1.423462765300637645e-01 9.552582835444809461e-01 1.658255310615475153e+00 8.561789903902772281e+00 3.175266341266191716e+01
1.025056908488963955e-04 -1.562433480276088630e+03 -1.438256451239550704e-01 -8.358428785633234548e-02 -1.829246489750897542e+00 1.086483845779062136e+02 9.630589131744696774e-01 5.825838222031862745e-01 4.703685175863933310e+00 -1.629646533174289313e-01 -3.420303745421682251e-03 7.319751142025204826e-02 -9.360163517030400726e+00 2.672752105895570551e+00 8.525416638141436465e+00 3.328546118164599221e+01
1.208338850570714275e-04 -1.562268981841997174e+03 -1.194779746222389138e-01 -9.493523968378012046e-02 -1.703185941254561353e+00 1.226565729396210855e+02 9.401881339638094026e-01 6.123181045222632068e-01 4.712846107722022282e+00 -1.523834327899886709e-01 -2.639794121180205622e-02 2.005596204475443567e-01 2.069228328948099715e+00 2.429825269496976858e+00 9.707967243132831214e+00 3.213229323076583199e+01
1.333637452098147044e-04 -1.562170318272097802e+03 -1.234113162719362999e-01 -8.101697874638391639e-02 -1.818195931221861406e+00 1.291874247669004774e+02 9.735058418269887381e-01 5.886309395534805589e-01 4.704808782327450700e+00 -1.735646735097660098e-01 -5.670637576579151684e-03 4.518497078876500261e-02 -4.009178913599612315e+00 1.543942767131101235e+00 9.252720573078242694e+00 2.578897596475893295e+01
1.400015330384618974e-04 -1.562121745220778848e+03 -1.326294643247597493e-01 -6.359790180017443895e-02 -1.661042664727500950e+00 1.335025936080041618e+02 9.588639819475541781e-01 6.032798445692433287e-01 4.712384157029661402e+00 -1.477795373089234587e-01 -4.807794258727859926e-02 4.791138198322431735e-02 -5.423305627357166259e+00 2.917045237328386165e+00 9.243974091707297447e+00 3.022737756977889134e+01
1.046863149027415038e-04 -1.562412430191979638e+03 -1.094198257287219700e-01 -7.273165424601535367e-02 -2.271474566132902773e+00 1.503341637162472466e+02 9.770634081574222085e-01 6.067916917855953329e-01 4.715193078030134544e+00 -1.366057261393218702e-01 5.890791183860932811e-02 4.126717309441180204e-02 6.433935676387534386e-01 1.876605019417332265e+00 8.873219672829947058e+00 3.135203598947877879e+01
1.089913210512362288e-04 -1.562372130337927047e+03 -9.633781834342425299e-02 -8.047743882673845384e-02 -1.641800385538757068e+00 1.168716451464278663e+02 9.406369161487250219e-01 6.149873639731131547e-01 4.708555265635247622e+00 -1.515882204983172166e-01 -3.441382814238491683e-02 1.472029466756769600e-01 -2.476792428700861137e+00 3.007553852596989152e+00 9.325548118887860838e+00 3.226042466569001022e+01
1.479565449463134477e-04 -1.562066479978179814e+03 -1.321543542360643919e-01 -7.278161582675617136e-02 -1.872996471906951843e+00 1.287382633316611589e+02 9.798158191057375621e-01 5.951625645569009748e-01 4.714942477100989571e+00 -1.735478984516418688e-01 5.711970683495382062e-03 8.620758936080807899e-02 -2.943761429718563249e+00 2.852781373448909363e+00 8.780162223162136570e+00 3.601606030204163034e+01
1.161112712287103491e-04 -1.562308849627537938e+03 -1.204210241777343426e-01 -8.646331087275906102e-02 -2.013604114438570569e+00 1.121408261097143537e+02 9.563247010306791251e-01 6.181551362311280551e-01 4.715001603661805873e+00 -1.522273376010119250e-01 1.484637010515288402e-02 3.164916311609715649e-01 -2.395112421623082355e+00 2.425059729406431330e+00 8.937074903448859686e+00 3.312655934712849159e+01
1.359089776042583558e-04 -1.562151413214257900e+03 -1.286355768563974544e-01 -6.350538763409747933e-02 -2.260889469729007839e+00 1.341773786446772192e+02 9.686105293867002253e-01 6.087210529969138140e-01 4.715099939010768182e+00 -1.313874936044434616e-01 6.774227407458632833e-02 2.619670202266004971e-02 -3.529610935033531405e-01 2.750732839724046030e+00 8.720165432098635705e+00 3.275715952058566671e+01
1.153352009209307916e-04 -1.562315555914388369e+03 -1.368289166908475407e-01 -9.131198400005813287e-02 -2.190681357170362276e+00 1.013010463324347796e+02 9.614803204895727706e-01 5.878533775441008302e-01 4.702624538364588602e+00 -1.429820975483360179e-01 4.443739173545346866e-02 6.041359163403205168e-02 -7.437034819328118829e-01 1.821810339595497652e+00 7.752485801815089950e+00 2.907826416987868612e+01
1.902543878939862165e-04 -1.561815036533295370e+03 -1.022053094047844918e-01 -7.786513613768267228e-02 -1.647071479227991908e+00 1.363414710911333145e+02 9.502054082160850124e-01 5.991062311411106123e-01 4.710615906075746651e+00 -1.546854624357929531e-01 -3.686733615297743683e-02 1.839984540712739369e-01 -1.474736666455299883e+00 2.651927603690151791e+00 9.101500851790955693e+00 3.566780801650393329e+01
1.034996172513302819e-04 -1.562423830678959121e+03 -1.104613634442906250e-01 -1.018221500885875541e-01 -1.763363450553684153e+00 1.313674713570833035e+02 9.530251370655018484e-01 5.993744145220103459e-01 4.710201806706889371e+00 -1.648288563842523757e-01 -4.645045030615246873e-03 7.185228906171978180e-02 1.323344419815128958e+00 2.359674503320308148e+00 9.510990203804080778e+00 3.071874527471285532e+01
1.219932808940758713e-04 -1.562259432625025056e+03 -1.366212835661269887e-01 -1.007123655893015501e-01 -1.803838731821998609e+00 1.043647430323038776e+02 9.473371241583044000e-01 5.997602025994390740e-01 4.715846113366898962e+00 -1.552774981166331614e-01 -2.092696091562240568e-02 4.756920579013539790e-02 -3.905751629002907066e+00 2.401742780571258784e+00 9.340489645346728764e+00 3.538661397314357515e+01
1.668105373711630131e-04 -1.561946539931985626e+03 -1.348720297718142835e-01 -8.260203756048675738e-02 -2.392202483037330296e+00 1.247757541988604402e+02 9.808158040461520955e-01 5.841728077671326513e-01 4.702398930382599929e+00 -1.394898205553416481e-01 6.479600939903784607e-02 9.126102539702776739e-02 3.805008728913094274e+00 1.940117954131626021e+00 8.784184547317996916e+00 3.437472276568165341e+01
1.145642825504476889e-04 -1.562322262508491121e+03 -1.226099538386149629e-01 -5.435443200358697213e-02 -1.469089375686317700e+00 1.183238785697796374e+02 9.534429814045296547e-01 5.969145153434585183e-01 4.706693092310308302e+00 -1.339841982732292713e-01 -5.400451427463304199e-02 1.221528759556508442e-01 -6.196696986901940818e+00 2.363864281880179163e+00 8.823920242710059370e+00 2.922996914366937560e+01
1.336756099799627363e-04 -1.562167982549621911e+03 -1.252390340933780821e-01 -7.423153844705969451e-02 -2.020815466599521493e+00 1.333369401335107796e+02 9.518176148036568973e-01 6.121672317235720140e-01 4.716882538792672719e+00 -1.466849309640225751e-01 2.431413565620554884e-02 7.177303923969394206e-02 -7.477455117660269934e-01 3.542904249493883384e+00 8.510484674438156816e+00 3.164540143574201636e+01
1.035707810693717095e-04 -1.562423143339567105e+03 -1.140388104332017705e-01 -9.086706731170783591e-02 -1.912990893975655915e+00 1.186286514879860334e+02 9.045312990814922127e-01 6.119143151072508058e-01 4.707003996813833524e+00 -1.628729663442718412e-01 1.091050860881637163e-02 7.335058489458761155e-01 2.148057668548773336e+00 2.634846839302595889e+00 8.879807480231761474e+00 3.087261393127371889e+01
1.029738914537430092e-04 -1.562428923118536659e+03 -1.302038437635812118e-01 -7.421073864972872747e-02 -1.999436325587697683e+00 1.339224112511346902e+02 9.502964664361760461e-01 6.098229946037125870e-01 4.717618562125939441e+00 -1.595206337675993957e-01 1.441108341640018331e-02 4.602705437183627346e-01 2.080532973487692061e+00 2.457922888098429404e+00 9.040442669571714163e+00 3.156095363556843481e+01
1.249515620367015387e-04 -1.562235472435105976e+03 -1.239363315894259215e-01 -7.186630366023530336e-02 -1.579402981285985774e+00 1.295092353085170487e+02 9.347451254531025100e-01 6.012142109578131333e-01 4.709479098354032445e+00 -1.425717206532088888e-01 -3.925330550521000106e-02 5.285172781034842560e-01 -7.479754476454161249e-01 2.658315412811584899e+00 8.948672923239197274e+00 3.026687018607898594e+01
1.584083947829634459e-04 -1.561998222118259719e+03 -1.264846914268758227e-01 -9.149676558439057139e-02 -1.732850310859544551e+00 1.618707665813285530e+02 9.671762738787527125e-01 5.932042547543334710e-01 4.709331904056871743e+00 -1.619554691252731438e-01 -2.684855099070482254e-02 5.732292316616129924e-01 -2.119505156023649306e+00 1.874461582775377444e+00 8.382598645426785566e+00 3.341653463841598182e+01
1.035520554758969074e-04 -1.562423324155877253e+03 -1.330664437656641219e-01 -9.242592213577098537e-02 -1.863854243661933641e+00 1.162814912403737537e+02 9.537482845572058388e-01 5.833262878535689921e-01 4.703026702773707157e+00 -1.711689403181568814e-01 -1.243933432351074231e-03 1.349183135197788430e-01 -8.917458485355467701e+00 3.043410490571885063e+00 8.475946966043368391e+00 3.064521511232143425e+01
2.208242217010487126e-04 -1.561666031585483552e+03 -1.356931437804489715e-01 -8.481669690668532102e-02 -2.416065908744529533e+00 1.462263523818976978e+02 9.795086164876889434e-01 5.830577397459717481e-01 4.700277951737778181e+00 -1.279271663997381125e-01 8.502887254298308051e-02 2.047679125981519965e-01 2.804248615319124838e+00 1.661201462403005813e+00 8.937474182727056515e+00 3.094387160622291688e+01
1.824017922001706471e-04 -1.561857186690352137e+03 -1.491928315675125349e-01 -9.574799663341035383e-02 -2.476954364987038915e+00 1.212352513586491938e+02 9.650894782817760476e-01 5.725560090998595975e-01 4.697546754438110206e+00 -1.350294065739567895e-01 9.346092854382304083e-02 2.562785006111219926e-02 3.814808185804594132e+00 1.958792593443003938e+00 8.322386969765060982e+00 3.169737948552153739e+01
1.208135755830524490e-04 -1.562269149933762037e+03 -1.231065105541874205e-01 -8.070795665910514283e-02 -1.821590478212845809e+00 1.125239507823715570e+02 9.387163975779474479e-01 6.088683451693996940e-01 4.712460672521789462e+00 -1.716520215431198704e-01 1.438435024007755914e-03 3.893035982489601032e-01 1.023761039630016967e+00 2.941237225532300492e+00 8.962914410853839442e+00 3.006360224737236564e+01
3.125447460098944785e-04 -1.561318650947445121e+03 -1.136966107754219524e-01 -8.740319351923675484e-02 -1.854924175099872619e+00 1.207878487141515933e+02 9.711814731533062739e-01 5.966564636933282539e-01 4.707942740699594175e+00 -1.548237353629264845e-01 -5.924062933825524624e-03 2.194727172069291798e-01 -1.098729797007251818e-01 1.721664203363726386e+00 8.479405414621886905e+00 3.168121343337793050e+01
1.210177760453887277e-04 -1.562267461149330302e+03 -1.399194027326069178e-01 -9.860193675127208734e-02 -1.889544310331959798e+00 1.133222447189302926e+02 9.605992772067704077e-01 5.887877703305093302e-01 4.711920407030707025e+00 -1.584239718968569743e-01 -2.247932353553405704e-02 1.280286135299736963e-02 -3.356809454852651697e+00 2.391269024214937033e+00 9.095633378571887917e+00 3.394510121407068226e+01
1.564592807763000651e-04 -1.562010602804210066e+03 -1.381882512105182259e-01 -9.205947424899454945e-02 -2.073455734703813835e+00 1.444899749435180922e+02 9.557258104344037442e-01 5.946268417163542708e-01 4.708111020927834289e+00 -1.630879299000551619e-01 4.195731397970070553e-02 2.964199950826266194e-01 3.529101929737151977e+00 3.784037291413078208e+00 8.869863628767070907e+00 3.042845074516886683e+01
1.046468466864715314e-04 -1.562412807277162301e+03 -1.303375536668426593e-01 -9.479485286893324369e-02 -1.939654617415740967e+00 1.291488871769012690e+02 9.683000734284570310e-01 5.972487843914313643e-01 4.716393243442762895e+00 -1.634139695686425142e-01 9.104918763428226924e-03 2.064030092997158339e-01 -7.379339289070372843e+00 2.431321148551490730e+00 8.611409303221906342e+00 2.962423495861343881e+01
1.570133552307678248e-04 -1.562007067726708328e+03 -1.397026602702205467e-01 -6.929966424294549399e-02 -2.410575199302702920e+00 1.348739706041937154e+02 9.801196983361357695e-01 5.894063490784828829e-01 4.713009309561078553e+00 -1.307038318541735578e-01 6.778848931733483241e-02 5.964187436224337863e-02 5.429265518028415727e+00 1.685222995671864510e+00 8.851874859510221683e+00 3.116066711195797367e+01
1.150482379625235335e-04 -1.562318047092644974e+03 -1.406551359811845370e-01 -8.504500246687332621e-02 -2.164142327518599807e+00 1.200381695511669875e+02 9.720741364803582307e-01 5.890277703446111790e-01 4.712009111671260797e+00 -1.663951828209018213e-01 4.801900412546644681e-02 1.408733239166749529e-01 -1.147219004682881405e+00 1.848917386088388959e+00 8.202839784414717172e+00 2.854138265065020619e+01
1.352480175096378403e-04 -1.562156288333953171e+03 -1.048411507315680780e-01 -1.037511933593965874e-01 -2.081639171817524669e+00 9.375975929905256123e+01 9.219303388276643973e-01 6.024922386652351580e-01 4.703199706722302587e+00 -1.669378935938179431e-01 5.188008974651237004e-02 1.226233971320272731e-01 2.542830695006159658e+00 1.948467646968654599e+00 8.761560327598004960e+00 3.193856119225890922e+01
1.298686240745564610e-04 -1.562196875238173561e+03 -1.370960416998654452e-01 -9.204982446439066712e-02 -2.309212464101848106e+00 1.403026537945710004e+02 9.731004239793036303e-01 5.829746996808400361e-01 4.708310975586138980e+00 -1.443803034007034025e-01 7.625824072522258135e-02 2.120572164996840092e-01 1.872772314932944937e+00 2.070333748815045283e+00 9.126866840004632664e+00 3.713866121744657534e+01
1.692157508158693144e-04 -1.561932224060835097e+03 -1.400611302783492940e-01 -7.477768579127064275e-02 -1.845691787112496041e+00 1.259159142710143726e+02 9.511464059440789542e-01 6.026529080539119176e-01 4.704386844890784403e+00 -1.521949627353724743e-01 -5.214293735591013501e-03 2.505353174046902054e-01 -3.103992487885193441e+00 3.509138006717593683e+00 9.022871473604698878e+00 3.193203201912342593e+01
1.062127606325196489e-04 -1.562397954335398254e+03 -1.293565748364140788e-01 -9.726263020952016780e-02 -1.679265718061215606e+00 1.484349912141380798e+02 9.784345960212106341e-01 5.916727269787913635e-01 4.708500619254230912e+00 -1.505510602467829973e-01 -3.947382120522058280e-02 1.078379013160453564e-01 -3.872583692172781866e+00 2.746940968521460746e+00 9.711289931685573862e+00 3.389090267492977659e+01
1.957048125317346259e-04 -1.561786791128130062e+03 -1.413902394878794599e-01 -8.430725351038016735e-02 -2.210662984093581862e+00 1.109306269800470375e+02 9.515841603612228417e-01 5.905658342980175668e-01 4.698457083083562580e+00 -1.407591807505406134e-01 3.869503446580480066e-02 7.536504506058572250e-02 5.317626752748594754e+00 1.831958486752660598e+00 9.293484548077879381e+00 3.012786742055806144e+01
1.603747918863680766e-04 -1.561985885068336756e+03 -1.250055370688729628e-01 -9.600797667081048536e-02 -1.773623599412172513e+00 1.181288724140218704e+02 9.702656637844401244e-01 5.940451659524949024e-01 4.705998012863819469e+00 -1.808683386350937727e-01 -1.615982417151040629e-02 4.956672273030963277e-02 -1.066543292079359162e+00 2.131765995426304627e+00 9.349273335001795360e+00 2.919373695585614215e+01
1.070450455733914309e-04 -1.562390148861063835e+03 -1.155173593447066382e-01 -7.208794757685334231e-02 -1.826464686206075161e+00 1.544392417063061487e+02 9.664560397635785227e-01 5.970642696956379725e-01 4.714473174182499449e+00 -1.498012201896892215e-01 -5.868845462599470153e-03 2.741959731725832072e-01 3.017441907697730130e+00 1.644238489265537062e+00 8.672307097240651075e+00 3.477604652875554336e+01
1.471274168202783958e-04 -1.562072099601171658e+03 -1.300959112189130074e-01 -1.151425703318054022e-01 -2.112924569500356675e+00 9.739795931121514627e+01 9.350990844840869620e-01 6.035931966909862112e-01 4.710878114049524612e+00 -1.792663261921376705e-01 2.039659926070624962e-02 3.868894970664574218e-02 4.002504860751542992e+00 2.065077425765005081e+00 8.835728035387568013e+00 3.472120736985606726e+01
1.083540322771103461e-04 -1.562377994651018980e+03 -1.263008008791325076e-01 -8.886839265952217737e-02 -2.143966031981512366e+00 1.368740544106167931e+02 9.848590612353456120e-01 5.701239454718673993e-01 4.698230848490851486e+00 -1.473149491983627435e-01 4.644670514058080180e-02 2.315857998959442235e-02 -2.153844735127393051e+00 2.406298903582904103e+00 8.616406583819124165e+00 3.326567082954945676e+01
1.059410870936139718e-04 -1.562400515436130718e+03 -1.254153402294777286e-01 -1.110883321707639010e-01 -1.980117109183857194e+00 1.224916845656585593e+02 9.573033945492623875e-01 6.026722011680385460e-01 4.707481690131860574e+00 -1.621516823881470337e-01 1.522981603637640902e-02 2.528308420698840986e-02 -2.648268312950108339e-01 2.283600336597246816e+00 9.938321800031069131e+00 3.394580288632753451e+01
1.138361376177712088e-04 -1.562328638568561246e+03 -1.310752558734228357e-01 -8.635096298134940784e-02 -2.145497974430820243e+00 1.221637062528126165e+02 9.458810564363346884e-01 6.078432429319660102e-01 4.712192120287467922e+00 -1.561923177025621445e-01 4.450234932026031487e-02 1.556114130167850218e-01 1.223293272240908891e+00 1.736024203985109260e+00 7.820710800038654931e+00 3.314620096170251173e+01
1.095691388994996163e-04 -1.562366842838124057e+03 -1.290476971898321112e-01 -8.181295805936740495e-02 -1.830268332003345710e+00 1.390552571847529180e+02 9.607256562497887842e-01 5.965525691532355124e-01 4.704362209021404340e+00 -1.663437246042369644e-01 2.512878819285191412e-03 4.958825995840225598e-02 8.132207059924780879e-01 2.005363663199588586e+00 7.915863318549876126e+00 2.842682977378352405e+01
1.106562811617522654e-04 -1.562356969762682184e+03 -1.324404234300656791e-01 -7.581013809072602305e-02 -1.977018705633563966e+00 1.156050470383632387e+02 9.491867618402299867e-01 5.987595337605586820e-01 4.706096926890879217e+00 -1.609028456468146739e-01 1.032534652027572442e-02 3.567014534878544252e-01 1.638414596056804839e+00 2.530057834882137868e+00 8.825272562361874407e+00 3.755161118164052425e+01
1.504173123947417955e-04 -1.562049985079704129e+03 -1.232177143826913984e-01 -6.739226432358126628e-02 -1.751266868740684046e+00 1.152850956236441533e+02 9.322452819683901826e-01 6.009178320090955427e-01 4.707548127983327113e+00 -1.505274222477914758e-01 -1.030522463809901978e-02 4.200423986877523108e-02 -2.654063408853915007e-01 2.395146980304296846e+00 8.488084602960132230e+00 2.828238326628829213e+01
1.054865923194645667e-04 -1.562404814735782338e+03 -1.481381324334367089e-01 -6.418001015401378351e-02 -1.871659669055909081e+00 1.264668779494958955e+02 9.662352636342257384e-01 5.846771861091091260e-01 4.704361442487709155e+00 -1.576807303606164723e-01 4.983951184771573395e-03 7.350727084772150366e-02 1.241388767490462897e+00 3.876198774474648445e+00 8.856404193710364581e+00 2.914678004668536104e+01
1.690545217116276729e-04 -1.561933177317030186e+03 -1.310755006764395547e-01 -8.875005977924643741e-02 -2.191313176504315230e+00 1.281973470882472270e+02 9.642692987131052940e-01 5.962694750949686373e-01 4.703502183207176834e+00 -1.400755730527918352e-01 3.661452508068951950e-02 2.409750411599860254e-01 5.818646621435021871e+00 2.111819641554935068e+00 8.863756827194869459e+00 3.415522852782982000e+01
1.419736438050847279e-04 -1.562107757160235224e+03 -1.289878165673064569e-01 -8.496618434282980636e-02 -2.010559249100693169e+00 1.208027568671271013e+02 9.687848417759905573e-01 5.851038880010885901e-01 4.696931803081197287e+00 -1.720511995769093971e-01 3.604852120521351289e-02 1.597384166293654706e-01 6.061682317048280311e-01 2.584779944491466530e+00 8.640737719111445614e+00 3.159452695366127273e+01
1.300990166379722794e-04 -1.562195102766622085e+03 -1.298644491538241408e-01 -8.402864546020023806e-02 -2.325122088179984559e+00 1.609981465560173319e+02 9.652120344566343935e-01 5.829370783501546249e-01 4.701390327859442664e+00 -1.396106181387937184e-01 6.224980598644003216e-02 3.288081154681555263e-01 3.922711005706020160e+00 2.086963882010905991e+00 9.057417355643249124e+00 3.421309451941678503e+01
1.311620201215963808e-04 -1.562186965239781102e+03 -1.362213653867707652e-01 -6.746311764589647819e-02 -2.036227524055770566e+00 1.159315559582872623e+02 9.681854152489772769e-01 5.951290442342834774e-01 4.714285860825169650e+00 -1.614575083291991398e-01 3.448514196599061776e-02 9.659806750444745183e-02 2.122213374945459918e+00 2.618862365998064767e+00 9.466366140031045262e+00 2.844311563810320109e+01
1.895013094055167380e-04 -1.561819002659312673e+03 -1.455170908786125594e-01 -9.223872041512093389e-02 -2.384565485490885983e+00 1.067980086644842430e+02 9.611764517350833703e-01 6.009733180169243294e-01 4.714363129069646163e+00 -1.305422141422023508e-01 7.007555560063427613e-02 8.532568992544646569e-02 7.291066863046552271e+00 9.415269786803293073e-01 9.036082281004166106e+00 3.585900998716673627e+01
1.173137121429993353e-04 -1.562298546946710758e+03 -1.100914446066171559e-01 -6.922176040406688435e-02 -1.652125293119023342e+00 1.228473927490829567e+02 9.382140402717457084e-01 6.135805706832824225e-01 4.711775908777271482e+00 -1.540974021112671011e-01 -2.568930549532177920e-02 2.524377142775903748e-01 -1.835897746667654928e+00 1.532454791876913802e+00 8.631510260904363463e+00 3.555992198542978855e+01
1.031414640259116017e-04 -1.562427297110530617e+03 -1.313719858475412006e-01 -1.138285690929792815e-01 -2.087968868511774545e+00 1.408206781585775786e+02 9.748362646041746071e-01 5.720333239291968130e-01 4.698994767894617119e+00 -1.674546008072441694e-01 3.564419241598781873e-02 5.780835740615977020e-02 3.959231864183379912e+00 2.036893990938537513e+00 8.468762989157884391e+00 3.138036796310439414e+01
1.232361854460664184e-04 -1.562249295872592484e+03 -1.358176364067006647e-01 -9.647693459726264242e-02 -2.026393870036431455e+00 1.342146310380379362e+02 9.778053821843616378e-01 5.857522384629219037e-01 4.704106235708528594e+00 -1.782410448181246387e-01 2.581281498485799020e-02 1.631496978394083031e-01 3.331641504062218928e+00 2.009025228834282473e+00 9.077031540008606569e+00 2.796637659118616881e+01
1.417745372031339749e-04 -1.562109160564013337e+03 -1.057756089674942723e-01 -8.886815097578365519e-02 -1.933659256879497024e+00 1.349149251269818990e+02 9.681996034935440587e-01 6.046758797168556576e-01 4.712397178946545750e+00 -1.549439548342204098e-01 1.049000003262001712e-02 3.247900145693453644e-01 1.963076594147253218e+00 2.544782037744330871e+00 8.753333077203384605e+00 3.110200657745620845e+01
1.083851605316379636e-04 -1.562377707409433015e+03 -1.493411789240081111e-01 -9.909510999276553711e-02 -2.330204586328465943e+00 1.112803693520309309e+02 9.756130833508227518e-01 5.932669773595631302e-01 4.705130918304350374e+00 -1.352453818814105535e-01 6.374974073559469545e-02 6.513782808557407045e-02 -4.228086959236520670e+00 2.247446376613337904e+00 8.716526534305657492e+00 3.018618652410598457e+01
2.083159568431712787e-04 -1.561724342643165983e+03 -1.150520466228395489e-01 -1.040079573115267053e-01 -1.905408694111565326e+00 1.368480128770119393e+02 9.237795862397423230e-01 5.944515145577542459e-01 4.704533454032826967e+00 -1.598038839986366533e-01 1.429900879265688651e-02 3.377645189067178810e-01 -2.178628279937015577e+00 2.435496009818072238e+00 8.978577935144560485e+00 3.161383605846413047e+01
1.117725607504485298e-04 -1.562346932494575412e+03 -1.259421339133291184e-01 -9.835794130102626376e-02 -2.151021987077819997e+00 1.034285566754548427e+02 9.297991834417843604e-01 6.004429959945698503e-01 4.700050175289228527e+00 -1.672176422892261982e-01 4.816146090670647695e-02 1.845876119625781686e-01 4.157991209543439481e+00 3.066543319888315189e+00 8.890680078055934743e+00 3.515329606030126541e+01
1.318420610550806037e-04 -1.562181793894561224e+03 -1.391881213443408871e-01 -9.460415985050235621e-02 -1.841925344396965425e+00 1.467346819903443134e+02 9.690231097586978759e-01 6.020233394699425755e-01 4.719793164869626523e+00 -1.577267538307827177e-01 -1.886934696094133557e-02 1.717224607304085882e-01 -3.987089034433495272e-01 2.193487116354919664e+00 8.574196479908202662e+00 2.837593878538002912e+01
1.042976340488077820e-04 -1.562416149915949291e+03 -1.218392361767518528e-01 -6.219155830439650201e-02 -2.108576138517918253e+00 1.328449042130043551e+02 9.803623478886998033e-01 5.985409928165619231e-01 4.712625625377421024e+00 -1.308580608131506562e-01 4.804775646449321869e-02 3.511499989476948164e-02 1.225809496929457509e-01 2.126809323885092695e+00 8.939694736280090481e+00 3.427486986569716976e+01
3.230145386012887258e-04 -1.561285701260243741e+03 -1.369365929753295907e-01 -8.323178010364551405e-02 -1.861594048134827650e+00 1.229907670680963179e+02 9.718003046771214182e-01 5.950947700111510752e-01 4.704421141639770099e+00 -1.778459642189338386e-01 6.568743900007056880e-03 5.507613886271139902e-02 7.830300674893351243e-01 2.973339838663990875e+00 8.764767183796596584e+00 3.188250886833610309e+01
1.210575902808326798e-04 -1.562267132208501607e+03 -1.194509437304626664e-01 -9.732782753309796031e-02 -2.162093390237079582e+00 1.365344795269820395e+02 9.763645941814393936e-01 5.895889349471926666e-01 4.712104732513916261e+00 -1.765739734731011090e-01 3.839066916592881462e-02 3.030355226011502423e-02 1.012781143120207616e+00 2.610243500334452627e+00 8.606360458302543037e+00 3.097714325329947727e+01
1.430988127900279948e-04 -1.562099863203440918e+03 -1.140606477649719619e-01 -6.798889320907665346e-02 -1.718882130783681683e+00 1.205949912520786569e+02 9.385366129395162904e-01 6.078912878191671254e-01 4.711422601887439221e+00 -1.592833338292130030e-01 -5.233258702853182953e-03 3.165683113531724269e-01 -4.226254534540487384e+00 1.978973755411339575e+00 8.638806763705320080e+00 3.394287300524023721e+01
3.359401940850557109e-04 -1.561246465443276975e+03 -1.468774362928792487e-01 -7.907684245956179969e-02 -2.417769279559148998e+00 1.470408620520270802e+02 9.687515024843549316e-01 5.987482141486558662e-01 4.706929951914438526e+00 -1.231150932858544600e-01 8.613219813233818911e-02 6.129931199054811097e-02 1.991094526402889642e+00 2.259249063228718768e+00 8.496075425024507410e+00 3.378621748062637664e+01
1.197968387145249987e-04 -1.562277601296295416e+03 -1.355103317796357565e-01 -1.153747331001332144e-01 -2.246235276134693315e+00 1.257512299687491293e+02 9.578668458718665457e-01 5.909814237384491964e-01 4.709894930231204313e+00 -1.696849036023888591e-01 5.672428048230138131e-02 2.010216235587892336e-02 4.130223985418979282e-01 2.579561987643752552e+00 9.250915487571731433e+00 3.015460901472499700e+01
1.348306947872371917e-04 -1.562159378714909053e+03 -1.420964838183197410e-01 -1.069777948762376807e-01 -2.122665158339307911e+00 9.588758106421549599e+01 9.131448294560583490e-01 6.028546052259924348e-01 4.701319256137891145e+00 -1.559016877522969580e-01 2.470714336602286565e-02 7.904664613638591464e-02 3.836331220421982380e-01 2.160286588540838437e+00 8.401932353139907050e+00 2.736924698634823727e+01
1.645850354036326323e-04 -1.561959971224416222e+03 -1.204025269905553280e-01 -8.017858954748184608e-02 -2.047517695726162046e+00 1.261501241378646370e+02 9.470300584283807277e-01 6.027049083103488414e-01 4.705644214660193114e+00 -1.632198474568746782e-01 2.147432236256796578e-02 7.742838730329600072e-02 -1.416392932176790964e+00 2.046263052808749983e+00 8.196274980710738234e+00 3.056179218274746034e+01
1.623079977329104401e-04 -1.561973902842829375e+03 -1.260135558069978290e-01 -9.203159062457647033e-02 -1.957068262622744026e+00 1.379313568094326854e+02 9.208591696595265219e-01 6.046306611135905396e-01 4.707502186301912417e+00 -1.498260407218561241e-01 5.174142008265603110e-03 4.053543743398034804e-01 1.718290469306680279e+00 3.408722011029596821e+00 8.904085794200099713e+00 3.287973535027521876e+01
2.015620119216925479e-04 -1.561757301508089540e+03 -1.139788845776176091e-01 -1.016376496254780826e-01 -1.966921917845651846e+00 1.442987262713044174e+02 9.074574336347601689e-01 6.061498741062159024e-01 4.706827724158923587e+00 -1.611092608404312010e-01 1.811050811024950136e-02 8.127159135046552185e-01 1.592641085164615333e+00 2.483705062020780119e+00 8.912923588429766397e+00 3.152440068399153716e+01
1.111968048865042861e-04 -1.562352096945234280e+03 -1.167076577739209753e-01 -8.198661496265056969e-02 -1.735558724080279447e+00 1.170517186968332197e+02 9.329714588114285112e-01 5.989291688850988393e-01 4.704613476395059557e+00 -1.532124035222586222e-01 -2.360275561883584672e-02 3.291950605665070473e-01 -2.081047254689138981e+00 2.695310019908858656e+00 8.593463242447141326e+00 2.454743333863329724e+01
1.107182009576383671e-04 -1.562356410350441820e+03 -1.207465193706623030e-01 -6.360473402455235625e-02 -1.558137296989270171e+00 1.379583433643581429e+02 9.704581797411142574e-01 5.935882356286534822e-01 4.704622293143883027e+00 -1.528095469508603532e-01 -4.432018732770415248e-02 1.067454785018438629e-01 -7.754990334035483102e-01 3.453371687282769109e+00 9.402953183233254464e+00 2.872780028487042969e+01
1.051068646332909014e-04 -1.562408421002598061e+03 -1.357684228472394172e-01 -8.099346924266410952e-02 -2.211023522326454938e+00 1.375488962004367863e+02 9.755707013179942821e-01 5.905750401114752135e-01 4.709800909334195040e+00 -1.625992401710083524e-01 5.779903709571221349e-02 2.920835029059686005e-02 4.943714755857200771e+00 2.336654048135211603e+00 7.749571141175914946e+00 2.922682936764275752e+01
1.387222247764662432e-04 -1.562130925042806666e+03 -1.111572628260887596e-01 -9.295670963916857765e-02 -2.333599382145993495e+00 1.365037775170959549e+02 9.663246487774649340e-01 6.032084016338721266e-01 4.711294817994557071e+00 -1.497697613314197262e-01 7.318456682782970013e-02 1.800993494803645317e-02 2.259373220591982090e+00 2.657137962748468141e+00 9.037817956100591132e+00 3.230235884726051410e+01
1.230299883116432486e-04 -1.562250970460534973e+03 -1.359216013948509050e-01 -7.903839778332341637e-02 -1.840663361070934867e+00 1.637450181798929520e+02 9.744159063837116719e-01 5.954779572061390525e-01 4.710414212255582100e+00 -1.565121323515592522e-01 -1.298714828317826253e-02 1.981972073095716047e-01 5.384106849232125569e+00 1.114315156578116195e+00 8.746233010435421562e+00 3.610362429035252063e+01
1.271072723231147703e-04 -1.562218367199710656e+03 -1.282113458269669992e-01 -8.969116456718620456e-02 -1.914526510239993762e+00 1.240762619109360685e+02 9.407782195215170784e-01 5.925928627855046038e-01 4.710228048126389844e+00 -1.563939649075054561e-01 9.621319305536557565e-03 4.581950757569485666e-01 2.805561882140551688e+00 2.743041515412492082e+00 8.908971613365235243e+00 3.446685431458873694e+01
1.690256527119920961e-04 -1.561933348099003751e+03 -1.381662848532641541e-01 -8.422230785615293647e-02 -1.856758442123172426e+00 1.306438818143420804e+02 9.647631030658696538e-01 5.905823902634015354e-01 4.710137250715689561e+00 -1.514575526866281940e-01 -4.269913051677232119e-03 2.834658985885524229e-01 -3.771338740759915709e+00 2.545950391160234361e+00 9.461496614499353086e+00 3.647409867302431508e+01
1.022835745631892453e-04 -1.562435649494991367e+03 -1.189006359253469425e-01 -6.829953697335867935e-02 -2.139031790340338635e+00 1.284377129010780720e+02 9.637103931472456031e-01 6.090941415740158682e-01 4.715202979107763426e+00 -1.406810795072919174e-01 3.644434889152448065e-02 5.872657111991851087e-02 4.006215368394833831e+00 3.080117541530702496e+00 8.697724944322304808e+00 2.951416417701824457e+01
1.403015386565476539e-04 -1.562119604639651243e+03 -1.134135681079172925e-01 -9.184320155266205432e-02 -2.150303843011093008e+00 1.245787517899869954e+02 9.533631651716022448e-01 6.174896950139373564e-01 4.716278848152750669e+00 -1.601074704870852905e-01 4.462190689087042195e-02 2.853753111102211998e-02 1.473070009601144648e+00 1.610498016479500194e+00 9.055714436305816406e+00 3.062289741684132238e+01
1.220576596653176102e-04 -1.562258905040311902e+03 -1.182635811492996625e-01 -9.328082443605389962e-02 -2.159026012066896705e+00 1.579665432215088856e+02 9.531362742043432146e-01 5.945143173701832318e-01 4.704844077369743971e+00 -1.540689687593808088e-01 5.796357435458765472e-02 2.802732172751396522e-01 -1.956281684411209199e+00 2.444079597634041257e+00 8.741500206009945373e+00 3.066548688591907990e+01
1.303107731153020199e-04 -1.562193476433570595e+03 -1.240654965319923086e-01 -9.554793935356284407e-02 -2.016351215452447665e+00 1.391342138039474889e+02 9.401108389588529457e-01 6.007191876335049585e-01 4.702917596502580899e+00 -1.414693067498116186e-01 8.735178158778333923e-03 3.937196929380793464e-01 -9.439530555194721728e-01 2.452566632316632855e+00 8.740784984926698087e+00 3.395985892675468421e+01
1.208932914206415883e-04 -1.562268490326184747e+03 -1.353417353252324151e-01 -1.030331891378313824e-01 -1.745887546927737510e+00 1.407418467241888038e+02 9.557225083689270262e-01 6.004552175988671081e-01 4.712413667194335076e+00 -1.566914805899757290e-01 -3.501651965154306545e-02 3.308302429654624843e-01 -4.139175777757259311e+00 3.095316294820849023e+00 8.665993749974232330e+00 2.994183547543416424e+01
1.076648132408656043e-04 -1.562384375773677675e+03 -1.318588663667064620e-01 -1.023986822929396079e-01 -2.055310149578470469e+00 1.319379646952718588e+02 9.704575700566426821e-01 5.798938471149246432e-01 4.700327071200784523e+00 -1.642622528897437206e-01 3.692769520001948358e-02 8.156734607640013512e-02 3.528169805213480004e+00 2.827376890247479402e+00 8.599113383968571611e+00 2.576559234892272698e+01
1.079491400243543951e-04 -1.562381738403099462e+03 -1.160211282989561388e-01 -8.015551302898392405e-02 -1.776559710153433391e+00 1.265526740395830529e+02 9.505310982221708560e-01 6.072641299526166936e-01 4.709322608036018210e+00 -1.532644937303233590e-01 -2.425040263308830824e-02 2.546379527661969400e-01 -6.630407330814875877e-01 3.943029679075227278e+00 8.400533675879673368e+00 2.959092860445478124e+01
1.761499596414887341e-04 -1.561892062917930161e+03 -1.337226014461662948e-01 -8.532966193852974113e-02 -1.884074557792183802e+00 1.424034100398689020e+02 9.464912757762059536e-01 6.035289243426430472e-01 4.708882548163423110e+00 -1.720219218453544752e-01 -1.122817761885830379e-03 2.534415814318836668e-01 5.974682191803992737e-01 1.671706369914205403e+00 9.123576618877638822e+00 3.440422064198145335e+01
1.684282814878817309e-04 -1.561936888563568345e+03 -1.073471630130612281e-01 -6.184169044450506247e-02 -1.646704973229643709e+00 1.339544418256467111e+02 9.522338385070527877e-01 6.003382716590857093e-01 4.711889166098071513e+00 -1.515151574824891156e-01 -3.786977299778548911e-02 3.429141610964780429e-01 -3.599248377373157837e+00 2.646973645274997011e+00 8.674646718655921518e+00 3.363167720145321482e+01
1.462233067004904024e-04 -1.562078263642436696e+03 -1.179114898028430225e-01 -9.920698657134378873e-02 -1.881395597592041558e+00 1.263525154457331894e+02 9.385911562196584956e-01 6.033101810130889753e-01 4.707006176963912658e+00 -1.725503798542502576e-01 -4.193300513991804479e-03 2.794608157434265716e-01 -4.211311884500020142e+00 2.201268885520413221e+00 8.134546455612511551e+00 3.497949040524561326e+01
1.771961480959682574e-04 -1.561886141293275614e+03 -1.375944793299607172e-01 -9.797554654774742744e-02 -2.114749273260839502e+00 1.405364951346272449e+02 9.636346809097475763e-01 6.075831603853206753e-01 4.715988318320423645e+00 -1.468726605894223880e-01 2.106143173699481785e-02 1.897021092243370705e-02 3.030498876701159361e+00 1.646230859179809158e+00 9.558525484845814546e+00 3.123973152158143662e+01
1.449457729307321698e-04 -1.562087038900918287e+03 -1.304828370654874947e-01 -1.040211339377810074e-01 -2.134856153160221481e+00 1.123765704873761564e+02 9.641612254280452765e-01 5.809734941373962958e-01 4.699750332819243148e+00 -1.526293870040504874e-01 3.424084528884785428e-02 1.657610959038064158e-01 -3.627305342455713344e+00 2.588868153288181873e+00 8.320923420081950184e+00 2.965531241719187960e+01
1.126585717060438793e-04 -1.562339036838132188e+03 -1.490373159154030624e-01 -7.283989050412816024e-02 -1.802171696716094340e+00 1.430034911044234889e+02 9.715945935965614177e-01 5.976926590595672550e-01 4.707606374003321825e+00 -1.636414432546156039e-01 -4.404328982221317190e-03 1.799533132576014438e-01 1.525165967352677399e+00 1.958520252368201042e+00 9.323444273983017894e+00 2.760783041928815962e+01
1.709352277408320952e-04 -1.561922113893998812e+03 -1.002609712817194576e-01 -1.037952365020996526e-01 -1.819610995232845863e+00 9.518516041315355380e+01 9.076437914052819522e-01 6.143495826491047751e-01 4.707678991824539416e+00 -1.644736908209105675e-01 -1.998379058987254098e-05 3.858765158264491901e-02 -6.139143132189701646e-01 3.315603995715843411e+00 9.049876206580375282e+00 3.667519629259962954e+01
1.442261284426717659e-04 -1.562092016189308424e+03 -1.429006922626230025e-01 -1.254710321093028824e-01 -2.124261510767897043e+00 1.167307472282472247e+02 9.523465278818624702e-01 5.878656717360707384e-01 4.708549451880401193e+00 -1.566787390308956862e-01 3.472358889951165928e-02 1.033694879454121474e-01 6.782605230199010293e-01 2.461780203220631513e+00 9.052314981882192413e+00 3.467547307355878417e+01
1.107723573712714399e-04 -1.561810859412159061e+03 -1.238350258444265439e-01 -7.633557111966911279e-02 -1.913417940371147985e+00 1.127059794743659893e+02 9.369658223705512601e-01 5.943067304937563744e-01 4.702978468131615131e+00 -1.533948164200615860e-01 5.447239866736897085e-03 2.261445230814677909e-01 7.995811107092549719e-01 2.168124764006851279e+00 9.156234137685292040e+00 3.745142678102797618e+01
1.071335476430281133e-04 -1.561844260508102707e+03 -9.685967414631095618e-02 -8.431019074308376826e-02 -1.731265238708479703e+00 1.208457400916177136e+02 9.070228539515263755e-01 6.080079393233133178e-01 4.699321101829982084e+00 -1.588874784194989065e-01 -2.067845972621240591e-02 3.144303483746951344e-01 -2.617240411069843731e+00 2.495610348326460226e+00 8.769749270743698588e+00 3.050827451869187001e+01
1.110804575994291609e-04 -1.561808081891159190e+03 -1.226871014193113285e-01 -1.165369057385170770e-01 -1.891906583889355620e+00 1.051446988057121814e+02 9.061138065849682066e-01 6.158797221654157550e-01 4.704394182426881343e+00 -1.567832907355546368e-01 -4.698430907974504578e-03 2.651022169988212496e-01 -2.214498761310608188e+00 2.622545596482117602e+00 8.793443372168919581e+00 2.991610371635611187e+01
1.274926880580338801e-04 -1.561670277658748091e+03 -1.362565484193209164e-01 -9.576253361953218635e-02 -1.814887396279464715e+00 1.174812344095858663e+02 9.800792357054203263e-01 5.847453347493026810e-01 4.704273643228063406e+00 -1.588597486869840480e-01 -2.544004984300407557e-03 1.070161551510293574e-01 -2.922441252027113023e+00 1.629857655344513212e+00 8.859228282835029944e+00 3.219800681925399743e+01
1.234231161865897281e-04 -1.561702718251927990e+03 -1.495196003998715273e-01 -8.940579823705435691e-02 -2.378733808142218908e+00 1.306332946542366926e+02 9.789523344702002472e-01 6.014716646398710065e-01 4.718308728526273477e+00 -1.291317391259299008e-01 8.064806730961349146e-02 2.810939274880588923e-02 4.448595540806536519e+00 1.156721624375967039e+00 9.166884837161770605e+00 3.500506940765934871e+01
1.111594770531838594e-04 -1.561807370772725790e+03 -1.182631694884705431e-01 -9.367311210211481942e-02 -2.112804628456145917e+00 1.298788033188800455e+02 9.453440078270245461e-01 6.007838370712828002e-01 4.710787493982726559e+00 -1.455772792703322605e-01 3.289715656475467043e-02 4.544242918205346760e-01 1.604545378050431736e+00 1.428128548829898925e+00 9.158870976090916827e+00 3.210916401436713841e+01
1.134599239240066773e-04 -1.561786886991748815e+03 -1.155300116954912359e-01 -8.120642274248864034e-02 -1.661704704960174750e+00 1.385253226339406183e+02 9.370636185232814608e-01 5.992003327312488414e-01 4.702807703820261587e+00 -1.572437866749412105e-01 -4.215273933541130447e-02 5.967051825847045077e-01 -2.193732001497920692e+00 2.293875683148649536e+00 8.989594859948768502e+00 3.042985007346299398e+01
1.095426741456527155e-04 -1.561822022481576369e+03 -1.114623809146192135e-01 -1.120019315964611017e-01 -1.945524394261990420e+00 1.282606061145792751e+02 9.069101610024251636e-01 6.169430157955819727e-01 4.710947617632624151e+00 -1.637519501035966663e-01 1.160486871563204403e-02 4.332006992279583968e-01 -5.820052006314853088e+00 2.387428370747679551e+00 8.869183657924107678e+00 3.010591218579161676e+01
1.094302473580107570e-04 -1.561823049337287557e+03 -1.292734003803299170e-01 -7.670552299661709261e-02 -1.848482983433949567e+00 1.354484783003391044e+02 9.623672455438926354e-01 6.026681499682517984e-01 4.707789894500896466e+00 -1.682695927508810474e-01 -6.228219754256247853e-04 4.532229245374710253e-02 -6.350618097011249574e+00 2.565786932658742359e+00 8.123508876095254294e+00 3.038094008763969711e+01
1.079365014605101380e-04 -1.561836793568363191e+03 -1.201634990538911762e-01 -7.916962416547797254e-02 -1.552174162327054630e+00 1.252489526140848284e+02 9.498008466056260257e-01 5.965837054059708322e-01 4.704704901654757521e+00 -1.448420240813952375e-01 -3.017891337438372013e-02 1.302509053304477804e-02 -2.081527390527099897e+00 2.731280107932887447e+00 9.214368564786745708e+00 3.162518671857817054e+01
1.066442701394818194e-04 -1.561848837955500585e+03 -1.079453662159333693e-01 -1.052423065012260128e-01 -1.916577332512614085e+00 1.370337479673111716e+02 9.430563408159475802e-01 6.046340410010615507e-01 4.710071315938368031e+00 -1.705826084387269681e-01 5.486461736085690433e-03 1.851003710341787289e-01 1.944314444771436001e+00 3.063624473160109218e+00 8.775812685263172597e+00 2.908746279013596592e+01
1.036201362870167882e-04 -1.561877604996494028e+03 -1.475132920006426152e-01 -1.053012223080069254e-01 -2.129846733689550575e+00 1.450999719810322688e+02 9.799265747853123099e-01 5.797507085388509118e-01 4.705786374052153498e+00 -1.528728147248195057e-01 3.294437162072605396e-02 3.025026490643969307e-02 7.752282523200761943e+00 2.535702853266097456e+00 8.760017219138326539e+00 3.526131239198160472e+01
1.056673561676037005e-04 -1.561858040662704298e+03 -1.418784818126347380e-01 -8.428697578865898543e-02 -1.927784760985897572e+00 1.194529796855244541e+02 9.545190292157916812e-01 5.788039557721702533e-01 4.703194563168249687e+00 -1.525702736120631009e-01 1.534500923417358997e-02 2.830015287903089871e-01 -1.887026912182847127e+00 2.232141007280530332e+00 8.913209405400079888e+00 3.377751816399876361e+01
1.261173946730510483e-04 -1.561681123496198325e+03 -1.221856051606863558e-01 -9.216794993806076697e-02 -1.966827684776840446e+00 1.343472608032710411e+02 9.290930647430458711e-01 6.038788860788484314e-01 4.704977980060935927e+00 -1.524396524624520577e-01 2.152055485496506826e-02 5.339119258455079509e-01 2.281897497148008824e+00 1.810058160446548214e+00 8.531106411647005672e+00 3.429594912505062609e+01
1.278173956985947804e-04 -1.561667734023879802e+03 -1.374681440436125446e-01 -1.075757761469405549e-01 -2.196545408501242136e+00 1.329532775632681876e+02 9.581178832021601810e-01 5.921854509860247084e-01 4.707709210851465542e+00 -1.555252311042707447e-01 3.842779399097806525e-02 2.543868785466772420e-01 6.806123212729119132e+00 2.501945626584789473e+00 8.689735586387303812e+00 3.587711133675264108e+01
1.121935972954890575e-04 -1.561798110746779912e+03 -1.290033123547939808e-01 -8.395752811943610339e-02 -2.048830540190341498e+00 1.140590790536926562e+02 9.726768149816442666e-01 6.162516422525670112e-01 4.717967600419610719e+00 -1.421722862049332736e-01 3.155499288559626692e-02 1.527037116522632007e-02 9.695671209638589971e-02 1.851776645150682299e+00 9.040353180057469018e+00 2.773221434158756793e+01
1.243096648870188332e-04 -1.561695560923122230e+03 -1.185637798737703696e-01 -5.767176311943648936e-02 -1.689855195093302509e+00 1.022885017157720426e+02 9.403319973424105749e-01 6.034391695759911967e-01 4.709457975571666566e+00 -1.659194380188715456e-01 -3.072006397871462902e-02 1.654717987299610948e-01 -2.836731968416330574e+00 2.283618985629676246e+00 9.027659373126105891e+00 3.030251758349944424e+01
1.299321508568593688e-04 -1.561651324275413572e+03 -1.015701429727391414e-01 -8.982082316996842231e-02 -1.766431643310362842e+00 1.066355778556568623e+02 8.954226951675432478e-01 6.189062864479424331e-01 4.713069037958331542e+00 -1.450127790909503389e-01 -2.169219631983620999e-02 3.535914056141846729e-01 -2.752602553706537947e+00 2.586049528895628669e+00 8.401735426943112373e+00 3.289174878305334460e+01
1.380520756450403337e-04 -1.561590705699416048e+03 -1.219284815548362516e-01 -9.409352627863858121e-02 -1.668124172795508509e+00 1.342607611872871018e+02 9.513880302210093731e-01 5.917528677831063177e-01 4.702363629931487488e+00 -1.647591182260326192e-01 -2.694672885854387800e-02 2.565909514095554567e-01 -2.824250681133179341e+00 1.934755128225607024e+00 8.610039106651811380e+00 2.818548748336569076e+01
1.114843233533314477e-04 -1.561804452689850223e+03 -1.309847828825743410e-01 -8.009873415195008228e-02 -1.994014249306618858e+00 1.389310369362250697e+02 9.598624918564617747e-01 5.781388043413107081e-01 4.700179707427533771e+00 -1.653901571634004419e-01 3.467580834990391381e-02 1.873444740535843145e-01 2.549378521748280946e+00 2.520347139367218325e+00 8.462733769720841792e+00 3.351392403715492208e+01
1.274621540551203116e-04 -1.561670517183542415e+03 -1.401808244358296041e-01 -8.896389503985550895e-02 -2.028104781459214578e+00 1.211538066958001281e+02 9.552702598965248093e-01 5.911151706719548482e-01 4.706781715904892138e+00 -1.478877027842999681e-01 1.180518613336767331e-02 2.652934889968022181e-01 -1.450289618227913024e+00 1.264516812211291530e+00 9.385335278473627696e+00 3.062177191982384983e+01
1.109124504464491950e-04 -1.561809595517756861e+03 -1.486597427484896150e-01 -9.015253252597385525e-02 -2.089848022113833359e+00 1.130250225807682085e+02 9.542074629795760377e-01 5.928756599122788629e-01 4.704725329660983668e+00 -1.557675407872829432e-01 8.531598000593998421e-03 1.024256836692083728e-01 3.500501599079996140e+00 2.362766356453160910e+00 9.090256635317262024e+00 2.815027531538694205e+01
1.217981365636447801e-04 -1.561715971617127934e+03 -1.199841220806394659e-01 -8.078720982991145771e-02 -1.711792210534732739e+00 1.775497181162937466e+02 9.524675224111542882e-01 6.005674452900260363e-01 4.709632402980024501e+00 -1.704023936296423791e-01 -3.048012324344884227e-02 4.240292563925941449e-01 6.796908239640515603e-01 2.756480646895376196e+00 9.100207718655273226e+00 2.994689049413401705e+01
1.053741411349327721e-04 -1.561860819407407007e+03 -1.268090163068156528e-01 -7.614723244137074076e-02 -2.177373402162224192e+00 1.040330237352793290e+02 9.493246959015794184e-01 5.933000713000701198e-01 4.702565715693311610e+00 -1.416791968502468801e-01 4.404735981896212849e-02 3.670222820420204063e-02 3.818070837155630670e+00 2.806114898275757774e+00 8.326133942128777221e+00 2.903574169868194943e+01
1.145587497649658482e-04 -1.561777248883349330e+03 -1.166026413644239978e-01 -8.973142323855981539e-02 -1.789205714962543770e+00 1.221707316327306643e+02 9.376492152813917791e-01 6.072266528399989927e-01 4.717259691415039313e+00 -1.608212181243149352e-01 -1.635223745179104071e-03 3.843117737336227413e-01 -2.243343722605089852e+00 2.176156272470364250e+00 8.625511340069390798e+00 3.132594657060128185e+01
1.274080247699797114e-04 -1.561670941943207936e+03 -1.433692020614894258e-01 -7.644331882790979249e-02 -2.212990986249681491e+00 1.197883093057844377e+02 9.588175997116121785e-01 5.957977549953130669e-01 4.708086898567323431e+00 -1.535134732530900603e-01 6.140013733116567174e-02 1.888120863815355155e-01 3.886378661383616873e+00 2.941427102815197259e+00 8.425884612489053183e+00 3.474865709590524432e+01
1.271581298594242574e-04 -1.561672905244191043e+03 -1.375059098844426397e-01 -9.198554234805311758e-02 -1.967211037827600650e+00 1.071798561122064939e+02 9.326810399827090148e-01 5.864753815247965019e-01 4.693816234183117331e+00 -1.590857700466794533e-01 7.369070226916019095e-03 1.318396490835826163e-01 1.254609715375522683e+00 2.360687583943144041e+00 8.479594858974426330e+00 3.121484783982464251e+01
1.155110793447797419e-04 -1.561768970222713278e+03 -1.329367911679998349e-01 -8.465215829393993308e-02 -2.349901666461922112e+00 1.169140979091274488e+02 9.549957551738421646e-01 5.924207712564963924e-01 4.703688025546895801e+00 -1.564440664534183512e-01 6.531097608968239321e-02 1.238016799032493620e-01 3.990767579984805025e+00 1.338744485034681908e+00 8.923737107156771486e+00 2.910046416157052818e+01
1.047848010200672433e-04 -1.561866427940202811e+03 -1.462653274808006498e-01 -8.793903507356708171e-02 -2.346561369600347557e+00 1.002470356369279756e+02 9.578543297006464341e-01 6.035765704558713196e-01 4.712313079015533646e+00 -1.376209054631676310e-01 6.325397713612135320e-02 1.544351117051875333e-01 -1.576643487201152993e+00 1.745626611516004623e+00 9.038899733661121871e+00 2.708582679238658031e+01
1.056971248167153684e-04 -1.561857758981986990e+03 -1.046174370106656010e-01 -6.998473385838487049e-02 -1.779897696663851336e+00 1.445054714613019087e+02 9.587504804774382716e-01 6.118727487916792995e-01 4.716169301704480787e+00 -1.458819757512350712e-01 -7.444123895316900885e-03 2.588190048873871274e-01 -3.117521926140312871e+00 2.506053704224964207e+00 9.001336925642311471e+00 3.057142516797872744e+01
1.208282714025727273e-04 -1.561723966380229285e+03 -1.199414295971967942e-01 -1.066338347924854768e-01 -1.807175270907285913e+00 1.036193229674302501e+02 9.015990736214558599e-01 6.114275469019109233e-01 4.703822995477760394e+00 -1.598377903074723605e-01 -2.350033637936377318e-02 1.746788149361433451e-01 -1.379472757244201375e+00 2.402643928020919972e+00 8.893863922185275328e+00 2.998158313756482585e+01
1.037482844745769075e-04 -1.561876369049348341e+03 -1.298572836015743914e-01 -1.059734059110278015e-01 -2.221144857047703702e+00 1.217004714900669455e+02 9.469582631165278652e-01 5.914705340517624199e-01 4.703946124323362454e+00 -1.359577940340574997e-01 5.145988456174999115e-02 1.466761107334851322e-01 5.596448136449112098e+00 1.279473010387777165e+00 9.133555242441747879e+00 2.966615697729124790e+01
1.031443938164229677e-04 -1.561882206784913933e+03 -1.197809803187472322e-01 -8.448859330320890315e-02 -2.085599699534632645e+00 1.294314832532355126e+02 9.513684745881223481e-01 6.081354357800710098e-01 4.707625963832338556e+00 -1.548451094547860230e-01 2.492679168561728886e-02 1.045084933586838821e-01 1.982570437176889300e+00 2.323834417599424107e+00 9.618297761216588526e+00 3.027697767944847840e+01
1.159562930605539862e-04 -1.561765123336992929e+03 -1.045228345340921128e-01 -9.608706837633994302e-02 -1.736086869032061442e+00 1.077076052618235735e+02 9.134721266932211980e-01 6.134843011305193272e-01 4.708124199438865176e+00 -1.585817508336020421e-01 -2.181165051834321744e-02 5.747241140420850797e-02 -2.491690515108615500e+00 3.373799297586077550e+00 9.171917025645125676e+00 2.809497179951148027e+01
1.081182892413939218e-04 -1.561835110774631175e+03 -1.384442028761733168e-01 -8.509018691253995847e-02 -2.101076938766039959e+00 1.485872249352133281e+02 9.801145100313179981e-01 5.995147609312301284e-01 4.716950777239269144e+00 -1.559955309352361041e-01 2.659607835388233532e-02 8.124438540388445595e-02 1.242151989900435183e+00 2.244842042006922611e+00 8.541421731945719742e+00 2.490525640366014670e+01
1.094993237869807372e-04 -1.561822418299361516e+03 -1.474768161698987723e-01 -8.041784725110952270e-02 -1.901156920191745314e+00 1.380237272093410468e+02 9.699540151450165570e-01 5.863115112204502211e-01 4.707937252107466719e+00 -1.751475526819747941e-01 -4.515924757104272658e-03 7.259634880217682995e-02 2.554435269287097299e+00 1.327677036817687117e+00 8.468151570055315602e+00 2.855365362749095937e+01
1.200050494945952717e-04 -1.561730802852119268e+03 -1.396444758613172021e-01 -6.819610533304507061e-02 -1.990627553402102068e+00 1.457384427189622897e+02 9.783759352785039720e-01 5.880432412171718859e-01 4.712266873105606990e+00 -1.443036449323396031e-01 8.395682218621747239e-03 2.487977366914367883e-02 5.847842741817231627e+00 2.174654998305047826e+00 9.413241211604805869e+00 3.159261497414267339e+01
1.226926907075809846e-04 -1.561708653893630526e+03 -1.237062176593145407e-01 -9.860176240548711168e-02 -1.856760483634492420e+00 1.424236166809689337e+02 9.655893595202987845e-01 5.798552860734130787e-01 4.706957968557087924e+00 -1.645571336703612886e-01 -6.374324054094326897e-03 8.162790002092792929e-02 1.569129959481472270e-01 2.750894135412074171e+00 8.212430095940860042e+00 3.267612289211530197e+01
1.273121776512854231e-04 -1.561671694511102487e+03 -1.167118451498094511e-01 -1.330234167886827912e-01 -2.110262656733561393e+00 1.105897224321413717e+02 8.882459986605882873e-01 6.139362732057984662e-01 4.707640631455491942e+00 -1.606627848690274085e-01 3.439434864293566818e-02 4.025534533124079939e-01 1.912676895129834520e+00 1.814104873737121260e+00 9.041037500534642390e+00 3.383831532820191512e+01
1.075678405887762064e-04 -1.561840214949369738e+03 -1.375650856500941766e-01 -9.941032449086145695e-02 -1.785860512085428953e+00 1.221519463974204314e+02 9.521073101324262211e-01 5.813471584758480581e-01 4.696321706469349877e+00 -1.611649921230269289e-01 -2.096551757731979215e-02 2.716524737333133599e-01 -4.546579445822885646e+00 2.938562094488950116e+00 9.006212622375331378e+00 3.218852005558414930e+01
1.077031267414097209e-04 -1.561838958057443051e+03 -1.336742479788358418e-01 -8.683030704546734757e-02 -1.719307253632674115e+00 1.324921833852674808e+02 9.555622466638418189e-01 5.946055178711631140e-01 4.706663701411521572e+00 -1.539453081904507137e-01 -3.889838259583333624e-02 1.059925746878550845e-01 3.816543805828302993e-01 1.827067951771232934e+00 9.634465002477220708e+00 2.822428681592681343e+01
1.043700670627238013e-04 -1.561870393752757991e+03 -1.341912996783301559e-01 -9.397913182244263530e-02 -2.333880522614043773e+00 1.635211785222628862e+02 9.721031391560449597e-01 5.871788294692269483e-01 4.711782379909217333e+00 -1.415090681364215008e-01 6.249824916157553645e-02 2.015973104096616397e-01 3.778530991607226497e+00 2.330661003127620923e+00 9.109779679457140844e+00 3.555753106731762614e+01
1.108122023071512650e-04 -1.561810499775762310e+03 -1.422377125069818060e-01 -9.821541439178149702e-02 -1.951909039854295314e+00 1.327230274467545996e+02 9.667761094103094477e-01 5.939536223167538598e-01 4.708136592218563621e+00 -1.704808748486246195e-01 -8.494203876323602742e-04 4.537194593515560953e-02 3.982648913367114574e+00 1.752456335371688212e+00 8.279869170443877380e+00 2.711352005018163780e+01
1.282485339486437318e-04 -1.561664366620351757e+03 -1.133579314207041472e-01 -8.785690943395210728e-02 -1.940780934706512362e+00 1.252865816096581000e+02 9.121453016322489393e-01 6.167941361536283251e-01 4.710275940624040203e+00 -1.498535478989988512e-01 5.899823872747234077e-03 5.002116988468180425e-01 -1.552096462987350378e+00 1.804270631876381259e+00 8.847220881217698008e+00 3.202677314670254560e+01
1.101763459814454621e-04 -1.561816254445725008e+03 -1.492501115025048342e-01 -6.639259846606550275e-02 -2.154771701176301679e+00 1.058955270000455471e+02 9.585056280413020158e-01 5.929036764245512181e-01 4.703740725211472906e+00 -1.539324793677410153e-01 4.049140080765112337e-02 7.821426726733822499e-02 -9.499478898512734304e-01 1.942613829661987701e+00 8.460944383434586769e+00 2.982582421648749715e+01
1.380651677892791209e-04 -1.561590610869089005e+03 -1.392188247234701637e-01 -7.913177733800627611e-02 -1.880524526073090730e+00 1.444299604162312960e+02 9.492365017909347724e-01 5.927675397605500773e-01 4.703745683161679736e+00 -1.579604293015102190e-01 8.287612583437464764e-04 2.352871575925939707e-01 1.805649342366422161e+00 1.797488623114462669e+00 9.020775639671295920e+00 2.734260588304093886e+01
1.105045289424779771e-04 -1.561813280167114954e+03 -1.197419054490858059e-01 -8.045469302784333254e-02 -2.003655094815830040e+00 1.011003381809203745e+02 9.611514743140981976e-01 6.110360839771464825e-01 4.714126804719388275e+00 -1.593335240687987486e-01 6.007898568825886798e-03 1.057969290454789935e-01 -3.936234702787714923e+00 2.421418244003548104e+00 8.666800527367236384e+00 3.045735683604788946e+01
1.235053266336354942e-04 -1.561702052387362983e+03 -1.221605574899162217e-01 -7.601134430475746384e-02 -1.536295608137763891e+00 1.127129624308812055e+02 9.516122235904932447e-01 6.060889392572715861e-01 4.715113055790357777e+00 -1.438955485929034328e-01 -6.177724408517848431e-02 8.766944331729360773e-02 1.468351386556037141e-01 2.543336674567964195e+00 9.336179734705684297e+00 3.113477812662601707e+01
1.072651047009685546e-04 -1.561843033288873357e+03 -1.366885662264576140e-01 -9.264490258599669681e-02 -1.925179636138829142e+00 1.175860623534580043e+02 9.431092812394161751e-01 5.957590612076678616e-01 4.708010461130578861e+00 -1.397610548160650445e-01 1.276633399977766814e-02 3.147915862009116328e-01 2.009423095132973458e+00 3.252043824426453789e+00 8.685693837507614035e+00 3.195400996819575212e+01
1.192374346922657003e-04 -1.561737219918377832e+03 -1.267064140038647868e-01 -8.755479396713392037e-02 -1.858762980809881560e+00 1.272289333366710480e+02 9.595331308226153766e-01 6.104599945587956267e-01 4.714954506874315499e+00 -1.623099855611176423e-01 1.081191753323307303e-02 2.921365995284084388e-02 -1.025449035083084937e+00 3.557600224993628935e+00 8.412591081086496558e+00 2.856696458301499675e+01
1.031530631704746358e-04 -1.561882122737789132e+03 -1.183131974151165056e-01 -1.015163788541940670e-01 -2.014389457187006016e+00 1.138954924975596867e+02 9.164858051284341389e-01 5.937805990818718627e-01 4.700205603290819489e+00 -1.622928538189105652e-01 2.727336334209495838e-02 4.176140899874309920e-01 -1.588193306542990513e+00 2.509432302826741790e+00 9.458617689736215084e+00 3.284501494590541881e+01
1.244399337108772032e-04 -1.561694513533807822e+03 -1.259911736537669691e-01 -8.166867739112081137e-02 -2.236640463006903445e+00 1.233186668722214421e+02 9.575279945887752442e-01 6.064063064839927408e-01 4.716282797829943974e+00 -1.415884025952971470e-01 4.439927929392872841e-02 1.906658596635387448e-01 -4.382218375868376370e-01 2.832308887953272070e+00 9.135356690707642002e+00 3.024110316649375463e+01
1.080967510379780545e-04 -1.561835310004096982e+03 -1.232986803580420621e-01 -8.341028867687913517e-02 -2.011729593501748958e+00 1.291910130758866728e+02 9.681939783643881414e-01 5.966031354351881699e-01 4.715784565528182704e+00 -1.662815976021665421e-01 2.250433317630196051e-02 7.514857172919700568e-02 -6.101606149693736825e-01 2.811066332249922972e+00 9.863045599027842059e+00 3.390505066826565894e+01
1.211155770342925626e-04 -1.561721591401335445e+03 -1.230854174743405277e-01 -8.513555560407405631e-02 -2.126340586966706692e+00 1.817522105608508127e+02 9.857780207615997048e-01 5.977349298407796940e-01 4.706680870899234037e+00 -1.584177785319060838e-01 4.743940382171629722e-02 3.112878638254754776e-02 5.805256530060290743e+00 1.449745842096450410e+00 9.296091389651262915e+00 3.481836324235465696e+01
1.183191349188878735e-04 -1.561744951166130249e+03 -1.171398931607387228e-01 -8.634893115711497757e-02 -1.886588652924241938e+00 1.489093314303785576e+02 9.748662612022572782e-01 5.928926692656684150e-01 4.716090931948441423e+00 -1.450129127382613348e-01 8.399176872111446812e-04 4.098135609455559603e-02 -1.654068298994587849e+00 3.023764532653627768e+00 8.943159166865942922e+00 2.941947185407223131e+01
1.173700799994077833e-04 -1.561753004653425705e+03 -1.340230422809614297e-01 -7.424123641526092499e-02 -1.990089826185897248e+00 1.607804503774357556e+02 9.738355003321881309e-01 5.946102993534529979e-01 4.713077151622464100e+00 -1.452007181176144801e-01 1.759037941824148632e-02 2.097566798043962732e-01 -5.062493225021825083e+00 1.408769547451282911e+00 9.093378614681292049e+00 3.437344435063316439e+01
1.144351366881449179e-04 -1.561778328502467048e+03 -1.430917265223617674e-01 -6.819179270865197151e-02 -1.680517044979226826e+00 1.468314399908587120e+02 9.750203656049900580e-01 5.984381351503125224e-01 4.707004198621627999e+00 -1.584869039405236713e-01 -3.751321597264389851e-02 7.629340955605097563e-02 1.248675820973289774e+00 1.768619415420835672e+00 8.302968853691083950e+00 3.209933607036718684e+01
1.090629392919678344e-04 -1.561826411532857037e+03 -1.131585703582209668e-01 -8.113247157235187190e-02 -1.662673946965970373e+00 1.173016328996351945e+02 9.594414865928251324e-01 5.880269673381786077e-01 4.710739511117195022e+00 -1.517254441505573315e-01 -2.065158230377317494e-02 5.306872138160674546e-02 5.333432919245808534e-01 2.324393480091058173e+00 9.203901235834365480e+00 3.000329450957461930e+01
1.123528259600042195e-04 -1.561796692521640580e+03 -1.322218979869868860e-01 -8.293475068181439813e-02 -2.134873762967153255e+00 1.286806531141622258e+02 9.532272609128470409e-01 6.005308901299279967e-01 4.705300257373330908e+00 -1.578415451318933016e-01 2.023346181361418417e-02 1.127601677515766287e-01 2.739438961269200945e+00 2.312981215305542904e+00 8.792759184459653099e+00 2.875473377413872811e+01
1.277754589450307715e-04 -1.561668062176667945e+03 -1.163842267868678143e-01 -8.015246932281225312e-02 -1.854173164754925107e+00 1.228709018105896718e+02 9.571701162372919791e-01 5.820775464985360470e-01 4.705051057418865312e+00 -1.724260649224467201e-01 -1.383636189898451718e-02 6.078502606530637731e-02 -2.993063309033061614e-01 3.063449848286881050e+00 9.325563321271879147e+00 3.207925285665425008e+01
1.031859037101294437e-04 -1.561881804421375818e+03 -1.264427890193477177e-01 -9.552203278737750325e-02 -1.960719176891500437e+00 1.155885373088059112e+02 9.470594014133650873e-01 6.109061518931118151e-01 4.709566490111461334e+00 -1.515890975192926149e-01 1.364833501996765008e-02 1.354919942351114626e-01 6.519818716253354296e+00 3.107834765886607897e+00 9.223006784953247106e+00 2.940471227552032829e+01
1.213072996232158281e-04 -1.561720009680735984e+03 -1.330165677414441860e-01 -8.386008978983085227e-02 -1.882518947805120080e+00 1.332352616856343843e+02 9.436767538239974051e-01 6.025819392684157449e-01 4.705570681190709870e+00 -1.603240970703334600e-01 -1.409716536225236183e-03 2.772411683463812393e-01 5.090724636352831567e+00 1.755705433969301232e+00 8.588337975844684280e+00 2.974462295795998656e+01
1.291379669910660037e-04 -1.561657455328737342e+03 -1.347431901770602403e-01 -7.412382098573190581e-02 -1.865842598594304569e+00 1.852014781614028038e+02 9.630962627108422547e-01 5.983782231460248457e-01 4.706392798192672977e+00 -1.637795997372351042e-01 3.181451810378099765e-03 4.952999358314396638e-01 -2.964772805957522905e-01 2.181310297990179947e+00 9.416578691859523786e+00 3.352331262429852643e+01
1.327765146014119968e-04 -1.561629669299615671e+03 -1.213741598847115077e-01 -7.068785995801142585e-02 -1.640261850725663884e+00 1.150342190070239354e+02 9.576308368688126738e-01 6.086409727789123814e-01 4.716469197986700834e+00 -1.644716515708748439e-01 -3.272089015915513599e-02 3.625558326528031949e-02 -4.038421562118372776e+00 3.235795002479058269e+00 8.340468003864675239e+00 2.938066112138704256e+01
1.115536976566748427e-04 -1.561803830604832910e+03 -1.396150728204810232e-01 -1.029115060800828985e-01 -1.950931167946459821e+00 1.145590392391968066e+02 9.317255146304990188e-01 5.933101011968052729e-01 4.706694990131857104e+00 -1.578136724043066597e-01 1.283181735640770427e-02 2.751552020986310909e-01 1.121592991936694261e+00 2.829888038556771512e+00 9.595750840549754912e+00 3.077501769758928063e+01
1.198616249563016849e-04 -1.561731998721080345e+03 -1.213743426204585835e-01 -8.842127504087293755e-02 -2.071307045773661759e+00 1.471932209941820986e+02 9.685116953156783781e-01 6.029098483582107093e-01 4.714822571092260439e+00 -1.657574362139238033e-01 2.524487867039604261e-02 2.374983569737230960e-01 1.884261719957947889e+00 1.147535771254815096e+00 8.388382160954943600e+00 3.328552793242523222e+01
1.217439107619868539e-04 -1.561716416926700958e+03 -8.046457979916239733e-02 -1.086435687601353950e-01 -1.805529599704795984e+00 9.788398055927146402e+01 8.985193985957430352e-01 6.101556532128880050e-01 4.705578151911804952e+00 -1.584164377079169128e-01 -5.683711215099807035e-03 1.187662313172518774e-01 -3.317621928023129385e+00 2.245646900766895548e+00 8.844473026701660245e+00 3.143211886529284627e+01
1.116134141465546326e-04 -1.561803295431967854e+03 -1.249713882929861936e-01 -1.023528023352648225e-01 -2.282864536041652848e+00 1.117999841507309782e+02 9.561634684791407990e-01 6.106812087300746983e-01 4.712207235943678185e+00 -1.543484433366841824e-01 6.095561593109621867e-02 2.879267378871734617e-02 4.331004283822522893e+00 2.548686143083345179e+00 8.801419066946980507e+00 2.663028191818117563e+01
1.310042124296856530e-04 -1.561643107194501681e+03 -1.245353810677787693e-01 -1.051411773242247882e-01 -2.038773392326682643e+00 1.189085397245696782e+02 9.441083999809998240e-01 6.100302625167304260e-01 4.716892261082149318e+00 -1.429631892264788817e-01 2.208954224068770955e-02 3.465961059656709753e-01 8.052499330931368604e-01 2.585330103598959539e+00 9.366013717226007174e+00 3.011912782634507124e+01
1.265489566434359174e-04 -1.561677707430799728e+03 -1.406083790819807888e-01 -9.602789975700473657e-02 -2.034516788995044401e+00 1.293005656004224306e+02 9.477279679901556841e-01 5.961612580679070961e-01 4.705687239293468771e+00 -1.474591288175708392e-01 1.209697272088483544e-02 2.649486870071287581e-01 -3.904846484540087204e+00 3.148926618777303510e+00 8.724171845977402029e+00 2.775913225974136012e+01
1.169785684505329597e-04 -1.561756345930755060e+03 -1.300378411216693841e-01 -8.644026473544443034e-02 -1.830995380475906265e+00 1.152626044372455141e+02 9.540382305984617117e-01 6.161558736158014860e-01 4.717713057878652805e+00 -1.498815008192910803e-01 -6.119768094574595807e-04 2.659205178663556768e-02 -3.313533028625641919e+00 2.332952680486055641e+00 8.611614050647586893e+00 2.613608157339175619e+01
1.227147316468439175e-04 -1.561708474266306212e+03 -1.316257059716107181e-01 -8.572634504938525524e-02 -1.782382369544649237e+00 1.314509006228143164e+02 9.503600241284586581e-01 5.902914449213447767e-01 4.710257151117769325e+00 -1.568374653799677887e-01 -1.428871849914603587e-02 1.899645856334855054e-01 -8.066568009830149322e+00 2.874197845114667693e+00 8.746314312897629506e+00 3.096519954872656299e+01
1.093988938828637501e-04 -1.561823335893960802e+03 -1.426035041251751956e-01 -7.566503784057669602e-02 -2.159873244287978000e+00 1.336530164055968442e+02 9.761534322673794950e-01 6.037924581502085442e-01 4.714316792720660843e+00 -1.541484724305215437e-01 3.916185339384337105e-02 1.904466607471637651e-01 3.180302549139042867e+00 2.774732542158320214e+00 9.436822834538837412e+00 3.001148026932531820e+01
1.079364352118042218e-04 -1.561836794182138192e+03 -1.480182838064003081e-01 -8.376535427519297972e-02 -1.905287691062575561e+00 1.281949717936382456e+02 9.641379332336579289e-01 5.763169144887136941e-01 4.696894538905581840e+00 -1.587894282674624513e-01 -9.198586856451917981e-03 4.410270828271654203e-02 -5.097492546669911917e+00 3.235942635868127581e+00 9.129146012831878210e+00 2.968208282209461402e+01
1.103267354856662534e-04 -1.561814890387440300e+03 -1.388738842075964708e-01 -9.594716184478371823e-02 -1.794420175515061500e+00 1.319816295859006061e+02 9.556993484234472813e-01 6.061716150429492522e-01 4.712876163423996623e+00 -1.601862950921728590e-01 -2.824173784891459427e-02 2.128249070551915811e-01 3.179875240831279370e+00 2.293624284950834813e+00 9.047814344434023326e+00 3.291746826727970188e+01
1.192637950606067874e-04 -1.561736998868209866e+03 -1.159716115861313263e-01 -1.065511810735735865e-01 -1.959129064894640893e+00 1.471423705570671245e+02 9.302576167987991473e-01 6.088570625328058039e-01 4.707621272969463533e+00 -1.504955187136740591e-01 5.534369340735034726e-03 6.388836092778472642e-01 -2.997574635210469296e-01 3.109624369426189361e+00 8.400939528784290289e+00 3.153927721538374129e+01
1.322843548667670033e-04 -1.561633382863984707e+03 -1.356067017450641732e-01 -1.178849636063571127e-01 -2.178715206122076253e+00 1.224912676775701073e+02 9.404942812973726696e-01 6.038266926975965898e-01 4.704953166481264049e+00 -1.491276944134498628e-01 4.772241998407711350e-02 4.231041827721212512e-01 3.240472877628093329e+00 2.265465492960361260e+00 8.555362895928176670e+00 3.045473053145963860e+01
1.021764516285941337e-04 -1.561891635436510569e+03 -1.460573857262972008e-01 -9.112563789847226425e-02 -1.781185982385813604e+00 1.509060049395693852e+02 9.808162369971888950e-01 5.842572322219088399e-01 4.708513011798969750e+00 -1.542587956957488515e-01 -4.874911030600781459e-03 1.042040481995264584e-01 -2.846064871584559341e+00 2.050363001791177808e+00 9.748509248715397035e+00 3.366961011179492402e+01
1.105170273385236288e-04 -1.561813167070489726e+03 -1.391401214935095165e-01 -9.667935234656742371e-02 -2.021811965078212481e+00 1.143898068973393265e+02 9.346883955259505106e-01 6.104585602978362946e-01 4.713018509236211351e+00 -1.518954730205632764e-01 2.828949322785212495e-02 3.361453837806863687e-01 1.625310385919362943e-01 3.169952416162358233e+00 8.178865589288598414e+00 3.187720111715286464e+01
1.316408500183032285e-04 -1.561638259291940358e+03 -1.153987838638650398e-01 -1.017514323577180524e-01 -1.812868380018784364e+00 1.173874337174221409e+02 9.602215171984764819e-01 5.995272618102382989e-01 4.714837432998876032e+00 -1.599267533474306724e-01 -9.215686054285354700e-03 2.334274143230631593e-01 -4.206741313228320678e+00 2.436764976745053879e+00 9.147392814579324849e+00 3.128966849626280222e+01
1.251686460921517760e-04 -1.561688674676408482e+03 -1.278182821940347380e-01 -6.520148695811341100e-02 -1.931192603600490276e+00 1.231361957191931822e+02 9.696427454020859482e-01 5.927302656405388781e-01 4.712995739173448939e+00 -1.587814072334357007e-01 -4.789645216296989361e-03 7.702272746517080382e-02 2.576534967434298551e+00 2.091111858198102524e+00 9.360335234632199075e+00 3.136950621317091503e+01
1.113627698789393221e-04 -1.561805543603666365e+03 -1.408204095991916760e-01 -8.325175922648631044e-02 -2.285708454572275006e+00 1.189166897185676106e+02 9.550746519185656647e-01 6.060724930842580349e-01 4.708354981706826869e+00 -1.546295005756914698e-01 5.537967334072368963e-02 2.849105353106456961e-01 8.805612090833392358e-01 2.166915045776596216e+00 8.716389467737784003e+00 2.985203743078113092e+01
1.236414508155712520e-04 -1.561700950821749984e+03 -1.099728462960425368e-01 -9.432490133554000122e-02 -1.789110119175902458e+00 1.329388880837755380e+02 9.471004228826309657e-01 5.893565211451619046e-01 4.698211090932938205e+00 -1.663774757072897792e-01 -1.220979471270999817e-02 3.578527954967385405e-01 -3.388219124723264031e+00 2.676116731591848819e+00 9.313838012691366686e+00 3.264541055316128393e+01
1.279480504602926170e-04 -1.561666712347378734e+03 -1.493382270707408199e-01 -9.079151763870529912e-02 -2.137063993463704570e+00 1.511269498472678094e+02 9.799004189073150517e-01 5.874650914973348348e-01 4.703801935554492886e+00 -1.637674342233079727e-01 3.521443247840916335e-02 1.865205578867178832e-02 4.448223184591057588e+00 2.735364332088097150e+00 8.874020658540704432e+00 2.493576868574487548e+01
1.264575387363853763e-04 -1.561678430083480180e+03 -1.206587884129734917e-01 -1.170600564881884575e-01 -2.021520843890632690e+00 1.086292957097786882e+02 9.507935061409402699e-01 6.006283246645682805e-01 4.702668073427307860e+00 -1.608414324489457758e-01 6.962939415564139978e-03 5.124003737609789805e-02 3.905180858920687115e-01 2.352904077239315050e+00 9.074541498668153849e+00 3.347811905313125180e+01
1.110777433995532810e-04 -1.561808106325997642e+03 -1.288447828375584026e-01 -9.818005526534068217e-02 -2.215911855622751503e+00 1.197055664026396471e+02 9.568483905024971481e-01 5.947968522671915892e-01 4.709120851947572461e+00 -1.413859042438421199e-01 4.589998733257383279e-02 7.602398725136602642e-02 7.739277256104287517e+00 2.662097774640992398e+00 8.119844071865056634e+00 3.168053240281331995e+01
1.157165048998551619e-04 -1.561767193396563471e+03 -1.209313893769879272e-01 -8.907199692600525909e-02 -1.993286499152507441e+00 1.166327754209873291e+02 9.472217743768516218e-01 6.101141822653657343e-01 4.716871229370145358e+00 -1.515389605792600847e-01 1.616326164560266676e-02 4.312729165394504349e-01 1.589867048535637650e+00 1.952795124390060977e+00 8.438225662974140562e+00 3.473431600233767114e+01
1.258576776022832548e-04 -1.561683184947439486e+03 -1.479102840219849446e-01 -9.500857539754231640e-02 -1.893652473074509679e+00 1.205728277310189611e+02 9.597965692994139264e-01 5.960140733595518103e-01 4.714789049744118721e+00 -1.622991557811075403e-01 -7.482882584128214276e-03 3.559550740381980938e-02 2.895150934537355170e+00 2.616181099561409873e+00 9.094776711348394826e+00 3.624062785504722228e+01
1.132826305103569957e-04 -1.561788450822148661e+03 -1.058211031703901045e-01 -1.081292078784148458e-01 -1.868104283667626708e+00 1.151168207467638354e+02 9.040735725210268248e-01 6.173460145000283505e-01 4.713506445733877115e+00 -1.666445613558926730e-01 -1.465002213697608191e-02 2.910705354557737157e-01 8.297499089028690378e-01 2.287775977828254703e+00 9.033828578404733634e+00 3.130436868292429864e+01
1.097302857364947218e-04 -1.561820311266142198e+03 -1.384900520371284971e-01 -8.086529959581746640e-02 -2.173695430773386228e+00 1.320836081738243024e+02 9.728459671405117470e-01 6.020242411131471183e-01 4.713138455346227218e+00 -1.672482222077680269e-01 2.597821037308367664e-02 4.341686295723851813e-02 -3.184484361614181580e-01 2.039478045010589824e+00 9.373999267326516005e+00 3.267340551972552731e+01
1.037716441986734833e-04 -1.561876143917002310e+03 -1.240497160171059876e-01 -1.164546010952835775e-01 -1.937478073250274546e+00 1.272615677478491421e+02 9.617844350945706777e-01 5.960477396685468499e-01 4.705228885669447969e+00 -1.610791795893011802e-01 4.447825976195973752e-03 6.674440689926142145e-02 1.560408304258061207e+00 3.224266894971350439e+00 8.556602717306848405e+00 2.955192417448227005e+01
1.331591360598726142e-04 -1.561626791748437199e+03 -1.355389528850481640e-01 -1.111489301773877225e-01 -1.925300837463990611e+00 1.401579429495185423e+02 9.542235944692704086e-01 5.918288830983164939e-01 4.703428694187467229e+00 -1.708644643933259211e-01 3.234710958917696999e-03 1.184387341663061671e-01 -2.697900928317551461e-01 2.554001105798953120e+00 8.409202819024574893e+00 2.896431407187771612e+01
1.157347938370956273e-04 -1.561767035359539022e+03 -1.289786406117357231e-01 -8.874453619061384302e-02 -1.972731663752024467e+00 1.320436250785567438e+02 9.608591000566242268e-01 5.923019757238978666e-01 4.703904576882993460e+00 -1.699598373002415563e-01 1.690329377999111315e-02 1.278524964331984037e-01 5.669341551151489966e-01 3.763982452660519229e+00 9.639445672008140065e+00 2.893254505208286886e+01
1.306712469328998104e-04 -1.561645652069571724e+03 -1.373273754008938197e-01 -1.053584934140174151e-01 -1.921702162449192341e+00 1.285733067330837116e+02 9.469300641729619938e-01 5.923442276611117219e-01 4.703467887824725580e+00 -1.788582285020088314e-01 -1.173107981696119850e-03 3.102337838259092151e-01 1.248478207645121074e+00 2.207469669867845319e+00 8.600492879639931587e+00 3.050197750921246254e+01
1.226399222202437906e-04 -1.561709084072786254e+03 -1.458416989022562060e-01 -8.546064600098908504e-02 -2.061644703759996755e+00 1.409737485290974632e+02 9.725457845323538519e-01 5.833312341458745109e-01 4.697369129811486133e+00 -1.591910308278889907e-01 2.169896146891892030e-02 7.388626724171117044e-02 -2.456883222325586758e+00 2.437890385006413752e+00 8.396318507239763917e+00 2.664933206874464844e+01
1.054597655581216239e-04 -1.561860007162078546e+03 -1.309358515642597143e-01 -6.218339256612603894e-02 -1.954671880301261710e+00 1.033278119420945984e+02 9.692732483985690983e-01 5.773671833405561449e-01 4.699165120061122636e+00 -1.560124832821463414e-01 2.122337984243616305e-02 1.852584722998278088e-02 -1.134754326115881895e+00 2.308022606938964216e+00 8.831282401265628579e+00 3.565261422964339033e+01
1.194622125720453906e-04 -1.561735336564558111e+03 -1.184828384477711050e-01 -1.003427931982571603e-01 -2.046451488531585206e+00 1.199564614205146995e+02 9.514620536330067324e-01 5.830073718030372998e-01 4.696417189134076686e+00 -1.521042806311518891e-01 2.666208146958237712e-02 9.763577482640710403e-02 -9.568922480785033713e-01 2.191859536431750577e+00 8.598670215646532000e+00 2.801199333581205764e+01
1.314440691951699767e-04 -1.561639755241312287e+03 -1.003152616462882341e-01 -1.016821812560698979e-01 -1.833206365239158808e+00 1.130343634372106862e+02 9.381584526828413706e-01 6.178268927659243959e-01 4.718700739984016401e+00 -1.549151291414569975e-01 1.321003631806760836e-04 1.130067102608079549e-01 -1.158283299629630392e+00 2.636580963739310057e+00 8.493346226244868902e+00 3.203845630027068836e+01
1.029433395662003603e-04 -1.561884157937568261e+03 -1.143661425070499615e-01 -9.050238820146454255e-02 -1.589875223158927042e+00 1.088472601495005421e+02 9.615657106784293306e-01 5.866073882318509902e-01 4.704264672598200470e+00 -1.511038184094259940e-01 -3.820344445806300726e-02 1.048972345156351793e-01 -3.341512299319020940e+00 1.620946805691581005e+00 8.771751322249388139e+00 3.088177541537584503e+01
1.160898136949126163e-04 -1.561763972525622194e+03 -1.261548584517248883e-01 -9.690588705448688334e-02 -2.189098231468292077e+00 1.493961263779132764e+02 9.603422941167710780e-01 5.971535941543330006e-01 4.707435817227134223e+00 -1.458456233357425802e-01 5.859187341960958584e-02 1.948524293079684222e-01 5.129453787877196191e-01 1.754634535985566401e+00 9.090040652679709510e+00 2.676676337596406441e+01
1.209316414009350613e-04 -1.561723111234283351e+03 -1.486768575643115375e-01 -1.026430705945269861e-01 -1.974352642455378559e+00 1.388070205436193305e+02 9.631392995214165254e-01 5.836394105578751601e-01 4.701481615160812311e+00 -1.620817666411982216e-01 1.946507579200495996e-02 8.177266031538775459e-02 -5.504141679806252796e+00 2.459241455856964187e+00 9.097576206044234226e+00 3.488491248386394261e+01
1.125366329152515071e-04 -1.561795057878584430e+03 -1.056798546208376072e-01 -8.628186466640887231e-02 -1.869553480404721357e+00 1.095402144002335376e+02 9.696801810264491506e-01 5.928900591855287283e-01 4.706917321666991505e+00 -1.600836883192644500e-01 -4.299957788553410154e-03 1.420515013035094851e-02 -3.765718876501807699e+00 2.323590733928404539e+00 9.060149815576457044e+00 2.709593177398650354e+01
1.030405914491269682e-04 -1.561883213670802661e+03 -1.353583277890987313e-01 -9.854637373321661897e-02 -2.048658042669604384e+00 1.574910602564463034e+02 9.392673735392308432e-01 6.024762428158957350e-01 4.709110290882255967e+00 -1.492487408585805309e-01 3.188877108731635879e-02 3.837812699309718356e-01 5.502081055178109636e-01 3.133572451672339554e+00 9.082035154705071278e+00 2.810812132822149323e+01
1.028436345513220957e-04 -1.561885126949558526e+03 -1.290328738404220854e-01 -8.435836938417996811e-02 -1.959358998035771737e+00 1.069645087981611340e+02 9.438605692185136897e-01 5.990267181776184335e-01 4.709332047718602254e+00 -1.742954484608256749e-01 -7.182822974886704515e-03 1.291716323860308546e-01 -1.793278222115503695e+00 2.433153924521369582e+00 8.452397353423402038e+00 3.286253903165958690e+01
1.080698981342594669e-04 -1.561835558450413373e+03 -1.371316986190216636e-01 -8.622841051409592394e-02 -1.996647891213535919e+00 1.288126558167765268e+02 9.639610378415437442e-01 5.797972634574607431e-01 4.698710106589369495e+00 -1.615289207554040374e-01 3.506298739258895125e-03 2.100513529480526054e-01 4.341740783647566104e+00 2.200344582170776775e+00 8.256925830624872731e+00 3.062983861331714053e+01
1.099394225549107587e-04 -1.561818407163084657e+03 -1.233403529124686149e-01 -9.417834409337952351e-02 -2.319994060962500715e+00 1.348828132274076097e+02 9.613345115488620696e-01 6.044055972619375439e-01 4.712534340477889216e+00 -1.486107069112523327e-01 7.372047329987885256e-02 1.475180798327687948e-01 5.928852897363867669e-02 2.400068680193157000e+00 9.205136048378580682e+00 2.748328981900760581e+01
1.057281393919920639e-04 -1.561857465596278189e+03 -1.273256737268728955e-01 -8.530635965219296457e-02 -1.800005234512664254e+00 1.445066584846082662e+02 9.518784876536846573e-01 6.074046693203606351e-01 4.714614754044329281e+00 -1.525374991573540395e-01 -1.039915446220063266e-02 5.396988226958620016e-01 6.890622716710765872e-01 1.993232479888695785e+00 8.402149275935633099e+00 3.483971576171396123e+01
1.157093523458087520e-04 -1.561767255209483892e+03 -1.302299340663754801e-01 -1.173699570166555350e-01 -1.992796433496677455e+00 1.204081697230291752e+02 9.151881125360418201e-01 6.029793665480454035e-01 4.703079192713508938e+00 -1.566844741916817441e-01 1.434881143154287386e-02 6.262026054201080827e-01 2.150336860664708638e+00 2.359300230360572570e+00 8.580266932907253619e+00 3.174788262076311440e+01
1.112324369444184268e-04 -1.561806714634716627e+03 -1.328227856584271172e-01 -9.979672038212669682e-02 -2.225359342434126031e+00 1.339252233432584092e+02 9.729759887602715818e-01 5.857770541948328358e-01 4.705184903476177460e+00 -1.586572942497093130e-01 4.859796899703749951e-02 1.803094206666779609e-01 3.532665597164339033e+00 1.008791502273953533e+00 8.666921430150020811e+00 3.644359063568703050e+01
1.336893755397854263e-04 -1.561622817657110318e+03 -1.362397496580578793e-01 -8.937875422253782620e-02 -2.043122183160267724e+00 1.210617862444690758e+02 9.763391541054871059e-01 5.980933926545015655e-01 4.713827988204580599e+00 -1.684779372492419824e-01 2.662343872740424722e-02 1.313833102710300627e-01 3.331583149141522426e+00 2.547122021587910901e+00 8.877739101962545121e+00 2.770576968495208803e+01
1.306577034859569126e-04 -1.561645755720138823e+03 -1.083404440769851068e-01 -8.021254650945265630e-02 -1.927527169837514265e+00 1.371054874237559602e+02 9.734809329186437932e-01 6.033584855991688256e-01 4.711000641730429983e+00 -1.562546274542810920e-01 1.329787265011539432e-03 2.531614225167194698e-02 2.735621107245862049e+00 1.078715305308786121e+00 8.881804307932172904e+00 3.198243302040004821e+01
1.099697211200535805e-04 -1.561818131607781879e+03 -1.213366227673532832e-01 -9.648245698760636591e-02 -1.953261596772269071e+00 1.265259854043170975e+02 9.588740751905967530e-01 5.805559240032003299e-01 4.703992137264797258e+00 -1.571270267956550448e-01 2.051347659297397819e-02 2.216224583773992451e-01 -2.149437424589393686e+00 2.522496152580822049e+00 8.185547255441738557e+00 3.218434128945757777e+01
1.307723067765158124e-04 -1.561644878978422867e+03 -1.335950312327948419e-01 -9.879896717746375345e-02 -1.816261888866270491e+00 1.287627410033786077e+02 9.399601672679721576e-01 6.033563750728712094e-01 4.703068980655234377e+00 -1.518239515431862863e-01 -1.906786506239144252e-02 2.649503714563253287e-01 -2.668192084209891846e+00 2.444667074318451760e+00 9.172889025322206180e+00 3.105807955961725852e+01
1.264697002686464397e-04 -1.561678333917228429e+03 -1.314087442097191805e-01 -7.476770623958874096e-02 -1.922947029864969792e+00 9.241541297241724351e+01 9.406561515658926620e-01 6.003946134204229956e-01 4.706460716484642148e+00 -1.507225650084103030e-01 1.477379790209809585e-02 2.632271715465685225e-02 2.323375272062435215e+00 2.782438062022052350e+00 9.664687622006118417e+00 3.614364931942870385e+01
1.113957316030344473e-04 -1.561805247662329748e+03 -1.282640862690453964e-01 -7.536523559567172292e-02 -1.726950239140863319e+00 1.778165401248172088e+02 9.692064505302502297e-01 5.949606198454495676e-01 4.716924189054199523e+00 -1.437575260036052516e-01 -1.806430251948487609e-02 1.907454327518288972e-01 -1.984399649267714949e+00 2.460148557542285452e+00 9.055853405825708080e+00 3.300390918434914767e+01
1.139629436498833628e-04 -1.561782463333287978e+03 -1.465781654763490260e-01 -8.644916880073617860e-02 -2.078249099817033319e+00 1.452416915471710013e+02 9.625640165034867746e-01 6.043518729290353608e-01 4.710041125437007814e+00 -1.574757696887667535e-01 1.802820946289940274e-02 4.480493058493505154e-02 -1.010751435176700852e+00 3.390333454403315905e+00 8.757095910084444768e+00 3.425689959810907226e+01
1.070526695511218120e-04 -1.561845015720989977e+03 -1.149992528573936384e-01 -9.491263986177500556e-02 -2.125448337687282141e+00 1.271371797582258836e+02 9.619973260694730799e-01 6.081727854726413085e-01 4.709454771369790294e+00 -1.417568142305385415e-01 3.361872770803953081e-02 1.321555082539370152e-01 1.464531045520402586e+00 1.914582956616395215e+00 8.778365285608824564e+00 2.824026890346431529e+01
1.261791711049624733e-04 -1.561680633783364101e+03 -1.354605978890441043e-01 -7.501772219151049692e-02 -1.614026780356809576e+00 1.225131722064663791e+02 9.397365644234010329e-01 5.936357400772682702e-01 4.703515314001185388e+00 -1.509888920362236764e-01 -4.704963985124299697e-02 2.549511647133978487e-01 -6.275554919640171647e-01 2.907726557391687727e+00 8.678694169261479630e+00 2.904865727158301070e+01
1.020022667151049343e-04 -1.561893341637403182e+03 -1.431891927701940403e-01 -1.105133003206070774e-01 -2.134055339159434794e+00 9.417134551189653280e+01 9.495147918458796132e-01 6.063368408613180049e-01 4.709353093554186742e+00 -1.599026188406735827e-01 2.242335772848003117e-02 3.896580333881058400e-02 -2.025741535124183201e+00 3.501871737430661824e+00 8.957740509011102858e+00 3.420486859758731413e+01
1.275222474687462903e-04 -1.561670045833809809e+03 -1.314168224337166346e-01 -7.992184065003317406e-02 -1.862067728463895566e+00 1.258236555646284103e+02 9.514038342411084148e-01 6.135029784248010598e-01 4.718346338466829160e+00 -1.528729363091958504e-01 -2.587166937048523963e-03 1.075820552753057463e-01 -1.361625815325595568e+00 2.396674360398587389e+00 9.030917498950131517e+00 2.590851008779871023e+01
1.081002061971307387e-04 -1.561835278041027777e+03 -1.314409888582497021e-01 -9.734339876496153621e-02 -1.967365937932094244e+00 1.295408869515429444e+02 9.330268236368327583e-01 5.918890805308243408e-01 4.700496521362417468e+00 -1.526792004699955019e-01 8.634861737751631239e-03 3.795061764259425319e-01 3.144829483341595733e-01 3.180920331951941904e+00 8.133739239272742338e+00 3.126036968490431178e+01
1.156507552562823112e-04 -1.561767761753947298e+03 -1.101508098759726162e-01 -1.089713533112940808e-01 -1.835990625088722794e+00 9.475706088463653032e+01 9.251188099091197659e-01 6.035361519313235945e-01 4.703840607610318969e+00 -1.617041626164756885e-01 -1.647647221206360868e-02 4.234640242664647336e-01 -3.671001938450757507e+00 2.682699072078520430e+00 8.721911580818698440e+00 3.145722304672504777e+01
1.122010312894552579e-04 -1.561798044488563164e+03 -1.032303910789687251e-01 -8.857745023296602349e-02 -1.716711432320873865e+00 1.421401017247511902e+02 9.063141154638503227e-01 6.077641826046149554e-01 4.706937869726080415e+00 -1.627788371791809574e-01 -2.759255842410857085e-02 6.845164177909069947e-01 -3.239519930825935035e+00 2.085237961787722583e+00 8.947247423720439130e+00 2.975810005700885341e+01
1.192659712956975623e-04 -1.561736980621136354e+03 -1.199083780591087833e-01 -1.010650526864386445e-01 -1.950473528324165429e+00 1.316792320515602341e+02 9.379973439935439528e-01 6.042572178010188200e-01 4.710060347588868268e+00 -1.432381437927867651e-01 1.332634770189988771e-02 3.952172763428710156e-01 -2.396556897690203414e+00 3.557778692593993597e+00 8.702597667665234127e+00 3.478250335191324183e+01
1.177389419959335982e-04 -1.561749866855513574e+03 -1.184559862539737995e-01 -8.733282442865386574e-02 -1.795923955985299969e+00 1.262159817411813236e+02 9.278042309155887235e-01 6.109447086861331533e-01 4.712074617624638861e+00 -1.687369218066359089e-01 -1.677609968879778535e-03 3.720236103956224283e-01 -5.862129712608265208e+00 2.821678763905932641e+00 8.876576271374169380e+00 3.274166328447025620e+01
1.203537999111183591e-04 -1.561727900935571370e+03 -1.215991597788707163e-01 -1.161979529463150612e-01 -2.076151966642537428e+00 1.285986714205911028e+02 9.438060122690377085e-01 5.925881518002187320e-01 4.701864568895343766e+00 -1.669518007532313497e-01 2.216625682596795599e-02 3.153847720994825687e-01 1.778163167338078665e+00 2.045454655813738754e+00 8.576475066802036196e+00 2.869092468395917450e+01
1.210407828709246693e-04 -1.561722209135808953e+03 -1.184977182363374792e-01 -9.212627959995231541e-02 -1.878164805064938658e+00 1.218503361099404003e+02 9.461860467395957208e-01 6.032969842664823723e-01 4.711822440265809320e+00 -1.426442767834763536e-01 2.315240554510156201e-03 1.111752274689469244e-01 -2.930155184253550260e+00 3.020258353837013132e+00 8.072097356761620546e+00 3.439082897545397799e+01
1.234054927077011784e-04 -1.561702861051249329e+03 -1.025105973423648675e-01 -1.020693888973382146e-01 -1.799151904824430215e+00 1.079985641599650279e+02 9.208624555590378957e-01 6.165121134846389683e-01 4.708884319850139555e+00 -1.651819639409186635e-01 -2.449854315514388148e-02 3.378522563125047617e-01 -3.997852812130133771e+00 2.842762411166988024e+00 8.637964810992437847e+00 3.038447416895051489e+01
1.080951121679615655e-04 -1.561835325165352288e+03 -1.268599644084911493e-01 -1.064566190890749164e-01 -2.062404445309754308e+00 1.295726934055467439e+02 9.577315536124421103e-01 5.879743030022672734e-01 4.706343236754490178e+00 -1.573896879981442343e-01 4.209170697814679230e-02 3.177799531806667632e-01 -2.637709518984536317e+00 2.410436641501756405e+00 8.679308959529731027e+00 2.899808020930116825e+01
1.074631474695949911e-04 -1.561841188698580481e+03 -1.225149034503973111e-01 -1.101968235696573623e-01 -1.940575483401572043e+00 1.447555462728026043e+02 9.619596961705867422e-01 6.026381797934321494e-01 4.712183016144739334e+00 -1.616015587411760990e-01 2.118469448841686642e-02 3.558987574197282622e-01 8.626269376874802219e-01 2.403090760984105678e+00 8.812005955597612683e+00 3.108751320635372295e+01
1.108125102558671766e-04 -1.561810496996751681e+03 -1.232073668757212581e-01 -1.006085702620339861e-01 -2.012649799525437100e+00 1.505389854981642088e+02 9.328487730814860601e-01 6.033523100982834952e-01 4.710351663661785260e+00 -1.484376033350560675e-01 2.363390900243755866e-02 3.284194885920302398e-01 -3.986176269775711489e+00 2.771295346233881851e+00 8.785962182114248620e+00 3.076291433084321625e+01
1.100256996670540753e-04 -1.561817622701296386e+03 -1.146960272039994483e-01 -1.035383991849142954e-01 -1.975531033417758042e+00 1.187733994140782414e+02 9.003018535373238374e-01 6.016537967562538558e-01 4.702219602653752162e+00 -1.676202028833659874e-01 1.729764095248254030e-02 2.996978101135716055e-01 1.244271620262509259e+00 2.827209425359078487e+00 8.759059946605862734e+00 3.189840237850849292e+01
1.091685990249962956e-04 -1.561825443205894771e+03 -1.292559118778157379e-01 -1.020330482235151520e-01 -1.863307703580173502e+00 1.410135294605205445e+02 9.587941919021384374e-01 5.923455920826977694e-01 4.711003110504369928e+00 -1.535857273560461422e-01 -4.079053972823931673e-03 2.839002736108179326e-01 -4.388792153313261224e+00 3.643069904517348689e+00 8.941036226298715306e+00 2.926239948251796363e+01
1.189728233530001032e-04 -1.561739441581292567e+03 -1.003868041270737088e-01 -9.498341834799839400e-02 -1.721574077930946078e+00 1.243656553699390486e+02 9.331208726119502028e-01 6.167624851646367201e-01 4.711433301037663668e+00 -1.476378096653347960e-01 -2.584616046327958827e-02 3.370191036938778306e-01 -3.469058158991913388e+00 2.848375132555536204e+00 8.533099801582345378e+00 3.174590373223584550e+01
1.288278423934596263e-04 -1.561659859715177163e+03 -1.403559523858984026e-01 -7.295242900300305533e-02 -1.901348164318508838e+00 1.347475999760771401e+02 9.782381837364999555e-01 5.848947736942544662e-01 4.703494899750552349e+00 -1.546048076575288199e-01 1.827688473212751852e-02 2.265618987448213828e-01 -3.838082994441350593e+00 1.667332261591658593e+00 8.755586878826825625e+00 3.322637478104140030e+01
1.024363727819070749e-04 -1.561889094820653554e+03 -1.286339531480489295e-01 -6.410381052127640811e-02 -1.851730542249186762e+00 1.519011033329320810e+02 9.834826321033129926e-01 5.908909281505851929e-01 4.707503355308489290e+00 -1.493894010267953210e-01 3.776670490515776635e-03 1.714118828430511582e-02 -6.482996180592550672e+00 1.811056412741485211e+00 9.608195911637196218e+00 3.297536485884544533e+01
1.231838199996155073e-04 -1.561704658961834866e+03 -1.468168175525284280e-01 -8.113940987187714948e-02 -1.667809606664104383e+00 1.263183550568496258e+02 9.647997529945131490e-01 5.807454110720582374e-01 4.706181922136455142e+00 -1.659335447826155718e-01 -2.787445925921927525e-02 8.177634063342459347e-02 -5.638676818415149228e-01 2.346638386079735739e+00 8.867147759769489213e+00 2.809768741587048879e+01
1.094119258282653164e-04 -1.561823216777863763e+03 -1.461356324611462754e-01 -7.590077810347221898e-02 -1.854964012631857839e+00 1.663398366419323793e+02 9.816924660429963145e-01 5.908116324942384034e-01 4.704060427504175301e+00 -1.430663971670025347e-01 -4.688504002300364348e-03 3.832212263712167499e-02 -3.825979073529424568e+00 3.972767143919475608e+00 9.331041279309282288e+00 3.200774172186427080e+01
1.252693149201094495e-04 -1.561687870734122953e+03 -1.210599594557372066e-01 -7.513399234417823813e-02 -2.034033526858625152e+00 1.141368063816174612e+02 9.557183808829242677e-01 5.956773520158380464e-01 4.711496619981046408e+00 -1.639611219742549419e-01 3.625046904486928234e-02 1.358243691063020994e-02 4.348464885205061137e+00 3.359218127602314752e+00 9.176689189970721472e+00 3.326938934325496433e+01
1.348944836142540438e-04 -1.561613843803167356e+03 -1.301775587082472929e-01 -9.226629989390214281e-02 -1.894381241966656138e+00 1.209092244397186846e+02 9.483124615485556408e-01 5.912432656576218637e-01 4.704564767800000880e+00 -1.622935850816378256e-01 1.888355509291339551e-02 2.604428800125825894e-01 2.974791828805251725e+00 1.523629215747668297e+00 9.319904892575724631e+00 3.065143354523203101e+01
1.341374570065163635e-04 -1.561619471600402449e+03 -1.293424724197857756e-01 -1.180320901128341926e-01 -2.263007828506336860e+00 1.051074371524843514e+02 9.456367328443068265e-01 6.027466564149523975e-01 4.710324177795689238e+00 -1.596558123801163909e-01 4.416937385583352693e-02 1.654974338275958246e-01 -4.965163264402008281e-01 2.685311040291349372e+00 8.541984658448908974e+00 3.079497278730969256e+01
1.276608532770522400e-04 -1.561668959509350771e+03 -1.266647218210427972e-01 -9.746995651062448363e-02 -2.133983146408164444e+00 9.367491151908953384e+01 9.196829012499646572e-01 6.152170491288107002e-01 4.708580196508599158e+00 -1.453291358696211510e-01 5.742042048205764360e-02 2.629266607981680104e-01 1.355072385863195450e+00 2.159553798206093056e+00 8.732364039265473110e+00 3.136128117289416295e+01
1.284866431746341058e-04 -1.561662511718371206e+03 -1.276232248860765806e-01 -6.599072170456077302e-02 -1.720702485224895550e+00 1.349389057789635160e+02 9.597526032367061921e-01 5.817507153184839908e-01 4.699995248288868055e+00 -1.648532112334757382e-01 -2.058614014406234816e-02 2.178052674976128922e-02 2.614226076284666078e+00 2.731433471425681603e+00 9.322109919752907814e+00 3.318983669752540067e+01
2.065197183072887911e-04 -1.561187940777124368e+03 -1.430946058284585098e-01 -1.001537848973374362e-01 -2.063364646297247695e+00 1.101704201839575603e+02 9.495953114111265192e-01 6.052638874954971993e-01 4.710864356797388908e+00 -1.593617319120959053e-01 3.178612430581040371e-02 2.429413287036396307e-01 1.847078274836633227e+00 1.262227535412385748e+00 9.392795216736526953e+00 3.267733899328317904e+01
1.113932299252007682e-04 -1.561805270120155456e+03 -1.029302853560790099e-01 -9.777541839830286574e-02 -2.001399880791206343e+00 1.246758745196330835e+02 9.322396057534408920e-01 6.055227611706222035e-01 4.708937075832456465e+00 -1.653052875069123129e-01 2.353561410515681018e-02 3.281029141330089605e-01 -1.054598330899295888e+00 2.978121195054139747e+00 9.527431994402757454e+00 3.032461337257696954e+01
1.181365466980611789e-04 -1.561746495542276080e+03 -1.287159712580873694e-01 -8.803045280365633107e-02 -2.080431828235411729e+00 1.063690863390189350e+02 9.631841584654701194e-01 5.942023195357895027e-01 4.709921829838640051e+00 -1.653141532110273815e-01 2.622458423209317324e-02 1.248930701971914109e-01 -1.598012794552204241e+00 3.493517465945061851e+00 9.122250392075258674e+00 2.725811767628616522e+01
1.803367160667119367e-04 -1.561323510924909442e+03 -1.066509822998353563e-01 -8.371530157536258288e-02 -1.623314773501718156e+00 1.064574648821506599e+02 9.218449528414432992e-01 6.047873836302661843e-01 4.709771797133676330e+00 -1.417928233424345930e-01 -2.873335878284022371e-02 1.364769078431353200e-01 -5.581759286451784874e+00 2.426173318746949192e+00 8.632350621317730344e+00 3.048867622154505241e+01
2.361433011628808398e-04 -1.561053897844071116e+03 -9.355143933975321180e-02 -1.126964937774455888e-01 -1.900741473219142996e+00 1.048460522364927385e+02 8.769641995671781931e-01 6.223979785301125833e-01 4.706944198557649450e+00 -1.492117080307115984e-01 2.061008882170423107e-03 3.068245522708045181e-01 -1.191122218542375322e+00 3.005029399042791205e+00 8.925029985140998434e+00 3.360546074693415619e+01
1.090841350003538468e-04 -1.561826217207918035e+03 -1.338728500379923747e-01 -1.189504696048044596e-01 -2.190341371871621590e+00 1.079918171298139100e+02 9.317932678817213432e-01 5.910214565164090272e-01 4.700260290868669699e+00 -1.470718734622447066e-01 5.270238770922142102e-02 1.656148100047803440e-01 -1.136689640909395393e+00 2.043810472347251661e+00 9.171589152340064999e+00 2.789607524743975375e+01
1.160013482735700881e-04 -1.561764734859050805e+03 -1.192980742496378699e-01 -1.053887604916915188e-01 -1.989657254422501076e+00 1.087693450417973224e+02 9.375692380372979695e-01 5.953525564400033998e-01 4.706859779411712630e+00 -1.411559549664329616e-01 1.202117797821067313e-02 1.315886768281528119e-01 -4.101071541450380664e-01 1.196922836993796757e+00 8.933748461024348941e+00 3.339143233201590988e+01
1.269757579531101974e-04 -1.561674340487158361e+03 -1.373912365957326298e-01 -8.574957215852026249e-02 -1.823047188026158949e+00 1.320960230380770781e+02 9.656653406344281043e-01 5.820676464140748241e-01 4.705775663109754703e+00 -1.702266977289124128e-01 -1.364996624423131522e-02 8.593683800915635773e-02 5.201735988212902839e+00 1.160608726321177286e+00 9.018099119692424281e+00 3.040379968449102677e+01
1.897996305653201906e-04 -1.561272367733405645e+03 -1.468533254853264802e-01 -9.175468570942307833e-02 -2.201962357129491288e+00 1.491687564786119538e+02 9.628030855109982467e-01 5.944007687542514073e-01 4.707571763432648382e+00 -1.408236034516048285e-01 4.915386708982949493e-02 2.320533460635165052e-02 -1.704444250578632136e+00 2.438682624862686943e+00 8.614673541031736548e+00 2.806155537406706912e+01
1.078192308236730065e-04 -1.561837880637032413e+03 -1.482955104294826076e-01 -1.037340496235596432e-01 -2.060216403414911746e+00 1.408593287626537744e+02 9.634080846759427441e-01 5.886386629024324968e-01 4.703376621451132777e+00 -1.524233445560803091e-01 2.348256860224928744e-02 2.720879840072572553e-01 5.207534272412431164e+00 1.478744161355294295e+00 8.345103962514976104e+00 3.396717819025285223e+01
1.536803581939424218e-04 -1.561483461823902189e+03 -9.099485586620587041e-02 -9.700513216994775811e-02 -1.770831520604062348e+00 9.374929256794247578e+01 8.974141689188219750e-01 6.222892699927340399e-01 4.707783762153036733e+00 -1.635223214434904371e-01 -5.930778643739920142e-03 3.588219766087950569e-01 -1.612778906864605233e+00 2.474981856619318243e+00 8.433585834572543405e+00 3.427018539206439129e+01
1.339953837382667828e-04 -1.561620531323494561e+03 -1.199860696737941740e-01 -1.040960879544440554e-01 -1.902986502907949573e+00 1.231428489692290071e+02 9.346577647420042378e-01 5.976883900340811406e-01 4.699505970814269240e+00 -1.632925470649695399e-01 2.212271862167769498e-03 4.327076689101034268e-01 -3.837051014227768064e-01 3.352916453793874929e+00 9.009844383839782367e+00 3.396858663317758698e+01
1.178396515137365231e-04 -1.561749011858270933e+03 -1.220275288511745437e-01 -9.961451382228612983e-02 -1.862629836453647769e+00 1.234611574731611938e+02 9.471614073158345359e-01 6.047717971116988167e-01 4.710100662335458210e+00 -1.628296865741010180e-01 -1.273322885245287139e-02 8.368003935742941712e-02 -2.005678078817140886e+00 3.769583836441880997e+00 9.369883022866121181e+00 3.499347352560733526e+01
1.365486835186494573e-04 -1.561601655466284910e+03 -1.341689734694648251e-01 -9.409090609154804885e-02 -1.737971754317122031e+00 1.460750098116203901e+02 9.589124605601337947e-01 6.045715047157746991e-01 4.711571249268023287e+00 -1.407716579003270851e-01 -2.632571499692515360e-02 2.078852034687624362e-01 -7.761140183353347766e-01 2.193562588521658085e+00 9.436625134255471892e+00 3.131379649074528260e+01
2.236703726200280182e-04 -1.561108163255880299e+03 -1.234073464302873346e-01 -7.887412125731488310e-02 -1.883324977551963597e+00 1.280771815664224107e+02 9.609444419616774979e-01 5.847391397166329385e-01 4.703851789218602697e+00 -1.582615859326517160e-01 -1.068719585075017520e-02 1.796921958223955118e-01 3.261266574731308765e+00 3.071850123319452841e+00 8.524332071612183981e+00 3.121996653239411756e+01
1.574939661495899695e-04 -1.561458949525767139e+03 -1.464496902920809362e-01 -1.203494497574649214e-01 -2.318462352539159443e+00 1.066530730559539819e+02 9.503453523925322610e-01 6.017131389695093979e-01 4.714342969475390888e+00 -1.360786070051345220e-01 6.298292054550125307e-02 1.684256626113317390e-01 4.802366741809692030e+00 1.999373230757939268e+00 8.953259481094931971e+00 3.179653055811004947e+01
1.255092920157823170e-04 -1.561685956877340232e+03 -1.069574837692842950e-01 -1.065744395322946458e-01 -1.861396703812235875e+00 1.076452278938385945e+02 9.304732259958145013e-01 5.970758793358913463e-01 4.702151629973778668e+00 -1.733837304612202423e-01 3.395401653641050288e-03 3.818455902216680298e-01 2.016783971266079334e+00 2.064611797345738964e+00 8.985673047327669138e+00 3.225939214211936701e+01
1.177838229916402033e-04 -1.561749485737397436e+03 -1.189214204673453290e-01 -1.143517564379949170e-01 -2.257903551902639805e+00 1.211690801202151277e+02 9.608594707648461242e-01 5.989126266445909952e-01 4.711355344215745866e+00 -1.527657619302291714e-01 5.841309508760650360e-02 8.765355388422316207e-02 4.666165542648741393e+00 2.874121488685710268e+00 9.027735372345691900e+00 3.091427691945858314e+01
1.786381991458658742e-04 -1.561332974146568631e+03 -1.187088342649880585e-01 -1.032625578046879322e-01 -1.846130745885701030e+00 1.588416086269784842e+02 9.344335551808211626e-01 6.102392127687841228e-01 4.710403980603781626e+00 -1.587198836286018988e-01 -1.212154490178640742e-02 6.487863914829101741e-01 -2.194832889956586541e+00 2.410959448871818900e+00 8.563225685740306403e+00 3.129776694953056904e+01
2.321350314922702301e-04 -1.561071017438492163e+03 -1.369903728892665207e-01 -9.550214113599861387e-02 -2.204949023128464969e+00 1.462797697421010525e+02 9.765386169369638658e-01 5.780913111004599703e-01 4.698403423439165394e+00 -1.584323942007812569e-01 5.798685504125344892e-02 6.032645431347864046e-02 2.199991900345509066e+00 7.763765821489077013e-01 8.809974077905181389e+00 3.026753549151650446e+01
1.370753473362925788e-04 -1.561597805917936512e+03 -1.295822861404338777e-01 -9.103083762481348207e-02 -2.242011947438818709e+00 1.223732232278131420e+02 9.588973225735365480e-01 5.974895603002312594e-01 4.711680251634192018e+00 -1.524191667210930135e-01 4.288687653011691303e-02 3.513283278099572221e-02 -7.160698591808625224e-01 1.079095416570141630e+00 9.084130759056673554e+00 2.862150750701908208e+01
1.274723357213927721e-04 -1.561670437306815757e+03 -1.185996145815086666e-01 -7.296602001111912594e-02 -1.744005148625569879e+00 1.371943897476854772e+02 9.752787201372955517e-01 5.841394443284371185e-01 4.703554433118199540e+00 -1.609665543444758207e-01 -3.191215794587343169e-02 1.500610888305183299e-01 2.059836800279100544e+00 2.126841485008856836e+00 8.981754732068081282e+00 3.459994191166093458e+01
1.355003156789544262e-04 -1.561609362703086617e+03 -1.304500524470219303e-01 -1.110990736719023875e-01 -2.309491708448834224e+00 1.244827333020233056e+02 9.625741244468889457e-01 5.943384913191835928e-01 4.707842288190224878e+00 -1.455350111084317000e-01 7.213208750811572756e-02 2.852360623897042258e-01 3.327761592320570116e+00 1.661570688760494185e+00 8.570281296413462258e+00 3.173536006850530100e+01
1.120204473268117293e-04 -1.561799655253087622e+03 -1.440055879317224952e-01 -8.564051162094034331e-02 -2.109378889159222226e+00 1.064284261333705359e+02 9.352751585392040656e-01 5.924799748718345693e-01 4.703724386457631468e+00 -1.683172579866423213e-01 4.112633588851766220e-02 1.611519343222064804e-01 -1.152414754463336521e+00 2.179205226974567644e+00 9.155891882080101851e+00 3.165598135886937925e+01
1.446362410809537457e-04 -1.561544114764933283e+03 -1.498243019344568661e-01 -9.218334514344900255e-02 -2.460390284476320133e+00 1.217175820527080106e+02 9.572192681923415991e-01 5.998729533616655729e-01 4.711814812470350056e+00 -1.313266253892457769e-01 7.543131521937129769e-02 2.301887475397328409e-01 6.239333709150002960e+00 1.101373608078937139e+00 9.171740489760104253e+00 3.167047490327778902e+01
1.029240366110937606e-04 -1.561884345465631441e+03 -1.329071096118068507e-01 -9.458251778177484415e-02 -2.351515811554615976e+00 1.239599151597014384e+02 9.551999764167027340e-01 5.982638506085673491e-01 4.706789810655511275e+00 -1.333981697397317312e-01 7.250703578254413806e-02 2.134111428111718223e-01 -2.778430241454458383e+00 2.116060376224138118e+00 9.479283409126182391e+00 3.141488021520566321e+01
1.100896092770701709e-04 -1.561817042009184433e+03 -1.282233383138937366e-01 -8.269922551331829186e-02 -1.956360067999836305e+00 1.445470116450559601e+02 9.758572240823543131e-01 5.879521041907957990e-01 4.704193455369255261e+00 -1.835036644361862646e-01 -1.794819319094198562e-04 1.496794827501128286e-02 -3.438449512679540021e+00 3.088400586479411736e+00 8.484345616636579379e+00 3.087425052954229088e+01
2.537041791823231086e-04 -1.560982167733738152e+03 -1.113285567087763939e-01 -7.207492303403188749e-02 -1.571143388474034897e+00 1.039316875557769180e+02 9.366254142408556582e-01 6.094126152616730074e-01 4.711431855964200111e+00 -1.487472588761535874e-01 -4.385789036877385527e-02 2.314436926527234650e-01 -3.929540565015088305e-01 2.571045906613500520e+00 8.678651147630889184e+00 3.456080507053871287e+01
1.261741528272429416e-04 -1.561680673555201793e+03 -1.378281048238533257e-01 -6.379151537931893046e-02 -1.974460796608280555e+00 1.285185843164045991e+02 9.713173678932792710e-01 6.053744784958059455e-01 4.720667141350783247e+00 -1.550748984332039893e-01 2.449985550177613547e-02 6.961209880504080905e-02 7.510711146895232559e-02 1.499962094455686845e+00 8.675808983205858027e+00 3.260577432036227208e+01
1.145718627354366505e-04 -1.561777134424872202e+03 -1.274078278626790406e-01 -9.214066640855744783e-02 -2.032115915671370843e+00 1.446871426708722481e+02 9.783797879222314586e-01 6.104414084582472366e-01 4.718825038983263553e+00 -1.638014954308149029e-01 6.214279515611709215e-03 3.546895380777069506e-02 4.484099180531870843e-01 1.704635230663220646e+00 9.059498782951758145e+00 3.241034208251814164e+01
1.939999807448462670e-04 -1.561250478613327687e+03 -1.350134523127741737e-01 -1.005219627433308477e-01 -1.943029188744095359e+00 1.372570528665624181e+02 9.579881209351815974e-01 5.931217287806211935e-01 4.699501075508408121e+00 -1.641135102805315604e-01 3.583534384073550072e-03 1.148848498233500659e-01 4.439522522583843056e+00 2.232122701017358324e+00 8.699603734032891111e+00 3.020727618227836331e+01
2.774583963717789986e-04 -1.560892665674175305e+03 -1.221195559374618905e-01 -8.510410651431178641e-02 -2.035063378757732355e+00 1.469798666078422400e+02 9.711919761430501952e-01 6.018580288738165640e-01 4.707044524400419760e+00 -1.627569098275651882e-01 3.490209817380152124e-02 1.620096219756310754e-02 4.841654171575186183e+00 3.018533267666434483e+00 8.957014958002162075e+00 3.182447886934958348e+01
1.040456902877485355e-04 -1.561873506540783410e+03 -1.483322860432655932e-01 -9.825784744717605546e-02 -2.310128967327903737e+00 1.385326683012999638e+02 9.631374593094178538e-01 5.904301709438166679e-01 4.703333385416459400e+00 -1.501545105445396544e-01 4.929849174829525893e-02 1.515804479383086600e-01 9.429781061649805451e+00 2.010846253108877768e+00 8.768279185903837813e+00 3.203584994529373375e+01
1.107696097259816683e-04 -1.561810884216897648e+03 -1.070301154023037132e-01 -1.023305664074953547e-01 -2.059342646937913468e+00 1.213625428887533104e+02 9.275432178546765272e-01 6.136213315276022318e-01 4.709147380162818308e+00 -1.568699064260816733e-01 2.352115131457743757e-02 3.971052725576489362e-01 3.416045160725388996e+00 1.442628278500279748e+00 8.990496949757510237e+00 3.085603188990770818e+01
2.019567605889221009e-04 -1.561210283055140280e+03 -1.308585582688316096e-01 -7.544957015839016956e-02 -2.223789564818161146e+00 1.525261506832271721e+02 9.747040285903061374e-01 5.938762304230679190e-01 4.708377703706538853e+00 -1.401813374289864189e-01 6.562149821308449482e-02 7.156918429969495732e-02 6.801241024957050740e+00 1.377542863481906465e+00 8.682679602844300959e+00 3.598093221152021215e+01
1.260062678672969601e-04 -1.561682005022444855e+03 -1.244493164030580634e-01 -9.284417129848945849e-02 -1.882640910607395801e+00 1.188202480477249736e+02 9.488654141414372134e-01 6.071858645761397666e-01 4.713727254395342570e+00 -1.558854637004318811e-01 1.810612509519415880e-03 4.583677047846068664e-01 -3.647041594140006282e+00 2.393760581083981265e+00 8.144604966918267408e+00 3.287089856965729950e+01
1.245024201433568133e-04 -1.561694011518519346e+03 -1.461677586426423092e-01 -8.743320304328236481e-02 -2.170836875721872339e+00 1.481671486977486438e+02 9.738586817717680422e-01 5.962280537559165872e-01 4.712440839249556923e+00 -1.480054713129428379e-01 4.476527866855883886e-02 5.093467736167441862e-01 1.804783718344594945e+00 2.176329175716196218e+00 8.588994485561718406e+00 3.213442266788246826e+01
1.198843711435971035e-04 -1.561731808968694622e+03 -1.406158822743213688e-01 -8.669047305189182817e-02 -2.213750290723178971e+00 1.549323941043959678e+02 9.711810509714233763e-01 5.858040145095326778e-01 4.709676577952539134e+00 -1.557313071861110565e-01 4.264720312171510486e-02 2.478942561050317128e-01 3.214629126019445948e+00 3.593929094743986141e+00 8.852089657488960484e+00 3.191304816986140125e+01
1.078458383050352742e-04 -1.561837633888853816e+03 -1.037174786728283227e-01 -8.161294792481811611e-02 -1.667026901373336090e+00 1.059969704633697347e+02 9.110453415808323907e-01 6.019744790112930843e-01 4.705346197586171009e+00 -1.564549904962475591e-01 -4.006862498050023369e-02 1.319571643221238710e-01 -4.956654098015462750e+00 2.760850607899101306e+00 8.626760025270741039e+00 2.735966985960491726e+01
1.186371425443111488e-04 -1.561742267060693166e+03 -1.107031993357003030e-01 -7.232639689522875337e-02 -1.781742084173652207e+00 1.237487215589127487e+02 9.642572225979045841e-01 5.910139234295876953e-01 4.707983807862184733e+00 -1.754237952530703915e-01 -3.745588131092603135e-03 1.200224910908101877e-01 -5.230427492910251885e+00 3.087972833498486835e+00 8.963435552917452753e+00 3.188805272217731712e+01
1.473101161102267638e-04 -1.561525796675107813e+03 -1.376059731731065494e-01 -8.239956433162137772e-02 -2.003553881438120410e+00 1.341690739299064035e+02 9.347978590881066419e-01 5.972844838402582290e-01 4.703894137130063768e+00 -1.548363192164199376e-01 2.183249939300280218e-02 2.948268028505046101e-01 -1.692765892469282107e+00 2.405401865322120969e+00 9.135478643835458712e+00 2.933570686774744729e+01
2.758954286498178574e-04 -1.560898314760917856e+03 -1.154462721536864411e-01 -9.209131742414249089e-02 -1.941655530696664078e+00 1.232130622002485154e+02 9.243349500657085382e-01 6.183467903955977008e-01 4.710392504593317042e+00 -1.589512717746031090e-01 8.105665089110480892e-03 3.460444864396649001e-01 3.561471890492384773e-02 2.666839614047789020e+00 9.133938424087162389e+00 2.900258793634879950e+01
1.137322593925690033e-04 -1.561784489588853830e+03 -1.117275243985078464e-01 -8.419350744481769733e-02 -1.794453121683076802e+00 1.343978476268860049e+02 9.378669145150277942e-01 5.967584783221162592e-01 4.701583863332028379e+00 -1.503389469017721858e-01 -1.584728489404563234e-02 4.262686009470684767e-01 -1.827623638774412029e+00 3.386557825090674712e+00 8.961121804910154864e+00 2.815441341115132445e+01
1.237170690964713778e-04 -1.561700339415413282e+03 -1.290752375264321294e-01 -7.449056401667775162e-02 -1.774009000078695664e+00 1.064613362716462319e+02 9.637022578832131758e-01 5.898285825557314510e-01 4.710220966503552376e+00 -1.745250859973044300e-01 -2.199247457325270716e-02 5.732681345618120122e-02 2.873851441394322137e+00 2.568144255749138516e+00 8.930798559606767384e+00 2.881566026580484419e+01
1.329272096730349257e-04 -1.561628534990428307e+03 -1.288573672962503580e-01 -7.353024924368341264e-02 -1.905670767907690966e+00 1.172985626924188551e+02 9.712931194060359097e-01 5.980566781521698960e-01 4.712676219741609884e+00 -1.563379864592353563e-01 1.879057903663694518e-02 5.476542173181395134e-02 2.193973620351243881e+00 2.048754349977421896e+00 9.463305012527900573e+00 2.627342252078912566e+01
1.421689588272810796e-04 -1.561561320471951603e+03 -1.260086604750368933e-01 -1.158221675957742947e-01 -2.047807684307739073e+00 1.148278040679815462e+02 9.454331596604004240e-01 6.029893821915099927e-01 4.706570936087225654e+00 -1.557592825292997141e-01 2.609797059721286061e-02 3.905476967723544024e-01 -2.448784501725924656e+00 2.607619497783653095e+00 8.955327121465405327e+00 2.939190458544593909e+01
1.098006313145298134e-04 -1.561819670394401783e+03 -1.348368125023176600e-01 -9.200045472707632510e-02 -1.900995836840013498e+00 1.405955969653663260e+02 9.566700776591313682e-01 6.000020831299812674e-01 4.710038720083566943e+00 -1.676268545728443193e-01 5.444319940764996701e-03 3.563559834641065738e-01 1.387874102087778283e+00 1.268421338246672470e+00 9.037140619114424567e+00 2.768756429761631921e+01
1.585913527778914803e-04 -1.561452005887630776e+03 -1.458127758420454667e-01 -8.239348857731666753e-02 -1.744841729234842820e+00 1.249603377885959645e+02 9.705113794839418384e-01 5.852451568139208637e-01 4.706402449788798847e+00 -1.468263458125576015e-01 -2.151401808900521573e-02 1.517056827098589300e-01 -1.273617671855248545e+00 2.926494397482604093e+00 8.118710060487810409e+00 3.162041001313809119e+01
1.540602525073019318e-04 -1.561480992897194938e+03 -1.434390988222473962e-01 -8.680310763493438719e-02 -2.239835834246227009e+00 1.276471254460506088e+02 9.678704194279083017e-01 5.990210949795656825e-01 4.711880433026742310e+00 -1.567094937279953637e-01 3.793462635116795489e-02 2.721308315854049920e-02 4.390755462109439122e+00 7.255103536210061321e-01 8.545394728585065991e+00 3.146771086964772479e+01
1.123702352377279343e-04 -1.561796537581798930e+03 -1.400184356730194424e-01 -9.931499281088215780e-02 -1.981156464536605988e+00 1.168122566268647944e+02 9.610625917844141108e-01 5.873653627907534647e-01 4.707101022432213178e+00 -1.720690898563810300e-01 4.057985991506418699e-03 1.502212363437119003e-01 4.730271450987743265e+00 2.949522667262782782e+00 9.447654806787998183e+00 3.214988093548076620e+01
2.111485821646426158e-04 -1.561165774606605510e+03 -1.004879889393388570e-01 -1.121351614161544830e-01 -1.889613805265538460e+00 1.239404897148550049e+02 8.997290141128059249e-01 6.140984823076307553e-01 4.709870926927385071e+00 -1.620131101130670714e-01 6.338510125393215233e-03 5.961632366473008648e-01 -1.772962880953912190e+00 2.361616604214633597e+00 9.169501712477101663e+00 3.181466217582118361e+01
1.474120278540422919e-04 -1.561525105096616244e+03 -1.051120664416090034e-01 -7.334238385151993500e-02 -1.693216357802971528e+00 1.009788696873497287e+02 9.269743612738068350e-01 6.070278003996487648e-01 4.709000577576302859e+00 -1.584461757410873251e-01 -2.001213609568353036e-02 1.780370045973211079e-01 -9.488886362436232957e-01 2.478936404114895353e+00 9.738755448002955006e+00 2.847259561927750582e+01
1.240646718086650777e-04 -1.561697533696646815e+03 -1.475334814234575409e-01 -8.999116759035247215e-02 -1.894196374301680086e+00 1.230423547932653605e+02 9.592492367322601465e-01 5.894616726543374652e-01 4.705485262113889178e+00 -1.562375707438059536e-01 -1.771052334749101398e-02 4.709943502573354923e-02 -1.158990451135707644e+00 2.507632351649746738e+00 8.020180706499902001e+00 3.095286689875564790e+01
1.246236800692500216e-04 -1.561693038036131384e+03 -1.276846402201678998e-01 -9.043160446621192894e-02 -1.974172932822735094e+00 1.405764914227347617e+02 9.526992152032758288e-01 5.989842040321300409e-01 4.704270749544782859e+00 -1.527254950916661080e-01 2.839381071861657446e-02 1.147191915763541015e-01 -8.666270498911785580e-01 1.281663875904670569e+00 8.943072711187770807e+00 3.159514148124697996e+01
1.068011979605332430e-04 -1.561847367529815529e+03 -1.401619909272119324e-01 -9.486374044012800544e-02 -1.775060186440805099e+00 1.354674193452039503e+02 9.673954157313351399e-01 5.780369827094702373e-01 4.702102757032706748e+00 -1.566350043233297740e-01 -1.597162466119295132e-02 2.174636912131082400e-01 3.646049718674646556e+00 1.915510395923525344e+00 9.043978655691065072e+00 2.887912956068372594e+01
1.171867814522702697e-04 -1.561754567588599002e+03 -1.296531329069413874e-01 -6.313504506403534722e-02 -1.856157394963986462e+00 1.210145771019221854e+02 9.565107006659017141e-01 6.027177306459740036e-01 4.711635318347486390e+00 -1.630324355104710854e-01 4.467727550646616308e-03 1.736982455475290787e-01 -1.732713397347822593e+00 1.215654840759805566e+00 8.853238985268351513e+00 2.968143250744170558e+01
1.153016562851123816e-04 -1.561770784880960491e+03 -1.203964535665433544e-01 -9.572708795372936175e-02 -1.763313664033874018e+00 1.362282973027994046e+02 9.612005291171432653e-01 5.794835049135893534e-01 4.699802196102483620e+00 -1.826127989267882779e-01 -2.173118443204979933e-02 7.543566735349295505e-02 -3.001402727259119274e-01 2.547805472793318593e+00 8.908114072552653084e+00 3.001251508766456055e+01
1.186686206873113991e-04 -1.561742001764623183e+03 -1.267120795724220872e-01 -9.470479799030284696e-02 -2.236608231477790643e+00 1.308460672230814623e+02 9.464831922448069257e-01 6.090251264007668919e-01 4.715638077620874391e+00 -1.478881048301019518e-01 5.450984200786135325e-02 3.051010966575661842e-01 3.881057895384572021e+00 2.816456397113253907e+00 8.460978529999829689e+00 3.512045603043212338e+01
1.333728349418156472e-04 -1.561625188196511090e+03 -1.238238705347635416e-01 -1.110156259572466220e-01 -2.156694407017591963e+00 1.452861078779427544e+02 9.718636039252669390e-01 6.037301586545691379e-01 4.712873285421413705e+00 -1.582255562836483165e-01 3.363831115609849931e-02 5.416872168332995119e-02 4.100238997089320492e+00 2.759330195142850606e+00 9.085786380889192770e+00 3.209174928244807035e+01
1.022418690766318530e-04 -1.561890995401409555e+03 -1.479411664339638499e-01 -8.146950353644655252e-02 -2.086433928977644570e+00 1.237883407121220500e+02 9.823008265216178758e-01 5.784625114591530615e-01 4.707187362609145609e+00 -1.706415244956667188e-01 2.381452571942310747e-02 8.243693883174563197e-02 -2.078452696059684968e-02 2.009632416436368807e+00 8.540122496040524425e+00 2.980266426755184739e+01
1.033346873748455569e-04 -1.561880363560784872e+03 -1.097941483073962277e-01 -9.488000851329041196e-02 -1.825106945888282928e+00 1.417931632398461090e+02 9.677932685477503849e-01 5.848637990939582476e-01 4.708368190199700543e+00 -1.675640879527295901e-01 -6.527267635950018132e-03 2.003506233112822832e-01 -1.148849483865575394e+00 2.369331452739653621e+00 8.705645477998347204e+00 3.500705450686747611e+01
2.021271565469268951e-04 -1.561209439685924735e+03 -1.279585835235310942e-01 -8.456675843566914541e-02 -2.008009188415955215e+00 1.204454946493789294e+02 9.705772426508717521e-01 5.862239205806124565e-01 4.706333301020876547e+00 -1.671518975859851430e-01 3.632561648050547376e-02 1.702741670132714435e-01 4.569595528797378847e-01 2.741507387038266685e+00 8.972462161050408724e+00 2.828221280036291674e+01
1.219213168503320642e-04 -1.561714960780319871e+03 -1.271487450391592111e-01 -9.926439848701354429e-02 -2.107729622698098382e+00 1.320052870740705657e+02 9.606307084282637021e-01 6.015023729423425447e-01 4.711620249230357160e+00 -1.518234605399764181e-01 2.406045509440102315e-02 2.166203672649650580e-01 -2.721019076227662481e+00 1.118948047910905963e+00 9.167068155564340515e+00 2.983723207623256712e+01
1.361229861788992531e-04 -1.561604777885904696e+03 -1.370800304463859198e-01 -1.164535315266644055e-01 -2.179364041902971394e+00 1.124540099533255670e+02 9.355606866428383128e-01 5.977697889439748113e-01 4.708162897549279080e+00 -1.332767288492504587e-01 4.522255253435170097e-02 2.905286163590343751e-01 1.641096237787905920e+00 2.407253007388199251e+00 9.092693404161856563e+00 3.335948066785199018e+01
1.423388265216195020e-04 -1.561560126355493139e+03 -1.266599629558249063e-01 -9.387170983107094580e-02 -1.641790654146384032e+00 1.428065315026846633e+02 9.639277444525661265e-01 6.012250043627613838e-01 4.708943943301269641e+00 -1.448336249961448274e-01 -4.310362433473113875e-02 3.815553600199586559e-02 6.726977033907814985e-01 1.925007677170964548e+00 8.500444165188580925e+00 3.033144651872110487e+01
1.115589139011128456e-04 -1.561803783845984071e+03 -1.393199012476068754e-01 -7.987880780198770847e-02 -2.017102818277840992e+00 1.356576604636835839e+02 9.521567105048942548e-01 5.926659477127236286e-01 4.703770822506008642e+00 -1.497797609175830491e-01 9.924151692417559900e-03 1.385325417182765306e-01 9.901090660097793261e-01 3.664052908977755152e+00 9.226673809870522547e+00 3.245504060148596182e+01
1.217941192853881058e-04 -1.561716004600756605e+03 -1.169384048705770507e-01 -7.166502091519570683e-02 -1.666241508467446009e+00 1.212910825497374248e+02 9.524554036756434083e-01 5.924222021329339505e-01 4.706645320206730432e+00 -1.677771191412571472e-01 -3.093243974091852699e-02 3.372228104176621111e-01 -5.424403994776440641e+00 1.995579292553784079e+00 9.063618982824927173e+00 3.270459481934118173e+01
1.155367812466724973e-04 -1.561768747741518837e+03 -1.072233593818640029e-01 -1.276605798794465119e-01 -1.974453333591588589e+00 1.008847909152789839e+02 8.838572417573213880e-01 6.280389288778511769e-01 4.709883465899643795e+00 -1.491673230973908915e-01 1.936716235590130175e-02 3.793811587098002702e-01 2.192663172940314098e+00 1.808305846416446983e+00 9.018977155458518524e+00 3.146484955152817520e+01
1.780986984943353575e-04 -1.561335998790592839e+03 -1.259897923131317043e-01 -9.794003410556194333e-02 -1.965674866663055687e+00 9.746242049101425664e+01 9.224618730986683390e-01 6.159405469147947176e-01 4.710394550778543632e+00 -1.563908622502563350e-01 3.222240169635792739e-04 2.066062854693101469e-01 -1.244553341950194181e+00 1.652516096076528385e+00 8.668453739479996756e+00 2.787795924891089783e+01
2.135126950674832904e-04 -1.561154640380562341e+03 -1.209678091179809956e-01 -1.017522776379279348e-01 -1.879829692795735641e+00 1.296959272585559120e+02 9.217651457433481132e-01 6.012714642746661564e-01 4.704653292453039981e+00 -1.484707950518617814e-01 -7.013482069690324394e-03 4.370387670487773102e-01 -1.027181726050287125e+00 2.703623504852203929e+00 9.072270867871544908e+00 2.872882472597326853e+01
1.081696533708750228e-04 -1.561834635813985415e+03 -1.314156615101176595e-01 -7.796617867950303427e-02 -1.894643338499433893e+00 1.318599384813089443e+02 9.565740065253893754e-01 6.129563346171360561e-01 4.714573326868942260e+00 -1.481245866735583228e-01 -7.684600073549763266e-03 1.775740658892827062e-01 5.929710382054054207e-02 2.501605326929001727e+00 8.772292334158215965e+00 2.669404222367266399e+01
1.290170891822578936e-04 -1.561658391803268842e+03 -1.446713761531771558e-01 -8.843061560949350142e-02 -1.889896487024303351e+00 1.218470266351015567e+02 9.652416280427383866e-01 5.877907039101617492e-01 4.703940283801986588e+00 -1.624449066623823157e-01 2.457663649684471707e-03 1.487164414921084976e-01 5.952711441414294313e+00 2.226612843000408404e+00 9.165542293242289418e+00 2.744748176940781192e+01
1.179267499251126724e-04 -1.561748273004771818e+03 -1.082670615956446286e-01 -1.011566598299992598e-01 -1.847613004558290140e+00 1.194000527681453860e+02 9.349393042958186184e-01 5.946760246330576871e-01 4.702830257708974671e+00 -1.762247804223244785e-01 -1.088293792167860374e-02 2.283120961754551426e-01 -2.387390034481057910e+00 1.698584699856064972e+00 8.623083844184309399e+00 2.902690463459367720e+01
1.061580770856045510e-04 -1.561853407396638659e+03 -1.209208855005589750e-01 -8.227416894350214616e-02 -1.589023684401973613e+00 1.313817569720143297e+02 9.382861279987235736e-01 6.032569935602956068e-01 4.712425009022693345e+00 -1.493720120780106519e-01 -5.022020451910225169e-02 2.186475307122608680e-01 -1.093540207080792470e+00 2.898621872025941570e+00 8.297445257020918064e+00 3.069661484703411958e+01
1.193435169446172928e-04 -1.561736330641521363e+03 -1.364622139571077253e-01 -8.003230784195285163e-02 -2.229650341671992386e+00 1.365379136446094037e+02 9.800095655513879622e-01 5.934281133403120911e-01 4.711995461732779944e+00 -1.428590807693828069e-01 7.203801959521105580e-02 5.932566390662522005e-02 5.976963553748788627e+00 2.644991601999713282e+00 8.983483442042693667e+00 2.820235420442396190e+01
1.546990504881097365e-04 -1.561476855053340159e+03 -1.314342363182883500e-01 -1.106380776962484491e-01 -2.065074279472820518e+00 1.078227415960125342e+02 9.172278083657676717e-01 6.116863587409632208e-01 4.711082825841613086e+00 -1.618913692940975313e-01 1.473919582609650725e-02 1.233215950109107506e-01 3.495631664559766705e+00 1.819911294734910534e+00 9.291642329370851883e+00 3.154244054832366828e+01
1.214218256895792381e-04 -1.561719066027396366e+03 -1.024626139452496920e-01 -6.718262223548328305e-02 -1.781916916972505094e+00 1.138618025197317394e+02 9.537668667396758115e-01 6.073017699584069007e-01 4.705735869742353472e+00 -1.620547649015089409e-01 -1.549753707926981861e-02 2.713550026289248546e-02 -1.351253025823467624e+00 2.511222876144802996e+00 9.126389961516601090e+00 3.278989129685528070e+01
1.938002554730813506e-04 -1.561251508655451289e+03 -1.083535200176304059e-01 -7.515100756788101188e-02 -1.846381520042904123e+00 1.041806505031195513e+02 9.323663633519393423e-01 6.041403473797073431e-01 4.713475378403205518e+00 -1.583300104429794519e-01 -8.133523179485901977e-03 6.402410512461972902e-02 -5.656342051947547134e-01 1.577688186128578529e+00 9.089109898508972663e+00 3.266800910097955324e+01
1.189917217911269485e-04 -1.561739282747226298e+03 -1.438873401631898530e-01 -7.326451496086293369e-02 -1.861998630777146335e+00 1.307271276866800918e+02 9.744139484842770926e-01 5.990860903870287579e-01 4.713718443513094769e+00 -1.670957922207303437e-01 1.031483271365796206e-02 7.036019889325413612e-02 -2.048652504077779213e+00 3.736994889183109514e+00 8.772418107278578958e+00 3.341801097356811567e+01
2.596948396709928219e-04 -1.560958829425012937e+03 -1.205693290254965522e-01 -1.096335552982387329e-01 -2.077398959647296373e+00 1.117598557837175406e+02 9.084797173715195573e-01 6.108451766806669569e-01 4.704922489130376917e+00 -1.625136075366642174e-01 2.268518184491785661e-02 4.414679434176490003e-01 1.416339300736069617e+00 2.645911550744894924e+00 8.384755378517239066e+00 3.049182822994644937e+01
1.424470539774729905e-04 -1.561559366293506400e+03 -1.214859199751287810e-01 -1.071878745864178473e-01 -1.949612649341201154e+00 1.400497438419234300e+02 9.715854544887876365e-01 5.824306574808725268e-01 4.704429695335223371e+00 -1.547739764520619232e-01 -5.361771479859278600e-04 4.857476070657919254e-02 3.842103468848790726e+00 2.047977198882278138e+00 9.174676847859331019e+00 3.177453946308894572e+01
1.063127193077787131e-04 -1.561851951740123923e+03 -1.207272465962068858e-01 -6.434298711693327288e-02 -2.131741576817772099e+00 1.487773020251477192e+02 9.779392096596194461e-01 5.975541526640197887e-01 4.713278851358968069e+00 -1.522997400355663444e-01 4.019990409926332831e-02 1.793009227619999646e-01 5.120124357340927190e+00 1.905413588184079465e+00 9.199967629654359769e+00 3.086224053454977678e+01
1.486669417502663551e-04 -1.561516628159449283e+03 -1.456981018252221094e-01 -7.730016090488356362e-02 -2.137622791010481915e+00 1.292275467899691250e+02 9.594901597204923416e-01 6.005881881269459210e-01 4.710713620446896677e+00 -1.492881414577498234e-01 2.906133989563763897e-02 2.616294187688962269e-01 1.757645092789772434e+00 1.362309505187564440e+00 8.570762577590373965e+00 2.932957833079197130e+01
2.180379608463412931e-04 -1.561133667493185158e+03 -1.272062518217162985e-01 -8.049756905451840860e-02 -1.681130210009634141e+00 1.103226033427476125e+02 9.616690881916954980e-01 6.065462638993284195e-01 4.715346942160440591e+00 -1.516088394021033459e-01 -3.209847454787295717e-02 2.110989067713274214e-01 -3.295868855316541612e-01 1.767748912735123135e+00 8.558507174862949540e+00 3.277526959889798519e+01
1.327702980241470996e-04 -1.561629716120567537e+03 -1.314393890743209004e-01 -9.827363810508808750e-02 -1.951782470646614698e+00 1.502996492937454889e+02 9.781038684905694058e-01 5.757300445496607022e-01 4.702264250311934290e+00 -1.765924093591555444e-01 1.232185987174805319e-02 1.127870043383393944e-01 2.897641432371386827e+00 1.878781971538567852e+00 9.487339023062645538e+00 3.405835493230746636e+01
1.325396567257045380e-04 -1.561631454776448436e+03 -1.406073218068650266e-01 -9.056055933956401460e-02 -1.986413219295946275e+00 1.215509878833693307e+02 9.515299270525992004e-01 6.014022675727881406e-01 4.708203467434873168e+00 -1.645320196068993379e-01 2.974489318365391988e-02 1.335006133507499748e-01 6.068310095528886450e+00 2.279708242449163258e+00 8.406477031435709790e+00 3.147953670922787239e+01
1.134500298025005211e-04 -1.561786974199219003e+03 -1.309641571613894273e-01 -1.157352638200763173e-01 -2.186180406224695005e+00 1.412063678724598788e+02 9.575812913009522642e-01 6.010942608429297174e-01 4.706471220979668857e+00 -1.601273978720327840e-01 5.308892327251202303e-02 1.623731785966793240e-01 7.389122362242801501e-01 2.423300576670062156e+00 8.568950377112805938e+00 3.168612438252260688e+01
1.197463011811375537e-04 -1.561732961325163842e+03 -1.386662348848703152e-01 -9.528542522945064597e-02 -2.203330489454703223e+00 1.286496906849750985e+02 9.608619863762819513e-01 6.092530873442085770e-01 4.714864381215524425e+00 -1.466902547741606444e-01 4.893574387319876706e-02 1.753220971596869404e-01 6.538580367837170115e+00 1.166414254576864096e+00 9.095381446163951722e+00 3.605652177739548847e+01
1.328718560771027161e-04 -1.561628951497511025e+03 -1.232967257102467462e-01 -9.652868970522714143e-02 -2.465678105460821445e+00 1.182261943992586595e+02 9.660965261803425852e-01 5.964152517168380685e-01 4.707929156337202770e+00 -1.398103805888148976e-01 7.978156903217281659e-02 5.226860175622182608e-02 2.008349935063307612e+00 2.307274826156779923e+00 8.613590009531989722e+00 3.103215733676067956e+01
1.235941789944759077e-04 -1.561701333224737027e+03 -1.356052294788466783e-01 -7.503532316648706124e-02 -1.696038163200624727e+00 1.300378570431744834e+02 9.520083908056349298e-01 5.980530565926629460e-01 4.710748659583804177e+00 -1.548332675866870289e-01 -1.195925770479111527e-02 1.625644000178396997e-01 -7.424740898918059884e+00 2.442979990395333090e+00 9.004726733671475358e+00 3.090623494076394451e+01
1.505218201229495097e-04 -1.561504228615252259e+03 -1.140351240163749724e-01 -8.418799601140054822e-02 -1.836416987559563063e+00 1.229713599005248312e+02 9.266444071158179696e-01 6.081711791431783087e-01 4.708193082218452119e+00 -1.680467738630513352e-01 -1.410095950626910621e-05 5.155218822711044036e-01 -4.063496902394206245e+00 3.164775492201732376e+00 9.132380632041359192e+00 3.245125374866420032e+01
1.333283812959311571e-04 -1.561625521555668001e+03 -1.401372659638447093e-01 -7.897481383406781963e-02 -1.906298909407267317e+00 1.159766356915621941e+02 9.610107301373687072e-01 5.775679905953681192e-01 4.702257587811952355e+00 -1.511200776209031815e-01 6.230351136799372469e-03 2.396195994224904757e-01 8.550612446793479648e-01 1.668231397239261504e+00 8.957164563490049858e+00 3.283118457193501172e+01
1.581783043158986276e-04 -1.561454613768069066e+03 -1.201189914958938898e-01 -8.899004656587820861e-02 -2.017298663184376117e+00 1.138908256760446989e+02 9.600192433258476488e-01 5.850115346185160714e-01 4.698571213198200702e+00 -1.636190022446752934e-01 1.872831025490251378e-02 3.111917020781502230e-01 -2.242667333904563520e+00 2.610135557026604936e+00 8.936940521934388926e+00 3.171096693410913048e+01
1.423770336920547163e-04 -1.561559857967419248e+03 -1.135194997017029278e-01 -7.877077701107979002e-02 -1.788896944598306726e+00 1.270342988878024215e+02 9.620179164069563305e-01 5.875337425092188592e-01 4.703639600305892898e+00 -1.721596312553304031e-01 -2.079505821152727307e-02 2.480615914399080246e-01 -5.931913925989476866e+00 2.681956628611037452e+00 8.727751150952034465e+00 3.141110203800279166e+01
1.179660583547118658e-04 -1.561747939731110364e+03 -1.298338616794259548e-01 -1.073793617983591631e-01 -2.105929344094858990e+00 1.088648408737606417e+02 9.350877116902638342e-01 5.972584422828028927e-01 4.698512032874537780e+00 -1.603069543675996744e-01 4.630406548679277812e-02 1.432078278671982119e-01 2.640489580164938843e+00 1.661320463829607519e+00 8.731010538553851674e+00 3.496374539722635433e+01
1.050427827123092745e-04 -1.561863968951564175e+03 -1.217509810569293721e-01 -8.726639664548481445e-02 -1.913302345530195625e+00 1.351021484025393136e+02 9.602641592430102291e-01 5.877810151101234837e-01 4.708771712824589173e+00 -1.595958336397451660e-01 1.831759094252993769e-02 3.439953856960908940e-01 2.435298165657798108e+00 2.103291036431365058e+00 9.100960830547011327e+00 2.835728841843188164e+01
1.525780098461520259e-04 -1.561490660667907378e+03 -1.274284796586737933e-01 -9.210459345188554137e-02 -1.736150190923334335e+00 1.306031720161981298e+02 9.567195150412661775e-01 5.870683841898708399e-01 4.700797998497337815e+00 -1.603456656754023157e-01 -1.476284234258784522e-02 1.784873257331070495e-01 2.525951597545741834e+00 2.902513657425442872e+00 8.208946026529662987e+00 3.188936164376343640e+01
1.069188339421054979e-04 -1.561846266687817661e+03 -1.401336975654576267e-01 -7.235661491696906977e-02 -1.787532576021679587e+00 1.431675089816246498e+02 9.828099402635142035e-01 5.860026753641394137e-01 4.702395914820467482e+00 -1.636421204943663277e-01 -4.904927710207562797e-03 8.331613251514960461e-02 -2.554372595051120243e+00 8.594728453816813385e-01 8.723756576967666376e+00 3.048484109824844879e+01
1.505059043572317843e-04 -1.561504334358108736e+03 -1.180495532065541087e-01 -6.268897874425001515e-02 -1.878475825039409353e+00 1.541706101462973209e+02 9.792987795524399353e-01 5.798074230927534600e-01 4.698426381295180754e+00 -1.610245784295327720e-01 6.752168045440765098e-04 1.448353621001055580e-02 -1.349090989481936731e+00 2.804479892177247358e+00 8.506652797654723486e+00 3.472338925381824026e+01
1.441418675614030624e-04 -1.561547538667145545e+03 -1.163382164652166373e-01 -8.103848097802938966e-02 -1.864034032236000726e+00 1.210978529439314286e+02 9.367379435535408971e-01 6.040094332768884966e-01 4.705421707883441051e+00 -1.491944685555097738e-01 8.780854597837839393e-03 4.914150326136582092e-01 -1.065815407672516812e+00 1.742251133764916027e+00 8.866194922267588652e+00 3.090271211779949212e+01
1.076594229995580631e-04 -1.561839363919488278e+03 -1.270612023766233278e-01 -8.711009239512468305e-02 -1.707642948837611696e+00 1.277588039975387488e+02 9.633943947139440578e-01 5.945724363123086054e-01 4.708422892055533104e+00 -1.452611137273263076e-01 -1.137699142020665022e-02 1.433873216629037370e-02 -9.227858025824957622e-01 4.008156891387004706e+00 8.631825185066333006e+00 3.318354862654315696e+01
1.299852687337940845e-04 -1.561650915546535316e+03 -1.183887627526143682e-01 -1.039134388423177402e-01 -1.976254595123469349e+00 1.212617994582413132e+02 9.183232279533373177e-01 6.076694795438797314e-01 4.704522136421688927e+00 -1.605156436422561228e-01 1.985288896980730300e-02 6.358701322023676550e-01 -1.892284823195780064e-01 2.023801014768511486e+00 9.311684073784910254e+00 3.098528273818712364e+01
1.789499592556104341e-04 -1.561331230463611519e+03 -1.301296225859775446e-01 -1.185149634510727912e-01 -1.992382353005318629e+00 1.230202892318576318e+02 9.649101357051618200e-01 5.996713079815877423e-01 4.711476036792531019e+00 -1.630258571106066867e-01 1.771531933042425067e-02 6.875692114490405960e-02 -1.173018289382980583e+00 1.647278277468022800e+00 9.038724302249502074e+00 3.344864462963526108e+01
1.033990277665305609e-04 -1.561879741113752289e+03 -1.051682855621024898e-01 -1.097463433218814621e-01 -1.908327624508083797e+00 1.267293043342044001e+02 9.031644799401892243e-01 6.237389039868701524e-01 4.710645522877012326e+00 -1.463539424548183643e-01 -1.947739484987609515e-03 4.646845402116223100e-01 -2.862785601998467655e+00 2.635868664156992836e+00 9.039045420193403402e+00 3.070236625624644944e+01
1.149663813762790240e-04 -1.561773696923371290e+03 -1.280688632523506454e-01 -8.852521626824508272e-02 -1.883502434536383552e+00 1.495764755991020252e+02 9.484619183930449449e-01 5.922821836460421263e-01 4.706350396401068004e+00 -1.582008529703247124e-01 -9.867944218695301473e-03 4.685545029838604769e-01 -6.196678488442813659e+00 2.283705469155128398e+00 8.568062134682641329e+00 2.908700530066376899e+01
1.430248283468456836e-04 -1.561555318433145658e+03 -1.309143141930105558e-01 -1.105056714126004258e-01 -2.186714633553361153e+00 1.214025898272015951e+02 9.559369144070737345e-01 6.032828931078475510e-01 4.708266267868584265e+00 -1.664549003827375806e-01 4.933792910674283938e-02 1.402929178632858764e-01 2.257904066036957147e+00 2.404955837923217210e+00 8.362121999435313313e+00 2.872666644519106427e+01
1.335958909164256729e-04 -1.561623517169121669e+03 -1.301734539918808220e-01 -8.450770313478063456e-02 -2.240600439265707067e+00 1.385900038611856928e+02 9.701110359165304731e-01 6.012378120235257750e-01 4.709833098284409658e+00 -1.545541383877560015e-01 3.580114198828954208e-02 1.652268620038777891e-01 1.885123205383735012e+00 2.619819552899471660e+00 8.860086893359486737e+00 2.986902638170452207e+01
1.337378452621546866e-04 -1.561622455168035685e+03 -1.256553356524418297e-01 -7.308354888283274953e-02 -1.821083210348966031e+00 1.325837345869647663e+02 9.641018724165546505e-01 6.098777719020489485e-01 4.718218191668776207e+00 -1.513729469873947853e-01 -3.455024641176862588e-04 6.832831416318375928e-02 3.924584509459293713e+00 2.947547323583266099e+00 9.397843749856082951e+00 2.873251295211909451e+01
2.341176725991336372e-04 -1.561062512809823602e+03 -1.088511213162194069e-01 -1.049539645004986810e-01 -2.010219358170173720e+00 1.304384276058975729e+02 9.202131022255566339e-01 6.109881180631762110e-01 4.711223045706992352e+00 -1.500684753681775785e-01 1.899294714579191634e-02 5.545736415643003347e-01 1.300351689868307403e+00 2.002943065764761776e+00 8.756830679826798303e+00 3.286148572998570927e+01
1.276849036483920145e-04 -1.561668771134406143e+03 -1.287080385224791956e-01 -1.063609596718667477e-01 -2.169383690299823364e+00 1.189844187715607546e+02 9.457847444002530635e-01 5.819430919077799302e-01 4.699934115886289732e+00 -1.486100920866704200e-01 3.536142914097983869e-02 1.153547341232706719e-01 -3.591422183839370064e-01 2.757342980797994336e+00 9.283220285778103431e+00 3.165560878405015899e+01
1.195069229236257248e-04 -1.561734962371028814e+03 -1.357993245523811121e-01 -8.691679033173874136e-02 -2.212025725453931280e+00 1.196852700139588848e+02 9.549766938772124014e-01 6.111391783380242249e-01 4.711316375009909407e+00 -1.397316457920787514e-01 5.494731493031257408e-02 1.879091027147455073e-01 4.297001462824482587e+00 1.269472151567030416e+00 8.785268902327448615e+00 3.613679874357889332e+01
1.763335192593715379e-04 -1.561345959475547033e+03 -1.180283053066898402e-01 -7.771412699670644797e-02 -2.048391591727449779e+00 1.609771034779118395e+02 9.740663739589968673e-01 5.808065071900315735e-01 4.705718573558604234e+00 -1.510538108336363372e-01 3.843175496295647697e-02 1.118420187248176101e-01 -3.176230616325256051e+00 2.524454884310189939e+00 8.897635897513245240e+00 3.148554340612952274e+01
1.175289138002348117e-04 -1.561751652294929272e+03 -1.204850420700940838e-01 -7.068176768708518687e-02 -1.790023414939811541e+00 1.182043308248955924e+02 9.689331467737759551e-01 5.819376180986888247e-01 4.706819756393086251e+00 -1.566039975866169165e-01 -2.819998191278783040e-02 6.421557700129823520e-02 -2.349281881532021998e+00 2.520319288814132364e+00 8.754396610765713405e+00 2.980846053147190133e+01
1.053126511735683518e-04 -1.561861403117115970e+03 -1.371489068978845594e-01 -9.961112588141794733e-02 -2.304368790083794138e+00 1.391106996138909722e+02 9.646147719833153555e-01 6.023292672152531502e-01 4.710667149825559008e+00 -1.390629405026932996e-01 6.485813414629459928e-02 3.293546924357116379e-01 4.781631723903416287e+00 2.571367037517924281e+00 9.401272091932643349e+00 2.931034131530774189e+01
1.089021848022126988e-04 -1.561827886580937047e+03 -1.157327140576100699e-01 -8.915323948085762673e-02 -1.725375928862379560e+00 1.329275146013901860e+02 9.498933851336944789e-01 6.001696637713886950e-01 4.707404630830644976e+00 -1.622122806329722167e-01 -3.249216315200698091e-02 2.763850982925946109e-01 -5.220925261978237586e+00 3.301089694804804076e+00 8.256157480393211401e+00 2.831750134847821343e+01
1.022551251189867207e-04 -1.561890865756057792e+03 -1.316507394362497474e-01 -1.055362770238973263e-01 -2.060163075252327669e+00 1.303870868800966605e+02 9.384501575137652596e-01 6.015553514191649409e-01 4.708538352502804614e+00 -1.463258277985635125e-01 1.905242172215815266e-02 3.837635167616010867e-01 2.355225250929777303e+00 1.361143062430625328e+00 9.420295860751327410e+00 3.326205507556412044e+01
1.197554739568330710e-04 -1.561732884726352040e+03 -1.374961377634979776e-01 -9.022774512716306983e-02 -1.938572915998989288e+00 1.171952502039181496e+02 9.307693777053847040e-01 6.140892143668743586e-01 4.713643238694332993e+00 -1.439834272715381225e-01 1.091538073735320857e-02 2.916620642372766969e-01 3.150343790824621237e+00 2.275028136445644833e+00 8.876873537220886234e+00 3.387566253185725174e+01
1.197275267913426583e-04 -1.561733118122171618e+03 -1.385559613237242749e-01 -1.256959719438277834e-01 -2.155243523207398759e+00 1.198944267985986443e+02 9.584225168462459088e-01 5.909427556866477804e-01 4.706596212539837509e+00 -1.550297529795114926e-01 3.910888277401003421e-02 5.505147209012725001e-02 1.064831055235998747e+00 1.257136605519959538e+00 9.016215760624724851e+00 3.233624053631689321e+01
1.243263627407554172e-04 -1.561695426607480840e+03 -1.040328571336815722e-01 -9.870248982630697165e-02 -2.088758031427265571e+00 1.123706929013032294e+02 9.237555407646297345e-01 6.140150534428028273e-01 4.712863280997238391e+00 -1.483028491290117046e-01 4.452467274044424883e-02 2.316986543706161250e-01 3.101396449450476211e+00 2.593264839552467116e+00 8.733144646861589422e+00 3.105068215061412928e+01
1.410598809750857345e-04 -1.561569152185147232e+03 -1.233530240428407088e-01 -6.864370052657699228e-02 -1.975130919416267838e+00 1.534673598533172196e+02 9.775280079894856922e-01 5.973369200881462060e-01 4.707912230378418883e+00 -1.644974694218901412e-01 8.575945273858742723e-03 6.080767133177036182e-02 5.123929880490834421e+00 1.309346166788349919e+00 9.316455112381550663e+00 3.335977522351030444e+01
1.093763339118430315e-04 -1.561823542132768807e+03 -1.358379269846227422e-01 -1.054891202547665052e-01 -1.939920417404545461e+00 1.343921137665140293e+02 9.403398853048208217e-01 5.944188611343370621e-01 4.704655152148133013e+00 -1.437140672419399134e-01 1.295574926786668968e-03 2.351544180418593810e-01 -3.164091502795429278e+00 3.049269908031004839e+00 9.136348436182384347e+00 3.082851068483982715e+01
1.046884296061435446e-04 -1.561867348071337801e+03 -1.404429610526710392e-01 -1.002353927281330603e-01 -2.052954062886408693e+00 1.023615462250815540e+02 9.428746679157818944e-01 5.874097675155486309e-01 4.697484725593644939e+00 -1.534883263246324958e-01 9.535891854607125850e-03 1.617743586088666863e-01 2.972817166326251481e+00 3.074580503540813581e+00 8.652070813378376357e+00 2.990623627640021098e+01
1.074208376825702666e-04 -1.561841582490491419e+03 -1.202227602514188420e-01 -6.810624115273920809e-02 -1.720934096073478026e+00 1.365678435177779022e+02 9.686982074660051012e-01 5.851577718805778261e-01 4.703328044463459534e+00 -1.648067213460546743e-01 -1.552741096345267025e-02 2.167780370755203467e-01 -3.513788727892546149e+00 3.633719803098567347e+00 9.145636968547975698e+00 3.013600669104054930e+01
1.277749832792292653e-04 -1.561668065899344356e+03 -1.452241143737161566e-01 -9.234020485149557755e-02 -2.145574751365844524e+00 1.258345598785374051e+02 9.690643128163173303e-01 5.964453182814296595e-01 4.713616622747170304e+00 -1.725450493247007167e-01 3.992950054375365987e-02 9.121506975044060828e-02 4.375149068868324775e+00 2.536239225598313496e+00 9.462135639835222989e+00 3.415437877456761839e+01
1.197069253124298364e-04 -1.561733290206671427e+03 -1.022645150517672852e-01 -9.724287172559806236e-02 -1.766465624952063829e+00 9.652387695883693652e+01 8.851581443295899465e-01 6.062587286885823268e-01 4.701560668542154708e+00 -1.600309484740114474e-01 -1.003541212886105427e-02 4.268984325839064176e-01 -1.656756362075668676e+00 1.765842943542206278e+00 8.991248650905392381e+00 3.043412075903983904e+01
1.064086614519411136e-04 -1.561851049694919766e+03 -1.230521958352892575e-01 -9.153941658231494471e-02 -1.785472997698647424e+00 1.304740397722399621e+02 9.513391138468441088e-01 6.033686465428163004e-01 4.710906048885997066e+00 -1.634829181843975299e-01 1.551868641749720723e-03 9.946552686421268608e-02 -2.030221952782824246e+00 2.033323092843430935e+00 9.690806936794803761e+00 3.272449508696573162e+01
1.196802352221301236e-04 -1.561733513193487852e+03 -1.398283906881293281e-01 -8.938498211642602331e-02 -2.072761365238457110e+00 1.035364237350220407e+02 9.465498077904287433e-01 6.116402171904697926e-01 4.713924004059368400e+00 -1.459748506329450191e-01 3.976163613753058712e-02 8.136122917881599692e-02 6.820329191314669970e+00 2.328778534726905214e+00 9.361179761989246728e+00 2.933256217684454725e+01
1.296927769199228907e-04 -1.561653168274037398e+03 -1.359210423591241390e-01 -8.268224835196348599e-02 -2.112157579009608099e+00 1.071294673648977636e+02 9.648584894338767537e-01 5.878748056256409837e-01 4.713957293245737645e+00 -1.664868555849050580e-01 2.855086871444090235e-02 4.189812076773162530e-02 -7.018471691552008451e-01 2.644555020881012020e+00 8.681381582161140642e+00 3.240514268972438572e+01
1.146368057867093210e-04 -1.561776567752996925e+03 -1.462586180254768775e-01 -8.556634731600222532e-02 -2.237821313429456893e+00 1.514557093022216350e+02 9.828951080200489798e-01 5.807118436121290195e-01 4.708561399252745971e+00 -1.470699979211655961e-01 6.130132042011715576e-02 1.201704219920748246e-01 -7.989845798346664196e-01 1.612842136697212325e+00 9.046771024385890314e+00 3.766011502452726489e+01
1.128867016426533506e-04 -1.561165941204916408e+03 -8.742589750486445821e-02 -8.619738860819094184e-02 -1.748224000856889448e+00 1.073543727771526335e+02 9.210621979748652155e-01 6.044612098066058925e-01 4.708164822846717890e+00 -1.629036878805674160e-01 -1.601957265792419705e-02 1.388215479688661436e-01 -3.336097954120646136e+00 2.712914492926876697e+00 8.673065598772456752e+00 2.934585426315128132e+01
1.079162827907415630e-04 -1.561210970113130315e+03 -1.253853046254904957e-01 -8.014841802177660735e-02 -1.627029706382671526e+00 1.531666262452593799e+02 9.728454981357949061e-01 6.024524942045078602e-01 4.712843982204280024e+00 -1.527314508457857656e-01 -2.973715242246566248e-02 1.315180700923504198e-01 -6.516744286459839941e+00 1.580213941944075273e+00 9.122447912209841192e+00 3.210366147850185570e+01
1.073037885173414946e-04 -1.561216661923594302e+03 -1.332383673420766967e-01 -9.512062110034473494e-02 -2.121990974561099641e+00 1.434495895663619649e+02 9.552004853842359644e-01 5.902907375976468307e-01 4.699189106561764362e+00 -1.550743062097876823e-01 2.802918330801995594e-02 3.097923925732655737e-01 2.966765988080766192e+00 2.655482120634156118e+00 9.013376991391485404e+00 2.870472055528083644e+01
1.025815649846241749e-04 -1.561261667642238081e+03 -1.335863631316702993e-01 -8.674606334670369179e-02 -2.145738690145947203e+00 1.426259016444918757e+02 9.763748312808382401e-01 5.925799613484270534e-01 4.705480924844104074e+00 -1.488032562653094359e-01 5.048542617534423904e-02 7.268313583649883836e-02 -2.985488454247985146e+00 2.156608802858284157e+00 9.085124188434324566e+00 2.548260627198206763e+01
1.067814884097758319e-04 -1.561221541298311877e+03 -1.362466116893027990e-01 -8.206321088672322017e-02 -2.092125897525697553e+00 1.137941123382969266e+02 9.478608346526946615e-01 5.936606819476170083e-01 4.709483132335039457e+00 -1.568513052352313863e-01 1.707654133335645419e-02 4.000866674351247904e-02 1.336444370309948226e+00 2.119406384424094014e+00 9.155901785574794616e+00 3.513352548389237029e+01
1.088632791688663731e-04 -1.561202233104957941e+03 -1.121105615669453215e-01 -7.156954039879594165e-02 -1.831002173467585648e+00 1.625953721588544170e+02 9.832864531558389576e-01 5.918304871633146558e-01 4.710143529761232628e+00 -1.595710537111596494e-01 -1.040993359669739604e-02 4.524369059189983083e-02 1.054913776159992267e+00 3.363038483677693868e+00 9.110013369841185593e+00 3.372158676023651225e+01
1.147212956884034241e-04 -1.561149820209175687e+03 -1.156653197076744077e-01 -8.894081060259884097e-02 -1.917089780045490022e+00 1.030670120851321911e+02 9.317049156089129980e-01 6.104478259440737631e-01 4.714342599318687377e+00 -1.695502330770106703e-01 -1.046709031172077253e-02 1.654073310972062061e-01 -2.193284493291912440e+00 2.276630886625219397e+00 8.783824349440916279e+00 3.233919228999926077e+01
1.146703638286104528e-04 -1.561150264269441323e+03 -1.371183054986938876e-01 -9.159922258024276454e-02 -1.791698620047634138e+00 1.181641701226783425e+02 9.426311038280185128e-01 5.857912593230666376e-01 4.701404238340331609e+00 -1.534463229006952645e-01 -2.292127824382683698e-02 1.580988861049855559e-02 -4.524526143612177975e+00 2.275309773641653877e+00 8.937101531669600973e+00 3.150190878417458151e+01
1.033983935337989200e-04 -1.561253736454788168e+03 -1.193878930378080155e-01 -9.064113605333984358e-02 -1.826350331241341607e+00 1.110870747138163921e+02 9.665942752314843345e-01 5.910727581645089934e-01 4.710278272329951221e+00 -1.545379555556547491e-01 -2.176884584729421590e-03 5.630275238932432730e-02 -3.431400564240220774e+00 1.857076321800765761e+00 9.515414873029870435e+00 2.827167422493859306e+01
1.218818161950798053e-04 -1.561089274024809583e+03 -1.359618474025332258e-01 -9.049648597241408132e-02 -2.337889896767800568e+00 1.186149164513078773e+02 9.532073617621933392e-01 5.901412102515217750e-01 4.707759574728012097e+00 -1.480045860164165283e-01 5.567575951159930980e-02 1.081987419260967975e-01 5.466491335740386148e+00 2.359510289078103895e+00 8.856168895551853382e+00 3.065329945591899019e+01
1.114685245472438137e-04 -1.561178583620325753e+03 -1.406288740972704565e-01 -1.063996814305466498e-01 -1.956904663735280714e+00 1.378340505856574794e+02 9.477636856894271489e-01 5.834935605818853954e-01 4.702969474189367283e+00 -1.629106104864077587e-01 1.323327467671364666e-02 2.181561891522296459e-01 2.294599895818976165e+00 1.963829466008704117e+00 8.711410606258350953e+00 3.213848143934372104e+01
1.031336024703058521e-04 -1.561256300621248556e+03 -1.148012453674393529e-01 -9.569518761817634445e-02 -1.681553252513307006e+00 1.418317156282286930e+02 9.601023294727835111e-01 5.945475837390512552e-01 4.704315262505284423e+00 -1.696543713366873707e-01 -3.238666236881249105e-02 1.335362675298527591e-01 -4.425209857866718721e-01 2.586783560932892634e+00 8.579063128463126020e+00 3.318774748428143795e+01
1.064223882463588957e-04 -1.561224909909695725e+03 -1.303354075953620794e-01 -8.959002828174814081e-02 -1.773502622638746473e+00 1.226503291595115286e+02 9.562264598850152009e-01 5.871353556542203700e-01 4.707562996562544733e+00 -1.655920581963199467e-01 -1.462240872200792907e-02 2.735415442281707299e-01 -3.952738156497247246e+00 3.168676541618786757e+00 9.342992977337537752e+00 3.098798450219874923e+01
1.173972576044593578e-04 -1.561126762332613907e+03 -1.286639930596962800e-01 -7.917282532938385575e-02 -1.840795405245539751e+00 2.057423298339257656e+02 9.808157102356266366e-01 5.801941627463127471e-01 4.709439977831634039e+00 -1.663477931424490741e-01 -5.108589981234423760e-03 2.366889608669585365e-01 -1.627869752218742860e+00 1.570451576978548758e+00 8.764758284909079933e+00 2.940557814524435898e+01
1.167489142504665934e-04 -1.561132300283594304e+03 -1.401669324595594956e-01 -8.957189402337573103e-02 -2.146338390234211690e+00 1.350637783868460247e+02 9.630524998536493797e-01 5.831579425358949242e-01 4.697642989159809268e+00 -1.657199473403021539e-01 3.696537287528767202e-02 1.500562807795452480e-01 -2.785617728139527571e+00 3.143104949701824857e+00 8.611237125046301344e+00 3.189135125747377586e+01
1.029080791631019478e-04 -1.561258489725855725e+03 -1.265237152387878317e-01 -1.066458770629574726e-01 -1.959369413241506264e+00 9.615726650782623608e+01 9.308088245632107904e-01 6.144518777571299495e-01 4.713924084425149985e+00 -1.660730614506082947e-01 3.481304840953214352e-03 8.447303095490034386e-02 6.282132563100674361e+00 2.710035596877102826e+00 8.686685903823265775e+00 3.022497046122673936e+01
1.108019914983825269e-04 -1.561184581132354424e+03 -1.340182439798182357e-01 -8.757433117151451618e-02 -2.070976610008778973e+00 1.368564444769439490e+02 9.517086675233528137e-01 5.957049965173728534e-01 4.710964596870727661e+00 -1.547813389105241466e-01 3.690888867970354426e-02 2.383207567866588994e-01 3.714665539420991536e-01 3.607121041357741476e+00 9.328721494373359846e+00 3.306430561733608897e+01
1.121847665020189288e-04 -1.561172178667374055e+03 -1.109073557353573991e-01 -8.003125149751053047e-02 -1.817005508849031337e+00 1.266689955895449771e+02 9.425585941664388345e-01 5.938753970862313825e-01 4.704529606759098037e+00 -1.638155278001081072e-01 -1.274381236587229793e-02 3.781424514935807224e-01 -6.688247325880070093e-02 2.863789300897034984e+00 9.328856267328600183e+00 2.888505054860601717e+01
1.170839641086428724e-04 -1.561129434560948084e+03 -1.222558323071500919e-01 -7.395512177665750086e-02 -1.684418417884045782e+00 1.121946785194272849e+02 9.392582593461640261e-01 5.956241337839616179e-01 4.702580942204559022e+00 -1.660762080814461861e-01 -1.622457622382555975e-02 2.393616098746572662e-01 -2.730887652089563744e+00 2.372497468693501865e+00 8.712713879746146972e+00 3.397907107081044131e+01
1.020105786487532969e-04 -1.561267249360168989e+03 -1.405017838750010628e-01 -1.021462576644638770e-01 -2.057992161356927863e+00 1.413877736866853070e+02 9.721822351560454045e-01 5.976677032261717981e-01 4.716062851059220407e+00 -1.497146165192471123e-01 3.488782997693218313e-02 1.634729289566190791e-01 3.705428132094368721e+00 1.264959829014533632e+00 8.949223545464125351e+00 3.127164460025056059e+01
1.109829876236047535e-04 -1.561182948955404299e+03 -1.273475103002965902e-01 -1.095208535514551745e-01 -2.153394392365266086e+00 1.100038830611535587e+02 9.415028126514730644e-01 6.009705844700601318e-01 4.700756205404712951e+00 -1.549980691077128547e-01 3.491527290085527646e-02 1.579640706994528965e-01 5.468565650885750529e-01 2.250313031381567797e+00 9.231996861302160795e+00 2.826756325421486693e+01
1.120835000641766762e-04 -1.561173081750509937e+03 -1.259763415458783342e-01 -8.230272821164455466e-02 -2.075860244210294248e+00 1.414899451719351191e+02 9.818109098460696682e-01 5.868824502851237579e-01 4.705917945092194188e+00 -1.454803693412036747e-01 2.378874552750565030e-02 1.692505567170243530e-01 -2.564209237983931189e+00 2.599602267142953060e+00 8.773029967728106726e+00 3.037426865693149125e+01
1.143885989085873862e-04 -1.561152724466228847e+03 -1.157402008715099906e-01 -8.481884771773370857e-02 -1.638458884447741459e+00 1.441354941694865204e+02 9.732180412364516142e-01 5.908492710099961798e-01 4.711118565876206254e+00 -1.586629597952307069e-01 -2.729821187881054101e-02 1.254342648846539510e-01 -2.638940666929300960e+00 2.829687557903581840e+00 8.513188042333364791e+00 3.400037798518251719e+01
1.214559703577209145e-04 -1.561092774067101573e+03 -1.435459245452002375e-01 -8.925168361738669565e-02 -2.234780389262571276e+00 1.551931774617075064e+02 9.762257055094514246e-01 5.960836126896126297e-01 4.712822041025406250e+00 -1.456035522660008574e-01 7.001778847180029075e-02 2.570800430671341674e-01 -1.617717402099401625e+00 2.113459542264939373e+00 8.938900927325409640e+00 2.999740718345112001e+01
1.181737570248766859e-04 -1.561120169821782838e+03 -1.200872235715378933e-01 -8.694608004814370628e-02 -1.910517053248684149e+00 1.342231331910217591e+02 9.374321535888627821e-01 5.953378397320014948e-01 4.709376206374843221e+00 -1.552853724630747223e-01 5.951938209569851423e-03 4.640735556636145231e-01 -7.664714099202001307e-01 2.978714297423024071e+00 8.551631854596397631e+00 3.379727994250592360e+01
1.047949462423117733e-04 -1.561240320332472720e+03 -1.475930514127727633e-01 -7.874974946448777546e-02 -2.105023888104123664e+00 1.523596780253920144e+02 9.753347756794823464e-01 5.899981740921123041e-01 4.709751263187525794e+00 -1.521248137517865473e-01 4.539958047250292061e-02 2.974508751025317643e-02 2.765672728582217132e+00 3.032919685166612922e+00 9.892435361175122566e+00 2.951110959035396775e+01
1.078715591219714165e-04 -1.561211384628322776e+03 -1.317358059614308630e-01 -8.761903370377203959e-02 -2.058253757195779965e+00 1.564900434615422284e+02 9.615600902579636289e-01 5.983332580362231701e-01 4.714181654562332291e+00 -1.443462122170744433e-01 3.161397244717800703e-02 1.574990968980868877e-01 -2.938893026705159173e+00 2.918189678536409204e+00 8.390707421357724627e+00 3.050729505660887497e+01
1.086334182340793016e-04 -1.561204346801608153e+03 -1.284413327884436351e-01 -9.223771163739266643e-02 -1.813395320152545009e+00 1.089141243460642130e+02 9.554062684696246199e-01 5.813795415650749865e-01 4.700133772028017631e+00 -1.563829351569669956e-01 -2.796284425508699378e-02 1.329865434791548812e-02 2.769656065966756842e+00 2.967274821508825156e+00 9.293549516405041899e+00 3.165876565186509595e+01
1.187617921386874726e-04 -1.561115206140113060e+03 -1.297175724318513357e-01 -1.062430919177020927e-01 -1.983904807250716829e+00 1.161634079409284226e+02 9.129898853609339504e-01 6.087881923864524314e-01 4.705678479381862900e+00 -1.508550607433436497e-01 1.555037747626175637e-02 2.258269182674298159e-01 -2.260501120057995195e+00 1.978006060602610638e+00 8.962481306299508788e+00 3.150010506887768003e+01
1.038329769337804860e-04 -1.561249542263184139e+03 -1.261449712147662827e-01 -7.282818220034113776e-02 -1.864197787024748587e+00 1.491594149910959572e+02 9.815411906905524564e-01 5.763201443868084528e-01 4.703744599424351414e+00 -1.784827891256899335e-01 1.068383890897695032e-02 1.558601903513691031e-02 -3.774829731838622138e+00 2.088377672880947777e+00 8.658821311356646788e+00 3.169471160620529560e+01
1.083853787259812942e-04 -1.561206632683011776e+03 -1.269998941023310624e-01 -9.212725732490986696e-02 -2.074892621197300890e+00 1.431346736063233891e+02 9.676752303620212992e-01 5.778740264199262455e-01 4.695650623476672614e+00 -1.738762007382554931e-01 2.399461205106678818e-02 4.606246808810491450e-02 1.396727429414653443e+00 2.220447440730022315e+00 8.741540698082527427e+00 3.397440970169684960e+01
1.264636316408507602e-04 -1.561052371110396052e+03 -8.452079175858863425e-02 -8.538103924966297664e-02 -1.718252653343755210e+00 1.000417659400256554e+02 8.787827619026270520e-01 6.188451964689061224e-01 4.709888641772898232e+00 -1.571330841933831213e-01 -2.541739445833224309e-02 3.286624424110617393e-01 -3.201626755716660000e+00 2.288566025959282157e+00 8.588758595117983674e+00 3.271236173307190143e+01
1.049295521470655748e-04 -1.561239036687268936e+03 -1.269101393514297238e-01 -9.361373438951975379e-02 -1.964975047491408944e+00 1.275035721994695166e+02 9.577919472859606209e-01 6.010081983058317423e-01 4.705836570188712820e+00 -1.670786334401253015e-01 8.372217271240822711e-03 3.217646735982727935e-02 -6.358527806557219719e+00 2.953321053979385269e+00 9.224834556837313571e+00 3.026495148477859232e+01
1.059168261105445351e-04 -1.561229671753546882e+03 -1.308536253036803043e-01 -7.005341102519484220e-02 -1.803799117091861026e+00 1.271381234189056215e+02 9.663892039586406968e-01 5.903978040422526163e-01 4.703057383164184202e+00 -1.685934285790722242e-01 -5.147780326920647909e-03 4.304447499785500619e-02 -5.435068837852924162e+00 1.790951143383012756e+00 8.386600008948196461e+00 3.530822243865161170e+01
1.057209101037418105e-04 -1.561231523181995044e+03 -1.328053600009376223e-01 -8.082354416348337678e-02 -1.999533158428713264e+00 9.860550155083129198e+01 9.690877003228620667e-01 5.840318260318599908e-01 4.702882944734600557e+00 -1.718328292166382276e-01 1.864592239292273135e-02 5.055021430111149988e-02 5.034891945224046594e+00 2.326571037258640118e+00 9.073744589324640231e+00 2.992721955361343689e+01
1.165704380454025941e-04 -1.561133830171605041e+03 -1.262425208128045151e-01 -1.095113865795564329e-01 -1.898952827915697972e+00 1.571077629006134373e+02 9.622864254557699226e-01 5.922151838646509958e-01 4.704416347825952194e+00 -1.706196818648517688e-01 -4.187960636544918458e-03 2.317061572197547104e-01 5.323995684182989407e-01 2.454698450655601327e+00 8.486304609128691112e+00 3.196941438241529454e+01
1.081674743132618807e-04 -1.561208645166183487e+03 -1.461063558753517844e-01 -7.323202671131699704e-02 -1.872601417280394420e+00 1.111352720780454888e+02 9.631733599277002567e-01 5.977181262011412866e-01 4.708827347853563161e+00 -1.520638627051815739e-01 -1.315689265739661273e-02 2.288937138056547707e-02 5.082457938520690277e-01 2.903181817032085554e+00 9.571252889358783378e+00 2.910387590531215807e+01
1.040444532599543856e-04 -1.561247507637309354e+03 -1.135668335713617555e-01 -9.280832040406197803e-02 -1.823451244217333622e+00 1.201258401659002715e+02 9.495077605327497672e-01 6.156147840773193991e-01 4.709697271448283651e+00 -1.545504532880652704e-01 -3.529687702292116924e-03 1.636624989289713339e-01 -6.567944598273811607e-01 2.873437789539745602e+00 8.572061080201143213e+00 3.232338253074373569e+01
1.199013883760631646e-04 -1.561105656238901702e+03 -1.281037183719691275e-01 -8.049333704858531446e-02 -1.552477131129567089e+00 1.296251927885817281e+02 9.708808642870929706e-01 5.840816211429262772e-01 4.704156739768674100e+00 -1.527005995827606100e-01 -5.452801023737885444e-02 1.133264028508869647e-01 -7.151427450480639436e+00 2.822294582845441546e+00 8.958492985109977269e+00 3.290893057967237212e+01
1.180037261327521815e-04 -1.561121609678954883e+03 -1.270854729383470716e-01 -7.316341042994864430e-02 -1.725792400822447226e+00 1.348313950833997978e+02 9.562922411049483706e-01 5.995254888879486543e-01 4.708200117943742491e+00 -1.629201914437423682e-01 -4.208273772603376983e-02 9.322152397871351359e-02 -1.524658007092085654e+00 2.076603533247234346e+00 9.114544221047182759e+00 3.163762316943397224e+01
1.204596402499189521e-04 -1.561101011119176292e+03 -1.321427891305585745e-01 -1.042885219325561941e-01 -2.117566138171225631e+00 1.099844173443780164e+02 9.729153905991709816e-01 5.999764504245461705e-01 4.709440159424456596e+00 -1.592204151050273797e-01 2.891194198995949982e-02 7.504840136854205868e-02 2.794713212156466398e+00 1.532781814059802628e+00 8.507669423241548401e+00 3.346217557264496634e+01
1.025441091166542695e-04 -1.561262032841460950e+03 -1.342456231366712938e-01 -8.969257545271219767e-02 -1.997315749178261823e+00 1.185552823084545508e+02 9.734074867302238143e-01 5.775388628839528415e-01 4.698911273540096190e+00 -1.543719080441396940e-01 1.102760843774230892e-02 1.694759445917370377e-01 -1.302031795395635072e-01 1.796253686342619282e+00 8.353141937537111872e+00 3.168463190050674427e+01
1.121171826487862974e-04 -1.561172781282336018e+03 -1.161265831099412282e-01 -8.901658803837268763e-02 -1.955771256083401521e+00 1.232702119418620015e+02 9.533078204314112680e-01 6.013192148224305589e-01 4.710869044171873021e+00 -1.626348595112476758e-01 8.094591182423727105e-03 1.702061001623625114e-01 4.172170861110316764e+00 3.598021972514131583e+00 9.205275960653903411e+00 3.364044263197840934e+01
1.098016655612291912e-04 -1.561193650182312012e+03 -1.448414139757441543e-01 -6.842243082966927015e-02 -2.333883455729196754e+00 1.560307925890213028e+02 9.787653162624256886e-01 5.880940884924301670e-01 4.714010628590113328e+00 -1.445947888308984908e-01 7.858921328594159483e-02 1.193337018327866178e-02 4.598510603401052776e+00 1.776589943050743692e+00 8.747398297933139943e+00 2.936963669505932018e+01
1.058725726381877687e-04 -1.561230089654284711e+03 -1.303128883726022147e-01 -9.861362942025979350e-02 -2.179868237116234564e+00 1.156319443097518302e+02 9.685591082073291558e-01 5.865989037230576741e-01 4.698040677989937741e+00 -1.568046697833378467e-01 4.816071658724241367e-02 1.087178122444531492e-01 4.407002147471473563e+00 1.914065924623398196e+00 8.592841603232592718e+00 3.472790163446759237e+01
1.111347304160124194e-04 -1.561181582627518765e+03 -1.226694039909069223e-01 -9.308740829685734075e-02 -1.750215706796216519e+00 1.230849975949909236e+02 9.655278007626334480e-01 5.940816624084570563e-01 4.706401276732349537e+00 -1.775486192699817778e-01 -2.657251875388366713e-02 1.411769806899871443e-02 -3.639914161765688050e+00 2.069862145470002801e+00 9.552588762503422259e+00 3.163109554772081111e+01
1.144896990847734763e-04 -1.561151841025696058e+03 -1.002525918358902896e-01 -9.970343022439767666e-02 -1.759031681347958731e+00 1.108907424866332008e+02 9.374636014803237050e-01 5.925963733173137404e-01 4.702054498347310485e+00 -1.579401333767975757e-01 -1.404034607427417924e-02 1.993199988952541746e-02 -2.618411267608991011e+00 2.352838477024832287e+00 8.647239158916629975e+00 3.199846055815158508e+01
1.106422044723553093e-04 -1.561186024268428127e+03 -1.382177096308736808e-01 -8.718629378866023238e-02 -1.923577904429838226e+00 1.410566855023326980e+02 9.682198094370539909e-01 6.017634302948590141e-01 4.714399932206092991e+00 -1.498613235042096647e-01 1.232170281648170551e-02 8.657504754457313878e-02 -8.509879125153844370e+00 2.372612361831838435e+00 8.810468948487359953e+00 3.105611032722599418e+01
1.026162025609615426e-04 -1.561261330040352050e+03 -1.405200611524031751e-01 -7.920011629239621931e-02 -2.113479863482152332e+00 1.554526612019664640e+02 9.800095564174399199e-01 5.884185407297699566e-01 4.706662253691990649e+00 -1.642433141775836436e-01 5.643862784970687940e-02 7.686617360045547298e-02 1.507317545232837119e+00 1.920381238974977478e+00 8.935177272741068322e+00 2.654645041819048146e+01
1.073095627968685418e-04 -1.561216608112594258e+03 -1.382006048057873859e-01 -9.884831454749073987e-02 -2.120404055886491612e+00 1.066047224280965224e+02 9.513372368474619645e-01 5.987437936382931092e-01 4.713558986278165719e+00 -1.551168738993906615e-01 5.002501944879966800e-02 6.001672622439813837e-02 -3.415574791867157955e+00 2.289010746068020907e+00 8.795372626654973658e+00 3.601966775853082936e+01
1.034539003617970272e-04 -1.561253199773968390e+03 -1.159237456267802890e-01 -9.553362038386772892e-02 -1.880328230535756484e+00 1.260662838104434229e+02 9.635433959814216909e-01 6.009883761281868964e-01 4.711476012544365766e+00 -1.551794087445617087e-01 2.994575697431667294e-03 1.751212398844277929e-01 -5.114707530785835843e-01 1.127284065064682039e+00 9.443729714527226093e+00 3.056920016741326762e+01
1.095709406317431600e-04 -1.561195753681181486e+03 -1.348926398355477230e-01 -9.626736343840207322e-02 -1.772122990882603721e+00 1.242548080937165054e+02 9.468585611985281814e-01 5.877955138532456880e-01 4.698955978735619432e+00 -1.494614221060888148e-01 -1.900340085876717211e-02 6.855762004625487460e-02 -3.231625453034610018e+00 2.150646986501913993e+00 8.652693303310755368e+00 2.952648505177535299e+01
1.152133926279325359e-04 -1.561145539883362744e+03 -1.288804536735284334e-01 -9.803033389407028730e-02 -2.035494656134092750e+00 1.581399831759532049e+02 9.807245775628256057e-01 5.760357977903436399e-01 4.700502146065895559e+00 -1.606194636883027105e-01 2.491188333780347541e-02 1.100883413289446000e-01 2.562668258541634714e+00 3.442289153212874098e+00 8.786865958787970499e+00 3.351354742002187947e+01
1.097699899000996877e-04 -1.561193938704628636e+03 -1.226236172923531320e-01 -8.945619276203295445e-02 -1.839474642509538516e+00 1.140340739814484436e+02 9.495888434296231306e-01 6.034250821879147964e-01 4.708789796678663819e+00 -1.418278331553510796e-01 -1.884965057389331733e-03 2.709019720525152053e-02 -5.372504301376977764e+00 3.656426583002692077e+00 9.167438885729906062e+00 3.350737996285580067e+01
1.031390524129058734e-04 -1.561256247779124578e+03 -1.419963515885303840e-01 -8.590107833198859510e-02 -2.461799193270447716e+00 1.127232172597369981e+02 9.676666455768333508e-01 5.911696235902956786e-01 4.707579332174296027e+00 -1.334173761474919395e-01 1.015735721043975470e-01 1.037700868149711159e-01 6.041567498963786420e+00 1.432338118970699625e+00 8.913508465084207799e+00 3.213992619810801443e+01
1.056480072313033269e-04 -1.561232212998418845e+03 -1.282198063907303842e-01 -7.576954123842931377e-02 -1.898511776676243823e+00 1.368655394708029576e+02 9.696684122453703703e-01 5.833610646957119172e-01 4.709997636495572237e+00 -1.585069272442234389e-01 1.502726208240479089e-02 8.276368184328070088e-02 5.579310695015351484e-01 1.322022775073761203e+00 8.514684433750140613e+00 3.269696041988024149e+01
1.063431740420375040e-04 -1.561225654524633683e+03 -1.329830713056660840e-01 -6.997826957515010382e-02 -1.985963344260204488e+00 1.200247990282388315e+02 9.495892405677437420e-01 6.055303459603122995e-01 4.713826162969509959e+00 -1.496235609908960207e-01 1.689126083918690568e-02 1.464305574357334661e-01 1.279728023428276629e+00 2.921212439465525890e+00 9.501162514160776951e+00 3.265825319070814459e+01
1.082236351926115593e-04 -1.561208126097902550e+03 -1.311104103631877682e-01 -9.713454354611156250e-02 -1.773049007323637127e+00 1.331125242532922357e+02 9.478527121729349858e-01 5.909315690124467002e-01 4.701112839007498323e+00 -1.543096797685119537e-01 -2.359547583415055882e-02 3.685568951609036747e-01 -1.487568957297355610e+00 1.735537386700736207e+00 8.678057709742059700e+00 3.011674262236640942e+01
1.060821292310324559e-04 -1.561228112282145503e+03 -1.244122125410627167e-01 -8.501981900429693428e-02 -2.081019829959450895e+00 1.198419577796777560e+02 9.632922366666808456e-01 6.078632376747241661e-01 4.715031989499480325e+00 -1.637990453549487135e-01 2.964661413187008598e-02 2.216066771953408288e-01 6.593639978890450948e-01 2.435318905861350025e+00 8.757595793690175157e+00 2.743251680209790777e+01
1.064360862068167862e-04 -1.561224781204831970e+03 -1.042930708179584109e-01 -8.670073404012315632e-02 -1.853581329196264837e+00 1.008865380309780448e+02 9.279912372595230385e-01 6.102054999314264760e-01 4.705982062120260601e+00 -1.567183569149819267e-01 -1.524527926390684129e-02 3.094200514861106255e-01 7.407812536214919419e-02 2.416625424086715768e+00 8.509627147236908939e+00 3.317774057296352197e+01
1.270890999401501115e-04 -1.561047437465515941e+03 -1.186378410340839518e-01 -9.772093088121994175e-02 -1.917127175668934536e+00 1.104256997508269507e+02 9.454460328668168323e-01 6.011047534587552477e-01 4.703713684276875640e+00 -1.667921851199603012e-01 1.567306776453047945e-02 9.823438762661035328e-02 -4.225756717156883724e+00 1.696726136607096258e+00 9.355235395157922795e+00 3.143483406883817821e+01
1.067439842426842257e-04 -1.561221892583495901e+03 -1.273507808314615353e-01 -1.013033797629390720e-01 -1.780951028604955244e+00 1.456423411343097030e+02 9.489617465814681463e-01 6.069305287700160756e-01 4.714446220118867714e+00 -1.578985859595756214e-01 -1.315556739106127360e-02 3.918511498579153041e-01 -2.747642897643629567e+00 3.194740784632332797e+00 8.559546589482547319e+00 3.144334857192465549e+01
1.055544967145575868e-04 -1.561233098504235386e+03 -1.401836686524990105e-01 -7.077184721106943854e-02 -2.130535841413231157e+00 1.149981712783794023e+02 9.485084000639361079e-01 5.972638123647644459e-01 4.706897461813091432e+00 -1.538322192941206090e-01 3.054275553891772077e-02 9.658631702503801819e-02 7.433314094578236109e-01 2.193982928679116817e+00 8.404929984123675979e+00 3.209805939735932157e+01
1.197787899311756102e-04 -1.561106679255960898e+03 -1.377118725357783513e-01 -9.637675773287898706e-02 -1.949387675694099986e+00 1.063649603671685355e+02 9.397718083685592250e-01 5.905807217554988053e-01 4.703895175821512176e+00 -1.600982783565485512e-01 2.328252317152612605e-03 3.795208060319119059e-02 -1.370977908209994212e+00 1.949354337046904639e+00 8.612877695777232390e+00 3.758787728310564091e+01
1.140385743592874204e-04 -1.561155789117585755e+03 -1.370205304335584684e-01 -1.124097142529628390e-01 -2.038242186357460017e+00 1.217517339155472200e+02 9.409150704394917408e-01 5.872982210664312586e-01 4.700642093751656425e+00 -1.552870118357956297e-01 2.426728554859303166e-02 3.983631311860544866e-01 -8.799585263277549529e-01 3.092686918624520942e+00 8.872652320964347084e+00 3.207462064304511529e+01
1.109783314629237251e-04 -1.561182990910107947e+03 -1.344046550655915440e-01 -9.094339646648323672e-02 -1.932498275147993994e+00 1.206272461052371909e+02 9.435178456388890744e-01 6.058756863022018990e-01 4.717105724318278348e+00 -1.562221387235549486e-01 9.833561786237732250e-03 3.633446805526419632e-01 -1.104091706550462959e+00 2.622036724707954569e+00 8.536986057238626913e+00 3.023181488500126335e+01
1.040756003234608864e-04 -1.561247208319072570e+03 -1.070544196392006209e-01 -7.989324807568280729e-02 -1.696725647962376238e+00 1.273561680452649227e+02 9.545924914385703897e-01 6.070104236827497113e-01 4.707771677775510533e+00 -1.488845286150999314e-01 -2.858294986531251247e-02 1.769024961218578773e-01 -4.273182168328133912e+00 3.019988686531527300e+00 8.669322643025779485e+00 2.955665744235869141e+01
1.022616602529844088e-04 -1.561264791055192973e+03 -1.312053967673920407e-01 -9.301269440857776183e-02 -2.067403080891442979e+00 1.237879779141795922e+02 9.550006474632840581e-01 6.036082500782011806e-01 4.714926923311528739e+00 -1.625014523343391026e-01 3.592350178877756761e-02 2.771585606186890427e-01 3.432432539446040209e+00 1.834044315465521713e+00 9.409707044008342791e+00 2.905390418578612710e+01
1.197983695886227208e-04 -1.561106515804173341e+03 -1.361309209509513340e-01 -1.075803338087769345e-01 -1.813466751339706251e+00 1.366751272138118622e+02 9.612433800598058076e-01 5.938846174537248945e-01 4.704885945866456254e+00 -1.647624928878055339e-01 -9.475942426147243580e-03 5.758791389083878914e-02 -3.523898311213372381e+00 1.793208347115715640e+00 8.793154015735883178e+00 3.040951803524238883e+01
1.037237734874570366e-04 -1.561250594538826135e+03 -1.422811614245052259e-01 -9.793316662174228471e-02 -2.126181138655249825e+00 1.351974983132261912e+02 9.762359129493859422e-01 5.918651452907668364e-01 4.710498254152770237e+00 -1.445578994307445964e-01 3.632569719315026369e-02 2.045799755020116795e-01 1.589716852286045423e+00 1.998093657932575873e+00 9.021690911240831667e+00 2.706428487927203719e+01
1.143992711223765029e-04 -1.561152631172700694e+03 -1.213189998925827406e-01 -6.399508030414144399e-02 -1.750108348108220024e+00 1.153054106196675690e+02 9.713395922432573881e-01 5.900554663394832478e-01 4.705895352079009442e+00 -1.568632036733137447e-01 -1.707308815239017008e-02 1.354454664078411433e-02 -4.049972972331090659e+00 1.059088601633284554e+00 9.094902746702215879e+00 3.031536111690835611e+01
1.049456262484526914e-04 -1.561238883509541665e+03 -1.246430367540695278e-01 -7.363890191246691419e-02 -1.980400484325821830e+00 1.239416581334613454e+02 9.741529988520929439e-01 5.919928636200524341e-01 4.707203029998117572e+00 -1.528921350741441199e-01 3.655105348361908923e-02 8.421934358066948678e-02 -2.514515438652324519e+00 3.367332474824680233e+00 8.744477760685986922e+00 3.047270903592069757e+01
1.024412349343669406e-04 -1.561263036563862670e+03 -1.276417969336402780e-01 -7.914201064248255202e-02 -1.879671021346269510e+00 1.237689867017157184e+02 9.652326738948164842e-01 6.124626164517311677e-01 4.710816453781506041e+00 -1.458263986656462841e-01 -4.726775625648160783e-03 7.968499993287821159e-02 -1.591368538354402062e+00 1.985594576073945738e+00 9.336163202263602301e+00 3.202482536235273614e+01
1.113534583020590120e-04 -1.561179616429153157e+03 -1.173573029234742798e-01 -8.343108192638382103e-02 -1.787233421293392910e+00 1.397085476691522956e+02 9.723494459045781690e-01 5.973861979043271209e-01 4.706068540769719810e+00 -1.576670617182776013e-01 -1.598088394001462298e-02 1.848953085730812573e-01 -4.364873215058594269e+00 2.230746026880447985e+00 9.450516185772972477e+00 3.353288507933205409e+01
1.205823033101746975e-04 -1.561099993345513894e+03 -1.202084959783613766e-01 -9.891920235114359805e-02 -1.846594808396037957e+00 1.440168737409556741e+02 9.720003779547509160e-01 5.788180092453834025e-01 4.704479020478647300e+00 -1.762858720866027351e-01 -1.459756810575374431e-02 2.446175209255228161e-02 -8.409885902580072070e-03 2.011548134134955035e+00 8.642953737173053597e+00 3.138811955500886341e+01
1.241437203147947703e-04 -1.561070885951078708e+03 -1.353404297232267683e-01 -6.601785056348118130e-02 -1.788260322517155609e+00 1.368003915088153519e+02 9.786880599285368021e-01 5.937250849995404645e-01 4.706771014831137911e+00 -1.487000421640192194e-01 -1.594775322989905320e-02 1.762022823171099234e-02 -3.714788523675480292e+00 8.716012414323737190e-01 9.005085518472455419e+00 3.210629999512604371e+01
1.075001957509433791e-04 -1.561214833211813129e+03 -1.394506648684303574e-01 -7.673820304444074758e-02 -2.178843949553018078e+00 1.204682141699045701e+02 9.579818209392264583e-01 6.010014011634912112e-01 4.711754089857208783e+00 -1.484276384303839791e-01 4.481045022645546716e-02 1.005423095929732086e-01 6.296686353027752148e+00 3.192616072623666312e+00 8.429163664391058575e+00 3.193028992246027542e+01
1.047331075463145476e-04 -1.561240910598994788e+03 -1.325478133230204025e-01 -8.093443326048885278e-02 -1.964789111544807287e+00 8.338760270312148748e+01 9.351145665746581903e-01 6.153198051964328119e-01 4.711401922375021201e+00 -1.577415054121651394e-01 2.029465975458832894e-02 1.061379391683678619e-01 1.253148941707706854e-01 2.786479337612668417e+00 9.303685655223436157e+00 3.344309503233844083e+01
1.027927107581091753e-04 -1.561259611436833438e+03 -1.311562919558199036e-01 -8.689942525330054957e-02 -1.997276200276530300e+00 1.030968786418304433e+02 9.640364088503671214e-01 5.898743966198080058e-01 4.707725421247813458e+00 -1.652928539349980408e-01 2.936979252979265986e-02 1.268907498140610657e-01 -7.736631728641327754e-01 1.725494836258056885e+00 9.656943650105610288e+00 2.995104327094766461e+01
1.109556245872472894e-04 -1.561183195537431857e+03 -1.343723333806156328e-01 -9.138556927800375873e-02 -1.960474500020680910e+00 1.046900481012380197e+02 9.512516107638236962e-01 5.936707125714656419e-01 4.698439377138070583e+00 -1.585904210957076454e-01 1.386363895552067405e-02 5.603091779757413127e-02 1.975987581250109315e+00 1.368216676515210395e+00 9.535556060723537897e+00 3.404979880671132975e+01
1.036885991108046277e-04 -1.561250933712198957e+03 -1.395592646062289999e-01 -6.716905477820539483e-02 -1.814006132783696046e+00 1.496995733922959175e+02 9.787678830540924579e-01 5.964065781287717360e-01 4.717036842586278311e+00 -1.532884689483133833e-01 -1.566345314604644656e-02 1.519259534424664548e-01 -1.543771328494756290e-01 2.779082149992451178e+00 9.286962909953233591e+00 3.412769648764047048e+01
1.021166831076613074e-04 -1.561266209768812587e+03 -1.318082207581608711e-01 -7.620150822257433509e-02 -2.018058696581332967e+00 1.522416085989010810e+02 9.805389680102725158e-01 5.854821969634695922e-01 4.708339776638605478e+00 -1.657123836897427260e-01 1.449482058426965203e-02 7.518552501128467069e-02 8.105735784851844983e+00 2.427269308308499518e+00 8.968982734013476232e+00 3.101090743055212684e+01
1.140127395881798482e-04 -1.561156015687393847e+03 -1.383089389233421451e-01 -7.608036041259684523e-02 -2.293613992006104052e+00 1.318414844414770357e+02 9.729386927753168601e-01 5.924215786768605163e-01 4.706119819008058869e+00 -1.367018393833703271e-01 4.568885500084007845e-02 1.472883031358799277e-01 2.979927323252240967e+00 2.353997632084547931e+00 8.952219820218765278e+00 3.156931993001332870e+01
1.026215418050843372e-04 -1.561261278010505976e+03 -1.373804005496770675e-01 -9.791192209291196824e-02 -2.277755896273739644e+00 1.238060395773810853e+02 9.422364214152776363e-01 6.045027342926156955e-01 4.706589438603171693e+00 -1.370515428152572213e-01 5.623135050482730435e-02 3.890500111889146906e-01 4.607794371537465850e+00 2.142113514001731112e+00 9.246878462679465116e+00 3.041355978154181017e+01
1.082878278779364945e-04 -1.561207533125259943e+03 -1.297128480259887862e-01 -9.112497696089946753e-02 -2.133371510281079964e+00 1.228896637723437379e+02 9.624532661551277180e-01 5.752766709689272062e-01 4.696126063807846585e+00 -1.606279393652538801e-01 4.336845846064552035e-02 2.023634266079171184e-01 -5.949768403889095225e-01 1.632841748760660572e+00 8.898045369917895187e+00 3.094807287852330191e+01
1.120355953206332106e-04 -1.561173509244152910e+03 -1.278057494998574850e-01 -8.196898725589359114e-02 -1.756428778682750602e+00 1.616456184139497338e+02 9.519056119506446034e-01 5.960724168565203485e-01 4.711182064065259745e+00 -1.627174994650903983e-01 -2.430462628998597552e-02 3.496754361859560345e-01 -3.936854522494087405e+00 2.137750602467236583e+00 8.401409684422711521e+00 2.992705097694214800e+01
1.052347943246989683e-04 -1.561236131890167144e+03 -1.343420172404661272e-01 -9.348874031535030216e-02 -2.100420091668397493e+00 1.161643177276122287e+02 9.582225509621580262e-01 6.006052408820490296e-01 4.705375255599611783e+00 -1.523964424867307876e-01 2.580113208714784889e-02 3.651163718808881492e-02 5.469561730151696111e+00 2.288344410181220034e+00 9.857629962698455373e+00 3.115931331444066288e+01
1.047601484487099962e-04 -1.561240652443643512e+03 -1.302423525456266329e-01 -7.266561238648470977e-02 -1.849914377885724770e+00 1.367542507519012531e+02 9.636141079763246298e-01 5.978416619130115794e-01 4.704234023163639478e+00 -1.632084132019828715e-01 3.932280088520867523e-03 4.750177749189308379e-02 -1.899130011039886767e+00 3.906544090077956888e+00 8.926107365546220862e+00 2.966114128642360726e+01
1.151731820062170536e-04 -1.561145888954242309e+03 -1.069499495476811529e-01 -8.452423096620383103e-02 -1.891308056047176889e+00 1.244542614894739785e+02 9.351430987961779628e-01 6.088890200482321990e-01 4.709619596502628625e+00 -1.581845749476271656e-01 1.037831830011803902e-02 1.396390080291710911e-01 -3.850350286128900734e-02 2.489050760652977701e+00 9.420841696647141106e+00 3.389072501133405524e+01
1.046471499488616392e-04 -1.561241731665921634e+03 -1.394237356645051940e-01 -9.490772858215851260e-02 -2.144352161813690039e+00 1.349802656850015694e+02 9.744425502591445021e-01 5.823817881006803088e-01 4.707695956177717633e+00 -1.630023503164836907e-01 2.163127678005460908e-02 7.657578720173621734e-02 2.998335095793464689e+00 1.522299508855629036e+00 9.163921266615137284e+00 2.935052277418248678e+01
1.255312310400344769e-04 -1.561059771299796466e+03 -1.341576044877864915e-01 -6.603404723026651268e-02 -1.844403967302103986e+00 1.284745673734550167e+02 9.714084805806718625e-01 5.884086257050762381e-01 4.704904625320762257e+00 -1.572001604154076304e-01 -9.958869503103429111e-03 2.813528575866124787e-02 -4.311760059435982839e+00 2.106368259863100612e+00 8.615210660991468927e+00 3.789099101184967111e+01
1.136102040114542194e-04 -1.561159552554020593e+03 -1.333511304067765690e-01 -6.569902456017637227e-02 -2.024032987872607325e+00 1.358582378952506815e+02 9.833568549088966826e-01 5.870842382067080756e-01 4.704637384256004751e+00 -1.529108311382416652e-01 2.292729156153816561e-02 7.866310254975661387e-02 1.966421586242290687e-01 2.250634029374309897e+00 9.617989488926337316e+00 3.036573391704111557e+01
1.148402268929839796e-04 -1.561148784049335973e+03 -1.436952526142458164e-01 -8.423437245910909976e-02 -1.980079492670829389e+00 1.287348400307367626e+02 9.657685418687654844e-01 5.898614414699037134e-01 4.704219971507301423e+00 -1.746710235178634552e-01 8.207287130105767048e-03 1.797692362462912363e-01 -1.069231981497409834e+00 3.307856246823059898e+00 9.080160302480155821e+00 2.927150861839278306e+01
1.109459657082389507e-04 -1.561183282592950491e+03 -1.327471563575889912e-01 -6.640210540673149864e-02 -1.981709277515801393e+00 1.228716436045961018e+02 9.606269271920029329e-01 5.860364977098692085e-01 4.701701587906054414e+00 -1.561578833401271460e-01 1.688971347652223898e-02 7.271340397735313876e-02 -1.975415930181753765e+00 2.435908424559318775e+00 8.332379034694859854e+00 3.581444312473880132e+01
1.020988519297853677e-04 -1.561266384399777053e+03 -1.361329964068631604e-01 -1.011249297062280228e-01 -2.023354541973227505e+00 1.266057108819802437e+02 9.412806458029210344e-01 6.068542084940995451e-01 4.709208435508987378e+00 -1.448272797269067880e-01 2.098033742136773405e-02 5.501631827233863792e-01 -1.923445144134348084e-01 2.465752130256904096e+00 8.862589946372011696e+00 3.046669854654271603e+01
1.152240138537255330e-04 -1.561145447700188470e+03 -1.156539780289614627e-01 -8.579949362853735162e-02 -2.220685831866970439e+00 1.254299414703945104e+02 9.630238704486034917e-01 5.900035861391488279e-01 4.700961964202736709e+00 -1.518272317116022840e-01 5.732205167174719840e-02 1.303928035922852779e-01 1.652150673400029746e+00 2.842009355527808090e+00 8.708784480466968958e+00 3.170598410057268168e+01
1.032124658199360507e-04 -1.561255536241736763e+03 -1.380312694423850017e-01 -8.669656135479220094e-02 -1.924132212325668112e+00 1.121568675821303884e+02 9.583546709415180498e-01 6.046531224636028101e-01 4.712910533291196913e+00 -1.443578448547682136e-01 2.718850190037014336e-02 9.713902562071145830e-02 -2.089763160340481818e+00 2.402960276984056343e+00 8.852796558490027223e+00 3.534944349402358199e+01
1.111716081394694973e-04 -1.561181250853588836e+03 -1.126895690896320551e-01 -9.802452610657103049e-02 -1.931594972279069955e+00 1.018405192371448464e+02 9.082394457754529027e-01 6.138945988254425057e-01 4.714875968233984693e+00 -1.664420889919404623e-01 1.156599061523144734e-02 3.221616718063908258e-01 6.936216788789124621e-01 2.319250306078823876e+00 8.829116561030915022e+00 2.908921013989917981e+01
1.041559308515620312e-04 -1.561246436768946296e+03 -1.155855248562484283e-01 -7.806570306074002430e-02 -1.812614204492578152e+00 1.390396219546284442e+02 9.438053500683752928e-01 6.004536499434409702e-01 4.710282692721762032e+00 -1.464615906277257906e-01 -5.769894985557355582e-03 1.317165123925925774e-01 -2.066377851133353261e+00 3.106693418386208272e+00 8.735411889237099103e+00 2.979440593887849786e+01
1.188212650625219323e-04 -1.561114705490565257e+03 -1.220214628174924876e-01 -7.344199364130678254e-02 -1.943182636297099863e+00 1.511884418132086978e+02 9.810884843299739755e-01 5.931250683963069648e-01 4.711258199990142614e+00 -1.639680180994897984e-01 -9.151661228989915742e-04 3.295692820797031103e-02 -1.160891828962149930e+00 9.415129619401163552e-01 9.068472346509093285e+00 2.979818316830928993e+01
1.098611593121872325e-04 -1.561193108499827076e+03 -1.199465424063545782e-01 -8.196818392202488701e-02 -2.127802437754348297e+00 1.523558688328113817e+02 9.815375561523550507e-01 5.911264129477549201e-01 4.713377505011907331e+00 -1.364788295036698518e-01 4.024091972534904471e-02 1.649524148384287625e-02 4.335957009954142904e+00 1.846845006637787279e+00 8.973694979741321021e+00 2.999444987475852287e+01
1.187787402125635054e-04 -1.561115063443843610e+03 -1.390671707901678100e-01 -6.373670584126388261e-02 -1.841664540714192944e+00 1.383490036412453037e+02 9.783632617194308878e-01 5.970894305252749668e-01 4.709284909247054784e+00 -1.575225821030272755e-01 -1.377934164684724294e-02 1.964400737257458174e-01 -2.275839295905001336e+00 2.673806987828708515e+00 9.016755506104146889e+00 3.136792419543033006e+01
1.172850245858013033e-04 -1.561127718800449202e+03 -1.271756368759981437e-01 -9.982953195919758160e-02 -2.199738796673009311e+00 1.142902370738511451e+02 9.461437071659568598e-01 6.172102574088682569e-01 4.713553592266559455e+00 -1.344923554001740129e-01 5.809190893512639065e-02 1.273139614797486330e-01 2.662146098262155647e+00 2.446593079776016033e+00 9.065966758947997306e+00 3.090101849407233914e+01
1.400364403698698139e-04 -1.560950423203221817e+03 -1.034148359375290926e-01 -8.780977312153001590e-02 -1.745736189174547759e+00 1.114612009448164827e+02 9.291826659728186222e-01 5.970544279174792024e-01 4.705114291694847850e+00 -1.694447625645312261e-01 -1.024496231735838592e-02 1.073984003200353921e-01 -3.601749498419621887e-01 2.105033522574073501e+00 9.180475563371427228e+00 2.953700944572468146e+01
1.371678949151771429e-04 -1.560971120194485138e+03 -1.279934731972058592e-01 -7.751690261762760048e-02 -1.779867174769339755e+00 1.167869339846702843e+02 9.426317482739955400e-01 6.045319784504561422e-01 4.707250610464313034e+00 -1.438948249250011635e-01 -6.350375497560900584e-03 2.022786311457792641e-01 2.322496826288727334e+00 1.728156743355135916e+00 8.741216119480309743e+00 3.101887248885970649e+01
1.179332714727468945e-04 -1.561122206911799367e+03 -1.323514589150151244e-01 -1.131174355443090029e-01 -2.229268294017716645e+00 1.205385798266596282e+02 9.577642995887316602e-01 5.922721839454598847e-01 4.704468863307296189e+00 -1.481601017424654110e-01 5.805787678160667653e-02 1.858167521638239006e-01 5.382159640602651507e+00 2.915772391019810783e+00 8.740623236080269365e+00 3.336517618175838606e+01
1.492867106323470959e-04 -1.560886457190904594e+03 -1.350312325350129516e-01 -9.165661050980933311e-02 -2.164036531445137967e+00 1.397574294837204150e+02 9.753378468769782206e-01 5.971167951294827914e-01 4.712126135264943727e+00 -1.395315831211214608e-01 5.485736729117585142e-02 2.507152820832409534e-01 2.011661673324510957e+00 1.765540875350746219e+00 9.201861926397381097e+00 3.206407647691644769e+01
1.259107187859751496e-04 -1.561056752805592623e+03 -1.154914048819155603e-01 -1.020597289397187912e-01 -1.862940723274641774e+00 1.081928653342961439e+02 9.467121310919635047e-01 5.940041097438961692e-01 4.701624358189350872e+00 -1.494564945618606089e-01 -1.343329516775781940e-02 7.936229409160229509e-02 -1.074127961548839494e+00 3.460171456307170601e+00 9.054212189591460458e+00 3.100062006164094797e+01
1.213011206093707941e-04 -1.561094049826081346e+03 -1.208919737836573888e-01 -8.511758863967459898e-02 -2.146303920040502966e+00 1.327468912074110960e+02 9.547796300118719381e-01 5.993987505883464628e-01 4.706911124116402334e+00 -1.502036597970599630e-01 4.561832448287095332e-02 3.154075366579028317e-01 -1.157877771851076432e+00 3.358294905980052647e+00 8.919400689628709245e+00 2.979699316063799586e+01
1.176168950278762694e-04 -1.561124893189969498e+03 -1.338315862495447484e-01 -7.613036786612556450e-02 -1.708894404188243898e+00 1.338173570744531276e+02 9.656664923590640992e-01 5.838996844679673615e-01 4.702755488733590283e+00 -1.545403596638337262e-01 -2.018269319048071608e-02 8.326038386432448035e-02 -8.976422275289110075e+00 1.994725464635638268e+00 8.694719527549853666e+00 3.149842276196623914e+01
1.063576188619190114e-04 -1.561225518701727651e+03 -1.251638725109045225e-01 -9.552683196346915817e-02 -1.970282624683515227e+00 1.012669556605332275e+02 9.124251120529319747e-01 6.203607199160318109e-01 4.714755986682558131e+00 -1.507865517720246018e-01 2.081754258305368310e-02 3.361757485334977424e-01 -1.991829731014604477e+00 3.108126647769604567e+00 8.640369024174866297e+00 3.143754551057453739e+01
1.285398422311650156e-04 -1.561036086967766778e+03 -1.334314320811876287e-01 -7.537398249817559015e-02 -1.627839852080681382e+00 1.737500774043905665e+02 9.699513247841099473e-01 5.977257697344038334e-01 4.713338389522017557e+00 -1.446388620553786808e-01 -2.067913247791164366e-02 2.537039415265185394e-01 -3.213377149866346372e+00 2.376443052544141565e+00 9.045035043393156116e+00 3.202764685462100402e+01
2.240345973737671418e-04 -1.560480525387828266e+03 -1.030628398348173436e-01 -9.118207366407174441e-02 -1.684907955875735386e+00 1.002719984749060416e+02 9.254237149686980191e-01 6.081702136799913561e-01 4.710409389398327207e+00 -1.416209735819680127e-01 -2.208528933515774284e-02 9.942229463534020539e-02 -1.282824115425057698e+00 2.228861192803077707e+00 9.192298008872224813e+00 3.158416959158760662e+01
2.673618169748192609e-04 -1.560303723019508197e+03 -1.260530771168959230e-01 -8.398290173298307570e-02 -1.644029074624239639e+00 1.342673372143558481e+02 9.464422068941988897e-01 6.024097792378870775e-01 4.711131732936483019e+00 -1.435357356228421644e-01 -3.599685313139655563e-02 2.490723250469882299e-01 -3.281497108426549403e+00 2.442205830990751281e+00 9.083025788059195804e+00 3.001084475930060336e+01
1.028273720033889323e-04 -1.561259274298114860e+03 -1.281954303605002676e-01 -7.370413995696988019e-02 -1.965045036395275391e+00 1.183530285055686022e+02 9.705504338341753856e-01 6.148532999411571165e-01 4.715436955885792258e+00 -1.565797143089358023e-01 1.648990330613830935e-02 2.094511871537344319e-02 -4.146887229362846483e+00 2.324478501098292682e+00 9.262977172548868765e+00 3.338790631104704687e+01
1.197538787540895994e-04 -1.561106887254120920e+03 -1.158229576219060586e-01 -9.848302575519654600e-02 -1.816851239049221522e+00 1.345509130752781459e+02 9.510422705538067456e-01 5.985094751723596396e-01 4.707776525510856125e+00 -1.457632746108417088e-01 -2.019788894018725856e-02 2.037723101377820201e-01 -3.376893099519094221e+00 2.987588678378561013e+00 8.716859595226168267e+00 3.336240814867663573e+01
1.651564190964896787e-04 -1.560785432860956462e+03 -1.370264618310081672e-01 -7.283422031182658352e-02 -1.986927266137131332e+00 1.808592237012141482e+02 9.854422958397137666e-01 5.843756619408169151e-01 4.707691665027388339e+00 -1.555673042255139027e-01 2.628451834011102939e-02 3.910780134850767864e-02 2.865161658164737446e+00 2.581852031260933877e+00 9.849944024100443229e+00 3.596901832852638847e+01
1.151607301129582256e-04 -1.561145997074606839e+03 -1.392624530149786100e-01 -8.513121892066291552e-02 -2.354406220698503027e+00 1.162857238648299045e+02 9.506122300217455523e-01 5.959308178052895588e-01 4.711007340202913340e+00 -1.437913569990878493e-01 6.182536530705018407e-02 7.824541118875540102e-02 4.128399587448797092e+00 1.777197956309373161e+00 8.875354969027471341e+00 3.525189584035415180e+01
1.266905114533942254e-04 -1.561050578685666096e+03 -1.372395793247894735e-01 -7.813082446413055493e-02 -1.933683270480892613e+00 1.196193855382786495e+02 9.632610812549637913e-01 6.056035451190520114e-01 4.710639506072081595e+00 -1.628134198328603510e-01 2.554615681498040303e-02 4.146246459269501555e-02 -3.591072866755411042e+00 1.637477854086188955e+00 8.999699866694687245e+00 3.067952878166313369e+01
1.055969905525097776e-04 -1.561232696008007906e+03 -1.284011368109890805e-01 -7.621222591836429583e-02 -1.859073868817427533e+00 1.442328290647375582e+02 9.769374461692580391e-01 5.846563215431449523e-01 4.698346254758514640e+00 -1.655528795573713019e-01 -1.610846430879941948e-03 1.028094384292182889e-01 -5.221487331836840440e+00 2.032038857108453556e+00 8.923858411225893406e+00 2.846712146460672699e+01
1.077945604294521182e-04 -1.561212098682954547e+03 -1.239714843255300541e-01 -9.263772111268392395e-02 -1.871324740426169697e+00 1.565092980076333617e+02 9.742019935334178538e-01 5.884459414043299308e-01 4.706201022079438800e+00 -1.476571487839666297e-01 8.346882294164581495e-03 1.907316529532923910e-01 -1.677240572274627084e+00 3.429366869242667093e+00 9.390340163751842439e+00 3.126492722972451332e+01
1.026539828924921357e-04 -1.561260961936899776e+03 -1.043592407536983735e-01 -9.202104745118480644e-02 -1.840450061566569318e+00 1.210444339794610187e+02 9.456608056315508604e-01 6.102020540071830812e-01 4.711175654264725843e+00 -1.411933661115378769e-01 -7.915466744248700337e-03 1.325091115992441948e-01 -2.360721997724766652e+00 2.779024044003430838e+00 8.700761606222130240e+00 3.294263358449445178e+01
2.930854751079882740e-04 -1.560211861589926229e+03 -1.376981570964636303e-01 -7.455052564528365233e-02 -1.628913705855942196e+00 1.428911617488414834e+02 9.743372500282605486e-01 5.860488833458752378e-01 4.703919228148128795e+00 -1.440276439839505151e-01 -3.842201947593792966e-02 5.339228795477071049e-02 -9.465975433732864985e-02 1.808125696932449955e+00 9.394885534888208767e+00 2.982920695546009782e+01
1.117953508290646478e-04 -1.561175655905175063e+03 -1.316629011945265049e-01 -7.539200269880781680e-02 -2.239916037259010562e+00 1.535519722952221571e+02 9.677667102383505915e-01 5.901407149277668740e-01 4.705851351796265014e+00 -1.529290166822403485e-01 4.911792469281395235e-02 1.563629759399398633e-01 1.886913334254842312e+00 3.324322938748291989e+00 8.631373130554397477e+00 3.027902034043616908e+01
1.651688592282867343e-04 -1.560785357540461064e+03 -1.327819365092773873e-01 -8.753802257969398037e-02 -1.723693220575002183e+00 1.173885113976599683e+02 9.678885210542267359e-01 5.998653451179056795e-01 4.714275150276090898e+00 -1.505026501835611263e-01 -1.655192004060301869e-02 1.257384699119070137e-01 -4.051875287259491643e+00 1.491236945829643723e+00 8.787788370101523583e+00 3.267043577687256573e+01
1.092679091389753748e-04 -1.561198523131731690e+03 -1.017904863314114533e-01 -1.060960879771524062e-01 -1.807748310933487534e+00 1.171700633192849779e+02 9.274330430867280262e-01 5.986559571891181264e-01 4.703900287245490475e+00 -1.562991976276362216e-01 -1.470023111067142452e-02 2.990743041404483327e-01 1.369709073764454388e+00 1.927447712715801842e+00 8.808519190143249133e+00 3.011399682349114215e+01
2.244779259655190222e-04 -1.560478548503290767e+03 -1.449367705221049074e-01 -7.587850422769334968e-02 -2.319563978038978735e+00 1.352587980044465041e+02 9.747016185653849529e-01 5.882144647732724385e-01 4.708079376641720160e+00 -1.334103444374492575e-01 8.111499323827708885e-02 8.162204700440631178e-02 5.242758040808894293e+00 2.080866318022733807e+00 8.597299424011218605e+00 3.428577495020890353e+01
1.202108419058293699e-04 -1.561103078663400993e+03 -1.296636629366476334e-01 -9.347243072264749264e-02 -2.183769470962285908e+00 1.271481986168110296e+02 9.757275482759595331e-01 5.870535670117260629e-01 4.706249506047875286e+00 -1.724759116715102181e-01 3.298999513944944617e-02 6.899080607088368955e-02 2.861379925433084281e+00 2.040273075618381782e+00 9.154406931315417495e+00 3.127415505155828157e+01
1.114500752363758031e-04 -1.561178749145418124e+03 -1.347660917105687750e-01 -8.272418979516465987e-02 -1.817218616969910716e+00 1.550815140294233458e+02 9.698704508643387623e-01 5.844910209833958925e-01 4.701752601451775426e+00 -1.516858747907212646e-01 -1.464220811664196376e-02 1.245171809433430476e-01 -7.084071405192560178e+00 3.436455375522395883e+00 8.375842262041132358e+00 3.261148913477451572e+01
1.739514930384746189e-04 -1.560733549395609771e+03 -1.214638822497737247e-01 -8.290105167518570239e-02 -1.859518628446397814e+00 1.348730145530776667e+02 9.513726374051882928e-01 6.083374405999220080e-01 4.715820431082919484e+00 -1.500074760907588178e-01 8.202594533590845671e-03 8.888017227269215392e-02 6.330602289253306481e-02 2.743610342653690637e+00 8.451541611300349643e+00 2.947062177635295654e+01
1.167412850047018177e-04 -1.561132365633196059e+03 -1.050136569020997668e-01 -1.070835622024534084e-01 -1.869256139972557795e+00 1.216239908770217539e+02 9.120513442622271150e-01 6.094497778496172913e-01 4.706755913345978648e+00 -1.633457272923082293e-01 -8.634654420149878717e-04 3.282856518146911595e-01 2.090800148092625932e+00 2.215361417237216024e+00 8.357819749968520284e+00 3.256316700709371759e+01
1.345027916180138641e-04 -1.560990740925967430e+03 -1.353005487866286161e-01 -7.230614710782388987e-02 -2.071716900227438707e+00 1.204514993164056023e+02 9.750972973233433816e-01 5.888924796787897709e-01 4.701478026891547479e+00 -1.453278014611951718e-01 2.204865023399404933e-02 4.027405035794890537e-02 -5.029543562751825903e-01 2.552163681805108553e+00 8.334197972897694484e+00 3.429736850530673564e+01
1.041222851120769498e-04 -1.561246759853524509e+03 -1.398235928627321323e-01 -9.451597071587086729e-02 -2.097265172528071098e+00 1.314672288168109162e+02 9.765487736939019170e-01 5.850733271457557727e-01 4.698115432445248985e+00 -1.690411205505983894e-01 2.135470077842316350e-02 1.447329610682779148e-02 -1.031151719199954186e+00 2.898255107208869141e+00 8.469692293463282340e+00 3.114242329947236598e+01
1.380642864935236456e-04 -1.560964606459476727e+03 -1.301611217182110647e-01 -7.683644605864149713e-02 -2.125523084800998941e+00 1.856580430325901432e+02 9.772545203715801154e-01 5.842291639707293260e-01 4.703785805409919973e+00 -1.543519174926242243e-01 3.811273948447180260e-02 3.537308984355614916e-01 3.000283412065044786e+00 1.243053059513332670e+00 8.652076902221029542e+00 3.372835541350183064e+01
1.150101902289151921e-04 -1.561147305145194423e+03 -9.574829954369970531e-02 -8.582660145656619000e-02 -1.918595146906215909e+00 8.985993495200176540e+01 9.313390425377869875e-01 6.085755049336627476e-01 4.712288813277661248e+00 -1.714726014323473269e-01 1.182640850712690650e-02 3.959647538724125893e-02 -1.251689925077158705e+00 2.812132359419572403e+00 9.037406135852133815e+00 2.838613070067974675e+01
1.309464008881495837e-04 -1.561017537794368764e+03 -1.369303244260815788e-01 -8.829201895101629338e-02 -1.850013247398174743e+00 1.424710117274943002e+02 9.524983455646038877e-01 5.874653541381653632e-01 4.700917849468213561e+00 -1.642888622291385214e-01 -9.227054202368467628e-03 4.223568632941082091e-01 1.220202764469263457e+00 2.896128996994762339e+00 8.634857346129454214e+00 2.903876140891936686e+01
1.537890407626723319e-04 -1.560856744082205068e+03 -1.312731897358191679e-01 -9.175292582212313253e-02 -1.881098907158972544e+00 1.482770725666396743e+02 9.687336893899255452e-01 5.923948261636099444e-01 4.701117809703665884e+00 -1.653065858055768889e-01 -2.004458601976732979e-03 2.766700921498605470e-01 -3.713382843907226061e+00 3.001774539996615587e+00 9.049028946687354136e+00 3.313779301025810042e+01
1.599644428236016418e-04 -1.560817374322134128e+03 -1.307165667891504734e-01 -1.019736171290712978e-01 -1.886877408251311783e+00 1.199483525791898018e+02 9.481257950913373200e-01 5.955252913810640258e-01 4.709094438358976120e+00 -1.647148595720362430e-01 7.301626710870978698e-03 3.004500106618925304e-01 1.753216118169092397e+00 2.681309189349501132e+00 8.919969619114787918e+00 3.563564195372970289e+01
1.118588766616243147e-04 -1.561175087833335056e+03 -1.262909683812613593e-01 -8.764947027888383979e-02 -2.178047433718211412e+00 1.336902997110870217e+02 9.610192858321031650e-01 6.037914160201558467e-01 4.708487030615715163e+00 -1.459178075436569078e-01 4.489423930906921711e-02 3.366742494950606401e-01 -2.273469680936557324e-01 2.576377131153440025e+00 8.395990794707874016e+00 2.927249339550175478e+01
1.089426246289220600e-04 -1.561201504516226578e+03 -1.245227247998402231e-01 -9.017682010897973277e-02 -1.987091188794105623e+00 1.238047486286004641e+02 9.651494610610997782e-01 5.999836267050946415e-01 4.711124193995575915e+00 -1.633161313805153725e-01 1.547434529402091918e-02 1.700970067719578260e-01 -3.145771750667108790e+00 1.187023786357488397e+00 8.378586779862139622e+00 3.526737969841819620e+01
1.328571769361199494e-04 -1.561003051186717812e+03 -1.400054137611961014e-01 -1.009019183870815961e-01 -2.335068559024200852e+00 9.460093547806941672e+01 9.229519910634321755e-01 5.985459358493607773e-01 4.701855141539668992e+00 -1.435753853379131417e-01 7.050345556737647179e-02 1.752419525788250221e-01 3.917502054469764516e+00 2.902152513924560751e+00 9.267200985257574075e+00 3.221487110217946537e+01
1.050210622336775310e-04 -1.561238164957575009e+03 -1.384284361275165132e-01 -9.186611411964727691e-02 -2.084829334504475273e+00 9.804085926547102758e+01 9.657202650787971576e-01 5.913303222060692921e-01 4.711270185559577328e+00 -1.552099834671740730e-01 2.573722745746320761e-02 1.655808886177557449e-01 -3.376917008749302340e+00 2.889128100646121133e+00 8.627106433020781395e+00 3.120925582613620719e+01
1.298125306068985169e-04 -1.561026234542904149e+03 -1.414741611715125691e-01 -9.226353274940757299e-02 -1.733626046222228601e+00 1.337257508133505439e+02 9.788123317527728240e-01 5.866407698259399339e-01 4.710168220137777695e+00 -1.547024667186438496e-01 -3.460789931463903457e-02 5.054865919035948091e-02 1.006325897397545077e+00 2.286918249728153718e+00 8.515867658435482213e+00 3.519331550994808566e+01
1.393902177795764417e-04 -1.560955048558201725e+03 -1.367115293235776352e-01 -9.071024914473024836e-02 -2.171463201796006715e+00 1.532080796475131592e+02 9.830071579914934077e-01 6.014404066246396008e-01 4.710921967585606218e+00 -1.568108086637618470e-01 4.993261935243875627e-02 1.921592752148822136e-02 6.284983154830428020e+00 1.045654436215626149e+00 8.551644512174716439e+00 3.222268237435888238e+01
1.582892094718398187e-04 -1.560827902080809281e+03 -1.314143660991042295e-01 -8.653441562612626536e-02 -1.644096000115352840e+00 1.494589678893494238e+02 9.673799045562403442e-01 5.993568022305684195e-01 4.710009296827728953e+00 -1.459573184112845645e-01 -2.035490568557030144e-02 1.667952215545705497e-01 -3.958057850348211559e+00 2.361634752826469175e+00 8.559668683668530065e+00 3.249349673781431846e+01
1.658544475523911720e-04 -1.560781215298568441e+03 -1.349700936912100191e-01 -7.590262255277574477e-02 -1.749082362266948465e+00 1.443038548748900780e+02 9.700160566441036192e-01 5.965949084973258820e-01 4.706316664447101061e+00 -1.505255576042165977e-01 -2.354734607997421847e-02 5.937535866097642251e-02 -3.397125882385296336e+00 1.889376273193854594e+00 8.864182757095996124e+00 2.593423077091683382e+01
1.188935237647527484e-04 -1.561114097546021185e+03 -1.370147947057544502e-01 -9.454662133435870475e-02 -1.961583306678535976e+00 1.401836372310812067e+02 9.597648634705707726e-01 6.027842498830617846e-01 4.712811888847776132e+00 -1.414254301643074196e-01 1.850228434849676695e-02 4.218902169543924940e-01 -3.712633502928497364e-01 2.788861531464403853e+00 8.761265054766486315e+00 3.097933762872495578e+01
1.028408123374503969e-04 -1.561259143598909986e+03 -1.470493832122125866e-01 -8.756637698695263206e-02 -2.149593318952730314e+00 1.236013838049597382e+02 9.569618693945958210e-01 5.977333826516774140e-01 4.705744892789141431e+00 -1.627879382537824604e-01 4.198830662352115439e-02 5.749022128343067584e-02 -2.084561010631290401e+00 1.115389455981108391e+00 8.972536931864505405e+00 3.279407596675443415e+01
1.029067424981374302e-04 -1.561258502714861606e+03 -1.391935701099155098e-01 -8.891260717006677083e-02 -2.314834201494408550e+00 1.177521515334497053e+02 9.585382496620721282e-01 6.003457702258432338e-01 4.711942908061880431e+00 -1.473829819425542809e-01 6.498728424510136215e-02 2.290786001411622141e-01 3.007763565746245149e+00 1.762457243043691335e+00 9.033922494181778617e+00 3.746823720354419862e+01
1.190532533151739721e-04 -1.561112754980457794e+03 -1.459045796180028221e-01 -8.914364346599287781e-02 -2.243435257622908630e+00 1.427876333187500109e+02 9.782880377986918896e-01 5.869861817999348919e-01 4.713923940972021498e+00 -1.536267207087425035e-01 4.621217476167127636e-02 3.717596976478228926e-02 5.703634126446189612e+00 1.487479494833188198e+00 8.900186292234767649e+00 3.552734875065266351e+01
1.047625343241535102e-04 -1.561240629669255441e+03 -1.292553729604948576e-01 -8.165225081884457115e-02 -1.813757807010359047e+00 1.223868869950459981e+02 9.535266448848234155e-01 5.966142777146286047e-01 4.715992813917961435e+00 -1.661941232655594902e-01 -7.608400323000363841e-03 7.656839176031406125e-02 5.097691123378069733e-01 2.276366427375831059e+00 8.667927144641929260e+00 3.491452640965842136e+01
1.025360559929184136e-04 -1.560656394297923271e+03 -1.360216446289001790e-01 -9.086264465252112676e-02 -2.137808917109695894e+00 1.263636875879960400e+02 9.366775998593379615e-01 5.988879974621995617e-01 4.704451511764364824e+00 -1.572902009124936828e-01 4.579596181663880827e-02 2.770957104707756358e-01 2.804186961142534074e+00 3.031549790718623960e+00 9.002399864870614721e+00 3.175339482924577439e+01
1.080497756759916402e-04 -1.560604016793593473e+03 -1.282703368669338706e-01 -7.896838427475057209e-02 -1.752512058470995671e+00 1.359754274561859972e+02 9.618497663476867077e-01 6.063006150617058498e-01 4.712235039979295159e+00 -1.541760627385340143e-01 -5.644730974637468535e-03 1.392926369854503854e-01 -2.537276425233699229e+00 1.336679286489173002e+00 8.924683644026099927e+00 3.247759067968713964e+01
1.077897000326499512e-04 -1.560606426693528192e+03 -1.287227452834924513e-01 -8.303151779055881199e-02 -1.626463407452051646e+00 1.032310096923708755e+02 9.396000433777017546e-01 5.907077045688826633e-01 4.703988284077735393e+00 -1.606180469945390765e-01 -4.690426065927133514e-02 1.528399006040852270e-01 -3.921373224576370831e+00 2.609287533911097690e+00 9.114052403403793079e+00 3.236369618878109833e+01
1.025138160156468717e-04 -1.560656611220539617e+03 -1.441578858808347796e-01 -8.155474422102700072e-02 -1.935998579911680562e+00 1.366765378847090915e+02 9.592772316085286244e-01 5.985005682616277856e-01 4.708407012669894698e+00 -1.472124342803300401e-01 1.228130744364963611e-02 5.382867080720610958e-02 3.868458715724102603e+00 1.598457202090508567e+00 9.040789442095299222e+00 2.895099398154055237e+01
1.052370386348126568e-04 -1.560630393483814942e+03 -1.132184631953789267e-01 -8.518124969383529532e-02 -1.801971667047232328e+00 1.218801848464932789e+02 9.343819114416918037e-01 6.048248815674566181e-01 4.707780700283122677e+00 -1.572418668315047618e-01 -7.398943950389424984e-03 5.908162411622810278e-02 -5.285094778185452924e-01 1.677345552871134515e+00 9.004980257701355129e+00 3.057325660639564902e+01
1.051903361925882007e-04 -1.560630837365634306e+03 -1.261373222464252375e-01 -1.071983907385282431e-01 -2.030162483898058312e+00 1.515174179917463277e+02 9.614118160676510261e-01 5.861934846296180668e-01 4.704242910810861211e+00 -1.648757126565940645e-01 2.055312933824660071e-02 8.623358616832042800e-02 2.429666482856873699e+00 2.476480792440116652e+00 8.762400006053772117e+00 3.040997867992278714e+01
1.043451250435265497e-04 -1.560638904885358897e+03 -1.396606717912693418e-01 -7.729729353323473717e-02 -1.900347965298321951e+00 1.619772374859538218e+02 9.763554332921369205e-01 6.024401264303502757e-01 4.716986371951380264e+00 -1.679357295096111091e-01 1.833272006410036070e-03 6.045600599364597122e-02 1.180081184296142283e+00 3.203066052390513008e+00 8.570003703669005546e+00 3.488944623958267499e+01
1.045156293479762783e-04 -1.560637272177071281e+03 -1.287253706917037277e-01 -6.898588822003634546e-02 -1.679223708398384085e+00 1.242134229571122432e+02 9.587584564239461926e-01 5.980024303547787357e-01 4.710465412546522401e+00 -1.595305900674968136e-01 -2.840529555023985075e-02 1.105044050937953048e-01 2.024438323928052341e+00 2.723858032030013199e+00 9.357629022362146998e+00 3.448037492179978614e+01
1.088694182229695115e-04 -1.560596459634329676e+03 -1.383290868369494997e-01 -8.314132207808197506e-02 -1.720990879708854671e+00 1.245945033412080676e+02 9.532472949602220913e-01 5.913439501061905634e-01 4.706202921600365130e+00 -1.629035177980662219e-01 -1.654484359156782602e-02 7.805162003184093478e-02 -4.810330923177815521e+00 3.074572504772610237e+00 8.521055240907404738e+00 3.419958404751133685e+01
1.055819156024121841e-04 -1.560627121697589700e+03 -1.321872938557691335e-01 -9.695587425357843347e-02 -2.133498750265202304e+00 1.335991196931400964e+02 9.681193271635122333e-01 6.051286199551835221e-01 4.708881760486121948e+00 -1.543311314902826581e-01 3.667550194402324770e-02 2.110451530461015801e-01 -1.729890467937167386e+00 2.622763989087451009e+00 9.181411711499443129e+00 3.102697216520333612e+01
1.026269086074654195e-04 -1.560655508634951275e+03 -1.353098424474234174e-01 -8.258918922944803731e-02 -2.101541893814524720e+00 1.513274495226810643e+02 9.618267977764433097e-01 5.977105938773448202e-01 4.707752831611499822e+00 -1.417050774803625401e-01 3.235125942206651395e-02 2.249461022974294788e-01 6.357964011163630857e+00 1.914071972262898491e+00 8.935867986400447549e+00 3.018665563011335706e+01
1.053525041961305694e-04 -1.560629296890210753e+03 -1.341607832171696213e-01 -8.676511891852832503e-02 -1.690088083348423531e+00 1.274794906063098523e+02 9.620287815456751712e-01 5.761640352927475117e-01 4.700131353805254264e+00 -1.520768936072307564e-01 -2.455180533704370838e-02 1.175635364478781753e-02 -2.486061087122209301e+00 2.702249715446636280e+00 8.439369422804098519e+00 3.269980289310725396e+01
1.028059439480419806e-04 -1.560653765628575457e+03 -1.382801373134806278e-01 -6.289307416892402081e-02 -1.963906391473117408e+00 1.419743802829118806e+02 9.819479583627295227e-01 5.812499845320003855e-01 4.708903804245471392e+00 -1.566368867513292518e-01 2.378426320544613226e-02 1.596517292413111508e-02 7.577799528225455106e-01 1.552363578825932677e+00 8.401863118659203877e+00 3.107957927613325211e+01
1.030054708524141810e-04 -1.560651826698540162e+03 -1.195573222843103744e-01 -1.117259451098868706e-01 -2.190485022823959405e+00 1.038397571632160350e+02 9.366817200371357899e-01 6.057297888676491660e-01 4.711116479889835951e+00 -1.463346940691672149e-01 4.368377505662990323e-02 1.543524969376881308e-02 -7.637720859416958774e-01 2.097646863246982463e+00 8.400668013391232591e+00 2.931223036348063005e+01
1.034966694624114370e-04 -1.560647069367350696e+03 -1.272944140762111709e-01 -8.474797166629392808e-02 -1.792241833544023333e+00 1.348748453168591084e+02 9.706696818726031628e-01 5.800273802650468546e-01 4.706517824408058104e+00 -1.483967950831632798e-01 -2.429364386839871770e-02 8.737555518695834522e-02 -1.807119706029368444e+00 2.643488421919970577e+00 8.989322817353983197e+00 3.112414950922837065e+01
1.066974053575295100e-04 -1.560616611959593229e+03 -1.158841583466740655e-01 -8.342781797174028680e-02 -1.927178650378948310e+00 1.091031634592224009e+02 9.574383872369509607e-01 6.016983737838288437e-01 4.706430040238162249e+00 -1.568572590509389464e-01 1.790856118221983984e-02 1.146090458445553489e-01 1.139360733660197411e+00 2.535573017051651057e+00 8.819973110191558163e+00 3.716801190753715645e+01
1.022424431001498618e-04 -1.560659261914350509e+03 -1.427836183133420755e-01 -7.749728959814224105e-02 -2.022256788619663403e+00 1.275825322199808056e+02 9.806234312521041607e-01 5.916209225557667040e-01 4.709301616073569008e+00 -1.519754372675183873e-01 1.213718431574162260e-02 9.201098015513703432e-02 4.175265585191453965e+00 2.112755355082596154e+00 9.317088913247339121e+00 3.322811806742254248e+01
1.045274490124426079e-04 -1.560637159093542550e+03 -1.359978326117183278e-01 -9.050662907683987290e-02 -1.938279569031472471e+00 1.323975994927022271e+02 9.705597471356555150e-01 5.905822091305295007e-01 4.704928541394002295e+00 -1.509213094259771459e-01 2.338955936915554368e-02 3.887256873257310952e-02 6.085995031921243026e-02 2.889905359299227428e+00 9.815758891451253021e+00 3.290963867711116109e+01
1.043813672090824254e-04 -1.560638557615920035e+03 -1.386701042168943243e-01 -8.896947991712536585e-02 -1.944672644560996311e+00 1.086121564910933444e+02 9.475564464340305859e-01 6.009542967598158203e-01 4.713539638543639221e+00 -1.633029800780629870e-01 -2.065241762982950036e-03 1.670296480244196358e-01 1.958679141654357636e+00 1.770849147408881663e+00 9.248326773977243676e+00 3.140881591250854754e+01
1.048000451370373500e-04 -1.560634554597847455e+03 -1.437979689526921179e-01 -7.521698739986525106e-02 -1.942156954452391782e+00 1.368154726381220598e+02 9.664333641997098212e-01 5.873713623516695348e-01 4.708510715787916467e+00 -1.515547951368267920e-01 1.950513675114096124e-02 4.499513217886283445e-02 -2.976566559613928575e+00 2.334753544219414501e+00 8.521391722244864297e+00 3.622848332444195307e+01
1.051164297244300592e-04 -1.560631540210080402e+03 -1.289410006232302175e-01 -7.714537129793269665e-02 -1.756437991880232197e+00 1.113362834759512765e+02 9.379757400068147177e-01 5.970610942589410497e-01 4.700091471307665358e+00 -1.621745170078143783e-01 -1.962599718435598106e-02 1.176677223867510086e-01 2.358525763179670776e-01 2.218478392071232541e+00 9.191876677526522599e+00 3.298185330477021182e+01
1.091520802592742034e-04 -1.560593866658897014e+03 -1.269363404353461289e-01 -8.799971006747131508e-02 -2.000477284878197537e+00 1.356713149201462159e+02 9.649809124145308781e-01 6.016230463968538222e-01 4.713963870016330659e+00 -1.601592583612381215e-01 3.637692327742581000e-02 1.023701963345483301e-01 5.441023775551911967e-02 1.454694650208088191e+00 9.307635818746273770e+00 3.015884074070862653e+01
1.068334209838220470e-04 -1.560615337992297555e+03 -1.341619783427253076e-01 -7.321767969870182635e-02 -1.780603140069918489e+00 1.400748271254596773e+02 9.641758930929401616e-01 6.017325511092685986e-01 4.710905264834265971e+00 -1.507210563437373363e-01 -4.544003844425326122e-03 1.881100227703430827e-01 3.163980872064968253e+00 2.922181513839383626e+00 8.842695523349153319e+00 3.419504053234234675e+01
1.020981353755216487e-04 -1.560660674338154877e+03 -1.260331389283236292e-01 -9.561990658096405915e-02 -1.907355151783401981e+00 1.248409486388773502e+02 9.481292165279060491e-01 5.958555604596871280e-01 4.704396250192864670e+00 -1.774222418976565407e-01 9.292947256787753574e-03 1.812394884333428935e-01 -1.109670919630616481e+00 1.832159499355112686e+00 9.048242211401769097e+00 3.415638140406407075e+01
1.088095614571142074e-04 -1.560597009588831042e+03 -1.465478642194570913e-01 -8.528123169244196389e-02 -2.161161600277178074e+00 9.956191692369870339e+01 9.654534391500512180e-01 5.880785564611477056e-01 4.706033236950759147e+00 -1.606068442464341217e-01 5.420886691056092666e-02 2.833940997169626802e-02 2.819444551591033132e+00 2.935201578923907206e+00 8.856823698150662949e+00 3.565266385954956974e+01
1.054155764265704901e-04 -1.560628698391309626e+03 -1.316164980037621002e-01 -7.993242352824098118e-02 -1.898663490241682572e+00 1.431987775240754388e+02 9.565893523012939381e-01 5.872723269040457383e-01 4.704767048234198334e+00 -1.698477975711167876e-01 -2.833367863902758188e-03 2.717084910290653021e-01 1.009107151406368530e+00 3.146918665052012010e+00 8.412379582917406395e+00 3.175270233508686957e+01
1.063209141294169633e-04 -1.560620146788156717e+03 -1.257489857129986677e-01 -8.237657681060760184e-02 -1.659099651484901683e+00 1.135129846229857549e+02 9.559788658336336731e-01 6.064499478766502971e-01 4.714144017323870450e+00 -1.533177719781617654e-01 -2.707977945056816438e-02 1.634003994333336207e-01 -1.022554164213659078e+00 3.300423192665880023e+00 8.554854887782736839e+00 3.277933248956432521e+01
1.064238705558635155e-04 -1.560619178901356236e+03 -1.289890767666447557e-01 -8.752882540323042582e-02 -1.872341428812020370e+00 1.709143440790914212e+02 9.660757472447322192e-01 5.830092773819320895e-01 4.702540330633599552e+00 -1.485442329162718345e-01 -5.150483529006155692e-04 1.650877170434308094e-01 2.325994066535940874e+00 2.336165936686063205e+00 9.118099838624438291e+00 3.204433863239808034e+01
1.048637261685915012e-04 -1.560633947139218662e+03 -1.467612689923601665e-01 -9.196985021209368172e-02 -1.830540583997688264e+00 1.523343223994097571e+02 9.774257229293300542e-01 5.770631154718004474e-01 4.702326403497953500e+00 -1.675582864373437175e-01 -4.920407610251587016e-03 2.171377966831949669e-01 -3.354623650933973522e+00 2.402729562867467195e+00 9.009038408973824019e+00 3.404542926402820058e+01
1.020460807873676049e-04 -1.560661184316740218e+03 -1.377844787236940649e-01 -8.951216388289007231e-02 -1.774562785315812130e+00 1.476930700878888274e+02 9.620540362000207235e-01 5.907334381686859537e-01 4.704550050473573108e+00 -1.478460052755425913e-01 -1.600402215126051075e-02 3.431905970384262483e-01 -3.151906842687623111e+00 2.809151445722579687e+00 8.752055897533693951e+00 2.841490257131096087e+01
1.043852050260463495e-04 -1.560638520849335009e+03 -1.217821388921802722e-01 -8.172968290448251460e-02 -1.989335447617932129e+00 1.109458502194249121e+02 9.408544817828758955e-01 6.018344019000840817e-01 4.706744487822469125e+00 -1.667499317799991942e-01 1.142386334344713816e-03 1.551456099757877738e-01 -1.019971022995264320e+00 2.565196572979266953e+00 8.992304489191415229e+00 3.157940864176211804e+01
